[2026-06-29T21:56:54.062+0000] {processor.py:186} INFO - Started process (PID=78) to work on /home/airflow/.local/lib/python3.12/site-packages/airflow/example_dags/example_local_kubernetes_executor.py
[2026-06-29T21:56:54.064+0000] {processor.py:914} INFO - Processing file /home/airflow/.local/lib/python3.12/site-packages/airflow/example_dags/example_local_kubernetes_executor.py for tasks to queue
[2026-06-29T21:56:54.071+0000] {logging_mixin.py:190} INFO - [2026-06-29T21:56:54.070+0000] {dagbag.py:588} INFO - Filling up the DagBag from /home/airflow/.local/lib/python3.12/site-packages/airflow/example_dags/example_local_kubernetes_executor.py
[2026-06-29T21:56:54.090+0000] {processor.py:925} INFO - DAG(s) 'example_local_kubernetes_executor' retrieved from /home/airflow/.local/lib/python3.12/site-packages/airflow/example_dags/example_local_kubernetes_executor.py
[2026-06-29T21:56:54.270+0000] {logging_mixin.py:190} INFO - [2026-06-29T21:56:54.269+0000] {override.py:1912} INFO - Created Permission View: can edit on DAG:example_local_kubernetes_executor
[2026-06-29T21:56:54.286+0000] {logging_mixin.py:190} INFO - [2026-06-29T21:56:54.285+0000] {override.py:1912} INFO - Created Permission View: can read on DAG:example_local_kubernetes_executor
[2026-06-29T21:56:54.297+0000] {logging_mixin.py:190} INFO - [2026-06-29T21:56:54.296+0000] {override.py:1912} INFO - Created Permission View: can delete on DAG:example_local_kubernetes_executor
[2026-06-29T21:56:54.310+0000] {logging_mixin.py:190} INFO - [2026-06-29T21:56:54.310+0000] {override.py:1912} INFO - Created Permission View: can create on DAG Run:example_local_kubernetes_executor
[2026-06-29T21:56:54.324+0000] {logging_mixin.py:190} INFO - [2026-06-29T21:56:54.323+0000] {override.py:1912} INFO - Created Permission View: can read on DAG Run:example_local_kubernetes_executor
[2026-06-29T21:56:54.336+0000] {logging_mixin.py:190} INFO - [2026-06-29T21:56:54.335+0000] {override.py:1912} INFO - Created Permission View: can delete on DAG Run:example_local_kubernetes_executor
[2026-06-29T21:56:54.347+0000] {logging_mixin.py:190} INFO - [2026-06-29T21:56:54.347+0000] {override.py:1912} INFO - Created Permission View: menu access on DAG Run:example_local_kubernetes_executor
[2026-06-29T21:56:54.354+0000] {logging_mixin.py:190} INFO - [2026-06-29T21:56:54.353+0000] {dag.py:3239} INFO - Sync 1 DAGs
[2026-06-29T21:56:54.373+0000] {logging_mixin.py:190} INFO - [2026-06-29T21:56:54.372+0000] {dag.py:3262} INFO - Creating ORM DAG for example_local_kubernetes_executor
[2026-06-29T21:56:54.374+0000] {logging_mixin.py:190} INFO - [2026-06-29T21:56:54.374+0000] {dag.py:4180} INFO - Setting next_dagrun for example_local_kubernetes_executor to None, run_after=None
[2026-06-29T21:56:54.402+0000] {processor.py:208} INFO - Processing /home/airflow/.local/lib/python3.12/site-packages/airflow/example_dags/example_local_kubernetes_executor.py took 0.351 seconds
[2026-06-29T21:59:01.886+0000] {processor.py:186} INFO - Started process (PID=78) to work on /home/airflow/.local/lib/python3.12/site-packages/airflow/example_dags/example_local_kubernetes_executor.py
[2026-06-29T21:59:01.897+0000] {processor.py:914} INFO - Processing file /home/airflow/.local/lib/python3.12/site-packages/airflow/example_dags/example_local_kubernetes_executor.py for tasks to queue
[2026-06-29T21:59:01.927+0000] {logging_mixin.py:190} INFO - [2026-06-29T21:59:01.927+0000] {dagbag.py:588} INFO - Filling up the DagBag from /home/airflow/.local/lib/python3.12/site-packages/airflow/example_dags/example_local_kubernetes_executor.py
[2026-06-29T21:59:01.956+0000] {processor.py:925} INFO - DAG(s) 'example_local_kubernetes_executor' retrieved from /home/airflow/.local/lib/python3.12/site-packages/airflow/example_dags/example_local_kubernetes_executor.py
[2026-06-29T21:59:02.060+0000] {logging_mixin.py:190} INFO - [2026-06-29T21:59:02.060+0000] {dag.py:3239} INFO - Sync 1 DAGs
[2026-06-29T21:59:02.113+0000] {logging_mixin.py:190} INFO - [2026-06-29T21:59:02.112+0000] {dag.py:4180} INFO - Setting next_dagrun for example_local_kubernetes_executor to None, run_after=None
[2026-06-29T21:59:02.225+0000] {processor.py:208} INFO - Processing /home/airflow/.local/lib/python3.12/site-packages/airflow/example_dags/example_local_kubernetes_executor.py took 0.349 seconds
[2026-06-29T21:59:32.835+0000] {processor.py:186} INFO - Started process (PID=141) to work on /home/airflow/.local/lib/python3.12/site-packages/airflow/example_dags/example_local_kubernetes_executor.py
[2026-06-29T21:59:32.838+0000] {processor.py:914} INFO - Processing file /home/airflow/.local/lib/python3.12/site-packages/airflow/example_dags/example_local_kubernetes_executor.py for tasks to queue
[2026-06-29T21:59:32.844+0000] {logging_mixin.py:190} INFO - [2026-06-29T21:59:32.843+0000] {dagbag.py:588} INFO - Filling up the DagBag from /home/airflow/.local/lib/python3.12/site-packages/airflow/example_dags/example_local_kubernetes_executor.py
[2026-06-29T21:59:32.862+0000] {processor.py:925} INFO - DAG(s) 'example_local_kubernetes_executor' retrieved from /home/airflow/.local/lib/python3.12/site-packages/airflow/example_dags/example_local_kubernetes_executor.py
[2026-06-29T21:59:32.905+0000] {logging_mixin.py:190} INFO - [2026-06-29T21:59:32.905+0000] {dag.py:3239} INFO - Sync 1 DAGs
[2026-06-29T21:59:32.938+0000] {logging_mixin.py:190} INFO - [2026-06-29T21:59:32.938+0000] {dag.py:4180} INFO - Setting next_dagrun for example_local_kubernetes_executor to None, run_after=None
[2026-06-29T21:59:32.994+0000] {processor.py:208} INFO - Processing /home/airflow/.local/lib/python3.12/site-packages/airflow/example_dags/example_local_kubernetes_executor.py took 0.186 seconds
[2026-06-29T22:00:03.776+0000] {processor.py:186} INFO - Started process (PID=204) to work on /home/airflow/.local/lib/python3.12/site-packages/airflow/example_dags/example_local_kubernetes_executor.py
[2026-06-29T22:00:03.778+0000] {processor.py:914} INFO - Processing file /home/airflow/.local/lib/python3.12/site-packages/airflow/example_dags/example_local_kubernetes_executor.py for tasks to queue
[2026-06-29T22:00:03.783+0000] {logging_mixin.py:190} INFO - [2026-06-29T22:00:03.783+0000] {dagbag.py:588} INFO - Filling up the DagBag from /home/airflow/.local/lib/python3.12/site-packages/airflow/example_dags/example_local_kubernetes_executor.py
[2026-06-29T22:00:03.802+0000] {processor.py:925} INFO - DAG(s) 'example_local_kubernetes_executor' retrieved from /home/airflow/.local/lib/python3.12/site-packages/airflow/example_dags/example_local_kubernetes_executor.py
[2026-06-29T22:00:03.878+0000] {logging_mixin.py:190} INFO - [2026-06-29T22:00:03.878+0000] {dag.py:3239} INFO - Sync 1 DAGs
[2026-06-29T22:00:03.904+0000] {logging_mixin.py:190} INFO - [2026-06-29T22:00:03.904+0000] {dag.py:4180} INFO - Setting next_dagrun for example_local_kubernetes_executor to None, run_after=None
[2026-06-29T22:00:03.943+0000] {processor.py:208} INFO - Processing /home/airflow/.local/lib/python3.12/site-packages/airflow/example_dags/example_local_kubernetes_executor.py took 0.177 seconds
[2026-06-29T22:00:34.461+0000] {processor.py:186} INFO - Started process (PID=268) to work on /home/airflow/.local/lib/python3.12/site-packages/airflow/example_dags/example_local_kubernetes_executor.py
[2026-06-29T22:00:34.463+0000] {processor.py:914} INFO - Processing file /home/airflow/.local/lib/python3.12/site-packages/airflow/example_dags/example_local_kubernetes_executor.py for tasks to queue
[2026-06-29T22:00:34.467+0000] {logging_mixin.py:190} INFO - [2026-06-29T22:00:34.466+0000] {dagbag.py:588} INFO - Filling up the DagBag from /home/airflow/.local/lib/python3.12/site-packages/airflow/example_dags/example_local_kubernetes_executor.py
[2026-06-29T22:00:34.483+0000] {processor.py:925} INFO - DAG(s) 'example_local_kubernetes_executor' retrieved from /home/airflow/.local/lib/python3.12/site-packages/airflow/example_dags/example_local_kubernetes_executor.py
[2026-06-29T22:00:34.526+0000] {logging_mixin.py:190} INFO - [2026-06-29T22:00:34.526+0000] {dag.py:3239} INFO - Sync 1 DAGs
[2026-06-29T22:00:34.554+0000] {logging_mixin.py:190} INFO - [2026-06-29T22:00:34.554+0000] {dag.py:4180} INFO - Setting next_dagrun for example_local_kubernetes_executor to None, run_after=None
[2026-06-29T22:00:34.600+0000] {processor.py:208} INFO - Processing /home/airflow/.local/lib/python3.12/site-packages/airflow/example_dags/example_local_kubernetes_executor.py took 0.149 seconds
[2026-06-29T22:01:05.468+0000] {processor.py:186} INFO - Started process (PID=331) to work on /home/airflow/.local/lib/python3.12/site-packages/airflow/example_dags/example_local_kubernetes_executor.py
[2026-06-29T22:01:05.471+0000] {processor.py:914} INFO - Processing file /home/airflow/.local/lib/python3.12/site-packages/airflow/example_dags/example_local_kubernetes_executor.py for tasks to queue
[2026-06-29T22:01:05.478+0000] {logging_mixin.py:190} INFO - [2026-06-29T22:01:05.477+0000] {dagbag.py:588} INFO - Filling up the DagBag from /home/airflow/.local/lib/python3.12/site-packages/airflow/example_dags/example_local_kubernetes_executor.py
[2026-06-29T22:01:05.495+0000] {processor.py:925} INFO - DAG(s) 'example_local_kubernetes_executor' retrieved from /home/airflow/.local/lib/python3.12/site-packages/airflow/example_dags/example_local_kubernetes_executor.py
[2026-06-29T22:01:05.534+0000] {logging_mixin.py:190} INFO - [2026-06-29T22:01:05.534+0000] {dag.py:3239} INFO - Sync 1 DAGs
[2026-06-29T22:01:05.556+0000] {logging_mixin.py:190} INFO - [2026-06-29T22:01:05.556+0000] {dag.py:4180} INFO - Setting next_dagrun for example_local_kubernetes_executor to None, run_after=None
[2026-06-29T22:01:05.590+0000] {processor.py:208} INFO - Processing /home/airflow/.local/lib/python3.12/site-packages/airflow/example_dags/example_local_kubernetes_executor.py took 0.132 seconds
[2026-06-29T22:01:35.863+0000] {processor.py:186} INFO - Started process (PID=394) to work on /home/airflow/.local/lib/python3.12/site-packages/airflow/example_dags/example_local_kubernetes_executor.py
[2026-06-29T22:01:35.867+0000] {processor.py:914} INFO - Processing file /home/airflow/.local/lib/python3.12/site-packages/airflow/example_dags/example_local_kubernetes_executor.py for tasks to queue
[2026-06-29T22:01:35.877+0000] {logging_mixin.py:190} INFO - [2026-06-29T22:01:35.876+0000] {dagbag.py:588} INFO - Filling up the DagBag from /home/airflow/.local/lib/python3.12/site-packages/airflow/example_dags/example_local_kubernetes_executor.py
[2026-06-29T22:01:35.902+0000] {processor.py:925} INFO - DAG(s) 'example_local_kubernetes_executor' retrieved from /home/airflow/.local/lib/python3.12/site-packages/airflow/example_dags/example_local_kubernetes_executor.py
[2026-06-29T22:01:35.969+0000] {logging_mixin.py:190} INFO - [2026-06-29T22:01:35.968+0000] {dag.py:3239} INFO - Sync 1 DAGs
[2026-06-29T22:01:36.003+0000] {logging_mixin.py:190} INFO - [2026-06-29T22:01:36.002+0000] {dag.py:4180} INFO - Setting next_dagrun for example_local_kubernetes_executor to None, run_after=None
[2026-06-29T22:01:36.071+0000] {processor.py:208} INFO - Processing /home/airflow/.local/lib/python3.12/site-packages/airflow/example_dags/example_local_kubernetes_executor.py took 0.232 seconds
[2026-06-29T22:02:07.117+0000] {processor.py:186} INFO - Started process (PID=457) to work on /home/airflow/.local/lib/python3.12/site-packages/airflow/example_dags/example_local_kubernetes_executor.py
[2026-06-29T22:02:07.118+0000] {processor.py:914} INFO - Processing file /home/airflow/.local/lib/python3.12/site-packages/airflow/example_dags/example_local_kubernetes_executor.py for tasks to queue
[2026-06-29T22:02:07.121+0000] {logging_mixin.py:190} INFO - [2026-06-29T22:02:07.121+0000] {dagbag.py:588} INFO - Filling up the DagBag from /home/airflow/.local/lib/python3.12/site-packages/airflow/example_dags/example_local_kubernetes_executor.py
[2026-06-29T22:02:07.133+0000] {processor.py:925} INFO - DAG(s) 'example_local_kubernetes_executor' retrieved from /home/airflow/.local/lib/python3.12/site-packages/airflow/example_dags/example_local_kubernetes_executor.py
[2026-06-29T22:02:07.158+0000] {logging_mixin.py:190} INFO - [2026-06-29T22:02:07.158+0000] {dag.py:3239} INFO - Sync 1 DAGs
[2026-06-29T22:02:07.175+0000] {logging_mixin.py:190} INFO - [2026-06-29T22:02:07.175+0000] {dag.py:4180} INFO - Setting next_dagrun for example_local_kubernetes_executor to None, run_after=None
[2026-06-29T22:02:07.198+0000] {processor.py:208} INFO - Processing /home/airflow/.local/lib/python3.12/site-packages/airflow/example_dags/example_local_kubernetes_executor.py took 0.086 seconds
[2026-06-29T22:02:37.510+0000] {processor.py:186} INFO - Started process (PID=520) to work on /home/airflow/.local/lib/python3.12/site-packages/airflow/example_dags/example_local_kubernetes_executor.py
[2026-06-29T22:02:37.520+0000] {processor.py:914} INFO - Processing file /home/airflow/.local/lib/python3.12/site-packages/airflow/example_dags/example_local_kubernetes_executor.py for tasks to queue
[2026-06-29T22:02:37.528+0000] {logging_mixin.py:190} INFO - [2026-06-29T22:02:37.527+0000] {dagbag.py:588} INFO - Filling up the DagBag from /home/airflow/.local/lib/python3.12/site-packages/airflow/example_dags/example_local_kubernetes_executor.py
[2026-06-29T22:02:37.580+0000] {processor.py:925} INFO - DAG(s) 'example_local_kubernetes_executor' retrieved from /home/airflow/.local/lib/python3.12/site-packages/airflow/example_dags/example_local_kubernetes_executor.py
[2026-06-29T22:02:37.765+0000] {logging_mixin.py:190} INFO - [2026-06-29T22:02:37.756+0000] {dag.py:3239} INFO - Sync 1 DAGs
[2026-06-29T22:02:37.958+0000] {logging_mixin.py:190} INFO - [2026-06-29T22:02:37.957+0000] {dag.py:4180} INFO - Setting next_dagrun for example_local_kubernetes_executor to None, run_after=None
[2026-06-29T22:02:38.184+0000] {processor.py:208} INFO - Processing /home/airflow/.local/lib/python3.12/site-packages/airflow/example_dags/example_local_kubernetes_executor.py took 0.697 seconds
[2026-06-29T22:03:09.086+0000] {processor.py:186} INFO - Started process (PID=583) to work on /home/airflow/.local/lib/python3.12/site-packages/airflow/example_dags/example_local_kubernetes_executor.py
[2026-06-29T22:03:09.087+0000] {processor.py:914} INFO - Processing file /home/airflow/.local/lib/python3.12/site-packages/airflow/example_dags/example_local_kubernetes_executor.py for tasks to queue
[2026-06-29T22:03:09.090+0000] {logging_mixin.py:190} INFO - [2026-06-29T22:03:09.089+0000] {dagbag.py:588} INFO - Filling up the DagBag from /home/airflow/.local/lib/python3.12/site-packages/airflow/example_dags/example_local_kubernetes_executor.py
[2026-06-29T22:03:09.103+0000] {processor.py:925} INFO - DAG(s) 'example_local_kubernetes_executor' retrieved from /home/airflow/.local/lib/python3.12/site-packages/airflow/example_dags/example_local_kubernetes_executor.py
[2026-06-29T22:03:09.128+0000] {logging_mixin.py:190} INFO - [2026-06-29T22:03:09.127+0000] {dag.py:3239} INFO - Sync 1 DAGs
[2026-06-29T22:03:09.143+0000] {logging_mixin.py:190} INFO - [2026-06-29T22:03:09.143+0000] {dag.py:4180} INFO - Setting next_dagrun for example_local_kubernetes_executor to None, run_after=None
[2026-06-29T22:03:09.165+0000] {processor.py:208} INFO - Processing /home/airflow/.local/lib/python3.12/site-packages/airflow/example_dags/example_local_kubernetes_executor.py took 0.085 seconds
[2026-06-29T22:03:39.942+0000] {processor.py:186} INFO - Started process (PID=645) to work on /home/airflow/.local/lib/python3.12/site-packages/airflow/example_dags/example_local_kubernetes_executor.py
[2026-06-29T22:03:39.945+0000] {processor.py:914} INFO - Processing file /home/airflow/.local/lib/python3.12/site-packages/airflow/example_dags/example_local_kubernetes_executor.py for tasks to queue
[2026-06-29T22:03:39.950+0000] {logging_mixin.py:190} INFO - [2026-06-29T22:03:39.949+0000] {dagbag.py:588} INFO - Filling up the DagBag from /home/airflow/.local/lib/python3.12/site-packages/airflow/example_dags/example_local_kubernetes_executor.py
[2026-06-29T22:03:39.966+0000] {processor.py:925} INFO - DAG(s) 'example_local_kubernetes_executor' retrieved from /home/airflow/.local/lib/python3.12/site-packages/airflow/example_dags/example_local_kubernetes_executor.py
[2026-06-29T22:03:40.008+0000] {logging_mixin.py:190} INFO - [2026-06-29T22:03:40.007+0000] {dag.py:3239} INFO - Sync 1 DAGs
[2026-06-29T22:03:40.036+0000] {logging_mixin.py:190} INFO - [2026-06-29T22:03:40.036+0000] {dag.py:4180} INFO - Setting next_dagrun for example_local_kubernetes_executor to None, run_after=None
[2026-06-29T22:03:40.076+0000] {processor.py:208} INFO - Processing /home/airflow/.local/lib/python3.12/site-packages/airflow/example_dags/example_local_kubernetes_executor.py took 0.144 seconds
[2026-06-29T22:04:10.753+0000] {processor.py:186} INFO - Started process (PID=709) to work on /home/airflow/.local/lib/python3.12/site-packages/airflow/example_dags/example_local_kubernetes_executor.py
[2026-06-29T22:04:10.755+0000] {processor.py:914} INFO - Processing file /home/airflow/.local/lib/python3.12/site-packages/airflow/example_dags/example_local_kubernetes_executor.py for tasks to queue
[2026-06-29T22:04:10.759+0000] {logging_mixin.py:190} INFO - [2026-06-29T22:04:10.758+0000] {dagbag.py:588} INFO - Filling up the DagBag from /home/airflow/.local/lib/python3.12/site-packages/airflow/example_dags/example_local_kubernetes_executor.py
[2026-06-29T22:04:10.782+0000] {processor.py:925} INFO - DAG(s) 'example_local_kubernetes_executor' retrieved from /home/airflow/.local/lib/python3.12/site-packages/airflow/example_dags/example_local_kubernetes_executor.py
[2026-06-29T22:04:10.819+0000] {logging_mixin.py:190} INFO - [2026-06-29T22:04:10.819+0000] {dag.py:3239} INFO - Sync 1 DAGs
[2026-06-29T22:04:10.837+0000] {logging_mixin.py:190} INFO - [2026-06-29T22:04:10.837+0000] {dag.py:4180} INFO - Setting next_dagrun for example_local_kubernetes_executor to None, run_after=None
[2026-06-29T22:04:10.866+0000] {processor.py:208} INFO - Processing /home/airflow/.local/lib/python3.12/site-packages/airflow/example_dags/example_local_kubernetes_executor.py took 0.138 seconds
[2026-06-29T22:04:48.237+0000] {processor.py:186} INFO - Started process (PID=772) to work on /home/airflow/.local/lib/python3.12/site-packages/airflow/example_dags/example_local_kubernetes_executor.py
[2026-06-29T22:04:48.242+0000] {processor.py:914} INFO - Processing file /home/airflow/.local/lib/python3.12/site-packages/airflow/example_dags/example_local_kubernetes_executor.py for tasks to queue
[2026-06-29T22:04:48.254+0000] {logging_mixin.py:190} INFO - [2026-06-29T22:04:48.253+0000] {dagbag.py:588} INFO - Filling up the DagBag from /home/airflow/.local/lib/python3.12/site-packages/airflow/example_dags/example_local_kubernetes_executor.py
[2026-06-29T22:04:48.273+0000] {processor.py:925} INFO - DAG(s) 'example_local_kubernetes_executor' retrieved from /home/airflow/.local/lib/python3.12/site-packages/airflow/example_dags/example_local_kubernetes_executor.py
[2026-06-29T22:04:48.343+0000] {logging_mixin.py:190} INFO - [2026-06-29T22:04:48.342+0000] {dag.py:3239} INFO - Sync 1 DAGs
[2026-06-29T22:04:48.373+0000] {logging_mixin.py:190} INFO - [2026-06-29T22:04:48.373+0000] {dag.py:4180} INFO - Setting next_dagrun for example_local_kubernetes_executor to None, run_after=None
[2026-06-29T22:04:48.456+0000] {processor.py:208} INFO - Processing /home/airflow/.local/lib/python3.12/site-packages/airflow/example_dags/example_local_kubernetes_executor.py took 0.232 seconds
[2026-06-29T22:05:18.568+0000] {processor.py:186} INFO - Started process (PID=836) to work on /home/airflow/.local/lib/python3.12/site-packages/airflow/example_dags/example_local_kubernetes_executor.py
[2026-06-29T22:05:18.569+0000] {processor.py:914} INFO - Processing file /home/airflow/.local/lib/python3.12/site-packages/airflow/example_dags/example_local_kubernetes_executor.py for tasks to queue
[2026-06-29T22:05:18.573+0000] {logging_mixin.py:190} INFO - [2026-06-29T22:05:18.572+0000] {dagbag.py:588} INFO - Filling up the DagBag from /home/airflow/.local/lib/python3.12/site-packages/airflow/example_dags/example_local_kubernetes_executor.py
[2026-06-29T22:05:18.583+0000] {processor.py:925} INFO - DAG(s) 'example_local_kubernetes_executor' retrieved from /home/airflow/.local/lib/python3.12/site-packages/airflow/example_dags/example_local_kubernetes_executor.py
[2026-06-29T22:05:18.607+0000] {logging_mixin.py:190} INFO - [2026-06-29T22:05:18.607+0000] {dag.py:3239} INFO - Sync 1 DAGs
[2026-06-29T22:05:18.621+0000] {logging_mixin.py:190} INFO - [2026-06-29T22:05:18.621+0000] {dag.py:4180} INFO - Setting next_dagrun for example_local_kubernetes_executor to None, run_after=None
[2026-06-29T22:05:18.640+0000] {processor.py:208} INFO - Processing /home/airflow/.local/lib/python3.12/site-packages/airflow/example_dags/example_local_kubernetes_executor.py took 0.080 seconds
[2026-06-29T22:05:49.363+0000] {processor.py:186} INFO - Started process (PID=899) to work on /home/airflow/.local/lib/python3.12/site-packages/airflow/example_dags/example_local_kubernetes_executor.py
[2026-06-29T22:05:49.365+0000] {processor.py:914} INFO - Processing file /home/airflow/.local/lib/python3.12/site-packages/airflow/example_dags/example_local_kubernetes_executor.py for tasks to queue
[2026-06-29T22:05:49.368+0000] {logging_mixin.py:190} INFO - [2026-06-29T22:05:49.368+0000] {dagbag.py:588} INFO - Filling up the DagBag from /home/airflow/.local/lib/python3.12/site-packages/airflow/example_dags/example_local_kubernetes_executor.py
[2026-06-29T22:05:49.380+0000] {processor.py:925} INFO - DAG(s) 'example_local_kubernetes_executor' retrieved from /home/airflow/.local/lib/python3.12/site-packages/airflow/example_dags/example_local_kubernetes_executor.py
[2026-06-29T22:05:49.406+0000] {logging_mixin.py:190} INFO - [2026-06-29T22:05:49.405+0000] {dag.py:3239} INFO - Sync 1 DAGs
[2026-06-29T22:05:49.423+0000] {logging_mixin.py:190} INFO - [2026-06-29T22:05:49.422+0000] {dag.py:4180} INFO - Setting next_dagrun for example_local_kubernetes_executor to None, run_after=None
[2026-06-29T22:05:49.447+0000] {processor.py:208} INFO - Processing /home/airflow/.local/lib/python3.12/site-packages/airflow/example_dags/example_local_kubernetes_executor.py took 0.090 seconds
[2026-06-29T22:08:17.950+0000] {processor.py:186} INFO - Started process (PID=86) to work on /home/airflow/.local/lib/python3.12/site-packages/airflow/example_dags/example_local_kubernetes_executor.py
[2026-06-29T22:08:17.955+0000] {processor.py:914} INFO - Processing file /home/airflow/.local/lib/python3.12/site-packages/airflow/example_dags/example_local_kubernetes_executor.py for tasks to queue
[2026-06-29T22:08:17.961+0000] {logging_mixin.py:190} INFO - [2026-06-29T22:08:17.961+0000] {dagbag.py:588} INFO - Filling up the DagBag from /home/airflow/.local/lib/python3.12/site-packages/airflow/example_dags/example_local_kubernetes_executor.py
[2026-06-29T22:08:17.978+0000] {processor.py:925} INFO - DAG(s) 'example_local_kubernetes_executor' retrieved from /home/airflow/.local/lib/python3.12/site-packages/airflow/example_dags/example_local_kubernetes_executor.py
[2026-06-29T22:08:18.081+0000] {logging_mixin.py:190} INFO - [2026-06-29T22:08:18.080+0000] {dag.py:3239} INFO - Sync 1 DAGs
[2026-06-29T22:08:18.153+0000] {logging_mixin.py:190} INFO - [2026-06-29T22:08:18.153+0000] {dag.py:4180} INFO - Setting next_dagrun for example_local_kubernetes_executor to None, run_after=None
[2026-06-29T22:08:18.215+0000] {processor.py:208} INFO - Processing /home/airflow/.local/lib/python3.12/site-packages/airflow/example_dags/example_local_kubernetes_executor.py took 0.275 seconds
[2026-06-29T22:08:50.469+0000] {processor.py:186} INFO - Started process (PID=150) to work on /home/airflow/.local/lib/python3.12/site-packages/airflow/example_dags/example_local_kubernetes_executor.py
[2026-06-29T22:08:50.482+0000] {processor.py:914} INFO - Processing file /home/airflow/.local/lib/python3.12/site-packages/airflow/example_dags/example_local_kubernetes_executor.py for tasks to queue
[2026-06-29T22:08:50.514+0000] {logging_mixin.py:190} INFO - [2026-06-29T22:08:50.513+0000] {dagbag.py:588} INFO - Filling up the DagBag from /home/airflow/.local/lib/python3.12/site-packages/airflow/example_dags/example_local_kubernetes_executor.py
[2026-06-29T22:08:50.548+0000] {processor.py:925} INFO - DAG(s) 'example_local_kubernetes_executor' retrieved from /home/airflow/.local/lib/python3.12/site-packages/airflow/example_dags/example_local_kubernetes_executor.py
[2026-06-29T22:08:50.897+0000] {logging_mixin.py:190} INFO - [2026-06-29T22:08:50.895+0000] {dag.py:3239} INFO - Sync 1 DAGs
[2026-06-29T22:08:50.954+0000] {logging_mixin.py:190} INFO - [2026-06-29T22:08:50.954+0000] {dag.py:4180} INFO - Setting next_dagrun for example_local_kubernetes_executor to None, run_after=None
[2026-06-29T22:08:51.142+0000] {processor.py:208} INFO - Processing /home/airflow/.local/lib/python3.12/site-packages/airflow/example_dags/example_local_kubernetes_executor.py took 0.688 seconds
[2026-06-29T22:09:21.651+0000] {processor.py:186} INFO - Started process (PID=214) to work on /home/airflow/.local/lib/python3.12/site-packages/airflow/example_dags/example_local_kubernetes_executor.py
[2026-06-29T22:09:21.655+0000] {processor.py:914} INFO - Processing file /home/airflow/.local/lib/python3.12/site-packages/airflow/example_dags/example_local_kubernetes_executor.py for tasks to queue
[2026-06-29T22:09:21.668+0000] {logging_mixin.py:190} INFO - [2026-06-29T22:09:21.666+0000] {dagbag.py:588} INFO - Filling up the DagBag from /home/airflow/.local/lib/python3.12/site-packages/airflow/example_dags/example_local_kubernetes_executor.py
[2026-06-29T22:09:21.710+0000] {processor.py:925} INFO - DAG(s) 'example_local_kubernetes_executor' retrieved from /home/airflow/.local/lib/python3.12/site-packages/airflow/example_dags/example_local_kubernetes_executor.py
[2026-06-29T22:09:21.784+0000] {logging_mixin.py:190} INFO - [2026-06-29T22:09:21.784+0000] {dag.py:3239} INFO - Sync 1 DAGs
[2026-06-29T22:09:21.827+0000] {logging_mixin.py:190} INFO - [2026-06-29T22:09:21.827+0000] {dag.py:4180} INFO - Setting next_dagrun for example_local_kubernetes_executor to None, run_after=None
[2026-06-29T22:09:21.891+0000] {processor.py:208} INFO - Processing /home/airflow/.local/lib/python3.12/site-packages/airflow/example_dags/example_local_kubernetes_executor.py took 0.261 seconds
[2026-06-29T22:09:52.765+0000] {processor.py:186} INFO - Started process (PID=278) to work on /home/airflow/.local/lib/python3.12/site-packages/airflow/example_dags/example_local_kubernetes_executor.py
[2026-06-29T22:09:52.772+0000] {processor.py:914} INFO - Processing file /home/airflow/.local/lib/python3.12/site-packages/airflow/example_dags/example_local_kubernetes_executor.py for tasks to queue
[2026-06-29T22:09:52.785+0000] {logging_mixin.py:190} INFO - [2026-06-29T22:09:52.784+0000] {dagbag.py:588} INFO - Filling up the DagBag from /home/airflow/.local/lib/python3.12/site-packages/airflow/example_dags/example_local_kubernetes_executor.py
[2026-06-29T22:09:52.828+0000] {processor.py:925} INFO - DAG(s) 'example_local_kubernetes_executor' retrieved from /home/airflow/.local/lib/python3.12/site-packages/airflow/example_dags/example_local_kubernetes_executor.py
[2026-06-29T22:09:52.916+0000] {logging_mixin.py:190} INFO - [2026-06-29T22:09:52.915+0000] {dag.py:3239} INFO - Sync 1 DAGs
[2026-06-29T22:09:53.009+0000] {logging_mixin.py:190} INFO - [2026-06-29T22:09:53.008+0000] {dag.py:4180} INFO - Setting next_dagrun for example_local_kubernetes_executor to None, run_after=None
[2026-06-29T22:09:53.113+0000] {processor.py:208} INFO - Processing /home/airflow/.local/lib/python3.12/site-packages/airflow/example_dags/example_local_kubernetes_executor.py took 0.373 seconds
[2026-06-29T22:10:23.288+0000] {processor.py:186} INFO - Started process (PID=342) to work on /home/airflow/.local/lib/python3.12/site-packages/airflow/example_dags/example_local_kubernetes_executor.py
[2026-06-29T22:10:23.291+0000] {processor.py:914} INFO - Processing file /home/airflow/.local/lib/python3.12/site-packages/airflow/example_dags/example_local_kubernetes_executor.py for tasks to queue
[2026-06-29T22:10:23.298+0000] {logging_mixin.py:190} INFO - [2026-06-29T22:10:23.298+0000] {dagbag.py:588} INFO - Filling up the DagBag from /home/airflow/.local/lib/python3.12/site-packages/airflow/example_dags/example_local_kubernetes_executor.py
[2026-06-29T22:10:23.317+0000] {processor.py:925} INFO - DAG(s) 'example_local_kubernetes_executor' retrieved from /home/airflow/.local/lib/python3.12/site-packages/airflow/example_dags/example_local_kubernetes_executor.py
[2026-06-29T22:10:23.353+0000] {logging_mixin.py:190} INFO - [2026-06-29T22:10:23.353+0000] {dag.py:3239} INFO - Sync 1 DAGs
[2026-06-29T22:10:23.383+0000] {logging_mixin.py:190} INFO - [2026-06-29T22:10:23.382+0000] {dag.py:4180} INFO - Setting next_dagrun for example_local_kubernetes_executor to None, run_after=None
[2026-06-29T22:10:23.443+0000] {processor.py:208} INFO - Processing /home/airflow/.local/lib/python3.12/site-packages/airflow/example_dags/example_local_kubernetes_executor.py took 0.171 seconds
[2026-06-29T22:10:54.492+0000] {processor.py:186} INFO - Started process (PID=407) to work on /home/airflow/.local/lib/python3.12/site-packages/airflow/example_dags/example_local_kubernetes_executor.py
[2026-06-29T22:10:54.497+0000] {processor.py:914} INFO - Processing file /home/airflow/.local/lib/python3.12/site-packages/airflow/example_dags/example_local_kubernetes_executor.py for tasks to queue
[2026-06-29T22:10:54.508+0000] {logging_mixin.py:190} INFO - [2026-06-29T22:10:54.506+0000] {dagbag.py:588} INFO - Filling up the DagBag from /home/airflow/.local/lib/python3.12/site-packages/airflow/example_dags/example_local_kubernetes_executor.py
[2026-06-29T22:10:54.547+0000] {processor.py:925} INFO - DAG(s) 'example_local_kubernetes_executor' retrieved from /home/airflow/.local/lib/python3.12/site-packages/airflow/example_dags/example_local_kubernetes_executor.py
[2026-06-29T22:10:54.624+0000] {logging_mixin.py:190} INFO - [2026-06-29T22:10:54.624+0000] {dag.py:3239} INFO - Sync 1 DAGs
[2026-06-29T22:10:54.661+0000] {logging_mixin.py:190} INFO - [2026-06-29T22:10:54.661+0000] {dag.py:4180} INFO - Setting next_dagrun for example_local_kubernetes_executor to None, run_after=None
[2026-06-29T22:10:54.707+0000] {processor.py:208} INFO - Processing /home/airflow/.local/lib/python3.12/site-packages/airflow/example_dags/example_local_kubernetes_executor.py took 0.237 seconds
[2026-06-29T22:11:25.168+0000] {processor.py:186} INFO - Started process (PID=471) to work on /home/airflow/.local/lib/python3.12/site-packages/airflow/example_dags/example_local_kubernetes_executor.py
[2026-06-29T22:11:25.171+0000] {processor.py:914} INFO - Processing file /home/airflow/.local/lib/python3.12/site-packages/airflow/example_dags/example_local_kubernetes_executor.py for tasks to queue
[2026-06-29T22:11:25.176+0000] {logging_mixin.py:190} INFO - [2026-06-29T22:11:25.175+0000] {dagbag.py:588} INFO - Filling up the DagBag from /home/airflow/.local/lib/python3.12/site-packages/airflow/example_dags/example_local_kubernetes_executor.py
[2026-06-29T22:11:25.193+0000] {processor.py:925} INFO - DAG(s) 'example_local_kubernetes_executor' retrieved from /home/airflow/.local/lib/python3.12/site-packages/airflow/example_dags/example_local_kubernetes_executor.py
[2026-06-29T22:11:25.253+0000] {logging_mixin.py:190} INFO - [2026-06-29T22:11:25.252+0000] {dag.py:3239} INFO - Sync 1 DAGs
[2026-06-29T22:11:25.278+0000] {logging_mixin.py:190} INFO - [2026-06-29T22:11:25.278+0000] {dag.py:4180} INFO - Setting next_dagrun for example_local_kubernetes_executor to None, run_after=None
[2026-06-29T22:11:25.324+0000] {processor.py:208} INFO - Processing /home/airflow/.local/lib/python3.12/site-packages/airflow/example_dags/example_local_kubernetes_executor.py took 0.171 seconds
[2026-06-29T22:11:56.816+0000] {processor.py:186} INFO - Started process (PID=535) to work on /home/airflow/.local/lib/python3.12/site-packages/airflow/example_dags/example_local_kubernetes_executor.py
[2026-06-29T22:11:56.820+0000] {processor.py:914} INFO - Processing file /home/airflow/.local/lib/python3.12/site-packages/airflow/example_dags/example_local_kubernetes_executor.py for tasks to queue
[2026-06-29T22:11:56.826+0000] {logging_mixin.py:190} INFO - [2026-06-29T22:11:56.825+0000] {dagbag.py:588} INFO - Filling up the DagBag from /home/airflow/.local/lib/python3.12/site-packages/airflow/example_dags/example_local_kubernetes_executor.py
[2026-06-29T22:11:56.844+0000] {processor.py:925} INFO - DAG(s) 'example_local_kubernetes_executor' retrieved from /home/airflow/.local/lib/python3.12/site-packages/airflow/example_dags/example_local_kubernetes_executor.py
[2026-06-29T22:11:56.881+0000] {logging_mixin.py:190} INFO - [2026-06-29T22:11:56.881+0000] {dag.py:3239} INFO - Sync 1 DAGs
[2026-06-29T22:11:56.913+0000] {logging_mixin.py:190} INFO - [2026-06-29T22:11:56.913+0000] {dag.py:4180} INFO - Setting next_dagrun for example_local_kubernetes_executor to None, run_after=None
[2026-06-29T22:11:56.948+0000] {processor.py:208} INFO - Processing /home/airflow/.local/lib/python3.12/site-packages/airflow/example_dags/example_local_kubernetes_executor.py took 0.139 seconds
[2026-06-29T22:12:31.367+0000] {processor.py:186} INFO - Started process (PID=597) to work on /home/airflow/.local/lib/python3.12/site-packages/airflow/example_dags/example_local_kubernetes_executor.py
[2026-06-29T22:12:31.375+0000] {processor.py:914} INFO - Processing file /home/airflow/.local/lib/python3.12/site-packages/airflow/example_dags/example_local_kubernetes_executor.py for tasks to queue
[2026-06-29T22:12:31.393+0000] {logging_mixin.py:190} INFO - [2026-06-29T22:12:31.392+0000] {dagbag.py:588} INFO - Filling up the DagBag from /home/airflow/.local/lib/python3.12/site-packages/airflow/example_dags/example_local_kubernetes_executor.py
[2026-06-29T22:12:31.430+0000] {processor.py:925} INFO - DAG(s) 'example_local_kubernetes_executor' retrieved from /home/airflow/.local/lib/python3.12/site-packages/airflow/example_dags/example_local_kubernetes_executor.py
[2026-06-29T22:12:31.622+0000] {logging_mixin.py:190} INFO - [2026-06-29T22:12:31.621+0000] {dag.py:3239} INFO - Sync 1 DAGs
[2026-06-29T22:12:31.688+0000] {logging_mixin.py:190} INFO - [2026-06-29T22:12:31.688+0000] {dag.py:4180} INFO - Setting next_dagrun for example_local_kubernetes_executor to None, run_after=None
[2026-06-29T22:12:31.756+0000] {processor.py:208} INFO - Processing /home/airflow/.local/lib/python3.12/site-packages/airflow/example_dags/example_local_kubernetes_executor.py took 0.408 seconds
[2026-06-29T22:13:01.854+0000] {processor.py:186} INFO - Started process (PID=661) to work on /home/airflow/.local/lib/python3.12/site-packages/airflow/example_dags/example_local_kubernetes_executor.py
[2026-06-29T22:13:01.855+0000] {processor.py:914} INFO - Processing file /home/airflow/.local/lib/python3.12/site-packages/airflow/example_dags/example_local_kubernetes_executor.py for tasks to queue
[2026-06-29T22:13:01.858+0000] {logging_mixin.py:190} INFO - [2026-06-29T22:13:01.858+0000] {dagbag.py:588} INFO - Filling up the DagBag from /home/airflow/.local/lib/python3.12/site-packages/airflow/example_dags/example_local_kubernetes_executor.py
[2026-06-29T22:13:01.872+0000] {processor.py:925} INFO - DAG(s) 'example_local_kubernetes_executor' retrieved from /home/airflow/.local/lib/python3.12/site-packages/airflow/example_dags/example_local_kubernetes_executor.py
[2026-06-29T22:13:01.898+0000] {logging_mixin.py:190} INFO - [2026-06-29T22:13:01.898+0000] {dag.py:3239} INFO - Sync 1 DAGs
[2026-06-29T22:13:01.913+0000] {logging_mixin.py:190} INFO - [2026-06-29T22:13:01.913+0000] {dag.py:4180} INFO - Setting next_dagrun for example_local_kubernetes_executor to None, run_after=None
[2026-06-29T22:13:01.938+0000] {processor.py:208} INFO - Processing /home/airflow/.local/lib/python3.12/site-packages/airflow/example_dags/example_local_kubernetes_executor.py took 0.092 seconds
[2026-06-29T22:13:34.835+0000] {processor.py:186} INFO - Started process (PID=725) to work on /home/airflow/.local/lib/python3.12/site-packages/airflow/example_dags/example_local_kubernetes_executor.py
[2026-06-29T22:13:34.839+0000] {processor.py:914} INFO - Processing file /home/airflow/.local/lib/python3.12/site-packages/airflow/example_dags/example_local_kubernetes_executor.py for tasks to queue
[2026-06-29T22:13:34.852+0000] {logging_mixin.py:190} INFO - [2026-06-29T22:13:34.851+0000] {dagbag.py:588} INFO - Filling up the DagBag from /home/airflow/.local/lib/python3.12/site-packages/airflow/example_dags/example_local_kubernetes_executor.py
[2026-06-29T22:13:34.892+0000] {processor.py:925} INFO - DAG(s) 'example_local_kubernetes_executor' retrieved from /home/airflow/.local/lib/python3.12/site-packages/airflow/example_dags/example_local_kubernetes_executor.py
[2026-06-29T22:13:34.983+0000] {logging_mixin.py:190} INFO - [2026-06-29T22:13:34.981+0000] {dag.py:3239} INFO - Sync 1 DAGs
[2026-06-29T22:13:35.036+0000] {logging_mixin.py:190} INFO - [2026-06-29T22:13:35.035+0000] {dag.py:4180} INFO - Setting next_dagrun for example_local_kubernetes_executor to None, run_after=None
[2026-06-29T22:13:35.108+0000] {processor.py:208} INFO - Processing /home/airflow/.local/lib/python3.12/site-packages/airflow/example_dags/example_local_kubernetes_executor.py took 0.292 seconds
[2026-06-29T22:14:05.593+0000] {processor.py:186} INFO - Started process (PID=790) to work on /home/airflow/.local/lib/python3.12/site-packages/airflow/example_dags/example_local_kubernetes_executor.py
[2026-06-29T22:14:05.596+0000] {processor.py:914} INFO - Processing file /home/airflow/.local/lib/python3.12/site-packages/airflow/example_dags/example_local_kubernetes_executor.py for tasks to queue
[2026-06-29T22:14:05.604+0000] {logging_mixin.py:190} INFO - [2026-06-29T22:14:05.602+0000] {dagbag.py:588} INFO - Filling up the DagBag from /home/airflow/.local/lib/python3.12/site-packages/airflow/example_dags/example_local_kubernetes_executor.py
[2026-06-29T22:14:05.631+0000] {processor.py:925} INFO - DAG(s) 'example_local_kubernetes_executor' retrieved from /home/airflow/.local/lib/python3.12/site-packages/airflow/example_dags/example_local_kubernetes_executor.py
[2026-06-29T22:14:05.683+0000] {logging_mixin.py:190} INFO - [2026-06-29T22:14:05.682+0000] {dag.py:3239} INFO - Sync 1 DAGs
[2026-06-29T22:14:05.717+0000] {logging_mixin.py:190} INFO - [2026-06-29T22:14:05.716+0000] {dag.py:4180} INFO - Setting next_dagrun for example_local_kubernetes_executor to None, run_after=None
[2026-06-29T22:14:05.764+0000] {processor.py:208} INFO - Processing /home/airflow/.local/lib/python3.12/site-packages/airflow/example_dags/example_local_kubernetes_executor.py took 0.182 seconds
[2026-06-29T22:14:36.341+0000] {processor.py:186} INFO - Started process (PID=853) to work on /home/airflow/.local/lib/python3.12/site-packages/airflow/example_dags/example_local_kubernetes_executor.py
[2026-06-29T22:14:36.344+0000] {processor.py:914} INFO - Processing file /home/airflow/.local/lib/python3.12/site-packages/airflow/example_dags/example_local_kubernetes_executor.py for tasks to queue
[2026-06-29T22:14:36.353+0000] {logging_mixin.py:190} INFO - [2026-06-29T22:14:36.351+0000] {dagbag.py:588} INFO - Filling up the DagBag from /home/airflow/.local/lib/python3.12/site-packages/airflow/example_dags/example_local_kubernetes_executor.py
[2026-06-29T22:14:36.377+0000] {processor.py:925} INFO - DAG(s) 'example_local_kubernetes_executor' retrieved from /home/airflow/.local/lib/python3.12/site-packages/airflow/example_dags/example_local_kubernetes_executor.py
[2026-06-29T22:14:36.438+0000] {logging_mixin.py:190} INFO - [2026-06-29T22:14:36.438+0000] {dag.py:3239} INFO - Sync 1 DAGs
[2026-06-29T22:14:36.462+0000] {logging_mixin.py:190} INFO - [2026-06-29T22:14:36.462+0000] {dag.py:4180} INFO - Setting next_dagrun for example_local_kubernetes_executor to None, run_after=None
[2026-06-29T22:14:36.525+0000] {processor.py:208} INFO - Processing /home/airflow/.local/lib/python3.12/site-packages/airflow/example_dags/example_local_kubernetes_executor.py took 0.200 seconds
[2026-06-29T22:15:06.709+0000] {processor.py:186} INFO - Started process (PID=916) to work on /home/airflow/.local/lib/python3.12/site-packages/airflow/example_dags/example_local_kubernetes_executor.py
[2026-06-29T22:15:06.710+0000] {processor.py:914} INFO - Processing file /home/airflow/.local/lib/python3.12/site-packages/airflow/example_dags/example_local_kubernetes_executor.py for tasks to queue
[2026-06-29T22:15:06.713+0000] {logging_mixin.py:190} INFO - [2026-06-29T22:15:06.713+0000] {dagbag.py:588} INFO - Filling up the DagBag from /home/airflow/.local/lib/python3.12/site-packages/airflow/example_dags/example_local_kubernetes_executor.py
[2026-06-29T22:15:06.725+0000] {processor.py:925} INFO - DAG(s) 'example_local_kubernetes_executor' retrieved from /home/airflow/.local/lib/python3.12/site-packages/airflow/example_dags/example_local_kubernetes_executor.py
[2026-06-29T22:15:06.749+0000] {logging_mixin.py:190} INFO - [2026-06-29T22:15:06.749+0000] {dag.py:3239} INFO - Sync 1 DAGs
[2026-06-29T22:15:06.764+0000] {logging_mixin.py:190} INFO - [2026-06-29T22:15:06.764+0000] {dag.py:4180} INFO - Setting next_dagrun for example_local_kubernetes_executor to None, run_after=None
[2026-06-29T22:15:06.789+0000] {processor.py:208} INFO - Processing /home/airflow/.local/lib/python3.12/site-packages/airflow/example_dags/example_local_kubernetes_executor.py took 0.088 seconds
[2026-06-29T22:15:37.108+0000] {processor.py:186} INFO - Started process (PID=980) to work on /home/airflow/.local/lib/python3.12/site-packages/airflow/example_dags/example_local_kubernetes_executor.py
[2026-06-29T22:15:37.111+0000] {processor.py:914} INFO - Processing file /home/airflow/.local/lib/python3.12/site-packages/airflow/example_dags/example_local_kubernetes_executor.py for tasks to queue
[2026-06-29T22:15:37.117+0000] {logging_mixin.py:190} INFO - [2026-06-29T22:15:37.116+0000] {dagbag.py:588} INFO - Filling up the DagBag from /home/airflow/.local/lib/python3.12/site-packages/airflow/example_dags/example_local_kubernetes_executor.py
[2026-06-29T22:15:37.144+0000] {processor.py:925} INFO - DAG(s) 'example_local_kubernetes_executor' retrieved from /home/airflow/.local/lib/python3.12/site-packages/airflow/example_dags/example_local_kubernetes_executor.py
[2026-06-29T22:15:37.183+0000] {logging_mixin.py:190} INFO - [2026-06-29T22:15:37.182+0000] {dag.py:3239} INFO - Sync 1 DAGs
[2026-06-29T22:15:37.210+0000] {logging_mixin.py:190} INFO - [2026-06-29T22:15:37.210+0000] {dag.py:4180} INFO - Setting next_dagrun for example_local_kubernetes_executor to None, run_after=None
[2026-06-29T22:15:37.242+0000] {processor.py:208} INFO - Processing /home/airflow/.local/lib/python3.12/site-packages/airflow/example_dags/example_local_kubernetes_executor.py took 0.146 seconds
[2026-06-29T22:16:07.426+0000] {processor.py:186} INFO - Started process (PID=1044) to work on /home/airflow/.local/lib/python3.12/site-packages/airflow/example_dags/example_local_kubernetes_executor.py
[2026-06-29T22:16:07.428+0000] {processor.py:914} INFO - Processing file /home/airflow/.local/lib/python3.12/site-packages/airflow/example_dags/example_local_kubernetes_executor.py for tasks to queue
[2026-06-29T22:16:07.432+0000] {logging_mixin.py:190} INFO - [2026-06-29T22:16:07.431+0000] {dagbag.py:588} INFO - Filling up the DagBag from /home/airflow/.local/lib/python3.12/site-packages/airflow/example_dags/example_local_kubernetes_executor.py
[2026-06-29T22:16:07.448+0000] {processor.py:925} INFO - DAG(s) 'example_local_kubernetes_executor' retrieved from /home/airflow/.local/lib/python3.12/site-packages/airflow/example_dags/example_local_kubernetes_executor.py
[2026-06-29T22:16:07.481+0000] {logging_mixin.py:190} INFO - [2026-06-29T22:16:07.480+0000] {dag.py:3239} INFO - Sync 1 DAGs
[2026-06-29T22:16:07.498+0000] {logging_mixin.py:190} INFO - [2026-06-29T22:16:07.498+0000] {dag.py:4180} INFO - Setting next_dagrun for example_local_kubernetes_executor to None, run_after=None
[2026-06-29T22:16:07.521+0000] {processor.py:208} INFO - Processing /home/airflow/.local/lib/python3.12/site-packages/airflow/example_dags/example_local_kubernetes_executor.py took 0.103 seconds
[2026-06-29T22:16:39.062+0000] {processor.py:186} INFO - Started process (PID=1114) to work on /home/airflow/.local/lib/python3.12/site-packages/airflow/example_dags/example_local_kubernetes_executor.py
[2026-06-29T22:16:39.092+0000] {processor.py:914} INFO - Processing file /home/airflow/.local/lib/python3.12/site-packages/airflow/example_dags/example_local_kubernetes_executor.py for tasks to queue
[2026-06-29T22:16:39.122+0000] {logging_mixin.py:190} INFO - [2026-06-29T22:16:39.119+0000] {dagbag.py:588} INFO - Filling up the DagBag from /home/airflow/.local/lib/python3.12/site-packages/airflow/example_dags/example_local_kubernetes_executor.py
[2026-06-29T22:16:39.183+0000] {processor.py:925} INFO - DAG(s) 'example_local_kubernetes_executor' retrieved from /home/airflow/.local/lib/python3.12/site-packages/airflow/example_dags/example_local_kubernetes_executor.py
[2026-06-29T22:16:39.433+0000] {logging_mixin.py:190} INFO - [2026-06-29T22:16:39.430+0000] {dag.py:3239} INFO - Sync 1 DAGs
[2026-06-29T22:16:39.569+0000] {logging_mixin.py:190} INFO - [2026-06-29T22:16:39.568+0000] {dag.py:4180} INFO - Setting next_dagrun for example_local_kubernetes_executor to None, run_after=None
[2026-06-29T22:16:39.900+0000] {processor.py:208} INFO - Processing /home/airflow/.local/lib/python3.12/site-packages/airflow/example_dags/example_local_kubernetes_executor.py took 0.877 seconds
[2026-06-29T22:17:10.056+0000] {processor.py:186} INFO - Started process (PID=1177) to work on /home/airflow/.local/lib/python3.12/site-packages/airflow/example_dags/example_local_kubernetes_executor.py
[2026-06-29T22:17:10.059+0000] {processor.py:914} INFO - Processing file /home/airflow/.local/lib/python3.12/site-packages/airflow/example_dags/example_local_kubernetes_executor.py for tasks to queue
[2026-06-29T22:17:10.064+0000] {logging_mixin.py:190} INFO - [2026-06-29T22:17:10.063+0000] {dagbag.py:588} INFO - Filling up the DagBag from /home/airflow/.local/lib/python3.12/site-packages/airflow/example_dags/example_local_kubernetes_executor.py
[2026-06-29T22:17:10.087+0000] {processor.py:925} INFO - DAG(s) 'example_local_kubernetes_executor' retrieved from /home/airflow/.local/lib/python3.12/site-packages/airflow/example_dags/example_local_kubernetes_executor.py
[2026-06-29T22:17:10.153+0000] {logging_mixin.py:190} INFO - [2026-06-29T22:17:10.152+0000] {dag.py:3239} INFO - Sync 1 DAGs
[2026-06-29T22:17:10.208+0000] {logging_mixin.py:190} INFO - [2026-06-29T22:17:10.208+0000] {dag.py:4180} INFO - Setting next_dagrun for example_local_kubernetes_executor to None, run_after=None
[2026-06-29T22:17:10.280+0000] {processor.py:208} INFO - Processing /home/airflow/.local/lib/python3.12/site-packages/airflow/example_dags/example_local_kubernetes_executor.py took 0.241 seconds
[2026-06-29T22:17:40.741+0000] {processor.py:186} INFO - Started process (PID=1241) to work on /home/airflow/.local/lib/python3.12/site-packages/airflow/example_dags/example_local_kubernetes_executor.py
[2026-06-29T22:17:40.744+0000] {processor.py:914} INFO - Processing file /home/airflow/.local/lib/python3.12/site-packages/airflow/example_dags/example_local_kubernetes_executor.py for tasks to queue
[2026-06-29T22:17:40.750+0000] {logging_mixin.py:190} INFO - [2026-06-29T22:17:40.749+0000] {dagbag.py:588} INFO - Filling up the DagBag from /home/airflow/.local/lib/python3.12/site-packages/airflow/example_dags/example_local_kubernetes_executor.py
[2026-06-29T22:17:40.781+0000] {processor.py:925} INFO - DAG(s) 'example_local_kubernetes_executor' retrieved from /home/airflow/.local/lib/python3.12/site-packages/airflow/example_dags/example_local_kubernetes_executor.py
[2026-06-29T22:17:40.828+0000] {logging_mixin.py:190} INFO - [2026-06-29T22:17:40.827+0000] {dag.py:3239} INFO - Sync 1 DAGs
[2026-06-29T22:17:40.859+0000] {logging_mixin.py:190} INFO - [2026-06-29T22:17:40.858+0000] {dag.py:4180} INFO - Setting next_dagrun for example_local_kubernetes_executor to None, run_after=None
[2026-06-29T22:17:40.905+0000] {processor.py:208} INFO - Processing /home/airflow/.local/lib/python3.12/site-packages/airflow/example_dags/example_local_kubernetes_executor.py took 0.181 seconds
[2026-06-29T22:18:11.553+0000] {processor.py:186} INFO - Started process (PID=1306) to work on /home/airflow/.local/lib/python3.12/site-packages/airflow/example_dags/example_local_kubernetes_executor.py
[2026-06-29T22:18:11.560+0000] {processor.py:914} INFO - Processing file /home/airflow/.local/lib/python3.12/site-packages/airflow/example_dags/example_local_kubernetes_executor.py for tasks to queue
[2026-06-29T22:18:11.573+0000] {logging_mixin.py:190} INFO - [2026-06-29T22:18:11.568+0000] {dagbag.py:588} INFO - Filling up the DagBag from /home/airflow/.local/lib/python3.12/site-packages/airflow/example_dags/example_local_kubernetes_executor.py
[2026-06-29T22:18:11.628+0000] {processor.py:925} INFO - DAG(s) 'example_local_kubernetes_executor' retrieved from /home/airflow/.local/lib/python3.12/site-packages/airflow/example_dags/example_local_kubernetes_executor.py
[2026-06-29T22:18:11.690+0000] {logging_mixin.py:190} INFO - [2026-06-29T22:18:11.689+0000] {dag.py:3239} INFO - Sync 1 DAGs
[2026-06-29T22:18:11.725+0000] {logging_mixin.py:190} INFO - [2026-06-29T22:18:11.725+0000] {dag.py:4180} INFO - Setting next_dagrun for example_local_kubernetes_executor to None, run_after=None
[2026-06-29T22:18:11.780+0000] {processor.py:208} INFO - Processing /home/airflow/.local/lib/python3.12/site-packages/airflow/example_dags/example_local_kubernetes_executor.py took 0.246 seconds
[2026-06-29T22:18:42.679+0000] {processor.py:186} INFO - Started process (PID=1370) to work on /home/airflow/.local/lib/python3.12/site-packages/airflow/example_dags/example_local_kubernetes_executor.py
[2026-06-29T22:18:42.682+0000] {processor.py:914} INFO - Processing file /home/airflow/.local/lib/python3.12/site-packages/airflow/example_dags/example_local_kubernetes_executor.py for tasks to queue
[2026-06-29T22:18:42.689+0000] {logging_mixin.py:190} INFO - [2026-06-29T22:18:42.688+0000] {dagbag.py:588} INFO - Filling up the DagBag from /home/airflow/.local/lib/python3.12/site-packages/airflow/example_dags/example_local_kubernetes_executor.py
[2026-06-29T22:18:42.717+0000] {processor.py:925} INFO - DAG(s) 'example_local_kubernetes_executor' retrieved from /home/airflow/.local/lib/python3.12/site-packages/airflow/example_dags/example_local_kubernetes_executor.py
[2026-06-29T22:18:42.809+0000] {logging_mixin.py:190} INFO - [2026-06-29T22:18:42.809+0000] {dag.py:3239} INFO - Sync 1 DAGs
[2026-06-29T22:18:42.868+0000] {logging_mixin.py:190} INFO - [2026-06-29T22:18:42.867+0000] {dag.py:4180} INFO - Setting next_dagrun for example_local_kubernetes_executor to None, run_after=None
[2026-06-29T22:18:42.974+0000] {processor.py:208} INFO - Processing /home/airflow/.local/lib/python3.12/site-packages/airflow/example_dags/example_local_kubernetes_executor.py took 0.306 seconds
[2026-06-29T22:19:13.776+0000] {processor.py:186} INFO - Started process (PID=1434) to work on /home/airflow/.local/lib/python3.12/site-packages/airflow/example_dags/example_local_kubernetes_executor.py
[2026-06-29T22:19:13.778+0000] {processor.py:914} INFO - Processing file /home/airflow/.local/lib/python3.12/site-packages/airflow/example_dags/example_local_kubernetes_executor.py for tasks to queue
[2026-06-29T22:19:13.782+0000] {logging_mixin.py:190} INFO - [2026-06-29T22:19:13.781+0000] {dagbag.py:588} INFO - Filling up the DagBag from /home/airflow/.local/lib/python3.12/site-packages/airflow/example_dags/example_local_kubernetes_executor.py
[2026-06-29T22:19:13.793+0000] {processor.py:925} INFO - DAG(s) 'example_local_kubernetes_executor' retrieved from /home/airflow/.local/lib/python3.12/site-packages/airflow/example_dags/example_local_kubernetes_executor.py
[2026-06-29T22:19:13.818+0000] {logging_mixin.py:190} INFO - [2026-06-29T22:19:13.818+0000] {dag.py:3239} INFO - Sync 1 DAGs
[2026-06-29T22:19:13.834+0000] {logging_mixin.py:190} INFO - [2026-06-29T22:19:13.834+0000] {dag.py:4180} INFO - Setting next_dagrun for example_local_kubernetes_executor to None, run_after=None
[2026-06-29T22:19:13.855+0000] {processor.py:208} INFO - Processing /home/airflow/.local/lib/python3.12/site-packages/airflow/example_dags/example_local_kubernetes_executor.py took 0.084 seconds
[2026-06-29T22:19:44.909+0000] {processor.py:186} INFO - Started process (PID=1498) to work on /home/airflow/.local/lib/python3.12/site-packages/airflow/example_dags/example_local_kubernetes_executor.py
[2026-06-29T22:19:44.912+0000] {processor.py:914} INFO - Processing file /home/airflow/.local/lib/python3.12/site-packages/airflow/example_dags/example_local_kubernetes_executor.py for tasks to queue
[2026-06-29T22:19:44.919+0000] {logging_mixin.py:190} INFO - [2026-06-29T22:19:44.918+0000] {dagbag.py:588} INFO - Filling up the DagBag from /home/airflow/.local/lib/python3.12/site-packages/airflow/example_dags/example_local_kubernetes_executor.py
[2026-06-29T22:19:44.934+0000] {processor.py:925} INFO - DAG(s) 'example_local_kubernetes_executor' retrieved from /home/airflow/.local/lib/python3.12/site-packages/airflow/example_dags/example_local_kubernetes_executor.py
[2026-06-29T22:19:44.966+0000] {logging_mixin.py:190} INFO - [2026-06-29T22:19:44.966+0000] {dag.py:3239} INFO - Sync 1 DAGs
[2026-06-29T22:19:44.985+0000] {logging_mixin.py:190} INFO - [2026-06-29T22:19:44.985+0000] {dag.py:4180} INFO - Setting next_dagrun for example_local_kubernetes_executor to None, run_after=None
[2026-06-29T22:19:45.018+0000] {processor.py:208} INFO - Processing /home/airflow/.local/lib/python3.12/site-packages/airflow/example_dags/example_local_kubernetes_executor.py took 0.124 seconds
[2026-06-29T22:20:16.384+0000] {processor.py:186} INFO - Started process (PID=1558) to work on /home/airflow/.local/lib/python3.12/site-packages/airflow/example_dags/example_local_kubernetes_executor.py
[2026-06-29T22:20:16.387+0000] {processor.py:914} INFO - Processing file /home/airflow/.local/lib/python3.12/site-packages/airflow/example_dags/example_local_kubernetes_executor.py for tasks to queue
[2026-06-29T22:20:16.393+0000] {logging_mixin.py:190} INFO - [2026-06-29T22:20:16.392+0000] {dagbag.py:588} INFO - Filling up the DagBag from /home/airflow/.local/lib/python3.12/site-packages/airflow/example_dags/example_local_kubernetes_executor.py
[2026-06-29T22:20:16.417+0000] {processor.py:925} INFO - DAG(s) 'example_local_kubernetes_executor' retrieved from /home/airflow/.local/lib/python3.12/site-packages/airflow/example_dags/example_local_kubernetes_executor.py
[2026-06-29T22:20:16.474+0000] {logging_mixin.py:190} INFO - [2026-06-29T22:20:16.473+0000] {dag.py:3239} INFO - Sync 1 DAGs
[2026-06-29T22:20:16.524+0000] {logging_mixin.py:190} INFO - [2026-06-29T22:20:16.523+0000] {dag.py:4180} INFO - Setting next_dagrun for example_local_kubernetes_executor to None, run_after=None
[2026-06-29T22:20:16.579+0000] {processor.py:208} INFO - Processing /home/airflow/.local/lib/python3.12/site-packages/airflow/example_dags/example_local_kubernetes_executor.py took 0.205 seconds
[2026-06-29T22:20:49.225+0000] {processor.py:186} INFO - Started process (PID=1619) to work on /home/airflow/.local/lib/python3.12/site-packages/airflow/example_dags/example_local_kubernetes_executor.py
[2026-06-29T22:20:49.227+0000] {processor.py:914} INFO - Processing file /home/airflow/.local/lib/python3.12/site-packages/airflow/example_dags/example_local_kubernetes_executor.py for tasks to queue
[2026-06-29T22:20:49.235+0000] {logging_mixin.py:190} INFO - [2026-06-29T22:20:49.234+0000] {dagbag.py:588} INFO - Filling up the DagBag from /home/airflow/.local/lib/python3.12/site-packages/airflow/example_dags/example_local_kubernetes_executor.py
[2026-06-29T22:20:49.258+0000] {processor.py:925} INFO - DAG(s) 'example_local_kubernetes_executor' retrieved from /home/airflow/.local/lib/python3.12/site-packages/airflow/example_dags/example_local_kubernetes_executor.py
[2026-06-29T22:20:49.302+0000] {logging_mixin.py:190} INFO - [2026-06-29T22:20:49.302+0000] {dag.py:3239} INFO - Sync 1 DAGs
[2026-06-29T22:20:49.321+0000] {logging_mixin.py:190} INFO - [2026-06-29T22:20:49.321+0000] {dag.py:4180} INFO - Setting next_dagrun for example_local_kubernetes_executor to None, run_after=None
[2026-06-29T22:20:49.352+0000] {processor.py:208} INFO - Processing /home/airflow/.local/lib/python3.12/site-packages/airflow/example_dags/example_local_kubernetes_executor.py took 0.142 seconds
[2026-06-29T22:21:20.676+0000] {processor.py:186} INFO - Started process (PID=1682) to work on /home/airflow/.local/lib/python3.12/site-packages/airflow/example_dags/example_local_kubernetes_executor.py
[2026-06-29T22:21:20.682+0000] {processor.py:914} INFO - Processing file /home/airflow/.local/lib/python3.12/site-packages/airflow/example_dags/example_local_kubernetes_executor.py for tasks to queue
[2026-06-29T22:21:20.707+0000] {logging_mixin.py:190} INFO - [2026-06-29T22:21:20.705+0000] {dagbag.py:588} INFO - Filling up the DagBag from /home/airflow/.local/lib/python3.12/site-packages/airflow/example_dags/example_local_kubernetes_executor.py
[2026-06-29T22:21:20.749+0000] {processor.py:925} INFO - DAG(s) 'example_local_kubernetes_executor' retrieved from /home/airflow/.local/lib/python3.12/site-packages/airflow/example_dags/example_local_kubernetes_executor.py
[2026-06-29T22:21:20.820+0000] {logging_mixin.py:190} INFO - [2026-06-29T22:21:20.818+0000] {dag.py:3239} INFO - Sync 1 DAGs
[2026-06-29T22:21:20.869+0000] {logging_mixin.py:190} INFO - [2026-06-29T22:21:20.868+0000] {dag.py:4180} INFO - Setting next_dagrun for example_local_kubernetes_executor to None, run_after=None
[2026-06-29T22:21:20.956+0000] {processor.py:208} INFO - Processing /home/airflow/.local/lib/python3.12/site-packages/airflow/example_dags/example_local_kubernetes_executor.py took 0.300 seconds
[2026-06-29T22:21:51.093+0000] {processor.py:186} INFO - Started process (PID=1746) to work on /home/airflow/.local/lib/python3.12/site-packages/airflow/example_dags/example_local_kubernetes_executor.py
[2026-06-29T22:21:51.095+0000] {processor.py:914} INFO - Processing file /home/airflow/.local/lib/python3.12/site-packages/airflow/example_dags/example_local_kubernetes_executor.py for tasks to queue
[2026-06-29T22:21:51.098+0000] {logging_mixin.py:190} INFO - [2026-06-29T22:21:51.098+0000] {dagbag.py:588} INFO - Filling up the DagBag from /home/airflow/.local/lib/python3.12/site-packages/airflow/example_dags/example_local_kubernetes_executor.py
[2026-06-29T22:21:51.109+0000] {processor.py:925} INFO - DAG(s) 'example_local_kubernetes_executor' retrieved from /home/airflow/.local/lib/python3.12/site-packages/airflow/example_dags/example_local_kubernetes_executor.py
[2026-06-29T22:21:51.131+0000] {logging_mixin.py:190} INFO - [2026-06-29T22:21:51.131+0000] {dag.py:3239} INFO - Sync 1 DAGs
[2026-06-29T22:21:51.146+0000] {logging_mixin.py:190} INFO - [2026-06-29T22:21:51.145+0000] {dag.py:4180} INFO - Setting next_dagrun for example_local_kubernetes_executor to None, run_after=None
[2026-06-29T22:21:51.166+0000] {processor.py:208} INFO - Processing /home/airflow/.local/lib/python3.12/site-packages/airflow/example_dags/example_local_kubernetes_executor.py took 0.078 seconds
[2026-06-29T22:22:22.013+0000] {processor.py:186} INFO - Started process (PID=1809) to work on /home/airflow/.local/lib/python3.12/site-packages/airflow/example_dags/example_local_kubernetes_executor.py
[2026-06-29T22:22:22.015+0000] {processor.py:914} INFO - Processing file /home/airflow/.local/lib/python3.12/site-packages/airflow/example_dags/example_local_kubernetes_executor.py for tasks to queue
[2026-06-29T22:22:22.019+0000] {logging_mixin.py:190} INFO - [2026-06-29T22:22:22.018+0000] {dagbag.py:588} INFO - Filling up the DagBag from /home/airflow/.local/lib/python3.12/site-packages/airflow/example_dags/example_local_kubernetes_executor.py
[2026-06-29T22:22:22.031+0000] {processor.py:925} INFO - DAG(s) 'example_local_kubernetes_executor' retrieved from /home/airflow/.local/lib/python3.12/site-packages/airflow/example_dags/example_local_kubernetes_executor.py
[2026-06-29T22:22:22.055+0000] {logging_mixin.py:190} INFO - [2026-06-29T22:22:22.055+0000] {dag.py:3239} INFO - Sync 1 DAGs
[2026-06-29T22:22:22.072+0000] {logging_mixin.py:190} INFO - [2026-06-29T22:22:22.071+0000] {dag.py:4180} INFO - Setting next_dagrun for example_local_kubernetes_executor to None, run_after=None
[2026-06-29T22:22:22.095+0000] {processor.py:208} INFO - Processing /home/airflow/.local/lib/python3.12/site-packages/airflow/example_dags/example_local_kubernetes_executor.py took 0.091 seconds
[2026-06-29T22:22:52.175+0000] {processor.py:186} INFO - Started process (PID=1874) to work on /home/airflow/.local/lib/python3.12/site-packages/airflow/example_dags/example_local_kubernetes_executor.py
[2026-06-29T22:22:52.178+0000] {processor.py:914} INFO - Processing file /home/airflow/.local/lib/python3.12/site-packages/airflow/example_dags/example_local_kubernetes_executor.py for tasks to queue
[2026-06-29T22:22:52.182+0000] {logging_mixin.py:190} INFO - [2026-06-29T22:22:52.182+0000] {dagbag.py:588} INFO - Filling up the DagBag from /home/airflow/.local/lib/python3.12/site-packages/airflow/example_dags/example_local_kubernetes_executor.py
[2026-06-29T22:22:52.196+0000] {processor.py:925} INFO - DAG(s) 'example_local_kubernetes_executor' retrieved from /home/airflow/.local/lib/python3.12/site-packages/airflow/example_dags/example_local_kubernetes_executor.py
[2026-06-29T22:22:52.222+0000] {logging_mixin.py:190} INFO - [2026-06-29T22:22:52.222+0000] {dag.py:3239} INFO - Sync 1 DAGs
[2026-06-29T22:22:52.238+0000] {logging_mixin.py:190} INFO - [2026-06-29T22:22:52.237+0000] {dag.py:4180} INFO - Setting next_dagrun for example_local_kubernetes_executor to None, run_after=None
[2026-06-29T22:22:52.261+0000] {processor.py:208} INFO - Processing /home/airflow/.local/lib/python3.12/site-packages/airflow/example_dags/example_local_kubernetes_executor.py took 0.095 seconds
[2026-06-29T22:23:22.571+0000] {processor.py:186} INFO - Started process (PID=1935) to work on /home/airflow/.local/lib/python3.12/site-packages/airflow/example_dags/example_local_kubernetes_executor.py
[2026-06-29T22:23:22.574+0000] {processor.py:914} INFO - Processing file /home/airflow/.local/lib/python3.12/site-packages/airflow/example_dags/example_local_kubernetes_executor.py for tasks to queue
[2026-06-29T22:23:22.577+0000] {logging_mixin.py:190} INFO - [2026-06-29T22:23:22.577+0000] {dagbag.py:588} INFO - Filling up the DagBag from /home/airflow/.local/lib/python3.12/site-packages/airflow/example_dags/example_local_kubernetes_executor.py
[2026-06-29T22:23:22.593+0000] {processor.py:925} INFO - DAG(s) 'example_local_kubernetes_executor' retrieved from /home/airflow/.local/lib/python3.12/site-packages/airflow/example_dags/example_local_kubernetes_executor.py
[2026-06-29T22:23:22.634+0000] {logging_mixin.py:190} INFO - [2026-06-29T22:23:22.634+0000] {dag.py:3239} INFO - Sync 1 DAGs
[2026-06-29T22:23:22.655+0000] {logging_mixin.py:190} INFO - [2026-06-29T22:23:22.655+0000] {dag.py:4180} INFO - Setting next_dagrun for example_local_kubernetes_executor to None, run_after=None
[2026-06-29T22:23:22.681+0000] {processor.py:208} INFO - Processing /home/airflow/.local/lib/python3.12/site-packages/airflow/example_dags/example_local_kubernetes_executor.py took 0.118 seconds
[2026-06-29T22:23:53.317+0000] {processor.py:186} INFO - Started process (PID=1999) to work on /home/airflow/.local/lib/python3.12/site-packages/airflow/example_dags/example_local_kubernetes_executor.py
[2026-06-29T22:23:53.319+0000] {processor.py:914} INFO - Processing file /home/airflow/.local/lib/python3.12/site-packages/airflow/example_dags/example_local_kubernetes_executor.py for tasks to queue
[2026-06-29T22:23:53.323+0000] {logging_mixin.py:190} INFO - [2026-06-29T22:23:53.323+0000] {dagbag.py:588} INFO - Filling up the DagBag from /home/airflow/.local/lib/python3.12/site-packages/airflow/example_dags/example_local_kubernetes_executor.py
[2026-06-29T22:23:53.335+0000] {processor.py:925} INFO - DAG(s) 'example_local_kubernetes_executor' retrieved from /home/airflow/.local/lib/python3.12/site-packages/airflow/example_dags/example_local_kubernetes_executor.py
[2026-06-29T22:23:53.359+0000] {logging_mixin.py:190} INFO - [2026-06-29T22:23:53.359+0000] {dag.py:3239} INFO - Sync 1 DAGs
[2026-06-29T22:23:53.373+0000] {logging_mixin.py:190} INFO - [2026-06-29T22:23:53.373+0000] {dag.py:4180} INFO - Setting next_dagrun for example_local_kubernetes_executor to None, run_after=None
[2026-06-29T22:23:53.394+0000] {processor.py:208} INFO - Processing /home/airflow/.local/lib/python3.12/site-packages/airflow/example_dags/example_local_kubernetes_executor.py took 0.085 seconds
[2026-06-29T22:24:23.748+0000] {processor.py:186} INFO - Started process (PID=2063) to work on /home/airflow/.local/lib/python3.12/site-packages/airflow/example_dags/example_local_kubernetes_executor.py
[2026-06-29T22:24:23.750+0000] {processor.py:914} INFO - Processing file /home/airflow/.local/lib/python3.12/site-packages/airflow/example_dags/example_local_kubernetes_executor.py for tasks to queue
[2026-06-29T22:24:23.754+0000] {logging_mixin.py:190} INFO - [2026-06-29T22:24:23.754+0000] {dagbag.py:588} INFO - Filling up the DagBag from /home/airflow/.local/lib/python3.12/site-packages/airflow/example_dags/example_local_kubernetes_executor.py
[2026-06-29T22:24:23.765+0000] {processor.py:925} INFO - DAG(s) 'example_local_kubernetes_executor' retrieved from /home/airflow/.local/lib/python3.12/site-packages/airflow/example_dags/example_local_kubernetes_executor.py
[2026-06-29T22:24:23.789+0000] {logging_mixin.py:190} INFO - [2026-06-29T22:24:23.789+0000] {dag.py:3239} INFO - Sync 1 DAGs
[2026-06-29T22:24:23.804+0000] {logging_mixin.py:190} INFO - [2026-06-29T22:24:23.803+0000] {dag.py:4180} INFO - Setting next_dagrun for example_local_kubernetes_executor to None, run_after=None
[2026-06-29T22:24:23.824+0000] {processor.py:208} INFO - Processing /home/airflow/.local/lib/python3.12/site-packages/airflow/example_dags/example_local_kubernetes_executor.py took 0.082 seconds
[2026-06-29T22:24:54.411+0000] {processor.py:186} INFO - Started process (PID=2127) to work on /home/airflow/.local/lib/python3.12/site-packages/airflow/example_dags/example_local_kubernetes_executor.py
[2026-06-29T22:24:54.413+0000] {processor.py:914} INFO - Processing file /home/airflow/.local/lib/python3.12/site-packages/airflow/example_dags/example_local_kubernetes_executor.py for tasks to queue
[2026-06-29T22:24:54.416+0000] {logging_mixin.py:190} INFO - [2026-06-29T22:24:54.416+0000] {dagbag.py:588} INFO - Filling up the DagBag from /home/airflow/.local/lib/python3.12/site-packages/airflow/example_dags/example_local_kubernetes_executor.py
[2026-06-29T22:24:54.430+0000] {processor.py:925} INFO - DAG(s) 'example_local_kubernetes_executor' retrieved from /home/airflow/.local/lib/python3.12/site-packages/airflow/example_dags/example_local_kubernetes_executor.py
[2026-06-29T22:24:54.454+0000] {logging_mixin.py:190} INFO - [2026-06-29T22:24:54.453+0000] {dag.py:3239} INFO - Sync 1 DAGs
[2026-06-29T22:24:54.469+0000] {logging_mixin.py:190} INFO - [2026-06-29T22:24:54.469+0000] {dag.py:4180} INFO - Setting next_dagrun for example_local_kubernetes_executor to None, run_after=None
[2026-06-29T22:24:54.490+0000] {processor.py:208} INFO - Processing /home/airflow/.local/lib/python3.12/site-packages/airflow/example_dags/example_local_kubernetes_executor.py took 0.088 seconds
[2026-06-29T22:25:24.941+0000] {processor.py:186} INFO - Started process (PID=2191) to work on /home/airflow/.local/lib/python3.12/site-packages/airflow/example_dags/example_local_kubernetes_executor.py
[2026-06-29T22:25:24.942+0000] {processor.py:914} INFO - Processing file /home/airflow/.local/lib/python3.12/site-packages/airflow/example_dags/example_local_kubernetes_executor.py for tasks to queue
[2026-06-29T22:25:24.947+0000] {logging_mixin.py:190} INFO - [2026-06-29T22:25:24.947+0000] {dagbag.py:588} INFO - Filling up the DagBag from /home/airflow/.local/lib/python3.12/site-packages/airflow/example_dags/example_local_kubernetes_executor.py
[2026-06-29T22:25:24.959+0000] {processor.py:925} INFO - DAG(s) 'example_local_kubernetes_executor' retrieved from /home/airflow/.local/lib/python3.12/site-packages/airflow/example_dags/example_local_kubernetes_executor.py
[2026-06-29T22:25:24.999+0000] {logging_mixin.py:190} INFO - [2026-06-29T22:25:24.999+0000] {dag.py:3239} INFO - Sync 1 DAGs
[2026-06-29T22:25:25.028+0000] {logging_mixin.py:190} INFO - [2026-06-29T22:25:25.028+0000] {dag.py:4180} INFO - Setting next_dagrun for example_local_kubernetes_executor to None, run_after=None
[2026-06-29T22:25:25.058+0000] {processor.py:208} INFO - Processing /home/airflow/.local/lib/python3.12/site-packages/airflow/example_dags/example_local_kubernetes_executor.py took 0.124 seconds
[2026-06-29T22:25:55.372+0000] {processor.py:186} INFO - Started process (PID=2255) to work on /home/airflow/.local/lib/python3.12/site-packages/airflow/example_dags/example_local_kubernetes_executor.py
[2026-06-29T22:25:55.375+0000] {processor.py:914} INFO - Processing file /home/airflow/.local/lib/python3.12/site-packages/airflow/example_dags/example_local_kubernetes_executor.py for tasks to queue
[2026-06-29T22:25:55.378+0000] {logging_mixin.py:190} INFO - [2026-06-29T22:25:55.377+0000] {dagbag.py:588} INFO - Filling up the DagBag from /home/airflow/.local/lib/python3.12/site-packages/airflow/example_dags/example_local_kubernetes_executor.py
[2026-06-29T22:25:55.390+0000] {processor.py:925} INFO - DAG(s) 'example_local_kubernetes_executor' retrieved from /home/airflow/.local/lib/python3.12/site-packages/airflow/example_dags/example_local_kubernetes_executor.py
[2026-06-29T22:25:55.419+0000] {logging_mixin.py:190} INFO - [2026-06-29T22:25:55.419+0000] {dag.py:3239} INFO - Sync 1 DAGs
[2026-06-29T22:25:55.435+0000] {logging_mixin.py:190} INFO - [2026-06-29T22:25:55.435+0000] {dag.py:4180} INFO - Setting next_dagrun for example_local_kubernetes_executor to None, run_after=None
[2026-06-29T22:25:55.459+0000] {processor.py:208} INFO - Processing /home/airflow/.local/lib/python3.12/site-packages/airflow/example_dags/example_local_kubernetes_executor.py took 0.097 seconds
[2026-06-29T22:26:25.820+0000] {processor.py:186} INFO - Started process (PID=2318) to work on /home/airflow/.local/lib/python3.12/site-packages/airflow/example_dags/example_local_kubernetes_executor.py
[2026-06-29T22:26:25.822+0000] {processor.py:914} INFO - Processing file /home/airflow/.local/lib/python3.12/site-packages/airflow/example_dags/example_local_kubernetes_executor.py for tasks to queue
[2026-06-29T22:26:25.826+0000] {logging_mixin.py:190} INFO - [2026-06-29T22:26:25.825+0000] {dagbag.py:588} INFO - Filling up the DagBag from /home/airflow/.local/lib/python3.12/site-packages/airflow/example_dags/example_local_kubernetes_executor.py
[2026-06-29T22:26:25.839+0000] {processor.py:925} INFO - DAG(s) 'example_local_kubernetes_executor' retrieved from /home/airflow/.local/lib/python3.12/site-packages/airflow/example_dags/example_local_kubernetes_executor.py
[2026-06-29T22:26:25.863+0000] {logging_mixin.py:190} INFO - [2026-06-29T22:26:25.863+0000] {dag.py:3239} INFO - Sync 1 DAGs
[2026-06-29T22:26:25.879+0000] {logging_mixin.py:190} INFO - [2026-06-29T22:26:25.879+0000] {dag.py:4180} INFO - Setting next_dagrun for example_local_kubernetes_executor to None, run_after=None
[2026-06-29T22:26:25.899+0000] {processor.py:208} INFO - Processing /home/airflow/.local/lib/python3.12/site-packages/airflow/example_dags/example_local_kubernetes_executor.py took 0.086 seconds
[2026-06-29T22:26:56.261+0000] {processor.py:186} INFO - Started process (PID=2382) to work on /home/airflow/.local/lib/python3.12/site-packages/airflow/example_dags/example_local_kubernetes_executor.py
[2026-06-29T22:26:56.262+0000] {processor.py:914} INFO - Processing file /home/airflow/.local/lib/python3.12/site-packages/airflow/example_dags/example_local_kubernetes_executor.py for tasks to queue
[2026-06-29T22:26:56.265+0000] {logging_mixin.py:190} INFO - [2026-06-29T22:26:56.265+0000] {dagbag.py:588} INFO - Filling up the DagBag from /home/airflow/.local/lib/python3.12/site-packages/airflow/example_dags/example_local_kubernetes_executor.py
[2026-06-29T22:26:56.277+0000] {processor.py:925} INFO - DAG(s) 'example_local_kubernetes_executor' retrieved from /home/airflow/.local/lib/python3.12/site-packages/airflow/example_dags/example_local_kubernetes_executor.py
[2026-06-29T22:26:56.301+0000] {logging_mixin.py:190} INFO - [2026-06-29T22:26:56.300+0000] {dag.py:3239} INFO - Sync 1 DAGs
[2026-06-29T22:26:56.319+0000] {logging_mixin.py:190} INFO - [2026-06-29T22:26:56.318+0000] {dag.py:4180} INFO - Setting next_dagrun for example_local_kubernetes_executor to None, run_after=None
[2026-06-29T22:26:56.341+0000] {processor.py:208} INFO - Processing /home/airflow/.local/lib/python3.12/site-packages/airflow/example_dags/example_local_kubernetes_executor.py took 0.087 seconds
[2026-06-29T22:27:26.529+0000] {processor.py:186} INFO - Started process (PID=2444) to work on /home/airflow/.local/lib/python3.12/site-packages/airflow/example_dags/example_local_kubernetes_executor.py
[2026-06-29T22:27:26.531+0000] {processor.py:914} INFO - Processing file /home/airflow/.local/lib/python3.12/site-packages/airflow/example_dags/example_local_kubernetes_executor.py for tasks to queue
[2026-06-29T22:27:26.534+0000] {logging_mixin.py:190} INFO - [2026-06-29T22:27:26.534+0000] {dagbag.py:588} INFO - Filling up the DagBag from /home/airflow/.local/lib/python3.12/site-packages/airflow/example_dags/example_local_kubernetes_executor.py
[2026-06-29T22:27:26.547+0000] {processor.py:925} INFO - DAG(s) 'example_local_kubernetes_executor' retrieved from /home/airflow/.local/lib/python3.12/site-packages/airflow/example_dags/example_local_kubernetes_executor.py
[2026-06-29T22:27:26.570+0000] {logging_mixin.py:190} INFO - [2026-06-29T22:27:26.570+0000] {dag.py:3239} INFO - Sync 1 DAGs
[2026-06-29T22:27:26.589+0000] {logging_mixin.py:190} INFO - [2026-06-29T22:27:26.589+0000] {dag.py:4180} INFO - Setting next_dagrun for example_local_kubernetes_executor to None, run_after=None
[2026-06-29T22:27:26.610+0000] {processor.py:208} INFO - Processing /home/airflow/.local/lib/python3.12/site-packages/airflow/example_dags/example_local_kubernetes_executor.py took 0.090 seconds
[2026-06-29T22:27:56.748+0000] {processor.py:186} INFO - Started process (PID=2507) to work on /home/airflow/.local/lib/python3.12/site-packages/airflow/example_dags/example_local_kubernetes_executor.py
[2026-06-29T22:27:56.750+0000] {processor.py:914} INFO - Processing file /home/airflow/.local/lib/python3.12/site-packages/airflow/example_dags/example_local_kubernetes_executor.py for tasks to queue
[2026-06-29T22:27:56.754+0000] {logging_mixin.py:190} INFO - [2026-06-29T22:27:56.754+0000] {dagbag.py:588} INFO - Filling up the DagBag from /home/airflow/.local/lib/python3.12/site-packages/airflow/example_dags/example_local_kubernetes_executor.py
[2026-06-29T22:27:56.769+0000] {processor.py:925} INFO - DAG(s) 'example_local_kubernetes_executor' retrieved from /home/airflow/.local/lib/python3.12/site-packages/airflow/example_dags/example_local_kubernetes_executor.py
[2026-06-29T22:27:56.804+0000] {logging_mixin.py:190} INFO - [2026-06-29T22:27:56.803+0000] {dag.py:3239} INFO - Sync 1 DAGs
[2026-06-29T22:27:56.826+0000] {logging_mixin.py:190} INFO - [2026-06-29T22:27:56.826+0000] {dag.py:4180} INFO - Setting next_dagrun for example_local_kubernetes_executor to None, run_after=None
[2026-06-29T22:27:56.858+0000] {processor.py:208} INFO - Processing /home/airflow/.local/lib/python3.12/site-packages/airflow/example_dags/example_local_kubernetes_executor.py took 0.119 seconds
[2026-06-29T22:28:27.256+0000] {processor.py:186} INFO - Started process (PID=2571) to work on /home/airflow/.local/lib/python3.12/site-packages/airflow/example_dags/example_local_kubernetes_executor.py
[2026-06-29T22:28:27.258+0000] {processor.py:914} INFO - Processing file /home/airflow/.local/lib/python3.12/site-packages/airflow/example_dags/example_local_kubernetes_executor.py for tasks to queue
[2026-06-29T22:28:27.262+0000] {logging_mixin.py:190} INFO - [2026-06-29T22:28:27.261+0000] {dagbag.py:588} INFO - Filling up the DagBag from /home/airflow/.local/lib/python3.12/site-packages/airflow/example_dags/example_local_kubernetes_executor.py
[2026-06-29T22:28:27.282+0000] {processor.py:925} INFO - DAG(s) 'example_local_kubernetes_executor' retrieved from /home/airflow/.local/lib/python3.12/site-packages/airflow/example_dags/example_local_kubernetes_executor.py
[2026-06-29T22:28:27.317+0000] {logging_mixin.py:190} INFO - [2026-06-29T22:28:27.316+0000] {dag.py:3239} INFO - Sync 1 DAGs
[2026-06-29T22:28:27.339+0000] {logging_mixin.py:190} INFO - [2026-06-29T22:28:27.338+0000] {dag.py:4180} INFO - Setting next_dagrun for example_local_kubernetes_executor to None, run_after=None
[2026-06-29T22:28:27.368+0000] {processor.py:208} INFO - Processing /home/airflow/.local/lib/python3.12/site-packages/airflow/example_dags/example_local_kubernetes_executor.py took 0.121 seconds
[2026-06-29T22:28:57.651+0000] {processor.py:186} INFO - Started process (PID=2634) to work on /home/airflow/.local/lib/python3.12/site-packages/airflow/example_dags/example_local_kubernetes_executor.py
[2026-06-29T22:28:57.654+0000] {processor.py:914} INFO - Processing file /home/airflow/.local/lib/python3.12/site-packages/airflow/example_dags/example_local_kubernetes_executor.py for tasks to queue
[2026-06-29T22:28:57.658+0000] {logging_mixin.py:190} INFO - [2026-06-29T22:28:57.658+0000] {dagbag.py:588} INFO - Filling up the DagBag from /home/airflow/.local/lib/python3.12/site-packages/airflow/example_dags/example_local_kubernetes_executor.py
[2026-06-29T22:28:57.678+0000] {processor.py:925} INFO - DAG(s) 'example_local_kubernetes_executor' retrieved from /home/airflow/.local/lib/python3.12/site-packages/airflow/example_dags/example_local_kubernetes_executor.py
[2026-06-29T22:28:57.719+0000] {logging_mixin.py:190} INFO - [2026-06-29T22:28:57.719+0000] {dag.py:3239} INFO - Sync 1 DAGs
[2026-06-29T22:28:57.747+0000] {logging_mixin.py:190} INFO - [2026-06-29T22:28:57.746+0000] {dag.py:4180} INFO - Setting next_dagrun for example_local_kubernetes_executor to None, run_after=None
[2026-06-29T22:28:57.783+0000] {processor.py:208} INFO - Processing /home/airflow/.local/lib/python3.12/site-packages/airflow/example_dags/example_local_kubernetes_executor.py took 0.142 seconds
[2026-06-29T22:29:28.288+0000] {processor.py:186} INFO - Started process (PID=2698) to work on /home/airflow/.local/lib/python3.12/site-packages/airflow/example_dags/example_local_kubernetes_executor.py
[2026-06-29T22:29:28.290+0000] {processor.py:914} INFO - Processing file /home/airflow/.local/lib/python3.12/site-packages/airflow/example_dags/example_local_kubernetes_executor.py for tasks to queue
[2026-06-29T22:29:28.294+0000] {logging_mixin.py:190} INFO - [2026-06-29T22:29:28.293+0000] {dagbag.py:588} INFO - Filling up the DagBag from /home/airflow/.local/lib/python3.12/site-packages/airflow/example_dags/example_local_kubernetes_executor.py
[2026-06-29T22:29:28.311+0000] {processor.py:925} INFO - DAG(s) 'example_local_kubernetes_executor' retrieved from /home/airflow/.local/lib/python3.12/site-packages/airflow/example_dags/example_local_kubernetes_executor.py
[2026-06-29T22:29:28.356+0000] {logging_mixin.py:190} INFO - [2026-06-29T22:29:28.355+0000] {dag.py:3239} INFO - Sync 1 DAGs
[2026-06-29T22:29:28.385+0000] {logging_mixin.py:190} INFO - [2026-06-29T22:29:28.384+0000] {dag.py:4180} INFO - Setting next_dagrun for example_local_kubernetes_executor to None, run_after=None
[2026-06-29T22:29:28.421+0000] {processor.py:208} INFO - Processing /home/airflow/.local/lib/python3.12/site-packages/airflow/example_dags/example_local_kubernetes_executor.py took 0.142 seconds
[2026-06-29T22:29:58.820+0000] {processor.py:186} INFO - Started process (PID=2761) to work on /home/airflow/.local/lib/python3.12/site-packages/airflow/example_dags/example_local_kubernetes_executor.py
[2026-06-29T22:29:58.823+0000] {processor.py:914} INFO - Processing file /home/airflow/.local/lib/python3.12/site-packages/airflow/example_dags/example_local_kubernetes_executor.py for tasks to queue
[2026-06-29T22:29:58.833+0000] {logging_mixin.py:190} INFO - [2026-06-29T22:29:58.832+0000] {dagbag.py:588} INFO - Filling up the DagBag from /home/airflow/.local/lib/python3.12/site-packages/airflow/example_dags/example_local_kubernetes_executor.py
[2026-06-29T22:29:58.854+0000] {processor.py:925} INFO - DAG(s) 'example_local_kubernetes_executor' retrieved from /home/airflow/.local/lib/python3.12/site-packages/airflow/example_dags/example_local_kubernetes_executor.py
[2026-06-29T22:29:58.936+0000] {logging_mixin.py:190} INFO - [2026-06-29T22:29:58.935+0000] {dag.py:3239} INFO - Sync 1 DAGs
[2026-06-29T22:29:59.006+0000] {logging_mixin.py:190} INFO - [2026-06-29T22:29:59.005+0000] {dag.py:4180} INFO - Setting next_dagrun for example_local_kubernetes_executor to None, run_after=None
[2026-06-29T22:29:59.073+0000] {processor.py:208} INFO - Processing /home/airflow/.local/lib/python3.12/site-packages/airflow/example_dags/example_local_kubernetes_executor.py took 0.266 seconds
[2026-06-29T22:30:29.400+0000] {processor.py:186} INFO - Started process (PID=2825) to work on /home/airflow/.local/lib/python3.12/site-packages/airflow/example_dags/example_local_kubernetes_executor.py
[2026-06-29T22:30:29.403+0000] {processor.py:914} INFO - Processing file /home/airflow/.local/lib/python3.12/site-packages/airflow/example_dags/example_local_kubernetes_executor.py for tasks to queue
[2026-06-29T22:30:29.410+0000] {logging_mixin.py:190} INFO - [2026-06-29T22:30:29.409+0000] {dagbag.py:588} INFO - Filling up the DagBag from /home/airflow/.local/lib/python3.12/site-packages/airflow/example_dags/example_local_kubernetes_executor.py
[2026-06-29T22:30:29.434+0000] {processor.py:925} INFO - DAG(s) 'example_local_kubernetes_executor' retrieved from /home/airflow/.local/lib/python3.12/site-packages/airflow/example_dags/example_local_kubernetes_executor.py
[2026-06-29T22:30:29.476+0000] {logging_mixin.py:190} INFO - [2026-06-29T22:30:29.476+0000] {dag.py:3239} INFO - Sync 1 DAGs
[2026-06-29T22:30:29.517+0000] {logging_mixin.py:190} INFO - [2026-06-29T22:30:29.517+0000] {dag.py:4180} INFO - Setting next_dagrun for example_local_kubernetes_executor to None, run_after=None
[2026-06-29T22:30:29.585+0000] {processor.py:208} INFO - Processing /home/airflow/.local/lib/python3.12/site-packages/airflow/example_dags/example_local_kubernetes_executor.py took 0.200 seconds
[2026-06-29T22:30:59.823+0000] {processor.py:186} INFO - Started process (PID=2888) to work on /home/airflow/.local/lib/python3.12/site-packages/airflow/example_dags/example_local_kubernetes_executor.py
[2026-06-29T22:30:59.825+0000] {processor.py:914} INFO - Processing file /home/airflow/.local/lib/python3.12/site-packages/airflow/example_dags/example_local_kubernetes_executor.py for tasks to queue
[2026-06-29T22:30:59.831+0000] {logging_mixin.py:190} INFO - [2026-06-29T22:30:59.830+0000] {dagbag.py:588} INFO - Filling up the DagBag from /home/airflow/.local/lib/python3.12/site-packages/airflow/example_dags/example_local_kubernetes_executor.py
[2026-06-29T22:30:59.849+0000] {processor.py:925} INFO - DAG(s) 'example_local_kubernetes_executor' retrieved from /home/airflow/.local/lib/python3.12/site-packages/airflow/example_dags/example_local_kubernetes_executor.py
[2026-06-29T22:30:59.889+0000] {logging_mixin.py:190} INFO - [2026-06-29T22:30:59.888+0000] {dag.py:3239} INFO - Sync 1 DAGs
[2026-06-29T22:30:59.916+0000] {logging_mixin.py:190} INFO - [2026-06-29T22:30:59.915+0000] {dag.py:4180} INFO - Setting next_dagrun for example_local_kubernetes_executor to None, run_after=None
[2026-06-29T22:30:59.955+0000] {processor.py:208} INFO - Processing /home/airflow/.local/lib/python3.12/site-packages/airflow/example_dags/example_local_kubernetes_executor.py took 0.142 seconds
[2026-06-29T22:31:30.196+0000] {processor.py:186} INFO - Started process (PID=2958) to work on /home/airflow/.local/lib/python3.12/site-packages/airflow/example_dags/example_local_kubernetes_executor.py
[2026-06-29T22:31:30.198+0000] {processor.py:914} INFO - Processing file /home/airflow/.local/lib/python3.12/site-packages/airflow/example_dags/example_local_kubernetes_executor.py for tasks to queue
[2026-06-29T22:31:30.205+0000] {logging_mixin.py:190} INFO - [2026-06-29T22:31:30.204+0000] {dagbag.py:588} INFO - Filling up the DagBag from /home/airflow/.local/lib/python3.12/site-packages/airflow/example_dags/example_local_kubernetes_executor.py
[2026-06-29T22:31:30.229+0000] {processor.py:925} INFO - DAG(s) 'example_local_kubernetes_executor' retrieved from /home/airflow/.local/lib/python3.12/site-packages/airflow/example_dags/example_local_kubernetes_executor.py
[2026-06-29T22:31:30.290+0000] {logging_mixin.py:190} INFO - [2026-06-29T22:31:30.289+0000] {dag.py:3239} INFO - Sync 1 DAGs
[2026-06-29T22:31:30.320+0000] {logging_mixin.py:190} INFO - [2026-06-29T22:31:30.320+0000] {dag.py:4180} INFO - Setting next_dagrun for example_local_kubernetes_executor to None, run_after=None
[2026-06-29T22:31:30.366+0000] {processor.py:208} INFO - Processing /home/airflow/.local/lib/python3.12/site-packages/airflow/example_dags/example_local_kubernetes_executor.py took 0.191 seconds
[2026-06-29T22:32:03.253+0000] {processor.py:186} INFO - Started process (PID=3056) to work on /home/airflow/.local/lib/python3.12/site-packages/airflow/example_dags/example_local_kubernetes_executor.py
[2026-06-29T22:32:03.256+0000] {processor.py:914} INFO - Processing file /home/airflow/.local/lib/python3.12/site-packages/airflow/example_dags/example_local_kubernetes_executor.py for tasks to queue
[2026-06-29T22:32:03.264+0000] {logging_mixin.py:190} INFO - [2026-06-29T22:32:03.264+0000] {dagbag.py:588} INFO - Filling up the DagBag from /home/airflow/.local/lib/python3.12/site-packages/airflow/example_dags/example_local_kubernetes_executor.py
[2026-06-29T22:32:03.288+0000] {processor.py:925} INFO - DAG(s) 'example_local_kubernetes_executor' retrieved from /home/airflow/.local/lib/python3.12/site-packages/airflow/example_dags/example_local_kubernetes_executor.py
[2026-06-29T22:32:03.366+0000] {logging_mixin.py:190} INFO - [2026-06-29T22:32:03.366+0000] {dag.py:3239} INFO - Sync 1 DAGs
[2026-06-29T22:32:03.421+0000] {logging_mixin.py:190} INFO - [2026-06-29T22:32:03.420+0000] {dag.py:4180} INFO - Setting next_dagrun for example_local_kubernetes_executor to None, run_after=None
[2026-06-29T22:32:03.479+0000] {processor.py:208} INFO - Processing /home/airflow/.local/lib/python3.12/site-packages/airflow/example_dags/example_local_kubernetes_executor.py took 0.254 seconds
[2026-06-29T22:32:34.682+0000] {processor.py:186} INFO - Started process (PID=3175) to work on /home/airflow/.local/lib/python3.12/site-packages/airflow/example_dags/example_local_kubernetes_executor.py
[2026-06-29T22:32:34.686+0000] {processor.py:914} INFO - Processing file /home/airflow/.local/lib/python3.12/site-packages/airflow/example_dags/example_local_kubernetes_executor.py for tasks to queue
[2026-06-29T22:32:34.694+0000] {logging_mixin.py:190} INFO - [2026-06-29T22:32:34.693+0000] {dagbag.py:588} INFO - Filling up the DagBag from /home/airflow/.local/lib/python3.12/site-packages/airflow/example_dags/example_local_kubernetes_executor.py
[2026-06-29T22:32:34.728+0000] {processor.py:925} INFO - DAG(s) 'example_local_kubernetes_executor' retrieved from /home/airflow/.local/lib/python3.12/site-packages/airflow/example_dags/example_local_kubernetes_executor.py
[2026-06-29T22:32:34.794+0000] {logging_mixin.py:190} INFO - [2026-06-29T22:32:34.794+0000] {dag.py:3239} INFO - Sync 1 DAGs
[2026-06-29T22:32:34.824+0000] {logging_mixin.py:190} INFO - [2026-06-29T22:32:34.823+0000] {dag.py:4180} INFO - Setting next_dagrun for example_local_kubernetes_executor to None, run_after=None
[2026-06-29T22:32:34.878+0000] {processor.py:208} INFO - Processing /home/airflow/.local/lib/python3.12/site-packages/airflow/example_dags/example_local_kubernetes_executor.py took 0.211 seconds
[2026-06-29T22:33:05.427+0000] {processor.py:186} INFO - Started process (PID=3252) to work on /home/airflow/.local/lib/python3.12/site-packages/airflow/example_dags/example_local_kubernetes_executor.py
[2026-06-29T22:33:05.430+0000] {processor.py:914} INFO - Processing file /home/airflow/.local/lib/python3.12/site-packages/airflow/example_dags/example_local_kubernetes_executor.py for tasks to queue
[2026-06-29T22:33:05.435+0000] {logging_mixin.py:190} INFO - [2026-06-29T22:33:05.435+0000] {dagbag.py:588} INFO - Filling up the DagBag from /home/airflow/.local/lib/python3.12/site-packages/airflow/example_dags/example_local_kubernetes_executor.py
[2026-06-29T22:33:05.452+0000] {processor.py:925} INFO - DAG(s) 'example_local_kubernetes_executor' retrieved from /home/airflow/.local/lib/python3.12/site-packages/airflow/example_dags/example_local_kubernetes_executor.py
[2026-06-29T22:33:05.491+0000] {logging_mixin.py:190} INFO - [2026-06-29T22:33:05.491+0000] {dag.py:3239} INFO - Sync 1 DAGs
[2026-06-29T22:33:05.519+0000] {logging_mixin.py:190} INFO - [2026-06-29T22:33:05.519+0000] {dag.py:4180} INFO - Setting next_dagrun for example_local_kubernetes_executor to None, run_after=None
[2026-06-29T22:33:05.554+0000] {processor.py:208} INFO - Processing /home/airflow/.local/lib/python3.12/site-packages/airflow/example_dags/example_local_kubernetes_executor.py took 0.141 seconds
[2026-06-29T22:33:36.409+0000] {processor.py:186} INFO - Started process (PID=3313) to work on /home/airflow/.local/lib/python3.12/site-packages/airflow/example_dags/example_local_kubernetes_executor.py
[2026-06-29T22:33:36.413+0000] {processor.py:914} INFO - Processing file /home/airflow/.local/lib/python3.12/site-packages/airflow/example_dags/example_local_kubernetes_executor.py for tasks to queue
[2026-06-29T22:33:36.418+0000] {logging_mixin.py:190} INFO - [2026-06-29T22:33:36.418+0000] {dagbag.py:588} INFO - Filling up the DagBag from /home/airflow/.local/lib/python3.12/site-packages/airflow/example_dags/example_local_kubernetes_executor.py
[2026-06-29T22:33:36.441+0000] {processor.py:925} INFO - DAG(s) 'example_local_kubernetes_executor' retrieved from /home/airflow/.local/lib/python3.12/site-packages/airflow/example_dags/example_local_kubernetes_executor.py
[2026-06-29T22:33:36.499+0000] {logging_mixin.py:190} INFO - [2026-06-29T22:33:36.498+0000] {dag.py:3239} INFO - Sync 1 DAGs
[2026-06-29T22:33:36.538+0000] {logging_mixin.py:190} INFO - [2026-06-29T22:33:36.537+0000] {dag.py:4180} INFO - Setting next_dagrun for example_local_kubernetes_executor to None, run_after=None
[2026-06-29T22:33:36.574+0000] {processor.py:208} INFO - Processing /home/airflow/.local/lib/python3.12/site-packages/airflow/example_dags/example_local_kubernetes_executor.py took 0.182 seconds
[2026-06-29T22:34:06.711+0000] {processor.py:186} INFO - Started process (PID=3377) to work on /home/airflow/.local/lib/python3.12/site-packages/airflow/example_dags/example_local_kubernetes_executor.py
[2026-06-29T22:34:06.713+0000] {processor.py:914} INFO - Processing file /home/airflow/.local/lib/python3.12/site-packages/airflow/example_dags/example_local_kubernetes_executor.py for tasks to queue
[2026-06-29T22:34:06.716+0000] {logging_mixin.py:190} INFO - [2026-06-29T22:34:06.716+0000] {dagbag.py:588} INFO - Filling up the DagBag from /home/airflow/.local/lib/python3.12/site-packages/airflow/example_dags/example_local_kubernetes_executor.py
[2026-06-29T22:34:06.734+0000] {processor.py:925} INFO - DAG(s) 'example_local_kubernetes_executor' retrieved from /home/airflow/.local/lib/python3.12/site-packages/airflow/example_dags/example_local_kubernetes_executor.py
[2026-06-29T22:34:06.778+0000] {logging_mixin.py:190} INFO - [2026-06-29T22:34:06.778+0000] {dag.py:3239} INFO - Sync 1 DAGs
[2026-06-29T22:34:06.814+0000] {logging_mixin.py:190} INFO - [2026-06-29T22:34:06.814+0000] {dag.py:4180} INFO - Setting next_dagrun for example_local_kubernetes_executor to None, run_after=None
[2026-06-29T22:34:06.860+0000] {processor.py:208} INFO - Processing /home/airflow/.local/lib/python3.12/site-packages/airflow/example_dags/example_local_kubernetes_executor.py took 0.162 seconds
[2026-06-29T22:34:37.255+0000] {processor.py:186} INFO - Started process (PID=3440) to work on /home/airflow/.local/lib/python3.12/site-packages/airflow/example_dags/example_local_kubernetes_executor.py
[2026-06-29T22:34:37.259+0000] {processor.py:914} INFO - Processing file /home/airflow/.local/lib/python3.12/site-packages/airflow/example_dags/example_local_kubernetes_executor.py for tasks to queue
[2026-06-29T22:34:37.266+0000] {logging_mixin.py:190} INFO - [2026-06-29T22:34:37.265+0000] {dagbag.py:588} INFO - Filling up the DagBag from /home/airflow/.local/lib/python3.12/site-packages/airflow/example_dags/example_local_kubernetes_executor.py
[2026-06-29T22:34:37.289+0000] {processor.py:925} INFO - DAG(s) 'example_local_kubernetes_executor' retrieved from /home/airflow/.local/lib/python3.12/site-packages/airflow/example_dags/example_local_kubernetes_executor.py
[2026-06-29T22:34:37.339+0000] {logging_mixin.py:190} INFO - [2026-06-29T22:34:37.338+0000] {dag.py:3239} INFO - Sync 1 DAGs
[2026-06-29T22:34:37.370+0000] {logging_mixin.py:190} INFO - [2026-06-29T22:34:37.369+0000] {dag.py:4180} INFO - Setting next_dagrun for example_local_kubernetes_executor to None, run_after=None
[2026-06-29T22:34:37.424+0000] {processor.py:208} INFO - Processing /home/airflow/.local/lib/python3.12/site-packages/airflow/example_dags/example_local_kubernetes_executor.py took 0.189 seconds
[2026-06-29T22:35:07.539+0000] {processor.py:186} INFO - Started process (PID=3503) to work on /home/airflow/.local/lib/python3.12/site-packages/airflow/example_dags/example_local_kubernetes_executor.py
[2026-06-29T22:35:07.541+0000] {processor.py:914} INFO - Processing file /home/airflow/.local/lib/python3.12/site-packages/airflow/example_dags/example_local_kubernetes_executor.py for tasks to queue
[2026-06-29T22:35:07.544+0000] {logging_mixin.py:190} INFO - [2026-06-29T22:35:07.544+0000] {dagbag.py:588} INFO - Filling up the DagBag from /home/airflow/.local/lib/python3.12/site-packages/airflow/example_dags/example_local_kubernetes_executor.py
[2026-06-29T22:35:07.556+0000] {processor.py:925} INFO - DAG(s) 'example_local_kubernetes_executor' retrieved from /home/airflow/.local/lib/python3.12/site-packages/airflow/example_dags/example_local_kubernetes_executor.py
[2026-06-29T22:35:07.581+0000] {logging_mixin.py:190} INFO - [2026-06-29T22:35:07.581+0000] {dag.py:3239} INFO - Sync 1 DAGs
[2026-06-29T22:35:07.597+0000] {logging_mixin.py:190} INFO - [2026-06-29T22:35:07.597+0000] {dag.py:4180} INFO - Setting next_dagrun for example_local_kubernetes_executor to None, run_after=None
[2026-06-29T22:35:07.619+0000] {processor.py:208} INFO - Processing /home/airflow/.local/lib/python3.12/site-packages/airflow/example_dags/example_local_kubernetes_executor.py took 0.093 seconds
[2026-06-29T22:35:37.831+0000] {processor.py:186} INFO - Started process (PID=3567) to work on /home/airflow/.local/lib/python3.12/site-packages/airflow/example_dags/example_local_kubernetes_executor.py
[2026-06-29T22:35:37.832+0000] {processor.py:914} INFO - Processing file /home/airflow/.local/lib/python3.12/site-packages/airflow/example_dags/example_local_kubernetes_executor.py for tasks to queue
[2026-06-29T22:35:37.836+0000] {logging_mixin.py:190} INFO - [2026-06-29T22:35:37.835+0000] {dagbag.py:588} INFO - Filling up the DagBag from /home/airflow/.local/lib/python3.12/site-packages/airflow/example_dags/example_local_kubernetes_executor.py
[2026-06-29T22:35:37.850+0000] {processor.py:925} INFO - DAG(s) 'example_local_kubernetes_executor' retrieved from /home/airflow/.local/lib/python3.12/site-packages/airflow/example_dags/example_local_kubernetes_executor.py
[2026-06-29T22:35:37.877+0000] {logging_mixin.py:190} INFO - [2026-06-29T22:35:37.876+0000] {dag.py:3239} INFO - Sync 1 DAGs
[2026-06-29T22:35:37.892+0000] {logging_mixin.py:190} INFO - [2026-06-29T22:35:37.891+0000] {dag.py:4180} INFO - Setting next_dagrun for example_local_kubernetes_executor to None, run_after=None
[2026-06-29T22:35:37.914+0000] {processor.py:208} INFO - Processing /home/airflow/.local/lib/python3.12/site-packages/airflow/example_dags/example_local_kubernetes_executor.py took 0.097 seconds
[2026-06-29T22:36:08.272+0000] {processor.py:186} INFO - Started process (PID=3632) to work on /home/airflow/.local/lib/python3.12/site-packages/airflow/example_dags/example_local_kubernetes_executor.py
[2026-06-29T22:36:08.273+0000] {processor.py:914} INFO - Processing file /home/airflow/.local/lib/python3.12/site-packages/airflow/example_dags/example_local_kubernetes_executor.py for tasks to queue
[2026-06-29T22:36:08.281+0000] {logging_mixin.py:190} INFO - [2026-06-29T22:36:08.280+0000] {dagbag.py:588} INFO - Filling up the DagBag from /home/airflow/.local/lib/python3.12/site-packages/airflow/example_dags/example_local_kubernetes_executor.py
[2026-06-29T22:36:08.296+0000] {processor.py:925} INFO - DAG(s) 'example_local_kubernetes_executor' retrieved from /home/airflow/.local/lib/python3.12/site-packages/airflow/example_dags/example_local_kubernetes_executor.py
[2026-06-29T22:36:08.324+0000] {logging_mixin.py:190} INFO - [2026-06-29T22:36:08.324+0000] {dag.py:3239} INFO - Sync 1 DAGs
[2026-06-29T22:36:08.343+0000] {logging_mixin.py:190} INFO - [2026-06-29T22:36:08.342+0000] {dag.py:4180} INFO - Setting next_dagrun for example_local_kubernetes_executor to None, run_after=None
[2026-06-29T22:36:08.375+0000] {processor.py:208} INFO - Processing /home/airflow/.local/lib/python3.12/site-packages/airflow/example_dags/example_local_kubernetes_executor.py took 0.120 seconds
[2026-06-29T22:36:38.573+0000] {processor.py:186} INFO - Started process (PID=3696) to work on /home/airflow/.local/lib/python3.12/site-packages/airflow/example_dags/example_local_kubernetes_executor.py
[2026-06-29T22:36:38.575+0000] {processor.py:914} INFO - Processing file /home/airflow/.local/lib/python3.12/site-packages/airflow/example_dags/example_local_kubernetes_executor.py for tasks to queue
[2026-06-29T22:36:38.580+0000] {logging_mixin.py:190} INFO - [2026-06-29T22:36:38.579+0000] {dagbag.py:588} INFO - Filling up the DagBag from /home/airflow/.local/lib/python3.12/site-packages/airflow/example_dags/example_local_kubernetes_executor.py
[2026-06-29T22:36:38.591+0000] {processor.py:925} INFO - DAG(s) 'example_local_kubernetes_executor' retrieved from /home/airflow/.local/lib/python3.12/site-packages/airflow/example_dags/example_local_kubernetes_executor.py
[2026-06-29T22:36:38.626+0000] {logging_mixin.py:190} INFO - [2026-06-29T22:36:38.626+0000] {dag.py:3239} INFO - Sync 1 DAGs
[2026-06-29T22:36:38.654+0000] {logging_mixin.py:190} INFO - [2026-06-29T22:36:38.653+0000] {dag.py:4180} INFO - Setting next_dagrun for example_local_kubernetes_executor to None, run_after=None
[2026-06-29T22:36:38.706+0000] {processor.py:208} INFO - Processing /home/airflow/.local/lib/python3.12/site-packages/airflow/example_dags/example_local_kubernetes_executor.py took 0.142 seconds
[2026-06-29T22:37:08.890+0000] {processor.py:186} INFO - Started process (PID=3760) to work on /home/airflow/.local/lib/python3.12/site-packages/airflow/example_dags/example_local_kubernetes_executor.py
[2026-06-29T22:37:08.892+0000] {processor.py:914} INFO - Processing file /home/airflow/.local/lib/python3.12/site-packages/airflow/example_dags/example_local_kubernetes_executor.py for tasks to queue
[2026-06-29T22:37:08.896+0000] {logging_mixin.py:190} INFO - [2026-06-29T22:37:08.895+0000] {dagbag.py:588} INFO - Filling up the DagBag from /home/airflow/.local/lib/python3.12/site-packages/airflow/example_dags/example_local_kubernetes_executor.py
[2026-06-29T22:37:08.909+0000] {processor.py:925} INFO - DAG(s) 'example_local_kubernetes_executor' retrieved from /home/airflow/.local/lib/python3.12/site-packages/airflow/example_dags/example_local_kubernetes_executor.py
[2026-06-29T22:37:08.931+0000] {logging_mixin.py:190} INFO - [2026-06-29T22:37:08.931+0000] {dag.py:3239} INFO - Sync 1 DAGs
[2026-06-29T22:37:08.950+0000] {logging_mixin.py:190} INFO - [2026-06-29T22:37:08.950+0000] {dag.py:4180} INFO - Setting next_dagrun for example_local_kubernetes_executor to None, run_after=None
[2026-06-29T22:37:08.969+0000] {processor.py:208} INFO - Processing /home/airflow/.local/lib/python3.12/site-packages/airflow/example_dags/example_local_kubernetes_executor.py took 0.087 seconds
[2026-06-29T22:37:39.254+0000] {processor.py:186} INFO - Started process (PID=3824) to work on /home/airflow/.local/lib/python3.12/site-packages/airflow/example_dags/example_local_kubernetes_executor.py
[2026-06-29T22:37:39.256+0000] {processor.py:914} INFO - Processing file /home/airflow/.local/lib/python3.12/site-packages/airflow/example_dags/example_local_kubernetes_executor.py for tasks to queue
[2026-06-29T22:37:39.260+0000] {logging_mixin.py:190} INFO - [2026-06-29T22:37:39.259+0000] {dagbag.py:588} INFO - Filling up the DagBag from /home/airflow/.local/lib/python3.12/site-packages/airflow/example_dags/example_local_kubernetes_executor.py
[2026-06-29T22:37:39.274+0000] {processor.py:925} INFO - DAG(s) 'example_local_kubernetes_executor' retrieved from /home/airflow/.local/lib/python3.12/site-packages/airflow/example_dags/example_local_kubernetes_executor.py
[2026-06-29T22:37:39.307+0000] {logging_mixin.py:190} INFO - [2026-06-29T22:37:39.306+0000] {dag.py:3239} INFO - Sync 1 DAGs
[2026-06-29T22:37:39.332+0000] {logging_mixin.py:190} INFO - [2026-06-29T22:37:39.331+0000] {dag.py:4180} INFO - Setting next_dagrun for example_local_kubernetes_executor to None, run_after=None
[2026-06-29T22:37:39.363+0000] {processor.py:208} INFO - Processing /home/airflow/.local/lib/python3.12/site-packages/airflow/example_dags/example_local_kubernetes_executor.py took 0.123 seconds
[2026-06-29T22:38:10.446+0000] {processor.py:186} INFO - Started process (PID=3888) to work on /home/airflow/.local/lib/python3.12/site-packages/airflow/example_dags/example_local_kubernetes_executor.py
[2026-06-29T22:38:10.448+0000] {processor.py:914} INFO - Processing file /home/airflow/.local/lib/python3.12/site-packages/airflow/example_dags/example_local_kubernetes_executor.py for tasks to queue
[2026-06-29T22:38:10.452+0000] {logging_mixin.py:190} INFO - [2026-06-29T22:38:10.451+0000] {dagbag.py:588} INFO - Filling up the DagBag from /home/airflow/.local/lib/python3.12/site-packages/airflow/example_dags/example_local_kubernetes_executor.py
[2026-06-29T22:38:10.466+0000] {processor.py:925} INFO - DAG(s) 'example_local_kubernetes_executor' retrieved from /home/airflow/.local/lib/python3.12/site-packages/airflow/example_dags/example_local_kubernetes_executor.py
[2026-06-29T22:38:10.494+0000] {logging_mixin.py:190} INFO - [2026-06-29T22:38:10.493+0000] {dag.py:3239} INFO - Sync 1 DAGs
[2026-06-29T22:38:10.511+0000] {logging_mixin.py:190} INFO - [2026-06-29T22:38:10.511+0000] {dag.py:4180} INFO - Setting next_dagrun for example_local_kubernetes_executor to None, run_after=None
[2026-06-29T22:38:10.533+0000] {processor.py:208} INFO - Processing /home/airflow/.local/lib/python3.12/site-packages/airflow/example_dags/example_local_kubernetes_executor.py took 0.103 seconds
[2026-06-29T22:38:41.159+0000] {processor.py:186} INFO - Started process (PID=3951) to work on /home/airflow/.local/lib/python3.12/site-packages/airflow/example_dags/example_local_kubernetes_executor.py
[2026-06-29T22:38:41.161+0000] {processor.py:914} INFO - Processing file /home/airflow/.local/lib/python3.12/site-packages/airflow/example_dags/example_local_kubernetes_executor.py for tasks to queue
[2026-06-29T22:38:41.169+0000] {logging_mixin.py:190} INFO - [2026-06-29T22:38:41.168+0000] {dagbag.py:588} INFO - Filling up the DagBag from /home/airflow/.local/lib/python3.12/site-packages/airflow/example_dags/example_local_kubernetes_executor.py
[2026-06-29T22:38:41.187+0000] {processor.py:925} INFO - DAG(s) 'example_local_kubernetes_executor' retrieved from /home/airflow/.local/lib/python3.12/site-packages/airflow/example_dags/example_local_kubernetes_executor.py
[2026-06-29T22:38:41.242+0000] {logging_mixin.py:190} INFO - [2026-06-29T22:38:41.241+0000] {dag.py:3239} INFO - Sync 1 DAGs
[2026-06-29T22:38:41.666+0000] {logging_mixin.py:190} INFO - [2026-06-29T22:38:41.665+0000] {dag.py:4180} INFO - Setting next_dagrun for example_local_kubernetes_executor to None, run_after=None
[2026-06-29T22:38:41.722+0000] {processor.py:208} INFO - Processing /home/airflow/.local/lib/python3.12/site-packages/airflow/example_dags/example_local_kubernetes_executor.py took 0.587 seconds
[2026-06-29T22:39:12.048+0000] {processor.py:186} INFO - Started process (PID=4014) to work on /home/airflow/.local/lib/python3.12/site-packages/airflow/example_dags/example_local_kubernetes_executor.py
[2026-06-29T22:39:12.051+0000] {processor.py:914} INFO - Processing file /home/airflow/.local/lib/python3.12/site-packages/airflow/example_dags/example_local_kubernetes_executor.py for tasks to queue
[2026-06-29T22:39:12.059+0000] {logging_mixin.py:190} INFO - [2026-06-29T22:39:12.058+0000] {dagbag.py:588} INFO - Filling up the DagBag from /home/airflow/.local/lib/python3.12/site-packages/airflow/example_dags/example_local_kubernetes_executor.py
[2026-06-29T22:39:12.081+0000] {processor.py:925} INFO - DAG(s) 'example_local_kubernetes_executor' retrieved from /home/airflow/.local/lib/python3.12/site-packages/airflow/example_dags/example_local_kubernetes_executor.py
[2026-06-29T22:39:12.122+0000] {logging_mixin.py:190} INFO - [2026-06-29T22:39:12.121+0000] {dag.py:3239} INFO - Sync 1 DAGs
[2026-06-29T22:39:12.146+0000] {logging_mixin.py:190} INFO - [2026-06-29T22:39:12.146+0000] {dag.py:4180} INFO - Setting next_dagrun for example_local_kubernetes_executor to None, run_after=None
[2026-06-29T22:39:12.183+0000] {processor.py:208} INFO - Processing /home/airflow/.local/lib/python3.12/site-packages/airflow/example_dags/example_local_kubernetes_executor.py took 0.154 seconds
[2026-06-29T22:39:42.407+0000] {processor.py:186} INFO - Started process (PID=4078) to work on /home/airflow/.local/lib/python3.12/site-packages/airflow/example_dags/example_local_kubernetes_executor.py
[2026-06-29T22:39:42.408+0000] {processor.py:914} INFO - Processing file /home/airflow/.local/lib/python3.12/site-packages/airflow/example_dags/example_local_kubernetes_executor.py for tasks to queue
[2026-06-29T22:39:42.412+0000] {logging_mixin.py:190} INFO - [2026-06-29T22:39:42.411+0000] {dagbag.py:588} INFO - Filling up the DagBag from /home/airflow/.local/lib/python3.12/site-packages/airflow/example_dags/example_local_kubernetes_executor.py
[2026-06-29T22:39:42.426+0000] {processor.py:925} INFO - DAG(s) 'example_local_kubernetes_executor' retrieved from /home/airflow/.local/lib/python3.12/site-packages/airflow/example_dags/example_local_kubernetes_executor.py
[2026-06-29T22:39:42.451+0000] {logging_mixin.py:190} INFO - [2026-06-29T22:39:42.451+0000] {dag.py:3239} INFO - Sync 1 DAGs
[2026-06-29T22:39:42.467+0000] {logging_mixin.py:190} INFO - [2026-06-29T22:39:42.467+0000] {dag.py:4180} INFO - Setting next_dagrun for example_local_kubernetes_executor to None, run_after=None
[2026-06-29T22:39:42.491+0000] {processor.py:208} INFO - Processing /home/airflow/.local/lib/python3.12/site-packages/airflow/example_dags/example_local_kubernetes_executor.py took 0.098 seconds
[2026-06-29T22:41:20.785+0000] {processor.py:186} INFO - Started process (PID=86) to work on /home/airflow/.local/lib/python3.12/site-packages/airflow/example_dags/example_local_kubernetes_executor.py
[2026-06-29T22:41:20.789+0000] {processor.py:914} INFO - Processing file /home/airflow/.local/lib/python3.12/site-packages/airflow/example_dags/example_local_kubernetes_executor.py for tasks to queue
[2026-06-29T22:41:20.806+0000] {logging_mixin.py:190} INFO - [2026-06-29T22:41:20.804+0000] {dagbag.py:588} INFO - Filling up the DagBag from /home/airflow/.local/lib/python3.12/site-packages/airflow/example_dags/example_local_kubernetes_executor.py
[2026-06-29T22:41:20.860+0000] {processor.py:925} INFO - DAG(s) 'example_local_kubernetes_executor' retrieved from /home/airflow/.local/lib/python3.12/site-packages/airflow/example_dags/example_local_kubernetes_executor.py
[2026-06-29T22:41:20.975+0000] {logging_mixin.py:190} INFO - [2026-06-29T22:41:20.974+0000] {dag.py:3239} INFO - Sync 1 DAGs
[2026-06-29T22:41:21.016+0000] {logging_mixin.py:190} INFO - [2026-06-29T22:41:21.016+0000] {dag.py:4180} INFO - Setting next_dagrun for example_local_kubernetes_executor to None, run_after=None
[2026-06-29T22:41:21.082+0000] {processor.py:208} INFO - Processing /home/airflow/.local/lib/python3.12/site-packages/airflow/example_dags/example_local_kubernetes_executor.py took 0.332 seconds
[2026-06-29T22:41:51.897+0000] {processor.py:186} INFO - Started process (PID=150) to work on /home/airflow/.local/lib/python3.12/site-packages/airflow/example_dags/example_local_kubernetes_executor.py
[2026-06-29T22:41:51.909+0000] {processor.py:914} INFO - Processing file /home/airflow/.local/lib/python3.12/site-packages/airflow/example_dags/example_local_kubernetes_executor.py for tasks to queue
[2026-06-29T22:41:51.945+0000] {logging_mixin.py:190} INFO - [2026-06-29T22:41:51.942+0000] {dagbag.py:588} INFO - Filling up the DagBag from /home/airflow/.local/lib/python3.12/site-packages/airflow/example_dags/example_local_kubernetes_executor.py
[2026-06-29T22:41:51.993+0000] {processor.py:925} INFO - DAG(s) 'example_local_kubernetes_executor' retrieved from /home/airflow/.local/lib/python3.12/site-packages/airflow/example_dags/example_local_kubernetes_executor.py
[2026-06-29T22:41:52.100+0000] {logging_mixin.py:190} INFO - [2026-06-29T22:41:52.097+0000] {dag.py:3239} INFO - Sync 1 DAGs
[2026-06-29T22:41:52.154+0000] {logging_mixin.py:190} INFO - [2026-06-29T22:41:52.154+0000] {dag.py:4180} INFO - Setting next_dagrun for example_local_kubernetes_executor to None, run_after=None
[2026-06-29T22:41:52.248+0000] {processor.py:208} INFO - Processing /home/airflow/.local/lib/python3.12/site-packages/airflow/example_dags/example_local_kubernetes_executor.py took 0.363 seconds
[2026-06-29T22:42:22.827+0000] {processor.py:186} INFO - Started process (PID=214) to work on /home/airflow/.local/lib/python3.12/site-packages/airflow/example_dags/example_local_kubernetes_executor.py
[2026-06-29T22:42:22.830+0000] {processor.py:914} INFO - Processing file /home/airflow/.local/lib/python3.12/site-packages/airflow/example_dags/example_local_kubernetes_executor.py for tasks to queue
[2026-06-29T22:42:22.835+0000] {logging_mixin.py:190} INFO - [2026-06-29T22:42:22.835+0000] {dagbag.py:588} INFO - Filling up the DagBag from /home/airflow/.local/lib/python3.12/site-packages/airflow/example_dags/example_local_kubernetes_executor.py
[2026-06-29T22:42:22.848+0000] {processor.py:925} INFO - DAG(s) 'example_local_kubernetes_executor' retrieved from /home/airflow/.local/lib/python3.12/site-packages/airflow/example_dags/example_local_kubernetes_executor.py
[2026-06-29T22:42:22.874+0000] {logging_mixin.py:190} INFO - [2026-06-29T22:42:22.874+0000] {dag.py:3239} INFO - Sync 1 DAGs
[2026-06-29T22:42:22.889+0000] {logging_mixin.py:190} INFO - [2026-06-29T22:42:22.889+0000] {dag.py:4180} INFO - Setting next_dagrun for example_local_kubernetes_executor to None, run_after=None
[2026-06-29T22:42:22.914+0000] {processor.py:208} INFO - Processing /home/airflow/.local/lib/python3.12/site-packages/airflow/example_dags/example_local_kubernetes_executor.py took 0.101 seconds
[2026-06-29T22:42:53.521+0000] {processor.py:186} INFO - Started process (PID=278) to work on /home/airflow/.local/lib/python3.12/site-packages/airflow/example_dags/example_local_kubernetes_executor.py
[2026-06-29T22:42:53.522+0000] {processor.py:914} INFO - Processing file /home/airflow/.local/lib/python3.12/site-packages/airflow/example_dags/example_local_kubernetes_executor.py for tasks to queue
[2026-06-29T22:42:53.525+0000] {logging_mixin.py:190} INFO - [2026-06-29T22:42:53.524+0000] {dagbag.py:588} INFO - Filling up the DagBag from /home/airflow/.local/lib/python3.12/site-packages/airflow/example_dags/example_local_kubernetes_executor.py
[2026-06-29T22:42:53.535+0000] {processor.py:925} INFO - DAG(s) 'example_local_kubernetes_executor' retrieved from /home/airflow/.local/lib/python3.12/site-packages/airflow/example_dags/example_local_kubernetes_executor.py
[2026-06-29T22:42:53.557+0000] {logging_mixin.py:190} INFO - [2026-06-29T22:42:53.557+0000] {dag.py:3239} INFO - Sync 1 DAGs
[2026-06-29T22:42:53.571+0000] {logging_mixin.py:190} INFO - [2026-06-29T22:42:53.571+0000] {dag.py:4180} INFO - Setting next_dagrun for example_local_kubernetes_executor to None, run_after=None
[2026-06-29T22:42:53.594+0000] {processor.py:208} INFO - Processing /home/airflow/.local/lib/python3.12/site-packages/airflow/example_dags/example_local_kubernetes_executor.py took 0.078 seconds
[2026-06-29T22:43:23.843+0000] {processor.py:186} INFO - Started process (PID=342) to work on /home/airflow/.local/lib/python3.12/site-packages/airflow/example_dags/example_local_kubernetes_executor.py
[2026-06-29T22:43:23.846+0000] {processor.py:914} INFO - Processing file /home/airflow/.local/lib/python3.12/site-packages/airflow/example_dags/example_local_kubernetes_executor.py for tasks to queue
[2026-06-29T22:43:23.849+0000] {logging_mixin.py:190} INFO - [2026-06-29T22:43:23.849+0000] {dagbag.py:588} INFO - Filling up the DagBag from /home/airflow/.local/lib/python3.12/site-packages/airflow/example_dags/example_local_kubernetes_executor.py
[2026-06-29T22:43:23.860+0000] {processor.py:925} INFO - DAG(s) 'example_local_kubernetes_executor' retrieved from /home/airflow/.local/lib/python3.12/site-packages/airflow/example_dags/example_local_kubernetes_executor.py
[2026-06-29T22:43:23.881+0000] {logging_mixin.py:190} INFO - [2026-06-29T22:43:23.881+0000] {dag.py:3239} INFO - Sync 1 DAGs
[2026-06-29T22:43:23.896+0000] {logging_mixin.py:190} INFO - [2026-06-29T22:43:23.896+0000] {dag.py:4180} INFO - Setting next_dagrun for example_local_kubernetes_executor to None, run_after=None
[2026-06-29T22:43:23.918+0000] {processor.py:208} INFO - Processing /home/airflow/.local/lib/python3.12/site-packages/airflow/example_dags/example_local_kubernetes_executor.py took 0.084 seconds
[2026-06-29T22:43:54.182+0000] {processor.py:186} INFO - Started process (PID=407) to work on /home/airflow/.local/lib/python3.12/site-packages/airflow/example_dags/example_local_kubernetes_executor.py
[2026-06-29T22:43:54.184+0000] {processor.py:914} INFO - Processing file /home/airflow/.local/lib/python3.12/site-packages/airflow/example_dags/example_local_kubernetes_executor.py for tasks to queue
[2026-06-29T22:43:54.190+0000] {logging_mixin.py:190} INFO - [2026-06-29T22:43:54.190+0000] {dagbag.py:588} INFO - Filling up the DagBag from /home/airflow/.local/lib/python3.12/site-packages/airflow/example_dags/example_local_kubernetes_executor.py
[2026-06-29T22:43:54.209+0000] {processor.py:925} INFO - DAG(s) 'example_local_kubernetes_executor' retrieved from /home/airflow/.local/lib/python3.12/site-packages/airflow/example_dags/example_local_kubernetes_executor.py
[2026-06-29T22:43:54.335+0000] {logging_mixin.py:190} INFO - [2026-06-29T22:43:54.325+0000] {dag.py:3239} INFO - Sync 1 DAGs
[2026-06-29T22:43:54.433+0000] {logging_mixin.py:190} INFO - [2026-06-29T22:43:54.432+0000] {dag.py:4180} INFO - Setting next_dagrun for example_local_kubernetes_executor to None, run_after=None
[2026-06-29T22:43:54.533+0000] {processor.py:208} INFO - Processing /home/airflow/.local/lib/python3.12/site-packages/airflow/example_dags/example_local_kubernetes_executor.py took 0.360 seconds
[2026-06-29T22:44:25.542+0000] {processor.py:186} INFO - Started process (PID=471) to work on /home/airflow/.local/lib/python3.12/site-packages/airflow/example_dags/example_local_kubernetes_executor.py
[2026-06-29T22:44:25.545+0000] {processor.py:914} INFO - Processing file /home/airflow/.local/lib/python3.12/site-packages/airflow/example_dags/example_local_kubernetes_executor.py for tasks to queue
[2026-06-29T22:44:25.553+0000] {logging_mixin.py:190} INFO - [2026-06-29T22:44:25.552+0000] {dagbag.py:588} INFO - Filling up the DagBag from /home/airflow/.local/lib/python3.12/site-packages/airflow/example_dags/example_local_kubernetes_executor.py
[2026-06-29T22:44:25.573+0000] {processor.py:925} INFO - DAG(s) 'example_local_kubernetes_executor' retrieved from /home/airflow/.local/lib/python3.12/site-packages/airflow/example_dags/example_local_kubernetes_executor.py
[2026-06-29T22:44:25.619+0000] {logging_mixin.py:190} INFO - [2026-06-29T22:44:25.618+0000] {dag.py:3239} INFO - Sync 1 DAGs
[2026-06-29T22:44:25.650+0000] {logging_mixin.py:190} INFO - [2026-06-29T22:44:25.649+0000] {dag.py:4180} INFO - Setting next_dagrun for example_local_kubernetes_executor to None, run_after=None
[2026-06-29T22:44:25.688+0000] {processor.py:208} INFO - Processing /home/airflow/.local/lib/python3.12/site-packages/airflow/example_dags/example_local_kubernetes_executor.py took 0.157 seconds
[2026-06-29T22:44:56.414+0000] {processor.py:186} INFO - Started process (PID=536) to work on /home/airflow/.local/lib/python3.12/site-packages/airflow/example_dags/example_local_kubernetes_executor.py
[2026-06-29T22:44:56.418+0000] {processor.py:914} INFO - Processing file /home/airflow/.local/lib/python3.12/site-packages/airflow/example_dags/example_local_kubernetes_executor.py for tasks to queue
[2026-06-29T22:44:56.431+0000] {logging_mixin.py:190} INFO - [2026-06-29T22:44:56.430+0000] {dagbag.py:588} INFO - Filling up the DagBag from /home/airflow/.local/lib/python3.12/site-packages/airflow/example_dags/example_local_kubernetes_executor.py
[2026-06-29T22:44:56.457+0000] {processor.py:925} INFO - DAG(s) 'example_local_kubernetes_executor' retrieved from /home/airflow/.local/lib/python3.12/site-packages/airflow/example_dags/example_local_kubernetes_executor.py
[2026-06-29T22:44:56.526+0000] {logging_mixin.py:190} INFO - [2026-06-29T22:44:56.526+0000] {dag.py:3239} INFO - Sync 1 DAGs
[2026-06-29T22:44:56.570+0000] {logging_mixin.py:190} INFO - [2026-06-29T22:44:56.569+0000] {dag.py:4180} INFO - Setting next_dagrun for example_local_kubernetes_executor to None, run_after=None
[2026-06-29T22:44:56.635+0000] {processor.py:208} INFO - Processing /home/airflow/.local/lib/python3.12/site-packages/airflow/example_dags/example_local_kubernetes_executor.py took 0.243 seconds
[2026-06-29T22:45:26.818+0000] {processor.py:186} INFO - Started process (PID=598) to work on /home/airflow/.local/lib/python3.12/site-packages/airflow/example_dags/example_local_kubernetes_executor.py
[2026-06-29T22:45:26.820+0000] {processor.py:914} INFO - Processing file /home/airflow/.local/lib/python3.12/site-packages/airflow/example_dags/example_local_kubernetes_executor.py for tasks to queue
[2026-06-29T22:45:26.824+0000] {logging_mixin.py:190} INFO - [2026-06-29T22:45:26.823+0000] {dagbag.py:588} INFO - Filling up the DagBag from /home/airflow/.local/lib/python3.12/site-packages/airflow/example_dags/example_local_kubernetes_executor.py
[2026-06-29T22:45:26.837+0000] {processor.py:925} INFO - DAG(s) 'example_local_kubernetes_executor' retrieved from /home/airflow/.local/lib/python3.12/site-packages/airflow/example_dags/example_local_kubernetes_executor.py
[2026-06-29T22:45:26.862+0000] {logging_mixin.py:190} INFO - [2026-06-29T22:45:26.862+0000] {dag.py:3239} INFO - Sync 1 DAGs
[2026-06-29T22:45:26.878+0000] {logging_mixin.py:190} INFO - [2026-06-29T22:45:26.878+0000] {dag.py:4180} INFO - Setting next_dagrun for example_local_kubernetes_executor to None, run_after=None
[2026-06-29T22:45:26.899+0000] {processor.py:208} INFO - Processing /home/airflow/.local/lib/python3.12/site-packages/airflow/example_dags/example_local_kubernetes_executor.py took 0.089 seconds
[2026-06-29T22:45:57.045+0000] {processor.py:186} INFO - Started process (PID=662) to work on /home/airflow/.local/lib/python3.12/site-packages/airflow/example_dags/example_local_kubernetes_executor.py
[2026-06-29T22:45:57.047+0000] {processor.py:914} INFO - Processing file /home/airflow/.local/lib/python3.12/site-packages/airflow/example_dags/example_local_kubernetes_executor.py for tasks to queue
[2026-06-29T22:45:57.054+0000] {logging_mixin.py:190} INFO - [2026-06-29T22:45:57.054+0000] {dagbag.py:588} INFO - Filling up the DagBag from /home/airflow/.local/lib/python3.12/site-packages/airflow/example_dags/example_local_kubernetes_executor.py
[2026-06-29T22:45:57.075+0000] {processor.py:925} INFO - DAG(s) 'example_local_kubernetes_executor' retrieved from /home/airflow/.local/lib/python3.12/site-packages/airflow/example_dags/example_local_kubernetes_executor.py
[2026-06-29T22:45:57.129+0000] {logging_mixin.py:190} INFO - [2026-06-29T22:45:57.129+0000] {dag.py:3239} INFO - Sync 1 DAGs
[2026-06-29T22:45:57.177+0000] {logging_mixin.py:190} INFO - [2026-06-29T22:45:57.176+0000] {dag.py:4180} INFO - Setting next_dagrun for example_local_kubernetes_executor to None, run_after=None
[2026-06-29T22:45:57.242+0000] {processor.py:208} INFO - Processing /home/airflow/.local/lib/python3.12/site-packages/airflow/example_dags/example_local_kubernetes_executor.py took 0.208 seconds
[2026-06-29T22:46:27.583+0000] {processor.py:186} INFO - Started process (PID=726) to work on /home/airflow/.local/lib/python3.12/site-packages/airflow/example_dags/example_local_kubernetes_executor.py
[2026-06-29T22:46:27.585+0000] {processor.py:914} INFO - Processing file /home/airflow/.local/lib/python3.12/site-packages/airflow/example_dags/example_local_kubernetes_executor.py for tasks to queue
[2026-06-29T22:46:27.589+0000] {logging_mixin.py:190} INFO - [2026-06-29T22:46:27.589+0000] {dagbag.py:588} INFO - Filling up the DagBag from /home/airflow/.local/lib/python3.12/site-packages/airflow/example_dags/example_local_kubernetes_executor.py
[2026-06-29T22:46:27.606+0000] {processor.py:925} INFO - DAG(s) 'example_local_kubernetes_executor' retrieved from /home/airflow/.local/lib/python3.12/site-packages/airflow/example_dags/example_local_kubernetes_executor.py
[2026-06-29T22:46:27.641+0000] {logging_mixin.py:190} INFO - [2026-06-29T22:46:27.640+0000] {dag.py:3239} INFO - Sync 1 DAGs
[2026-06-29T22:46:27.662+0000] {logging_mixin.py:190} INFO - [2026-06-29T22:46:27.662+0000] {dag.py:4180} INFO - Setting next_dagrun for example_local_kubernetes_executor to None, run_after=None
[2026-06-29T22:46:27.696+0000] {processor.py:208} INFO - Processing /home/airflow/.local/lib/python3.12/site-packages/airflow/example_dags/example_local_kubernetes_executor.py took 0.122 seconds
[2026-06-29T22:46:58.440+0000] {processor.py:186} INFO - Started process (PID=791) to work on /home/airflow/.local/lib/python3.12/site-packages/airflow/example_dags/example_local_kubernetes_executor.py
[2026-06-29T22:46:58.444+0000] {processor.py:914} INFO - Processing file /home/airflow/.local/lib/python3.12/site-packages/airflow/example_dags/example_local_kubernetes_executor.py for tasks to queue
[2026-06-29T22:46:58.450+0000] {logging_mixin.py:190} INFO - [2026-06-29T22:46:58.449+0000] {dagbag.py:588} INFO - Filling up the DagBag from /home/airflow/.local/lib/python3.12/site-packages/airflow/example_dags/example_local_kubernetes_executor.py
[2026-06-29T22:46:58.467+0000] {processor.py:925} INFO - DAG(s) 'example_local_kubernetes_executor' retrieved from /home/airflow/.local/lib/python3.12/site-packages/airflow/example_dags/example_local_kubernetes_executor.py
[2026-06-29T22:46:58.538+0000] {logging_mixin.py:190} INFO - [2026-06-29T22:46:58.537+0000] {dag.py:3239} INFO - Sync 1 DAGs
[2026-06-29T22:46:58.586+0000] {logging_mixin.py:190} INFO - [2026-06-29T22:46:58.586+0000] {dag.py:4180} INFO - Setting next_dagrun for example_local_kubernetes_executor to None, run_after=None
[2026-06-29T22:46:58.631+0000] {processor.py:208} INFO - Processing /home/airflow/.local/lib/python3.12/site-packages/airflow/example_dags/example_local_kubernetes_executor.py took 0.204 seconds
