[2026-06-29T21:57:02.031+0000] {processor.py:186} INFO - Started process (PID=94) to work on /home/airflow/.local/lib/python3.12/site-packages/airflow/example_dags/example_branch_operator.py
[2026-06-29T21:57:02.034+0000] {processor.py:914} INFO - Processing file /home/airflow/.local/lib/python3.12/site-packages/airflow/example_dags/example_branch_operator.py for tasks to queue
[2026-06-29T21:57:02.042+0000] {logging_mixin.py:190} INFO - [2026-06-29T21:57:02.041+0000] {dagbag.py:588} INFO - Filling up the DagBag from /home/airflow/.local/lib/python3.12/site-packages/airflow/example_dags/example_branch_operator.py
[2026-06-29T21:57:02.090+0000] {processor.py:925} INFO - DAG(s) 'example_branch_operator' retrieved from /home/airflow/.local/lib/python3.12/site-packages/airflow/example_dags/example_branch_operator.py
[2026-06-29T21:57:02.341+0000] {logging_mixin.py:190} INFO - [2026-06-29T21:57:02.339+0000] {override.py:1912} INFO - Created Permission View: can edit on DAG:example_branch_operator
[2026-06-29T21:57:02.376+0000] {logging_mixin.py:190} INFO - [2026-06-29T21:57:02.376+0000] {override.py:1912} INFO - Created Permission View: can read on DAG:example_branch_operator
[2026-06-29T21:57:02.396+0000] {logging_mixin.py:190} INFO - [2026-06-29T21:57:02.395+0000] {override.py:1912} INFO - Created Permission View: can delete on DAG:example_branch_operator
[2026-06-29T21:57:02.421+0000] {logging_mixin.py:190} INFO - [2026-06-29T21:57:02.420+0000] {override.py:1912} INFO - Created Permission View: can create on DAG Run:example_branch_operator
[2026-06-29T21:57:02.439+0000] {logging_mixin.py:190} INFO - [2026-06-29T21:57:02.439+0000] {override.py:1912} INFO - Created Permission View: can read on DAG Run:example_branch_operator
[2026-06-29T21:57:02.461+0000] {logging_mixin.py:190} INFO - [2026-06-29T21:57:02.461+0000] {override.py:1912} INFO - Created Permission View: can delete on DAG Run:example_branch_operator
[2026-06-29T21:57:02.483+0000] {logging_mixin.py:190} INFO - [2026-06-29T21:57:02.482+0000] {override.py:1912} INFO - Created Permission View: menu access on DAG Run:example_branch_operator
[2026-06-29T21:57:02.485+0000] {logging_mixin.py:190} INFO - [2026-06-29T21:57:02.484+0000] {dag.py:3239} INFO - Sync 1 DAGs
[2026-06-29T21:57:02.520+0000] {logging_mixin.py:190} INFO - [2026-06-29T21:57:02.520+0000] {dag.py:3262} INFO - Creating ORM DAG for example_branch_operator
[2026-06-29T21:57:02.550+0000] {logging_mixin.py:190} INFO - [2026-06-29T21:57:02.549+0000] {dag.py:4180} INFO - Setting next_dagrun for example_branch_operator to 2026-06-28 00:00:00+00:00, run_after=2026-06-29 00:00:00+00:00
[2026-06-29T21:57:02.596+0000] {processor.py:208} INFO - Processing /home/airflow/.local/lib/python3.12/site-packages/airflow/example_dags/example_branch_operator.py took 0.574 seconds
[2026-06-29T21:59:09.307+0000] {processor.py:186} INFO - Started process (PID=94) to work on /home/airflow/.local/lib/python3.12/site-packages/airflow/example_dags/example_branch_operator.py
[2026-06-29T21:59:09.317+0000] {processor.py:914} INFO - Processing file /home/airflow/.local/lib/python3.12/site-packages/airflow/example_dags/example_branch_operator.py for tasks to queue
[2026-06-29T21:59:09.338+0000] {logging_mixin.py:190} INFO - [2026-06-29T21:59:09.337+0000] {dagbag.py:588} INFO - Filling up the DagBag from /home/airflow/.local/lib/python3.12/site-packages/airflow/example_dags/example_branch_operator.py
[2026-06-29T21:59:09.421+0000] {processor.py:925} INFO - DAG(s) 'example_branch_operator' retrieved from /home/airflow/.local/lib/python3.12/site-packages/airflow/example_dags/example_branch_operator.py
[2026-06-29T21:59:09.827+0000] {logging_mixin.py:190} INFO - [2026-06-29T21:59:09.826+0000] {dag.py:3239} INFO - Sync 1 DAGs
[2026-06-29T21:59:09.881+0000] {logging_mixin.py:190} INFO - [2026-06-29T21:59:09.880+0000] {dag.py:4180} INFO - Setting next_dagrun for example_branch_operator to 2026-06-28 00:00:00+00:00, run_after=2026-06-29 00:00:00+00:00
[2026-06-29T21:59:09.966+0000] {processor.py:208} INFO - Processing /home/airflow/.local/lib/python3.12/site-packages/airflow/example_dags/example_branch_operator.py took 0.673 seconds
[2026-06-29T21:59:40.739+0000] {processor.py:186} INFO - Started process (PID=157) to work on /home/airflow/.local/lib/python3.12/site-packages/airflow/example_dags/example_branch_operator.py
[2026-06-29T21:59:40.742+0000] {processor.py:914} INFO - Processing file /home/airflow/.local/lib/python3.12/site-packages/airflow/example_dags/example_branch_operator.py for tasks to queue
[2026-06-29T21:59:40.747+0000] {logging_mixin.py:190} INFO - [2026-06-29T21:59:40.747+0000] {dagbag.py:588} INFO - Filling up the DagBag from /home/airflow/.local/lib/python3.12/site-packages/airflow/example_dags/example_branch_operator.py
[2026-06-29T21:59:40.793+0000] {processor.py:925} INFO - DAG(s) 'example_branch_operator' retrieved from /home/airflow/.local/lib/python3.12/site-packages/airflow/example_dags/example_branch_operator.py
[2026-06-29T21:59:40.888+0000] {logging_mixin.py:190} INFO - [2026-06-29T21:59:40.887+0000] {dag.py:3239} INFO - Sync 1 DAGs
[2026-06-29T21:59:40.969+0000] {logging_mixin.py:190} INFO - [2026-06-29T21:59:40.969+0000] {dag.py:4180} INFO - Setting next_dagrun for example_branch_operator to 2026-06-28 00:00:00+00:00, run_after=2026-06-29 00:00:00+00:00
[2026-06-29T21:59:41.071+0000] {processor.py:208} INFO - Processing /home/airflow/.local/lib/python3.12/site-packages/airflow/example_dags/example_branch_operator.py took 0.344 seconds
[2026-06-29T22:00:11.956+0000] {processor.py:186} INFO - Started process (PID=220) to work on /home/airflow/.local/lib/python3.12/site-packages/airflow/example_dags/example_branch_operator.py
[2026-06-29T22:00:11.962+0000] {processor.py:914} INFO - Processing file /home/airflow/.local/lib/python3.12/site-packages/airflow/example_dags/example_branch_operator.py for tasks to queue
[2026-06-29T22:00:11.969+0000] {logging_mixin.py:190} INFO - [2026-06-29T22:00:11.969+0000] {dagbag.py:588} INFO - Filling up the DagBag from /home/airflow/.local/lib/python3.12/site-packages/airflow/example_dags/example_branch_operator.py
[2026-06-29T22:00:12.002+0000] {processor.py:925} INFO - DAG(s) 'example_branch_operator' retrieved from /home/airflow/.local/lib/python3.12/site-packages/airflow/example_dags/example_branch_operator.py
[2026-06-29T22:00:12.094+0000] {logging_mixin.py:190} INFO - [2026-06-29T22:00:12.093+0000] {dag.py:3239} INFO - Sync 1 DAGs
[2026-06-29T22:00:12.135+0000] {logging_mixin.py:190} INFO - [2026-06-29T22:00:12.135+0000] {dag.py:4180} INFO - Setting next_dagrun for example_branch_operator to 2026-06-28 00:00:00+00:00, run_after=2026-06-29 00:00:00+00:00
[2026-06-29T22:00:12.206+0000] {processor.py:208} INFO - Processing /home/airflow/.local/lib/python3.12/site-packages/airflow/example_dags/example_branch_operator.py took 0.276 seconds
[2026-06-29T22:00:42.743+0000] {processor.py:186} INFO - Started process (PID=283) to work on /home/airflow/.local/lib/python3.12/site-packages/airflow/example_dags/example_branch_operator.py
[2026-06-29T22:00:42.744+0000] {processor.py:914} INFO - Processing file /home/airflow/.local/lib/python3.12/site-packages/airflow/example_dags/example_branch_operator.py for tasks to queue
[2026-06-29T22:00:42.747+0000] {logging_mixin.py:190} INFO - [2026-06-29T22:00:42.747+0000] {dagbag.py:588} INFO - Filling up the DagBag from /home/airflow/.local/lib/python3.12/site-packages/airflow/example_dags/example_branch_operator.py
[2026-06-29T22:00:42.767+0000] {processor.py:925} INFO - DAG(s) 'example_branch_operator' retrieved from /home/airflow/.local/lib/python3.12/site-packages/airflow/example_dags/example_branch_operator.py
[2026-06-29T22:00:42.803+0000] {logging_mixin.py:190} INFO - [2026-06-29T22:00:42.803+0000] {dag.py:3239} INFO - Sync 1 DAGs
[2026-06-29T22:00:42.833+0000] {logging_mixin.py:190} INFO - [2026-06-29T22:00:42.832+0000] {dag.py:4180} INFO - Setting next_dagrun for example_branch_operator to 2026-06-28 00:00:00+00:00, run_after=2026-06-29 00:00:00+00:00
[2026-06-29T22:00:42.855+0000] {processor.py:208} INFO - Processing /home/airflow/.local/lib/python3.12/site-packages/airflow/example_dags/example_branch_operator.py took 0.120 seconds
[2026-06-29T22:01:13.543+0000] {processor.py:186} INFO - Started process (PID=346) to work on /home/airflow/.local/lib/python3.12/site-packages/airflow/example_dags/example_branch_operator.py
[2026-06-29T22:01:13.544+0000] {processor.py:914} INFO - Processing file /home/airflow/.local/lib/python3.12/site-packages/airflow/example_dags/example_branch_operator.py for tasks to queue
[2026-06-29T22:01:13.547+0000] {logging_mixin.py:190} INFO - [2026-06-29T22:01:13.547+0000] {dagbag.py:588} INFO - Filling up the DagBag from /home/airflow/.local/lib/python3.12/site-packages/airflow/example_dags/example_branch_operator.py
[2026-06-29T22:01:13.567+0000] {processor.py:925} INFO - DAG(s) 'example_branch_operator' retrieved from /home/airflow/.local/lib/python3.12/site-packages/airflow/example_dags/example_branch_operator.py
[2026-06-29T22:01:13.594+0000] {logging_mixin.py:190} INFO - [2026-06-29T22:01:13.593+0000] {dag.py:3239} INFO - Sync 1 DAGs
[2026-06-29T22:01:13.625+0000] {logging_mixin.py:190} INFO - [2026-06-29T22:01:13.624+0000] {dag.py:4180} INFO - Setting next_dagrun for example_branch_operator to 2026-06-28 00:00:00+00:00, run_after=2026-06-29 00:00:00+00:00
[2026-06-29T22:01:13.652+0000] {processor.py:208} INFO - Processing /home/airflow/.local/lib/python3.12/site-packages/airflow/example_dags/example_branch_operator.py took 0.114 seconds
[2026-06-29T22:01:44.585+0000] {processor.py:186} INFO - Started process (PID=409) to work on /home/airflow/.local/lib/python3.12/site-packages/airflow/example_dags/example_branch_operator.py
[2026-06-29T22:01:44.589+0000] {processor.py:914} INFO - Processing file /home/airflow/.local/lib/python3.12/site-packages/airflow/example_dags/example_branch_operator.py for tasks to queue
[2026-06-29T22:01:44.595+0000] {logging_mixin.py:190} INFO - [2026-06-29T22:01:44.595+0000] {dagbag.py:588} INFO - Filling up the DagBag from /home/airflow/.local/lib/python3.12/site-packages/airflow/example_dags/example_branch_operator.py
[2026-06-29T22:01:44.624+0000] {processor.py:925} INFO - DAG(s) 'example_branch_operator' retrieved from /home/airflow/.local/lib/python3.12/site-packages/airflow/example_dags/example_branch_operator.py
[2026-06-29T22:01:44.681+0000] {logging_mixin.py:190} INFO - [2026-06-29T22:01:44.680+0000] {dag.py:3239} INFO - Sync 1 DAGs
[2026-06-29T22:01:44.723+0000] {logging_mixin.py:190} INFO - [2026-06-29T22:01:44.723+0000] {dag.py:4180} INFO - Setting next_dagrun for example_branch_operator to 2026-06-28 00:00:00+00:00, run_after=2026-06-29 00:00:00+00:00
[2026-06-29T22:01:44.757+0000] {processor.py:208} INFO - Processing /home/airflow/.local/lib/python3.12/site-packages/airflow/example_dags/example_branch_operator.py took 0.184 seconds
[2026-06-29T22:02:14.960+0000] {processor.py:186} INFO - Started process (PID=473) to work on /home/airflow/.local/lib/python3.12/site-packages/airflow/example_dags/example_branch_operator.py
[2026-06-29T22:02:14.963+0000] {processor.py:914} INFO - Processing file /home/airflow/.local/lib/python3.12/site-packages/airflow/example_dags/example_branch_operator.py for tasks to queue
[2026-06-29T22:02:14.967+0000] {logging_mixin.py:190} INFO - [2026-06-29T22:02:14.967+0000] {dagbag.py:588} INFO - Filling up the DagBag from /home/airflow/.local/lib/python3.12/site-packages/airflow/example_dags/example_branch_operator.py
[2026-06-29T22:02:14.989+0000] {processor.py:925} INFO - DAG(s) 'example_branch_operator' retrieved from /home/airflow/.local/lib/python3.12/site-packages/airflow/example_dags/example_branch_operator.py
[2026-06-29T22:02:15.038+0000] {logging_mixin.py:190} INFO - [2026-06-29T22:02:15.038+0000] {dag.py:3239} INFO - Sync 1 DAGs
[2026-06-29T22:02:15.101+0000] {logging_mixin.py:190} INFO - [2026-06-29T22:02:15.101+0000] {dag.py:4180} INFO - Setting next_dagrun for example_branch_operator to 2026-06-28 00:00:00+00:00, run_after=2026-06-29 00:00:00+00:00
[2026-06-29T22:02:15.148+0000] {processor.py:208} INFO - Processing /home/airflow/.local/lib/python3.12/site-packages/airflow/example_dags/example_branch_operator.py took 0.195 seconds
[2026-06-29T22:02:47.309+0000] {processor.py:186} INFO - Started process (PID=536) to work on /home/airflow/.local/lib/python3.12/site-packages/airflow/example_dags/example_branch_operator.py
[2026-06-29T22:02:47.364+0000] {processor.py:914} INFO - Processing file /home/airflow/.local/lib/python3.12/site-packages/airflow/example_dags/example_branch_operator.py for tasks to queue
[2026-06-29T22:02:47.500+0000] {logging_mixin.py:190} INFO - [2026-06-29T22:02:47.486+0000] {dagbag.py:588} INFO - Filling up the DagBag from /home/airflow/.local/lib/python3.12/site-packages/airflow/example_dags/example_branch_operator.py
[2026-06-29T22:02:47.948+0000] {processor.py:925} INFO - DAG(s) 'example_branch_operator' retrieved from /home/airflow/.local/lib/python3.12/site-packages/airflow/example_dags/example_branch_operator.py
[2026-06-29T22:02:48.354+0000] {logging_mixin.py:190} INFO - [2026-06-29T22:02:48.351+0000] {dag.py:3239} INFO - Sync 1 DAGs
[2026-06-29T22:02:48.607+0000] {logging_mixin.py:190} INFO - [2026-06-29T22:02:48.606+0000] {dag.py:4180} INFO - Setting next_dagrun for example_branch_operator to 2026-06-28 00:00:00+00:00, run_after=2026-06-29 00:00:00+00:00
[2026-06-29T22:02:48.879+0000] {processor.py:208} INFO - Processing /home/airflow/.local/lib/python3.12/site-packages/airflow/example_dags/example_branch_operator.py took 1.765 seconds
[2026-06-29T22:03:19.082+0000] {processor.py:186} INFO - Started process (PID=600) to work on /home/airflow/.local/lib/python3.12/site-packages/airflow/example_dags/example_branch_operator.py
[2026-06-29T22:03:19.083+0000] {processor.py:914} INFO - Processing file /home/airflow/.local/lib/python3.12/site-packages/airflow/example_dags/example_branch_operator.py for tasks to queue
[2026-06-29T22:03:19.086+0000] {logging_mixin.py:190} INFO - [2026-06-29T22:03:19.086+0000] {dagbag.py:588} INFO - Filling up the DagBag from /home/airflow/.local/lib/python3.12/site-packages/airflow/example_dags/example_branch_operator.py
[2026-06-29T22:03:19.106+0000] {processor.py:925} INFO - DAG(s) 'example_branch_operator' retrieved from /home/airflow/.local/lib/python3.12/site-packages/airflow/example_dags/example_branch_operator.py
[2026-06-29T22:03:19.142+0000] {logging_mixin.py:190} INFO - [2026-06-29T22:03:19.142+0000] {dag.py:3239} INFO - Sync 1 DAGs
[2026-06-29T22:03:19.170+0000] {logging_mixin.py:190} INFO - [2026-06-29T22:03:19.170+0000] {dag.py:4180} INFO - Setting next_dagrun for example_branch_operator to 2026-06-28 00:00:00+00:00, run_after=2026-06-29 00:00:00+00:00
[2026-06-29T22:03:19.190+0000] {processor.py:208} INFO - Processing /home/airflow/.local/lib/python3.12/site-packages/airflow/example_dags/example_branch_operator.py took 0.115 seconds
[2026-06-29T22:03:49.294+0000] {processor.py:186} INFO - Started process (PID=662) to work on /home/airflow/.local/lib/python3.12/site-packages/airflow/example_dags/example_branch_operator.py
[2026-06-29T22:03:49.297+0000] {processor.py:914} INFO - Processing file /home/airflow/.local/lib/python3.12/site-packages/airflow/example_dags/example_branch_operator.py for tasks to queue
[2026-06-29T22:03:49.302+0000] {logging_mixin.py:190} INFO - [2026-06-29T22:03:49.302+0000] {dagbag.py:588} INFO - Filling up the DagBag from /home/airflow/.local/lib/python3.12/site-packages/airflow/example_dags/example_branch_operator.py
[2026-06-29T22:03:49.330+0000] {processor.py:925} INFO - DAG(s) 'example_branch_operator' retrieved from /home/airflow/.local/lib/python3.12/site-packages/airflow/example_dags/example_branch_operator.py
[2026-06-29T22:03:49.373+0000] {logging_mixin.py:190} INFO - [2026-06-29T22:03:49.373+0000] {dag.py:3239} INFO - Sync 1 DAGs
[2026-06-29T22:03:49.408+0000] {logging_mixin.py:190} INFO - [2026-06-29T22:03:49.408+0000] {dag.py:4180} INFO - Setting next_dagrun for example_branch_operator to 2026-06-28 00:00:00+00:00, run_after=2026-06-29 00:00:00+00:00
[2026-06-29T22:03:49.435+0000] {processor.py:208} INFO - Processing /home/airflow/.local/lib/python3.12/site-packages/airflow/example_dags/example_branch_operator.py took 0.150 seconds
[2026-06-29T22:04:19.982+0000] {processor.py:186} INFO - Started process (PID=726) to work on /home/airflow/.local/lib/python3.12/site-packages/airflow/example_dags/example_branch_operator.py
[2026-06-29T22:04:19.985+0000] {processor.py:914} INFO - Processing file /home/airflow/.local/lib/python3.12/site-packages/airflow/example_dags/example_branch_operator.py for tasks to queue
[2026-06-29T22:04:19.991+0000] {logging_mixin.py:190} INFO - [2026-06-29T22:04:19.990+0000] {dagbag.py:588} INFO - Filling up the DagBag from /home/airflow/.local/lib/python3.12/site-packages/airflow/example_dags/example_branch_operator.py
[2026-06-29T22:04:20.027+0000] {processor.py:925} INFO - DAG(s) 'example_branch_operator' retrieved from /home/airflow/.local/lib/python3.12/site-packages/airflow/example_dags/example_branch_operator.py
[2026-06-29T22:04:20.107+0000] {logging_mixin.py:190} INFO - [2026-06-29T22:04:20.105+0000] {dag.py:3239} INFO - Sync 1 DAGs
[2026-06-29T22:04:20.250+0000] {logging_mixin.py:190} INFO - [2026-06-29T22:04:20.250+0000] {dag.py:4180} INFO - Setting next_dagrun for example_branch_operator to 2026-06-28 00:00:00+00:00, run_after=2026-06-29 00:00:00+00:00
[2026-06-29T22:04:20.318+0000] {processor.py:208} INFO - Processing /home/airflow/.local/lib/python3.12/site-packages/airflow/example_dags/example_branch_operator.py took 0.347 seconds
[2026-06-29T22:04:53.685+0000] {processor.py:186} INFO - Started process (PID=789) to work on /home/airflow/.local/lib/python3.12/site-packages/airflow/example_dags/example_branch_operator.py
[2026-06-29T22:04:53.689+0000] {processor.py:914} INFO - Processing file /home/airflow/.local/lib/python3.12/site-packages/airflow/example_dags/example_branch_operator.py for tasks to queue
[2026-06-29T22:04:53.694+0000] {logging_mixin.py:190} INFO - [2026-06-29T22:04:53.693+0000] {dagbag.py:588} INFO - Filling up the DagBag from /home/airflow/.local/lib/python3.12/site-packages/airflow/example_dags/example_branch_operator.py
[2026-06-29T22:04:53.737+0000] {processor.py:925} INFO - DAG(s) 'example_branch_operator' retrieved from /home/airflow/.local/lib/python3.12/site-packages/airflow/example_dags/example_branch_operator.py
[2026-06-29T22:04:53.809+0000] {logging_mixin.py:190} INFO - [2026-06-29T22:04:53.809+0000] {dag.py:3239} INFO - Sync 1 DAGs
[2026-06-29T22:04:53.855+0000] {logging_mixin.py:190} INFO - [2026-06-29T22:04:53.855+0000] {dag.py:4180} INFO - Setting next_dagrun for example_branch_operator to 2026-06-28 00:00:00+00:00, run_after=2026-06-29 00:00:00+00:00
[2026-06-29T22:04:53.894+0000] {processor.py:208} INFO - Processing /home/airflow/.local/lib/python3.12/site-packages/airflow/example_dags/example_branch_operator.py took 0.219 seconds
[2026-06-29T22:05:24.095+0000] {processor.py:186} INFO - Started process (PID=853) to work on /home/airflow/.local/lib/python3.12/site-packages/airflow/example_dags/example_branch_operator.py
[2026-06-29T22:05:24.097+0000] {processor.py:914} INFO - Processing file /home/airflow/.local/lib/python3.12/site-packages/airflow/example_dags/example_branch_operator.py for tasks to queue
[2026-06-29T22:05:24.103+0000] {logging_mixin.py:190} INFO - [2026-06-29T22:05:24.102+0000] {dagbag.py:588} INFO - Filling up the DagBag from /home/airflow/.local/lib/python3.12/site-packages/airflow/example_dags/example_branch_operator.py
[2026-06-29T22:05:24.133+0000] {processor.py:925} INFO - DAG(s) 'example_branch_operator' retrieved from /home/airflow/.local/lib/python3.12/site-packages/airflow/example_dags/example_branch_operator.py
[2026-06-29T22:05:24.170+0000] {logging_mixin.py:190} INFO - [2026-06-29T22:05:24.169+0000] {dag.py:3239} INFO - Sync 1 DAGs
[2026-06-29T22:05:24.201+0000] {logging_mixin.py:190} INFO - [2026-06-29T22:05:24.200+0000] {dag.py:4180} INFO - Setting next_dagrun for example_branch_operator to 2026-06-28 00:00:00+00:00, run_after=2026-06-29 00:00:00+00:00
[2026-06-29T22:05:24.227+0000] {processor.py:208} INFO - Processing /home/airflow/.local/lib/python3.12/site-packages/airflow/example_dags/example_branch_operator.py took 0.139 seconds
[2026-06-29T22:05:54.662+0000] {processor.py:186} INFO - Started process (PID=917) to work on /home/airflow/.local/lib/python3.12/site-packages/airflow/example_dags/example_branch_operator.py
[2026-06-29T22:05:54.663+0000] {processor.py:914} INFO - Processing file /home/airflow/.local/lib/python3.12/site-packages/airflow/example_dags/example_branch_operator.py for tasks to queue
[2026-06-29T22:05:54.667+0000] {logging_mixin.py:190} INFO - [2026-06-29T22:05:54.666+0000] {dagbag.py:588} INFO - Filling up the DagBag from /home/airflow/.local/lib/python3.12/site-packages/airflow/example_dags/example_branch_operator.py
[2026-06-29T22:05:54.687+0000] {processor.py:925} INFO - DAG(s) 'example_branch_operator' retrieved from /home/airflow/.local/lib/python3.12/site-packages/airflow/example_dags/example_branch_operator.py
[2026-06-29T22:05:54.720+0000] {logging_mixin.py:190} INFO - [2026-06-29T22:05:54.719+0000] {dag.py:3239} INFO - Sync 1 DAGs
[2026-06-29T22:05:54.754+0000] {logging_mixin.py:190} INFO - [2026-06-29T22:05:54.753+0000] {dag.py:4180} INFO - Setting next_dagrun for example_branch_operator to 2026-06-28 00:00:00+00:00, run_after=2026-06-29 00:00:00+00:00
[2026-06-29T22:05:54.779+0000] {processor.py:208} INFO - Processing /home/airflow/.local/lib/python3.12/site-packages/airflow/example_dags/example_branch_operator.py took 0.125 seconds
[2026-06-29T22:08:22.542+0000] {processor.py:186} INFO - Started process (PID=102) to work on /home/airflow/.local/lib/python3.12/site-packages/airflow/example_dags/example_branch_operator.py
[2026-06-29T22:08:22.544+0000] {processor.py:914} INFO - Processing file /home/airflow/.local/lib/python3.12/site-packages/airflow/example_dags/example_branch_operator.py for tasks to queue
[2026-06-29T22:08:22.555+0000] {logging_mixin.py:190} INFO - [2026-06-29T22:08:22.553+0000] {dagbag.py:588} INFO - Filling up the DagBag from /home/airflow/.local/lib/python3.12/site-packages/airflow/example_dags/example_branch_operator.py
[2026-06-29T22:08:22.595+0000] {processor.py:925} INFO - DAG(s) 'example_branch_operator' retrieved from /home/airflow/.local/lib/python3.12/site-packages/airflow/example_dags/example_branch_operator.py
[2026-06-29T22:08:22.906+0000] {logging_mixin.py:190} INFO - [2026-06-29T22:08:22.906+0000] {dag.py:3239} INFO - Sync 1 DAGs
[2026-06-29T22:08:22.947+0000] {logging_mixin.py:190} INFO - [2026-06-29T22:08:22.947+0000] {dag.py:4180} INFO - Setting next_dagrun for example_branch_operator to 2026-06-28 00:00:00+00:00, run_after=2026-06-29 00:00:00+00:00
[2026-06-29T22:08:23.001+0000] {processor.py:208} INFO - Processing /home/airflow/.local/lib/python3.12/site-packages/airflow/example_dags/example_branch_operator.py took 0.483 seconds
[2026-06-29T22:08:59.209+0000] {processor.py:186} INFO - Started process (PID=166) to work on /home/airflow/.local/lib/python3.12/site-packages/airflow/example_dags/example_branch_operator.py
[2026-06-29T22:08:59.213+0000] {processor.py:914} INFO - Processing file /home/airflow/.local/lib/python3.12/site-packages/airflow/example_dags/example_branch_operator.py for tasks to queue
[2026-06-29T22:08:59.219+0000] {logging_mixin.py:190} INFO - [2026-06-29T22:08:59.218+0000] {dagbag.py:588} INFO - Filling up the DagBag from /home/airflow/.local/lib/python3.12/site-packages/airflow/example_dags/example_branch_operator.py
[2026-06-29T22:08:59.259+0000] {processor.py:925} INFO - DAG(s) 'example_branch_operator' retrieved from /home/airflow/.local/lib/python3.12/site-packages/airflow/example_dags/example_branch_operator.py
[2026-06-29T22:08:59.335+0000] {logging_mixin.py:190} INFO - [2026-06-29T22:08:59.334+0000] {dag.py:3239} INFO - Sync 1 DAGs
[2026-06-29T22:08:59.379+0000] {logging_mixin.py:190} INFO - [2026-06-29T22:08:59.378+0000] {dag.py:4180} INFO - Setting next_dagrun for example_branch_operator to 2026-06-28 00:00:00+00:00, run_after=2026-06-29 00:00:00+00:00
[2026-06-29T22:08:59.415+0000] {processor.py:208} INFO - Processing /home/airflow/.local/lib/python3.12/site-packages/airflow/example_dags/example_branch_operator.py took 0.218 seconds
[2026-06-29T22:09:32.081+0000] {processor.py:186} INFO - Started process (PID=230) to work on /home/airflow/.local/lib/python3.12/site-packages/airflow/example_dags/example_branch_operator.py
[2026-06-29T22:09:32.085+0000] {processor.py:914} INFO - Processing file /home/airflow/.local/lib/python3.12/site-packages/airflow/example_dags/example_branch_operator.py for tasks to queue
[2026-06-29T22:09:32.094+0000] {logging_mixin.py:190} INFO - [2026-06-29T22:09:32.093+0000] {dagbag.py:588} INFO - Filling up the DagBag from /home/airflow/.local/lib/python3.12/site-packages/airflow/example_dags/example_branch_operator.py
[2026-06-29T22:09:32.173+0000] {processor.py:925} INFO - DAG(s) 'example_branch_operator' retrieved from /home/airflow/.local/lib/python3.12/site-packages/airflow/example_dags/example_branch_operator.py
[2026-06-29T22:09:32.294+0000] {logging_mixin.py:190} INFO - [2026-06-29T22:09:32.293+0000] {dag.py:3239} INFO - Sync 1 DAGs
[2026-06-29T22:09:32.423+0000] {logging_mixin.py:190} INFO - [2026-06-29T22:09:32.423+0000] {dag.py:4180} INFO - Setting next_dagrun for example_branch_operator to 2026-06-28 00:00:00+00:00, run_after=2026-06-29 00:00:00+00:00
[2026-06-29T22:09:32.581+0000] {processor.py:208} INFO - Processing /home/airflow/.local/lib/python3.12/site-packages/airflow/example_dags/example_branch_operator.py took 0.522 seconds
[2026-06-29T22:10:02.818+0000] {processor.py:186} INFO - Started process (PID=293) to work on /home/airflow/.local/lib/python3.12/site-packages/airflow/example_dags/example_branch_operator.py
[2026-06-29T22:10:02.826+0000] {processor.py:914} INFO - Processing file /home/airflow/.local/lib/python3.12/site-packages/airflow/example_dags/example_branch_operator.py for tasks to queue
[2026-06-29T22:10:02.832+0000] {logging_mixin.py:190} INFO - [2026-06-29T22:10:02.832+0000] {dagbag.py:588} INFO - Filling up the DagBag from /home/airflow/.local/lib/python3.12/site-packages/airflow/example_dags/example_branch_operator.py
[2026-06-29T22:10:02.877+0000] {processor.py:925} INFO - DAG(s) 'example_branch_operator' retrieved from /home/airflow/.local/lib/python3.12/site-packages/airflow/example_dags/example_branch_operator.py
[2026-06-29T22:10:02.970+0000] {logging_mixin.py:190} INFO - [2026-06-29T22:10:02.969+0000] {dag.py:3239} INFO - Sync 1 DAGs
[2026-06-29T22:10:03.237+0000] {logging_mixin.py:190} INFO - [2026-06-29T22:10:03.236+0000] {dag.py:4180} INFO - Setting next_dagrun for example_branch_operator to 2026-06-28 00:00:00+00:00, run_after=2026-06-29 00:00:00+00:00
[2026-06-29T22:10:03.362+0000] {processor.py:208} INFO - Processing /home/airflow/.local/lib/python3.12/site-packages/airflow/example_dags/example_branch_operator.py took 0.572 seconds
[2026-06-29T22:10:33.702+0000] {processor.py:186} INFO - Started process (PID=358) to work on /home/airflow/.local/lib/python3.12/site-packages/airflow/example_dags/example_branch_operator.py
[2026-06-29T22:10:33.706+0000] {processor.py:914} INFO - Processing file /home/airflow/.local/lib/python3.12/site-packages/airflow/example_dags/example_branch_operator.py for tasks to queue
[2026-06-29T22:10:33.713+0000] {logging_mixin.py:190} INFO - [2026-06-29T22:10:33.712+0000] {dagbag.py:588} INFO - Filling up the DagBag from /home/airflow/.local/lib/python3.12/site-packages/airflow/example_dags/example_branch_operator.py
[2026-06-29T22:10:33.777+0000] {processor.py:925} INFO - DAG(s) 'example_branch_operator' retrieved from /home/airflow/.local/lib/python3.12/site-packages/airflow/example_dags/example_branch_operator.py
[2026-06-29T22:10:33.867+0000] {logging_mixin.py:190} INFO - [2026-06-29T22:10:33.867+0000] {dag.py:3239} INFO - Sync 1 DAGs
[2026-06-29T22:10:33.938+0000] {logging_mixin.py:190} INFO - [2026-06-29T22:10:33.936+0000] {dag.py:4180} INFO - Setting next_dagrun for example_branch_operator to 2026-06-28 00:00:00+00:00, run_after=2026-06-29 00:00:00+00:00
[2026-06-29T22:10:33.986+0000] {processor.py:208} INFO - Processing /home/airflow/.local/lib/python3.12/site-packages/airflow/example_dags/example_branch_operator.py took 0.306 seconds
[2026-06-29T22:11:04.159+0000] {processor.py:186} INFO - Started process (PID=422) to work on /home/airflow/.local/lib/python3.12/site-packages/airflow/example_dags/example_branch_operator.py
[2026-06-29T22:11:04.160+0000] {processor.py:914} INFO - Processing file /home/airflow/.local/lib/python3.12/site-packages/airflow/example_dags/example_branch_operator.py for tasks to queue
[2026-06-29T22:11:04.163+0000] {logging_mixin.py:190} INFO - [2026-06-29T22:11:04.163+0000] {dagbag.py:588} INFO - Filling up the DagBag from /home/airflow/.local/lib/python3.12/site-packages/airflow/example_dags/example_branch_operator.py
[2026-06-29T22:11:04.183+0000] {processor.py:925} INFO - DAG(s) 'example_branch_operator' retrieved from /home/airflow/.local/lib/python3.12/site-packages/airflow/example_dags/example_branch_operator.py
[2026-06-29T22:11:04.216+0000] {logging_mixin.py:190} INFO - [2026-06-29T22:11:04.216+0000] {dag.py:3239} INFO - Sync 1 DAGs
[2026-06-29T22:11:04.242+0000] {logging_mixin.py:190} INFO - [2026-06-29T22:11:04.242+0000] {dag.py:4180} INFO - Setting next_dagrun for example_branch_operator to 2026-06-28 00:00:00+00:00, run_after=2026-06-29 00:00:00+00:00
[2026-06-29T22:11:04.266+0000] {processor.py:208} INFO - Processing /home/airflow/.local/lib/python3.12/site-packages/airflow/example_dags/example_branch_operator.py took 0.118 seconds
[2026-06-29T22:11:35.150+0000] {processor.py:186} INFO - Started process (PID=486) to work on /home/airflow/.local/lib/python3.12/site-packages/airflow/example_dags/example_branch_operator.py
[2026-06-29T22:11:35.152+0000] {processor.py:914} INFO - Processing file /home/airflow/.local/lib/python3.12/site-packages/airflow/example_dags/example_branch_operator.py for tasks to queue
[2026-06-29T22:11:35.157+0000] {logging_mixin.py:190} INFO - [2026-06-29T22:11:35.156+0000] {dagbag.py:588} INFO - Filling up the DagBag from /home/airflow/.local/lib/python3.12/site-packages/airflow/example_dags/example_branch_operator.py
[2026-06-29T22:11:35.177+0000] {processor.py:925} INFO - DAG(s) 'example_branch_operator' retrieved from /home/airflow/.local/lib/python3.12/site-packages/airflow/example_dags/example_branch_operator.py
[2026-06-29T22:11:35.209+0000] {logging_mixin.py:190} INFO - [2026-06-29T22:11:35.209+0000] {dag.py:3239} INFO - Sync 1 DAGs
[2026-06-29T22:11:35.234+0000] {logging_mixin.py:190} INFO - [2026-06-29T22:11:35.234+0000] {dag.py:4180} INFO - Setting next_dagrun for example_branch_operator to 2026-06-28 00:00:00+00:00, run_after=2026-06-29 00:00:00+00:00
[2026-06-29T22:11:35.258+0000] {processor.py:208} INFO - Processing /home/airflow/.local/lib/python3.12/site-packages/airflow/example_dags/example_branch_operator.py took 0.115 seconds
[2026-06-29T22:12:05.810+0000] {processor.py:186} INFO - Started process (PID=550) to work on /home/airflow/.local/lib/python3.12/site-packages/airflow/example_dags/example_branch_operator.py
[2026-06-29T22:12:05.811+0000] {processor.py:914} INFO - Processing file /home/airflow/.local/lib/python3.12/site-packages/airflow/example_dags/example_branch_operator.py for tasks to queue
[2026-06-29T22:12:05.814+0000] {logging_mixin.py:190} INFO - [2026-06-29T22:12:05.814+0000] {dagbag.py:588} INFO - Filling up the DagBag from /home/airflow/.local/lib/python3.12/site-packages/airflow/example_dags/example_branch_operator.py
[2026-06-29T22:12:05.833+0000] {processor.py:925} INFO - DAG(s) 'example_branch_operator' retrieved from /home/airflow/.local/lib/python3.12/site-packages/airflow/example_dags/example_branch_operator.py
[2026-06-29T22:12:05.864+0000] {logging_mixin.py:190} INFO - [2026-06-29T22:12:05.864+0000] {dag.py:3239} INFO - Sync 1 DAGs
[2026-06-29T22:12:05.890+0000] {logging_mixin.py:190} INFO - [2026-06-29T22:12:05.890+0000] {dag.py:4180} INFO - Setting next_dagrun for example_branch_operator to 2026-06-28 00:00:00+00:00, run_after=2026-06-29 00:00:00+00:00
[2026-06-29T22:12:05.913+0000] {processor.py:208} INFO - Processing /home/airflow/.local/lib/python3.12/site-packages/airflow/example_dags/example_branch_operator.py took 0.110 seconds
[2026-06-29T22:12:38.225+0000] {processor.py:186} INFO - Started process (PID=620) to work on /home/airflow/.local/lib/python3.12/site-packages/airflow/example_dags/example_branch_operator.py
[2026-06-29T22:12:38.238+0000] {processor.py:914} INFO - Processing file /home/airflow/.local/lib/python3.12/site-packages/airflow/example_dags/example_branch_operator.py for tasks to queue
[2026-06-29T22:12:38.307+0000] {logging_mixin.py:190} INFO - [2026-06-29T22:12:38.303+0000] {dagbag.py:588} INFO - Filling up the DagBag from /home/airflow/.local/lib/python3.12/site-packages/airflow/example_dags/example_branch_operator.py
[2026-06-29T22:12:38.380+0000] {processor.py:925} INFO - DAG(s) 'example_branch_operator' retrieved from /home/airflow/.local/lib/python3.12/site-packages/airflow/example_dags/example_branch_operator.py
[2026-06-29T22:12:38.502+0000] {logging_mixin.py:190} INFO - [2026-06-29T22:12:38.500+0000] {dag.py:3239} INFO - Sync 1 DAGs
[2026-06-29T22:12:38.571+0000] {logging_mixin.py:190} INFO - [2026-06-29T22:12:38.571+0000] {dag.py:4180} INFO - Setting next_dagrun for example_branch_operator to 2026-06-28 00:00:00+00:00, run_after=2026-06-29 00:00:00+00:00
[2026-06-29T22:12:38.630+0000] {processor.py:208} INFO - Processing /home/airflow/.local/lib/python3.12/site-packages/airflow/example_dags/example_branch_operator.py took 0.421 seconds
[2026-06-29T22:13:09.256+0000] {processor.py:186} INFO - Started process (PID=684) to work on /home/airflow/.local/lib/python3.12/site-packages/airflow/example_dags/example_branch_operator.py
[2026-06-29T22:13:09.258+0000] {processor.py:914} INFO - Processing file /home/airflow/.local/lib/python3.12/site-packages/airflow/example_dags/example_branch_operator.py for tasks to queue
[2026-06-29T22:13:09.263+0000] {logging_mixin.py:190} INFO - [2026-06-29T22:13:09.262+0000] {dagbag.py:588} INFO - Filling up the DagBag from /home/airflow/.local/lib/python3.12/site-packages/airflow/example_dags/example_branch_operator.py
[2026-06-29T22:13:09.297+0000] {processor.py:925} INFO - DAG(s) 'example_branch_operator' retrieved from /home/airflow/.local/lib/python3.12/site-packages/airflow/example_dags/example_branch_operator.py
[2026-06-29T22:13:09.356+0000] {logging_mixin.py:190} INFO - [2026-06-29T22:13:09.356+0000] {dag.py:3239} INFO - Sync 1 DAGs
[2026-06-29T22:13:09.421+0000] {logging_mixin.py:190} INFO - [2026-06-29T22:13:09.421+0000] {dag.py:4180} INFO - Setting next_dagrun for example_branch_operator to 2026-06-28 00:00:00+00:00, run_after=2026-06-29 00:00:00+00:00
[2026-06-29T22:13:09.470+0000] {processor.py:208} INFO - Processing /home/airflow/.local/lib/python3.12/site-packages/airflow/example_dags/example_branch_operator.py took 0.229 seconds
[2026-06-29T22:13:40.642+0000] {processor.py:186} INFO - Started process (PID=749) to work on /home/airflow/.local/lib/python3.12/site-packages/airflow/example_dags/example_branch_operator.py
[2026-06-29T22:13:40.646+0000] {processor.py:914} INFO - Processing file /home/airflow/.local/lib/python3.12/site-packages/airflow/example_dags/example_branch_operator.py for tasks to queue
[2026-06-29T22:13:40.675+0000] {logging_mixin.py:190} INFO - [2026-06-29T22:13:40.674+0000] {dagbag.py:588} INFO - Filling up the DagBag from /home/airflow/.local/lib/python3.12/site-packages/airflow/example_dags/example_branch_operator.py
[2026-06-29T22:13:40.718+0000] {processor.py:925} INFO - DAG(s) 'example_branch_operator' retrieved from /home/airflow/.local/lib/python3.12/site-packages/airflow/example_dags/example_branch_operator.py
[2026-06-29T22:13:40.805+0000] {logging_mixin.py:190} INFO - [2026-06-29T22:13:40.805+0000] {dag.py:3239} INFO - Sync 1 DAGs
[2026-06-29T22:13:40.869+0000] {logging_mixin.py:190} INFO - [2026-06-29T22:13:40.868+0000] {dag.py:4180} INFO - Setting next_dagrun for example_branch_operator to 2026-06-28 00:00:00+00:00, run_after=2026-06-29 00:00:00+00:00
[2026-06-29T22:13:40.911+0000] {processor.py:208} INFO - Processing /home/airflow/.local/lib/python3.12/site-packages/airflow/example_dags/example_branch_operator.py took 0.284 seconds
[2026-06-29T22:14:11.055+0000] {processor.py:186} INFO - Started process (PID=813) to work on /home/airflow/.local/lib/python3.12/site-packages/airflow/example_dags/example_branch_operator.py
[2026-06-29T22:14:11.057+0000] {processor.py:914} INFO - Processing file /home/airflow/.local/lib/python3.12/site-packages/airflow/example_dags/example_branch_operator.py for tasks to queue
[2026-06-29T22:14:11.068+0000] {logging_mixin.py:190} INFO - [2026-06-29T22:14:11.067+0000] {dagbag.py:588} INFO - Filling up the DagBag from /home/airflow/.local/lib/python3.12/site-packages/airflow/example_dags/example_branch_operator.py
[2026-06-29T22:14:11.109+0000] {processor.py:925} INFO - DAG(s) 'example_branch_operator' retrieved from /home/airflow/.local/lib/python3.12/site-packages/airflow/example_dags/example_branch_operator.py
[2026-06-29T22:14:11.224+0000] {logging_mixin.py:190} INFO - [2026-06-29T22:14:11.223+0000] {dag.py:3239} INFO - Sync 1 DAGs
[2026-06-29T22:14:11.320+0000] {logging_mixin.py:190} INFO - [2026-06-29T22:14:11.319+0000] {dag.py:4180} INFO - Setting next_dagrun for example_branch_operator to 2026-06-28 00:00:00+00:00, run_after=2026-06-29 00:00:00+00:00
[2026-06-29T22:14:11.391+0000] {processor.py:208} INFO - Processing /home/airflow/.local/lib/python3.12/site-packages/airflow/example_dags/example_branch_operator.py took 0.358 seconds
[2026-06-29T22:14:41.546+0000] {processor.py:186} INFO - Started process (PID=877) to work on /home/airflow/.local/lib/python3.12/site-packages/airflow/example_dags/example_branch_operator.py
[2026-06-29T22:14:41.549+0000] {processor.py:914} INFO - Processing file /home/airflow/.local/lib/python3.12/site-packages/airflow/example_dags/example_branch_operator.py for tasks to queue
[2026-06-29T22:14:41.554+0000] {logging_mixin.py:190} INFO - [2026-06-29T22:14:41.553+0000] {dagbag.py:588} INFO - Filling up the DagBag from /home/airflow/.local/lib/python3.12/site-packages/airflow/example_dags/example_branch_operator.py
[2026-06-29T22:14:41.586+0000] {processor.py:925} INFO - DAG(s) 'example_branch_operator' retrieved from /home/airflow/.local/lib/python3.12/site-packages/airflow/example_dags/example_branch_operator.py
[2026-06-29T22:14:41.651+0000] {logging_mixin.py:190} INFO - [2026-06-29T22:14:41.650+0000] {dag.py:3239} INFO - Sync 1 DAGs
[2026-06-29T22:14:41.709+0000] {logging_mixin.py:190} INFO - [2026-06-29T22:14:41.708+0000] {dag.py:4180} INFO - Setting next_dagrun for example_branch_operator to 2026-06-28 00:00:00+00:00, run_after=2026-06-29 00:00:00+00:00
[2026-06-29T22:14:41.759+0000] {processor.py:208} INFO - Processing /home/airflow/.local/lib/python3.12/site-packages/airflow/example_dags/example_branch_operator.py took 0.224 seconds
[2026-06-29T22:15:12.273+0000] {processor.py:186} INFO - Started process (PID=941) to work on /home/airflow/.local/lib/python3.12/site-packages/airflow/example_dags/example_branch_operator.py
[2026-06-29T22:15:12.275+0000] {processor.py:914} INFO - Processing file /home/airflow/.local/lib/python3.12/site-packages/airflow/example_dags/example_branch_operator.py for tasks to queue
[2026-06-29T22:15:12.278+0000] {logging_mixin.py:190} INFO - [2026-06-29T22:15:12.278+0000] {dagbag.py:588} INFO - Filling up the DagBag from /home/airflow/.local/lib/python3.12/site-packages/airflow/example_dags/example_branch_operator.py
[2026-06-29T22:15:12.298+0000] {processor.py:925} INFO - DAG(s) 'example_branch_operator' retrieved from /home/airflow/.local/lib/python3.12/site-packages/airflow/example_dags/example_branch_operator.py
[2026-06-29T22:15:12.330+0000] {logging_mixin.py:190} INFO - [2026-06-29T22:15:12.330+0000] {dag.py:3239} INFO - Sync 1 DAGs
[2026-06-29T22:15:12.365+0000] {logging_mixin.py:190} INFO - [2026-06-29T22:15:12.365+0000] {dag.py:4180} INFO - Setting next_dagrun for example_branch_operator to 2026-06-28 00:00:00+00:00, run_after=2026-06-29 00:00:00+00:00
[2026-06-29T22:15:12.399+0000] {processor.py:208} INFO - Processing /home/airflow/.local/lib/python3.12/site-packages/airflow/example_dags/example_branch_operator.py took 0.132 seconds
[2026-06-29T22:15:42.953+0000] {processor.py:186} INFO - Started process (PID=1005) to work on /home/airflow/.local/lib/python3.12/site-packages/airflow/example_dags/example_branch_operator.py
[2026-06-29T22:15:42.955+0000] {processor.py:914} INFO - Processing file /home/airflow/.local/lib/python3.12/site-packages/airflow/example_dags/example_branch_operator.py for tasks to queue
[2026-06-29T22:15:42.959+0000] {logging_mixin.py:190} INFO - [2026-06-29T22:15:42.959+0000] {dagbag.py:588} INFO - Filling up the DagBag from /home/airflow/.local/lib/python3.12/site-packages/airflow/example_dags/example_branch_operator.py
[2026-06-29T22:15:42.984+0000] {processor.py:925} INFO - DAG(s) 'example_branch_operator' retrieved from /home/airflow/.local/lib/python3.12/site-packages/airflow/example_dags/example_branch_operator.py
[2026-06-29T22:15:43.032+0000] {logging_mixin.py:190} INFO - [2026-06-29T22:15:43.032+0000] {dag.py:3239} INFO - Sync 1 DAGs
[2026-06-29T22:15:43.073+0000] {logging_mixin.py:190} INFO - [2026-06-29T22:15:43.072+0000] {dag.py:4180} INFO - Setting next_dagrun for example_branch_operator to 2026-06-28 00:00:00+00:00, run_after=2026-06-29 00:00:00+00:00
[2026-06-29T22:15:43.108+0000] {processor.py:208} INFO - Processing /home/airflow/.local/lib/python3.12/site-packages/airflow/example_dags/example_branch_operator.py took 0.163 seconds
[2026-06-29T22:16:13.344+0000] {processor.py:186} INFO - Started process (PID=1068) to work on /home/airflow/.local/lib/python3.12/site-packages/airflow/example_dags/example_branch_operator.py
[2026-06-29T22:16:13.345+0000] {processor.py:914} INFO - Processing file /home/airflow/.local/lib/python3.12/site-packages/airflow/example_dags/example_branch_operator.py for tasks to queue
[2026-06-29T22:16:13.349+0000] {logging_mixin.py:190} INFO - [2026-06-29T22:16:13.348+0000] {dagbag.py:588} INFO - Filling up the DagBag from /home/airflow/.local/lib/python3.12/site-packages/airflow/example_dags/example_branch_operator.py
[2026-06-29T22:16:13.368+0000] {processor.py:925} INFO - DAG(s) 'example_branch_operator' retrieved from /home/airflow/.local/lib/python3.12/site-packages/airflow/example_dags/example_branch_operator.py
[2026-06-29T22:16:13.399+0000] {logging_mixin.py:190} INFO - [2026-06-29T22:16:13.399+0000] {dag.py:3239} INFO - Sync 1 DAGs
[2026-06-29T22:16:13.427+0000] {logging_mixin.py:190} INFO - [2026-06-29T22:16:13.427+0000] {dag.py:4180} INFO - Setting next_dagrun for example_branch_operator to 2026-06-28 00:00:00+00:00, run_after=2026-06-29 00:00:00+00:00
[2026-06-29T22:16:13.448+0000] {processor.py:208} INFO - Processing /home/airflow/.local/lib/python3.12/site-packages/airflow/example_dags/example_branch_operator.py took 0.113 seconds
[2026-06-29T22:16:45.173+0000] {processor.py:186} INFO - Started process (PID=1132) to work on /home/airflow/.local/lib/python3.12/site-packages/airflow/example_dags/example_branch_operator.py
[2026-06-29T22:16:45.176+0000] {processor.py:914} INFO - Processing file /home/airflow/.local/lib/python3.12/site-packages/airflow/example_dags/example_branch_operator.py for tasks to queue
[2026-06-29T22:16:45.183+0000] {logging_mixin.py:190} INFO - [2026-06-29T22:16:45.182+0000] {dagbag.py:588} INFO - Filling up the DagBag from /home/airflow/.local/lib/python3.12/site-packages/airflow/example_dags/example_branch_operator.py
[2026-06-29T22:16:45.236+0000] {processor.py:925} INFO - DAG(s) 'example_branch_operator' retrieved from /home/airflow/.local/lib/python3.12/site-packages/airflow/example_dags/example_branch_operator.py
[2026-06-29T22:16:45.319+0000] {logging_mixin.py:190} INFO - [2026-06-29T22:16:45.318+0000] {dag.py:3239} INFO - Sync 1 DAGs
[2026-06-29T22:16:45.393+0000] {logging_mixin.py:190} INFO - [2026-06-29T22:16:45.392+0000] {dag.py:4180} INFO - Setting next_dagrun for example_branch_operator to 2026-06-28 00:00:00+00:00, run_after=2026-06-29 00:00:00+00:00
[2026-06-29T22:16:45.456+0000] {processor.py:208} INFO - Processing /home/airflow/.local/lib/python3.12/site-packages/airflow/example_dags/example_branch_operator.py took 0.300 seconds
[2026-06-29T22:17:15.648+0000] {processor.py:186} INFO - Started process (PID=1194) to work on /home/airflow/.local/lib/python3.12/site-packages/airflow/example_dags/example_branch_operator.py
[2026-06-29T22:17:15.651+0000] {processor.py:914} INFO - Processing file /home/airflow/.local/lib/python3.12/site-packages/airflow/example_dags/example_branch_operator.py for tasks to queue
[2026-06-29T22:17:15.661+0000] {logging_mixin.py:190} INFO - [2026-06-29T22:17:15.659+0000] {dagbag.py:588} INFO - Filling up the DagBag from /home/airflow/.local/lib/python3.12/site-packages/airflow/example_dags/example_branch_operator.py
[2026-06-29T22:17:15.708+0000] {processor.py:925} INFO - DAG(s) 'example_branch_operator' retrieved from /home/airflow/.local/lib/python3.12/site-packages/airflow/example_dags/example_branch_operator.py
[2026-06-29T22:17:15.769+0000] {logging_mixin.py:190} INFO - [2026-06-29T22:17:15.769+0000] {dag.py:3239} INFO - Sync 1 DAGs
[2026-06-29T22:17:15.821+0000] {logging_mixin.py:190} INFO - [2026-06-29T22:17:15.820+0000] {dag.py:4180} INFO - Setting next_dagrun for example_branch_operator to 2026-06-28 00:00:00+00:00, run_after=2026-06-29 00:00:00+00:00
[2026-06-29T22:17:15.866+0000] {processor.py:208} INFO - Processing /home/airflow/.local/lib/python3.12/site-packages/airflow/example_dags/example_branch_operator.py took 0.237 seconds
[2026-06-29T22:17:46.066+0000] {processor.py:186} INFO - Started process (PID=1258) to work on /home/airflow/.local/lib/python3.12/site-packages/airflow/example_dags/example_branch_operator.py
[2026-06-29T22:17:46.069+0000] {processor.py:914} INFO - Processing file /home/airflow/.local/lib/python3.12/site-packages/airflow/example_dags/example_branch_operator.py for tasks to queue
[2026-06-29T22:17:46.076+0000] {logging_mixin.py:190} INFO - [2026-06-29T22:17:46.075+0000] {dagbag.py:588} INFO - Filling up the DagBag from /home/airflow/.local/lib/python3.12/site-packages/airflow/example_dags/example_branch_operator.py
[2026-06-29T22:17:46.115+0000] {processor.py:925} INFO - DAG(s) 'example_branch_operator' retrieved from /home/airflow/.local/lib/python3.12/site-packages/airflow/example_dags/example_branch_operator.py
[2026-06-29T22:17:46.174+0000] {logging_mixin.py:190} INFO - [2026-06-29T22:17:46.174+0000] {dag.py:3239} INFO - Sync 1 DAGs
[2026-06-29T22:17:46.222+0000] {logging_mixin.py:190} INFO - [2026-06-29T22:17:46.222+0000] {dag.py:4180} INFO - Setting next_dagrun for example_branch_operator to 2026-06-28 00:00:00+00:00, run_after=2026-06-29 00:00:00+00:00
[2026-06-29T22:17:46.262+0000] {processor.py:208} INFO - Processing /home/airflow/.local/lib/python3.12/site-packages/airflow/example_dags/example_branch_operator.py took 0.205 seconds
[2026-06-29T22:18:16.583+0000] {processor.py:186} INFO - Started process (PID=1322) to work on /home/airflow/.local/lib/python3.12/site-packages/airflow/example_dags/example_branch_operator.py
[2026-06-29T22:18:16.587+0000] {processor.py:914} INFO - Processing file /home/airflow/.local/lib/python3.12/site-packages/airflow/example_dags/example_branch_operator.py for tasks to queue
[2026-06-29T22:18:16.595+0000] {logging_mixin.py:190} INFO - [2026-06-29T22:18:16.594+0000] {dagbag.py:588} INFO - Filling up the DagBag from /home/airflow/.local/lib/python3.12/site-packages/airflow/example_dags/example_branch_operator.py
[2026-06-29T22:18:16.663+0000] {processor.py:925} INFO - DAG(s) 'example_branch_operator' retrieved from /home/airflow/.local/lib/python3.12/site-packages/airflow/example_dags/example_branch_operator.py
[2026-06-29T22:18:16.748+0000] {logging_mixin.py:190} INFO - [2026-06-29T22:18:16.748+0000] {dag.py:3239} INFO - Sync 1 DAGs
[2026-06-29T22:18:16.811+0000] {logging_mixin.py:190} INFO - [2026-06-29T22:18:16.810+0000] {dag.py:4180} INFO - Setting next_dagrun for example_branch_operator to 2026-06-28 00:00:00+00:00, run_after=2026-06-29 00:00:00+00:00
[2026-06-29T22:18:16.862+0000] {processor.py:208} INFO - Processing /home/airflow/.local/lib/python3.12/site-packages/airflow/example_dags/example_branch_operator.py took 0.292 seconds
[2026-06-29T22:18:46.973+0000] {processor.py:186} INFO - Started process (PID=1386) to work on /home/airflow/.local/lib/python3.12/site-packages/airflow/example_dags/example_branch_operator.py
[2026-06-29T22:18:46.975+0000] {processor.py:914} INFO - Processing file /home/airflow/.local/lib/python3.12/site-packages/airflow/example_dags/example_branch_operator.py for tasks to queue
[2026-06-29T22:18:46.979+0000] {logging_mixin.py:190} INFO - [2026-06-29T22:18:46.979+0000] {dagbag.py:588} INFO - Filling up the DagBag from /home/airflow/.local/lib/python3.12/site-packages/airflow/example_dags/example_branch_operator.py
[2026-06-29T22:18:47.020+0000] {processor.py:925} INFO - DAG(s) 'example_branch_operator' retrieved from /home/airflow/.local/lib/python3.12/site-packages/airflow/example_dags/example_branch_operator.py
[2026-06-29T22:18:47.056+0000] {logging_mixin.py:190} INFO - [2026-06-29T22:18:47.055+0000] {dag.py:3239} INFO - Sync 1 DAGs
[2026-06-29T22:18:47.092+0000] {logging_mixin.py:190} INFO - [2026-06-29T22:18:47.092+0000] {dag.py:4180} INFO - Setting next_dagrun for example_branch_operator to 2026-06-28 00:00:00+00:00, run_after=2026-06-29 00:00:00+00:00
[2026-06-29T22:18:47.143+0000] {processor.py:208} INFO - Processing /home/airflow/.local/lib/python3.12/site-packages/airflow/example_dags/example_branch_operator.py took 0.183 seconds
[2026-06-29T22:19:18.027+0000] {processor.py:186} INFO - Started process (PID=1450) to work on /home/airflow/.local/lib/python3.12/site-packages/airflow/example_dags/example_branch_operator.py
[2026-06-29T22:19:18.029+0000] {processor.py:914} INFO - Processing file /home/airflow/.local/lib/python3.12/site-packages/airflow/example_dags/example_branch_operator.py for tasks to queue
[2026-06-29T22:19:18.033+0000] {logging_mixin.py:190} INFO - [2026-06-29T22:19:18.033+0000] {dagbag.py:588} INFO - Filling up the DagBag from /home/airflow/.local/lib/python3.12/site-packages/airflow/example_dags/example_branch_operator.py
[2026-06-29T22:19:18.061+0000] {processor.py:925} INFO - DAG(s) 'example_branch_operator' retrieved from /home/airflow/.local/lib/python3.12/site-packages/airflow/example_dags/example_branch_operator.py
[2026-06-29T22:19:18.111+0000] {logging_mixin.py:190} INFO - [2026-06-29T22:19:18.111+0000] {dag.py:3239} INFO - Sync 1 DAGs
[2026-06-29T22:19:18.148+0000] {logging_mixin.py:190} INFO - [2026-06-29T22:19:18.148+0000] {dag.py:4180} INFO - Setting next_dagrun for example_branch_operator to 2026-06-28 00:00:00+00:00, run_after=2026-06-29 00:00:00+00:00
[2026-06-29T22:19:18.190+0000] {processor.py:208} INFO - Processing /home/airflow/.local/lib/python3.12/site-packages/airflow/example_dags/example_branch_operator.py took 0.173 seconds
[2026-06-29T22:19:48.436+0000] {processor.py:186} INFO - Started process (PID=1514) to work on /home/airflow/.local/lib/python3.12/site-packages/airflow/example_dags/example_branch_operator.py
[2026-06-29T22:19:48.439+0000] {processor.py:914} INFO - Processing file /home/airflow/.local/lib/python3.12/site-packages/airflow/example_dags/example_branch_operator.py for tasks to queue
[2026-06-29T22:19:48.444+0000] {logging_mixin.py:190} INFO - [2026-06-29T22:19:48.443+0000] {dagbag.py:588} INFO - Filling up the DagBag from /home/airflow/.local/lib/python3.12/site-packages/airflow/example_dags/example_branch_operator.py
[2026-06-29T22:19:48.476+0000] {processor.py:925} INFO - DAG(s) 'example_branch_operator' retrieved from /home/airflow/.local/lib/python3.12/site-packages/airflow/example_dags/example_branch_operator.py
[2026-06-29T22:19:48.539+0000] {logging_mixin.py:190} INFO - [2026-06-29T22:19:48.539+0000] {dag.py:3239} INFO - Sync 1 DAGs
[2026-06-29T22:19:48.583+0000] {logging_mixin.py:190} INFO - [2026-06-29T22:19:48.582+0000] {dag.py:4180} INFO - Setting next_dagrun for example_branch_operator to 2026-06-28 00:00:00+00:00, run_after=2026-06-29 00:00:00+00:00
[2026-06-29T22:19:48.626+0000] {processor.py:208} INFO - Processing /home/airflow/.local/lib/python3.12/site-packages/airflow/example_dags/example_branch_operator.py took 0.204 seconds
[2026-06-29T22:20:20.652+0000] {processor.py:186} INFO - Started process (PID=1578) to work on /home/airflow/.local/lib/python3.12/site-packages/airflow/example_dags/example_branch_operator.py
[2026-06-29T22:20:20.666+0000] {processor.py:914} INFO - Processing file /home/airflow/.local/lib/python3.12/site-packages/airflow/example_dags/example_branch_operator.py for tasks to queue
[2026-06-29T22:20:20.686+0000] {logging_mixin.py:190} INFO - [2026-06-29T22:20:20.684+0000] {dagbag.py:588} INFO - Filling up the DagBag from /home/airflow/.local/lib/python3.12/site-packages/airflow/example_dags/example_branch_operator.py
[2026-06-29T22:20:20.785+0000] {processor.py:925} INFO - DAG(s) 'example_branch_operator' retrieved from /home/airflow/.local/lib/python3.12/site-packages/airflow/example_dags/example_branch_operator.py
[2026-06-29T22:20:20.884+0000] {logging_mixin.py:190} INFO - [2026-06-29T22:20:20.883+0000] {dag.py:3239} INFO - Sync 1 DAGs
[2026-06-29T22:20:20.957+0000] {logging_mixin.py:190} INFO - [2026-06-29T22:20:20.957+0000] {dag.py:4180} INFO - Setting next_dagrun for example_branch_operator to 2026-06-28 00:00:00+00:00, run_after=2026-06-29 00:00:00+00:00
[2026-06-29T22:20:21.009+0000] {processor.py:208} INFO - Processing /home/airflow/.local/lib/python3.12/site-packages/airflow/example_dags/example_branch_operator.py took 0.384 seconds
[2026-06-29T22:20:54.982+0000] {processor.py:186} INFO - Started process (PID=1637) to work on /home/airflow/.local/lib/python3.12/site-packages/airflow/example_dags/example_branch_operator.py
[2026-06-29T22:20:54.986+0000] {processor.py:914} INFO - Processing file /home/airflow/.local/lib/python3.12/site-packages/airflow/example_dags/example_branch_operator.py for tasks to queue
[2026-06-29T22:20:54.992+0000] {logging_mixin.py:190} INFO - [2026-06-29T22:20:54.991+0000] {dagbag.py:588} INFO - Filling up the DagBag from /home/airflow/.local/lib/python3.12/site-packages/airflow/example_dags/example_branch_operator.py
[2026-06-29T22:20:55.025+0000] {processor.py:925} INFO - DAG(s) 'example_branch_operator' retrieved from /home/airflow/.local/lib/python3.12/site-packages/airflow/example_dags/example_branch_operator.py
[2026-06-29T22:20:55.095+0000] {logging_mixin.py:190} INFO - [2026-06-29T22:20:55.095+0000] {dag.py:3239} INFO - Sync 1 DAGs
[2026-06-29T22:20:55.141+0000] {logging_mixin.py:190} INFO - [2026-06-29T22:20:55.141+0000] {dag.py:4180} INFO - Setting next_dagrun for example_branch_operator to 2026-06-28 00:00:00+00:00, run_after=2026-06-29 00:00:00+00:00
[2026-06-29T22:20:55.189+0000] {processor.py:208} INFO - Processing /home/airflow/.local/lib/python3.12/site-packages/airflow/example_dags/example_branch_operator.py took 0.216 seconds
[2026-06-29T22:21:25.714+0000] {processor.py:186} INFO - Started process (PID=1701) to work on /home/airflow/.local/lib/python3.12/site-packages/airflow/example_dags/example_branch_operator.py
[2026-06-29T22:21:25.717+0000] {processor.py:914} INFO - Processing file /home/airflow/.local/lib/python3.12/site-packages/airflow/example_dags/example_branch_operator.py for tasks to queue
[2026-06-29T22:21:25.724+0000] {logging_mixin.py:190} INFO - [2026-06-29T22:21:25.723+0000] {dagbag.py:588} INFO - Filling up the DagBag from /home/airflow/.local/lib/python3.12/site-packages/airflow/example_dags/example_branch_operator.py
[2026-06-29T22:21:25.755+0000] {processor.py:925} INFO - DAG(s) 'example_branch_operator' retrieved from /home/airflow/.local/lib/python3.12/site-packages/airflow/example_dags/example_branch_operator.py
[2026-06-29T22:21:25.813+0000] {logging_mixin.py:190} INFO - [2026-06-29T22:21:25.812+0000] {dag.py:3239} INFO - Sync 1 DAGs
[2026-06-29T22:21:25.859+0000] {logging_mixin.py:190} INFO - [2026-06-29T22:21:25.859+0000] {dag.py:4180} INFO - Setting next_dagrun for example_branch_operator to 2026-06-28 00:00:00+00:00, run_after=2026-06-29 00:00:00+00:00
[2026-06-29T22:21:25.894+0000] {processor.py:208} INFO - Processing /home/airflow/.local/lib/python3.12/site-packages/airflow/example_dags/example_branch_operator.py took 0.193 seconds
[2026-06-29T22:21:56.669+0000] {processor.py:186} INFO - Started process (PID=1765) to work on /home/airflow/.local/lib/python3.12/site-packages/airflow/example_dags/example_branch_operator.py
[2026-06-29T22:21:56.670+0000] {processor.py:914} INFO - Processing file /home/airflow/.local/lib/python3.12/site-packages/airflow/example_dags/example_branch_operator.py for tasks to queue
[2026-06-29T22:21:56.674+0000] {logging_mixin.py:190} INFO - [2026-06-29T22:21:56.673+0000] {dagbag.py:588} INFO - Filling up the DagBag from /home/airflow/.local/lib/python3.12/site-packages/airflow/example_dags/example_branch_operator.py
[2026-06-29T22:21:56.694+0000] {processor.py:925} INFO - DAG(s) 'example_branch_operator' retrieved from /home/airflow/.local/lib/python3.12/site-packages/airflow/example_dags/example_branch_operator.py
[2026-06-29T22:21:56.726+0000] {logging_mixin.py:190} INFO - [2026-06-29T22:21:56.726+0000] {dag.py:3239} INFO - Sync 1 DAGs
[2026-06-29T22:21:56.750+0000] {logging_mixin.py:190} INFO - [2026-06-29T22:21:56.750+0000] {dag.py:4180} INFO - Setting next_dagrun for example_branch_operator to 2026-06-28 00:00:00+00:00, run_after=2026-06-29 00:00:00+00:00
[2026-06-29T22:21:56.773+0000] {processor.py:208} INFO - Processing /home/airflow/.local/lib/python3.12/site-packages/airflow/example_dags/example_branch_operator.py took 0.113 seconds
[2026-06-29T22:22:27.584+0000] {processor.py:186} INFO - Started process (PID=1829) to work on /home/airflow/.local/lib/python3.12/site-packages/airflow/example_dags/example_branch_operator.py
[2026-06-29T22:22:27.586+0000] {processor.py:914} INFO - Processing file /home/airflow/.local/lib/python3.12/site-packages/airflow/example_dags/example_branch_operator.py for tasks to queue
[2026-06-29T22:22:27.589+0000] {logging_mixin.py:190} INFO - [2026-06-29T22:22:27.589+0000] {dagbag.py:588} INFO - Filling up the DagBag from /home/airflow/.local/lib/python3.12/site-packages/airflow/example_dags/example_branch_operator.py
[2026-06-29T22:22:27.614+0000] {processor.py:925} INFO - DAG(s) 'example_branch_operator' retrieved from /home/airflow/.local/lib/python3.12/site-packages/airflow/example_dags/example_branch_operator.py
[2026-06-29T22:22:27.657+0000] {logging_mixin.py:190} INFO - [2026-06-29T22:22:27.657+0000] {dag.py:3239} INFO - Sync 1 DAGs
[2026-06-29T22:22:27.696+0000] {logging_mixin.py:190} INFO - [2026-06-29T22:22:27.696+0000] {dag.py:4180} INFO - Setting next_dagrun for example_branch_operator to 2026-06-28 00:00:00+00:00, run_after=2026-06-29 00:00:00+00:00
[2026-06-29T22:22:27.725+0000] {processor.py:208} INFO - Processing /home/airflow/.local/lib/python3.12/site-packages/airflow/example_dags/example_branch_operator.py took 0.149 seconds
[2026-06-29T22:22:58.054+0000] {processor.py:186} INFO - Started process (PID=1894) to work on /home/airflow/.local/lib/python3.12/site-packages/airflow/example_dags/example_branch_operator.py
[2026-06-29T22:22:58.057+0000] {processor.py:914} INFO - Processing file /home/airflow/.local/lib/python3.12/site-packages/airflow/example_dags/example_branch_operator.py for tasks to queue
[2026-06-29T22:22:58.060+0000] {logging_mixin.py:190} INFO - [2026-06-29T22:22:58.060+0000] {dagbag.py:588} INFO - Filling up the DagBag from /home/airflow/.local/lib/python3.12/site-packages/airflow/example_dags/example_branch_operator.py
[2026-06-29T22:22:58.079+0000] {processor.py:925} INFO - DAG(s) 'example_branch_operator' retrieved from /home/airflow/.local/lib/python3.12/site-packages/airflow/example_dags/example_branch_operator.py
[2026-06-29T22:22:58.106+0000] {logging_mixin.py:190} INFO - [2026-06-29T22:22:58.106+0000] {dag.py:3239} INFO - Sync 1 DAGs
[2026-06-29T22:22:58.130+0000] {logging_mixin.py:190} INFO - [2026-06-29T22:22:58.130+0000] {dag.py:4180} INFO - Setting next_dagrun for example_branch_operator to 2026-06-28 00:00:00+00:00, run_after=2026-06-29 00:00:00+00:00
[2026-06-29T22:22:58.152+0000] {processor.py:208} INFO - Processing /home/airflow/.local/lib/python3.12/site-packages/airflow/example_dags/example_branch_operator.py took 0.106 seconds
[2026-06-29T22:23:28.278+0000] {processor.py:186} INFO - Started process (PID=1957) to work on /home/airflow/.local/lib/python3.12/site-packages/airflow/example_dags/example_branch_operator.py
[2026-06-29T22:23:28.280+0000] {processor.py:914} INFO - Processing file /home/airflow/.local/lib/python3.12/site-packages/airflow/example_dags/example_branch_operator.py for tasks to queue
[2026-06-29T22:23:28.283+0000] {logging_mixin.py:190} INFO - [2026-06-29T22:23:28.283+0000] {dagbag.py:588} INFO - Filling up the DagBag from /home/airflow/.local/lib/python3.12/site-packages/airflow/example_dags/example_branch_operator.py
[2026-06-29T22:23:28.303+0000] {processor.py:925} INFO - DAG(s) 'example_branch_operator' retrieved from /home/airflow/.local/lib/python3.12/site-packages/airflow/example_dags/example_branch_operator.py
[2026-06-29T22:23:28.331+0000] {logging_mixin.py:190} INFO - [2026-06-29T22:23:28.331+0000] {dag.py:3239} INFO - Sync 1 DAGs
[2026-06-29T22:23:28.356+0000] {logging_mixin.py:190} INFO - [2026-06-29T22:23:28.356+0000] {dag.py:4180} INFO - Setting next_dagrun for example_branch_operator to 2026-06-28 00:00:00+00:00, run_after=2026-06-29 00:00:00+00:00
[2026-06-29T22:23:28.378+0000] {processor.py:208} INFO - Processing /home/airflow/.local/lib/python3.12/site-packages/airflow/example_dags/example_branch_operator.py took 0.110 seconds
[2026-06-29T22:23:59.209+0000] {processor.py:186} INFO - Started process (PID=2021) to work on /home/airflow/.local/lib/python3.12/site-packages/airflow/example_dags/example_branch_operator.py
[2026-06-29T22:23:59.212+0000] {processor.py:914} INFO - Processing file /home/airflow/.local/lib/python3.12/site-packages/airflow/example_dags/example_branch_operator.py for tasks to queue
[2026-06-29T22:23:59.216+0000] {logging_mixin.py:190} INFO - [2026-06-29T22:23:59.215+0000] {dagbag.py:588} INFO - Filling up the DagBag from /home/airflow/.local/lib/python3.12/site-packages/airflow/example_dags/example_branch_operator.py
[2026-06-29T22:23:59.234+0000] {processor.py:925} INFO - DAG(s) 'example_branch_operator' retrieved from /home/airflow/.local/lib/python3.12/site-packages/airflow/example_dags/example_branch_operator.py
[2026-06-29T22:23:59.262+0000] {logging_mixin.py:190} INFO - [2026-06-29T22:23:59.262+0000] {dag.py:3239} INFO - Sync 1 DAGs
[2026-06-29T22:23:59.287+0000] {logging_mixin.py:190} INFO - [2026-06-29T22:23:59.287+0000] {dag.py:4180} INFO - Setting next_dagrun for example_branch_operator to 2026-06-28 00:00:00+00:00, run_after=2026-06-29 00:00:00+00:00
[2026-06-29T22:23:59.305+0000] {processor.py:208} INFO - Processing /home/airflow/.local/lib/python3.12/site-packages/airflow/example_dags/example_branch_operator.py took 0.103 seconds
[2026-06-29T22:24:29.532+0000] {processor.py:186} INFO - Started process (PID=2085) to work on /home/airflow/.local/lib/python3.12/site-packages/airflow/example_dags/example_branch_operator.py
[2026-06-29T22:24:29.534+0000] {processor.py:914} INFO - Processing file /home/airflow/.local/lib/python3.12/site-packages/airflow/example_dags/example_branch_operator.py for tasks to queue
[2026-06-29T22:24:29.537+0000] {logging_mixin.py:190} INFO - [2026-06-29T22:24:29.536+0000] {dagbag.py:588} INFO - Filling up the DagBag from /home/airflow/.local/lib/python3.12/site-packages/airflow/example_dags/example_branch_operator.py
[2026-06-29T22:24:29.556+0000] {processor.py:925} INFO - DAG(s) 'example_branch_operator' retrieved from /home/airflow/.local/lib/python3.12/site-packages/airflow/example_dags/example_branch_operator.py
[2026-06-29T22:24:29.586+0000] {logging_mixin.py:190} INFO - [2026-06-29T22:24:29.586+0000] {dag.py:3239} INFO - Sync 1 DAGs
[2026-06-29T22:24:29.612+0000] {logging_mixin.py:190} INFO - [2026-06-29T22:24:29.612+0000] {dag.py:4180} INFO - Setting next_dagrun for example_branch_operator to 2026-06-28 00:00:00+00:00, run_after=2026-06-29 00:00:00+00:00
[2026-06-29T22:24:29.639+0000] {processor.py:208} INFO - Processing /home/airflow/.local/lib/python3.12/site-packages/airflow/example_dags/example_branch_operator.py took 0.114 seconds
[2026-06-29T22:25:00.205+0000] {processor.py:186} INFO - Started process (PID=2149) to work on /home/airflow/.local/lib/python3.12/site-packages/airflow/example_dags/example_branch_operator.py
[2026-06-29T22:25:00.207+0000] {processor.py:914} INFO - Processing file /home/airflow/.local/lib/python3.12/site-packages/airflow/example_dags/example_branch_operator.py for tasks to queue
[2026-06-29T22:25:00.210+0000] {logging_mixin.py:190} INFO - [2026-06-29T22:25:00.209+0000] {dagbag.py:588} INFO - Filling up the DagBag from /home/airflow/.local/lib/python3.12/site-packages/airflow/example_dags/example_branch_operator.py
[2026-06-29T22:25:00.233+0000] {processor.py:925} INFO - DAG(s) 'example_branch_operator' retrieved from /home/airflow/.local/lib/python3.12/site-packages/airflow/example_dags/example_branch_operator.py
[2026-06-29T22:25:00.265+0000] {logging_mixin.py:190} INFO - [2026-06-29T22:25:00.264+0000] {dag.py:3239} INFO - Sync 1 DAGs
[2026-06-29T22:25:00.289+0000] {logging_mixin.py:190} INFO - [2026-06-29T22:25:00.289+0000] {dag.py:4180} INFO - Setting next_dagrun for example_branch_operator to 2026-06-28 00:00:00+00:00, run_after=2026-06-29 00:00:00+00:00
[2026-06-29T22:25:00.313+0000] {processor.py:208} INFO - Processing /home/airflow/.local/lib/python3.12/site-packages/airflow/example_dags/example_branch_operator.py took 0.114 seconds
[2026-06-29T22:25:30.933+0000] {processor.py:186} INFO - Started process (PID=2213) to work on /home/airflow/.local/lib/python3.12/site-packages/airflow/example_dags/example_branch_operator.py
[2026-06-29T22:25:30.934+0000] {processor.py:914} INFO - Processing file /home/airflow/.local/lib/python3.12/site-packages/airflow/example_dags/example_branch_operator.py for tasks to queue
[2026-06-29T22:25:30.939+0000] {logging_mixin.py:190} INFO - [2026-06-29T22:25:30.938+0000] {dagbag.py:588} INFO - Filling up the DagBag from /home/airflow/.local/lib/python3.12/site-packages/airflow/example_dags/example_branch_operator.py
[2026-06-29T22:25:30.959+0000] {processor.py:925} INFO - DAG(s) 'example_branch_operator' retrieved from /home/airflow/.local/lib/python3.12/site-packages/airflow/example_dags/example_branch_operator.py
[2026-06-29T22:25:30.997+0000] {logging_mixin.py:190} INFO - [2026-06-29T22:25:30.997+0000] {dag.py:3239} INFO - Sync 1 DAGs
[2026-06-29T22:25:31.035+0000] {logging_mixin.py:190} INFO - [2026-06-29T22:25:31.035+0000] {dag.py:4180} INFO - Setting next_dagrun for example_branch_operator to 2026-06-28 00:00:00+00:00, run_after=2026-06-29 00:00:00+00:00
[2026-06-29T22:25:31.062+0000] {processor.py:208} INFO - Processing /home/airflow/.local/lib/python3.12/site-packages/airflow/example_dags/example_branch_operator.py took 0.137 seconds
[2026-06-29T22:26:01.668+0000] {processor.py:186} INFO - Started process (PID=2277) to work on /home/airflow/.local/lib/python3.12/site-packages/airflow/example_dags/example_branch_operator.py
[2026-06-29T22:26:01.670+0000] {processor.py:914} INFO - Processing file /home/airflow/.local/lib/python3.12/site-packages/airflow/example_dags/example_branch_operator.py for tasks to queue
[2026-06-29T22:26:01.674+0000] {logging_mixin.py:190} INFO - [2026-06-29T22:26:01.673+0000] {dagbag.py:588} INFO - Filling up the DagBag from /home/airflow/.local/lib/python3.12/site-packages/airflow/example_dags/example_branch_operator.py
[2026-06-29T22:26:01.693+0000] {processor.py:925} INFO - DAG(s) 'example_branch_operator' retrieved from /home/airflow/.local/lib/python3.12/site-packages/airflow/example_dags/example_branch_operator.py
[2026-06-29T22:26:01.724+0000] {logging_mixin.py:190} INFO - [2026-06-29T22:26:01.724+0000] {dag.py:3239} INFO - Sync 1 DAGs
[2026-06-29T22:26:01.749+0000] {logging_mixin.py:190} INFO - [2026-06-29T22:26:01.749+0000] {dag.py:4180} INFO - Setting next_dagrun for example_branch_operator to 2026-06-28 00:00:00+00:00, run_after=2026-06-29 00:00:00+00:00
[2026-06-29T22:26:01.771+0000] {processor.py:208} INFO - Processing /home/airflow/.local/lib/python3.12/site-packages/airflow/example_dags/example_branch_operator.py took 0.109 seconds
[2026-06-29T22:26:32.249+0000] {processor.py:186} INFO - Started process (PID=2341) to work on /home/airflow/.local/lib/python3.12/site-packages/airflow/example_dags/example_branch_operator.py
[2026-06-29T22:26:32.252+0000] {processor.py:914} INFO - Processing file /home/airflow/.local/lib/python3.12/site-packages/airflow/example_dags/example_branch_operator.py for tasks to queue
[2026-06-29T22:26:32.258+0000] {logging_mixin.py:190} INFO - [2026-06-29T22:26:32.257+0000] {dagbag.py:588} INFO - Filling up the DagBag from /home/airflow/.local/lib/python3.12/site-packages/airflow/example_dags/example_branch_operator.py
[2026-06-29T22:26:32.300+0000] {processor.py:925} INFO - DAG(s) 'example_branch_operator' retrieved from /home/airflow/.local/lib/python3.12/site-packages/airflow/example_dags/example_branch_operator.py
[2026-06-29T22:26:32.359+0000] {logging_mixin.py:190} INFO - [2026-06-29T22:26:32.358+0000] {dag.py:3239} INFO - Sync 1 DAGs
[2026-06-29T22:26:32.411+0000] {logging_mixin.py:190} INFO - [2026-06-29T22:26:32.410+0000] {dag.py:4180} INFO - Setting next_dagrun for example_branch_operator to 2026-06-28 00:00:00+00:00, run_after=2026-06-29 00:00:00+00:00
[2026-06-29T22:26:32.449+0000] {processor.py:208} INFO - Processing /home/airflow/.local/lib/python3.12/site-packages/airflow/example_dags/example_branch_operator.py took 0.212 seconds
[2026-06-29T22:27:02.536+0000] {processor.py:186} INFO - Started process (PID=2405) to work on /home/airflow/.local/lib/python3.12/site-packages/airflow/example_dags/example_branch_operator.py
[2026-06-29T22:27:02.538+0000] {processor.py:914} INFO - Processing file /home/airflow/.local/lib/python3.12/site-packages/airflow/example_dags/example_branch_operator.py for tasks to queue
[2026-06-29T22:27:02.543+0000] {logging_mixin.py:190} INFO - [2026-06-29T22:27:02.542+0000] {dagbag.py:588} INFO - Filling up the DagBag from /home/airflow/.local/lib/python3.12/site-packages/airflow/example_dags/example_branch_operator.py
[2026-06-29T22:27:02.561+0000] {processor.py:925} INFO - DAG(s) 'example_branch_operator' retrieved from /home/airflow/.local/lib/python3.12/site-packages/airflow/example_dags/example_branch_operator.py
[2026-06-29T22:27:02.589+0000] {logging_mixin.py:190} INFO - [2026-06-29T22:27:02.589+0000] {dag.py:3239} INFO - Sync 1 DAGs
[2026-06-29T22:27:02.620+0000] {logging_mixin.py:190} INFO - [2026-06-29T22:27:02.620+0000] {dag.py:4180} INFO - Setting next_dagrun for example_branch_operator to 2026-06-28 00:00:00+00:00, run_after=2026-06-29 00:00:00+00:00
[2026-06-29T22:27:02.641+0000] {processor.py:208} INFO - Processing /home/airflow/.local/lib/python3.12/site-packages/airflow/example_dags/example_branch_operator.py took 0.113 seconds
[2026-06-29T22:27:32.911+0000] {processor.py:186} INFO - Started process (PID=2469) to work on /home/airflow/.local/lib/python3.12/site-packages/airflow/example_dags/example_branch_operator.py
[2026-06-29T22:27:32.913+0000] {processor.py:914} INFO - Processing file /home/airflow/.local/lib/python3.12/site-packages/airflow/example_dags/example_branch_operator.py for tasks to queue
[2026-06-29T22:27:32.916+0000] {logging_mixin.py:190} INFO - [2026-06-29T22:27:32.916+0000] {dagbag.py:588} INFO - Filling up the DagBag from /home/airflow/.local/lib/python3.12/site-packages/airflow/example_dags/example_branch_operator.py
[2026-06-29T22:27:32.939+0000] {processor.py:925} INFO - DAG(s) 'example_branch_operator' retrieved from /home/airflow/.local/lib/python3.12/site-packages/airflow/example_dags/example_branch_operator.py
[2026-06-29T22:27:32.971+0000] {logging_mixin.py:190} INFO - [2026-06-29T22:27:32.971+0000] {dag.py:3239} INFO - Sync 1 DAGs
[2026-06-29T22:27:32.998+0000] {logging_mixin.py:190} INFO - [2026-06-29T22:27:32.997+0000] {dag.py:4180} INFO - Setting next_dagrun for example_branch_operator to 2026-06-28 00:00:00+00:00, run_after=2026-06-29 00:00:00+00:00
[2026-06-29T22:27:33.019+0000] {processor.py:208} INFO - Processing /home/airflow/.local/lib/python3.12/site-packages/airflow/example_dags/example_branch_operator.py took 0.115 seconds
[2026-06-29T22:28:03.167+0000] {processor.py:186} INFO - Started process (PID=2532) to work on /home/airflow/.local/lib/python3.12/site-packages/airflow/example_dags/example_branch_operator.py
[2026-06-29T22:28:03.171+0000] {processor.py:914} INFO - Processing file /home/airflow/.local/lib/python3.12/site-packages/airflow/example_dags/example_branch_operator.py for tasks to queue
[2026-06-29T22:28:03.177+0000] {logging_mixin.py:190} INFO - [2026-06-29T22:28:03.176+0000] {dagbag.py:588} INFO - Filling up the DagBag from /home/airflow/.local/lib/python3.12/site-packages/airflow/example_dags/example_branch_operator.py
[2026-06-29T22:28:03.214+0000] {processor.py:925} INFO - DAG(s) 'example_branch_operator' retrieved from /home/airflow/.local/lib/python3.12/site-packages/airflow/example_dags/example_branch_operator.py
[2026-06-29T22:28:03.279+0000] {logging_mixin.py:190} INFO - [2026-06-29T22:28:03.279+0000] {dag.py:3239} INFO - Sync 1 DAGs
[2026-06-29T22:28:03.320+0000] {logging_mixin.py:190} INFO - [2026-06-29T22:28:03.319+0000] {dag.py:4180} INFO - Setting next_dagrun for example_branch_operator to 2026-06-28 00:00:00+00:00, run_after=2026-06-29 00:00:00+00:00
[2026-06-29T22:28:03.351+0000] {processor.py:208} INFO - Processing /home/airflow/.local/lib/python3.12/site-packages/airflow/example_dags/example_branch_operator.py took 0.201 seconds
[2026-06-29T22:28:34.924+0000] {processor.py:186} INFO - Started process (PID=2596) to work on /home/airflow/.local/lib/python3.12/site-packages/airflow/example_dags/example_branch_operator.py
[2026-06-29T22:28:34.926+0000] {processor.py:914} INFO - Processing file /home/airflow/.local/lib/python3.12/site-packages/airflow/example_dags/example_branch_operator.py for tasks to queue
[2026-06-29T22:28:34.935+0000] {logging_mixin.py:190} INFO - [2026-06-29T22:28:34.934+0000] {dagbag.py:588} INFO - Filling up the DagBag from /home/airflow/.local/lib/python3.12/site-packages/airflow/example_dags/example_branch_operator.py
[2026-06-29T22:28:34.971+0000] {processor.py:925} INFO - DAG(s) 'example_branch_operator' retrieved from /home/airflow/.local/lib/python3.12/site-packages/airflow/example_dags/example_branch_operator.py
[2026-06-29T22:28:35.044+0000] {logging_mixin.py:190} INFO - [2026-06-29T22:28:35.043+0000] {dag.py:3239} INFO - Sync 1 DAGs
[2026-06-29T22:28:35.102+0000] {logging_mixin.py:190} INFO - [2026-06-29T22:28:35.101+0000] {dag.py:4180} INFO - Setting next_dagrun for example_branch_operator to 2026-06-28 00:00:00+00:00, run_after=2026-06-29 00:00:00+00:00
[2026-06-29T22:28:35.147+0000] {processor.py:208} INFO - Processing /home/airflow/.local/lib/python3.12/site-packages/airflow/example_dags/example_branch_operator.py took 0.239 seconds
[2026-06-29T22:29:05.746+0000] {processor.py:186} INFO - Started process (PID=2659) to work on /home/airflow/.local/lib/python3.12/site-packages/airflow/example_dags/example_branch_operator.py
[2026-06-29T22:29:05.749+0000] {processor.py:914} INFO - Processing file /home/airflow/.local/lib/python3.12/site-packages/airflow/example_dags/example_branch_operator.py for tasks to queue
[2026-06-29T22:29:05.755+0000] {logging_mixin.py:190} INFO - [2026-06-29T22:29:05.755+0000] {dagbag.py:588} INFO - Filling up the DagBag from /home/airflow/.local/lib/python3.12/site-packages/airflow/example_dags/example_branch_operator.py
[2026-06-29T22:29:05.803+0000] {processor.py:925} INFO - DAG(s) 'example_branch_operator' retrieved from /home/airflow/.local/lib/python3.12/site-packages/airflow/example_dags/example_branch_operator.py
[2026-06-29T22:29:05.857+0000] {logging_mixin.py:190} INFO - [2026-06-29T22:29:05.856+0000] {dag.py:3239} INFO - Sync 1 DAGs
[2026-06-29T22:29:05.912+0000] {logging_mixin.py:190} INFO - [2026-06-29T22:29:05.912+0000] {dag.py:4180} INFO - Setting next_dagrun for example_branch_operator to 2026-06-28 00:00:00+00:00, run_after=2026-06-29 00:00:00+00:00
[2026-06-29T22:29:05.966+0000] {processor.py:208} INFO - Processing /home/airflow/.local/lib/python3.12/site-packages/airflow/example_dags/example_branch_operator.py took 0.228 seconds
[2026-06-29T22:29:37.350+0000] {processor.py:186} INFO - Started process (PID=2721) to work on /home/airflow/.local/lib/python3.12/site-packages/airflow/example_dags/example_branch_operator.py
[2026-06-29T22:29:37.353+0000] {processor.py:914} INFO - Processing file /home/airflow/.local/lib/python3.12/site-packages/airflow/example_dags/example_branch_operator.py for tasks to queue
[2026-06-29T22:29:37.359+0000] {logging_mixin.py:190} INFO - [2026-06-29T22:29:37.359+0000] {dagbag.py:588} INFO - Filling up the DagBag from /home/airflow/.local/lib/python3.12/site-packages/airflow/example_dags/example_branch_operator.py
[2026-06-29T22:29:37.395+0000] {processor.py:925} INFO - DAG(s) 'example_branch_operator' retrieved from /home/airflow/.local/lib/python3.12/site-packages/airflow/example_dags/example_branch_operator.py
[2026-06-29T22:29:37.447+0000] {logging_mixin.py:190} INFO - [2026-06-29T22:29:37.447+0000] {dag.py:3239} INFO - Sync 1 DAGs
[2026-06-29T22:29:37.492+0000] {logging_mixin.py:190} INFO - [2026-06-29T22:29:37.491+0000] {dag.py:4180} INFO - Setting next_dagrun for example_branch_operator to 2026-06-28 00:00:00+00:00, run_after=2026-06-29 00:00:00+00:00
[2026-06-29T22:29:37.541+0000] {processor.py:208} INFO - Processing /home/airflow/.local/lib/python3.12/site-packages/airflow/example_dags/example_branch_operator.py took 0.203 seconds
[2026-06-29T22:30:08.049+0000] {processor.py:186} INFO - Started process (PID=2784) to work on /home/airflow/.local/lib/python3.12/site-packages/airflow/example_dags/example_branch_operator.py
[2026-06-29T22:30:08.051+0000] {processor.py:914} INFO - Processing file /home/airflow/.local/lib/python3.12/site-packages/airflow/example_dags/example_branch_operator.py for tasks to queue
[2026-06-29T22:30:08.059+0000] {logging_mixin.py:190} INFO - [2026-06-29T22:30:08.058+0000] {dagbag.py:588} INFO - Filling up the DagBag from /home/airflow/.local/lib/python3.12/site-packages/airflow/example_dags/example_branch_operator.py
[2026-06-29T22:30:08.089+0000] {processor.py:925} INFO - DAG(s) 'example_branch_operator' retrieved from /home/airflow/.local/lib/python3.12/site-packages/airflow/example_dags/example_branch_operator.py
[2026-06-29T22:30:08.150+0000] {logging_mixin.py:190} INFO - [2026-06-29T22:30:08.149+0000] {dag.py:3239} INFO - Sync 1 DAGs
[2026-06-29T22:30:08.194+0000] {logging_mixin.py:190} INFO - [2026-06-29T22:30:08.194+0000] {dag.py:4180} INFO - Setting next_dagrun for example_branch_operator to 2026-06-28 00:00:00+00:00, run_after=2026-06-29 00:00:00+00:00
[2026-06-29T22:30:08.231+0000] {processor.py:208} INFO - Processing /home/airflow/.local/lib/python3.12/site-packages/airflow/example_dags/example_branch_operator.py took 0.192 seconds
[2026-06-29T22:30:39.925+0000] {processor.py:186} INFO - Started process (PID=2847) to work on /home/airflow/.local/lib/python3.12/site-packages/airflow/example_dags/example_branch_operator.py
[2026-06-29T22:30:39.939+0000] {processor.py:914} INFO - Processing file /home/airflow/.local/lib/python3.12/site-packages/airflow/example_dags/example_branch_operator.py for tasks to queue
[2026-06-29T22:30:39.961+0000] {logging_mixin.py:190} INFO - [2026-06-29T22:30:39.959+0000] {dagbag.py:588} INFO - Filling up the DagBag from /home/airflow/.local/lib/python3.12/site-packages/airflow/example_dags/example_branch_operator.py
[2026-06-29T22:30:40.042+0000] {processor.py:925} INFO - DAG(s) 'example_branch_operator' retrieved from /home/airflow/.local/lib/python3.12/site-packages/airflow/example_dags/example_branch_operator.py
[2026-06-29T22:30:40.180+0000] {logging_mixin.py:190} INFO - [2026-06-29T22:30:40.179+0000] {dag.py:3239} INFO - Sync 1 DAGs
[2026-06-29T22:30:40.322+0000] {logging_mixin.py:190} INFO - [2026-06-29T22:30:40.322+0000] {dag.py:4180} INFO - Setting next_dagrun for example_branch_operator to 2026-06-28 00:00:00+00:00, run_after=2026-06-29 00:00:00+00:00
[2026-06-29T22:30:40.435+0000] {processor.py:208} INFO - Processing /home/airflow/.local/lib/python3.12/site-packages/airflow/example_dags/example_branch_operator.py took 0.592 seconds
[2026-06-29T22:31:10.840+0000] {processor.py:186} INFO - Started process (PID=2911) to work on /home/airflow/.local/lib/python3.12/site-packages/airflow/example_dags/example_branch_operator.py
[2026-06-29T22:31:10.843+0000] {processor.py:914} INFO - Processing file /home/airflow/.local/lib/python3.12/site-packages/airflow/example_dags/example_branch_operator.py for tasks to queue
[2026-06-29T22:31:10.853+0000] {logging_mixin.py:190} INFO - [2026-06-29T22:31:10.852+0000] {dagbag.py:588} INFO - Filling up the DagBag from /home/airflow/.local/lib/python3.12/site-packages/airflow/example_dags/example_branch_operator.py
[2026-06-29T22:31:10.918+0000] {processor.py:925} INFO - DAG(s) 'example_branch_operator' retrieved from /home/airflow/.local/lib/python3.12/site-packages/airflow/example_dags/example_branch_operator.py
[2026-06-29T22:31:11.063+0000] {logging_mixin.py:190} INFO - [2026-06-29T22:31:11.059+0000] {dag.py:3239} INFO - Sync 1 DAGs
[2026-06-29T22:31:11.158+0000] {logging_mixin.py:190} INFO - [2026-06-29T22:31:11.158+0000] {dag.py:4180} INFO - Setting next_dagrun for example_branch_operator to 2026-06-28 00:00:00+00:00, run_after=2026-06-29 00:00:00+00:00
[2026-06-29T22:31:11.208+0000] {processor.py:208} INFO - Processing /home/airflow/.local/lib/python3.12/site-packages/airflow/example_dags/example_branch_operator.py took 0.380 seconds
[2026-06-29T22:31:41.579+0000] {processor.py:186} INFO - Started process (PID=2982) to work on /home/airflow/.local/lib/python3.12/site-packages/airflow/example_dags/example_branch_operator.py
[2026-06-29T22:31:41.581+0000] {processor.py:914} INFO - Processing file /home/airflow/.local/lib/python3.12/site-packages/airflow/example_dags/example_branch_operator.py for tasks to queue
[2026-06-29T22:31:41.584+0000] {logging_mixin.py:190} INFO - [2026-06-29T22:31:41.584+0000] {dagbag.py:588} INFO - Filling up the DagBag from /home/airflow/.local/lib/python3.12/site-packages/airflow/example_dags/example_branch_operator.py
[2026-06-29T22:31:41.604+0000] {processor.py:925} INFO - DAG(s) 'example_branch_operator' retrieved from /home/airflow/.local/lib/python3.12/site-packages/airflow/example_dags/example_branch_operator.py
[2026-06-29T22:31:41.634+0000] {logging_mixin.py:190} INFO - [2026-06-29T22:31:41.634+0000] {dag.py:3239} INFO - Sync 1 DAGs
[2026-06-29T22:31:41.659+0000] {logging_mixin.py:190} INFO - [2026-06-29T22:31:41.659+0000] {dag.py:4180} INFO - Setting next_dagrun for example_branch_operator to 2026-06-28 00:00:00+00:00, run_after=2026-06-29 00:00:00+00:00
[2026-06-29T22:31:41.683+0000] {processor.py:208} INFO - Processing /home/airflow/.local/lib/python3.12/site-packages/airflow/example_dags/example_branch_operator.py took 0.111 seconds
[2026-06-29T22:32:12.354+0000] {processor.py:186} INFO - Started process (PID=3101) to work on /home/airflow/.local/lib/python3.12/site-packages/airflow/example_dags/example_branch_operator.py
[2026-06-29T22:32:12.357+0000] {processor.py:914} INFO - Processing file /home/airflow/.local/lib/python3.12/site-packages/airflow/example_dags/example_branch_operator.py for tasks to queue
[2026-06-29T22:32:12.369+0000] {logging_mixin.py:190} INFO - [2026-06-29T22:32:12.368+0000] {dagbag.py:588} INFO - Filling up the DagBag from /home/airflow/.local/lib/python3.12/site-packages/airflow/example_dags/example_branch_operator.py
[2026-06-29T22:32:12.421+0000] {processor.py:925} INFO - DAG(s) 'example_branch_operator' retrieved from /home/airflow/.local/lib/python3.12/site-packages/airflow/example_dags/example_branch_operator.py
[2026-06-29T22:32:12.562+0000] {logging_mixin.py:190} INFO - [2026-06-29T22:32:12.562+0000] {dag.py:3239} INFO - Sync 1 DAGs
[2026-06-29T22:32:12.631+0000] {logging_mixin.py:190} INFO - [2026-06-29T22:32:12.631+0000] {dag.py:4180} INFO - Setting next_dagrun for example_branch_operator to 2026-06-28 00:00:00+00:00, run_after=2026-06-29 00:00:00+00:00
[2026-06-29T22:32:12.694+0000] {processor.py:208} INFO - Processing /home/airflow/.local/lib/python3.12/site-packages/airflow/example_dags/example_branch_operator.py took 0.362 seconds
[2026-06-29T22:32:44.398+0000] {processor.py:186} INFO - Started process (PID=3213) to work on /home/airflow/.local/lib/python3.12/site-packages/airflow/example_dags/example_branch_operator.py
[2026-06-29T22:32:44.402+0000] {processor.py:914} INFO - Processing file /home/airflow/.local/lib/python3.12/site-packages/airflow/example_dags/example_branch_operator.py for tasks to queue
[2026-06-29T22:32:44.416+0000] {logging_mixin.py:190} INFO - [2026-06-29T22:32:44.415+0000] {dagbag.py:588} INFO - Filling up the DagBag from /home/airflow/.local/lib/python3.12/site-packages/airflow/example_dags/example_branch_operator.py
[2026-06-29T22:32:44.475+0000] {processor.py:925} INFO - DAG(s) 'example_branch_operator' retrieved from /home/airflow/.local/lib/python3.12/site-packages/airflow/example_dags/example_branch_operator.py
[2026-06-29T22:32:44.559+0000] {logging_mixin.py:190} INFO - [2026-06-29T22:32:44.556+0000] {dag.py:3239} INFO - Sync 1 DAGs
[2026-06-29T22:32:44.636+0000] {logging_mixin.py:190} INFO - [2026-06-29T22:32:44.635+0000] {dag.py:4180} INFO - Setting next_dagrun for example_branch_operator to 2026-06-28 00:00:00+00:00, run_after=2026-06-29 00:00:00+00:00
[2026-06-29T22:32:44.700+0000] {processor.py:208} INFO - Processing /home/airflow/.local/lib/python3.12/site-packages/airflow/example_dags/example_branch_operator.py took 0.322 seconds
[2026-06-29T22:33:14.794+0000] {processor.py:186} INFO - Started process (PID=3287) to work on /home/airflow/.local/lib/python3.12/site-packages/airflow/example_dags/example_branch_operator.py
[2026-06-29T22:33:14.796+0000] {processor.py:914} INFO - Processing file /home/airflow/.local/lib/python3.12/site-packages/airflow/example_dags/example_branch_operator.py for tasks to queue
[2026-06-29T22:33:14.800+0000] {logging_mixin.py:190} INFO - [2026-06-29T22:33:14.799+0000] {dagbag.py:588} INFO - Filling up the DagBag from /home/airflow/.local/lib/python3.12/site-packages/airflow/example_dags/example_branch_operator.py
[2026-06-29T22:33:14.819+0000] {processor.py:925} INFO - DAG(s) 'example_branch_operator' retrieved from /home/airflow/.local/lib/python3.12/site-packages/airflow/example_dags/example_branch_operator.py
[2026-06-29T22:33:14.853+0000] {logging_mixin.py:190} INFO - [2026-06-29T22:33:14.852+0000] {dag.py:3239} INFO - Sync 1 DAGs
[2026-06-29T22:33:14.880+0000] {logging_mixin.py:190} INFO - [2026-06-29T22:33:14.880+0000] {dag.py:4180} INFO - Setting next_dagrun for example_branch_operator to 2026-06-28 00:00:00+00:00, run_after=2026-06-29 00:00:00+00:00
[2026-06-29T22:33:14.906+0000] {processor.py:208} INFO - Processing /home/airflow/.local/lib/python3.12/site-packages/airflow/example_dags/example_branch_operator.py took 0.125 seconds
[2026-06-29T22:33:45.238+0000] {processor.py:186} INFO - Started process (PID=3351) to work on /home/airflow/.local/lib/python3.12/site-packages/airflow/example_dags/example_branch_operator.py
[2026-06-29T22:33:45.240+0000] {processor.py:914} INFO - Processing file /home/airflow/.local/lib/python3.12/site-packages/airflow/example_dags/example_branch_operator.py for tasks to queue
[2026-06-29T22:33:45.243+0000] {logging_mixin.py:190} INFO - [2026-06-29T22:33:45.243+0000] {dagbag.py:588} INFO - Filling up the DagBag from /home/airflow/.local/lib/python3.12/site-packages/airflow/example_dags/example_branch_operator.py
[2026-06-29T22:33:45.266+0000] {processor.py:925} INFO - DAG(s) 'example_branch_operator' retrieved from /home/airflow/.local/lib/python3.12/site-packages/airflow/example_dags/example_branch_operator.py
[2026-06-29T22:33:45.300+0000] {logging_mixin.py:190} INFO - [2026-06-29T22:33:45.300+0000] {dag.py:3239} INFO - Sync 1 DAGs
[2026-06-29T22:33:45.329+0000] {logging_mixin.py:190} INFO - [2026-06-29T22:33:45.328+0000] {dag.py:4180} INFO - Setting next_dagrun for example_branch_operator to 2026-06-28 00:00:00+00:00, run_after=2026-06-29 00:00:00+00:00
[2026-06-29T22:33:45.349+0000] {processor.py:208} INFO - Processing /home/airflow/.local/lib/python3.12/site-packages/airflow/example_dags/example_branch_operator.py took 0.122 seconds
[2026-06-29T22:34:15.967+0000] {processor.py:186} INFO - Started process (PID=3415) to work on /home/airflow/.local/lib/python3.12/site-packages/airflow/example_dags/example_branch_operator.py
[2026-06-29T22:34:15.969+0000] {processor.py:914} INFO - Processing file /home/airflow/.local/lib/python3.12/site-packages/airflow/example_dags/example_branch_operator.py for tasks to queue
[2026-06-29T22:34:15.975+0000] {logging_mixin.py:190} INFO - [2026-06-29T22:34:15.974+0000] {dagbag.py:588} INFO - Filling up the DagBag from /home/airflow/.local/lib/python3.12/site-packages/airflow/example_dags/example_branch_operator.py
[2026-06-29T22:34:15.999+0000] {processor.py:925} INFO - DAG(s) 'example_branch_operator' retrieved from /home/airflow/.local/lib/python3.12/site-packages/airflow/example_dags/example_branch_operator.py
[2026-06-29T22:34:16.035+0000] {logging_mixin.py:190} INFO - [2026-06-29T22:34:16.035+0000] {dag.py:3239} INFO - Sync 1 DAGs
[2026-06-29T22:34:16.066+0000] {logging_mixin.py:190} INFO - [2026-06-29T22:34:16.066+0000] {dag.py:4180} INFO - Setting next_dagrun for example_branch_operator to 2026-06-28 00:00:00+00:00, run_after=2026-06-29 00:00:00+00:00
[2026-06-29T22:34:16.091+0000] {processor.py:208} INFO - Processing /home/airflow/.local/lib/python3.12/site-packages/airflow/example_dags/example_branch_operator.py took 0.135 seconds
[2026-06-29T22:34:46.608+0000] {processor.py:186} INFO - Started process (PID=3477) to work on /home/airflow/.local/lib/python3.12/site-packages/airflow/example_dags/example_branch_operator.py
[2026-06-29T22:34:46.610+0000] {processor.py:914} INFO - Processing file /home/airflow/.local/lib/python3.12/site-packages/airflow/example_dags/example_branch_operator.py for tasks to queue
[2026-06-29T22:34:46.617+0000] {logging_mixin.py:190} INFO - [2026-06-29T22:34:46.616+0000] {dagbag.py:588} INFO - Filling up the DagBag from /home/airflow/.local/lib/python3.12/site-packages/airflow/example_dags/example_branch_operator.py
[2026-06-29T22:34:46.651+0000] {processor.py:925} INFO - DAG(s) 'example_branch_operator' retrieved from /home/airflow/.local/lib/python3.12/site-packages/airflow/example_dags/example_branch_operator.py
[2026-06-29T22:34:46.698+0000] {logging_mixin.py:190} INFO - [2026-06-29T22:34:46.698+0000] {dag.py:3239} INFO - Sync 1 DAGs
[2026-06-29T22:34:46.750+0000] {logging_mixin.py:190} INFO - [2026-06-29T22:34:46.750+0000] {dag.py:4180} INFO - Setting next_dagrun for example_branch_operator to 2026-06-28 00:00:00+00:00, run_after=2026-06-29 00:00:00+00:00
[2026-06-29T22:34:46.796+0000] {processor.py:208} INFO - Processing /home/airflow/.local/lib/python3.12/site-packages/airflow/example_dags/example_branch_operator.py took 0.205 seconds
[2026-06-29T22:35:16.874+0000] {processor.py:186} INFO - Started process (PID=3540) to work on /home/airflow/.local/lib/python3.12/site-packages/airflow/example_dags/example_branch_operator.py
[2026-06-29T22:35:16.876+0000] {processor.py:914} INFO - Processing file /home/airflow/.local/lib/python3.12/site-packages/airflow/example_dags/example_branch_operator.py for tasks to queue
[2026-06-29T22:35:16.881+0000] {logging_mixin.py:190} INFO - [2026-06-29T22:35:16.880+0000] {dagbag.py:588} INFO - Filling up the DagBag from /home/airflow/.local/lib/python3.12/site-packages/airflow/example_dags/example_branch_operator.py
[2026-06-29T22:35:16.903+0000] {processor.py:925} INFO - DAG(s) 'example_branch_operator' retrieved from /home/airflow/.local/lib/python3.12/site-packages/airflow/example_dags/example_branch_operator.py
[2026-06-29T22:35:16.932+0000] {logging_mixin.py:190} INFO - [2026-06-29T22:35:16.931+0000] {dag.py:3239} INFO - Sync 1 DAGs
[2026-06-29T22:35:16.957+0000] {logging_mixin.py:190} INFO - [2026-06-29T22:35:16.957+0000] {dag.py:4180} INFO - Setting next_dagrun for example_branch_operator to 2026-06-28 00:00:00+00:00, run_after=2026-06-29 00:00:00+00:00
[2026-06-29T22:35:16.978+0000] {processor.py:208} INFO - Processing /home/airflow/.local/lib/python3.12/site-packages/airflow/example_dags/example_branch_operator.py took 0.113 seconds
[2026-06-29T22:35:47.442+0000] {processor.py:186} INFO - Started process (PID=3604) to work on /home/airflow/.local/lib/python3.12/site-packages/airflow/example_dags/example_branch_operator.py
[2026-06-29T22:35:47.445+0000] {processor.py:914} INFO - Processing file /home/airflow/.local/lib/python3.12/site-packages/airflow/example_dags/example_branch_operator.py for tasks to queue
[2026-06-29T22:35:47.448+0000] {logging_mixin.py:190} INFO - [2026-06-29T22:35:47.448+0000] {dagbag.py:588} INFO - Filling up the DagBag from /home/airflow/.local/lib/python3.12/site-packages/airflow/example_dags/example_branch_operator.py
[2026-06-29T22:35:47.469+0000] {processor.py:925} INFO - DAG(s) 'example_branch_operator' retrieved from /home/airflow/.local/lib/python3.12/site-packages/airflow/example_dags/example_branch_operator.py
[2026-06-29T22:35:47.500+0000] {logging_mixin.py:190} INFO - [2026-06-29T22:35:47.499+0000] {dag.py:3239} INFO - Sync 1 DAGs
[2026-06-29T22:35:47.524+0000] {logging_mixin.py:190} INFO - [2026-06-29T22:35:47.524+0000] {dag.py:4180} INFO - Setting next_dagrun for example_branch_operator to 2026-06-28 00:00:00+00:00, run_after=2026-06-29 00:00:00+00:00
[2026-06-29T22:35:47.545+0000] {processor.py:208} INFO - Processing /home/airflow/.local/lib/python3.12/site-packages/airflow/example_dags/example_branch_operator.py took 0.118 seconds
[2026-06-29T22:36:18.400+0000] {processor.py:186} INFO - Started process (PID=3668) to work on /home/airflow/.local/lib/python3.12/site-packages/airflow/example_dags/example_branch_operator.py
[2026-06-29T22:36:18.401+0000] {processor.py:914} INFO - Processing file /home/airflow/.local/lib/python3.12/site-packages/airflow/example_dags/example_branch_operator.py for tasks to queue
[2026-06-29T22:36:18.405+0000] {logging_mixin.py:190} INFO - [2026-06-29T22:36:18.405+0000] {dagbag.py:588} INFO - Filling up the DagBag from /home/airflow/.local/lib/python3.12/site-packages/airflow/example_dags/example_branch_operator.py
[2026-06-29T22:36:18.424+0000] {processor.py:925} INFO - DAG(s) 'example_branch_operator' retrieved from /home/airflow/.local/lib/python3.12/site-packages/airflow/example_dags/example_branch_operator.py
[2026-06-29T22:36:18.452+0000] {logging_mixin.py:190} INFO - [2026-06-29T22:36:18.452+0000] {dag.py:3239} INFO - Sync 1 DAGs
[2026-06-29T22:36:18.476+0000] {logging_mixin.py:190} INFO - [2026-06-29T22:36:18.475+0000] {dag.py:4180} INFO - Setting next_dagrun for example_branch_operator to 2026-06-28 00:00:00+00:00, run_after=2026-06-29 00:00:00+00:00
[2026-06-29T22:36:18.494+0000] {processor.py:208} INFO - Processing /home/airflow/.local/lib/python3.12/site-packages/airflow/example_dags/example_branch_operator.py took 0.111 seconds
[2026-06-29T22:36:49.129+0000] {processor.py:186} INFO - Started process (PID=3732) to work on /home/airflow/.local/lib/python3.12/site-packages/airflow/example_dags/example_branch_operator.py
[2026-06-29T22:36:49.131+0000] {processor.py:914} INFO - Processing file /home/airflow/.local/lib/python3.12/site-packages/airflow/example_dags/example_branch_operator.py for tasks to queue
[2026-06-29T22:36:49.136+0000] {logging_mixin.py:190} INFO - [2026-06-29T22:36:49.135+0000] {dagbag.py:588} INFO - Filling up the DagBag from /home/airflow/.local/lib/python3.12/site-packages/airflow/example_dags/example_branch_operator.py
[2026-06-29T22:36:49.161+0000] {processor.py:925} INFO - DAG(s) 'example_branch_operator' retrieved from /home/airflow/.local/lib/python3.12/site-packages/airflow/example_dags/example_branch_operator.py
[2026-06-29T22:36:49.204+0000] {logging_mixin.py:190} INFO - [2026-06-29T22:36:49.203+0000] {dag.py:3239} INFO - Sync 1 DAGs
[2026-06-29T22:36:49.236+0000] {logging_mixin.py:190} INFO - [2026-06-29T22:36:49.235+0000] {dag.py:4180} INFO - Setting next_dagrun for example_branch_operator to 2026-06-28 00:00:00+00:00, run_after=2026-06-29 00:00:00+00:00
[2026-06-29T22:36:49.260+0000] {processor.py:208} INFO - Processing /home/airflow/.local/lib/python3.12/site-packages/airflow/example_dags/example_branch_operator.py took 0.144 seconds
[2026-06-29T22:37:19.934+0000] {processor.py:186} INFO - Started process (PID=3795) to work on /home/airflow/.local/lib/python3.12/site-packages/airflow/example_dags/example_branch_operator.py
[2026-06-29T22:37:19.936+0000] {processor.py:914} INFO - Processing file /home/airflow/.local/lib/python3.12/site-packages/airflow/example_dags/example_branch_operator.py for tasks to queue
[2026-06-29T22:37:19.940+0000] {logging_mixin.py:190} INFO - [2026-06-29T22:37:19.940+0000] {dagbag.py:588} INFO - Filling up the DagBag from /home/airflow/.local/lib/python3.12/site-packages/airflow/example_dags/example_branch_operator.py
[2026-06-29T22:37:19.975+0000] {processor.py:925} INFO - DAG(s) 'example_branch_operator' retrieved from /home/airflow/.local/lib/python3.12/site-packages/airflow/example_dags/example_branch_operator.py
[2026-06-29T22:37:20.039+0000] {logging_mixin.py:190} INFO - [2026-06-29T22:37:20.038+0000] {dag.py:3239} INFO - Sync 1 DAGs
[2026-06-29T22:37:20.349+0000] {logging_mixin.py:190} INFO - [2026-06-29T22:37:20.348+0000] {dag.py:4180} INFO - Setting next_dagrun for example_branch_operator to 2026-06-28 00:00:00+00:00, run_after=2026-06-29 00:00:00+00:00
[2026-06-29T22:37:20.395+0000] {processor.py:208} INFO - Processing /home/airflow/.local/lib/python3.12/site-packages/airflow/example_dags/example_branch_operator.py took 0.476 seconds
[2026-06-29T22:37:50.798+0000] {processor.py:186} INFO - Started process (PID=3859) to work on /home/airflow/.local/lib/python3.12/site-packages/airflow/example_dags/example_branch_operator.py
[2026-06-29T22:37:50.801+0000] {processor.py:914} INFO - Processing file /home/airflow/.local/lib/python3.12/site-packages/airflow/example_dags/example_branch_operator.py for tasks to queue
[2026-06-29T22:37:50.806+0000] {logging_mixin.py:190} INFO - [2026-06-29T22:37:50.805+0000] {dagbag.py:588} INFO - Filling up the DagBag from /home/airflow/.local/lib/python3.12/site-packages/airflow/example_dags/example_branch_operator.py
[2026-06-29T22:37:50.829+0000] {processor.py:925} INFO - DAG(s) 'example_branch_operator' retrieved from /home/airflow/.local/lib/python3.12/site-packages/airflow/example_dags/example_branch_operator.py
[2026-06-29T22:37:50.870+0000] {logging_mixin.py:190} INFO - [2026-06-29T22:37:50.869+0000] {dag.py:3239} INFO - Sync 1 DAGs
[2026-06-29T22:37:50.914+0000] {logging_mixin.py:190} INFO - [2026-06-29T22:37:50.914+0000] {dag.py:4180} INFO - Setting next_dagrun for example_branch_operator to 2026-06-28 00:00:00+00:00, run_after=2026-06-29 00:00:00+00:00
[2026-06-29T22:37:51.138+0000] {processor.py:208} INFO - Processing /home/airflow/.local/lib/python3.12/site-packages/airflow/example_dags/example_branch_operator.py took 0.355 seconds
[2026-06-29T22:38:21.977+0000] {processor.py:186} INFO - Started process (PID=3923) to work on /home/airflow/.local/lib/python3.12/site-packages/airflow/example_dags/example_branch_operator.py
[2026-06-29T22:38:21.980+0000] {processor.py:914} INFO - Processing file /home/airflow/.local/lib/python3.12/site-packages/airflow/example_dags/example_branch_operator.py for tasks to queue
[2026-06-29T22:38:21.985+0000] {logging_mixin.py:190} INFO - [2026-06-29T22:38:21.984+0000] {dagbag.py:588} INFO - Filling up the DagBag from /home/airflow/.local/lib/python3.12/site-packages/airflow/example_dags/example_branch_operator.py
[2026-06-29T22:38:22.021+0000] {processor.py:925} INFO - DAG(s) 'example_branch_operator' retrieved from /home/airflow/.local/lib/python3.12/site-packages/airflow/example_dags/example_branch_operator.py
[2026-06-29T22:38:22.072+0000] {logging_mixin.py:190} INFO - [2026-06-29T22:38:22.072+0000] {dag.py:3239} INFO - Sync 1 DAGs
[2026-06-29T22:38:22.109+0000] {logging_mixin.py:190} INFO - [2026-06-29T22:38:22.109+0000] {dag.py:4180} INFO - Setting next_dagrun for example_branch_operator to 2026-06-28 00:00:00+00:00, run_after=2026-06-29 00:00:00+00:00
[2026-06-29T22:38:22.142+0000] {processor.py:208} INFO - Processing /home/airflow/.local/lib/python3.12/site-packages/airflow/example_dags/example_branch_operator.py took 0.177 seconds
[2026-06-29T22:38:52.337+0000] {processor.py:186} INFO - Started process (PID=3986) to work on /home/airflow/.local/lib/python3.12/site-packages/airflow/example_dags/example_branch_operator.py
[2026-06-29T22:38:52.339+0000] {processor.py:914} INFO - Processing file /home/airflow/.local/lib/python3.12/site-packages/airflow/example_dags/example_branch_operator.py for tasks to queue
[2026-06-29T22:38:52.345+0000] {logging_mixin.py:190} INFO - [2026-06-29T22:38:52.345+0000] {dagbag.py:588} INFO - Filling up the DagBag from /home/airflow/.local/lib/python3.12/site-packages/airflow/example_dags/example_branch_operator.py
[2026-06-29T22:38:52.365+0000] {processor.py:925} INFO - DAG(s) 'example_branch_operator' retrieved from /home/airflow/.local/lib/python3.12/site-packages/airflow/example_dags/example_branch_operator.py
[2026-06-29T22:38:52.393+0000] {logging_mixin.py:190} INFO - [2026-06-29T22:38:52.393+0000] {dag.py:3239} INFO - Sync 1 DAGs
[2026-06-29T22:38:52.418+0000] {logging_mixin.py:190} INFO - [2026-06-29T22:38:52.418+0000] {dag.py:4180} INFO - Setting next_dagrun for example_branch_operator to 2026-06-28 00:00:00+00:00, run_after=2026-06-29 00:00:00+00:00
[2026-06-29T22:38:52.438+0000] {processor.py:208} INFO - Processing /home/airflow/.local/lib/python3.12/site-packages/airflow/example_dags/example_branch_operator.py took 0.112 seconds
[2026-06-29T22:39:22.566+0000] {processor.py:186} INFO - Started process (PID=4049) to work on /home/airflow/.local/lib/python3.12/site-packages/airflow/example_dags/example_branch_operator.py
[2026-06-29T22:39:22.568+0000] {processor.py:914} INFO - Processing file /home/airflow/.local/lib/python3.12/site-packages/airflow/example_dags/example_branch_operator.py for tasks to queue
[2026-06-29T22:39:22.571+0000] {logging_mixin.py:190} INFO - [2026-06-29T22:39:22.571+0000] {dagbag.py:588} INFO - Filling up the DagBag from /home/airflow/.local/lib/python3.12/site-packages/airflow/example_dags/example_branch_operator.py
[2026-06-29T22:39:22.796+0000] {processor.py:925} INFO - DAG(s) 'example_branch_operator' retrieved from /home/airflow/.local/lib/python3.12/site-packages/airflow/example_dags/example_branch_operator.py
[2026-06-29T22:39:22.827+0000] {logging_mixin.py:190} INFO - [2026-06-29T22:39:22.827+0000] {dag.py:3239} INFO - Sync 1 DAGs
[2026-06-29T22:39:22.851+0000] {logging_mixin.py:190} INFO - [2026-06-29T22:39:22.851+0000] {dag.py:4180} INFO - Setting next_dagrun for example_branch_operator to 2026-06-28 00:00:00+00:00, run_after=2026-06-29 00:00:00+00:00
[2026-06-29T22:39:22.874+0000] {processor.py:208} INFO - Processing /home/airflow/.local/lib/python3.12/site-packages/airflow/example_dags/example_branch_operator.py took 0.318 seconds
[2026-06-29T22:39:55.252+0000] {processor.py:186} INFO - Started process (PID=4113) to work on /home/airflow/.local/lib/python3.12/site-packages/airflow/example_dags/example_branch_operator.py
[2026-06-29T22:39:55.257+0000] {processor.py:914} INFO - Processing file /home/airflow/.local/lib/python3.12/site-packages/airflow/example_dags/example_branch_operator.py for tasks to queue
[2026-06-29T22:39:55.263+0000] {logging_mixin.py:190} INFO - [2026-06-29T22:39:55.263+0000] {dagbag.py:588} INFO - Filling up the DagBag from /home/airflow/.local/lib/python3.12/site-packages/airflow/example_dags/example_branch_operator.py
[2026-06-29T22:39:55.317+0000] {processor.py:925} INFO - DAG(s) 'example_branch_operator' retrieved from /home/airflow/.local/lib/python3.12/site-packages/airflow/example_dags/example_branch_operator.py
[2026-06-29T22:39:55.408+0000] {logging_mixin.py:190} INFO - [2026-06-29T22:39:55.407+0000] {dag.py:3239} INFO - Sync 1 DAGs
[2026-06-29T22:39:55.808+0000] {logging_mixin.py:190} INFO - [2026-06-29T22:39:55.807+0000] {dag.py:4180} INFO - Setting next_dagrun for example_branch_operator to 2026-06-28 00:00:00+00:00, run_after=2026-06-29 00:00:00+00:00
[2026-06-29T22:39:55.854+0000] {processor.py:208} INFO - Processing /home/airflow/.local/lib/python3.12/site-packages/airflow/example_dags/example_branch_operator.py took 0.624 seconds
[2026-06-29T22:41:25.689+0000] {processor.py:186} INFO - Started process (PID=102) to work on /home/airflow/.local/lib/python3.12/site-packages/airflow/example_dags/example_branch_operator.py
[2026-06-29T22:41:25.694+0000] {processor.py:914} INFO - Processing file /home/airflow/.local/lib/python3.12/site-packages/airflow/example_dags/example_branch_operator.py for tasks to queue
[2026-06-29T22:41:25.710+0000] {logging_mixin.py:190} INFO - [2026-06-29T22:41:25.708+0000] {dagbag.py:588} INFO - Filling up the DagBag from /home/airflow/.local/lib/python3.12/site-packages/airflow/example_dags/example_branch_operator.py
[2026-06-29T22:41:25.818+0000] {processor.py:925} INFO - DAG(s) 'example_branch_operator' retrieved from /home/airflow/.local/lib/python3.12/site-packages/airflow/example_dags/example_branch_operator.py
[2026-06-29T22:41:26.216+0000] {logging_mixin.py:190} INFO - [2026-06-29T22:41:26.216+0000] {dag.py:3239} INFO - Sync 1 DAGs
[2026-06-29T22:41:26.271+0000] {logging_mixin.py:190} INFO - [2026-06-29T22:41:26.271+0000] {dag.py:4180} INFO - Setting next_dagrun for example_branch_operator to 2026-06-28 00:00:00+00:00, run_after=2026-06-29 00:00:00+00:00
[2026-06-29T22:41:26.335+0000] {processor.py:208} INFO - Processing /home/airflow/.local/lib/python3.12/site-packages/airflow/example_dags/example_branch_operator.py took 0.680 seconds
[2026-06-29T22:41:57.450+0000] {processor.py:186} INFO - Started process (PID=166) to work on /home/airflow/.local/lib/python3.12/site-packages/airflow/example_dags/example_branch_operator.py
[2026-06-29T22:41:57.452+0000] {processor.py:914} INFO - Processing file /home/airflow/.local/lib/python3.12/site-packages/airflow/example_dags/example_branch_operator.py for tasks to queue
[2026-06-29T22:41:57.458+0000] {logging_mixin.py:190} INFO - [2026-06-29T22:41:57.457+0000] {dagbag.py:588} INFO - Filling up the DagBag from /home/airflow/.local/lib/python3.12/site-packages/airflow/example_dags/example_branch_operator.py
[2026-06-29T22:41:57.498+0000] {processor.py:925} INFO - DAG(s) 'example_branch_operator' retrieved from /home/airflow/.local/lib/python3.12/site-packages/airflow/example_dags/example_branch_operator.py
[2026-06-29T22:41:57.554+0000] {logging_mixin.py:190} INFO - [2026-06-29T22:41:57.554+0000] {dag.py:3239} INFO - Sync 1 DAGs
[2026-06-29T22:41:57.608+0000] {logging_mixin.py:190} INFO - [2026-06-29T22:41:57.608+0000] {dag.py:4180} INFO - Setting next_dagrun for example_branch_operator to 2026-06-28 00:00:00+00:00, run_after=2026-06-29 00:00:00+00:00
[2026-06-29T22:41:57.656+0000] {processor.py:208} INFO - Processing /home/airflow/.local/lib/python3.12/site-packages/airflow/example_dags/example_branch_operator.py took 0.220 seconds
[2026-06-29T22:42:28.488+0000] {processor.py:186} INFO - Started process (PID=230) to work on /home/airflow/.local/lib/python3.12/site-packages/airflow/example_dags/example_branch_operator.py
[2026-06-29T22:42:28.491+0000] {processor.py:914} INFO - Processing file /home/airflow/.local/lib/python3.12/site-packages/airflow/example_dags/example_branch_operator.py for tasks to queue
[2026-06-29T22:42:28.500+0000] {logging_mixin.py:190} INFO - [2026-06-29T22:42:28.499+0000] {dagbag.py:588} INFO - Filling up the DagBag from /home/airflow/.local/lib/python3.12/site-packages/airflow/example_dags/example_branch_operator.py
[2026-06-29T22:42:28.561+0000] {processor.py:925} INFO - DAG(s) 'example_branch_operator' retrieved from /home/airflow/.local/lib/python3.12/site-packages/airflow/example_dags/example_branch_operator.py
[2026-06-29T22:42:28.636+0000] {logging_mixin.py:190} INFO - [2026-06-29T22:42:28.636+0000] {dag.py:3239} INFO - Sync 1 DAGs
[2026-06-29T22:42:28.709+0000] {logging_mixin.py:190} INFO - [2026-06-29T22:42:28.708+0000] {dag.py:4180} INFO - Setting next_dagrun for example_branch_operator to 2026-06-28 00:00:00+00:00, run_after=2026-06-29 00:00:00+00:00
[2026-06-29T22:42:28.769+0000] {processor.py:208} INFO - Processing /home/airflow/.local/lib/python3.12/site-packages/airflow/example_dags/example_branch_operator.py took 0.294 seconds
[2026-06-29T22:42:59.338+0000] {processor.py:186} INFO - Started process (PID=293) to work on /home/airflow/.local/lib/python3.12/site-packages/airflow/example_dags/example_branch_operator.py
[2026-06-29T22:42:59.339+0000] {processor.py:914} INFO - Processing file /home/airflow/.local/lib/python3.12/site-packages/airflow/example_dags/example_branch_operator.py for tasks to queue
[2026-06-29T22:42:59.342+0000] {logging_mixin.py:190} INFO - [2026-06-29T22:42:59.341+0000] {dagbag.py:588} INFO - Filling up the DagBag from /home/airflow/.local/lib/python3.12/site-packages/airflow/example_dags/example_branch_operator.py
[2026-06-29T22:42:59.363+0000] {processor.py:925} INFO - DAG(s) 'example_branch_operator' retrieved from /home/airflow/.local/lib/python3.12/site-packages/airflow/example_dags/example_branch_operator.py
[2026-06-29T22:42:59.400+0000] {logging_mixin.py:190} INFO - [2026-06-29T22:42:59.399+0000] {dag.py:3239} INFO - Sync 1 DAGs
[2026-06-29T22:42:59.430+0000] {logging_mixin.py:190} INFO - [2026-06-29T22:42:59.429+0000] {dag.py:4180} INFO - Setting next_dagrun for example_branch_operator to 2026-06-28 00:00:00+00:00, run_after=2026-06-29 00:00:00+00:00
[2026-06-29T22:42:59.459+0000] {processor.py:208} INFO - Processing /home/airflow/.local/lib/python3.12/site-packages/airflow/example_dags/example_branch_operator.py took 0.128 seconds
[2026-06-29T22:43:29.916+0000] {processor.py:186} INFO - Started process (PID=357) to work on /home/airflow/.local/lib/python3.12/site-packages/airflow/example_dags/example_branch_operator.py
[2026-06-29T22:43:29.919+0000] {processor.py:914} INFO - Processing file /home/airflow/.local/lib/python3.12/site-packages/airflow/example_dags/example_branch_operator.py for tasks to queue
[2026-06-29T22:43:29.929+0000] {logging_mixin.py:190} INFO - [2026-06-29T22:43:29.928+0000] {dagbag.py:588} INFO - Filling up the DagBag from /home/airflow/.local/lib/python3.12/site-packages/airflow/example_dags/example_branch_operator.py
[2026-06-29T22:43:29.972+0000] {processor.py:925} INFO - DAG(s) 'example_branch_operator' retrieved from /home/airflow/.local/lib/python3.12/site-packages/airflow/example_dags/example_branch_operator.py
[2026-06-29T22:43:30.040+0000] {logging_mixin.py:190} INFO - [2026-06-29T22:43:30.039+0000] {dag.py:3239} INFO - Sync 1 DAGs
[2026-06-29T22:43:30.093+0000] {logging_mixin.py:190} INFO - [2026-06-29T22:43:30.093+0000] {dag.py:4180} INFO - Setting next_dagrun for example_branch_operator to 2026-06-28 00:00:00+00:00, run_after=2026-06-29 00:00:00+00:00
[2026-06-29T22:43:30.134+0000] {processor.py:208} INFO - Processing /home/airflow/.local/lib/python3.12/site-packages/airflow/example_dags/example_branch_operator.py took 0.231 seconds
[2026-06-29T22:44:00.428+0000] {processor.py:186} INFO - Started process (PID=422) to work on /home/airflow/.local/lib/python3.12/site-packages/airflow/example_dags/example_branch_operator.py
[2026-06-29T22:44:00.430+0000] {processor.py:914} INFO - Processing file /home/airflow/.local/lib/python3.12/site-packages/airflow/example_dags/example_branch_operator.py for tasks to queue
[2026-06-29T22:44:00.433+0000] {logging_mixin.py:190} INFO - [2026-06-29T22:44:00.433+0000] {dagbag.py:588} INFO - Filling up the DagBag from /home/airflow/.local/lib/python3.12/site-packages/airflow/example_dags/example_branch_operator.py
[2026-06-29T22:44:00.469+0000] {processor.py:925} INFO - DAG(s) 'example_branch_operator' retrieved from /home/airflow/.local/lib/python3.12/site-packages/airflow/example_dags/example_branch_operator.py
[2026-06-29T22:44:00.520+0000] {logging_mixin.py:190} INFO - [2026-06-29T22:44:00.520+0000] {dag.py:3239} INFO - Sync 1 DAGs
[2026-06-29T22:44:00.559+0000] {logging_mixin.py:190} INFO - [2026-06-29T22:44:00.559+0000] {dag.py:4180} INFO - Setting next_dagrun for example_branch_operator to 2026-06-28 00:00:00+00:00, run_after=2026-06-29 00:00:00+00:00
[2026-06-29T22:44:00.608+0000] {processor.py:208} INFO - Processing /home/airflow/.local/lib/python3.12/site-packages/airflow/example_dags/example_branch_operator.py took 0.191 seconds
[2026-06-29T22:44:31.472+0000] {processor.py:186} INFO - Started process (PID=486) to work on /home/airflow/.local/lib/python3.12/site-packages/airflow/example_dags/example_branch_operator.py
[2026-06-29T22:44:31.474+0000] {processor.py:914} INFO - Processing file /home/airflow/.local/lib/python3.12/site-packages/airflow/example_dags/example_branch_operator.py for tasks to queue
[2026-06-29T22:44:31.476+0000] {logging_mixin.py:190} INFO - [2026-06-29T22:44:31.476+0000] {dagbag.py:588} INFO - Filling up the DagBag from /home/airflow/.local/lib/python3.12/site-packages/airflow/example_dags/example_branch_operator.py
[2026-06-29T22:44:31.495+0000] {processor.py:925} INFO - DAG(s) 'example_branch_operator' retrieved from /home/airflow/.local/lib/python3.12/site-packages/airflow/example_dags/example_branch_operator.py
[2026-06-29T22:44:31.523+0000] {logging_mixin.py:190} INFO - [2026-06-29T22:44:31.523+0000] {dag.py:3239} INFO - Sync 1 DAGs
[2026-06-29T22:44:31.544+0000] {logging_mixin.py:190} INFO - [2026-06-29T22:44:31.544+0000] {dag.py:4180} INFO - Setting next_dagrun for example_branch_operator to 2026-06-28 00:00:00+00:00, run_after=2026-06-29 00:00:00+00:00
[2026-06-29T22:44:31.567+0000] {processor.py:208} INFO - Processing /home/airflow/.local/lib/python3.12/site-packages/airflow/example_dags/example_branch_operator.py took 0.100 seconds
[2026-06-29T22:45:02.296+0000] {processor.py:186} INFO - Started process (PID=551) to work on /home/airflow/.local/lib/python3.12/site-packages/airflow/example_dags/example_branch_operator.py
[2026-06-29T22:45:02.297+0000] {processor.py:914} INFO - Processing file /home/airflow/.local/lib/python3.12/site-packages/airflow/example_dags/example_branch_operator.py for tasks to queue
[2026-06-29T22:45:02.301+0000] {logging_mixin.py:190} INFO - [2026-06-29T22:45:02.300+0000] {dagbag.py:588} INFO - Filling up the DagBag from /home/airflow/.local/lib/python3.12/site-packages/airflow/example_dags/example_branch_operator.py
[2026-06-29T22:45:02.324+0000] {processor.py:925} INFO - DAG(s) 'example_branch_operator' retrieved from /home/airflow/.local/lib/python3.12/site-packages/airflow/example_dags/example_branch_operator.py
[2026-06-29T22:45:02.378+0000] {logging_mixin.py:190} INFO - [2026-06-29T22:45:02.377+0000] {dag.py:3239} INFO - Sync 1 DAGs
[2026-06-29T22:45:02.417+0000] {logging_mixin.py:190} INFO - [2026-06-29T22:45:02.417+0000] {dag.py:4180} INFO - Setting next_dagrun for example_branch_operator to 2026-06-28 00:00:00+00:00, run_after=2026-06-29 00:00:00+00:00
[2026-06-29T22:45:02.461+0000] {processor.py:208} INFO - Processing /home/airflow/.local/lib/python3.12/site-packages/airflow/example_dags/example_branch_operator.py took 0.175 seconds
[2026-06-29T22:45:33.170+0000] {processor.py:186} INFO - Started process (PID=614) to work on /home/airflow/.local/lib/python3.12/site-packages/airflow/example_dags/example_branch_operator.py
[2026-06-29T22:45:33.171+0000] {processor.py:914} INFO - Processing file /home/airflow/.local/lib/python3.12/site-packages/airflow/example_dags/example_branch_operator.py for tasks to queue
[2026-06-29T22:45:33.174+0000] {logging_mixin.py:190} INFO - [2026-06-29T22:45:33.174+0000] {dagbag.py:588} INFO - Filling up the DagBag from /home/airflow/.local/lib/python3.12/site-packages/airflow/example_dags/example_branch_operator.py
[2026-06-29T22:45:33.193+0000] {processor.py:925} INFO - DAG(s) 'example_branch_operator' retrieved from /home/airflow/.local/lib/python3.12/site-packages/airflow/example_dags/example_branch_operator.py
[2026-06-29T22:45:33.227+0000] {logging_mixin.py:190} INFO - [2026-06-29T22:45:33.226+0000] {dag.py:3239} INFO - Sync 1 DAGs
[2026-06-29T22:45:33.255+0000] {logging_mixin.py:190} INFO - [2026-06-29T22:45:33.254+0000] {dag.py:4180} INFO - Setting next_dagrun for example_branch_operator to 2026-06-28 00:00:00+00:00, run_after=2026-06-29 00:00:00+00:00
[2026-06-29T22:45:33.278+0000] {processor.py:208} INFO - Processing /home/airflow/.local/lib/python3.12/site-packages/airflow/example_dags/example_branch_operator.py took 0.118 seconds
[2026-06-29T22:46:03.506+0000] {processor.py:186} INFO - Started process (PID=678) to work on /home/airflow/.local/lib/python3.12/site-packages/airflow/example_dags/example_branch_operator.py
[2026-06-29T22:46:03.508+0000] {processor.py:914} INFO - Processing file /home/airflow/.local/lib/python3.12/site-packages/airflow/example_dags/example_branch_operator.py for tasks to queue
[2026-06-29T22:46:03.511+0000] {logging_mixin.py:190} INFO - [2026-06-29T22:46:03.511+0000] {dagbag.py:588} INFO - Filling up the DagBag from /home/airflow/.local/lib/python3.12/site-packages/airflow/example_dags/example_branch_operator.py
[2026-06-29T22:46:03.539+0000] {processor.py:925} INFO - DAG(s) 'example_branch_operator' retrieved from /home/airflow/.local/lib/python3.12/site-packages/airflow/example_dags/example_branch_operator.py
[2026-06-29T22:46:03.575+0000] {logging_mixin.py:190} INFO - [2026-06-29T22:46:03.575+0000] {dag.py:3239} INFO - Sync 1 DAGs
[2026-06-29T22:46:03.603+0000] {logging_mixin.py:190} INFO - [2026-06-29T22:46:03.603+0000] {dag.py:4180} INFO - Setting next_dagrun for example_branch_operator to 2026-06-28 00:00:00+00:00, run_after=2026-06-29 00:00:00+00:00
[2026-06-29T22:46:03.627+0000] {processor.py:208} INFO - Processing /home/airflow/.local/lib/python3.12/site-packages/airflow/example_dags/example_branch_operator.py took 0.131 seconds
[2026-06-29T22:46:34.398+0000] {processor.py:186} INFO - Started process (PID=742) to work on /home/airflow/.local/lib/python3.12/site-packages/airflow/example_dags/example_branch_operator.py
[2026-06-29T22:46:34.400+0000] {processor.py:914} INFO - Processing file /home/airflow/.local/lib/python3.12/site-packages/airflow/example_dags/example_branch_operator.py for tasks to queue
[2026-06-29T22:46:34.412+0000] {logging_mixin.py:190} INFO - [2026-06-29T22:46:34.410+0000] {dagbag.py:588} INFO - Filling up the DagBag from /home/airflow/.local/lib/python3.12/site-packages/airflow/example_dags/example_branch_operator.py
[2026-06-29T22:46:34.439+0000] {processor.py:925} INFO - DAG(s) 'example_branch_operator' retrieved from /home/airflow/.local/lib/python3.12/site-packages/airflow/example_dags/example_branch_operator.py
[2026-06-29T22:46:34.487+0000] {logging_mixin.py:190} INFO - [2026-06-29T22:46:34.487+0000] {dag.py:3239} INFO - Sync 1 DAGs
[2026-06-29T22:46:34.532+0000] {logging_mixin.py:190} INFO - [2026-06-29T22:46:34.531+0000] {dag.py:4180} INFO - Setting next_dagrun for example_branch_operator to 2026-06-28 00:00:00+00:00, run_after=2026-06-29 00:00:00+00:00
[2026-06-29T22:46:34.566+0000] {processor.py:208} INFO - Processing /home/airflow/.local/lib/python3.12/site-packages/airflow/example_dags/example_branch_operator.py took 0.177 seconds
