[2026-06-29T21:56:55.657+0000] {processor.py:186} INFO - Started process (PID=86) to work on /home/airflow/.local/lib/python3.12/site-packages/airflow/example_dags/example_inlet_event_extra.py
[2026-06-29T21:56:55.660+0000] {processor.py:914} INFO - Processing file /home/airflow/.local/lib/python3.12/site-packages/airflow/example_dags/example_inlet_event_extra.py for tasks to queue
[2026-06-29T21:56:55.665+0000] {logging_mixin.py:190} INFO - [2026-06-29T21:56:55.664+0000] {dagbag.py:588} INFO - Filling up the DagBag from /home/airflow/.local/lib/python3.12/site-packages/airflow/example_dags/example_inlet_event_extra.py
[2026-06-29T21:57:00.892+0000] {processor.py:925} INFO - DAG(s) 'read_dataset_event_from_classic', 'read_dataset_event' retrieved from /home/airflow/.local/lib/python3.12/site-packages/airflow/example_dags/example_inlet_event_extra.py
[2026-06-29T21:57:01.079+0000] {logging_mixin.py:190} INFO - [2026-06-29T21:57:01.077+0000] {override.py:1912} INFO - Created Permission View: can edit on DAG:read_dataset_event_from_classic
[2026-06-29T21:57:01.107+0000] {logging_mixin.py:190} INFO - [2026-06-29T21:57:01.106+0000] {override.py:1912} INFO - Created Permission View: can read on DAG:read_dataset_event_from_classic
[2026-06-29T21:57:01.126+0000] {logging_mixin.py:190} INFO - [2026-06-29T21:57:01.126+0000] {override.py:1912} INFO - Created Permission View: can delete on DAG:read_dataset_event_from_classic
[2026-06-29T21:57:01.150+0000] {logging_mixin.py:190} INFO - [2026-06-29T21:57:01.149+0000] {override.py:1912} INFO - Created Permission View: can create on DAG Run:read_dataset_event_from_classic
[2026-06-29T21:57:01.170+0000] {logging_mixin.py:190} INFO - [2026-06-29T21:57:01.170+0000] {override.py:1912} INFO - Created Permission View: can read on DAG Run:read_dataset_event_from_classic
[2026-06-29T21:57:01.189+0000] {logging_mixin.py:190} INFO - [2026-06-29T21:57:01.189+0000] {override.py:1912} INFO - Created Permission View: can delete on DAG Run:read_dataset_event_from_classic
[2026-06-29T21:57:01.209+0000] {logging_mixin.py:190} INFO - [2026-06-29T21:57:01.209+0000] {override.py:1912} INFO - Created Permission View: menu access on DAG Run:read_dataset_event_from_classic
[2026-06-29T21:57:01.243+0000] {logging_mixin.py:190} INFO - [2026-06-29T21:57:01.243+0000] {override.py:1912} INFO - Created Permission View: can edit on DAG:read_dataset_event
[2026-06-29T21:57:01.261+0000] {logging_mixin.py:190} INFO - [2026-06-29T21:57:01.261+0000] {override.py:1912} INFO - Created Permission View: can read on DAG:read_dataset_event
[2026-06-29T21:57:01.277+0000] {logging_mixin.py:190} INFO - [2026-06-29T21:57:01.277+0000] {override.py:1912} INFO - Created Permission View: can delete on DAG:read_dataset_event
[2026-06-29T21:57:01.295+0000] {logging_mixin.py:190} INFO - [2026-06-29T21:57:01.294+0000] {override.py:1912} INFO - Created Permission View: can create on DAG Run:read_dataset_event
[2026-06-29T21:57:01.313+0000] {logging_mixin.py:190} INFO - [2026-06-29T21:57:01.312+0000] {override.py:1912} INFO - Created Permission View: can read on DAG Run:read_dataset_event
[2026-06-29T21:57:01.329+0000] {logging_mixin.py:190} INFO - [2026-06-29T21:57:01.328+0000] {override.py:1912} INFO - Created Permission View: can delete on DAG Run:read_dataset_event
[2026-06-29T21:57:01.347+0000] {logging_mixin.py:190} INFO - [2026-06-29T21:57:01.346+0000] {override.py:1912} INFO - Created Permission View: menu access on DAG Run:read_dataset_event
[2026-06-29T21:57:01.349+0000] {logging_mixin.py:190} INFO - [2026-06-29T21:57:01.348+0000] {dag.py:3239} INFO - Sync 2 DAGs
[2026-06-29T21:57:01.375+0000] {logging_mixin.py:190} INFO - [2026-06-29T21:57:01.374+0000] {dag.py:3262} INFO - Creating ORM DAG for read_dataset_event_from_classic
[2026-06-29T21:57:01.378+0000] {logging_mixin.py:190} INFO - [2026-06-29T21:57:01.377+0000] {dag.py:3262} INFO - Creating ORM DAG for read_dataset_event
[2026-06-29T21:57:01.410+0000] {logging_mixin.py:190} INFO - [2026-06-29T21:57:01.409+0000] {dag.py:4180} INFO - Setting next_dagrun for read_dataset_event to 2026-06-28 00:00:00+00:00, run_after=2026-06-29 00:00:00+00:00
[2026-06-29T21:57:01.415+0000] {logging_mixin.py:190} INFO - [2026-06-29T21:57:01.415+0000] {dag.py:4180} INFO - Setting next_dagrun for read_dataset_event_from_classic to 2026-06-28 00:00:00+00:00, run_after=2026-06-29 00:00:00+00:00
[2026-06-29T21:57:01.449+0000] {processor.py:208} INFO - Processing /home/airflow/.local/lib/python3.12/site-packages/airflow/example_dags/example_inlet_event_extra.py took 3.072 seconds
[2026-06-29T21:59:05.702+0000] {processor.py:186} INFO - Started process (PID=86) to work on /home/airflow/.local/lib/python3.12/site-packages/airflow/example_dags/example_inlet_event_extra.py
[2026-06-29T21:59:05.714+0000] {processor.py:914} INFO - Processing file /home/airflow/.local/lib/python3.12/site-packages/airflow/example_dags/example_inlet_event_extra.py for tasks to queue
[2026-06-29T21:59:05.723+0000] {logging_mixin.py:190} INFO - [2026-06-29T21:59:05.723+0000] {dagbag.py:588} INFO - Filling up the DagBag from /home/airflow/.local/lib/python3.12/site-packages/airflow/example_dags/example_inlet_event_extra.py
[2026-06-29T21:59:08.783+0000] {processor.py:925} INFO - DAG(s) 'read_dataset_event_from_classic', 'read_dataset_event' retrieved from /home/airflow/.local/lib/python3.12/site-packages/airflow/example_dags/example_inlet_event_extra.py
[2026-06-29T21:59:08.911+0000] {logging_mixin.py:190} INFO - [2026-06-29T21:59:08.909+0000] {dag.py:3239} INFO - Sync 2 DAGs
[2026-06-29T21:59:09.014+0000] {logging_mixin.py:190} INFO - [2026-06-29T21:59:09.013+0000] {dag.py:4180} INFO - Setting next_dagrun for read_dataset_event to 2026-06-28 00:00:00+00:00, run_after=2026-06-29 00:00:00+00:00
[2026-06-29T21:59:09.045+0000] {logging_mixin.py:190} INFO - [2026-06-29T21:59:09.044+0000] {dag.py:4180} INFO - Setting next_dagrun for read_dataset_event_from_classic to 2026-06-28 00:00:00+00:00, run_after=2026-06-29 00:00:00+00:00
[2026-06-29T21:59:09.109+0000] {processor.py:208} INFO - Processing /home/airflow/.local/lib/python3.12/site-packages/airflow/example_dags/example_inlet_event_extra.py took 3.419 seconds
[2026-06-29T21:59:39.284+0000] {processor.py:186} INFO - Started process (PID=155) to work on /home/airflow/.local/lib/python3.12/site-packages/airflow/example_dags/example_inlet_event_extra.py
[2026-06-29T21:59:39.285+0000] {processor.py:914} INFO - Processing file /home/airflow/.local/lib/python3.12/site-packages/airflow/example_dags/example_inlet_event_extra.py for tasks to queue
[2026-06-29T21:59:39.288+0000] {logging_mixin.py:190} INFO - [2026-06-29T21:59:39.288+0000] {dagbag.py:588} INFO - Filling up the DagBag from /home/airflow/.local/lib/python3.12/site-packages/airflow/example_dags/example_inlet_event_extra.py
[2026-06-29T21:59:40.779+0000] {processor.py:925} INFO - DAG(s) 'read_dataset_event', 'read_dataset_event_from_classic' retrieved from /home/airflow/.local/lib/python3.12/site-packages/airflow/example_dags/example_inlet_event_extra.py
[2026-06-29T21:59:40.841+0000] {logging_mixin.py:190} INFO - [2026-06-29T21:59:40.840+0000] {dag.py:3239} INFO - Sync 2 DAGs
[2026-06-29T21:59:40.923+0000] {logging_mixin.py:190} INFO - [2026-06-29T21:59:40.922+0000] {dag.py:4180} INFO - Setting next_dagrun for read_dataset_event to 2026-06-28 00:00:00+00:00, run_after=2026-06-29 00:00:00+00:00
[2026-06-29T21:59:40.958+0000] {logging_mixin.py:190} INFO - [2026-06-29T21:59:40.958+0000] {dag.py:4180} INFO - Setting next_dagrun for read_dataset_event_from_classic to 2026-06-28 00:00:00+00:00, run_after=2026-06-29 00:00:00+00:00
[2026-06-29T21:59:41.037+0000] {processor.py:208} INFO - Processing /home/airflow/.local/lib/python3.12/site-packages/airflow/example_dags/example_inlet_event_extra.py took 1.760 seconds
[2026-06-29T22:00:11.535+0000] {processor.py:186} INFO - Started process (PID=218) to work on /home/airflow/.local/lib/python3.12/site-packages/airflow/example_dags/example_inlet_event_extra.py
[2026-06-29T22:00:11.541+0000] {processor.py:914} INFO - Processing file /home/airflow/.local/lib/python3.12/site-packages/airflow/example_dags/example_inlet_event_extra.py for tasks to queue
[2026-06-29T22:00:11.547+0000] {logging_mixin.py:190} INFO - [2026-06-29T22:00:11.546+0000] {dagbag.py:588} INFO - Filling up the DagBag from /home/airflow/.local/lib/python3.12/site-packages/airflow/example_dags/example_inlet_event_extra.py
[2026-06-29T22:00:12.694+0000] {processor.py:925} INFO - DAG(s) 'read_dataset_event_from_classic', 'read_dataset_event' retrieved from /home/airflow/.local/lib/python3.12/site-packages/airflow/example_dags/example_inlet_event_extra.py
[2026-06-29T22:00:12.745+0000] {logging_mixin.py:190} INFO - [2026-06-29T22:00:12.745+0000] {dag.py:3239} INFO - Sync 2 DAGs
[2026-06-29T22:00:12.791+0000] {logging_mixin.py:190} INFO - [2026-06-29T22:00:12.790+0000] {dag.py:4180} INFO - Setting next_dagrun for read_dataset_event to 2026-06-28 00:00:00+00:00, run_after=2026-06-29 00:00:00+00:00
[2026-06-29T22:00:12.806+0000] {logging_mixin.py:190} INFO - [2026-06-29T22:00:12.806+0000] {dag.py:4180} INFO - Setting next_dagrun for read_dataset_event_from_classic to 2026-06-28 00:00:00+00:00, run_after=2026-06-29 00:00:00+00:00
[2026-06-29T22:00:12.840+0000] {processor.py:208} INFO - Processing /home/airflow/.local/lib/python3.12/site-packages/airflow/example_dags/example_inlet_event_extra.py took 1.315 seconds
[2026-06-29T22:00:42.899+0000] {processor.py:186} INFO - Started process (PID=285) to work on /home/airflow/.local/lib/python3.12/site-packages/airflow/example_dags/example_inlet_event_extra.py
[2026-06-29T22:00:42.900+0000] {processor.py:914} INFO - Processing file /home/airflow/.local/lib/python3.12/site-packages/airflow/example_dags/example_inlet_event_extra.py for tasks to queue
[2026-06-29T22:00:42.903+0000] {logging_mixin.py:190} INFO - [2026-06-29T22:00:42.903+0000] {dagbag.py:588} INFO - Filling up the DagBag from /home/airflow/.local/lib/python3.12/site-packages/airflow/example_dags/example_inlet_event_extra.py
[2026-06-29T22:00:43.485+0000] {processor.py:925} INFO - DAG(s) 'read_dataset_event', 'read_dataset_event_from_classic' retrieved from /home/airflow/.local/lib/python3.12/site-packages/airflow/example_dags/example_inlet_event_extra.py
[2026-06-29T22:00:43.507+0000] {logging_mixin.py:190} INFO - [2026-06-29T22:00:43.506+0000] {dag.py:3239} INFO - Sync 2 DAGs
[2026-06-29T22:00:43.528+0000] {logging_mixin.py:190} INFO - [2026-06-29T22:00:43.528+0000] {dag.py:4180} INFO - Setting next_dagrun for read_dataset_event to 2026-06-28 00:00:00+00:00, run_after=2026-06-29 00:00:00+00:00
[2026-06-29T22:00:43.534+0000] {logging_mixin.py:190} INFO - [2026-06-29T22:00:43.534+0000] {dag.py:4180} INFO - Setting next_dagrun for read_dataset_event_from_classic to 2026-06-28 00:00:00+00:00, run_after=2026-06-29 00:00:00+00:00
[2026-06-29T22:00:43.554+0000] {processor.py:208} INFO - Processing /home/airflow/.local/lib/python3.12/site-packages/airflow/example_dags/example_inlet_event_extra.py took 0.660 seconds
[2026-06-29T22:01:13.719+0000] {processor.py:186} INFO - Started process (PID=348) to work on /home/airflow/.local/lib/python3.12/site-packages/airflow/example_dags/example_inlet_event_extra.py
[2026-06-29T22:01:13.721+0000] {processor.py:914} INFO - Processing file /home/airflow/.local/lib/python3.12/site-packages/airflow/example_dags/example_inlet_event_extra.py for tasks to queue
[2026-06-29T22:01:13.724+0000] {logging_mixin.py:190} INFO - [2026-06-29T22:01:13.724+0000] {dagbag.py:588} INFO - Filling up the DagBag from /home/airflow/.local/lib/python3.12/site-packages/airflow/example_dags/example_inlet_event_extra.py
[2026-06-29T22:01:14.620+0000] {processor.py:925} INFO - DAG(s) 'read_dataset_event', 'read_dataset_event_from_classic' retrieved from /home/airflow/.local/lib/python3.12/site-packages/airflow/example_dags/example_inlet_event_extra.py
[2026-06-29T22:01:14.655+0000] {logging_mixin.py:190} INFO - [2026-06-29T22:01:14.654+0000] {dag.py:3239} INFO - Sync 2 DAGs
[2026-06-29T22:01:14.691+0000] {logging_mixin.py:190} INFO - [2026-06-29T22:01:14.690+0000] {dag.py:4180} INFO - Setting next_dagrun for read_dataset_event to 2026-06-28 00:00:00+00:00, run_after=2026-06-29 00:00:00+00:00
[2026-06-29T22:01:14.701+0000] {logging_mixin.py:190} INFO - [2026-06-29T22:01:14.701+0000] {dag.py:4180} INFO - Setting next_dagrun for read_dataset_event_from_classic to 2026-06-28 00:00:00+00:00, run_after=2026-06-29 00:00:00+00:00
[2026-06-29T22:01:14.739+0000] {processor.py:208} INFO - Processing /home/airflow/.local/lib/python3.12/site-packages/airflow/example_dags/example_inlet_event_extra.py took 1.030 seconds
[2026-06-29T22:01:45.005+0000] {processor.py:186} INFO - Started process (PID=411) to work on /home/airflow/.local/lib/python3.12/site-packages/airflow/example_dags/example_inlet_event_extra.py
[2026-06-29T22:01:45.007+0000] {processor.py:914} INFO - Processing file /home/airflow/.local/lib/python3.12/site-packages/airflow/example_dags/example_inlet_event_extra.py for tasks to queue
[2026-06-29T22:01:45.011+0000] {logging_mixin.py:190} INFO - [2026-06-29T22:01:45.011+0000] {dagbag.py:588} INFO - Filling up the DagBag from /home/airflow/.local/lib/python3.12/site-packages/airflow/example_dags/example_inlet_event_extra.py
[2026-06-29T22:01:45.908+0000] {processor.py:925} INFO - DAG(s) 'read_dataset_event_from_classic', 'read_dataset_event' retrieved from /home/airflow/.local/lib/python3.12/site-packages/airflow/example_dags/example_inlet_event_extra.py
[2026-06-29T22:01:45.949+0000] {logging_mixin.py:190} INFO - [2026-06-29T22:01:45.949+0000] {dag.py:3239} INFO - Sync 2 DAGs
[2026-06-29T22:01:45.998+0000] {logging_mixin.py:190} INFO - [2026-06-29T22:01:45.998+0000] {dag.py:4180} INFO - Setting next_dagrun for read_dataset_event to 2026-06-28 00:00:00+00:00, run_after=2026-06-29 00:00:00+00:00
[2026-06-29T22:01:46.010+0000] {logging_mixin.py:190} INFO - [2026-06-29T22:01:46.010+0000] {dag.py:4180} INFO - Setting next_dagrun for read_dataset_event_from_classic to 2026-06-28 00:00:00+00:00, run_after=2026-06-29 00:00:00+00:00
[2026-06-29T22:01:46.047+0000] {processor.py:208} INFO - Processing /home/airflow/.local/lib/python3.12/site-packages/airflow/example_dags/example_inlet_event_extra.py took 1.054 seconds
[2026-06-29T22:02:16.280+0000] {processor.py:186} INFO - Started process (PID=475) to work on /home/airflow/.local/lib/python3.12/site-packages/airflow/example_dags/example_inlet_event_extra.py
[2026-06-29T22:02:16.283+0000] {processor.py:914} INFO - Processing file /home/airflow/.local/lib/python3.12/site-packages/airflow/example_dags/example_inlet_event_extra.py for tasks to queue
[2026-06-29T22:02:16.287+0000] {logging_mixin.py:190} INFO - [2026-06-29T22:02:16.287+0000] {dagbag.py:588} INFO - Filling up the DagBag from /home/airflow/.local/lib/python3.12/site-packages/airflow/example_dags/example_inlet_event_extra.py
[2026-06-29T22:02:17.279+0000] {processor.py:925} INFO - DAG(s) 'read_dataset_event', 'read_dataset_event_from_classic' retrieved from /home/airflow/.local/lib/python3.12/site-packages/airflow/example_dags/example_inlet_event_extra.py
[2026-06-29T22:02:17.313+0000] {logging_mixin.py:190} INFO - [2026-06-29T22:02:17.313+0000] {dag.py:3239} INFO - Sync 2 DAGs
[2026-06-29T22:02:17.353+0000] {logging_mixin.py:190} INFO - [2026-06-29T22:02:17.353+0000] {dag.py:4180} INFO - Setting next_dagrun for read_dataset_event to 2026-06-28 00:00:00+00:00, run_after=2026-06-29 00:00:00+00:00
[2026-06-29T22:02:17.363+0000] {logging_mixin.py:190} INFO - [2026-06-29T22:02:17.363+0000] {dag.py:4180} INFO - Setting next_dagrun for read_dataset_event_from_classic to 2026-06-28 00:00:00+00:00, run_after=2026-06-29 00:00:00+00:00
[2026-06-29T22:02:17.389+0000] {processor.py:208} INFO - Processing /home/airflow/.local/lib/python3.12/site-packages/airflow/example_dags/example_inlet_event_extra.py took 1.121 seconds
[2026-06-29T22:02:48.302+0000] {processor.py:186} INFO - Started process (PID=537) to work on /home/airflow/.local/lib/python3.12/site-packages/airflow/example_dags/example_inlet_event_extra.py
[2026-06-29T22:02:48.317+0000] {processor.py:914} INFO - Processing file /home/airflow/.local/lib/python3.12/site-packages/airflow/example_dags/example_inlet_event_extra.py for tasks to queue
[2026-06-29T22:02:48.374+0000] {logging_mixin.py:190} INFO - [2026-06-29T22:02:48.359+0000] {dagbag.py:588} INFO - Filling up the DagBag from /home/airflow/.local/lib/python3.12/site-packages/airflow/example_dags/example_inlet_event_extra.py
[2026-06-29T22:02:53.470+0000] {processor.py:925} INFO - DAG(s) 'read_dataset_event_from_classic', 'read_dataset_event' retrieved from /home/airflow/.local/lib/python3.12/site-packages/airflow/example_dags/example_inlet_event_extra.py
[2026-06-29T22:02:53.747+0000] {logging_mixin.py:190} INFO - [2026-06-29T22:02:53.746+0000] {dag.py:3239} INFO - Sync 2 DAGs
[2026-06-29T22:02:53.844+0000] {logging_mixin.py:190} INFO - [2026-06-29T22:02:53.843+0000] {dag.py:4180} INFO - Setting next_dagrun for read_dataset_event to 2026-06-28 00:00:00+00:00, run_after=2026-06-29 00:00:00+00:00
[2026-06-29T22:02:53.883+0000] {logging_mixin.py:190} INFO - [2026-06-29T22:02:53.883+0000] {dag.py:4180} INFO - Setting next_dagrun for read_dataset_event_from_classic to 2026-06-28 00:00:00+00:00, run_after=2026-06-29 00:00:00+00:00
[2026-06-29T22:02:53.950+0000] {processor.py:208} INFO - Processing /home/airflow/.local/lib/python3.12/site-packages/airflow/example_dags/example_inlet_event_extra.py took 5.834 seconds
[2026-06-29T22:03:24.293+0000] {processor.py:186} INFO - Started process (PID=602) to work on /home/airflow/.local/lib/python3.12/site-packages/airflow/example_dags/example_inlet_event_extra.py
[2026-06-29T22:03:24.295+0000] {processor.py:914} INFO - Processing file /home/airflow/.local/lib/python3.12/site-packages/airflow/example_dags/example_inlet_event_extra.py for tasks to queue
[2026-06-29T22:03:24.303+0000] {logging_mixin.py:190} INFO - [2026-06-29T22:03:24.302+0000] {dagbag.py:588} INFO - Filling up the DagBag from /home/airflow/.local/lib/python3.12/site-packages/airflow/example_dags/example_inlet_event_extra.py
[2026-06-29T22:03:25.234+0000] {processor.py:925} INFO - DAG(s) 'read_dataset_event_from_classic', 'read_dataset_event' retrieved from /home/airflow/.local/lib/python3.12/site-packages/airflow/example_dags/example_inlet_event_extra.py
[2026-06-29T22:03:25.285+0000] {logging_mixin.py:190} INFO - [2026-06-29T22:03:25.284+0000] {dag.py:3239} INFO - Sync 2 DAGs
[2026-06-29T22:03:25.332+0000] {logging_mixin.py:190} INFO - [2026-06-29T22:03:25.332+0000] {dag.py:4180} INFO - Setting next_dagrun for read_dataset_event to 2026-06-28 00:00:00+00:00, run_after=2026-06-29 00:00:00+00:00
[2026-06-29T22:03:25.345+0000] {logging_mixin.py:190} INFO - [2026-06-29T22:03:25.344+0000] {dag.py:4180} INFO - Setting next_dagrun for read_dataset_event_from_classic to 2026-06-28 00:00:00+00:00, run_after=2026-06-29 00:00:00+00:00
[2026-06-29T22:03:25.381+0000] {processor.py:208} INFO - Processing /home/airflow/.local/lib/python3.12/site-packages/airflow/example_dags/example_inlet_event_extra.py took 1.097 seconds
[2026-06-29T22:03:55.535+0000] {processor.py:186} INFO - Started process (PID=665) to work on /home/airflow/.local/lib/python3.12/site-packages/airflow/example_dags/example_inlet_event_extra.py
[2026-06-29T22:03:55.537+0000] {processor.py:914} INFO - Processing file /home/airflow/.local/lib/python3.12/site-packages/airflow/example_dags/example_inlet_event_extra.py for tasks to queue
[2026-06-29T22:03:55.540+0000] {logging_mixin.py:190} INFO - [2026-06-29T22:03:55.539+0000] {dagbag.py:588} INFO - Filling up the DagBag from /home/airflow/.local/lib/python3.12/site-packages/airflow/example_dags/example_inlet_event_extra.py
[2026-06-29T22:03:56.338+0000] {processor.py:925} INFO - DAG(s) 'read_dataset_event', 'read_dataset_event_from_classic' retrieved from /home/airflow/.local/lib/python3.12/site-packages/airflow/example_dags/example_inlet_event_extra.py
[2026-06-29T22:03:56.367+0000] {logging_mixin.py:190} INFO - [2026-06-29T22:03:56.367+0000] {dag.py:3239} INFO - Sync 2 DAGs
[2026-06-29T22:03:56.400+0000] {logging_mixin.py:190} INFO - [2026-06-29T22:03:56.400+0000] {dag.py:4180} INFO - Setting next_dagrun for read_dataset_event to 2026-06-28 00:00:00+00:00, run_after=2026-06-29 00:00:00+00:00
[2026-06-29T22:03:56.408+0000] {logging_mixin.py:190} INFO - [2026-06-29T22:03:56.408+0000] {dag.py:4180} INFO - Setting next_dagrun for read_dataset_event_from_classic to 2026-06-28 00:00:00+00:00, run_after=2026-06-29 00:00:00+00:00
[2026-06-29T22:03:56.432+0000] {processor.py:208} INFO - Processing /home/airflow/.local/lib/python3.12/site-packages/airflow/example_dags/example_inlet_event_extra.py took 0.904 seconds
[2026-06-29T22:04:26.885+0000] {processor.py:186} INFO - Started process (PID=731) to work on /home/airflow/.local/lib/python3.12/site-packages/airflow/example_dags/example_inlet_event_extra.py
[2026-06-29T22:04:26.888+0000] {processor.py:914} INFO - Processing file /home/airflow/.local/lib/python3.12/site-packages/airflow/example_dags/example_inlet_event_extra.py for tasks to queue
[2026-06-29T22:04:26.894+0000] {logging_mixin.py:190} INFO - [2026-06-29T22:04:26.893+0000] {dagbag.py:588} INFO - Filling up the DagBag from /home/airflow/.local/lib/python3.12/site-packages/airflow/example_dags/example_inlet_event_extra.py
[2026-06-29T22:04:28.565+0000] {processor.py:925} INFO - DAG(s) 'read_dataset_event_from_classic', 'read_dataset_event' retrieved from /home/airflow/.local/lib/python3.12/site-packages/airflow/example_dags/example_inlet_event_extra.py
[2026-06-29T22:04:28.618+0000] {logging_mixin.py:190} INFO - [2026-06-29T22:04:28.617+0000] {dag.py:3239} INFO - Sync 2 DAGs
[2026-06-29T22:04:28.668+0000] {logging_mixin.py:190} INFO - [2026-06-29T22:04:28.667+0000] {dag.py:4180} INFO - Setting next_dagrun for read_dataset_event to 2026-06-28 00:00:00+00:00, run_after=2026-06-29 00:00:00+00:00
[2026-06-29T22:04:28.682+0000] {logging_mixin.py:190} INFO - [2026-06-29T22:04:28.682+0000] {dag.py:4180} INFO - Setting next_dagrun for read_dataset_event_from_classic to 2026-06-28 00:00:00+00:00, run_after=2026-06-29 00:00:00+00:00
[2026-06-29T22:04:28.724+0000] {processor.py:208} INFO - Processing /home/airflow/.local/lib/python3.12/site-packages/airflow/example_dags/example_inlet_event_extra.py took 1.852 seconds
[2026-06-29T22:04:59.137+0000] {processor.py:186} INFO - Started process (PID=795) to work on /home/airflow/.local/lib/python3.12/site-packages/airflow/example_dags/example_inlet_event_extra.py
[2026-06-29T22:04:59.138+0000] {processor.py:914} INFO - Processing file /home/airflow/.local/lib/python3.12/site-packages/airflow/example_dags/example_inlet_event_extra.py for tasks to queue
[2026-06-29T22:04:59.141+0000] {logging_mixin.py:190} INFO - [2026-06-29T22:04:59.141+0000] {dagbag.py:588} INFO - Filling up the DagBag from /home/airflow/.local/lib/python3.12/site-packages/airflow/example_dags/example_inlet_event_extra.py
[2026-06-29T22:04:59.731+0000] {processor.py:925} INFO - DAG(s) 'read_dataset_event', 'read_dataset_event_from_classic' retrieved from /home/airflow/.local/lib/python3.12/site-packages/airflow/example_dags/example_inlet_event_extra.py
[2026-06-29T22:04:59.758+0000] {logging_mixin.py:190} INFO - [2026-06-29T22:04:59.758+0000] {dag.py:3239} INFO - Sync 2 DAGs
[2026-06-29T22:04:59.789+0000] {logging_mixin.py:190} INFO - [2026-06-29T22:04:59.788+0000] {dag.py:4180} INFO - Setting next_dagrun for read_dataset_event to 2026-06-28 00:00:00+00:00, run_after=2026-06-29 00:00:00+00:00
[2026-06-29T22:04:59.796+0000] {logging_mixin.py:190} INFO - [2026-06-29T22:04:59.796+0000] {dag.py:4180} INFO - Setting next_dagrun for read_dataset_event_from_classic to 2026-06-28 00:00:00+00:00, run_after=2026-06-29 00:00:00+00:00
[2026-06-29T22:04:59.821+0000] {processor.py:208} INFO - Processing /home/airflow/.local/lib/python3.12/site-packages/airflow/example_dags/example_inlet_event_extra.py took 0.691 seconds
[2026-06-29T22:05:30.356+0000] {processor.py:186} INFO - Started process (PID=859) to work on /home/airflow/.local/lib/python3.12/site-packages/airflow/example_dags/example_inlet_event_extra.py
[2026-06-29T22:05:30.358+0000] {processor.py:914} INFO - Processing file /home/airflow/.local/lib/python3.12/site-packages/airflow/example_dags/example_inlet_event_extra.py for tasks to queue
[2026-06-29T22:05:30.361+0000] {logging_mixin.py:190} INFO - [2026-06-29T22:05:30.360+0000] {dagbag.py:588} INFO - Filling up the DagBag from /home/airflow/.local/lib/python3.12/site-packages/airflow/example_dags/example_inlet_event_extra.py
[2026-06-29T22:05:30.920+0000] {processor.py:925} INFO - DAG(s) 'read_dataset_event_from_classic', 'read_dataset_event' retrieved from /home/airflow/.local/lib/python3.12/site-packages/airflow/example_dags/example_inlet_event_extra.py
[2026-06-29T22:05:30.942+0000] {logging_mixin.py:190} INFO - [2026-06-29T22:05:30.942+0000] {dag.py:3239} INFO - Sync 2 DAGs
[2026-06-29T22:05:30.966+0000] {logging_mixin.py:190} INFO - [2026-06-29T22:05:30.966+0000] {dag.py:4180} INFO - Setting next_dagrun for read_dataset_event to 2026-06-28 00:00:00+00:00, run_after=2026-06-29 00:00:00+00:00
[2026-06-29T22:05:30.972+0000] {logging_mixin.py:190} INFO - [2026-06-29T22:05:30.971+0000] {dag.py:4180} INFO - Setting next_dagrun for read_dataset_event_from_classic to 2026-06-28 00:00:00+00:00, run_after=2026-06-29 00:00:00+00:00
[2026-06-29T22:05:30.990+0000] {processor.py:208} INFO - Processing /home/airflow/.local/lib/python3.12/site-packages/airflow/example_dags/example_inlet_event_extra.py took 0.640 seconds
[2026-06-29T22:06:01.809+0000] {processor.py:186} INFO - Started process (PID=924) to work on /home/airflow/.local/lib/python3.12/site-packages/airflow/example_dags/example_inlet_event_extra.py
[2026-06-29T22:06:01.812+0000] {processor.py:914} INFO - Processing file /home/airflow/.local/lib/python3.12/site-packages/airflow/example_dags/example_inlet_event_extra.py for tasks to queue
[2026-06-29T22:06:01.817+0000] {logging_mixin.py:190} INFO - [2026-06-29T22:06:01.816+0000] {dagbag.py:588} INFO - Filling up the DagBag from /home/airflow/.local/lib/python3.12/site-packages/airflow/example_dags/example_inlet_event_extra.py
[2026-06-29T22:06:02.479+0000] {processor.py:925} INFO - DAG(s) 'read_dataset_event_from_classic', 'read_dataset_event' retrieved from /home/airflow/.local/lib/python3.12/site-packages/airflow/example_dags/example_inlet_event_extra.py
[2026-06-29T22:06:02.505+0000] {logging_mixin.py:190} INFO - [2026-06-29T22:06:02.504+0000] {dag.py:3239} INFO - Sync 2 DAGs
[2026-06-29T22:06:02.530+0000] {logging_mixin.py:190} INFO - [2026-06-29T22:06:02.530+0000] {dag.py:4180} INFO - Setting next_dagrun for read_dataset_event to 2026-06-28 00:00:00+00:00, run_after=2026-06-29 00:00:00+00:00
[2026-06-29T22:06:02.537+0000] {logging_mixin.py:190} INFO - [2026-06-29T22:06:02.537+0000] {dag.py:4180} INFO - Setting next_dagrun for read_dataset_event_from_classic to 2026-06-28 00:00:00+00:00, run_after=2026-06-29 00:00:00+00:00
[2026-06-29T22:06:02.557+0000] {processor.py:208} INFO - Processing /home/airflow/.local/lib/python3.12/site-packages/airflow/example_dags/example_inlet_event_extra.py took 0.759 seconds
[2026-06-29T22:08:20.304+0000] {processor.py:186} INFO - Started process (PID=94) to work on /home/airflow/.local/lib/python3.12/site-packages/airflow/example_dags/example_inlet_event_extra.py
[2026-06-29T22:08:20.307+0000] {processor.py:914} INFO - Processing file /home/airflow/.local/lib/python3.12/site-packages/airflow/example_dags/example_inlet_event_extra.py for tasks to queue
[2026-06-29T22:08:20.319+0000] {logging_mixin.py:190} INFO - [2026-06-29T22:08:20.319+0000] {dagbag.py:588} INFO - Filling up the DagBag from /home/airflow/.local/lib/python3.12/site-packages/airflow/example_dags/example_inlet_event_extra.py
[2026-06-29T22:08:23.943+0000] {processor.py:925} INFO - DAG(s) 'read_dataset_event', 'read_dataset_event_from_classic' retrieved from /home/airflow/.local/lib/python3.12/site-packages/airflow/example_dags/example_inlet_event_extra.py
[2026-06-29T22:08:24.004+0000] {logging_mixin.py:190} INFO - [2026-06-29T22:08:24.002+0000] {dag.py:3239} INFO - Sync 2 DAGs
[2026-06-29T22:08:24.063+0000] {logging_mixin.py:190} INFO - [2026-06-29T22:08:24.062+0000] {dag.py:4180} INFO - Setting next_dagrun for read_dataset_event to 2026-06-28 00:00:00+00:00, run_after=2026-06-29 00:00:00+00:00
[2026-06-29T22:08:24.075+0000] {logging_mixin.py:190} INFO - [2026-06-29T22:08:24.075+0000] {dag.py:4180} INFO - Setting next_dagrun for read_dataset_event_from_classic to 2026-06-28 00:00:00+00:00, run_after=2026-06-29 00:00:00+00:00
[2026-06-29T22:08:24.116+0000] {processor.py:208} INFO - Processing /home/airflow/.local/lib/python3.12/site-packages/airflow/example_dags/example_inlet_event_extra.py took 3.822 seconds
[2026-06-29T22:08:55.670+0000] {processor.py:186} INFO - Started process (PID=161) to work on /home/airflow/.local/lib/python3.12/site-packages/airflow/example_dags/example_inlet_event_extra.py
[2026-06-29T22:08:55.674+0000] {processor.py:914} INFO - Processing file /home/airflow/.local/lib/python3.12/site-packages/airflow/example_dags/example_inlet_event_extra.py for tasks to queue
[2026-06-29T22:08:55.701+0000] {logging_mixin.py:190} INFO - [2026-06-29T22:08:55.699+0000] {dagbag.py:588} INFO - Filling up the DagBag from /home/airflow/.local/lib/python3.12/site-packages/airflow/example_dags/example_inlet_event_extra.py
[2026-06-29T22:08:58.874+0000] {processor.py:925} INFO - DAG(s) 'read_dataset_event_from_classic', 'read_dataset_event' retrieved from /home/airflow/.local/lib/python3.12/site-packages/airflow/example_dags/example_inlet_event_extra.py
[2026-06-29T22:08:58.936+0000] {logging_mixin.py:190} INFO - [2026-06-29T22:08:58.936+0000] {dag.py:3239} INFO - Sync 2 DAGs
[2026-06-29T22:08:59.036+0000] {logging_mixin.py:190} INFO - [2026-06-29T22:08:59.036+0000] {dag.py:4180} INFO - Setting next_dagrun for read_dataset_event to 2026-06-28 00:00:00+00:00, run_after=2026-06-29 00:00:00+00:00
[2026-06-29T22:08:59.053+0000] {logging_mixin.py:190} INFO - [2026-06-29T22:08:59.053+0000] {dag.py:4180} INFO - Setting next_dagrun for read_dataset_event_from_classic to 2026-06-28 00:00:00+00:00, run_after=2026-06-29 00:00:00+00:00
[2026-06-29T22:08:59.097+0000] {processor.py:208} INFO - Processing /home/airflow/.local/lib/python3.12/site-packages/airflow/example_dags/example_inlet_event_extra.py took 3.440 seconds
[2026-06-29T22:09:29.502+0000] {processor.py:186} INFO - Started process (PID=228) to work on /home/airflow/.local/lib/python3.12/site-packages/airflow/example_dags/example_inlet_event_extra.py
[2026-06-29T22:09:29.511+0000] {processor.py:914} INFO - Processing file /home/airflow/.local/lib/python3.12/site-packages/airflow/example_dags/example_inlet_event_extra.py for tasks to queue
[2026-06-29T22:09:29.570+0000] {logging_mixin.py:190} INFO - [2026-06-29T22:09:29.566+0000] {dagbag.py:588} INFO - Filling up the DagBag from /home/airflow/.local/lib/python3.12/site-packages/airflow/example_dags/example_inlet_event_extra.py
[2026-06-29T22:09:33.154+0000] {processor.py:925} INFO - DAG(s) 'read_dataset_event_from_classic', 'read_dataset_event' retrieved from /home/airflow/.local/lib/python3.12/site-packages/airflow/example_dags/example_inlet_event_extra.py
[2026-06-29T22:09:33.234+0000] {logging_mixin.py:190} INFO - [2026-06-29T22:09:33.234+0000] {dag.py:3239} INFO - Sync 2 DAGs
[2026-06-29T22:09:33.320+0000] {logging_mixin.py:190} INFO - [2026-06-29T22:09:33.320+0000] {dag.py:4180} INFO - Setting next_dagrun for read_dataset_event to 2026-06-28 00:00:00+00:00, run_after=2026-06-29 00:00:00+00:00
[2026-06-29T22:09:33.348+0000] {logging_mixin.py:190} INFO - [2026-06-29T22:09:33.348+0000] {dag.py:4180} INFO - Setting next_dagrun for read_dataset_event_from_classic to 2026-06-28 00:00:00+00:00, run_after=2026-06-29 00:00:00+00:00
[2026-06-29T22:09:33.409+0000] {processor.py:208} INFO - Processing /home/airflow/.local/lib/python3.12/site-packages/airflow/example_dags/example_inlet_event_extra.py took 3.934 seconds
[2026-06-29T22:10:04.052+0000] {processor.py:186} INFO - Started process (PID=295) to work on /home/airflow/.local/lib/python3.12/site-packages/airflow/example_dags/example_inlet_event_extra.py
[2026-06-29T22:10:04.055+0000] {processor.py:914} INFO - Processing file /home/airflow/.local/lib/python3.12/site-packages/airflow/example_dags/example_inlet_event_extra.py for tasks to queue
[2026-06-29T22:10:04.075+0000] {logging_mixin.py:190} INFO - [2026-06-29T22:10:04.074+0000] {dagbag.py:588} INFO - Filling up the DagBag from /home/airflow/.local/lib/python3.12/site-packages/airflow/example_dags/example_inlet_event_extra.py
[2026-06-29T22:10:06.491+0000] {processor.py:925} INFO - DAG(s) 'read_dataset_event', 'read_dataset_event_from_classic' retrieved from /home/airflow/.local/lib/python3.12/site-packages/airflow/example_dags/example_inlet_event_extra.py
[2026-06-29T22:10:06.701+0000] {logging_mixin.py:190} INFO - [2026-06-29T22:10:06.701+0000] {dag.py:3239} INFO - Sync 2 DAGs
[2026-06-29T22:10:06.907+0000] {logging_mixin.py:190} INFO - [2026-06-29T22:10:06.907+0000] {dag.py:4180} INFO - Setting next_dagrun for read_dataset_event to 2026-06-28 00:00:00+00:00, run_after=2026-06-29 00:00:00+00:00
[2026-06-29T22:10:06.956+0000] {logging_mixin.py:190} INFO - [2026-06-29T22:10:06.955+0000] {dag.py:4180} INFO - Setting next_dagrun for read_dataset_event_from_classic to 2026-06-28 00:00:00+00:00, run_after=2026-06-29 00:00:00+00:00
[2026-06-29T22:10:07.050+0000] {processor.py:208} INFO - Processing /home/airflow/.local/lib/python3.12/site-packages/airflow/example_dags/example_inlet_event_extra.py took 3.009 seconds
[2026-06-29T22:10:37.316+0000] {processor.py:186} INFO - Started process (PID=366) to work on /home/airflow/.local/lib/python3.12/site-packages/airflow/example_dags/example_inlet_event_extra.py
[2026-06-29T22:10:37.318+0000] {processor.py:914} INFO - Processing file /home/airflow/.local/lib/python3.12/site-packages/airflow/example_dags/example_inlet_event_extra.py for tasks to queue
[2026-06-29T22:10:37.322+0000] {logging_mixin.py:190} INFO - [2026-06-29T22:10:37.321+0000] {dagbag.py:588} INFO - Filling up the DagBag from /home/airflow/.local/lib/python3.12/site-packages/airflow/example_dags/example_inlet_event_extra.py
[2026-06-29T22:10:38.016+0000] {processor.py:925} INFO - DAG(s) 'read_dataset_event', 'read_dataset_event_from_classic' retrieved from /home/airflow/.local/lib/python3.12/site-packages/airflow/example_dags/example_inlet_event_extra.py
[2026-06-29T22:10:38.049+0000] {logging_mixin.py:190} INFO - [2026-06-29T22:10:38.049+0000] {dag.py:3239} INFO - Sync 2 DAGs
[2026-06-29T22:10:38.091+0000] {logging_mixin.py:190} INFO - [2026-06-29T22:10:38.090+0000] {dag.py:4180} INFO - Setting next_dagrun for read_dataset_event to 2026-06-28 00:00:00+00:00, run_after=2026-06-29 00:00:00+00:00
[2026-06-29T22:10:38.100+0000] {logging_mixin.py:190} INFO - [2026-06-29T22:10:38.100+0000] {dag.py:4180} INFO - Setting next_dagrun for read_dataset_event_from_classic to 2026-06-28 00:00:00+00:00, run_after=2026-06-29 00:00:00+00:00
[2026-06-29T22:10:38.128+0000] {processor.py:208} INFO - Processing /home/airflow/.local/lib/python3.12/site-packages/airflow/example_dags/example_inlet_event_extra.py took 0.819 seconds
[2026-06-29T22:11:08.401+0000] {processor.py:186} INFO - Started process (PID=430) to work on /home/airflow/.local/lib/python3.12/site-packages/airflow/example_dags/example_inlet_event_extra.py
[2026-06-29T22:11:08.404+0000] {processor.py:914} INFO - Processing file /home/airflow/.local/lib/python3.12/site-packages/airflow/example_dags/example_inlet_event_extra.py for tasks to queue
[2026-06-29T22:11:08.410+0000] {logging_mixin.py:190} INFO - [2026-06-29T22:11:08.410+0000] {dagbag.py:588} INFO - Filling up the DagBag from /home/airflow/.local/lib/python3.12/site-packages/airflow/example_dags/example_inlet_event_extra.py
[2026-06-29T22:11:09.002+0000] {processor.py:925} INFO - DAG(s) 'read_dataset_event', 'read_dataset_event_from_classic' retrieved from /home/airflow/.local/lib/python3.12/site-packages/airflow/example_dags/example_inlet_event_extra.py
[2026-06-29T22:11:09.028+0000] {logging_mixin.py:190} INFO - [2026-06-29T22:11:09.028+0000] {dag.py:3239} INFO - Sync 2 DAGs
[2026-06-29T22:11:09.053+0000] {logging_mixin.py:190} INFO - [2026-06-29T22:11:09.052+0000] {dag.py:4180} INFO - Setting next_dagrun for read_dataset_event to 2026-06-28 00:00:00+00:00, run_after=2026-06-29 00:00:00+00:00
[2026-06-29T22:11:09.059+0000] {logging_mixin.py:190} INFO - [2026-06-29T22:11:09.059+0000] {dag.py:4180} INFO - Setting next_dagrun for read_dataset_event_from_classic to 2026-06-28 00:00:00+00:00, run_after=2026-06-29 00:00:00+00:00
[2026-06-29T22:11:09.078+0000] {processor.py:208} INFO - Processing /home/airflow/.local/lib/python3.12/site-packages/airflow/example_dags/example_inlet_event_extra.py took 0.691 seconds
[2026-06-29T22:11:39.394+0000] {processor.py:186} INFO - Started process (PID=494) to work on /home/airflow/.local/lib/python3.12/site-packages/airflow/example_dags/example_inlet_event_extra.py
[2026-06-29T22:11:39.396+0000] {processor.py:914} INFO - Processing file /home/airflow/.local/lib/python3.12/site-packages/airflow/example_dags/example_inlet_event_extra.py for tasks to queue
[2026-06-29T22:11:39.401+0000] {logging_mixin.py:190} INFO - [2026-06-29T22:11:39.400+0000] {dagbag.py:588} INFO - Filling up the DagBag from /home/airflow/.local/lib/python3.12/site-packages/airflow/example_dags/example_inlet_event_extra.py
[2026-06-29T22:11:40.185+0000] {processor.py:925} INFO - DAG(s) 'read_dataset_event_from_classic', 'read_dataset_event' retrieved from /home/airflow/.local/lib/python3.12/site-packages/airflow/example_dags/example_inlet_event_extra.py
[2026-06-29T22:11:40.212+0000] {logging_mixin.py:190} INFO - [2026-06-29T22:11:40.212+0000] {dag.py:3239} INFO - Sync 2 DAGs
[2026-06-29T22:11:40.240+0000] {logging_mixin.py:190} INFO - [2026-06-29T22:11:40.240+0000] {dag.py:4180} INFO - Setting next_dagrun for read_dataset_event to 2026-06-28 00:00:00+00:00, run_after=2026-06-29 00:00:00+00:00
[2026-06-29T22:11:40.247+0000] {logging_mixin.py:190} INFO - [2026-06-29T22:11:40.247+0000] {dag.py:4180} INFO - Setting next_dagrun for read_dataset_event_from_classic to 2026-06-28 00:00:00+00:00, run_after=2026-06-29 00:00:00+00:00
[2026-06-29T22:11:40.266+0000] {processor.py:208} INFO - Processing /home/airflow/.local/lib/python3.12/site-packages/airflow/example_dags/example_inlet_event_extra.py took 0.884 seconds
[2026-06-29T22:12:11.048+0000] {processor.py:186} INFO - Started process (PID=558) to work on /home/airflow/.local/lib/python3.12/site-packages/airflow/example_dags/example_inlet_event_extra.py
[2026-06-29T22:12:11.050+0000] {processor.py:914} INFO - Processing file /home/airflow/.local/lib/python3.12/site-packages/airflow/example_dags/example_inlet_event_extra.py for tasks to queue
[2026-06-29T22:12:11.054+0000] {logging_mixin.py:190} INFO - [2026-06-29T22:12:11.053+0000] {dagbag.py:588} INFO - Filling up the DagBag from /home/airflow/.local/lib/python3.12/site-packages/airflow/example_dags/example_inlet_event_extra.py
[2026-06-29T22:12:11.631+0000] {processor.py:925} INFO - DAG(s) 'read_dataset_event_from_classic', 'read_dataset_event' retrieved from /home/airflow/.local/lib/python3.12/site-packages/airflow/example_dags/example_inlet_event_extra.py
[2026-06-29T22:12:11.653+0000] {logging_mixin.py:190} INFO - [2026-06-29T22:12:11.653+0000] {dag.py:3239} INFO - Sync 2 DAGs
[2026-06-29T22:12:11.677+0000] {logging_mixin.py:190} INFO - [2026-06-29T22:12:11.677+0000] {dag.py:4180} INFO - Setting next_dagrun for read_dataset_event to 2026-06-28 00:00:00+00:00, run_after=2026-06-29 00:00:00+00:00
[2026-06-29T22:12:11.682+0000] {logging_mixin.py:190} INFO - [2026-06-29T22:12:11.682+0000] {dag.py:4180} INFO - Setting next_dagrun for read_dataset_event_from_classic to 2026-06-28 00:00:00+00:00, run_after=2026-06-29 00:00:00+00:00
[2026-06-29T22:12:11.704+0000] {processor.py:208} INFO - Processing /home/airflow/.local/lib/python3.12/site-packages/airflow/example_dags/example_inlet_event_extra.py took 0.662 seconds
[2026-06-29T22:12:41.829+0000] {processor.py:186} INFO - Started process (PID=622) to work on /home/airflow/.local/lib/python3.12/site-packages/airflow/example_dags/example_inlet_event_extra.py
[2026-06-29T22:12:41.831+0000] {processor.py:914} INFO - Processing file /home/airflow/.local/lib/python3.12/site-packages/airflow/example_dags/example_inlet_event_extra.py for tasks to queue
[2026-06-29T22:12:41.836+0000] {logging_mixin.py:190} INFO - [2026-06-29T22:12:41.836+0000] {dagbag.py:588} INFO - Filling up the DagBag from /home/airflow/.local/lib/python3.12/site-packages/airflow/example_dags/example_inlet_event_extra.py
[2026-06-29T22:12:42.605+0000] {processor.py:925} INFO - DAG(s) 'read_dataset_event_from_classic', 'read_dataset_event' retrieved from /home/airflow/.local/lib/python3.12/site-packages/airflow/example_dags/example_inlet_event_extra.py
[2026-06-29T22:12:42.638+0000] {logging_mixin.py:190} INFO - [2026-06-29T22:12:42.637+0000] {dag.py:3239} INFO - Sync 2 DAGs
[2026-06-29T22:12:42.667+0000] {logging_mixin.py:190} INFO - [2026-06-29T22:12:42.667+0000] {dag.py:4180} INFO - Setting next_dagrun for read_dataset_event to 2026-06-28 00:00:00+00:00, run_after=2026-06-29 00:00:00+00:00
[2026-06-29T22:12:42.674+0000] {logging_mixin.py:190} INFO - [2026-06-29T22:12:42.674+0000] {dag.py:4180} INFO - Setting next_dagrun for read_dataset_event_from_classic to 2026-06-28 00:00:00+00:00, run_after=2026-06-29 00:00:00+00:00
[2026-06-29T22:12:42.711+0000] {processor.py:208} INFO - Processing /home/airflow/.local/lib/python3.12/site-packages/airflow/example_dags/example_inlet_event_extra.py took 0.894 seconds
[2026-06-29T22:13:13.548+0000] {processor.py:186} INFO - Started process (PID=686) to work on /home/airflow/.local/lib/python3.12/site-packages/airflow/example_dags/example_inlet_event_extra.py
[2026-06-29T22:13:13.550+0000] {processor.py:914} INFO - Processing file /home/airflow/.local/lib/python3.12/site-packages/airflow/example_dags/example_inlet_event_extra.py for tasks to queue
[2026-06-29T22:13:13.557+0000] {logging_mixin.py:190} INFO - [2026-06-29T22:13:13.556+0000] {dagbag.py:588} INFO - Filling up the DagBag from /home/airflow/.local/lib/python3.12/site-packages/airflow/example_dags/example_inlet_event_extra.py
[2026-06-29T22:13:14.421+0000] {processor.py:925} INFO - DAG(s) 'read_dataset_event', 'read_dataset_event_from_classic' retrieved from /home/airflow/.local/lib/python3.12/site-packages/airflow/example_dags/example_inlet_event_extra.py
[2026-06-29T22:13:14.460+0000] {logging_mixin.py:190} INFO - [2026-06-29T22:13:14.459+0000] {dag.py:3239} INFO - Sync 2 DAGs
[2026-06-29T22:13:14.505+0000] {logging_mixin.py:190} INFO - [2026-06-29T22:13:14.504+0000] {dag.py:4180} INFO - Setting next_dagrun for read_dataset_event to 2026-06-28 00:00:00+00:00, run_after=2026-06-29 00:00:00+00:00
[2026-06-29T22:13:14.518+0000] {logging_mixin.py:190} INFO - [2026-06-29T22:13:14.517+0000] {dag.py:4180} INFO - Setting next_dagrun for read_dataset_event_from_classic to 2026-06-28 00:00:00+00:00, run_after=2026-06-29 00:00:00+00:00
[2026-06-29T22:13:14.592+0000] {processor.py:208} INFO - Processing /home/airflow/.local/lib/python3.12/site-packages/airflow/example_dags/example_inlet_event_extra.py took 1.055 seconds
[2026-06-29T22:13:45.081+0000] {processor.py:186} INFO - Started process (PID=751) to work on /home/airflow/.local/lib/python3.12/site-packages/airflow/example_dags/example_inlet_event_extra.py
[2026-06-29T22:13:45.084+0000] {processor.py:914} INFO - Processing file /home/airflow/.local/lib/python3.12/site-packages/airflow/example_dags/example_inlet_event_extra.py for tasks to queue
[2026-06-29T22:13:45.089+0000] {logging_mixin.py:190} INFO - [2026-06-29T22:13:45.088+0000] {dagbag.py:588} INFO - Filling up the DagBag from /home/airflow/.local/lib/python3.12/site-packages/airflow/example_dags/example_inlet_event_extra.py
[2026-06-29T22:13:45.935+0000] {processor.py:925} INFO - DAG(s) 'read_dataset_event_from_classic', 'read_dataset_event' retrieved from /home/airflow/.local/lib/python3.12/site-packages/airflow/example_dags/example_inlet_event_extra.py
[2026-06-29T22:13:45.959+0000] {logging_mixin.py:190} INFO - [2026-06-29T22:13:45.958+0000] {dag.py:3239} INFO - Sync 2 DAGs
[2026-06-29T22:13:46.001+0000] {logging_mixin.py:190} INFO - [2026-06-29T22:13:46.001+0000] {dag.py:4180} INFO - Setting next_dagrun for read_dataset_event to 2026-06-28 00:00:00+00:00, run_after=2026-06-29 00:00:00+00:00
[2026-06-29T22:13:46.008+0000] {logging_mixin.py:190} INFO - [2026-06-29T22:13:46.008+0000] {dag.py:4180} INFO - Setting next_dagrun for read_dataset_event_from_classic to 2026-06-28 00:00:00+00:00, run_after=2026-06-29 00:00:00+00:00
[2026-06-29T22:13:46.045+0000] {processor.py:208} INFO - Processing /home/airflow/.local/lib/python3.12/site-packages/airflow/example_dags/example_inlet_event_extra.py took 0.976 seconds
[2026-06-29T22:14:16.455+0000] {processor.py:186} INFO - Started process (PID=818) to work on /home/airflow/.local/lib/python3.12/site-packages/airflow/example_dags/example_inlet_event_extra.py
[2026-06-29T22:14:16.458+0000] {processor.py:914} INFO - Processing file /home/airflow/.local/lib/python3.12/site-packages/airflow/example_dags/example_inlet_event_extra.py for tasks to queue
[2026-06-29T22:14:16.465+0000] {logging_mixin.py:190} INFO - [2026-06-29T22:14:16.464+0000] {dagbag.py:588} INFO - Filling up the DagBag from /home/airflow/.local/lib/python3.12/site-packages/airflow/example_dags/example_inlet_event_extra.py
[2026-06-29T22:14:17.525+0000] {processor.py:925} INFO - DAG(s) 'read_dataset_event', 'read_dataset_event_from_classic' retrieved from /home/airflow/.local/lib/python3.12/site-packages/airflow/example_dags/example_inlet_event_extra.py
[2026-06-29T22:14:17.567+0000] {logging_mixin.py:190} INFO - [2026-06-29T22:14:17.567+0000] {dag.py:3239} INFO - Sync 2 DAGs
[2026-06-29T22:14:17.601+0000] {logging_mixin.py:190} INFO - [2026-06-29T22:14:17.601+0000] {dag.py:4180} INFO - Setting next_dagrun for read_dataset_event to 2026-06-28 00:00:00+00:00, run_after=2026-06-29 00:00:00+00:00
[2026-06-29T22:14:17.610+0000] {logging_mixin.py:190} INFO - [2026-06-29T22:14:17.610+0000] {dag.py:4180} INFO - Setting next_dagrun for read_dataset_event_from_classic to 2026-06-28 00:00:00+00:00, run_after=2026-06-29 00:00:00+00:00
[2026-06-29T22:14:17.636+0000] {processor.py:208} INFO - Processing /home/airflow/.local/lib/python3.12/site-packages/airflow/example_dags/example_inlet_event_extra.py took 1.191 seconds
[2026-06-29T22:14:48.318+0000] {processor.py:186} INFO - Started process (PID=882) to work on /home/airflow/.local/lib/python3.12/site-packages/airflow/example_dags/example_inlet_event_extra.py
[2026-06-29T22:14:48.320+0000] {processor.py:914} INFO - Processing file /home/airflow/.local/lib/python3.12/site-packages/airflow/example_dags/example_inlet_event_extra.py for tasks to queue
[2026-06-29T22:14:48.323+0000] {logging_mixin.py:190} INFO - [2026-06-29T22:14:48.322+0000] {dagbag.py:588} INFO - Filling up the DagBag from /home/airflow/.local/lib/python3.12/site-packages/airflow/example_dags/example_inlet_event_extra.py
[2026-06-29T22:14:48.948+0000] {processor.py:925} INFO - DAG(s) 'read_dataset_event', 'read_dataset_event_from_classic' retrieved from /home/airflow/.local/lib/python3.12/site-packages/airflow/example_dags/example_inlet_event_extra.py
[2026-06-29T22:14:48.970+0000] {logging_mixin.py:190} INFO - [2026-06-29T22:14:48.970+0000] {dag.py:3239} INFO - Sync 2 DAGs
[2026-06-29T22:14:48.997+0000] {logging_mixin.py:190} INFO - [2026-06-29T22:14:48.996+0000] {dag.py:4180} INFO - Setting next_dagrun for read_dataset_event to 2026-06-28 00:00:00+00:00, run_after=2026-06-29 00:00:00+00:00
[2026-06-29T22:14:49.005+0000] {logging_mixin.py:190} INFO - [2026-06-29T22:14:49.004+0000] {dag.py:4180} INFO - Setting next_dagrun for read_dataset_event_from_classic to 2026-06-28 00:00:00+00:00, run_after=2026-06-29 00:00:00+00:00
[2026-06-29T22:14:49.024+0000] {processor.py:208} INFO - Processing /home/airflow/.local/lib/python3.12/site-packages/airflow/example_dags/example_inlet_event_extra.py took 0.715 seconds
[2026-06-29T22:15:19.763+0000] {processor.py:186} INFO - Started process (PID=946) to work on /home/airflow/.local/lib/python3.12/site-packages/airflow/example_dags/example_inlet_event_extra.py
[2026-06-29T22:15:19.765+0000] {processor.py:914} INFO - Processing file /home/airflow/.local/lib/python3.12/site-packages/airflow/example_dags/example_inlet_event_extra.py for tasks to queue
[2026-06-29T22:15:19.769+0000] {logging_mixin.py:190} INFO - [2026-06-29T22:15:19.768+0000] {dagbag.py:588} INFO - Filling up the DagBag from /home/airflow/.local/lib/python3.12/site-packages/airflow/example_dags/example_inlet_event_extra.py
[2026-06-29T22:15:20.681+0000] {processor.py:925} INFO - DAG(s) 'read_dataset_event', 'read_dataset_event_from_classic' retrieved from /home/airflow/.local/lib/python3.12/site-packages/airflow/example_dags/example_inlet_event_extra.py
[2026-06-29T22:15:20.704+0000] {logging_mixin.py:190} INFO - [2026-06-29T22:15:20.703+0000] {dag.py:3239} INFO - Sync 2 DAGs
[2026-06-29T22:15:20.731+0000] {logging_mixin.py:190} INFO - [2026-06-29T22:15:20.731+0000] {dag.py:4180} INFO - Setting next_dagrun for read_dataset_event to 2026-06-28 00:00:00+00:00, run_after=2026-06-29 00:00:00+00:00
[2026-06-29T22:15:20.736+0000] {logging_mixin.py:190} INFO - [2026-06-29T22:15:20.736+0000] {dag.py:4180} INFO - Setting next_dagrun for read_dataset_event_from_classic to 2026-06-28 00:00:00+00:00, run_after=2026-06-29 00:00:00+00:00
[2026-06-29T22:15:20.752+0000] {processor.py:208} INFO - Processing /home/airflow/.local/lib/python3.12/site-packages/airflow/example_dags/example_inlet_event_extra.py took 0.998 seconds
[2026-06-29T22:15:51.492+0000] {processor.py:186} INFO - Started process (PID=1010) to work on /home/airflow/.local/lib/python3.12/site-packages/airflow/example_dags/example_inlet_event_extra.py
[2026-06-29T22:15:51.496+0000] {processor.py:914} INFO - Processing file /home/airflow/.local/lib/python3.12/site-packages/airflow/example_dags/example_inlet_event_extra.py for tasks to queue
[2026-06-29T22:15:51.501+0000] {logging_mixin.py:190} INFO - [2026-06-29T22:15:51.501+0000] {dagbag.py:588} INFO - Filling up the DagBag from /home/airflow/.local/lib/python3.12/site-packages/airflow/example_dags/example_inlet_event_extra.py
[2026-06-29T22:15:52.096+0000] {processor.py:925} INFO - DAG(s) 'read_dataset_event_from_classic', 'read_dataset_event' retrieved from /home/airflow/.local/lib/python3.12/site-packages/airflow/example_dags/example_inlet_event_extra.py
[2026-06-29T22:15:52.119+0000] {logging_mixin.py:190} INFO - [2026-06-29T22:15:52.119+0000] {dag.py:3239} INFO - Sync 2 DAGs
[2026-06-29T22:15:52.151+0000] {logging_mixin.py:190} INFO - [2026-06-29T22:15:52.151+0000] {dag.py:4180} INFO - Setting next_dagrun for read_dataset_event to 2026-06-28 00:00:00+00:00, run_after=2026-06-29 00:00:00+00:00
[2026-06-29T22:15:52.165+0000] {logging_mixin.py:190} INFO - [2026-06-29T22:15:52.165+0000] {dag.py:4180} INFO - Setting next_dagrun for read_dataset_event_from_classic to 2026-06-28 00:00:00+00:00, run_after=2026-06-29 00:00:00+00:00
[2026-06-29T22:15:52.195+0000] {processor.py:208} INFO - Processing /home/airflow/.local/lib/python3.12/site-packages/airflow/example_dags/example_inlet_event_extra.py took 0.712 seconds
[2026-06-29T22:16:22.971+0000] {processor.py:186} INFO - Started process (PID=1074) to work on /home/airflow/.local/lib/python3.12/site-packages/airflow/example_dags/example_inlet_event_extra.py
[2026-06-29T22:16:22.973+0000] {processor.py:914} INFO - Processing file /home/airflow/.local/lib/python3.12/site-packages/airflow/example_dags/example_inlet_event_extra.py for tasks to queue
[2026-06-29T22:16:22.978+0000] {logging_mixin.py:190} INFO - [2026-06-29T22:16:22.977+0000] {dagbag.py:588} INFO - Filling up the DagBag from /home/airflow/.local/lib/python3.12/site-packages/airflow/example_dags/example_inlet_event_extra.py
[2026-06-29T22:16:23.572+0000] {processor.py:925} INFO - DAG(s) 'read_dataset_event', 'read_dataset_event_from_classic' retrieved from /home/airflow/.local/lib/python3.12/site-packages/airflow/example_dags/example_inlet_event_extra.py
[2026-06-29T22:16:23.597+0000] {logging_mixin.py:190} INFO - [2026-06-29T22:16:23.596+0000] {dag.py:3239} INFO - Sync 2 DAGs
[2026-06-29T22:16:23.621+0000] {logging_mixin.py:190} INFO - [2026-06-29T22:16:23.621+0000] {dag.py:4180} INFO - Setting next_dagrun for read_dataset_event to 2026-06-28 00:00:00+00:00, run_after=2026-06-29 00:00:00+00:00
[2026-06-29T22:16:23.630+0000] {logging_mixin.py:190} INFO - [2026-06-29T22:16:23.629+0000] {dag.py:4180} INFO - Setting next_dagrun for read_dataset_event_from_classic to 2026-06-28 00:00:00+00:00, run_after=2026-06-29 00:00:00+00:00
[2026-06-29T22:16:23.650+0000] {processor.py:208} INFO - Processing /home/airflow/.local/lib/python3.12/site-packages/airflow/example_dags/example_inlet_event_extra.py took 0.685 seconds
[2026-06-29T22:16:53.919+0000] {processor.py:186} INFO - Started process (PID=1138) to work on /home/airflow/.local/lib/python3.12/site-packages/airflow/example_dags/example_inlet_event_extra.py
[2026-06-29T22:16:53.921+0000] {processor.py:914} INFO - Processing file /home/airflow/.local/lib/python3.12/site-packages/airflow/example_dags/example_inlet_event_extra.py for tasks to queue
[2026-06-29T22:16:53.927+0000] {logging_mixin.py:190} INFO - [2026-06-29T22:16:53.926+0000] {dagbag.py:588} INFO - Filling up the DagBag from /home/airflow/.local/lib/python3.12/site-packages/airflow/example_dags/example_inlet_event_extra.py
[2026-06-29T22:16:54.741+0000] {processor.py:925} INFO - DAG(s) 'read_dataset_event_from_classic', 'read_dataset_event' retrieved from /home/airflow/.local/lib/python3.12/site-packages/airflow/example_dags/example_inlet_event_extra.py
[2026-06-29T22:16:54.763+0000] {logging_mixin.py:190} INFO - [2026-06-29T22:16:54.763+0000] {dag.py:3239} INFO - Sync 2 DAGs
[2026-06-29T22:16:54.785+0000] {logging_mixin.py:190} INFO - [2026-06-29T22:16:54.785+0000] {dag.py:4180} INFO - Setting next_dagrun for read_dataset_event to 2026-06-28 00:00:00+00:00, run_after=2026-06-29 00:00:00+00:00
[2026-06-29T22:16:54.792+0000] {logging_mixin.py:190} INFO - [2026-06-29T22:16:54.792+0000] {dag.py:4180} INFO - Setting next_dagrun for read_dataset_event_from_classic to 2026-06-28 00:00:00+00:00, run_after=2026-06-29 00:00:00+00:00
[2026-06-29T22:16:54.810+0000] {processor.py:208} INFO - Processing /home/airflow/.local/lib/python3.12/site-packages/airflow/example_dags/example_inlet_event_extra.py took 0.904 seconds
[2026-06-29T22:17:24.934+0000] {processor.py:186} INFO - Started process (PID=1202) to work on /home/airflow/.local/lib/python3.12/site-packages/airflow/example_dags/example_inlet_event_extra.py
[2026-06-29T22:17:24.935+0000] {processor.py:914} INFO - Processing file /home/airflow/.local/lib/python3.12/site-packages/airflow/example_dags/example_inlet_event_extra.py for tasks to queue
[2026-06-29T22:17:24.939+0000] {logging_mixin.py:190} INFO - [2026-06-29T22:17:24.938+0000] {dagbag.py:588} INFO - Filling up the DagBag from /home/airflow/.local/lib/python3.12/site-packages/airflow/example_dags/example_inlet_event_extra.py
[2026-06-29T22:17:25.502+0000] {processor.py:925} INFO - DAG(s) 'read_dataset_event', 'read_dataset_event_from_classic' retrieved from /home/airflow/.local/lib/python3.12/site-packages/airflow/example_dags/example_inlet_event_extra.py
[2026-06-29T22:17:25.525+0000] {logging_mixin.py:190} INFO - [2026-06-29T22:17:25.524+0000] {dag.py:3239} INFO - Sync 2 DAGs
[2026-06-29T22:17:25.545+0000] {logging_mixin.py:190} INFO - [2026-06-29T22:17:25.545+0000] {dag.py:4180} INFO - Setting next_dagrun for read_dataset_event to 2026-06-28 00:00:00+00:00, run_after=2026-06-29 00:00:00+00:00
[2026-06-29T22:17:25.550+0000] {logging_mixin.py:190} INFO - [2026-06-29T22:17:25.550+0000] {dag.py:4180} INFO - Setting next_dagrun for read_dataset_event_from_classic to 2026-06-28 00:00:00+00:00, run_after=2026-06-29 00:00:00+00:00
[2026-06-29T22:17:25.566+0000] {processor.py:208} INFO - Processing /home/airflow/.local/lib/python3.12/site-packages/airflow/example_dags/example_inlet_event_extra.py took 0.640 seconds
[2026-06-29T22:17:56.152+0000] {processor.py:186} INFO - Started process (PID=1266) to work on /home/airflow/.local/lib/python3.12/site-packages/airflow/example_dags/example_inlet_event_extra.py
[2026-06-29T22:17:56.154+0000] {processor.py:914} INFO - Processing file /home/airflow/.local/lib/python3.12/site-packages/airflow/example_dags/example_inlet_event_extra.py for tasks to queue
[2026-06-29T22:17:56.159+0000] {logging_mixin.py:190} INFO - [2026-06-29T22:17:56.158+0000] {dagbag.py:588} INFO - Filling up the DagBag from /home/airflow/.local/lib/python3.12/site-packages/airflow/example_dags/example_inlet_event_extra.py
[2026-06-29T22:17:56.945+0000] {processor.py:925} INFO - DAG(s) 'read_dataset_event', 'read_dataset_event_from_classic' retrieved from /home/airflow/.local/lib/python3.12/site-packages/airflow/example_dags/example_inlet_event_extra.py
[2026-06-29T22:17:56.969+0000] {logging_mixin.py:190} INFO - [2026-06-29T22:17:56.969+0000] {dag.py:3239} INFO - Sync 2 DAGs
[2026-06-29T22:17:56.994+0000] {logging_mixin.py:190} INFO - [2026-06-29T22:17:56.994+0000] {dag.py:4180} INFO - Setting next_dagrun for read_dataset_event to 2026-06-28 00:00:00+00:00, run_after=2026-06-29 00:00:00+00:00
[2026-06-29T22:17:57.000+0000] {logging_mixin.py:190} INFO - [2026-06-29T22:17:57.000+0000] {dag.py:4180} INFO - Setting next_dagrun for read_dataset_event_from_classic to 2026-06-28 00:00:00+00:00, run_after=2026-06-29 00:00:00+00:00
[2026-06-29T22:17:57.022+0000] {processor.py:208} INFO - Processing /home/airflow/.local/lib/python3.12/site-packages/airflow/example_dags/example_inlet_event_extra.py took 0.881 seconds
[2026-06-29T22:18:27.245+0000] {processor.py:186} INFO - Started process (PID=1330) to work on /home/airflow/.local/lib/python3.12/site-packages/airflow/example_dags/example_inlet_event_extra.py
[2026-06-29T22:18:27.247+0000] {processor.py:914} INFO - Processing file /home/airflow/.local/lib/python3.12/site-packages/airflow/example_dags/example_inlet_event_extra.py for tasks to queue
[2026-06-29T22:18:27.251+0000] {logging_mixin.py:190} INFO - [2026-06-29T22:18:27.250+0000] {dagbag.py:588} INFO - Filling up the DagBag from /home/airflow/.local/lib/python3.12/site-packages/airflow/example_dags/example_inlet_event_extra.py
[2026-06-29T22:18:28.298+0000] {processor.py:925} INFO - DAG(s) 'read_dataset_event_from_classic', 'read_dataset_event' retrieved from /home/airflow/.local/lib/python3.12/site-packages/airflow/example_dags/example_inlet_event_extra.py
[2026-06-29T22:18:28.336+0000] {logging_mixin.py:190} INFO - [2026-06-29T22:18:28.336+0000] {dag.py:3239} INFO - Sync 2 DAGs
[2026-06-29T22:18:28.367+0000] {logging_mixin.py:190} INFO - [2026-06-29T22:18:28.367+0000] {dag.py:4180} INFO - Setting next_dagrun for read_dataset_event to 2026-06-28 00:00:00+00:00, run_after=2026-06-29 00:00:00+00:00
[2026-06-29T22:18:28.374+0000] {logging_mixin.py:190} INFO - [2026-06-29T22:18:28.374+0000] {dag.py:4180} INFO - Setting next_dagrun for read_dataset_event_from_classic to 2026-06-28 00:00:00+00:00, run_after=2026-06-29 00:00:00+00:00
[2026-06-29T22:18:28.395+0000] {processor.py:208} INFO - Processing /home/airflow/.local/lib/python3.12/site-packages/airflow/example_dags/example_inlet_event_extra.py took 1.156 seconds
[2026-06-29T22:18:58.823+0000] {processor.py:186} INFO - Started process (PID=1394) to work on /home/airflow/.local/lib/python3.12/site-packages/airflow/example_dags/example_inlet_event_extra.py
[2026-06-29T22:18:58.824+0000] {processor.py:914} INFO - Processing file /home/airflow/.local/lib/python3.12/site-packages/airflow/example_dags/example_inlet_event_extra.py for tasks to queue
[2026-06-29T22:18:58.829+0000] {logging_mixin.py:190} INFO - [2026-06-29T22:18:58.828+0000] {dagbag.py:588} INFO - Filling up the DagBag from /home/airflow/.local/lib/python3.12/site-packages/airflow/example_dags/example_inlet_event_extra.py
[2026-06-29T22:18:59.462+0000] {processor.py:925} INFO - DAG(s) 'read_dataset_event', 'read_dataset_event_from_classic' retrieved from /home/airflow/.local/lib/python3.12/site-packages/airflow/example_dags/example_inlet_event_extra.py
[2026-06-29T22:18:59.490+0000] {logging_mixin.py:190} INFO - [2026-06-29T22:18:59.489+0000] {dag.py:3239} INFO - Sync 2 DAGs
[2026-06-29T22:18:59.516+0000] {logging_mixin.py:190} INFO - [2026-06-29T22:18:59.516+0000] {dag.py:4180} INFO - Setting next_dagrun for read_dataset_event to 2026-06-28 00:00:00+00:00, run_after=2026-06-29 00:00:00+00:00
[2026-06-29T22:18:59.521+0000] {logging_mixin.py:190} INFO - [2026-06-29T22:18:59.521+0000] {dag.py:4180} INFO - Setting next_dagrun for read_dataset_event_from_classic to 2026-06-28 00:00:00+00:00, run_after=2026-06-29 00:00:00+00:00
[2026-06-29T22:18:59.541+0000] {processor.py:208} INFO - Processing /home/airflow/.local/lib/python3.12/site-packages/airflow/example_dags/example_inlet_event_extra.py took 0.725 seconds
[2026-06-29T22:19:29.854+0000] {processor.py:186} INFO - Started process (PID=1458) to work on /home/airflow/.local/lib/python3.12/site-packages/airflow/example_dags/example_inlet_event_extra.py
[2026-06-29T22:19:29.857+0000] {processor.py:914} INFO - Processing file /home/airflow/.local/lib/python3.12/site-packages/airflow/example_dags/example_inlet_event_extra.py for tasks to queue
[2026-06-29T22:19:29.863+0000] {logging_mixin.py:190} INFO - [2026-06-29T22:19:29.862+0000] {dagbag.py:588} INFO - Filling up the DagBag from /home/airflow/.local/lib/python3.12/site-packages/airflow/example_dags/example_inlet_event_extra.py
[2026-06-29T22:19:31.041+0000] {processor.py:925} INFO - DAG(s) 'read_dataset_event', 'read_dataset_event_from_classic' retrieved from /home/airflow/.local/lib/python3.12/site-packages/airflow/example_dags/example_inlet_event_extra.py
[2026-06-29T22:19:31.092+0000] {logging_mixin.py:190} INFO - [2026-06-29T22:19:31.091+0000] {dag.py:3239} INFO - Sync 2 DAGs
[2026-06-29T22:19:31.136+0000] {logging_mixin.py:190} INFO - [2026-06-29T22:19:31.136+0000] {dag.py:4180} INFO - Setting next_dagrun for read_dataset_event to 2026-06-28 00:00:00+00:00, run_after=2026-06-29 00:00:00+00:00
[2026-06-29T22:19:31.145+0000] {logging_mixin.py:190} INFO - [2026-06-29T22:19:31.144+0000] {dag.py:4180} INFO - Setting next_dagrun for read_dataset_event_from_classic to 2026-06-28 00:00:00+00:00, run_after=2026-06-29 00:00:00+00:00
[2026-06-29T22:19:31.177+0000] {processor.py:208} INFO - Processing /home/airflow/.local/lib/python3.12/site-packages/airflow/example_dags/example_inlet_event_extra.py took 1.335 seconds
[2026-06-29T22:20:02.219+0000] {processor.py:186} INFO - Started process (PID=1522) to work on /home/airflow/.local/lib/python3.12/site-packages/airflow/example_dags/example_inlet_event_extra.py
[2026-06-29T22:20:02.224+0000] {processor.py:914} INFO - Processing file /home/airflow/.local/lib/python3.12/site-packages/airflow/example_dags/example_inlet_event_extra.py for tasks to queue
[2026-06-29T22:20:02.232+0000] {logging_mixin.py:190} INFO - [2026-06-29T22:20:02.231+0000] {dagbag.py:588} INFO - Filling up the DagBag from /home/airflow/.local/lib/python3.12/site-packages/airflow/example_dags/example_inlet_event_extra.py
[2026-06-29T22:20:05.163+0000] {processor.py:925} INFO - DAG(s) 'read_dataset_event_from_classic', 'read_dataset_event' retrieved from /home/airflow/.local/lib/python3.12/site-packages/airflow/example_dags/example_inlet_event_extra.py
[2026-06-29T22:20:05.251+0000] {logging_mixin.py:190} INFO - [2026-06-29T22:20:05.251+0000] {dag.py:3239} INFO - Sync 2 DAGs
[2026-06-29T22:20:05.317+0000] {logging_mixin.py:190} INFO - [2026-06-29T22:20:05.317+0000] {dag.py:4180} INFO - Setting next_dagrun for read_dataset_event to 2026-06-28 00:00:00+00:00, run_after=2026-06-29 00:00:00+00:00
[2026-06-29T22:20:05.352+0000] {logging_mixin.py:190} INFO - [2026-06-29T22:20:05.352+0000] {dag.py:4180} INFO - Setting next_dagrun for read_dataset_event_from_classic to 2026-06-28 00:00:00+00:00, run_after=2026-06-29 00:00:00+00:00
[2026-06-29T22:20:05.420+0000] {processor.py:208} INFO - Processing /home/airflow/.local/lib/python3.12/site-packages/airflow/example_dags/example_inlet_event_extra.py took 3.221 seconds
[2026-06-29T22:20:35.710+0000] {processor.py:186} INFO - Started process (PID=1586) to work on /home/airflow/.local/lib/python3.12/site-packages/airflow/example_dags/example_inlet_event_extra.py
[2026-06-29T22:20:35.712+0000] {processor.py:914} INFO - Processing file /home/airflow/.local/lib/python3.12/site-packages/airflow/example_dags/example_inlet_event_extra.py for tasks to queue
[2026-06-29T22:20:35.716+0000] {logging_mixin.py:190} INFO - [2026-06-29T22:20:35.715+0000] {dagbag.py:588} INFO - Filling up the DagBag from /home/airflow/.local/lib/python3.12/site-packages/airflow/example_dags/example_inlet_event_extra.py
[2026-06-29T22:20:36.592+0000] {processor.py:925} INFO - DAG(s) 'read_dataset_event', 'read_dataset_event_from_classic' retrieved from /home/airflow/.local/lib/python3.12/site-packages/airflow/example_dags/example_inlet_event_extra.py
[2026-06-29T22:20:36.632+0000] {logging_mixin.py:190} INFO - [2026-06-29T22:20:36.632+0000] {dag.py:3239} INFO - Sync 2 DAGs
[2026-06-29T22:20:36.678+0000] {logging_mixin.py:190} INFO - [2026-06-29T22:20:36.678+0000] {dag.py:4180} INFO - Setting next_dagrun for read_dataset_event to 2026-06-28 00:00:00+00:00, run_after=2026-06-29 00:00:00+00:00
[2026-06-29T22:20:36.690+0000] {logging_mixin.py:190} INFO - [2026-06-29T22:20:36.689+0000] {dag.py:4180} INFO - Setting next_dagrun for read_dataset_event_from_classic to 2026-06-28 00:00:00+00:00, run_after=2026-06-29 00:00:00+00:00
[2026-06-29T22:20:36.732+0000] {processor.py:208} INFO - Processing /home/airflow/.local/lib/python3.12/site-packages/airflow/example_dags/example_inlet_event_extra.py took 1.029 seconds
[2026-06-29T22:21:06.799+0000] {processor.py:186} INFO - Started process (PID=1650) to work on /home/airflow/.local/lib/python3.12/site-packages/airflow/example_dags/example_inlet_event_extra.py
[2026-06-29T22:21:06.800+0000] {processor.py:914} INFO - Processing file /home/airflow/.local/lib/python3.12/site-packages/airflow/example_dags/example_inlet_event_extra.py for tasks to queue
[2026-06-29T22:21:06.803+0000] {logging_mixin.py:190} INFO - [2026-06-29T22:21:06.802+0000] {dagbag.py:588} INFO - Filling up the DagBag from /home/airflow/.local/lib/python3.12/site-packages/airflow/example_dags/example_inlet_event_extra.py
[2026-06-29T22:21:07.366+0000] {processor.py:925} INFO - DAG(s) 'read_dataset_event_from_classic', 'read_dataset_event' retrieved from /home/airflow/.local/lib/python3.12/site-packages/airflow/example_dags/example_inlet_event_extra.py
[2026-06-29T22:21:07.387+0000] {logging_mixin.py:190} INFO - [2026-06-29T22:21:07.387+0000] {dag.py:3239} INFO - Sync 2 DAGs
[2026-06-29T22:21:07.416+0000] {logging_mixin.py:190} INFO - [2026-06-29T22:21:07.416+0000] {dag.py:4180} INFO - Setting next_dagrun for read_dataset_event to 2026-06-28 00:00:00+00:00, run_after=2026-06-29 00:00:00+00:00
[2026-06-29T22:21:07.422+0000] {logging_mixin.py:190} INFO - [2026-06-29T22:21:07.422+0000] {dag.py:4180} INFO - Setting next_dagrun for read_dataset_event_from_classic to 2026-06-28 00:00:00+00:00, run_after=2026-06-29 00:00:00+00:00
[2026-06-29T22:21:07.446+0000] {processor.py:208} INFO - Processing /home/airflow/.local/lib/python3.12/site-packages/airflow/example_dags/example_inlet_event_extra.py took 0.653 seconds
[2026-06-29T22:21:38.234+0000] {processor.py:186} INFO - Started process (PID=1714) to work on /home/airflow/.local/lib/python3.12/site-packages/airflow/example_dags/example_inlet_event_extra.py
[2026-06-29T22:21:38.235+0000] {processor.py:914} INFO - Processing file /home/airflow/.local/lib/python3.12/site-packages/airflow/example_dags/example_inlet_event_extra.py for tasks to queue
[2026-06-29T22:21:38.238+0000] {logging_mixin.py:190} INFO - [2026-06-29T22:21:38.237+0000] {dagbag.py:588} INFO - Filling up the DagBag from /home/airflow/.local/lib/python3.12/site-packages/airflow/example_dags/example_inlet_event_extra.py
[2026-06-29T22:21:38.841+0000] {processor.py:925} INFO - DAG(s) 'read_dataset_event_from_classic', 'read_dataset_event' retrieved from /home/airflow/.local/lib/python3.12/site-packages/airflow/example_dags/example_inlet_event_extra.py
[2026-06-29T22:21:38.867+0000] {logging_mixin.py:190} INFO - [2026-06-29T22:21:38.866+0000] {dag.py:3239} INFO - Sync 2 DAGs
[2026-06-29T22:21:38.893+0000] {logging_mixin.py:190} INFO - [2026-06-29T22:21:38.893+0000] {dag.py:4180} INFO - Setting next_dagrun for read_dataset_event to 2026-06-28 00:00:00+00:00, run_after=2026-06-29 00:00:00+00:00
[2026-06-29T22:21:38.898+0000] {logging_mixin.py:190} INFO - [2026-06-29T22:21:38.898+0000] {dag.py:4180} INFO - Setting next_dagrun for read_dataset_event_from_classic to 2026-06-28 00:00:00+00:00, run_after=2026-06-29 00:00:00+00:00
[2026-06-29T22:21:38.916+0000] {processor.py:208} INFO - Processing /home/airflow/.local/lib/python3.12/site-packages/airflow/example_dags/example_inlet_event_extra.py took 0.688 seconds
[2026-06-29T22:22:09.285+0000] {processor.py:186} INFO - Started process (PID=1778) to work on /home/airflow/.local/lib/python3.12/site-packages/airflow/example_dags/example_inlet_event_extra.py
[2026-06-29T22:22:09.286+0000] {processor.py:914} INFO - Processing file /home/airflow/.local/lib/python3.12/site-packages/airflow/example_dags/example_inlet_event_extra.py for tasks to queue
[2026-06-29T22:22:09.290+0000] {logging_mixin.py:190} INFO - [2026-06-29T22:22:09.289+0000] {dagbag.py:588} INFO - Filling up the DagBag from /home/airflow/.local/lib/python3.12/site-packages/airflow/example_dags/example_inlet_event_extra.py
[2026-06-29T22:22:09.901+0000] {processor.py:925} INFO - DAG(s) 'read_dataset_event', 'read_dataset_event_from_classic' retrieved from /home/airflow/.local/lib/python3.12/site-packages/airflow/example_dags/example_inlet_event_extra.py
[2026-06-29T22:22:09.924+0000] {logging_mixin.py:190} INFO - [2026-06-29T22:22:09.923+0000] {dag.py:3239} INFO - Sync 2 DAGs
[2026-06-29T22:22:09.947+0000] {logging_mixin.py:190} INFO - [2026-06-29T22:22:09.947+0000] {dag.py:4180} INFO - Setting next_dagrun for read_dataset_event to 2026-06-28 00:00:00+00:00, run_after=2026-06-29 00:00:00+00:00
[2026-06-29T22:22:09.952+0000] {logging_mixin.py:190} INFO - [2026-06-29T22:22:09.952+0000] {dag.py:4180} INFO - Setting next_dagrun for read_dataset_event_from_classic to 2026-06-28 00:00:00+00:00, run_after=2026-06-29 00:00:00+00:00
[2026-06-29T22:22:09.969+0000] {processor.py:208} INFO - Processing /home/airflow/.local/lib/python3.12/site-packages/airflow/example_dags/example_inlet_event_extra.py took 0.692 seconds
[2026-06-29T22:22:40.199+0000] {processor.py:186} INFO - Started process (PID=1849) to work on /home/airflow/.local/lib/python3.12/site-packages/airflow/example_dags/example_inlet_event_extra.py
[2026-06-29T22:22:40.202+0000] {processor.py:914} INFO - Processing file /home/airflow/.local/lib/python3.12/site-packages/airflow/example_dags/example_inlet_event_extra.py for tasks to queue
[2026-06-29T22:22:40.210+0000] {logging_mixin.py:190} INFO - [2026-06-29T22:22:40.209+0000] {dagbag.py:588} INFO - Filling up the DagBag from /home/airflow/.local/lib/python3.12/site-packages/airflow/example_dags/example_inlet_event_extra.py
[2026-06-29T22:22:41.339+0000] {processor.py:925} INFO - DAG(s) 'read_dataset_event', 'read_dataset_event_from_classic' retrieved from /home/airflow/.local/lib/python3.12/site-packages/airflow/example_dags/example_inlet_event_extra.py
[2026-06-29T22:22:41.398+0000] {logging_mixin.py:190} INFO - [2026-06-29T22:22:41.397+0000] {dag.py:3239} INFO - Sync 2 DAGs
[2026-06-29T22:22:41.442+0000] {logging_mixin.py:190} INFO - [2026-06-29T22:22:41.441+0000] {dag.py:4180} INFO - Setting next_dagrun for read_dataset_event to 2026-06-28 00:00:00+00:00, run_after=2026-06-29 00:00:00+00:00
[2026-06-29T22:22:41.451+0000] {logging_mixin.py:190} INFO - [2026-06-29T22:22:41.451+0000] {dag.py:4180} INFO - Setting next_dagrun for read_dataset_event_from_classic to 2026-06-28 00:00:00+00:00, run_after=2026-06-29 00:00:00+00:00
[2026-06-29T22:22:41.485+0000] {processor.py:208} INFO - Processing /home/airflow/.local/lib/python3.12/site-packages/airflow/example_dags/example_inlet_event_extra.py took 1.298 seconds
[2026-06-29T22:23:12.210+0000] {processor.py:186} INFO - Started process (PID=1912) to work on /home/airflow/.local/lib/python3.12/site-packages/airflow/example_dags/example_inlet_event_extra.py
[2026-06-29T22:23:12.212+0000] {processor.py:914} INFO - Processing file /home/airflow/.local/lib/python3.12/site-packages/airflow/example_dags/example_inlet_event_extra.py for tasks to queue
[2026-06-29T22:23:12.215+0000] {logging_mixin.py:190} INFO - [2026-06-29T22:23:12.215+0000] {dagbag.py:588} INFO - Filling up the DagBag from /home/airflow/.local/lib/python3.12/site-packages/airflow/example_dags/example_inlet_event_extra.py
[2026-06-29T22:23:12.986+0000] {processor.py:925} INFO - DAG(s) 'read_dataset_event', 'read_dataset_event_from_classic' retrieved from /home/airflow/.local/lib/python3.12/site-packages/airflow/example_dags/example_inlet_event_extra.py
[2026-06-29T22:23:13.022+0000] {logging_mixin.py:190} INFO - [2026-06-29T22:23:13.021+0000] {dag.py:3239} INFO - Sync 2 DAGs
[2026-06-29T22:23:13.054+0000] {logging_mixin.py:190} INFO - [2026-06-29T22:23:13.053+0000] {dag.py:4180} INFO - Setting next_dagrun for read_dataset_event to 2026-06-28 00:00:00+00:00, run_after=2026-06-29 00:00:00+00:00
[2026-06-29T22:23:13.061+0000] {logging_mixin.py:190} INFO - [2026-06-29T22:23:13.061+0000] {dag.py:4180} INFO - Setting next_dagrun for read_dataset_event_from_classic to 2026-06-28 00:00:00+00:00, run_after=2026-06-29 00:00:00+00:00
[2026-06-29T22:23:13.083+0000] {processor.py:208} INFO - Processing /home/airflow/.local/lib/python3.12/site-packages/airflow/example_dags/example_inlet_event_extra.py took 0.881 seconds
[2026-06-29T22:23:43.576+0000] {processor.py:186} INFO - Started process (PID=1976) to work on /home/airflow/.local/lib/python3.12/site-packages/airflow/example_dags/example_inlet_event_extra.py
[2026-06-29T22:23:43.577+0000] {processor.py:914} INFO - Processing file /home/airflow/.local/lib/python3.12/site-packages/airflow/example_dags/example_inlet_event_extra.py for tasks to queue
[2026-06-29T22:23:43.581+0000] {logging_mixin.py:190} INFO - [2026-06-29T22:23:43.580+0000] {dagbag.py:588} INFO - Filling up the DagBag from /home/airflow/.local/lib/python3.12/site-packages/airflow/example_dags/example_inlet_event_extra.py
[2026-06-29T22:23:44.187+0000] {processor.py:925} INFO - DAG(s) 'read_dataset_event', 'read_dataset_event_from_classic' retrieved from /home/airflow/.local/lib/python3.12/site-packages/airflow/example_dags/example_inlet_event_extra.py
[2026-06-29T22:23:44.217+0000] {logging_mixin.py:190} INFO - [2026-06-29T22:23:44.217+0000] {dag.py:3239} INFO - Sync 2 DAGs
[2026-06-29T22:23:44.242+0000] {logging_mixin.py:190} INFO - [2026-06-29T22:23:44.242+0000] {dag.py:4180} INFO - Setting next_dagrun for read_dataset_event to 2026-06-28 00:00:00+00:00, run_after=2026-06-29 00:00:00+00:00
[2026-06-29T22:23:44.247+0000] {logging_mixin.py:190} INFO - [2026-06-29T22:23:44.247+0000] {dag.py:4180} INFO - Setting next_dagrun for read_dataset_event_from_classic to 2026-06-28 00:00:00+00:00, run_after=2026-06-29 00:00:00+00:00
[2026-06-29T22:23:44.268+0000] {processor.py:208} INFO - Processing /home/airflow/.local/lib/python3.12/site-packages/airflow/example_dags/example_inlet_event_extra.py took 0.698 seconds
[2026-06-29T22:24:15.141+0000] {processor.py:186} INFO - Started process (PID=2040) to work on /home/airflow/.local/lib/python3.12/site-packages/airflow/example_dags/example_inlet_event_extra.py
[2026-06-29T22:24:15.143+0000] {processor.py:914} INFO - Processing file /home/airflow/.local/lib/python3.12/site-packages/airflow/example_dags/example_inlet_event_extra.py for tasks to queue
[2026-06-29T22:24:15.147+0000] {logging_mixin.py:190} INFO - [2026-06-29T22:24:15.146+0000] {dagbag.py:588} INFO - Filling up the DagBag from /home/airflow/.local/lib/python3.12/site-packages/airflow/example_dags/example_inlet_event_extra.py
[2026-06-29T22:24:15.756+0000] {processor.py:925} INFO - DAG(s) 'read_dataset_event_from_classic', 'read_dataset_event' retrieved from /home/airflow/.local/lib/python3.12/site-packages/airflow/example_dags/example_inlet_event_extra.py
[2026-06-29T22:24:15.778+0000] {logging_mixin.py:190} INFO - [2026-06-29T22:24:15.778+0000] {dag.py:3239} INFO - Sync 2 DAGs
[2026-06-29T22:24:15.802+0000] {logging_mixin.py:190} INFO - [2026-06-29T22:24:15.802+0000] {dag.py:4180} INFO - Setting next_dagrun for read_dataset_event to 2026-06-28 00:00:00+00:00, run_after=2026-06-29 00:00:00+00:00
[2026-06-29T22:24:15.807+0000] {logging_mixin.py:190} INFO - [2026-06-29T22:24:15.807+0000] {dag.py:4180} INFO - Setting next_dagrun for read_dataset_event_from_classic to 2026-06-28 00:00:00+00:00, run_after=2026-06-29 00:00:00+00:00
[2026-06-29T22:24:15.825+0000] {processor.py:208} INFO - Processing /home/airflow/.local/lib/python3.12/site-packages/airflow/example_dags/example_inlet_event_extra.py took 0.694 seconds
[2026-06-29T22:24:46.423+0000] {processor.py:186} INFO - Started process (PID=2104) to work on /home/airflow/.local/lib/python3.12/site-packages/airflow/example_dags/example_inlet_event_extra.py
[2026-06-29T22:24:46.425+0000] {processor.py:914} INFO - Processing file /home/airflow/.local/lib/python3.12/site-packages/airflow/example_dags/example_inlet_event_extra.py for tasks to queue
[2026-06-29T22:24:46.429+0000] {logging_mixin.py:190} INFO - [2026-06-29T22:24:46.428+0000] {dagbag.py:588} INFO - Filling up the DagBag from /home/airflow/.local/lib/python3.12/site-packages/airflow/example_dags/example_inlet_event_extra.py
[2026-06-29T22:24:46.993+0000] {processor.py:925} INFO - DAG(s) 'read_dataset_event', 'read_dataset_event_from_classic' retrieved from /home/airflow/.local/lib/python3.12/site-packages/airflow/example_dags/example_inlet_event_extra.py
[2026-06-29T22:24:47.016+0000] {logging_mixin.py:190} INFO - [2026-06-29T22:24:47.016+0000] {dag.py:3239} INFO - Sync 2 DAGs
[2026-06-29T22:24:47.041+0000] {logging_mixin.py:190} INFO - [2026-06-29T22:24:47.040+0000] {dag.py:4180} INFO - Setting next_dagrun for read_dataset_event to 2026-06-28 00:00:00+00:00, run_after=2026-06-29 00:00:00+00:00
[2026-06-29T22:24:47.046+0000] {logging_mixin.py:190} INFO - [2026-06-29T22:24:47.046+0000] {dag.py:4180} INFO - Setting next_dagrun for read_dataset_event_from_classic to 2026-06-28 00:00:00+00:00, run_after=2026-06-29 00:00:00+00:00
[2026-06-29T22:24:47.064+0000] {processor.py:208} INFO - Processing /home/airflow/.local/lib/python3.12/site-packages/airflow/example_dags/example_inlet_event_extra.py took 0.651 seconds
[2026-06-29T22:25:17.205+0000] {processor.py:186} INFO - Started process (PID=2168) to work on /home/airflow/.local/lib/python3.12/site-packages/airflow/example_dags/example_inlet_event_extra.py
[2026-06-29T22:25:17.207+0000] {processor.py:914} INFO - Processing file /home/airflow/.local/lib/python3.12/site-packages/airflow/example_dags/example_inlet_event_extra.py for tasks to queue
[2026-06-29T22:25:17.212+0000] {logging_mixin.py:190} INFO - [2026-06-29T22:25:17.211+0000] {dagbag.py:588} INFO - Filling up the DagBag from /home/airflow/.local/lib/python3.12/site-packages/airflow/example_dags/example_inlet_event_extra.py
[2026-06-29T22:25:17.755+0000] {processor.py:925} INFO - DAG(s) 'read_dataset_event_from_classic', 'read_dataset_event' retrieved from /home/airflow/.local/lib/python3.12/site-packages/airflow/example_dags/example_inlet_event_extra.py
[2026-06-29T22:25:17.777+0000] {logging_mixin.py:190} INFO - [2026-06-29T22:25:17.777+0000] {dag.py:3239} INFO - Sync 2 DAGs
[2026-06-29T22:25:17.802+0000] {logging_mixin.py:190} INFO - [2026-06-29T22:25:17.802+0000] {dag.py:4180} INFO - Setting next_dagrun for read_dataset_event to 2026-06-28 00:00:00+00:00, run_after=2026-06-29 00:00:00+00:00
[2026-06-29T22:25:17.808+0000] {logging_mixin.py:190} INFO - [2026-06-29T22:25:17.808+0000] {dag.py:4180} INFO - Setting next_dagrun for read_dataset_event_from_classic to 2026-06-28 00:00:00+00:00, run_after=2026-06-29 00:00:00+00:00
[2026-06-29T22:25:17.827+0000] {processor.py:208} INFO - Processing /home/airflow/.local/lib/python3.12/site-packages/airflow/example_dags/example_inlet_event_extra.py took 0.632 seconds
[2026-06-29T22:25:48.656+0000] {processor.py:186} INFO - Started process (PID=2232) to work on /home/airflow/.local/lib/python3.12/site-packages/airflow/example_dags/example_inlet_event_extra.py
[2026-06-29T22:25:48.659+0000] {processor.py:914} INFO - Processing file /home/airflow/.local/lib/python3.12/site-packages/airflow/example_dags/example_inlet_event_extra.py for tasks to queue
[2026-06-29T22:25:48.665+0000] {logging_mixin.py:190} INFO - [2026-06-29T22:25:48.665+0000] {dagbag.py:588} INFO - Filling up the DagBag from /home/airflow/.local/lib/python3.12/site-packages/airflow/example_dags/example_inlet_event_extra.py
[2026-06-29T22:25:49.211+0000] {processor.py:925} INFO - DAG(s) 'read_dataset_event', 'read_dataset_event_from_classic' retrieved from /home/airflow/.local/lib/python3.12/site-packages/airflow/example_dags/example_inlet_event_extra.py
[2026-06-29T22:25:49.234+0000] {logging_mixin.py:190} INFO - [2026-06-29T22:25:49.234+0000] {dag.py:3239} INFO - Sync 2 DAGs
[2026-06-29T22:25:49.257+0000] {logging_mixin.py:190} INFO - [2026-06-29T22:25:49.257+0000] {dag.py:4180} INFO - Setting next_dagrun for read_dataset_event to 2026-06-28 00:00:00+00:00, run_after=2026-06-29 00:00:00+00:00
[2026-06-29T22:25:49.262+0000] {logging_mixin.py:190} INFO - [2026-06-29T22:25:49.261+0000] {dag.py:4180} INFO - Setting next_dagrun for read_dataset_event_from_classic to 2026-06-28 00:00:00+00:00, run_after=2026-06-29 00:00:00+00:00
[2026-06-29T22:25:49.277+0000] {processor.py:208} INFO - Processing /home/airflow/.local/lib/python3.12/site-packages/airflow/example_dags/example_inlet_event_extra.py took 0.633 seconds
[2026-06-29T22:26:19.869+0000] {processor.py:186} INFO - Started process (PID=2299) to work on /home/airflow/.local/lib/python3.12/site-packages/airflow/example_dags/example_inlet_event_extra.py
[2026-06-29T22:26:19.871+0000] {processor.py:914} INFO - Processing file /home/airflow/.local/lib/python3.12/site-packages/airflow/example_dags/example_inlet_event_extra.py for tasks to queue
[2026-06-29T22:26:19.874+0000] {logging_mixin.py:190} INFO - [2026-06-29T22:26:19.874+0000] {dagbag.py:588} INFO - Filling up the DagBag from /home/airflow/.local/lib/python3.12/site-packages/airflow/example_dags/example_inlet_event_extra.py
[2026-06-29T22:26:20.436+0000] {processor.py:925} INFO - DAG(s) 'read_dataset_event_from_classic', 'read_dataset_event' retrieved from /home/airflow/.local/lib/python3.12/site-packages/airflow/example_dags/example_inlet_event_extra.py
[2026-06-29T22:26:20.460+0000] {logging_mixin.py:190} INFO - [2026-06-29T22:26:20.459+0000] {dag.py:3239} INFO - Sync 2 DAGs
[2026-06-29T22:26:20.486+0000] {logging_mixin.py:190} INFO - [2026-06-29T22:26:20.485+0000] {dag.py:4180} INFO - Setting next_dagrun for read_dataset_event to 2026-06-28 00:00:00+00:00, run_after=2026-06-29 00:00:00+00:00
[2026-06-29T22:26:20.492+0000] {logging_mixin.py:190} INFO - [2026-06-29T22:26:20.491+0000] {dag.py:4180} INFO - Setting next_dagrun for read_dataset_event_from_classic to 2026-06-28 00:00:00+00:00, run_after=2026-06-29 00:00:00+00:00
[2026-06-29T22:26:20.515+0000] {processor.py:208} INFO - Processing /home/airflow/.local/lib/python3.12/site-packages/airflow/example_dags/example_inlet_event_extra.py took 0.652 seconds
[2026-06-29T22:26:51.392+0000] {processor.py:186} INFO - Started process (PID=2365) to work on /home/airflow/.local/lib/python3.12/site-packages/airflow/example_dags/example_inlet_event_extra.py
[2026-06-29T22:26:51.394+0000] {processor.py:914} INFO - Processing file /home/airflow/.local/lib/python3.12/site-packages/airflow/example_dags/example_inlet_event_extra.py for tasks to queue
[2026-06-29T22:26:51.398+0000] {logging_mixin.py:190} INFO - [2026-06-29T22:26:51.398+0000] {dagbag.py:588} INFO - Filling up the DagBag from /home/airflow/.local/lib/python3.12/site-packages/airflow/example_dags/example_inlet_event_extra.py
[2026-06-29T22:26:52.189+0000] {processor.py:925} INFO - DAG(s) 'read_dataset_event', 'read_dataset_event_from_classic' retrieved from /home/airflow/.local/lib/python3.12/site-packages/airflow/example_dags/example_inlet_event_extra.py
[2026-06-29T22:26:52.216+0000] {logging_mixin.py:190} INFO - [2026-06-29T22:26:52.215+0000] {dag.py:3239} INFO - Sync 2 DAGs
[2026-06-29T22:26:52.246+0000] {logging_mixin.py:190} INFO - [2026-06-29T22:26:52.246+0000] {dag.py:4180} INFO - Setting next_dagrun for read_dataset_event to 2026-06-28 00:00:00+00:00, run_after=2026-06-29 00:00:00+00:00
[2026-06-29T22:26:52.253+0000] {logging_mixin.py:190} INFO - [2026-06-29T22:26:52.253+0000] {dag.py:4180} INFO - Setting next_dagrun for read_dataset_event_from_classic to 2026-06-28 00:00:00+00:00, run_after=2026-06-29 00:00:00+00:00
[2026-06-29T22:26:52.274+0000] {processor.py:208} INFO - Processing /home/airflow/.local/lib/python3.12/site-packages/airflow/example_dags/example_inlet_event_extra.py took 0.888 seconds
[2026-06-29T22:27:22.845+0000] {processor.py:186} INFO - Started process (PID=2430) to work on /home/airflow/.local/lib/python3.12/site-packages/airflow/example_dags/example_inlet_event_extra.py
[2026-06-29T22:27:22.847+0000] {processor.py:914} INFO - Processing file /home/airflow/.local/lib/python3.12/site-packages/airflow/example_dags/example_inlet_event_extra.py for tasks to queue
[2026-06-29T22:27:22.851+0000] {logging_mixin.py:190} INFO - [2026-06-29T22:27:22.851+0000] {dagbag.py:588} INFO - Filling up the DagBag from /home/airflow/.local/lib/python3.12/site-packages/airflow/example_dags/example_inlet_event_extra.py
[2026-06-29T22:27:23.486+0000] {processor.py:925} INFO - DAG(s) 'read_dataset_event', 'read_dataset_event_from_classic' retrieved from /home/airflow/.local/lib/python3.12/site-packages/airflow/example_dags/example_inlet_event_extra.py
[2026-06-29T22:27:23.517+0000] {logging_mixin.py:190} INFO - [2026-06-29T22:27:23.517+0000] {dag.py:3239} INFO - Sync 2 DAGs
[2026-06-29T22:27:23.553+0000] {logging_mixin.py:190} INFO - [2026-06-29T22:27:23.553+0000] {dag.py:4180} INFO - Setting next_dagrun for read_dataset_event to 2026-06-28 00:00:00+00:00, run_after=2026-06-29 00:00:00+00:00
[2026-06-29T22:27:23.563+0000] {logging_mixin.py:190} INFO - [2026-06-29T22:27:23.563+0000] {dag.py:4180} INFO - Setting next_dagrun for read_dataset_event_from_classic to 2026-06-28 00:00:00+00:00, run_after=2026-06-29 00:00:00+00:00
[2026-06-29T22:27:23.585+0000] {processor.py:208} INFO - Processing /home/airflow/.local/lib/python3.12/site-packages/airflow/example_dags/example_inlet_event_extra.py took 0.749 seconds
[2026-06-29T22:27:54.553+0000] {processor.py:186} INFO - Started process (PID=2496) to work on /home/airflow/.local/lib/python3.12/site-packages/airflow/example_dags/example_inlet_event_extra.py
[2026-06-29T22:27:54.555+0000] {processor.py:914} INFO - Processing file /home/airflow/.local/lib/python3.12/site-packages/airflow/example_dags/example_inlet_event_extra.py for tasks to queue
[2026-06-29T22:27:54.559+0000] {logging_mixin.py:190} INFO - [2026-06-29T22:27:54.559+0000] {dagbag.py:588} INFO - Filling up the DagBag from /home/airflow/.local/lib/python3.12/site-packages/airflow/example_dags/example_inlet_event_extra.py
[2026-06-29T22:27:55.148+0000] {processor.py:925} INFO - DAG(s) 'read_dataset_event_from_classic', 'read_dataset_event' retrieved from /home/airflow/.local/lib/python3.12/site-packages/airflow/example_dags/example_inlet_event_extra.py
[2026-06-29T22:27:55.173+0000] {logging_mixin.py:190} INFO - [2026-06-29T22:27:55.173+0000] {dag.py:3239} INFO - Sync 2 DAGs
[2026-06-29T22:27:55.201+0000] {logging_mixin.py:190} INFO - [2026-06-29T22:27:55.201+0000] {dag.py:4180} INFO - Setting next_dagrun for read_dataset_event to 2026-06-28 00:00:00+00:00, run_after=2026-06-29 00:00:00+00:00
[2026-06-29T22:27:55.207+0000] {logging_mixin.py:190} INFO - [2026-06-29T22:27:55.207+0000] {dag.py:4180} INFO - Setting next_dagrun for read_dataset_event_from_classic to 2026-06-28 00:00:00+00:00, run_after=2026-06-29 00:00:00+00:00
[2026-06-29T22:27:55.232+0000] {processor.py:208} INFO - Processing /home/airflow/.local/lib/python3.12/site-packages/airflow/example_dags/example_inlet_event_extra.py took 0.685 seconds
[2026-06-29T22:28:25.297+0000] {processor.py:186} INFO - Started process (PID=2563) to work on /home/airflow/.local/lib/python3.12/site-packages/airflow/example_dags/example_inlet_event_extra.py
[2026-06-29T22:28:25.299+0000] {processor.py:914} INFO - Processing file /home/airflow/.local/lib/python3.12/site-packages/airflow/example_dags/example_inlet_event_extra.py for tasks to queue
[2026-06-29T22:28:25.302+0000] {logging_mixin.py:190} INFO - [2026-06-29T22:28:25.301+0000] {dagbag.py:588} INFO - Filling up the DagBag from /home/airflow/.local/lib/python3.12/site-packages/airflow/example_dags/example_inlet_event_extra.py
[2026-06-29T22:28:25.963+0000] {processor.py:925} INFO - DAG(s) 'read_dataset_event', 'read_dataset_event_from_classic' retrieved from /home/airflow/.local/lib/python3.12/site-packages/airflow/example_dags/example_inlet_event_extra.py
[2026-06-29T22:28:25.983+0000] {logging_mixin.py:190} INFO - [2026-06-29T22:28:25.982+0000] {dag.py:3239} INFO - Sync 2 DAGs
[2026-06-29T22:28:26.006+0000] {logging_mixin.py:190} INFO - [2026-06-29T22:28:26.006+0000] {dag.py:4180} INFO - Setting next_dagrun for read_dataset_event to 2026-06-28 00:00:00+00:00, run_after=2026-06-29 00:00:00+00:00
[2026-06-29T22:28:26.012+0000] {logging_mixin.py:190} INFO - [2026-06-29T22:28:26.011+0000] {dag.py:4180} INFO - Setting next_dagrun for read_dataset_event_from_classic to 2026-06-28 00:00:00+00:00, run_after=2026-06-29 00:00:00+00:00
[2026-06-29T22:28:26.028+0000] {processor.py:208} INFO - Processing /home/airflow/.local/lib/python3.12/site-packages/airflow/example_dags/example_inlet_event_extra.py took 0.740 seconds
[2026-06-29T22:28:56.471+0000] {processor.py:186} INFO - Started process (PID=2630) to work on /home/airflow/.local/lib/python3.12/site-packages/airflow/example_dags/example_inlet_event_extra.py
[2026-06-29T22:28:56.474+0000] {processor.py:914} INFO - Processing file /home/airflow/.local/lib/python3.12/site-packages/airflow/example_dags/example_inlet_event_extra.py for tasks to queue
[2026-06-29T22:28:56.478+0000] {logging_mixin.py:190} INFO - [2026-06-29T22:28:56.477+0000] {dagbag.py:588} INFO - Filling up the DagBag from /home/airflow/.local/lib/python3.12/site-packages/airflow/example_dags/example_inlet_event_extra.py
[2026-06-29T22:28:57.454+0000] {processor.py:925} INFO - DAG(s) 'read_dataset_event_from_classic', 'read_dataset_event' retrieved from /home/airflow/.local/lib/python3.12/site-packages/airflow/example_dags/example_inlet_event_extra.py
[2026-06-29T22:28:57.493+0000] {logging_mixin.py:190} INFO - [2026-06-29T22:28:57.492+0000] {dag.py:3239} INFO - Sync 2 DAGs
[2026-06-29T22:28:57.532+0000] {logging_mixin.py:190} INFO - [2026-06-29T22:28:57.531+0000] {dag.py:4180} INFO - Setting next_dagrun for read_dataset_event to 2026-06-28 00:00:00+00:00, run_after=2026-06-29 00:00:00+00:00
[2026-06-29T22:28:57.543+0000] {logging_mixin.py:190} INFO - [2026-06-29T22:28:57.543+0000] {dag.py:4180} INFO - Setting next_dagrun for read_dataset_event_from_classic to 2026-06-28 00:00:00+00:00, run_after=2026-06-29 00:00:00+00:00
[2026-06-29T22:28:57.575+0000] {processor.py:208} INFO - Processing /home/airflow/.local/lib/python3.12/site-packages/airflow/example_dags/example_inlet_event_extra.py took 1.114 seconds
[2026-06-29T22:29:27.675+0000] {processor.py:186} INFO - Started process (PID=2695) to work on /home/airflow/.local/lib/python3.12/site-packages/airflow/example_dags/example_inlet_event_extra.py
[2026-06-29T22:29:27.676+0000] {processor.py:914} INFO - Processing file /home/airflow/.local/lib/python3.12/site-packages/airflow/example_dags/example_inlet_event_extra.py for tasks to queue
[2026-06-29T22:29:27.679+0000] {logging_mixin.py:190} INFO - [2026-06-29T22:29:27.679+0000] {dagbag.py:588} INFO - Filling up the DagBag from /home/airflow/.local/lib/python3.12/site-packages/airflow/example_dags/example_inlet_event_extra.py
[2026-06-29T22:29:28.580+0000] {processor.py:925} INFO - DAG(s) 'read_dataset_event_from_classic', 'read_dataset_event' retrieved from /home/airflow/.local/lib/python3.12/site-packages/airflow/example_dags/example_inlet_event_extra.py
[2026-06-29T22:29:28.613+0000] {logging_mixin.py:190} INFO - [2026-06-29T22:29:28.612+0000] {dag.py:3239} INFO - Sync 2 DAGs
[2026-06-29T22:29:28.654+0000] {logging_mixin.py:190} INFO - [2026-06-29T22:29:28.654+0000] {dag.py:4180} INFO - Setting next_dagrun for read_dataset_event to 2026-06-28 00:00:00+00:00, run_after=2026-06-29 00:00:00+00:00
[2026-06-29T22:29:28.662+0000] {logging_mixin.py:190} INFO - [2026-06-29T22:29:28.661+0000] {dag.py:4180} INFO - Setting next_dagrun for read_dataset_event_from_classic to 2026-06-28 00:00:00+00:00, run_after=2026-06-29 00:00:00+00:00
[2026-06-29T22:29:28.689+0000] {processor.py:208} INFO - Processing /home/airflow/.local/lib/python3.12/site-packages/airflow/example_dags/example_inlet_event_extra.py took 1.020 seconds
[2026-06-29T22:29:59.204+0000] {processor.py:186} INFO - Started process (PID=2762) to work on /home/airflow/.local/lib/python3.12/site-packages/airflow/example_dags/example_inlet_event_extra.py
[2026-06-29T22:29:59.208+0000] {processor.py:914} INFO - Processing file /home/airflow/.local/lib/python3.12/site-packages/airflow/example_dags/example_inlet_event_extra.py for tasks to queue
[2026-06-29T22:29:59.215+0000] {logging_mixin.py:190} INFO - [2026-06-29T22:29:59.214+0000] {dagbag.py:588} INFO - Filling up the DagBag from /home/airflow/.local/lib/python3.12/site-packages/airflow/example_dags/example_inlet_event_extra.py
[2026-06-29T22:30:00.522+0000] {processor.py:925} INFO - DAG(s) 'read_dataset_event_from_classic', 'read_dataset_event' retrieved from /home/airflow/.local/lib/python3.12/site-packages/airflow/example_dags/example_inlet_event_extra.py
[2026-06-29T22:30:00.573+0000] {logging_mixin.py:190} INFO - [2026-06-29T22:30:00.572+0000] {dag.py:3239} INFO - Sync 2 DAGs
[2026-06-29T22:30:00.645+0000] {logging_mixin.py:190} INFO - [2026-06-29T22:30:00.644+0000] {dag.py:4180} INFO - Setting next_dagrun for read_dataset_event to 2026-06-28 00:00:00+00:00, run_after=2026-06-29 00:00:00+00:00
[2026-06-29T22:30:00.663+0000] {logging_mixin.py:190} INFO - [2026-06-29T22:30:00.663+0000] {dag.py:4180} INFO - Setting next_dagrun for read_dataset_event_from_classic to 2026-06-28 00:00:00+00:00, run_after=2026-06-29 00:00:00+00:00
[2026-06-29T22:30:00.721+0000] {processor.py:208} INFO - Processing /home/airflow/.local/lib/python3.12/site-packages/airflow/example_dags/example_inlet_event_extra.py took 1.537 seconds
[2026-06-29T22:30:31.066+0000] {processor.py:186} INFO - Started process (PID=2828) to work on /home/airflow/.local/lib/python3.12/site-packages/airflow/example_dags/example_inlet_event_extra.py
[2026-06-29T22:30:31.071+0000] {processor.py:914} INFO - Processing file /home/airflow/.local/lib/python3.12/site-packages/airflow/example_dags/example_inlet_event_extra.py for tasks to queue
[2026-06-29T22:30:31.083+0000] {logging_mixin.py:190} INFO - [2026-06-29T22:30:31.082+0000] {dagbag.py:588} INFO - Filling up the DagBag from /home/airflow/.local/lib/python3.12/site-packages/airflow/example_dags/example_inlet_event_extra.py
[2026-06-29T22:30:33.504+0000] {processor.py:925} INFO - DAG(s) 'read_dataset_event_from_classic', 'read_dataset_event' retrieved from /home/airflow/.local/lib/python3.12/site-packages/airflow/example_dags/example_inlet_event_extra.py
[2026-06-29T22:30:33.591+0000] {logging_mixin.py:190} INFO - [2026-06-29T22:30:33.591+0000] {dag.py:3239} INFO - Sync 2 DAGs
[2026-06-29T22:30:33.714+0000] {logging_mixin.py:190} INFO - [2026-06-29T22:30:33.713+0000] {dag.py:4180} INFO - Setting next_dagrun for read_dataset_event to 2026-06-28 00:00:00+00:00, run_after=2026-06-29 00:00:00+00:00
[2026-06-29T22:30:33.746+0000] {logging_mixin.py:190} INFO - [2026-06-29T22:30:33.745+0000] {dag.py:4180} INFO - Setting next_dagrun for read_dataset_event_from_classic to 2026-06-28 00:00:00+00:00, run_after=2026-06-29 00:00:00+00:00
[2026-06-29T22:30:33.820+0000] {processor.py:208} INFO - Processing /home/airflow/.local/lib/python3.12/site-packages/airflow/example_dags/example_inlet_event_extra.py took 2.778 seconds
[2026-06-29T22:31:04.934+0000] {processor.py:186} INFO - Started process (PID=2896) to work on /home/airflow/.local/lib/python3.12/site-packages/airflow/example_dags/example_inlet_event_extra.py
[2026-06-29T22:31:04.936+0000] {processor.py:914} INFO - Processing file /home/airflow/.local/lib/python3.12/site-packages/airflow/example_dags/example_inlet_event_extra.py for tasks to queue
[2026-06-29T22:31:04.939+0000] {logging_mixin.py:190} INFO - [2026-06-29T22:31:04.939+0000] {dagbag.py:588} INFO - Filling up the DagBag from /home/airflow/.local/lib/python3.12/site-packages/airflow/example_dags/example_inlet_event_extra.py
[2026-06-29T22:31:05.690+0000] {processor.py:925} INFO - DAG(s) 'read_dataset_event', 'read_dataset_event_from_classic' retrieved from /home/airflow/.local/lib/python3.12/site-packages/airflow/example_dags/example_inlet_event_extra.py
[2026-06-29T22:31:05.721+0000] {logging_mixin.py:190} INFO - [2026-06-29T22:31:05.721+0000] {dag.py:3239} INFO - Sync 2 DAGs
[2026-06-29T22:31:05.752+0000] {logging_mixin.py:190} INFO - [2026-06-29T22:31:05.752+0000] {dag.py:4180} INFO - Setting next_dagrun for read_dataset_event to 2026-06-28 00:00:00+00:00, run_after=2026-06-29 00:00:00+00:00
[2026-06-29T22:31:05.758+0000] {logging_mixin.py:190} INFO - [2026-06-29T22:31:05.758+0000] {dag.py:4180} INFO - Setting next_dagrun for read_dataset_event_from_classic to 2026-06-28 00:00:00+00:00, run_after=2026-06-29 00:00:00+00:00
[2026-06-29T22:31:05.781+0000] {processor.py:208} INFO - Processing /home/airflow/.local/lib/python3.12/site-packages/airflow/example_dags/example_inlet_event_extra.py took 0.856 seconds
[2026-06-29T22:31:36.475+0000] {processor.py:186} INFO - Started process (PID=2970) to work on /home/airflow/.local/lib/python3.12/site-packages/airflow/example_dags/example_inlet_event_extra.py
[2026-06-29T22:31:36.478+0000] {processor.py:914} INFO - Processing file /home/airflow/.local/lib/python3.12/site-packages/airflow/example_dags/example_inlet_event_extra.py for tasks to queue
[2026-06-29T22:31:36.482+0000] {logging_mixin.py:190} INFO - [2026-06-29T22:31:36.482+0000] {dagbag.py:588} INFO - Filling up the DagBag from /home/airflow/.local/lib/python3.12/site-packages/airflow/example_dags/example_inlet_event_extra.py
[2026-06-29T22:31:37.444+0000] {processor.py:925} INFO - DAG(s) 'read_dataset_event', 'read_dataset_event_from_classic' retrieved from /home/airflow/.local/lib/python3.12/site-packages/airflow/example_dags/example_inlet_event_extra.py
[2026-06-29T22:31:37.489+0000] {logging_mixin.py:190} INFO - [2026-06-29T22:31:37.489+0000] {dag.py:3239} INFO - Sync 2 DAGs
[2026-06-29T22:31:37.550+0000] {logging_mixin.py:190} INFO - [2026-06-29T22:31:37.549+0000] {dag.py:4180} INFO - Setting next_dagrun for read_dataset_event to 2026-06-28 00:00:00+00:00, run_after=2026-06-29 00:00:00+00:00
[2026-06-29T22:31:37.565+0000] {logging_mixin.py:190} INFO - [2026-06-29T22:31:37.565+0000] {dag.py:4180} INFO - Setting next_dagrun for read_dataset_event_from_classic to 2026-06-28 00:00:00+00:00, run_after=2026-06-29 00:00:00+00:00
[2026-06-29T22:31:37.617+0000] {processor.py:208} INFO - Processing /home/airflow/.local/lib/python3.12/site-packages/airflow/example_dags/example_inlet_event_extra.py took 1.153 seconds
[2026-06-29T22:32:07.918+0000] {processor.py:186} INFO - Started process (PID=3088) to work on /home/airflow/.local/lib/python3.12/site-packages/airflow/example_dags/example_inlet_event_extra.py
[2026-06-29T22:32:07.921+0000] {processor.py:914} INFO - Processing file /home/airflow/.local/lib/python3.12/site-packages/airflow/example_dags/example_inlet_event_extra.py for tasks to queue
[2026-06-29T22:32:07.933+0000] {logging_mixin.py:190} INFO - [2026-06-29T22:32:07.932+0000] {dagbag.py:588} INFO - Filling up the DagBag from /home/airflow/.local/lib/python3.12/site-packages/airflow/example_dags/example_inlet_event_extra.py
[2026-06-29T22:32:09.452+0000] {processor.py:925} INFO - DAG(s) 'read_dataset_event_from_classic', 'read_dataset_event' retrieved from /home/airflow/.local/lib/python3.12/site-packages/airflow/example_dags/example_inlet_event_extra.py
[2026-06-29T22:32:09.528+0000] {logging_mixin.py:190} INFO - [2026-06-29T22:32:09.528+0000] {dag.py:3239} INFO - Sync 2 DAGs
[2026-06-29T22:32:09.627+0000] {logging_mixin.py:190} INFO - [2026-06-29T22:32:09.626+0000] {dag.py:4180} INFO - Setting next_dagrun for read_dataset_event to 2026-06-28 00:00:00+00:00, run_after=2026-06-29 00:00:00+00:00
[2026-06-29T22:32:09.643+0000] {logging_mixin.py:190} INFO - [2026-06-29T22:32:09.642+0000] {dag.py:4180} INFO - Setting next_dagrun for read_dataset_event_from_classic to 2026-06-28 00:00:00+00:00, run_after=2026-06-29 00:00:00+00:00
[2026-06-29T22:32:09.701+0000] {processor.py:208} INFO - Processing /home/airflow/.local/lib/python3.12/site-packages/airflow/example_dags/example_inlet_event_extra.py took 1.798 seconds
[2026-06-29T22:32:40.151+0000] {processor.py:186} INFO - Started process (PID=3195) to work on /home/airflow/.local/lib/python3.12/site-packages/airflow/example_dags/example_inlet_event_extra.py
[2026-06-29T22:32:40.156+0000] {processor.py:914} INFO - Processing file /home/airflow/.local/lib/python3.12/site-packages/airflow/example_dags/example_inlet_event_extra.py for tasks to queue
[2026-06-29T22:32:40.165+0000] {logging_mixin.py:190} INFO - [2026-06-29T22:32:40.163+0000] {dagbag.py:588} INFO - Filling up the DagBag from /home/airflow/.local/lib/python3.12/site-packages/airflow/example_dags/example_inlet_event_extra.py
[2026-06-29T22:32:42.033+0000] {processor.py:925} INFO - DAG(s) 'read_dataset_event', 'read_dataset_event_from_classic' retrieved from /home/airflow/.local/lib/python3.12/site-packages/airflow/example_dags/example_inlet_event_extra.py
[2026-06-29T22:32:42.119+0000] {logging_mixin.py:190} INFO - [2026-06-29T22:32:42.118+0000] {dag.py:3239} INFO - Sync 2 DAGs
[2026-06-29T22:32:42.197+0000] {logging_mixin.py:190} INFO - [2026-06-29T22:32:42.197+0000] {dag.py:4180} INFO - Setting next_dagrun for read_dataset_event to 2026-06-28 00:00:00+00:00, run_after=2026-06-29 00:00:00+00:00
[2026-06-29T22:32:42.214+0000] {logging_mixin.py:190} INFO - [2026-06-29T22:32:42.214+0000] {dag.py:4180} INFO - Setting next_dagrun for read_dataset_event_from_classic to 2026-06-28 00:00:00+00:00, run_after=2026-06-29 00:00:00+00:00
[2026-06-29T22:32:42.270+0000] {processor.py:208} INFO - Processing /home/airflow/.local/lib/python3.12/site-packages/airflow/example_dags/example_inlet_event_extra.py took 2.134 seconds
[2026-06-29T22:33:13.205+0000] {processor.py:186} INFO - Started process (PID=3273) to work on /home/airflow/.local/lib/python3.12/site-packages/airflow/example_dags/example_inlet_event_extra.py
[2026-06-29T22:33:13.208+0000] {processor.py:914} INFO - Processing file /home/airflow/.local/lib/python3.12/site-packages/airflow/example_dags/example_inlet_event_extra.py for tasks to queue
[2026-06-29T22:33:13.212+0000] {logging_mixin.py:190} INFO - [2026-06-29T22:33:13.212+0000] {dagbag.py:588} INFO - Filling up the DagBag from /home/airflow/.local/lib/python3.12/site-packages/airflow/example_dags/example_inlet_event_extra.py
[2026-06-29T22:33:13.785+0000] {processor.py:925} INFO - DAG(s) 'read_dataset_event_from_classic', 'read_dataset_event' retrieved from /home/airflow/.local/lib/python3.12/site-packages/airflow/example_dags/example_inlet_event_extra.py
[2026-06-29T22:33:13.807+0000] {logging_mixin.py:190} INFO - [2026-06-29T22:33:13.807+0000] {dag.py:3239} INFO - Sync 2 DAGs
[2026-06-29T22:33:13.829+0000] {logging_mixin.py:190} INFO - [2026-06-29T22:33:13.829+0000] {dag.py:4180} INFO - Setting next_dagrun for read_dataset_event to 2026-06-28 00:00:00+00:00, run_after=2026-06-29 00:00:00+00:00
[2026-06-29T22:33:13.834+0000] {logging_mixin.py:190} INFO - [2026-06-29T22:33:13.834+0000] {dag.py:4180} INFO - Setting next_dagrun for read_dataset_event_from_classic to 2026-06-28 00:00:00+00:00, run_after=2026-06-29 00:00:00+00:00
[2026-06-29T22:33:13.852+0000] {processor.py:208} INFO - Processing /home/airflow/.local/lib/python3.12/site-packages/airflow/example_dags/example_inlet_event_extra.py took 0.656 seconds
[2026-06-29T22:33:43.966+0000] {processor.py:186} INFO - Started process (PID=3340) to work on /home/airflow/.local/lib/python3.12/site-packages/airflow/example_dags/example_inlet_event_extra.py
[2026-06-29T22:33:43.968+0000] {processor.py:914} INFO - Processing file /home/airflow/.local/lib/python3.12/site-packages/airflow/example_dags/example_inlet_event_extra.py for tasks to queue
[2026-06-29T22:33:43.972+0000] {logging_mixin.py:190} INFO - [2026-06-29T22:33:43.972+0000] {dagbag.py:588} INFO - Filling up the DagBag from /home/airflow/.local/lib/python3.12/site-packages/airflow/example_dags/example_inlet_event_extra.py
[2026-06-29T22:33:44.675+0000] {processor.py:925} INFO - DAG(s) 'read_dataset_event', 'read_dataset_event_from_classic' retrieved from /home/airflow/.local/lib/python3.12/site-packages/airflow/example_dags/example_inlet_event_extra.py
[2026-06-29T22:33:44.700+0000] {logging_mixin.py:190} INFO - [2026-06-29T22:33:44.700+0000] {dag.py:3239} INFO - Sync 2 DAGs
[2026-06-29T22:33:44.730+0000] {logging_mixin.py:190} INFO - [2026-06-29T22:33:44.730+0000] {dag.py:4180} INFO - Setting next_dagrun for read_dataset_event to 2026-06-28 00:00:00+00:00, run_after=2026-06-29 00:00:00+00:00
[2026-06-29T22:33:44.735+0000] {logging_mixin.py:190} INFO - [2026-06-29T22:33:44.735+0000] {dag.py:4180} INFO - Setting next_dagrun for read_dataset_event_from_classic to 2026-06-28 00:00:00+00:00, run_after=2026-06-29 00:00:00+00:00
[2026-06-29T22:33:44.753+0000] {processor.py:208} INFO - Processing /home/airflow/.local/lib/python3.12/site-packages/airflow/example_dags/example_inlet_event_extra.py took 0.799 seconds
[2026-06-29T22:34:15.080+0000] {processor.py:186} INFO - Started process (PID=3410) to work on /home/airflow/.local/lib/python3.12/site-packages/airflow/example_dags/example_inlet_event_extra.py
[2026-06-29T22:34:15.082+0000] {processor.py:914} INFO - Processing file /home/airflow/.local/lib/python3.12/site-packages/airflow/example_dags/example_inlet_event_extra.py for tasks to queue
[2026-06-29T22:34:15.085+0000] {logging_mixin.py:190} INFO - [2026-06-29T22:34:15.085+0000] {dagbag.py:588} INFO - Filling up the DagBag from /home/airflow/.local/lib/python3.12/site-packages/airflow/example_dags/example_inlet_event_extra.py
[2026-06-29T22:34:15.727+0000] {processor.py:925} INFO - DAG(s) 'read_dataset_event_from_classic', 'read_dataset_event' retrieved from /home/airflow/.local/lib/python3.12/site-packages/airflow/example_dags/example_inlet_event_extra.py
[2026-06-29T22:34:15.760+0000] {logging_mixin.py:190} INFO - [2026-06-29T22:34:15.759+0000] {dag.py:3239} INFO - Sync 2 DAGs
[2026-06-29T22:34:15.790+0000] {logging_mixin.py:190} INFO - [2026-06-29T22:34:15.790+0000] {dag.py:4180} INFO - Setting next_dagrun for read_dataset_event to 2026-06-28 00:00:00+00:00, run_after=2026-06-29 00:00:00+00:00
[2026-06-29T22:34:15.796+0000] {logging_mixin.py:190} INFO - [2026-06-29T22:34:15.796+0000] {dag.py:4180} INFO - Setting next_dagrun for read_dataset_event_from_classic to 2026-06-28 00:00:00+00:00, run_after=2026-06-29 00:00:00+00:00
[2026-06-29T22:34:15.821+0000] {processor.py:208} INFO - Processing /home/airflow/.local/lib/python3.12/site-packages/airflow/example_dags/example_inlet_event_extra.py took 0.753 seconds
[2026-06-29T22:34:46.608+0000] {processor.py:186} INFO - Started process (PID=3476) to work on /home/airflow/.local/lib/python3.12/site-packages/airflow/example_dags/example_inlet_event_extra.py
[2026-06-29T22:34:46.611+0000] {processor.py:914} INFO - Processing file /home/airflow/.local/lib/python3.12/site-packages/airflow/example_dags/example_inlet_event_extra.py for tasks to queue
[2026-06-29T22:34:46.616+0000] {logging_mixin.py:190} INFO - [2026-06-29T22:34:46.615+0000] {dagbag.py:588} INFO - Filling up the DagBag from /home/airflow/.local/lib/python3.12/site-packages/airflow/example_dags/example_inlet_event_extra.py
[2026-06-29T22:34:47.612+0000] {processor.py:925} INFO - DAG(s) 'read_dataset_event_from_classic', 'read_dataset_event' retrieved from /home/airflow/.local/lib/python3.12/site-packages/airflow/example_dags/example_inlet_event_extra.py
[2026-06-29T22:34:47.650+0000] {logging_mixin.py:190} INFO - [2026-06-29T22:34:47.650+0000] {dag.py:3239} INFO - Sync 2 DAGs
[2026-06-29T22:34:47.689+0000] {logging_mixin.py:190} INFO - [2026-06-29T22:34:47.689+0000] {dag.py:4180} INFO - Setting next_dagrun for read_dataset_event to 2026-06-28 00:00:00+00:00, run_after=2026-06-29 00:00:00+00:00
[2026-06-29T22:34:47.697+0000] {logging_mixin.py:190} INFO - [2026-06-29T22:34:47.697+0000] {dag.py:4180} INFO - Setting next_dagrun for read_dataset_event_from_classic to 2026-06-28 00:00:00+00:00, run_after=2026-06-29 00:00:00+00:00
[2026-06-29T22:34:47.733+0000] {processor.py:208} INFO - Processing /home/airflow/.local/lib/python3.12/site-packages/airflow/example_dags/example_inlet_event_extra.py took 1.143 seconds
[2026-06-29T22:35:18.025+0000] {processor.py:186} INFO - Started process (PID=3541) to work on /home/airflow/.local/lib/python3.12/site-packages/airflow/example_dags/example_inlet_event_extra.py
[2026-06-29T22:35:18.026+0000] {processor.py:914} INFO - Processing file /home/airflow/.local/lib/python3.12/site-packages/airflow/example_dags/example_inlet_event_extra.py for tasks to queue
[2026-06-29T22:35:18.031+0000] {logging_mixin.py:190} INFO - [2026-06-29T22:35:18.030+0000] {dagbag.py:588} INFO - Filling up the DagBag from /home/airflow/.local/lib/python3.12/site-packages/airflow/example_dags/example_inlet_event_extra.py
[2026-06-29T22:35:18.885+0000] {processor.py:925} INFO - DAG(s) 'read_dataset_event', 'read_dataset_event_from_classic' retrieved from /home/airflow/.local/lib/python3.12/site-packages/airflow/example_dags/example_inlet_event_extra.py
[2026-06-29T22:35:18.920+0000] {logging_mixin.py:190} INFO - [2026-06-29T22:35:18.920+0000] {dag.py:3239} INFO - Sync 2 DAGs
[2026-06-29T22:35:18.955+0000] {logging_mixin.py:190} INFO - [2026-06-29T22:35:18.954+0000] {dag.py:4180} INFO - Setting next_dagrun for read_dataset_event to 2026-06-28 00:00:00+00:00, run_after=2026-06-29 00:00:00+00:00
[2026-06-29T22:35:18.966+0000] {logging_mixin.py:190} INFO - [2026-06-29T22:35:18.966+0000] {dag.py:4180} INFO - Setting next_dagrun for read_dataset_event_from_classic to 2026-06-28 00:00:00+00:00, run_after=2026-06-29 00:00:00+00:00
[2026-06-29T22:35:18.996+0000] {processor.py:208} INFO - Processing /home/airflow/.local/lib/python3.12/site-packages/airflow/example_dags/example_inlet_event_extra.py took 0.986 seconds
[2026-06-29T22:35:49.592+0000] {processor.py:186} INFO - Started process (PID=3605) to work on /home/airflow/.local/lib/python3.12/site-packages/airflow/example_dags/example_inlet_event_extra.py
[2026-06-29T22:35:49.593+0000] {processor.py:914} INFO - Processing file /home/airflow/.local/lib/python3.12/site-packages/airflow/example_dags/example_inlet_event_extra.py for tasks to queue
[2026-06-29T22:35:49.598+0000] {logging_mixin.py:190} INFO - [2026-06-29T22:35:49.597+0000] {dagbag.py:588} INFO - Filling up the DagBag from /home/airflow/.local/lib/python3.12/site-packages/airflow/example_dags/example_inlet_event_extra.py
[2026-06-29T22:35:50.428+0000] {processor.py:925} INFO - DAG(s) 'read_dataset_event_from_classic', 'read_dataset_event' retrieved from /home/airflow/.local/lib/python3.12/site-packages/airflow/example_dags/example_inlet_event_extra.py
[2026-06-29T22:35:50.456+0000] {logging_mixin.py:190} INFO - [2026-06-29T22:35:50.456+0000] {dag.py:3239} INFO - Sync 2 DAGs
[2026-06-29T22:35:50.495+0000] {logging_mixin.py:190} INFO - [2026-06-29T22:35:50.494+0000] {dag.py:4180} INFO - Setting next_dagrun for read_dataset_event to 2026-06-28 00:00:00+00:00, run_after=2026-06-29 00:00:00+00:00
[2026-06-29T22:35:50.505+0000] {logging_mixin.py:190} INFO - [2026-06-29T22:35:50.505+0000] {dag.py:4180} INFO - Setting next_dagrun for read_dataset_event_from_classic to 2026-06-28 00:00:00+00:00, run_after=2026-06-29 00:00:00+00:00
[2026-06-29T22:35:50.538+0000] {processor.py:208} INFO - Processing /home/airflow/.local/lib/python3.12/site-packages/airflow/example_dags/example_inlet_event_extra.py took 0.958 seconds
[2026-06-29T22:36:20.706+0000] {processor.py:186} INFO - Started process (PID=3671) to work on /home/airflow/.local/lib/python3.12/site-packages/airflow/example_dags/example_inlet_event_extra.py
[2026-06-29T22:36:20.708+0000] {processor.py:914} INFO - Processing file /home/airflow/.local/lib/python3.12/site-packages/airflow/example_dags/example_inlet_event_extra.py for tasks to queue
[2026-06-29T22:36:20.712+0000] {logging_mixin.py:190} INFO - [2026-06-29T22:36:20.712+0000] {dagbag.py:588} INFO - Filling up the DagBag from /home/airflow/.local/lib/python3.12/site-packages/airflow/example_dags/example_inlet_event_extra.py
[2026-06-29T22:36:21.525+0000] {processor.py:925} INFO - DAG(s) 'read_dataset_event_from_classic', 'read_dataset_event' retrieved from /home/airflow/.local/lib/python3.12/site-packages/airflow/example_dags/example_inlet_event_extra.py
[2026-06-29T22:36:21.568+0000] {logging_mixin.py:190} INFO - [2026-06-29T22:36:21.568+0000] {dag.py:3239} INFO - Sync 2 DAGs
[2026-06-29T22:36:21.620+0000] {logging_mixin.py:190} INFO - [2026-06-29T22:36:21.619+0000] {dag.py:4180} INFO - Setting next_dagrun for read_dataset_event to 2026-06-28 00:00:00+00:00, run_after=2026-06-29 00:00:00+00:00
[2026-06-29T22:36:21.629+0000] {logging_mixin.py:190} INFO - [2026-06-29T22:36:21.629+0000] {dag.py:4180} INFO - Setting next_dagrun for read_dataset_event_from_classic to 2026-06-28 00:00:00+00:00, run_after=2026-06-29 00:00:00+00:00
[2026-06-29T22:36:21.666+0000] {processor.py:208} INFO - Processing /home/airflow/.local/lib/python3.12/site-packages/airflow/example_dags/example_inlet_event_extra.py took 0.968 seconds
[2026-06-29T22:36:51.850+0000] {processor.py:186} INFO - Started process (PID=3738) to work on /home/airflow/.local/lib/python3.12/site-packages/airflow/example_dags/example_inlet_event_extra.py
[2026-06-29T22:36:51.852+0000] {processor.py:914} INFO - Processing file /home/airflow/.local/lib/python3.12/site-packages/airflow/example_dags/example_inlet_event_extra.py for tasks to queue
[2026-06-29T22:36:51.856+0000] {logging_mixin.py:190} INFO - [2026-06-29T22:36:51.855+0000] {dagbag.py:588} INFO - Filling up the DagBag from /home/airflow/.local/lib/python3.12/site-packages/airflow/example_dags/example_inlet_event_extra.py
[2026-06-29T22:36:52.518+0000] {processor.py:925} INFO - DAG(s) 'read_dataset_event_from_classic', 'read_dataset_event' retrieved from /home/airflow/.local/lib/python3.12/site-packages/airflow/example_dags/example_inlet_event_extra.py
[2026-06-29T22:36:52.547+0000] {logging_mixin.py:190} INFO - [2026-06-29T22:36:52.546+0000] {dag.py:3239} INFO - Sync 2 DAGs
[2026-06-29T22:36:52.572+0000] {logging_mixin.py:190} INFO - [2026-06-29T22:36:52.571+0000] {dag.py:4180} INFO - Setting next_dagrun for read_dataset_event to 2026-06-28 00:00:00+00:00, run_after=2026-06-29 00:00:00+00:00
[2026-06-29T22:36:52.578+0000] {logging_mixin.py:190} INFO - [2026-06-29T22:36:52.578+0000] {dag.py:4180} INFO - Setting next_dagrun for read_dataset_event_from_classic to 2026-06-28 00:00:00+00:00, run_after=2026-06-29 00:00:00+00:00
[2026-06-29T22:36:52.596+0000] {processor.py:208} INFO - Processing /home/airflow/.local/lib/python3.12/site-packages/airflow/example_dags/example_inlet_event_extra.py took 0.758 seconds
[2026-06-29T22:37:23.351+0000] {processor.py:186} INFO - Started process (PID=3804) to work on /home/airflow/.local/lib/python3.12/site-packages/airflow/example_dags/example_inlet_event_extra.py
[2026-06-29T22:37:23.353+0000] {processor.py:914} INFO - Processing file /home/airflow/.local/lib/python3.12/site-packages/airflow/example_dags/example_inlet_event_extra.py for tasks to queue
[2026-06-29T22:37:23.358+0000] {logging_mixin.py:190} INFO - [2026-06-29T22:37:23.357+0000] {dagbag.py:588} INFO - Filling up the DagBag from /home/airflow/.local/lib/python3.12/site-packages/airflow/example_dags/example_inlet_event_extra.py
[2026-06-29T22:37:24.069+0000] {processor.py:925} INFO - DAG(s) 'read_dataset_event_from_classic', 'read_dataset_event' retrieved from /home/airflow/.local/lib/python3.12/site-packages/airflow/example_dags/example_inlet_event_extra.py
[2026-06-29T22:37:24.092+0000] {logging_mixin.py:190} INFO - [2026-06-29T22:37:24.092+0000] {dag.py:3239} INFO - Sync 2 DAGs
[2026-06-29T22:37:24.119+0000] {logging_mixin.py:190} INFO - [2026-06-29T22:37:24.119+0000] {dag.py:4180} INFO - Setting next_dagrun for read_dataset_event to 2026-06-28 00:00:00+00:00, run_after=2026-06-29 00:00:00+00:00
[2026-06-29T22:37:24.125+0000] {logging_mixin.py:190} INFO - [2026-06-29T22:37:24.125+0000] {dag.py:4180} INFO - Setting next_dagrun for read_dataset_event_from_classic to 2026-06-28 00:00:00+00:00, run_after=2026-06-29 00:00:00+00:00
[2026-06-29T22:37:24.144+0000] {processor.py:208} INFO - Processing /home/airflow/.local/lib/python3.12/site-packages/airflow/example_dags/example_inlet_event_extra.py took 0.802 seconds
[2026-06-29T22:37:54.367+0000] {processor.py:186} INFO - Started process (PID=3870) to work on /home/airflow/.local/lib/python3.12/site-packages/airflow/example_dags/example_inlet_event_extra.py
[2026-06-29T22:37:54.368+0000] {processor.py:914} INFO - Processing file /home/airflow/.local/lib/python3.12/site-packages/airflow/example_dags/example_inlet_event_extra.py for tasks to queue
[2026-06-29T22:37:54.372+0000] {logging_mixin.py:190} INFO - [2026-06-29T22:37:54.371+0000] {dagbag.py:588} INFO - Filling up the DagBag from /home/airflow/.local/lib/python3.12/site-packages/airflow/example_dags/example_inlet_event_extra.py
[2026-06-29T22:37:54.926+0000] {processor.py:925} INFO - DAG(s) 'read_dataset_event', 'read_dataset_event_from_classic' retrieved from /home/airflow/.local/lib/python3.12/site-packages/airflow/example_dags/example_inlet_event_extra.py
[2026-06-29T22:37:54.946+0000] {logging_mixin.py:190} INFO - [2026-06-29T22:37:54.946+0000] {dag.py:3239} INFO - Sync 2 DAGs
[2026-06-29T22:37:54.968+0000] {logging_mixin.py:190} INFO - [2026-06-29T22:37:54.968+0000] {dag.py:4180} INFO - Setting next_dagrun for read_dataset_event to 2026-06-28 00:00:00+00:00, run_after=2026-06-29 00:00:00+00:00
[2026-06-29T22:37:54.973+0000] {logging_mixin.py:190} INFO - [2026-06-29T22:37:54.973+0000] {dag.py:4180} INFO - Setting next_dagrun for read_dataset_event_from_classic to 2026-06-28 00:00:00+00:00, run_after=2026-06-29 00:00:00+00:00
[2026-06-29T22:37:54.990+0000] {processor.py:208} INFO - Processing /home/airflow/.local/lib/python3.12/site-packages/airflow/example_dags/example_inlet_event_extra.py took 0.637 seconds
[2026-06-29T22:38:25.548+0000] {processor.py:186} INFO - Started process (PID=3934) to work on /home/airflow/.local/lib/python3.12/site-packages/airflow/example_dags/example_inlet_event_extra.py
[2026-06-29T22:38:25.550+0000] {processor.py:914} INFO - Processing file /home/airflow/.local/lib/python3.12/site-packages/airflow/example_dags/example_inlet_event_extra.py for tasks to queue
[2026-06-29T22:38:25.553+0000] {logging_mixin.py:190} INFO - [2026-06-29T22:38:25.553+0000] {dagbag.py:588} INFO - Filling up the DagBag from /home/airflow/.local/lib/python3.12/site-packages/airflow/example_dags/example_inlet_event_extra.py
[2026-06-29T22:38:26.131+0000] {processor.py:925} INFO - DAG(s) 'read_dataset_event_from_classic', 'read_dataset_event' retrieved from /home/airflow/.local/lib/python3.12/site-packages/airflow/example_dags/example_inlet_event_extra.py
[2026-06-29T22:38:26.187+0000] {logging_mixin.py:190} INFO - [2026-06-29T22:38:26.187+0000] {dag.py:3239} INFO - Sync 2 DAGs
[2026-06-29T22:38:26.239+0000] {logging_mixin.py:190} INFO - [2026-06-29T22:38:26.238+0000] {dag.py:4180} INFO - Setting next_dagrun for read_dataset_event to 2026-06-28 00:00:00+00:00, run_after=2026-06-29 00:00:00+00:00
[2026-06-29T22:38:26.259+0000] {logging_mixin.py:190} INFO - [2026-06-29T22:38:26.258+0000] {dag.py:4180} INFO - Setting next_dagrun for read_dataset_event_from_classic to 2026-06-28 00:00:00+00:00, run_after=2026-06-29 00:00:00+00:00
[2026-06-29T22:38:26.287+0000] {processor.py:208} INFO - Processing /home/airflow/.local/lib/python3.12/site-packages/airflow/example_dags/example_inlet_event_extra.py took 0.753 seconds
[2026-06-29T22:38:56.525+0000] {processor.py:186} INFO - Started process (PID=3998) to work on /home/airflow/.local/lib/python3.12/site-packages/airflow/example_dags/example_inlet_event_extra.py
[2026-06-29T22:38:56.527+0000] {processor.py:914} INFO - Processing file /home/airflow/.local/lib/python3.12/site-packages/airflow/example_dags/example_inlet_event_extra.py for tasks to queue
[2026-06-29T22:38:56.531+0000] {logging_mixin.py:190} INFO - [2026-06-29T22:38:56.531+0000] {dagbag.py:588} INFO - Filling up the DagBag from /home/airflow/.local/lib/python3.12/site-packages/airflow/example_dags/example_inlet_event_extra.py
[2026-06-29T22:38:57.389+0000] {processor.py:925} INFO - DAG(s) 'read_dataset_event_from_classic', 'read_dataset_event' retrieved from /home/airflow/.local/lib/python3.12/site-packages/airflow/example_dags/example_inlet_event_extra.py
[2026-06-29T22:38:57.426+0000] {logging_mixin.py:190} INFO - [2026-06-29T22:38:57.425+0000] {dag.py:3239} INFO - Sync 2 DAGs
[2026-06-29T22:38:57.460+0000] {logging_mixin.py:190} INFO - [2026-06-29T22:38:57.460+0000] {dag.py:4180} INFO - Setting next_dagrun for read_dataset_event to 2026-06-28 00:00:00+00:00, run_after=2026-06-29 00:00:00+00:00
[2026-06-29T22:38:57.467+0000] {logging_mixin.py:190} INFO - [2026-06-29T22:38:57.467+0000] {dag.py:4180} INFO - Setting next_dagrun for read_dataset_event_from_classic to 2026-06-28 00:00:00+00:00, run_after=2026-06-29 00:00:00+00:00
[2026-06-29T22:38:57.496+0000] {processor.py:208} INFO - Processing /home/airflow/.local/lib/python3.12/site-packages/airflow/example_dags/example_inlet_event_extra.py took 0.988 seconds
[2026-06-29T22:39:27.605+0000] {processor.py:186} INFO - Started process (PID=4061) to work on /home/airflow/.local/lib/python3.12/site-packages/airflow/example_dags/example_inlet_event_extra.py
[2026-06-29T22:39:27.607+0000] {processor.py:914} INFO - Processing file /home/airflow/.local/lib/python3.12/site-packages/airflow/example_dags/example_inlet_event_extra.py for tasks to queue
[2026-06-29T22:39:27.612+0000] {logging_mixin.py:190} INFO - [2026-06-29T22:39:27.612+0000] {dagbag.py:588} INFO - Filling up the DagBag from /home/airflow/.local/lib/python3.12/site-packages/airflow/example_dags/example_inlet_event_extra.py
[2026-06-29T22:39:28.395+0000] {processor.py:925} INFO - DAG(s) 'read_dataset_event_from_classic', 'read_dataset_event' retrieved from /home/airflow/.local/lib/python3.12/site-packages/airflow/example_dags/example_inlet_event_extra.py
[2026-06-29T22:39:28.434+0000] {logging_mixin.py:190} INFO - [2026-06-29T22:39:28.434+0000] {dag.py:3239} INFO - Sync 2 DAGs
[2026-06-29T22:39:28.479+0000] {logging_mixin.py:190} INFO - [2026-06-29T22:39:28.478+0000] {dag.py:4180} INFO - Setting next_dagrun for read_dataset_event to 2026-06-28 00:00:00+00:00, run_after=2026-06-29 00:00:00+00:00
[2026-06-29T22:39:28.492+0000] {logging_mixin.py:190} INFO - [2026-06-29T22:39:28.491+0000] {dag.py:4180} INFO - Setting next_dagrun for read_dataset_event_from_classic to 2026-06-28 00:00:00+00:00, run_after=2026-06-29 00:00:00+00:00
[2026-06-29T22:39:28.526+0000] {processor.py:208} INFO - Processing /home/airflow/.local/lib/python3.12/site-packages/airflow/example_dags/example_inlet_event_extra.py took 0.931 seconds
[2026-06-29T22:39:59.093+0000] {processor.py:186} INFO - Started process (PID=4125) to work on /home/airflow/.local/lib/python3.12/site-packages/airflow/example_dags/example_inlet_event_extra.py
[2026-06-29T22:39:59.096+0000] {processor.py:914} INFO - Processing file /home/airflow/.local/lib/python3.12/site-packages/airflow/example_dags/example_inlet_event_extra.py for tasks to queue
[2026-06-29T22:39:59.101+0000] {logging_mixin.py:190} INFO - [2026-06-29T22:39:59.100+0000] {dagbag.py:588} INFO - Filling up the DagBag from /home/airflow/.local/lib/python3.12/site-packages/airflow/example_dags/example_inlet_event_extra.py
[2026-06-29T22:39:59.837+0000] {processor.py:925} INFO - DAG(s) 'read_dataset_event_from_classic', 'read_dataset_event' retrieved from /home/airflow/.local/lib/python3.12/site-packages/airflow/example_dags/example_inlet_event_extra.py
[2026-06-29T22:39:59.874+0000] {logging_mixin.py:190} INFO - [2026-06-29T22:39:59.873+0000] {dag.py:3239} INFO - Sync 2 DAGs
[2026-06-29T22:39:59.912+0000] {logging_mixin.py:190} INFO - [2026-06-29T22:39:59.912+0000] {dag.py:4180} INFO - Setting next_dagrun for read_dataset_event to 2026-06-28 00:00:00+00:00, run_after=2026-06-29 00:00:00+00:00
[2026-06-29T22:39:59.920+0000] {logging_mixin.py:190} INFO - [2026-06-29T22:39:59.919+0000] {dag.py:4180} INFO - Setting next_dagrun for read_dataset_event_from_classic to 2026-06-28 00:00:00+00:00, run_after=2026-06-29 00:00:00+00:00
[2026-06-29T22:39:59.952+0000] {processor.py:208} INFO - Processing /home/airflow/.local/lib/python3.12/site-packages/airflow/example_dags/example_inlet_event_extra.py took 0.870 seconds
[2026-06-29T22:41:23.069+0000] {processor.py:186} INFO - Started process (PID=94) to work on /home/airflow/.local/lib/python3.12/site-packages/airflow/example_dags/example_inlet_event_extra.py
[2026-06-29T22:41:23.073+0000] {processor.py:914} INFO - Processing file /home/airflow/.local/lib/python3.12/site-packages/airflow/example_dags/example_inlet_event_extra.py for tasks to queue
[2026-06-29T22:41:23.086+0000] {logging_mixin.py:190} INFO - [2026-06-29T22:41:23.084+0000] {dagbag.py:588} INFO - Filling up the DagBag from /home/airflow/.local/lib/python3.12/site-packages/airflow/example_dags/example_inlet_event_extra.py
[2026-06-29T22:41:24.690+0000] {processor.py:925} INFO - DAG(s) 'read_dataset_event_from_classic', 'read_dataset_event' retrieved from /home/airflow/.local/lib/python3.12/site-packages/airflow/example_dags/example_inlet_event_extra.py
[2026-06-29T22:41:24.808+0000] {logging_mixin.py:190} INFO - [2026-06-29T22:41:24.807+0000] {dag.py:3239} INFO - Sync 2 DAGs
[2026-06-29T22:41:24.912+0000] {logging_mixin.py:190} INFO - [2026-06-29T22:41:24.910+0000] {dag.py:4180} INFO - Setting next_dagrun for read_dataset_event to 2026-06-28 00:00:00+00:00, run_after=2026-06-29 00:00:00+00:00
[2026-06-29T22:41:24.946+0000] {logging_mixin.py:190} INFO - [2026-06-29T22:41:24.946+0000] {dag.py:4180} INFO - Setting next_dagrun for read_dataset_event_from_classic to 2026-06-28 00:00:00+00:00, run_after=2026-06-29 00:00:00+00:00
[2026-06-29T22:41:25.024+0000] {processor.py:208} INFO - Processing /home/airflow/.local/lib/python3.12/site-packages/airflow/example_dags/example_inlet_event_extra.py took 1.982 seconds
[2026-06-29T22:41:55.329+0000] {processor.py:186} INFO - Started process (PID=162) to work on /home/airflow/.local/lib/python3.12/site-packages/airflow/example_dags/example_inlet_event_extra.py
[2026-06-29T22:41:55.332+0000] {processor.py:914} INFO - Processing file /home/airflow/.local/lib/python3.12/site-packages/airflow/example_dags/example_inlet_event_extra.py for tasks to queue
[2026-06-29T22:41:55.337+0000] {logging_mixin.py:190} INFO - [2026-06-29T22:41:55.337+0000] {dagbag.py:588} INFO - Filling up the DagBag from /home/airflow/.local/lib/python3.12/site-packages/airflow/example_dags/example_inlet_event_extra.py
[2026-06-29T22:41:56.991+0000] {processor.py:925} INFO - DAG(s) 'read_dataset_event', 'read_dataset_event_from_classic' retrieved from /home/airflow/.local/lib/python3.12/site-packages/airflow/example_dags/example_inlet_event_extra.py
[2026-06-29T22:41:57.113+0000] {logging_mixin.py:190} INFO - [2026-06-29T22:41:57.112+0000] {dag.py:3239} INFO - Sync 2 DAGs
[2026-06-29T22:41:57.233+0000] {logging_mixin.py:190} INFO - [2026-06-29T22:41:57.233+0000] {dag.py:4180} INFO - Setting next_dagrun for read_dataset_event to 2026-06-28 00:00:00+00:00, run_after=2026-06-29 00:00:00+00:00
[2026-06-29T22:41:57.260+0000] {logging_mixin.py:190} INFO - [2026-06-29T22:41:57.259+0000] {dag.py:4180} INFO - Setting next_dagrun for read_dataset_event_from_classic to 2026-06-28 00:00:00+00:00, run_after=2026-06-29 00:00:00+00:00
[2026-06-29T22:41:57.313+0000] {processor.py:208} INFO - Processing /home/airflow/.local/lib/python3.12/site-packages/airflow/example_dags/example_inlet_event_extra.py took 2.000 seconds
[2026-06-29T22:42:27.492+0000] {processor.py:186} INFO - Started process (PID=227) to work on /home/airflow/.local/lib/python3.12/site-packages/airflow/example_dags/example_inlet_event_extra.py
[2026-06-29T22:42:27.497+0000] {processor.py:914} INFO - Processing file /home/airflow/.local/lib/python3.12/site-packages/airflow/example_dags/example_inlet_event_extra.py for tasks to queue
[2026-06-29T22:42:27.507+0000] {logging_mixin.py:190} INFO - [2026-06-29T22:42:27.505+0000] {dagbag.py:588} INFO - Filling up the DagBag from /home/airflow/.local/lib/python3.12/site-packages/airflow/example_dags/example_inlet_event_extra.py
[2026-06-29T22:42:29.199+0000] {processor.py:925} INFO - DAG(s) 'read_dataset_event', 'read_dataset_event_from_classic' retrieved from /home/airflow/.local/lib/python3.12/site-packages/airflow/example_dags/example_inlet_event_extra.py
[2026-06-29T22:42:29.277+0000] {logging_mixin.py:190} INFO - [2026-06-29T22:42:29.276+0000] {dag.py:3239} INFO - Sync 2 DAGs
[2026-06-29T22:42:29.390+0000] {logging_mixin.py:190} INFO - [2026-06-29T22:42:29.389+0000] {dag.py:4180} INFO - Setting next_dagrun for read_dataset_event to 2026-06-28 00:00:00+00:00, run_after=2026-06-29 00:00:00+00:00
[2026-06-29T22:42:29.408+0000] {logging_mixin.py:190} INFO - [2026-06-29T22:42:29.407+0000] {dag.py:4180} INFO - Setting next_dagrun for read_dataset_event_from_classic to 2026-06-28 00:00:00+00:00, run_after=2026-06-29 00:00:00+00:00
[2026-06-29T22:42:29.451+0000] {processor.py:208} INFO - Processing /home/airflow/.local/lib/python3.12/site-packages/airflow/example_dags/example_inlet_event_extra.py took 1.983 seconds
[2026-06-29T22:42:59.682+0000] {processor.py:186} INFO - Started process (PID=295) to work on /home/airflow/.local/lib/python3.12/site-packages/airflow/example_dags/example_inlet_event_extra.py
[2026-06-29T22:42:59.684+0000] {processor.py:914} INFO - Processing file /home/airflow/.local/lib/python3.12/site-packages/airflow/example_dags/example_inlet_event_extra.py for tasks to queue
[2026-06-29T22:42:59.687+0000] {logging_mixin.py:190} INFO - [2026-06-29T22:42:59.687+0000] {dagbag.py:588} INFO - Filling up the DagBag from /home/airflow/.local/lib/python3.12/site-packages/airflow/example_dags/example_inlet_event_extra.py
[2026-06-29T22:43:00.390+0000] {processor.py:925} INFO - DAG(s) 'read_dataset_event', 'read_dataset_event_from_classic' retrieved from /home/airflow/.local/lib/python3.12/site-packages/airflow/example_dags/example_inlet_event_extra.py
[2026-06-29T22:43:00.413+0000] {logging_mixin.py:190} INFO - [2026-06-29T22:43:00.413+0000] {dag.py:3239} INFO - Sync 2 DAGs
[2026-06-29T22:43:00.436+0000] {logging_mixin.py:190} INFO - [2026-06-29T22:43:00.436+0000] {dag.py:4180} INFO - Setting next_dagrun for read_dataset_event to 2026-06-28 00:00:00+00:00, run_after=2026-06-29 00:00:00+00:00
[2026-06-29T22:43:00.441+0000] {logging_mixin.py:190} INFO - [2026-06-29T22:43:00.441+0000] {dag.py:4180} INFO - Setting next_dagrun for read_dataset_event_from_classic to 2026-06-28 00:00:00+00:00, run_after=2026-06-29 00:00:00+00:00
[2026-06-29T22:43:00.459+0000] {processor.py:208} INFO - Processing /home/airflow/.local/lib/python3.12/site-packages/airflow/example_dags/example_inlet_event_extra.py took 0.786 seconds
[2026-06-29T22:43:31.241+0000] {processor.py:186} INFO - Started process (PID=359) to work on /home/airflow/.local/lib/python3.12/site-packages/airflow/example_dags/example_inlet_event_extra.py
[2026-06-29T22:43:31.244+0000] {processor.py:914} INFO - Processing file /home/airflow/.local/lib/python3.12/site-packages/airflow/example_dags/example_inlet_event_extra.py for tasks to queue
[2026-06-29T22:43:31.248+0000] {logging_mixin.py:190} INFO - [2026-06-29T22:43:31.247+0000] {dagbag.py:588} INFO - Filling up the DagBag from /home/airflow/.local/lib/python3.12/site-packages/airflow/example_dags/example_inlet_event_extra.py
[2026-06-29T22:43:31.852+0000] {processor.py:925} INFO - DAG(s) 'read_dataset_event', 'read_dataset_event_from_classic' retrieved from /home/airflow/.local/lib/python3.12/site-packages/airflow/example_dags/example_inlet_event_extra.py
[2026-06-29T22:43:31.876+0000] {logging_mixin.py:190} INFO - [2026-06-29T22:43:31.876+0000] {dag.py:3239} INFO - Sync 2 DAGs
[2026-06-29T22:43:31.901+0000] {logging_mixin.py:190} INFO - [2026-06-29T22:43:31.900+0000] {dag.py:4180} INFO - Setting next_dagrun for read_dataset_event to 2026-06-28 00:00:00+00:00, run_after=2026-06-29 00:00:00+00:00
[2026-06-29T22:43:31.907+0000] {logging_mixin.py:190} INFO - [2026-06-29T22:43:31.907+0000] {dag.py:4180} INFO - Setting next_dagrun for read_dataset_event_from_classic to 2026-06-28 00:00:00+00:00, run_after=2026-06-29 00:00:00+00:00
[2026-06-29T22:43:31.926+0000] {processor.py:208} INFO - Processing /home/airflow/.local/lib/python3.12/site-packages/airflow/example_dags/example_inlet_event_extra.py took 0.692 seconds
[2026-06-29T22:44:02.229+0000] {processor.py:186} INFO - Started process (PID=424) to work on /home/airflow/.local/lib/python3.12/site-packages/airflow/example_dags/example_inlet_event_extra.py
[2026-06-29T22:44:02.232+0000] {processor.py:914} INFO - Processing file /home/airflow/.local/lib/python3.12/site-packages/airflow/example_dags/example_inlet_event_extra.py for tasks to queue
[2026-06-29T22:44:02.236+0000] {logging_mixin.py:190} INFO - [2026-06-29T22:44:02.235+0000] {dagbag.py:588} INFO - Filling up the DagBag from /home/airflow/.local/lib/python3.12/site-packages/airflow/example_dags/example_inlet_event_extra.py
[2026-06-29T22:44:02.927+0000] {processor.py:925} INFO - DAG(s) 'read_dataset_event', 'read_dataset_event_from_classic' retrieved from /home/airflow/.local/lib/python3.12/site-packages/airflow/example_dags/example_inlet_event_extra.py
[2026-06-29T22:44:02.955+0000] {logging_mixin.py:190} INFO - [2026-06-29T22:44:02.955+0000] {dag.py:3239} INFO - Sync 2 DAGs
[2026-06-29T22:44:02.988+0000] {logging_mixin.py:190} INFO - [2026-06-29T22:44:02.987+0000] {dag.py:4180} INFO - Setting next_dagrun for read_dataset_event to 2026-06-28 00:00:00+00:00, run_after=2026-06-29 00:00:00+00:00
[2026-06-29T22:44:02.998+0000] {logging_mixin.py:190} INFO - [2026-06-29T22:44:02.997+0000] {dag.py:4180} INFO - Setting next_dagrun for read_dataset_event_from_classic to 2026-06-28 00:00:00+00:00, run_after=2026-06-29 00:00:00+00:00
[2026-06-29T22:44:03.027+0000] {processor.py:208} INFO - Processing /home/airflow/.local/lib/python3.12/site-packages/airflow/example_dags/example_inlet_event_extra.py took 0.807 seconds
[2026-06-29T22:44:33.703+0000] {processor.py:186} INFO - Started process (PID=488) to work on /home/airflow/.local/lib/python3.12/site-packages/airflow/example_dags/example_inlet_event_extra.py
[2026-06-29T22:44:33.705+0000] {processor.py:914} INFO - Processing file /home/airflow/.local/lib/python3.12/site-packages/airflow/example_dags/example_inlet_event_extra.py for tasks to queue
[2026-06-29T22:44:33.709+0000] {logging_mixin.py:190} INFO - [2026-06-29T22:44:33.709+0000] {dagbag.py:588} INFO - Filling up the DagBag from /home/airflow/.local/lib/python3.12/site-packages/airflow/example_dags/example_inlet_event_extra.py
[2026-06-29T22:44:34.298+0000] {processor.py:925} INFO - DAG(s) 'read_dataset_event', 'read_dataset_event_from_classic' retrieved from /home/airflow/.local/lib/python3.12/site-packages/airflow/example_dags/example_inlet_event_extra.py
[2026-06-29T22:44:34.326+0000] {logging_mixin.py:190} INFO - [2026-06-29T22:44:34.326+0000] {dag.py:3239} INFO - Sync 2 DAGs
[2026-06-29T22:44:34.353+0000] {logging_mixin.py:190} INFO - [2026-06-29T22:44:34.353+0000] {dag.py:4180} INFO - Setting next_dagrun for read_dataset_event to 2026-06-28 00:00:00+00:00, run_after=2026-06-29 00:00:00+00:00
[2026-06-29T22:44:34.359+0000] {logging_mixin.py:190} INFO - [2026-06-29T22:44:34.359+0000] {dag.py:4180} INFO - Setting next_dagrun for read_dataset_event_from_classic to 2026-06-28 00:00:00+00:00, run_after=2026-06-29 00:00:00+00:00
[2026-06-29T22:44:34.378+0000] {processor.py:208} INFO - Processing /home/airflow/.local/lib/python3.12/site-packages/airflow/example_dags/example_inlet_event_extra.py took 0.694 seconds
[2026-06-29T22:45:04.549+0000] {processor.py:186} INFO - Started process (PID=553) to work on /home/airflow/.local/lib/python3.12/site-packages/airflow/example_dags/example_inlet_event_extra.py
[2026-06-29T22:45:04.551+0000] {processor.py:914} INFO - Processing file /home/airflow/.local/lib/python3.12/site-packages/airflow/example_dags/example_inlet_event_extra.py for tasks to queue
[2026-06-29T22:45:04.554+0000] {logging_mixin.py:190} INFO - [2026-06-29T22:45:04.554+0000] {dagbag.py:588} INFO - Filling up the DagBag from /home/airflow/.local/lib/python3.12/site-packages/airflow/example_dags/example_inlet_event_extra.py
[2026-06-29T22:45:05.257+0000] {processor.py:925} INFO - DAG(s) 'read_dataset_event', 'read_dataset_event_from_classic' retrieved from /home/airflow/.local/lib/python3.12/site-packages/airflow/example_dags/example_inlet_event_extra.py
[2026-06-29T22:45:05.280+0000] {logging_mixin.py:190} INFO - [2026-06-29T22:45:05.280+0000] {dag.py:3239} INFO - Sync 2 DAGs
[2026-06-29T22:45:05.306+0000] {logging_mixin.py:190} INFO - [2026-06-29T22:45:05.306+0000] {dag.py:4180} INFO - Setting next_dagrun for read_dataset_event to 2026-06-28 00:00:00+00:00, run_after=2026-06-29 00:00:00+00:00
[2026-06-29T22:45:05.313+0000] {logging_mixin.py:190} INFO - [2026-06-29T22:45:05.312+0000] {dag.py:4180} INFO - Setting next_dagrun for read_dataset_event_from_classic to 2026-06-28 00:00:00+00:00, run_after=2026-06-29 00:00:00+00:00
[2026-06-29T22:45:05.334+0000] {processor.py:208} INFO - Processing /home/airflow/.local/lib/python3.12/site-packages/airflow/example_dags/example_inlet_event_extra.py took 0.791 seconds
[2026-06-29T22:45:35.533+0000] {processor.py:186} INFO - Started process (PID=618) to work on /home/airflow/.local/lib/python3.12/site-packages/airflow/example_dags/example_inlet_event_extra.py
[2026-06-29T22:45:35.537+0000] {processor.py:914} INFO - Processing file /home/airflow/.local/lib/python3.12/site-packages/airflow/example_dags/example_inlet_event_extra.py for tasks to queue
[2026-06-29T22:45:35.545+0000] {logging_mixin.py:190} INFO - [2026-06-29T22:45:35.544+0000] {dagbag.py:588} INFO - Filling up the DagBag from /home/airflow/.local/lib/python3.12/site-packages/airflow/example_dags/example_inlet_event_extra.py
[2026-06-29T22:45:36.250+0000] {processor.py:925} INFO - DAG(s) 'read_dataset_event', 'read_dataset_event_from_classic' retrieved from /home/airflow/.local/lib/python3.12/site-packages/airflow/example_dags/example_inlet_event_extra.py
[2026-06-29T22:45:36.271+0000] {logging_mixin.py:190} INFO - [2026-06-29T22:45:36.271+0000] {dag.py:3239} INFO - Sync 2 DAGs
[2026-06-29T22:45:36.295+0000] {logging_mixin.py:190} INFO - [2026-06-29T22:45:36.295+0000] {dag.py:4180} INFO - Setting next_dagrun for read_dataset_event to 2026-06-28 00:00:00+00:00, run_after=2026-06-29 00:00:00+00:00
[2026-06-29T22:45:36.301+0000] {logging_mixin.py:190} INFO - [2026-06-29T22:45:36.300+0000] {dag.py:4180} INFO - Setting next_dagrun for read_dataset_event_from_classic to 2026-06-28 00:00:00+00:00, run_after=2026-06-29 00:00:00+00:00
[2026-06-29T22:45:36.322+0000] {processor.py:208} INFO - Processing /home/airflow/.local/lib/python3.12/site-packages/airflow/example_dags/example_inlet_event_extra.py took 0.807 seconds
[2026-06-29T22:46:06.879+0000] {processor.py:186} INFO - Started process (PID=682) to work on /home/airflow/.local/lib/python3.12/site-packages/airflow/example_dags/example_inlet_event_extra.py
[2026-06-29T22:46:06.880+0000] {processor.py:914} INFO - Processing file /home/airflow/.local/lib/python3.12/site-packages/airflow/example_dags/example_inlet_event_extra.py for tasks to queue
[2026-06-29T22:46:06.883+0000] {logging_mixin.py:190} INFO - [2026-06-29T22:46:06.883+0000] {dagbag.py:588} INFO - Filling up the DagBag from /home/airflow/.local/lib/python3.12/site-packages/airflow/example_dags/example_inlet_event_extra.py
[2026-06-29T22:46:07.558+0000] {processor.py:925} INFO - DAG(s) 'read_dataset_event_from_classic', 'read_dataset_event' retrieved from /home/airflow/.local/lib/python3.12/site-packages/airflow/example_dags/example_inlet_event_extra.py
[2026-06-29T22:46:07.597+0000] {logging_mixin.py:190} INFO - [2026-06-29T22:46:07.597+0000] {dag.py:3239} INFO - Sync 2 DAGs
[2026-06-29T22:46:07.638+0000] {logging_mixin.py:190} INFO - [2026-06-29T22:46:07.637+0000] {dag.py:4180} INFO - Setting next_dagrun for read_dataset_event to 2026-06-28 00:00:00+00:00, run_after=2026-06-29 00:00:00+00:00
[2026-06-29T22:46:07.646+0000] {logging_mixin.py:190} INFO - [2026-06-29T22:46:07.646+0000] {dag.py:4180} INFO - Setting next_dagrun for read_dataset_event_from_classic to 2026-06-28 00:00:00+00:00, run_after=2026-06-29 00:00:00+00:00
[2026-06-29T22:46:07.679+0000] {processor.py:208} INFO - Processing /home/airflow/.local/lib/python3.12/site-packages/airflow/example_dags/example_inlet_event_extra.py took 0.806 seconds
[2026-06-29T22:46:38.169+0000] {processor.py:186} INFO - Started process (PID=746) to work on /home/airflow/.local/lib/python3.12/site-packages/airflow/example_dags/example_inlet_event_extra.py
[2026-06-29T22:46:38.177+0000] {processor.py:914} INFO - Processing file /home/airflow/.local/lib/python3.12/site-packages/airflow/example_dags/example_inlet_event_extra.py for tasks to queue
[2026-06-29T22:46:38.185+0000] {logging_mixin.py:190} INFO - [2026-06-29T22:46:38.184+0000] {dagbag.py:588} INFO - Filling up the DagBag from /home/airflow/.local/lib/python3.12/site-packages/airflow/example_dags/example_inlet_event_extra.py
[2026-06-29T22:46:39.903+0000] {processor.py:925} INFO - DAG(s) 'read_dataset_event', 'read_dataset_event_from_classic' retrieved from /home/airflow/.local/lib/python3.12/site-packages/airflow/example_dags/example_inlet_event_extra.py
[2026-06-29T22:46:39.975+0000] {logging_mixin.py:190} INFO - [2026-06-29T22:46:39.975+0000] {dag.py:3239} INFO - Sync 2 DAGs
[2026-06-29T22:46:40.044+0000] {logging_mixin.py:190} INFO - [2026-06-29T22:46:40.043+0000] {dag.py:4180} INFO - Setting next_dagrun for read_dataset_event to 2026-06-28 00:00:00+00:00, run_after=2026-06-29 00:00:00+00:00
[2026-06-29T22:46:40.063+0000] {logging_mixin.py:190} INFO - [2026-06-29T22:46:40.062+0000] {dag.py:4180} INFO - Setting next_dagrun for read_dataset_event_from_classic to 2026-06-28 00:00:00+00:00, run_after=2026-06-29 00:00:00+00:00
[2026-06-29T22:46:40.113+0000] {processor.py:208} INFO - Processing /home/airflow/.local/lib/python3.12/site-packages/airflow/example_dags/example_inlet_event_extra.py took 1.962 seconds
