[2026-06-29T21:59:16.180+0000] {processor.py:186} INFO - Started process (PID=108) to work on /home/airflow/.local/lib/python3.12/site-packages/airflow/example_dags/example_sensors.py
[2026-06-29T21:59:16.184+0000] {processor.py:914} INFO - Processing file /home/airflow/.local/lib/python3.12/site-packages/airflow/example_dags/example_sensors.py for tasks to queue
[2026-06-29T21:59:16.191+0000] {logging_mixin.py:190} INFO - [2026-06-29T21:59:16.191+0000] {dagbag.py:588} INFO - Filling up the DagBag from /home/airflow/.local/lib/python3.12/site-packages/airflow/example_dags/example_sensors.py
[2026-06-29T21:59:16.223+0000] {processor.py:925} INFO - DAG(s) 'example_sensors' retrieved from /home/airflow/.local/lib/python3.12/site-packages/airflow/example_dags/example_sensors.py
[2026-06-29T21:59:16.440+0000] {logging_mixin.py:190} INFO - [2026-06-29T21:59:16.439+0000] {override.py:1912} INFO - Created Permission View: can read on DAG:example_sensors
[2026-06-29T21:59:16.471+0000] {logging_mixin.py:190} INFO - [2026-06-29T21:59:16.467+0000] {override.py:1912} INFO - Created Permission View: can delete on DAG:example_sensors
[2026-06-29T21:59:16.508+0000] {logging_mixin.py:190} INFO - [2026-06-29T21:59:16.506+0000] {override.py:1912} INFO - Created Permission View: can edit on DAG:example_sensors
[2026-06-29T21:59:16.555+0000] {logging_mixin.py:190} INFO - [2026-06-29T21:59:16.554+0000] {override.py:1912} INFO - Created Permission View: menu access on DAG Run:example_sensors
[2026-06-29T21:59:16.584+0000] {logging_mixin.py:190} INFO - [2026-06-29T21:59:16.583+0000] {override.py:1912} INFO - Created Permission View: can read on DAG Run:example_sensors
[2026-06-29T21:59:16.617+0000] {logging_mixin.py:190} INFO - [2026-06-29T21:59:16.616+0000] {override.py:1912} INFO - Created Permission View: can delete on DAG Run:example_sensors
[2026-06-29T21:59:16.642+0000] {logging_mixin.py:190} INFO - [2026-06-29T21:59:16.640+0000] {override.py:1912} INFO - Created Permission View: can create on DAG Run:example_sensors
[2026-06-29T21:59:16.645+0000] {logging_mixin.py:190} INFO - [2026-06-29T21:59:16.644+0000] {dag.py:3239} INFO - Sync 1 DAGs
[2026-06-29T21:59:16.680+0000] {logging_mixin.py:190} INFO - [2026-06-29T21:59:16.679+0000] {dag.py:3262} INFO - Creating ORM DAG for example_sensors
[2026-06-29T21:59:16.689+0000] {logging_mixin.py:190} INFO - [2026-06-29T21:59:16.689+0000] {dag.py:4180} INFO - Setting next_dagrun for example_sensors to None, run_after=None
[2026-06-29T21:59:16.778+0000] {processor.py:208} INFO - Processing /home/airflow/.local/lib/python3.12/site-packages/airflow/example_dags/example_sensors.py took 0.612 seconds
[2026-06-29T21:59:47.632+0000] {processor.py:186} INFO - Started process (PID=171) to work on /home/airflow/.local/lib/python3.12/site-packages/airflow/example_dags/example_sensors.py
[2026-06-29T21:59:47.636+0000] {processor.py:914} INFO - Processing file /home/airflow/.local/lib/python3.12/site-packages/airflow/example_dags/example_sensors.py for tasks to queue
[2026-06-29T21:59:47.640+0000] {logging_mixin.py:190} INFO - [2026-06-29T21:59:47.640+0000] {dagbag.py:588} INFO - Filling up the DagBag from /home/airflow/.local/lib/python3.12/site-packages/airflow/example_dags/example_sensors.py
[2026-06-29T21:59:47.660+0000] {processor.py:925} INFO - DAG(s) 'example_sensors' retrieved from /home/airflow/.local/lib/python3.12/site-packages/airflow/example_dags/example_sensors.py
[2026-06-29T21:59:47.750+0000] {logging_mixin.py:190} INFO - [2026-06-29T21:59:47.750+0000] {dag.py:3239} INFO - Sync 1 DAGs
[2026-06-29T21:59:47.791+0000] {logging_mixin.py:190} INFO - [2026-06-29T21:59:47.790+0000] {dag.py:4180} INFO - Setting next_dagrun for example_sensors to None, run_after=None
[2026-06-29T21:59:47.895+0000] {processor.py:208} INFO - Processing /home/airflow/.local/lib/python3.12/site-packages/airflow/example_dags/example_sensors.py took 0.272 seconds
[2026-06-29T22:00:18.788+0000] {processor.py:186} INFO - Started process (PID=234) to work on /home/airflow/.local/lib/python3.12/site-packages/airflow/example_dags/example_sensors.py
[2026-06-29T22:00:18.791+0000] {processor.py:914} INFO - Processing file /home/airflow/.local/lib/python3.12/site-packages/airflow/example_dags/example_sensors.py for tasks to queue
[2026-06-29T22:00:18.802+0000] {logging_mixin.py:190} INFO - [2026-06-29T22:00:18.799+0000] {dagbag.py:588} INFO - Filling up the DagBag from /home/airflow/.local/lib/python3.12/site-packages/airflow/example_dags/example_sensors.py
[2026-06-29T22:00:18.822+0000] {processor.py:925} INFO - DAG(s) 'example_sensors' retrieved from /home/airflow/.local/lib/python3.12/site-packages/airflow/example_dags/example_sensors.py
[2026-06-29T22:00:18.860+0000] {logging_mixin.py:190} INFO - [2026-06-29T22:00:18.860+0000] {dag.py:3239} INFO - Sync 1 DAGs
[2026-06-29T22:00:18.882+0000] {logging_mixin.py:190} INFO - [2026-06-29T22:00:18.882+0000] {dag.py:4180} INFO - Setting next_dagrun for example_sensors to None, run_after=None
[2026-06-29T22:00:18.917+0000] {processor.py:208} INFO - Processing /home/airflow/.local/lib/python3.12/site-packages/airflow/example_dags/example_sensors.py took 0.144 seconds
[2026-06-29T22:00:49.193+0000] {processor.py:186} INFO - Started process (PID=298) to work on /home/airflow/.local/lib/python3.12/site-packages/airflow/example_dags/example_sensors.py
[2026-06-29T22:00:49.195+0000] {processor.py:914} INFO - Processing file /home/airflow/.local/lib/python3.12/site-packages/airflow/example_dags/example_sensors.py for tasks to queue
[2026-06-29T22:00:49.198+0000] {logging_mixin.py:190} INFO - [2026-06-29T22:00:49.197+0000] {dagbag.py:588} INFO - Filling up the DagBag from /home/airflow/.local/lib/python3.12/site-packages/airflow/example_dags/example_sensors.py
[2026-06-29T22:00:49.211+0000] {processor.py:925} INFO - DAG(s) 'example_sensors' retrieved from /home/airflow/.local/lib/python3.12/site-packages/airflow/example_dags/example_sensors.py
[2026-06-29T22:00:49.246+0000] {logging_mixin.py:190} INFO - [2026-06-29T22:00:49.245+0000] {dag.py:3239} INFO - Sync 1 DAGs
[2026-06-29T22:00:49.266+0000] {logging_mixin.py:190} INFO - [2026-06-29T22:00:49.265+0000] {dag.py:4180} INFO - Setting next_dagrun for example_sensors to None, run_after=None
[2026-06-29T22:00:49.292+0000] {processor.py:208} INFO - Processing /home/airflow/.local/lib/python3.12/site-packages/airflow/example_dags/example_sensors.py took 0.108 seconds
[2026-06-29T22:01:20.959+0000] {processor.py:186} INFO - Started process (PID=361) to work on /home/airflow/.local/lib/python3.12/site-packages/airflow/example_dags/example_sensors.py
[2026-06-29T22:01:20.961+0000] {processor.py:914} INFO - Processing file /home/airflow/.local/lib/python3.12/site-packages/airflow/example_dags/example_sensors.py for tasks to queue
[2026-06-29T22:01:20.966+0000] {logging_mixin.py:190} INFO - [2026-06-29T22:01:20.965+0000] {dagbag.py:588} INFO - Filling up the DagBag from /home/airflow/.local/lib/python3.12/site-packages/airflow/example_dags/example_sensors.py
[2026-06-29T22:01:20.984+0000] {processor.py:925} INFO - DAG(s) 'example_sensors' retrieved from /home/airflow/.local/lib/python3.12/site-packages/airflow/example_dags/example_sensors.py
[2026-06-29T22:01:21.026+0000] {logging_mixin.py:190} INFO - [2026-06-29T22:01:21.025+0000] {dag.py:3239} INFO - Sync 1 DAGs
[2026-06-29T22:01:21.050+0000] {logging_mixin.py:190} INFO - [2026-06-29T22:01:21.050+0000] {dag.py:4180} INFO - Setting next_dagrun for example_sensors to None, run_after=None
[2026-06-29T22:01:21.084+0000] {processor.py:208} INFO - Processing /home/airflow/.local/lib/python3.12/site-packages/airflow/example_dags/example_sensors.py took 0.136 seconds
[2026-06-29T22:01:51.699+0000] {processor.py:186} INFO - Started process (PID=424) to work on /home/airflow/.local/lib/python3.12/site-packages/airflow/example_dags/example_sensors.py
[2026-06-29T22:01:51.701+0000] {processor.py:914} INFO - Processing file /home/airflow/.local/lib/python3.12/site-packages/airflow/example_dags/example_sensors.py for tasks to queue
[2026-06-29T22:01:51.704+0000] {logging_mixin.py:190} INFO - [2026-06-29T22:01:51.704+0000] {dagbag.py:588} INFO - Filling up the DagBag from /home/airflow/.local/lib/python3.12/site-packages/airflow/example_dags/example_sensors.py
[2026-06-29T22:01:51.719+0000] {processor.py:925} INFO - DAG(s) 'example_sensors' retrieved from /home/airflow/.local/lib/python3.12/site-packages/airflow/example_dags/example_sensors.py
[2026-06-29T22:01:51.774+0000] {logging_mixin.py:190} INFO - [2026-06-29T22:01:51.773+0000] {dag.py:3239} INFO - Sync 1 DAGs
[2026-06-29T22:01:51.823+0000] {logging_mixin.py:190} INFO - [2026-06-29T22:01:51.823+0000] {dag.py:4180} INFO - Setting next_dagrun for example_sensors to None, run_after=None
[2026-06-29T22:01:51.892+0000] {processor.py:208} INFO - Processing /home/airflow/.local/lib/python3.12/site-packages/airflow/example_dags/example_sensors.py took 0.201 seconds
[2026-06-29T22:02:23.032+0000] {processor.py:186} INFO - Started process (PID=488) to work on /home/airflow/.local/lib/python3.12/site-packages/airflow/example_dags/example_sensors.py
[2026-06-29T22:02:23.035+0000] {processor.py:914} INFO - Processing file /home/airflow/.local/lib/python3.12/site-packages/airflow/example_dags/example_sensors.py for tasks to queue
[2026-06-29T22:02:23.041+0000] {logging_mixin.py:190} INFO - [2026-06-29T22:02:23.041+0000] {dagbag.py:588} INFO - Filling up the DagBag from /home/airflow/.local/lib/python3.12/site-packages/airflow/example_dags/example_sensors.py
[2026-06-29T22:02:23.059+0000] {processor.py:925} INFO - DAG(s) 'example_sensors' retrieved from /home/airflow/.local/lib/python3.12/site-packages/airflow/example_dags/example_sensors.py
[2026-06-29T22:02:23.101+0000] {logging_mixin.py:190} INFO - [2026-06-29T22:02:23.100+0000] {dag.py:3239} INFO - Sync 1 DAGs
[2026-06-29T22:02:23.130+0000] {logging_mixin.py:190} INFO - [2026-06-29T22:02:23.130+0000] {dag.py:4180} INFO - Setting next_dagrun for example_sensors to None, run_after=None
[2026-06-29T22:02:23.173+0000] {processor.py:208} INFO - Processing /home/airflow/.local/lib/python3.12/site-packages/airflow/example_dags/example_sensors.py took 0.156 seconds
[2026-06-29T22:02:59.002+0000] {processor.py:186} INFO - Started process (PID=551) to work on /home/airflow/.local/lib/python3.12/site-packages/airflow/example_dags/example_sensors.py
[2026-06-29T22:02:59.006+0000] {processor.py:914} INFO - Processing file /home/airflow/.local/lib/python3.12/site-packages/airflow/example_dags/example_sensors.py for tasks to queue
[2026-06-29T22:02:59.014+0000] {logging_mixin.py:190} INFO - [2026-06-29T22:02:59.012+0000] {dagbag.py:588} INFO - Filling up the DagBag from /home/airflow/.local/lib/python3.12/site-packages/airflow/example_dags/example_sensors.py
[2026-06-29T22:02:59.043+0000] {processor.py:925} INFO - DAG(s) 'example_sensors' retrieved from /home/airflow/.local/lib/python3.12/site-packages/airflow/example_dags/example_sensors.py
[2026-06-29T22:02:59.120+0000] {logging_mixin.py:190} INFO - [2026-06-29T22:02:59.119+0000] {dag.py:3239} INFO - Sync 1 DAGs
[2026-06-29T22:02:59.162+0000] {logging_mixin.py:190} INFO - [2026-06-29T22:02:59.162+0000] {dag.py:4180} INFO - Setting next_dagrun for example_sensors to None, run_after=None
[2026-06-29T22:02:59.224+0000] {processor.py:208} INFO - Processing /home/airflow/.local/lib/python3.12/site-packages/airflow/example_dags/example_sensors.py took 0.247 seconds
[2026-06-29T22:03:30.736+0000] {processor.py:186} INFO - Started process (PID=615) to work on /home/airflow/.local/lib/python3.12/site-packages/airflow/example_dags/example_sensors.py
[2026-06-29T22:03:30.739+0000] {processor.py:914} INFO - Processing file /home/airflow/.local/lib/python3.12/site-packages/airflow/example_dags/example_sensors.py for tasks to queue
[2026-06-29T22:03:30.745+0000] {logging_mixin.py:190} INFO - [2026-06-29T22:03:30.744+0000] {dagbag.py:588} INFO - Filling up the DagBag from /home/airflow/.local/lib/python3.12/site-packages/airflow/example_dags/example_sensors.py
[2026-06-29T22:03:30.765+0000] {processor.py:925} INFO - DAG(s) 'example_sensors' retrieved from /home/airflow/.local/lib/python3.12/site-packages/airflow/example_dags/example_sensors.py
[2026-06-29T22:03:30.829+0000] {logging_mixin.py:190} INFO - [2026-06-29T22:03:30.828+0000] {dag.py:3239} INFO - Sync 1 DAGs
[2026-06-29T22:03:30.884+0000] {logging_mixin.py:190} INFO - [2026-06-29T22:03:30.884+0000] {dag.py:4180} INFO - Setting next_dagrun for example_sensors to None, run_after=None
[2026-06-29T22:03:30.954+0000] {processor.py:208} INFO - Processing /home/airflow/.local/lib/python3.12/site-packages/airflow/example_dags/example_sensors.py took 0.230 seconds
[2026-06-29T22:04:02.731+0000] {processor.py:186} INFO - Started process (PID=684) to work on /home/airflow/.local/lib/python3.12/site-packages/airflow/example_dags/example_sensors.py
[2026-06-29T22:04:02.733+0000] {processor.py:914} INFO - Processing file /home/airflow/.local/lib/python3.12/site-packages/airflow/example_dags/example_sensors.py for tasks to queue
[2026-06-29T22:04:02.742+0000] {logging_mixin.py:190} INFO - [2026-06-29T22:04:02.740+0000] {dagbag.py:588} INFO - Filling up the DagBag from /home/airflow/.local/lib/python3.12/site-packages/airflow/example_dags/example_sensors.py
[2026-06-29T22:04:02.779+0000] {processor.py:925} INFO - DAG(s) 'example_sensors' retrieved from /home/airflow/.local/lib/python3.12/site-packages/airflow/example_dags/example_sensors.py
[2026-06-29T22:04:02.878+0000] {logging_mixin.py:190} INFO - [2026-06-29T22:04:02.874+0000] {dag.py:3239} INFO - Sync 1 DAGs
[2026-06-29T22:04:02.915+0000] {logging_mixin.py:190} INFO - [2026-06-29T22:04:02.914+0000] {dag.py:4180} INFO - Setting next_dagrun for example_sensors to None, run_after=None
[2026-06-29T22:04:03.001+0000] {processor.py:208} INFO - Processing /home/airflow/.local/lib/python3.12/site-packages/airflow/example_dags/example_sensors.py took 0.288 seconds
[2026-06-29T22:04:37.789+0000] {processor.py:186} INFO - Started process (PID=748) to work on /home/airflow/.local/lib/python3.12/site-packages/airflow/example_dags/example_sensors.py
[2026-06-29T22:04:37.798+0000] {processor.py:914} INFO - Processing file /home/airflow/.local/lib/python3.12/site-packages/airflow/example_dags/example_sensors.py for tasks to queue
[2026-06-29T22:04:37.804+0000] {logging_mixin.py:190} INFO - [2026-06-29T22:04:37.803+0000] {dagbag.py:588} INFO - Filling up the DagBag from /home/airflow/.local/lib/python3.12/site-packages/airflow/example_dags/example_sensors.py
[2026-06-29T22:04:37.836+0000] {processor.py:925} INFO - DAG(s) 'example_sensors' retrieved from /home/airflow/.local/lib/python3.12/site-packages/airflow/example_dags/example_sensors.py
[2026-06-29T22:04:37.896+0000] {logging_mixin.py:190} INFO - [2026-06-29T22:04:37.895+0000] {dag.py:3239} INFO - Sync 1 DAGs
[2026-06-29T22:04:37.934+0000] {logging_mixin.py:190} INFO - [2026-06-29T22:04:37.933+0000] {dag.py:4180} INFO - Setting next_dagrun for example_sensors to None, run_after=None
[2026-06-29T22:04:37.990+0000] {processor.py:208} INFO - Processing /home/airflow/.local/lib/python3.12/site-packages/airflow/example_dags/example_sensors.py took 0.217 seconds
[2026-06-29T22:05:08.614+0000] {processor.py:186} INFO - Started process (PID=812) to work on /home/airflow/.local/lib/python3.12/site-packages/airflow/example_dags/example_sensors.py
[2026-06-29T22:05:08.616+0000] {processor.py:914} INFO - Processing file /home/airflow/.local/lib/python3.12/site-packages/airflow/example_dags/example_sensors.py for tasks to queue
[2026-06-29T22:05:08.620+0000] {logging_mixin.py:190} INFO - [2026-06-29T22:05:08.620+0000] {dagbag.py:588} INFO - Filling up the DagBag from /home/airflow/.local/lib/python3.12/site-packages/airflow/example_dags/example_sensors.py
[2026-06-29T22:05:08.631+0000] {processor.py:925} INFO - DAG(s) 'example_sensors' retrieved from /home/airflow/.local/lib/python3.12/site-packages/airflow/example_dags/example_sensors.py
[2026-06-29T22:05:08.659+0000] {logging_mixin.py:190} INFO - [2026-06-29T22:05:08.659+0000] {dag.py:3239} INFO - Sync 1 DAGs
[2026-06-29T22:05:08.676+0000] {logging_mixin.py:190} INFO - [2026-06-29T22:05:08.675+0000] {dag.py:4180} INFO - Setting next_dagrun for example_sensors to None, run_after=None
[2026-06-29T22:05:08.700+0000] {processor.py:208} INFO - Processing /home/airflow/.local/lib/python3.12/site-packages/airflow/example_dags/example_sensors.py took 0.092 seconds
[2026-06-29T22:05:39.428+0000] {processor.py:186} INFO - Started process (PID=877) to work on /home/airflow/.local/lib/python3.12/site-packages/airflow/example_dags/example_sensors.py
[2026-06-29T22:05:39.430+0000] {processor.py:914} INFO - Processing file /home/airflow/.local/lib/python3.12/site-packages/airflow/example_dags/example_sensors.py for tasks to queue
[2026-06-29T22:05:39.433+0000] {logging_mixin.py:190} INFO - [2026-06-29T22:05:39.433+0000] {dagbag.py:588} INFO - Filling up the DagBag from /home/airflow/.local/lib/python3.12/site-packages/airflow/example_dags/example_sensors.py
[2026-06-29T22:05:39.446+0000] {processor.py:925} INFO - DAG(s) 'example_sensors' retrieved from /home/airflow/.local/lib/python3.12/site-packages/airflow/example_dags/example_sensors.py
[2026-06-29T22:05:39.480+0000] {logging_mixin.py:190} INFO - [2026-06-29T22:05:39.480+0000] {dag.py:3239} INFO - Sync 1 DAGs
[2026-06-29T22:05:39.502+0000] {logging_mixin.py:190} INFO - [2026-06-29T22:05:39.501+0000] {dag.py:4180} INFO - Setting next_dagrun for example_sensors to None, run_after=None
[2026-06-29T22:05:39.530+0000] {processor.py:208} INFO - Processing /home/airflow/.local/lib/python3.12/site-packages/airflow/example_dags/example_sensors.py took 0.111 seconds
[2026-06-29T22:06:11.166+0000] {processor.py:186} INFO - Started process (PID=941) to work on /home/airflow/.local/lib/python3.12/site-packages/airflow/example_dags/example_sensors.py
[2026-06-29T22:06:11.168+0000] {processor.py:914} INFO - Processing file /home/airflow/.local/lib/python3.12/site-packages/airflow/example_dags/example_sensors.py for tasks to queue
[2026-06-29T22:06:11.171+0000] {logging_mixin.py:190} INFO - [2026-06-29T22:06:11.171+0000] {dagbag.py:588} INFO - Filling up the DagBag from /home/airflow/.local/lib/python3.12/site-packages/airflow/example_dags/example_sensors.py
[2026-06-29T22:06:11.185+0000] {processor.py:925} INFO - DAG(s) 'example_sensors' retrieved from /home/airflow/.local/lib/python3.12/site-packages/airflow/example_dags/example_sensors.py
[2026-06-29T22:06:11.221+0000] {logging_mixin.py:190} INFO - [2026-06-29T22:06:11.221+0000] {dag.py:3239} INFO - Sync 1 DAGs
[2026-06-29T22:06:11.249+0000] {logging_mixin.py:190} INFO - [2026-06-29T22:06:11.249+0000] {dag.py:4180} INFO - Setting next_dagrun for example_sensors to None, run_after=None
[2026-06-29T22:06:11.273+0000] {processor.py:208} INFO - Processing /home/airflow/.local/lib/python3.12/site-packages/airflow/example_dags/example_sensors.py took 0.114 seconds
[2026-06-29T22:08:27.684+0000] {processor.py:186} INFO - Started process (PID=116) to work on /home/airflow/.local/lib/python3.12/site-packages/airflow/example_dags/example_sensors.py
[2026-06-29T22:08:27.687+0000] {processor.py:914} INFO - Processing file /home/airflow/.local/lib/python3.12/site-packages/airflow/example_dags/example_sensors.py for tasks to queue
[2026-06-29T22:08:27.697+0000] {logging_mixin.py:190} INFO - [2026-06-29T22:08:27.695+0000] {dagbag.py:588} INFO - Filling up the DagBag from /home/airflow/.local/lib/python3.12/site-packages/airflow/example_dags/example_sensors.py
[2026-06-29T22:08:27.724+0000] {processor.py:925} INFO - DAG(s) 'example_sensors' retrieved from /home/airflow/.local/lib/python3.12/site-packages/airflow/example_dags/example_sensors.py
[2026-06-29T22:08:27.792+0000] {logging_mixin.py:190} INFO - [2026-06-29T22:08:27.791+0000] {dag.py:3239} INFO - Sync 1 DAGs
[2026-06-29T22:08:27.827+0000] {logging_mixin.py:190} INFO - [2026-06-29T22:08:27.826+0000] {dag.py:4180} INFO - Setting next_dagrun for example_sensors to None, run_after=None
[2026-06-29T22:08:27.872+0000] {processor.py:208} INFO - Processing /home/airflow/.local/lib/python3.12/site-packages/airflow/example_dags/example_sensors.py took 0.204 seconds
[2026-06-29T22:09:04.160+0000] {processor.py:186} INFO - Started process (PID=180) to work on /home/airflow/.local/lib/python3.12/site-packages/airflow/example_dags/example_sensors.py
[2026-06-29T22:09:04.164+0000] {processor.py:914} INFO - Processing file /home/airflow/.local/lib/python3.12/site-packages/airflow/example_dags/example_sensors.py for tasks to queue
[2026-06-29T22:09:04.182+0000] {logging_mixin.py:190} INFO - [2026-06-29T22:09:04.180+0000] {dagbag.py:588} INFO - Filling up the DagBag from /home/airflow/.local/lib/python3.12/site-packages/airflow/example_dags/example_sensors.py
[2026-06-29T22:09:04.263+0000] {processor.py:925} INFO - DAG(s) 'example_sensors' retrieved from /home/airflow/.local/lib/python3.12/site-packages/airflow/example_dags/example_sensors.py
[2026-06-29T22:09:04.391+0000] {logging_mixin.py:190} INFO - [2026-06-29T22:09:04.390+0000] {dag.py:3239} INFO - Sync 1 DAGs
[2026-06-29T22:09:04.437+0000] {logging_mixin.py:190} INFO - [2026-06-29T22:09:04.437+0000] {dag.py:4180} INFO - Setting next_dagrun for example_sensors to None, run_after=None
[2026-06-29T22:09:04.512+0000] {processor.py:208} INFO - Processing /home/airflow/.local/lib/python3.12/site-packages/airflow/example_dags/example_sensors.py took 0.374 seconds
[2026-06-29T22:09:37.451+0000] {processor.py:186} INFO - Started process (PID=250) to work on /home/airflow/.local/lib/python3.12/site-packages/airflow/example_dags/example_sensors.py
[2026-06-29T22:09:37.453+0000] {processor.py:914} INFO - Processing file /home/airflow/.local/lib/python3.12/site-packages/airflow/example_dags/example_sensors.py for tasks to queue
[2026-06-29T22:09:37.462+0000] {logging_mixin.py:190} INFO - [2026-06-29T22:09:37.460+0000] {dagbag.py:588} INFO - Filling up the DagBag from /home/airflow/.local/lib/python3.12/site-packages/airflow/example_dags/example_sensors.py
[2026-06-29T22:09:37.486+0000] {processor.py:925} INFO - DAG(s) 'example_sensors' retrieved from /home/airflow/.local/lib/python3.12/site-packages/airflow/example_dags/example_sensors.py
[2026-06-29T22:09:37.556+0000] {logging_mixin.py:190} INFO - [2026-06-29T22:09:37.556+0000] {dag.py:3239} INFO - Sync 1 DAGs
[2026-06-29T22:09:37.591+0000] {logging_mixin.py:190} INFO - [2026-06-29T22:09:37.590+0000] {dag.py:4180} INFO - Setting next_dagrun for example_sensors to None, run_after=None
[2026-06-29T22:09:37.643+0000] {processor.py:208} INFO - Processing /home/airflow/.local/lib/python3.12/site-packages/airflow/example_dags/example_sensors.py took 0.204 seconds
[2026-06-29T22:10:14.378+0000] {processor.py:186} INFO - Started process (PID=315) to work on /home/airflow/.local/lib/python3.12/site-packages/airflow/example_dags/example_sensors.py
[2026-06-29T22:10:14.388+0000] {processor.py:914} INFO - Processing file /home/airflow/.local/lib/python3.12/site-packages/airflow/example_dags/example_sensors.py for tasks to queue
[2026-06-29T22:10:14.405+0000] {logging_mixin.py:190} INFO - [2026-06-29T22:10:14.402+0000] {dagbag.py:588} INFO - Filling up the DagBag from /home/airflow/.local/lib/python3.12/site-packages/airflow/example_dags/example_sensors.py
[2026-06-29T22:10:14.428+0000] {processor.py:925} INFO - DAG(s) 'example_sensors' retrieved from /home/airflow/.local/lib/python3.12/site-packages/airflow/example_dags/example_sensors.py
[2026-06-29T22:10:14.472+0000] {logging_mixin.py:190} INFO - [2026-06-29T22:10:14.472+0000] {dag.py:3239} INFO - Sync 1 DAGs
[2026-06-29T22:10:14.490+0000] {logging_mixin.py:190} INFO - [2026-06-29T22:10:14.490+0000] {dag.py:4180} INFO - Setting next_dagrun for example_sensors to None, run_after=None
[2026-06-29T22:10:14.522+0000] {processor.py:208} INFO - Processing /home/airflow/.local/lib/python3.12/site-packages/airflow/example_dags/example_sensors.py took 0.154 seconds
[2026-06-29T22:10:44.761+0000] {processor.py:186} INFO - Started process (PID=379) to work on /home/airflow/.local/lib/python3.12/site-packages/airflow/example_dags/example_sensors.py
[2026-06-29T22:10:44.764+0000] {processor.py:914} INFO - Processing file /home/airflow/.local/lib/python3.12/site-packages/airflow/example_dags/example_sensors.py for tasks to queue
[2026-06-29T22:10:44.772+0000] {logging_mixin.py:190} INFO - [2026-06-29T22:10:44.771+0000] {dagbag.py:588} INFO - Filling up the DagBag from /home/airflow/.local/lib/python3.12/site-packages/airflow/example_dags/example_sensors.py
[2026-06-29T22:10:44.800+0000] {processor.py:925} INFO - DAG(s) 'example_sensors' retrieved from /home/airflow/.local/lib/python3.12/site-packages/airflow/example_dags/example_sensors.py
[2026-06-29T22:10:44.871+0000] {logging_mixin.py:190} INFO - [2026-06-29T22:10:44.870+0000] {dag.py:3239} INFO - Sync 1 DAGs
[2026-06-29T22:10:44.903+0000] {logging_mixin.py:190} INFO - [2026-06-29T22:10:44.902+0000] {dag.py:4180} INFO - Setting next_dagrun for example_sensors to None, run_after=None
[2026-06-29T22:10:44.973+0000] {processor.py:208} INFO - Processing /home/airflow/.local/lib/python3.12/site-packages/airflow/example_dags/example_sensors.py took 0.226 seconds
[2026-06-29T22:11:15.206+0000] {processor.py:186} INFO - Started process (PID=443) to work on /home/airflow/.local/lib/python3.12/site-packages/airflow/example_dags/example_sensors.py
[2026-06-29T22:11:15.208+0000] {processor.py:914} INFO - Processing file /home/airflow/.local/lib/python3.12/site-packages/airflow/example_dags/example_sensors.py for tasks to queue
[2026-06-29T22:11:15.212+0000] {logging_mixin.py:190} INFO - [2026-06-29T22:11:15.212+0000] {dagbag.py:588} INFO - Filling up the DagBag from /home/airflow/.local/lib/python3.12/site-packages/airflow/example_dags/example_sensors.py
[2026-06-29T22:11:15.227+0000] {processor.py:925} INFO - DAG(s) 'example_sensors' retrieved from /home/airflow/.local/lib/python3.12/site-packages/airflow/example_dags/example_sensors.py
[2026-06-29T22:11:15.256+0000] {logging_mixin.py:190} INFO - [2026-06-29T22:11:15.255+0000] {dag.py:3239} INFO - Sync 1 DAGs
[2026-06-29T22:11:15.271+0000] {logging_mixin.py:190} INFO - [2026-06-29T22:11:15.270+0000] {dag.py:4180} INFO - Setting next_dagrun for example_sensors to None, run_after=None
[2026-06-29T22:11:15.291+0000] {processor.py:208} INFO - Processing /home/airflow/.local/lib/python3.12/site-packages/airflow/example_dags/example_sensors.py took 0.093 seconds
[2026-06-29T22:11:46.246+0000] {processor.py:186} INFO - Started process (PID=507) to work on /home/airflow/.local/lib/python3.12/site-packages/airflow/example_dags/example_sensors.py
[2026-06-29T22:11:46.247+0000] {processor.py:914} INFO - Processing file /home/airflow/.local/lib/python3.12/site-packages/airflow/example_dags/example_sensors.py for tasks to queue
[2026-06-29T22:11:46.251+0000] {logging_mixin.py:190} INFO - [2026-06-29T22:11:46.250+0000] {dagbag.py:588} INFO - Filling up the DagBag from /home/airflow/.local/lib/python3.12/site-packages/airflow/example_dags/example_sensors.py
[2026-06-29T22:11:46.266+0000] {processor.py:925} INFO - DAG(s) 'example_sensors' retrieved from /home/airflow/.local/lib/python3.12/site-packages/airflow/example_dags/example_sensors.py
[2026-06-29T22:11:46.299+0000] {logging_mixin.py:190} INFO - [2026-06-29T22:11:46.298+0000] {dag.py:3239} INFO - Sync 1 DAGs
[2026-06-29T22:11:46.315+0000] {logging_mixin.py:190} INFO - [2026-06-29T22:11:46.315+0000] {dag.py:4180} INFO - Setting next_dagrun for example_sensors to None, run_after=None
[2026-06-29T22:11:46.341+0000] {processor.py:208} INFO - Processing /home/airflow/.local/lib/python3.12/site-packages/airflow/example_dags/example_sensors.py took 0.104 seconds
[2026-06-29T22:12:17.009+0000] {processor.py:186} INFO - Started process (PID=571) to work on /home/airflow/.local/lib/python3.12/site-packages/airflow/example_dags/example_sensors.py
[2026-06-29T22:12:17.011+0000] {processor.py:914} INFO - Processing file /home/airflow/.local/lib/python3.12/site-packages/airflow/example_dags/example_sensors.py for tasks to queue
[2026-06-29T22:12:17.014+0000] {logging_mixin.py:190} INFO - [2026-06-29T22:12:17.014+0000] {dagbag.py:588} INFO - Filling up the DagBag from /home/airflow/.local/lib/python3.12/site-packages/airflow/example_dags/example_sensors.py
[2026-06-29T22:12:17.030+0000] {processor.py:925} INFO - DAG(s) 'example_sensors' retrieved from /home/airflow/.local/lib/python3.12/site-packages/airflow/example_dags/example_sensors.py
[2026-06-29T22:12:17.069+0000] {logging_mixin.py:190} INFO - [2026-06-29T22:12:17.069+0000] {dag.py:3239} INFO - Sync 1 DAGs
[2026-06-29T22:12:17.090+0000] {logging_mixin.py:190} INFO - [2026-06-29T22:12:17.090+0000] {dag.py:4180} INFO - Setting next_dagrun for example_sensors to None, run_after=None
[2026-06-29T22:12:17.117+0000] {processor.py:208} INFO - Processing /home/airflow/.local/lib/python3.12/site-packages/airflow/example_dags/example_sensors.py took 0.119 seconds
[2026-06-29T22:12:48.649+0000] {processor.py:186} INFO - Started process (PID=635) to work on /home/airflow/.local/lib/python3.12/site-packages/airflow/example_dags/example_sensors.py
[2026-06-29T22:12:48.651+0000] {processor.py:914} INFO - Processing file /home/airflow/.local/lib/python3.12/site-packages/airflow/example_dags/example_sensors.py for tasks to queue
[2026-06-29T22:12:48.655+0000] {logging_mixin.py:190} INFO - [2026-06-29T22:12:48.654+0000] {dagbag.py:588} INFO - Filling up the DagBag from /home/airflow/.local/lib/python3.12/site-packages/airflow/example_dags/example_sensors.py
[2026-06-29T22:12:48.666+0000] {processor.py:925} INFO - DAG(s) 'example_sensors' retrieved from /home/airflow/.local/lib/python3.12/site-packages/airflow/example_dags/example_sensors.py
[2026-06-29T22:12:48.696+0000] {logging_mixin.py:190} INFO - [2026-06-29T22:12:48.696+0000] {dag.py:3239} INFO - Sync 1 DAGs
[2026-06-29T22:12:48.714+0000] {logging_mixin.py:190} INFO - [2026-06-29T22:12:48.714+0000] {dag.py:4180} INFO - Setting next_dagrun for example_sensors to None, run_after=None
[2026-06-29T22:12:48.741+0000] {processor.py:208} INFO - Processing /home/airflow/.local/lib/python3.12/site-packages/airflow/example_dags/example_sensors.py took 0.098 seconds
[2026-06-29T22:13:20.826+0000] {processor.py:186} INFO - Started process (PID=699) to work on /home/airflow/.local/lib/python3.12/site-packages/airflow/example_dags/example_sensors.py
[2026-06-29T22:13:20.828+0000] {processor.py:914} INFO - Processing file /home/airflow/.local/lib/python3.12/site-packages/airflow/example_dags/example_sensors.py for tasks to queue
[2026-06-29T22:13:20.833+0000] {logging_mixin.py:190} INFO - [2026-06-29T22:13:20.832+0000] {dagbag.py:588} INFO - Filling up the DagBag from /home/airflow/.local/lib/python3.12/site-packages/airflow/example_dags/example_sensors.py
[2026-06-29T22:13:20.854+0000] {processor.py:925} INFO - DAG(s) 'example_sensors' retrieved from /home/airflow/.local/lib/python3.12/site-packages/airflow/example_dags/example_sensors.py
[2026-06-29T22:13:20.911+0000] {logging_mixin.py:190} INFO - [2026-06-29T22:13:20.910+0000] {dag.py:3239} INFO - Sync 1 DAGs
[2026-06-29T22:13:20.957+0000] {logging_mixin.py:190} INFO - [2026-06-29T22:13:20.956+0000] {dag.py:4180} INFO - Setting next_dagrun for example_sensors to None, run_after=None
[2026-06-29T22:13:21.023+0000] {processor.py:208} INFO - Processing /home/airflow/.local/lib/python3.12/site-packages/airflow/example_dags/example_sensors.py took 0.208 seconds
[2026-06-29T22:13:51.607+0000] {processor.py:186} INFO - Started process (PID=764) to work on /home/airflow/.local/lib/python3.12/site-packages/airflow/example_dags/example_sensors.py
[2026-06-29T22:13:51.608+0000] {processor.py:914} INFO - Processing file /home/airflow/.local/lib/python3.12/site-packages/airflow/example_dags/example_sensors.py for tasks to queue
[2026-06-29T22:13:51.612+0000] {logging_mixin.py:190} INFO - [2026-06-29T22:13:51.611+0000] {dagbag.py:588} INFO - Filling up the DagBag from /home/airflow/.local/lib/python3.12/site-packages/airflow/example_dags/example_sensors.py
[2026-06-29T22:13:51.626+0000] {processor.py:925} INFO - DAG(s) 'example_sensors' retrieved from /home/airflow/.local/lib/python3.12/site-packages/airflow/example_dags/example_sensors.py
[2026-06-29T22:13:51.660+0000] {logging_mixin.py:190} INFO - [2026-06-29T22:13:51.660+0000] {dag.py:3239} INFO - Sync 1 DAGs
[2026-06-29T22:13:51.693+0000] {logging_mixin.py:190} INFO - [2026-06-29T22:13:51.693+0000] {dag.py:4180} INFO - Setting next_dagrun for example_sensors to None, run_after=None
[2026-06-29T22:13:51.740+0000] {processor.py:208} INFO - Processing /home/airflow/.local/lib/python3.12/site-packages/airflow/example_dags/example_sensors.py took 0.141 seconds
[2026-06-29T22:14:24.554+0000] {processor.py:186} INFO - Started process (PID=828) to work on /home/airflow/.local/lib/python3.12/site-packages/airflow/example_dags/example_sensors.py
[2026-06-29T22:14:24.557+0000] {processor.py:914} INFO - Processing file /home/airflow/.local/lib/python3.12/site-packages/airflow/example_dags/example_sensors.py for tasks to queue
[2026-06-29T22:14:24.562+0000] {logging_mixin.py:190} INFO - [2026-06-29T22:14:24.561+0000] {dagbag.py:588} INFO - Filling up the DagBag from /home/airflow/.local/lib/python3.12/site-packages/airflow/example_dags/example_sensors.py
[2026-06-29T22:14:24.590+0000] {processor.py:925} INFO - DAG(s) 'example_sensors' retrieved from /home/airflow/.local/lib/python3.12/site-packages/airflow/example_dags/example_sensors.py
[2026-06-29T22:14:24.651+0000] {logging_mixin.py:190} INFO - [2026-06-29T22:14:24.651+0000] {dag.py:3239} INFO - Sync 1 DAGs
[2026-06-29T22:14:24.676+0000] {logging_mixin.py:190} INFO - [2026-06-29T22:14:24.675+0000] {dag.py:4180} INFO - Setting next_dagrun for example_sensors to None, run_after=None
[2026-06-29T22:14:24.719+0000] {processor.py:208} INFO - Processing /home/airflow/.local/lib/python3.12/site-packages/airflow/example_dags/example_sensors.py took 0.179 seconds
[2026-06-29T22:14:55.268+0000] {processor.py:186} INFO - Started process (PID=892) to work on /home/airflow/.local/lib/python3.12/site-packages/airflow/example_dags/example_sensors.py
[2026-06-29T22:14:55.272+0000] {processor.py:914} INFO - Processing file /home/airflow/.local/lib/python3.12/site-packages/airflow/example_dags/example_sensors.py for tasks to queue
[2026-06-29T22:14:55.278+0000] {logging_mixin.py:190} INFO - [2026-06-29T22:14:55.277+0000] {dagbag.py:588} INFO - Filling up the DagBag from /home/airflow/.local/lib/python3.12/site-packages/airflow/example_dags/example_sensors.py
[2026-06-29T22:14:55.308+0000] {processor.py:925} INFO - DAG(s) 'example_sensors' retrieved from /home/airflow/.local/lib/python3.12/site-packages/airflow/example_dags/example_sensors.py
[2026-06-29T22:14:55.378+0000] {logging_mixin.py:190} INFO - [2026-06-29T22:14:55.377+0000] {dag.py:3239} INFO - Sync 1 DAGs
[2026-06-29T22:14:55.425+0000] {logging_mixin.py:190} INFO - [2026-06-29T22:14:55.425+0000] {dag.py:4180} INFO - Setting next_dagrun for example_sensors to None, run_after=None
[2026-06-29T22:14:55.518+0000] {processor.py:208} INFO - Processing /home/airflow/.local/lib/python3.12/site-packages/airflow/example_dags/example_sensors.py took 0.264 seconds
[2026-06-29T22:15:26.799+0000] {processor.py:186} INFO - Started process (PID=956) to work on /home/airflow/.local/lib/python3.12/site-packages/airflow/example_dags/example_sensors.py
[2026-06-29T22:15:26.801+0000] {processor.py:914} INFO - Processing file /home/airflow/.local/lib/python3.12/site-packages/airflow/example_dags/example_sensors.py for tasks to queue
[2026-06-29T22:15:26.805+0000] {logging_mixin.py:190} INFO - [2026-06-29T22:15:26.804+0000] {dagbag.py:588} INFO - Filling up the DagBag from /home/airflow/.local/lib/python3.12/site-packages/airflow/example_dags/example_sensors.py
[2026-06-29T22:15:26.822+0000] {processor.py:925} INFO - DAG(s) 'example_sensors' retrieved from /home/airflow/.local/lib/python3.12/site-packages/airflow/example_dags/example_sensors.py
[2026-06-29T22:15:26.866+0000] {logging_mixin.py:190} INFO - [2026-06-29T22:15:26.865+0000] {dag.py:3239} INFO - Sync 1 DAGs
[2026-06-29T22:15:26.885+0000] {logging_mixin.py:190} INFO - [2026-06-29T22:15:26.884+0000] {dag.py:4180} INFO - Setting next_dagrun for example_sensors to None, run_after=None
[2026-06-29T22:15:26.914+0000] {processor.py:208} INFO - Processing /home/airflow/.local/lib/python3.12/site-packages/airflow/example_dags/example_sensors.py took 0.124 seconds
[2026-06-29T22:15:58.309+0000] {processor.py:186} INFO - Started process (PID=1020) to work on /home/airflow/.local/lib/python3.12/site-packages/airflow/example_dags/example_sensors.py
[2026-06-29T22:15:58.311+0000] {processor.py:914} INFO - Processing file /home/airflow/.local/lib/python3.12/site-packages/airflow/example_dags/example_sensors.py for tasks to queue
[2026-06-29T22:15:58.318+0000] {logging_mixin.py:190} INFO - [2026-06-29T22:15:58.317+0000] {dagbag.py:588} INFO - Filling up the DagBag from /home/airflow/.local/lib/python3.12/site-packages/airflow/example_dags/example_sensors.py
[2026-06-29T22:15:58.342+0000] {processor.py:925} INFO - DAG(s) 'example_sensors' retrieved from /home/airflow/.local/lib/python3.12/site-packages/airflow/example_dags/example_sensors.py
[2026-06-29T22:15:58.393+0000] {logging_mixin.py:190} INFO - [2026-06-29T22:15:58.392+0000] {dag.py:3239} INFO - Sync 1 DAGs
[2026-06-29T22:15:58.414+0000] {logging_mixin.py:190} INFO - [2026-06-29T22:15:58.414+0000] {dag.py:4180} INFO - Setting next_dagrun for example_sensors to None, run_after=None
[2026-06-29T22:15:58.447+0000] {processor.py:208} INFO - Processing /home/airflow/.local/lib/python3.12/site-packages/airflow/example_dags/example_sensors.py took 0.148 seconds
[2026-06-29T22:16:29.363+0000] {processor.py:186} INFO - Started process (PID=1084) to work on /home/airflow/.local/lib/python3.12/site-packages/airflow/example_dags/example_sensors.py
[2026-06-29T22:16:29.365+0000] {processor.py:914} INFO - Processing file /home/airflow/.local/lib/python3.12/site-packages/airflow/example_dags/example_sensors.py for tasks to queue
[2026-06-29T22:16:29.372+0000] {logging_mixin.py:190} INFO - [2026-06-29T22:16:29.371+0000] {dagbag.py:588} INFO - Filling up the DagBag from /home/airflow/.local/lib/python3.12/site-packages/airflow/example_dags/example_sensors.py
[2026-06-29T22:16:29.389+0000] {processor.py:925} INFO - DAG(s) 'example_sensors' retrieved from /home/airflow/.local/lib/python3.12/site-packages/airflow/example_dags/example_sensors.py
[2026-06-29T22:16:29.424+0000] {logging_mixin.py:190} INFO - [2026-06-29T22:16:29.424+0000] {dag.py:3239} INFO - Sync 1 DAGs
[2026-06-29T22:16:29.444+0000] {logging_mixin.py:190} INFO - [2026-06-29T22:16:29.444+0000] {dag.py:4180} INFO - Setting next_dagrun for example_sensors to None, run_after=None
[2026-06-29T22:16:29.472+0000] {processor.py:208} INFO - Processing /home/airflow/.local/lib/python3.12/site-packages/airflow/example_dags/example_sensors.py took 0.117 seconds
[2026-06-29T22:17:00.870+0000] {processor.py:186} INFO - Started process (PID=1148) to work on /home/airflow/.local/lib/python3.12/site-packages/airflow/example_dags/example_sensors.py
[2026-06-29T22:17:00.873+0000] {processor.py:914} INFO - Processing file /home/airflow/.local/lib/python3.12/site-packages/airflow/example_dags/example_sensors.py for tasks to queue
[2026-06-29T22:17:00.878+0000] {logging_mixin.py:190} INFO - [2026-06-29T22:17:00.878+0000] {dagbag.py:588} INFO - Filling up the DagBag from /home/airflow/.local/lib/python3.12/site-packages/airflow/example_dags/example_sensors.py
[2026-06-29T22:17:00.899+0000] {processor.py:925} INFO - DAG(s) 'example_sensors' retrieved from /home/airflow/.local/lib/python3.12/site-packages/airflow/example_dags/example_sensors.py
[2026-06-29T22:17:00.947+0000] {logging_mixin.py:190} INFO - [2026-06-29T22:17:00.946+0000] {dag.py:3239} INFO - Sync 1 DAGs
[2026-06-29T22:17:00.973+0000] {logging_mixin.py:190} INFO - [2026-06-29T22:17:00.972+0000] {dag.py:4180} INFO - Setting next_dagrun for example_sensors to None, run_after=None
[2026-06-29T22:17:01.007+0000] {processor.py:208} INFO - Processing /home/airflow/.local/lib/python3.12/site-packages/airflow/example_dags/example_sensors.py took 0.148 seconds
[2026-06-29T22:17:33.595+0000] {processor.py:186} INFO - Started process (PID=1212) to work on /home/airflow/.local/lib/python3.12/site-packages/airflow/example_dags/example_sensors.py
[2026-06-29T22:17:33.599+0000] {processor.py:914} INFO - Processing file /home/airflow/.local/lib/python3.12/site-packages/airflow/example_dags/example_sensors.py for tasks to queue
[2026-06-29T22:17:33.614+0000] {logging_mixin.py:190} INFO - [2026-06-29T22:17:33.612+0000] {dagbag.py:588} INFO - Filling up the DagBag from /home/airflow/.local/lib/python3.12/site-packages/airflow/example_dags/example_sensors.py
[2026-06-29T22:17:33.660+0000] {processor.py:925} INFO - DAG(s) 'example_sensors' retrieved from /home/airflow/.local/lib/python3.12/site-packages/airflow/example_dags/example_sensors.py
[2026-06-29T22:17:33.756+0000] {logging_mixin.py:190} INFO - [2026-06-29T22:17:33.755+0000] {dag.py:3239} INFO - Sync 1 DAGs
[2026-06-29T22:17:33.811+0000] {logging_mixin.py:190} INFO - [2026-06-29T22:17:33.811+0000] {dag.py:4180} INFO - Setting next_dagrun for example_sensors to None, run_after=None
[2026-06-29T22:17:33.881+0000] {processor.py:208} INFO - Processing /home/airflow/.local/lib/python3.12/site-packages/airflow/example_dags/example_sensors.py took 0.309 seconds
[2026-06-29T22:18:04.114+0000] {processor.py:186} INFO - Started process (PID=1276) to work on /home/airflow/.local/lib/python3.12/site-packages/airflow/example_dags/example_sensors.py
[2026-06-29T22:18:04.116+0000] {processor.py:914} INFO - Processing file /home/airflow/.local/lib/python3.12/site-packages/airflow/example_dags/example_sensors.py for tasks to queue
[2026-06-29T22:18:04.120+0000] {logging_mixin.py:190} INFO - [2026-06-29T22:18:04.120+0000] {dagbag.py:588} INFO - Filling up the DagBag from /home/airflow/.local/lib/python3.12/site-packages/airflow/example_dags/example_sensors.py
[2026-06-29T22:18:04.134+0000] {processor.py:925} INFO - DAG(s) 'example_sensors' retrieved from /home/airflow/.local/lib/python3.12/site-packages/airflow/example_dags/example_sensors.py
[2026-06-29T22:18:04.171+0000] {logging_mixin.py:190} INFO - [2026-06-29T22:18:04.170+0000] {dag.py:3239} INFO - Sync 1 DAGs
[2026-06-29T22:18:04.186+0000] {logging_mixin.py:190} INFO - [2026-06-29T22:18:04.186+0000] {dag.py:4180} INFO - Setting next_dagrun for example_sensors to None, run_after=None
[2026-06-29T22:18:04.210+0000] {processor.py:208} INFO - Processing /home/airflow/.local/lib/python3.12/site-packages/airflow/example_dags/example_sensors.py took 0.105 seconds
[2026-06-29T22:18:36.264+0000] {processor.py:186} INFO - Started process (PID=1340) to work on /home/airflow/.local/lib/python3.12/site-packages/airflow/example_dags/example_sensors.py
[2026-06-29T22:18:36.268+0000] {processor.py:914} INFO - Processing file /home/airflow/.local/lib/python3.12/site-packages/airflow/example_dags/example_sensors.py for tasks to queue
[2026-06-29T22:18:36.279+0000] {logging_mixin.py:190} INFO - [2026-06-29T22:18:36.277+0000] {dagbag.py:588} INFO - Filling up the DagBag from /home/airflow/.local/lib/python3.12/site-packages/airflow/example_dags/example_sensors.py
[2026-06-29T22:18:36.300+0000] {processor.py:925} INFO - DAG(s) 'example_sensors' retrieved from /home/airflow/.local/lib/python3.12/site-packages/airflow/example_dags/example_sensors.py
[2026-06-29T22:18:36.354+0000] {logging_mixin.py:190} INFO - [2026-06-29T22:18:36.354+0000] {dag.py:3239} INFO - Sync 1 DAGs
[2026-06-29T22:18:36.381+0000] {logging_mixin.py:190} INFO - [2026-06-29T22:18:36.381+0000] {dag.py:4180} INFO - Setting next_dagrun for example_sensors to None, run_after=None
[2026-06-29T22:18:36.423+0000] {processor.py:208} INFO - Processing /home/airflow/.local/lib/python3.12/site-packages/airflow/example_dags/example_sensors.py took 0.167 seconds
[2026-06-29T22:19:07.271+0000] {processor.py:186} INFO - Started process (PID=1404) to work on /home/airflow/.local/lib/python3.12/site-packages/airflow/example_dags/example_sensors.py
[2026-06-29T22:19:07.273+0000] {processor.py:914} INFO - Processing file /home/airflow/.local/lib/python3.12/site-packages/airflow/example_dags/example_sensors.py for tasks to queue
[2026-06-29T22:19:07.277+0000] {logging_mixin.py:190} INFO - [2026-06-29T22:19:07.276+0000] {dagbag.py:588} INFO - Filling up the DagBag from /home/airflow/.local/lib/python3.12/site-packages/airflow/example_dags/example_sensors.py
[2026-06-29T22:19:07.294+0000] {processor.py:925} INFO - DAG(s) 'example_sensors' retrieved from /home/airflow/.local/lib/python3.12/site-packages/airflow/example_dags/example_sensors.py
[2026-06-29T22:19:07.333+0000] {logging_mixin.py:190} INFO - [2026-06-29T22:19:07.333+0000] {dag.py:3239} INFO - Sync 1 DAGs
[2026-06-29T22:19:07.358+0000] {logging_mixin.py:190} INFO - [2026-06-29T22:19:07.357+0000] {dag.py:4180} INFO - Setting next_dagrun for example_sensors to None, run_after=None
[2026-06-29T22:19:07.391+0000] {processor.py:208} INFO - Processing /home/airflow/.local/lib/python3.12/site-packages/airflow/example_dags/example_sensors.py took 0.132 seconds
[2026-06-29T22:19:39.986+0000] {processor.py:186} INFO - Started process (PID=1476) to work on /home/airflow/.local/lib/python3.12/site-packages/airflow/example_dags/example_sensors.py
[2026-06-29T22:19:39.990+0000] {processor.py:914} INFO - Processing file /home/airflow/.local/lib/python3.12/site-packages/airflow/example_dags/example_sensors.py for tasks to queue
[2026-06-29T22:19:39.997+0000] {logging_mixin.py:190} INFO - [2026-06-29T22:19:39.995+0000] {dagbag.py:588} INFO - Filling up the DagBag from /home/airflow/.local/lib/python3.12/site-packages/airflow/example_dags/example_sensors.py
[2026-06-29T22:19:40.026+0000] {processor.py:925} INFO - DAG(s) 'example_sensors' retrieved from /home/airflow/.local/lib/python3.12/site-packages/airflow/example_dags/example_sensors.py
[2026-06-29T22:19:40.102+0000] {logging_mixin.py:190} INFO - [2026-06-29T22:19:40.101+0000] {dag.py:3239} INFO - Sync 1 DAGs
[2026-06-29T22:19:40.148+0000] {logging_mixin.py:190} INFO - [2026-06-29T22:19:40.147+0000] {dag.py:4180} INFO - Setting next_dagrun for example_sensors to None, run_after=None
[2026-06-29T22:19:40.208+0000] {processor.py:208} INFO - Processing /home/airflow/.local/lib/python3.12/site-packages/airflow/example_dags/example_sensors.py took 0.238 seconds
[2026-06-29T22:20:13.247+0000] {processor.py:186} INFO - Started process (PID=1541) to work on /home/airflow/.local/lib/python3.12/site-packages/airflow/example_dags/example_sensors.py
[2026-06-29T22:20:13.250+0000] {processor.py:914} INFO - Processing file /home/airflow/.local/lib/python3.12/site-packages/airflow/example_dags/example_sensors.py for tasks to queue
[2026-06-29T22:20:13.255+0000] {logging_mixin.py:190} INFO - [2026-06-29T22:20:13.254+0000] {dagbag.py:588} INFO - Filling up the DagBag from /home/airflow/.local/lib/python3.12/site-packages/airflow/example_dags/example_sensors.py
[2026-06-29T22:20:13.280+0000] {processor.py:925} INFO - DAG(s) 'example_sensors' retrieved from /home/airflow/.local/lib/python3.12/site-packages/airflow/example_dags/example_sensors.py
[2026-06-29T22:20:13.339+0000] {logging_mixin.py:190} INFO - [2026-06-29T22:20:13.339+0000] {dag.py:3239} INFO - Sync 1 DAGs
[2026-06-29T22:20:13.363+0000] {logging_mixin.py:190} INFO - [2026-06-29T22:20:13.363+0000] {dag.py:4180} INFO - Setting next_dagrun for example_sensors to None, run_after=None
[2026-06-29T22:20:13.406+0000] {processor.py:208} INFO - Processing /home/airflow/.local/lib/python3.12/site-packages/airflow/example_dags/example_sensors.py took 0.169 seconds
[2026-06-29T22:20:45.762+0000] {processor.py:186} INFO - Started process (PID=1605) to work on /home/airflow/.local/lib/python3.12/site-packages/airflow/example_dags/example_sensors.py
[2026-06-29T22:20:45.770+0000] {processor.py:914} INFO - Processing file /home/airflow/.local/lib/python3.12/site-packages/airflow/example_dags/example_sensors.py for tasks to queue
[2026-06-29T22:20:45.775+0000] {logging_mixin.py:190} INFO - [2026-06-29T22:20:45.775+0000] {dagbag.py:588} INFO - Filling up the DagBag from /home/airflow/.local/lib/python3.12/site-packages/airflow/example_dags/example_sensors.py
[2026-06-29T22:20:45.798+0000] {processor.py:925} INFO - DAG(s) 'example_sensors' retrieved from /home/airflow/.local/lib/python3.12/site-packages/airflow/example_dags/example_sensors.py
[2026-06-29T22:20:45.870+0000] {logging_mixin.py:190} INFO - [2026-06-29T22:20:45.869+0000] {dag.py:3239} INFO - Sync 1 DAGs
[2026-06-29T22:20:45.909+0000] {logging_mixin.py:190} INFO - [2026-06-29T22:20:45.909+0000] {dag.py:4180} INFO - Setting next_dagrun for example_sensors to None, run_after=None
[2026-06-29T22:20:45.964+0000] {processor.py:208} INFO - Processing /home/airflow/.local/lib/python3.12/site-packages/airflow/example_dags/example_sensors.py took 0.211 seconds
[2026-06-29T22:21:16.594+0000] {processor.py:186} INFO - Started process (PID=1669) to work on /home/airflow/.local/lib/python3.12/site-packages/airflow/example_dags/example_sensors.py
[2026-06-29T22:21:16.597+0000] {processor.py:914} INFO - Processing file /home/airflow/.local/lib/python3.12/site-packages/airflow/example_dags/example_sensors.py for tasks to queue
[2026-06-29T22:21:16.607+0000] {logging_mixin.py:190} INFO - [2026-06-29T22:21:16.606+0000] {dagbag.py:588} INFO - Filling up the DagBag from /home/airflow/.local/lib/python3.12/site-packages/airflow/example_dags/example_sensors.py
[2026-06-29T22:21:16.650+0000] {processor.py:925} INFO - DAG(s) 'example_sensors' retrieved from /home/airflow/.local/lib/python3.12/site-packages/airflow/example_dags/example_sensors.py
[2026-06-29T22:21:16.789+0000] {logging_mixin.py:190} INFO - [2026-06-29T22:21:16.788+0000] {dag.py:3239} INFO - Sync 1 DAGs
[2026-06-29T22:21:16.870+0000] {logging_mixin.py:190} INFO - [2026-06-29T22:21:16.869+0000] {dag.py:4180} INFO - Setting next_dagrun for example_sensors to None, run_after=None
[2026-06-29T22:21:16.952+0000] {processor.py:208} INFO - Processing /home/airflow/.local/lib/python3.12/site-packages/airflow/example_dags/example_sensors.py took 0.375 seconds
[2026-06-29T22:21:47.879+0000] {processor.py:186} INFO - Started process (PID=1734) to work on /home/airflow/.local/lib/python3.12/site-packages/airflow/example_dags/example_sensors.py
[2026-06-29T22:21:47.881+0000] {processor.py:914} INFO - Processing file /home/airflow/.local/lib/python3.12/site-packages/airflow/example_dags/example_sensors.py for tasks to queue
[2026-06-29T22:21:47.884+0000] {logging_mixin.py:190} INFO - [2026-06-29T22:21:47.883+0000] {dagbag.py:588} INFO - Filling up the DagBag from /home/airflow/.local/lib/python3.12/site-packages/airflow/example_dags/example_sensors.py
[2026-06-29T22:21:47.896+0000] {processor.py:925} INFO - DAG(s) 'example_sensors' retrieved from /home/airflow/.local/lib/python3.12/site-packages/airflow/example_dags/example_sensors.py
[2026-06-29T22:21:47.924+0000] {logging_mixin.py:190} INFO - [2026-06-29T22:21:47.924+0000] {dag.py:3239} INFO - Sync 1 DAGs
[2026-06-29T22:21:47.938+0000] {logging_mixin.py:190} INFO - [2026-06-29T22:21:47.938+0000] {dag.py:4180} INFO - Setting next_dagrun for example_sensors to None, run_after=None
[2026-06-29T22:21:47.960+0000] {processor.py:208} INFO - Processing /home/airflow/.local/lib/python3.12/site-packages/airflow/example_dags/example_sensors.py took 0.089 seconds
[2026-06-29T22:22:18.682+0000] {processor.py:186} INFO - Started process (PID=1798) to work on /home/airflow/.local/lib/python3.12/site-packages/airflow/example_dags/example_sensors.py
[2026-06-29T22:22:18.683+0000] {processor.py:914} INFO - Processing file /home/airflow/.local/lib/python3.12/site-packages/airflow/example_dags/example_sensors.py for tasks to queue
[2026-06-29T22:22:18.688+0000] {logging_mixin.py:190} INFO - [2026-06-29T22:22:18.688+0000] {dagbag.py:588} INFO - Filling up the DagBag from /home/airflow/.local/lib/python3.12/site-packages/airflow/example_dags/example_sensors.py
[2026-06-29T22:22:18.701+0000] {processor.py:925} INFO - DAG(s) 'example_sensors' retrieved from /home/airflow/.local/lib/python3.12/site-packages/airflow/example_dags/example_sensors.py
[2026-06-29T22:22:18.734+0000] {logging_mixin.py:190} INFO - [2026-06-29T22:22:18.734+0000] {dag.py:3239} INFO - Sync 1 DAGs
[2026-06-29T22:22:18.751+0000] {logging_mixin.py:190} INFO - [2026-06-29T22:22:18.751+0000] {dag.py:4180} INFO - Setting next_dagrun for example_sensors to None, run_after=None
[2026-06-29T22:22:18.780+0000] {processor.py:208} INFO - Processing /home/airflow/.local/lib/python3.12/site-packages/airflow/example_dags/example_sensors.py took 0.106 seconds
[2026-06-29T22:22:49.099+0000] {processor.py:186} INFO - Started process (PID=1863) to work on /home/airflow/.local/lib/python3.12/site-packages/airflow/example_dags/example_sensors.py
[2026-06-29T22:22:49.101+0000] {processor.py:914} INFO - Processing file /home/airflow/.local/lib/python3.12/site-packages/airflow/example_dags/example_sensors.py for tasks to queue
[2026-06-29T22:22:49.106+0000] {logging_mixin.py:190} INFO - [2026-06-29T22:22:49.105+0000] {dagbag.py:588} INFO - Filling up the DagBag from /home/airflow/.local/lib/python3.12/site-packages/airflow/example_dags/example_sensors.py
[2026-06-29T22:22:49.121+0000] {processor.py:925} INFO - DAG(s) 'example_sensors' retrieved from /home/airflow/.local/lib/python3.12/site-packages/airflow/example_dags/example_sensors.py
[2026-06-29T22:22:49.155+0000] {logging_mixin.py:190} INFO - [2026-06-29T22:22:49.154+0000] {dag.py:3239} INFO - Sync 1 DAGs
[2026-06-29T22:22:49.173+0000] {logging_mixin.py:190} INFO - [2026-06-29T22:22:49.173+0000] {dag.py:4180} INFO - Setting next_dagrun for example_sensors to None, run_after=None
[2026-06-29T22:22:49.200+0000] {processor.py:208} INFO - Processing /home/airflow/.local/lib/python3.12/site-packages/airflow/example_dags/example_sensors.py took 0.113 seconds
[2026-06-29T22:23:19.552+0000] {processor.py:186} INFO - Started process (PID=1926) to work on /home/airflow/.local/lib/python3.12/site-packages/airflow/example_dags/example_sensors.py
[2026-06-29T22:23:19.554+0000] {processor.py:914} INFO - Processing file /home/airflow/.local/lib/python3.12/site-packages/airflow/example_dags/example_sensors.py for tasks to queue
[2026-06-29T22:23:19.557+0000] {logging_mixin.py:190} INFO - [2026-06-29T22:23:19.557+0000] {dagbag.py:588} INFO - Filling up the DagBag from /home/airflow/.local/lib/python3.12/site-packages/airflow/example_dags/example_sensors.py
[2026-06-29T22:23:19.570+0000] {processor.py:925} INFO - DAG(s) 'example_sensors' retrieved from /home/airflow/.local/lib/python3.12/site-packages/airflow/example_dags/example_sensors.py
[2026-06-29T22:23:19.597+0000] {logging_mixin.py:190} INFO - [2026-06-29T22:23:19.596+0000] {dag.py:3239} INFO - Sync 1 DAGs
[2026-06-29T22:23:19.613+0000] {logging_mixin.py:190} INFO - [2026-06-29T22:23:19.613+0000] {dag.py:4180} INFO - Setting next_dagrun for example_sensors to None, run_after=None
[2026-06-29T22:23:19.633+0000] {processor.py:208} INFO - Processing /home/airflow/.local/lib/python3.12/site-packages/airflow/example_dags/example_sensors.py took 0.091 seconds
[2026-06-29T22:23:49.774+0000] {processor.py:186} INFO - Started process (PID=1989) to work on /home/airflow/.local/lib/python3.12/site-packages/airflow/example_dags/example_sensors.py
[2026-06-29T22:23:49.775+0000] {processor.py:914} INFO - Processing file /home/airflow/.local/lib/python3.12/site-packages/airflow/example_dags/example_sensors.py for tasks to queue
[2026-06-29T22:23:49.779+0000] {logging_mixin.py:190} INFO - [2026-06-29T22:23:49.778+0000] {dagbag.py:588} INFO - Filling up the DagBag from /home/airflow/.local/lib/python3.12/site-packages/airflow/example_dags/example_sensors.py
[2026-06-29T22:23:49.793+0000] {processor.py:925} INFO - DAG(s) 'example_sensors' retrieved from /home/airflow/.local/lib/python3.12/site-packages/airflow/example_dags/example_sensors.py
[2026-06-29T22:23:49.821+0000] {logging_mixin.py:190} INFO - [2026-06-29T22:23:49.821+0000] {dag.py:3239} INFO - Sync 1 DAGs
[2026-06-29T22:23:49.837+0000] {logging_mixin.py:190} INFO - [2026-06-29T22:23:49.837+0000] {dag.py:4180} INFO - Setting next_dagrun for example_sensors to None, run_after=None
[2026-06-29T22:23:49.860+0000] {processor.py:208} INFO - Processing /home/airflow/.local/lib/python3.12/site-packages/airflow/example_dags/example_sensors.py took 0.093 seconds
[2026-06-29T22:24:20.088+0000] {processor.py:186} INFO - Started process (PID=2052) to work on /home/airflow/.local/lib/python3.12/site-packages/airflow/example_dags/example_sensors.py
[2026-06-29T22:24:20.090+0000] {processor.py:914} INFO - Processing file /home/airflow/.local/lib/python3.12/site-packages/airflow/example_dags/example_sensors.py for tasks to queue
[2026-06-29T22:24:20.095+0000] {logging_mixin.py:190} INFO - [2026-06-29T22:24:20.094+0000] {dagbag.py:588} INFO - Filling up the DagBag from /home/airflow/.local/lib/python3.12/site-packages/airflow/example_dags/example_sensors.py
[2026-06-29T22:24:20.115+0000] {processor.py:925} INFO - DAG(s) 'example_sensors' retrieved from /home/airflow/.local/lib/python3.12/site-packages/airflow/example_dags/example_sensors.py
[2026-06-29T22:24:20.148+0000] {logging_mixin.py:190} INFO - [2026-06-29T22:24:20.147+0000] {dag.py:3239} INFO - Sync 1 DAGs
[2026-06-29T22:24:20.165+0000] {logging_mixin.py:190} INFO - [2026-06-29T22:24:20.164+0000] {dag.py:4180} INFO - Setting next_dagrun for example_sensors to None, run_after=None
[2026-06-29T22:24:20.191+0000] {processor.py:208} INFO - Processing /home/airflow/.local/lib/python3.12/site-packages/airflow/example_dags/example_sensors.py took 0.114 seconds
[2026-06-29T22:24:51.044+0000] {processor.py:186} INFO - Started process (PID=2116) to work on /home/airflow/.local/lib/python3.12/site-packages/airflow/example_dags/example_sensors.py
[2026-06-29T22:24:51.046+0000] {processor.py:914} INFO - Processing file /home/airflow/.local/lib/python3.12/site-packages/airflow/example_dags/example_sensors.py for tasks to queue
[2026-06-29T22:24:51.054+0000] {logging_mixin.py:190} INFO - [2026-06-29T22:24:51.053+0000] {dagbag.py:588} INFO - Filling up the DagBag from /home/airflow/.local/lib/python3.12/site-packages/airflow/example_dags/example_sensors.py
[2026-06-29T22:24:51.077+0000] {processor.py:925} INFO - DAG(s) 'example_sensors' retrieved from /home/airflow/.local/lib/python3.12/site-packages/airflow/example_dags/example_sensors.py
[2026-06-29T22:24:51.129+0000] {logging_mixin.py:190} INFO - [2026-06-29T22:24:51.128+0000] {dag.py:3239} INFO - Sync 1 DAGs
[2026-06-29T22:24:51.154+0000] {logging_mixin.py:190} INFO - [2026-06-29T22:24:51.154+0000] {dag.py:4180} INFO - Setting next_dagrun for example_sensors to None, run_after=None
[2026-06-29T22:24:51.190+0000] {processor.py:208} INFO - Processing /home/airflow/.local/lib/python3.12/site-packages/airflow/example_dags/example_sensors.py took 0.163 seconds
[2026-06-29T22:25:21.638+0000] {processor.py:186} INFO - Started process (PID=2180) to work on /home/airflow/.local/lib/python3.12/site-packages/airflow/example_dags/example_sensors.py
[2026-06-29T22:25:21.640+0000] {processor.py:914} INFO - Processing file /home/airflow/.local/lib/python3.12/site-packages/airflow/example_dags/example_sensors.py for tasks to queue
[2026-06-29T22:25:21.644+0000] {logging_mixin.py:190} INFO - [2026-06-29T22:25:21.643+0000] {dagbag.py:588} INFO - Filling up the DagBag from /home/airflow/.local/lib/python3.12/site-packages/airflow/example_dags/example_sensors.py
[2026-06-29T22:25:21.660+0000] {processor.py:925} INFO - DAG(s) 'example_sensors' retrieved from /home/airflow/.local/lib/python3.12/site-packages/airflow/example_dags/example_sensors.py
[2026-06-29T22:25:21.688+0000] {logging_mixin.py:190} INFO - [2026-06-29T22:25:21.688+0000] {dag.py:3239} INFO - Sync 1 DAGs
[2026-06-29T22:25:21.703+0000] {logging_mixin.py:190} INFO - [2026-06-29T22:25:21.703+0000] {dag.py:4180} INFO - Setting next_dagrun for example_sensors to None, run_after=None
[2026-06-29T22:25:21.728+0000] {processor.py:208} INFO - Processing /home/airflow/.local/lib/python3.12/site-packages/airflow/example_dags/example_sensors.py took 0.097 seconds
[2026-06-29T22:25:52.113+0000] {processor.py:186} INFO - Started process (PID=2244) to work on /home/airflow/.local/lib/python3.12/site-packages/airflow/example_dags/example_sensors.py
[2026-06-29T22:25:52.114+0000] {processor.py:914} INFO - Processing file /home/airflow/.local/lib/python3.12/site-packages/airflow/example_dags/example_sensors.py for tasks to queue
[2026-06-29T22:25:52.117+0000] {logging_mixin.py:190} INFO - [2026-06-29T22:25:52.117+0000] {dagbag.py:588} INFO - Filling up the DagBag from /home/airflow/.local/lib/python3.12/site-packages/airflow/example_dags/example_sensors.py
[2026-06-29T22:25:52.129+0000] {processor.py:925} INFO - DAG(s) 'example_sensors' retrieved from /home/airflow/.local/lib/python3.12/site-packages/airflow/example_dags/example_sensors.py
[2026-06-29T22:25:52.164+0000] {logging_mixin.py:190} INFO - [2026-06-29T22:25:52.164+0000] {dag.py:3239} INFO - Sync 1 DAGs
[2026-06-29T22:25:52.188+0000] {logging_mixin.py:190} INFO - [2026-06-29T22:25:52.188+0000] {dag.py:4180} INFO - Setting next_dagrun for example_sensors to None, run_after=None
[2026-06-29T22:25:52.215+0000] {processor.py:208} INFO - Processing /home/airflow/.local/lib/python3.12/site-packages/airflow/example_dags/example_sensors.py took 0.108 seconds
[2026-06-29T22:26:22.633+0000] {processor.py:186} INFO - Started process (PID=2308) to work on /home/airflow/.local/lib/python3.12/site-packages/airflow/example_dags/example_sensors.py
[2026-06-29T22:26:22.635+0000] {processor.py:914} INFO - Processing file /home/airflow/.local/lib/python3.12/site-packages/airflow/example_dags/example_sensors.py for tasks to queue
[2026-06-29T22:26:22.637+0000] {logging_mixin.py:190} INFO - [2026-06-29T22:26:22.637+0000] {dagbag.py:588} INFO - Filling up the DagBag from /home/airflow/.local/lib/python3.12/site-packages/airflow/example_dags/example_sensors.py
[2026-06-29T22:26:22.649+0000] {processor.py:925} INFO - DAG(s) 'example_sensors' retrieved from /home/airflow/.local/lib/python3.12/site-packages/airflow/example_dags/example_sensors.py
[2026-06-29T22:26:22.692+0000] {logging_mixin.py:190} INFO - [2026-06-29T22:26:22.692+0000] {dag.py:3239} INFO - Sync 1 DAGs
[2026-06-29T22:26:22.709+0000] {logging_mixin.py:190} INFO - [2026-06-29T22:26:22.709+0000] {dag.py:4180} INFO - Setting next_dagrun for example_sensors to None, run_after=None
[2026-06-29T22:26:22.737+0000] {processor.py:208} INFO - Processing /home/airflow/.local/lib/python3.12/site-packages/airflow/example_dags/example_sensors.py took 0.111 seconds
[2026-06-29T22:26:53.379+0000] {processor.py:186} INFO - Started process (PID=2372) to work on /home/airflow/.local/lib/python3.12/site-packages/airflow/example_dags/example_sensors.py
[2026-06-29T22:26:53.381+0000] {processor.py:914} INFO - Processing file /home/airflow/.local/lib/python3.12/site-packages/airflow/example_dags/example_sensors.py for tasks to queue
[2026-06-29T22:26:53.385+0000] {logging_mixin.py:190} INFO - [2026-06-29T22:26:53.384+0000] {dagbag.py:588} INFO - Filling up the DagBag from /home/airflow/.local/lib/python3.12/site-packages/airflow/example_dags/example_sensors.py
[2026-06-29T22:26:53.404+0000] {processor.py:925} INFO - DAG(s) 'example_sensors' retrieved from /home/airflow/.local/lib/python3.12/site-packages/airflow/example_dags/example_sensors.py
[2026-06-29T22:26:53.440+0000] {logging_mixin.py:190} INFO - [2026-06-29T22:26:53.440+0000] {dag.py:3239} INFO - Sync 1 DAGs
[2026-06-29T22:26:53.459+0000] {logging_mixin.py:190} INFO - [2026-06-29T22:26:53.459+0000] {dag.py:4180} INFO - Setting next_dagrun for example_sensors to None, run_after=None
[2026-06-29T22:26:53.486+0000] {processor.py:208} INFO - Processing /home/airflow/.local/lib/python3.12/site-packages/airflow/example_dags/example_sensors.py took 0.116 seconds
[2026-06-29T22:27:23.907+0000] {processor.py:186} INFO - Started process (PID=2436) to work on /home/airflow/.local/lib/python3.12/site-packages/airflow/example_dags/example_sensors.py
[2026-06-29T22:27:23.910+0000] {processor.py:914} INFO - Processing file /home/airflow/.local/lib/python3.12/site-packages/airflow/example_dags/example_sensors.py for tasks to queue
[2026-06-29T22:27:23.917+0000] {logging_mixin.py:190} INFO - [2026-06-29T22:27:23.916+0000] {dagbag.py:588} INFO - Filling up the DagBag from /home/airflow/.local/lib/python3.12/site-packages/airflow/example_dags/example_sensors.py
[2026-06-29T22:27:23.936+0000] {processor.py:925} INFO - DAG(s) 'example_sensors' retrieved from /home/airflow/.local/lib/python3.12/site-packages/airflow/example_dags/example_sensors.py
[2026-06-29T22:27:23.979+0000] {logging_mixin.py:190} INFO - [2026-06-29T22:27:23.979+0000] {dag.py:3239} INFO - Sync 1 DAGs
[2026-06-29T22:27:24.002+0000] {logging_mixin.py:190} INFO - [2026-06-29T22:27:24.002+0000] {dag.py:4180} INFO - Setting next_dagrun for example_sensors to None, run_after=None
[2026-06-29T22:27:24.038+0000] {processor.py:208} INFO - Processing /home/airflow/.local/lib/python3.12/site-packages/airflow/example_dags/example_sensors.py took 0.141 seconds
[2026-06-29T22:27:54.960+0000] {processor.py:186} INFO - Started process (PID=2499) to work on /home/airflow/.local/lib/python3.12/site-packages/airflow/example_dags/example_sensors.py
[2026-06-29T22:27:54.961+0000] {processor.py:914} INFO - Processing file /home/airflow/.local/lib/python3.12/site-packages/airflow/example_dags/example_sensors.py for tasks to queue
[2026-06-29T22:27:54.964+0000] {logging_mixin.py:190} INFO - [2026-06-29T22:27:54.964+0000] {dagbag.py:588} INFO - Filling up the DagBag from /home/airflow/.local/lib/python3.12/site-packages/airflow/example_dags/example_sensors.py
[2026-06-29T22:27:54.977+0000] {processor.py:925} INFO - DAG(s) 'example_sensors' retrieved from /home/airflow/.local/lib/python3.12/site-packages/airflow/example_dags/example_sensors.py
[2026-06-29T22:27:55.004+0000] {logging_mixin.py:190} INFO - [2026-06-29T22:27:55.004+0000] {dag.py:3239} INFO - Sync 1 DAGs
[2026-06-29T22:27:55.022+0000] {logging_mixin.py:190} INFO - [2026-06-29T22:27:55.021+0000] {dag.py:4180} INFO - Setting next_dagrun for example_sensors to None, run_after=None
[2026-06-29T22:27:55.048+0000] {processor.py:208} INFO - Processing /home/airflow/.local/lib/python3.12/site-packages/airflow/example_dags/example_sensors.py took 0.095 seconds
[2026-06-29T22:28:25.159+0000] {processor.py:186} INFO - Started process (PID=2562) to work on /home/airflow/.local/lib/python3.12/site-packages/airflow/example_dags/example_sensors.py
[2026-06-29T22:28:25.161+0000] {processor.py:914} INFO - Processing file /home/airflow/.local/lib/python3.12/site-packages/airflow/example_dags/example_sensors.py for tasks to queue
[2026-06-29T22:28:25.164+0000] {logging_mixin.py:190} INFO - [2026-06-29T22:28:25.164+0000] {dagbag.py:588} INFO - Filling up the DagBag from /home/airflow/.local/lib/python3.12/site-packages/airflow/example_dags/example_sensors.py
[2026-06-29T22:28:25.177+0000] {processor.py:925} INFO - DAG(s) 'example_sensors' retrieved from /home/airflow/.local/lib/python3.12/site-packages/airflow/example_dags/example_sensors.py
[2026-06-29T22:28:25.206+0000] {logging_mixin.py:190} INFO - [2026-06-29T22:28:25.206+0000] {dag.py:3239} INFO - Sync 1 DAGs
[2026-06-29T22:28:25.222+0000] {logging_mixin.py:190} INFO - [2026-06-29T22:28:25.221+0000] {dag.py:4180} INFO - Setting next_dagrun for example_sensors to None, run_after=None
[2026-06-29T22:28:25.246+0000] {processor.py:208} INFO - Processing /home/airflow/.local/lib/python3.12/site-packages/airflow/example_dags/example_sensors.py took 0.094 seconds
[2026-06-29T22:28:55.687+0000] {processor.py:186} INFO - Started process (PID=2626) to work on /home/airflow/.local/lib/python3.12/site-packages/airflow/example_dags/example_sensors.py
[2026-06-29T22:28:55.691+0000] {processor.py:914} INFO - Processing file /home/airflow/.local/lib/python3.12/site-packages/airflow/example_dags/example_sensors.py for tasks to queue
[2026-06-29T22:28:55.698+0000] {logging_mixin.py:190} INFO - [2026-06-29T22:28:55.697+0000] {dagbag.py:588} INFO - Filling up the DagBag from /home/airflow/.local/lib/python3.12/site-packages/airflow/example_dags/example_sensors.py
[2026-06-29T22:28:55.715+0000] {processor.py:925} INFO - DAG(s) 'example_sensors' retrieved from /home/airflow/.local/lib/python3.12/site-packages/airflow/example_dags/example_sensors.py
[2026-06-29T22:28:55.771+0000] {logging_mixin.py:190} INFO - [2026-06-29T22:28:55.770+0000] {dag.py:3239} INFO - Sync 1 DAGs
[2026-06-29T22:28:55.790+0000] {logging_mixin.py:190} INFO - [2026-06-29T22:28:55.790+0000] {dag.py:4180} INFO - Setting next_dagrun for example_sensors to None, run_after=None
[2026-06-29T22:28:55.825+0000] {processor.py:208} INFO - Processing /home/airflow/.local/lib/python3.12/site-packages/airflow/example_dags/example_sensors.py took 0.151 seconds
[2026-06-29T22:29:26.283+0000] {processor.py:186} INFO - Started process (PID=2690) to work on /home/airflow/.local/lib/python3.12/site-packages/airflow/example_dags/example_sensors.py
[2026-06-29T22:29:26.285+0000] {processor.py:914} INFO - Processing file /home/airflow/.local/lib/python3.12/site-packages/airflow/example_dags/example_sensors.py for tasks to queue
[2026-06-29T22:29:26.289+0000] {logging_mixin.py:190} INFO - [2026-06-29T22:29:26.288+0000] {dagbag.py:588} INFO - Filling up the DagBag from /home/airflow/.local/lib/python3.12/site-packages/airflow/example_dags/example_sensors.py
[2026-06-29T22:29:26.303+0000] {processor.py:925} INFO - DAG(s) 'example_sensors' retrieved from /home/airflow/.local/lib/python3.12/site-packages/airflow/example_dags/example_sensors.py
[2026-06-29T22:29:26.332+0000] {logging_mixin.py:190} INFO - [2026-06-29T22:29:26.332+0000] {dag.py:3239} INFO - Sync 1 DAGs
[2026-06-29T22:29:26.349+0000] {logging_mixin.py:190} INFO - [2026-06-29T22:29:26.348+0000] {dag.py:4180} INFO - Setting next_dagrun for example_sensors to None, run_after=None
[2026-06-29T22:29:26.372+0000] {processor.py:208} INFO - Processing /home/airflow/.local/lib/python3.12/site-packages/airflow/example_dags/example_sensors.py took 0.095 seconds
[2026-06-29T22:29:56.953+0000] {processor.py:186} INFO - Started process (PID=2754) to work on /home/airflow/.local/lib/python3.12/site-packages/airflow/example_dags/example_sensors.py
[2026-06-29T22:29:56.955+0000] {processor.py:914} INFO - Processing file /home/airflow/.local/lib/python3.12/site-packages/airflow/example_dags/example_sensors.py for tasks to queue
[2026-06-29T22:29:56.963+0000] {logging_mixin.py:190} INFO - [2026-06-29T22:29:56.962+0000] {dagbag.py:588} INFO - Filling up the DagBag from /home/airflow/.local/lib/python3.12/site-packages/airflow/example_dags/example_sensors.py
[2026-06-29T22:29:56.993+0000] {processor.py:925} INFO - DAG(s) 'example_sensors' retrieved from /home/airflow/.local/lib/python3.12/site-packages/airflow/example_dags/example_sensors.py
[2026-06-29T22:29:57.081+0000] {logging_mixin.py:190} INFO - [2026-06-29T22:29:57.080+0000] {dag.py:3239} INFO - Sync 1 DAGs
[2026-06-29T22:29:57.128+0000] {logging_mixin.py:190} INFO - [2026-06-29T22:29:57.127+0000] {dag.py:4180} INFO - Setting next_dagrun for example_sensors to None, run_after=None
[2026-06-29T22:29:57.189+0000] {processor.py:208} INFO - Processing /home/airflow/.local/lib/python3.12/site-packages/airflow/example_dags/example_sensors.py took 0.247 seconds
[2026-06-29T22:30:27.433+0000] {processor.py:186} INFO - Started process (PID=2818) to work on /home/airflow/.local/lib/python3.12/site-packages/airflow/example_dags/example_sensors.py
[2026-06-29T22:30:27.435+0000] {processor.py:914} INFO - Processing file /home/airflow/.local/lib/python3.12/site-packages/airflow/example_dags/example_sensors.py for tasks to queue
[2026-06-29T22:30:27.438+0000] {logging_mixin.py:190} INFO - [2026-06-29T22:30:27.438+0000] {dagbag.py:588} INFO - Filling up the DagBag from /home/airflow/.local/lib/python3.12/site-packages/airflow/example_dags/example_sensors.py
[2026-06-29T22:30:27.453+0000] {processor.py:925} INFO - DAG(s) 'example_sensors' retrieved from /home/airflow/.local/lib/python3.12/site-packages/airflow/example_dags/example_sensors.py
[2026-06-29T22:30:27.481+0000] {logging_mixin.py:190} INFO - [2026-06-29T22:30:27.481+0000] {dag.py:3239} INFO - Sync 1 DAGs
[2026-06-29T22:30:27.498+0000] {logging_mixin.py:190} INFO - [2026-06-29T22:30:27.498+0000] {dag.py:4180} INFO - Setting next_dagrun for example_sensors to None, run_after=None
[2026-06-29T22:30:27.534+0000] {processor.py:208} INFO - Processing /home/airflow/.local/lib/python3.12/site-packages/airflow/example_dags/example_sensors.py took 0.109 seconds
[2026-06-29T22:30:58.008+0000] {processor.py:186} INFO - Started process (PID=2882) to work on /home/airflow/.local/lib/python3.12/site-packages/airflow/example_dags/example_sensors.py
[2026-06-29T22:30:58.012+0000] {processor.py:914} INFO - Processing file /home/airflow/.local/lib/python3.12/site-packages/airflow/example_dags/example_sensors.py for tasks to queue
[2026-06-29T22:30:58.020+0000] {logging_mixin.py:190} INFO - [2026-06-29T22:30:58.020+0000] {dagbag.py:588} INFO - Filling up the DagBag from /home/airflow/.local/lib/python3.12/site-packages/airflow/example_dags/example_sensors.py
[2026-06-29T22:30:58.039+0000] {processor.py:925} INFO - DAG(s) 'example_sensors' retrieved from /home/airflow/.local/lib/python3.12/site-packages/airflow/example_dags/example_sensors.py
[2026-06-29T22:30:58.107+0000] {logging_mixin.py:190} INFO - [2026-06-29T22:30:58.107+0000] {dag.py:3239} INFO - Sync 1 DAGs
[2026-06-29T22:30:58.132+0000] {logging_mixin.py:190} INFO - [2026-06-29T22:30:58.132+0000] {dag.py:4180} INFO - Setting next_dagrun for example_sensors to None, run_after=None
[2026-06-29T22:30:58.177+0000] {processor.py:208} INFO - Processing /home/airflow/.local/lib/python3.12/site-packages/airflow/example_dags/example_sensors.py took 0.179 seconds
[2026-06-29T22:31:29.328+0000] {processor.py:186} INFO - Started process (PID=2953) to work on /home/airflow/.local/lib/python3.12/site-packages/airflow/example_dags/example_sensors.py
[2026-06-29T22:31:29.331+0000] {processor.py:914} INFO - Processing file /home/airflow/.local/lib/python3.12/site-packages/airflow/example_dags/example_sensors.py for tasks to queue
[2026-06-29T22:31:29.335+0000] {logging_mixin.py:190} INFO - [2026-06-29T22:31:29.335+0000] {dagbag.py:588} INFO - Filling up the DagBag from /home/airflow/.local/lib/python3.12/site-packages/airflow/example_dags/example_sensors.py
[2026-06-29T22:31:29.364+0000] {processor.py:925} INFO - DAG(s) 'example_sensors' retrieved from /home/airflow/.local/lib/python3.12/site-packages/airflow/example_dags/example_sensors.py
[2026-06-29T22:31:29.426+0000] {logging_mixin.py:190} INFO - [2026-06-29T22:31:29.425+0000] {dag.py:3239} INFO - Sync 1 DAGs
[2026-06-29T22:31:29.468+0000] {logging_mixin.py:190} INFO - [2026-06-29T22:31:29.467+0000] {dag.py:4180} INFO - Setting next_dagrun for example_sensors to None, run_after=None
[2026-06-29T22:31:29.555+0000] {processor.py:208} INFO - Processing /home/airflow/.local/lib/python3.12/site-packages/airflow/example_dags/example_sensors.py took 0.240 seconds
[2026-06-29T22:32:02.917+0000] {processor.py:186} INFO - Started process (PID=3054) to work on /home/airflow/.local/lib/python3.12/site-packages/airflow/example_dags/example_sensors.py
[2026-06-29T22:32:02.919+0000] {processor.py:914} INFO - Processing file /home/airflow/.local/lib/python3.12/site-packages/airflow/example_dags/example_sensors.py for tasks to queue
[2026-06-29T22:32:02.924+0000] {logging_mixin.py:190} INFO - [2026-06-29T22:32:02.923+0000] {dagbag.py:588} INFO - Filling up the DagBag from /home/airflow/.local/lib/python3.12/site-packages/airflow/example_dags/example_sensors.py
[2026-06-29T22:32:02.951+0000] {processor.py:925} INFO - DAG(s) 'example_sensors' retrieved from /home/airflow/.local/lib/python3.12/site-packages/airflow/example_dags/example_sensors.py
[2026-06-29T22:32:03.014+0000] {logging_mixin.py:190} INFO - [2026-06-29T22:32:03.013+0000] {dag.py:3239} INFO - Sync 1 DAGs
[2026-06-29T22:32:03.051+0000] {logging_mixin.py:190} INFO - [2026-06-29T22:32:03.050+0000] {dag.py:4180} INFO - Setting next_dagrun for example_sensors to None, run_after=None
[2026-06-29T22:32:03.113+0000] {processor.py:208} INFO - Processing /home/airflow/.local/lib/python3.12/site-packages/airflow/example_dags/example_sensors.py took 0.211 seconds
[2026-06-29T22:32:34.978+0000] {processor.py:186} INFO - Started process (PID=3177) to work on /home/airflow/.local/lib/python3.12/site-packages/airflow/example_dags/example_sensors.py
[2026-06-29T22:32:34.982+0000] {processor.py:914} INFO - Processing file /home/airflow/.local/lib/python3.12/site-packages/airflow/example_dags/example_sensors.py for tasks to queue
[2026-06-29T22:32:34.993+0000] {logging_mixin.py:190} INFO - [2026-06-29T22:32:34.992+0000] {dagbag.py:588} INFO - Filling up the DagBag from /home/airflow/.local/lib/python3.12/site-packages/airflow/example_dags/example_sensors.py
[2026-06-29T22:32:35.018+0000] {processor.py:925} INFO - DAG(s) 'example_sensors' retrieved from /home/airflow/.local/lib/python3.12/site-packages/airflow/example_dags/example_sensors.py
[2026-06-29T22:32:35.113+0000] {logging_mixin.py:190} INFO - [2026-06-29T22:32:35.112+0000] {dag.py:3239} INFO - Sync 1 DAGs
[2026-06-29T22:32:35.159+0000] {logging_mixin.py:190} INFO - [2026-06-29T22:32:35.158+0000] {dag.py:4180} INFO - Setting next_dagrun for example_sensors to None, run_after=None
[2026-06-29T22:32:35.209+0000] {processor.py:208} INFO - Processing /home/airflow/.local/lib/python3.12/site-packages/airflow/example_dags/example_sensors.py took 0.242 seconds
[2026-06-29T22:33:05.863+0000] {processor.py:186} INFO - Started process (PID=3254) to work on /home/airflow/.local/lib/python3.12/site-packages/airflow/example_dags/example_sensors.py
[2026-06-29T22:33:05.865+0000] {processor.py:914} INFO - Processing file /home/airflow/.local/lib/python3.12/site-packages/airflow/example_dags/example_sensors.py for tasks to queue
[2026-06-29T22:33:05.870+0000] {logging_mixin.py:190} INFO - [2026-06-29T22:33:05.870+0000] {dagbag.py:588} INFO - Filling up the DagBag from /home/airflow/.local/lib/python3.12/site-packages/airflow/example_dags/example_sensors.py
[2026-06-29T22:33:05.889+0000] {processor.py:925} INFO - DAG(s) 'example_sensors' retrieved from /home/airflow/.local/lib/python3.12/site-packages/airflow/example_dags/example_sensors.py
[2026-06-29T22:33:05.932+0000] {logging_mixin.py:190} INFO - [2026-06-29T22:33:05.932+0000] {dag.py:3239} INFO - Sync 1 DAGs
[2026-06-29T22:33:05.958+0000] {logging_mixin.py:190} INFO - [2026-06-29T22:33:05.957+0000] {dag.py:4180} INFO - Setting next_dagrun for example_sensors to None, run_after=None
[2026-06-29T22:33:05.994+0000] {processor.py:208} INFO - Processing /home/airflow/.local/lib/python3.12/site-packages/airflow/example_dags/example_sensors.py took 0.149 seconds
[2026-06-29T22:33:36.835+0000] {processor.py:186} INFO - Started process (PID=3317) to work on /home/airflow/.local/lib/python3.12/site-packages/airflow/example_dags/example_sensors.py
[2026-06-29T22:33:36.838+0000] {processor.py:914} INFO - Processing file /home/airflow/.local/lib/python3.12/site-packages/airflow/example_dags/example_sensors.py for tasks to queue
[2026-06-29T22:33:36.844+0000] {logging_mixin.py:190} INFO - [2026-06-29T22:33:36.844+0000] {dagbag.py:588} INFO - Filling up the DagBag from /home/airflow/.local/lib/python3.12/site-packages/airflow/example_dags/example_sensors.py
[2026-06-29T22:33:36.868+0000] {processor.py:925} INFO - DAG(s) 'example_sensors' retrieved from /home/airflow/.local/lib/python3.12/site-packages/airflow/example_dags/example_sensors.py
[2026-06-29T22:33:36.914+0000] {logging_mixin.py:190} INFO - [2026-06-29T22:33:36.913+0000] {dag.py:3239} INFO - Sync 1 DAGs
[2026-06-29T22:33:36.939+0000] {logging_mixin.py:190} INFO - [2026-06-29T22:33:36.938+0000] {dag.py:4180} INFO - Setting next_dagrun for example_sensors to None, run_after=None
[2026-06-29T22:33:36.972+0000] {processor.py:208} INFO - Processing /home/airflow/.local/lib/python3.12/site-packages/airflow/example_dags/example_sensors.py took 0.149 seconds
[2026-06-29T22:34:07.574+0000] {processor.py:186} INFO - Started process (PID=3381) to work on /home/airflow/.local/lib/python3.12/site-packages/airflow/example_dags/example_sensors.py
[2026-06-29T22:34:07.576+0000] {processor.py:914} INFO - Processing file /home/airflow/.local/lib/python3.12/site-packages/airflow/example_dags/example_sensors.py for tasks to queue
[2026-06-29T22:34:07.581+0000] {logging_mixin.py:190} INFO - [2026-06-29T22:34:07.580+0000] {dagbag.py:588} INFO - Filling up the DagBag from /home/airflow/.local/lib/python3.12/site-packages/airflow/example_dags/example_sensors.py
[2026-06-29T22:34:07.596+0000] {processor.py:925} INFO - DAG(s) 'example_sensors' retrieved from /home/airflow/.local/lib/python3.12/site-packages/airflow/example_dags/example_sensors.py
[2026-06-29T22:34:07.634+0000] {logging_mixin.py:190} INFO - [2026-06-29T22:34:07.633+0000] {dag.py:3239} INFO - Sync 1 DAGs
[2026-06-29T22:34:07.655+0000] {logging_mixin.py:190} INFO - [2026-06-29T22:34:07.655+0000] {dag.py:4180} INFO - Setting next_dagrun for example_sensors to None, run_after=None
[2026-06-29T22:34:07.691+0000] {processor.py:208} INFO - Processing /home/airflow/.local/lib/python3.12/site-packages/airflow/example_dags/example_sensors.py took 0.134 seconds
[2026-06-29T22:34:37.863+0000] {processor.py:186} INFO - Started process (PID=3444) to work on /home/airflow/.local/lib/python3.12/site-packages/airflow/example_dags/example_sensors.py
[2026-06-29T22:34:37.866+0000] {processor.py:914} INFO - Processing file /home/airflow/.local/lib/python3.12/site-packages/airflow/example_dags/example_sensors.py for tasks to queue
[2026-06-29T22:34:37.873+0000] {logging_mixin.py:190} INFO - [2026-06-29T22:34:37.872+0000] {dagbag.py:588} INFO - Filling up the DagBag from /home/airflow/.local/lib/python3.12/site-packages/airflow/example_dags/example_sensors.py
[2026-06-29T22:34:37.916+0000] {processor.py:925} INFO - DAG(s) 'example_sensors' retrieved from /home/airflow/.local/lib/python3.12/site-packages/airflow/example_dags/example_sensors.py
[2026-06-29T22:34:37.986+0000] {logging_mixin.py:190} INFO - [2026-06-29T22:34:37.985+0000] {dag.py:3239} INFO - Sync 1 DAGs
[2026-06-29T22:34:38.023+0000] {logging_mixin.py:190} INFO - [2026-06-29T22:34:38.022+0000] {dag.py:4180} INFO - Setting next_dagrun for example_sensors to None, run_after=None
[2026-06-29T22:34:38.093+0000] {processor.py:208} INFO - Processing /home/airflow/.local/lib/python3.12/site-packages/airflow/example_dags/example_sensors.py took 0.250 seconds
[2026-06-29T22:35:08.850+0000] {processor.py:186} INFO - Started process (PID=3508) to work on /home/airflow/.local/lib/python3.12/site-packages/airflow/example_dags/example_sensors.py
[2026-06-29T22:35:08.852+0000] {processor.py:914} INFO - Processing file /home/airflow/.local/lib/python3.12/site-packages/airflow/example_dags/example_sensors.py for tasks to queue
[2026-06-29T22:35:08.855+0000] {logging_mixin.py:190} INFO - [2026-06-29T22:35:08.854+0000] {dagbag.py:588} INFO - Filling up the DagBag from /home/airflow/.local/lib/python3.12/site-packages/airflow/example_dags/example_sensors.py
[2026-06-29T22:35:08.867+0000] {processor.py:925} INFO - DAG(s) 'example_sensors' retrieved from /home/airflow/.local/lib/python3.12/site-packages/airflow/example_dags/example_sensors.py
[2026-06-29T22:35:08.893+0000] {logging_mixin.py:190} INFO - [2026-06-29T22:35:08.893+0000] {dag.py:3239} INFO - Sync 1 DAGs
[2026-06-29T22:35:08.907+0000] {logging_mixin.py:190} INFO - [2026-06-29T22:35:08.907+0000] {dag.py:4180} INFO - Setting next_dagrun for example_sensors to None, run_after=None
[2026-06-29T22:35:08.928+0000] {processor.py:208} INFO - Processing /home/airflow/.local/lib/python3.12/site-packages/airflow/example_dags/example_sensors.py took 0.087 seconds
[2026-06-29T22:35:39.132+0000] {processor.py:186} INFO - Started process (PID=3572) to work on /home/airflow/.local/lib/python3.12/site-packages/airflow/example_dags/example_sensors.py
[2026-06-29T22:35:39.134+0000] {processor.py:914} INFO - Processing file /home/airflow/.local/lib/python3.12/site-packages/airflow/example_dags/example_sensors.py for tasks to queue
[2026-06-29T22:35:39.137+0000] {logging_mixin.py:190} INFO - [2026-06-29T22:35:39.136+0000] {dagbag.py:588} INFO - Filling up the DagBag from /home/airflow/.local/lib/python3.12/site-packages/airflow/example_dags/example_sensors.py
[2026-06-29T22:35:39.149+0000] {processor.py:925} INFO - DAG(s) 'example_sensors' retrieved from /home/airflow/.local/lib/python3.12/site-packages/airflow/example_dags/example_sensors.py
[2026-06-29T22:35:39.180+0000] {logging_mixin.py:190} INFO - [2026-06-29T22:35:39.179+0000] {dag.py:3239} INFO - Sync 1 DAGs
[2026-06-29T22:35:39.194+0000] {logging_mixin.py:190} INFO - [2026-06-29T22:35:39.194+0000] {dag.py:4180} INFO - Setting next_dagrun for example_sensors to None, run_after=None
[2026-06-29T22:35:39.216+0000] {processor.py:208} INFO - Processing /home/airflow/.local/lib/python3.12/site-packages/airflow/example_dags/example_sensors.py took 0.094 seconds
[2026-06-29T22:36:09.627+0000] {processor.py:186} INFO - Started process (PID=3636) to work on /home/airflow/.local/lib/python3.12/site-packages/airflow/example_dags/example_sensors.py
[2026-06-29T22:36:09.629+0000] {processor.py:914} INFO - Processing file /home/airflow/.local/lib/python3.12/site-packages/airflow/example_dags/example_sensors.py for tasks to queue
[2026-06-29T22:36:09.633+0000] {logging_mixin.py:190} INFO - [2026-06-29T22:36:09.632+0000] {dagbag.py:588} INFO - Filling up the DagBag from /home/airflow/.local/lib/python3.12/site-packages/airflow/example_dags/example_sensors.py
[2026-06-29T22:36:09.643+0000] {processor.py:925} INFO - DAG(s) 'example_sensors' retrieved from /home/airflow/.local/lib/python3.12/site-packages/airflow/example_dags/example_sensors.py
[2026-06-29T22:36:09.670+0000] {logging_mixin.py:190} INFO - [2026-06-29T22:36:09.670+0000] {dag.py:3239} INFO - Sync 1 DAGs
[2026-06-29T22:36:09.687+0000] {logging_mixin.py:190} INFO - [2026-06-29T22:36:09.687+0000] {dag.py:4180} INFO - Setting next_dagrun for example_sensors to None, run_after=None
[2026-06-29T22:36:09.709+0000] {processor.py:208} INFO - Processing /home/airflow/.local/lib/python3.12/site-packages/airflow/example_dags/example_sensors.py took 0.091 seconds
[2026-06-29T22:36:40.188+0000] {processor.py:186} INFO - Started process (PID=3700) to work on /home/airflow/.local/lib/python3.12/site-packages/airflow/example_dags/example_sensors.py
[2026-06-29T22:36:40.191+0000] {processor.py:914} INFO - Processing file /home/airflow/.local/lib/python3.12/site-packages/airflow/example_dags/example_sensors.py for tasks to queue
[2026-06-29T22:36:40.199+0000] {logging_mixin.py:190} INFO - [2026-06-29T22:36:40.198+0000] {dagbag.py:588} INFO - Filling up the DagBag from /home/airflow/.local/lib/python3.12/site-packages/airflow/example_dags/example_sensors.py
[2026-06-29T22:36:40.229+0000] {processor.py:925} INFO - DAG(s) 'example_sensors' retrieved from /home/airflow/.local/lib/python3.12/site-packages/airflow/example_dags/example_sensors.py
[2026-06-29T22:36:40.289+0000] {logging_mixin.py:190} INFO - [2026-06-29T22:36:40.289+0000] {dag.py:3239} INFO - Sync 1 DAGs
[2026-06-29T22:36:40.319+0000] {logging_mixin.py:190} INFO - [2026-06-29T22:36:40.318+0000] {dag.py:4180} INFO - Setting next_dagrun for example_sensors to None, run_after=None
[2026-06-29T22:36:40.369+0000] {processor.py:208} INFO - Processing /home/airflow/.local/lib/python3.12/site-packages/airflow/example_dags/example_sensors.py took 0.195 seconds
[2026-06-29T22:37:11.199+0000] {processor.py:186} INFO - Started process (PID=3764) to work on /home/airflow/.local/lib/python3.12/site-packages/airflow/example_dags/example_sensors.py
[2026-06-29T22:37:11.201+0000] {processor.py:914} INFO - Processing file /home/airflow/.local/lib/python3.12/site-packages/airflow/example_dags/example_sensors.py for tasks to queue
[2026-06-29T22:37:11.205+0000] {logging_mixin.py:190} INFO - [2026-06-29T22:37:11.204+0000] {dagbag.py:588} INFO - Filling up the DagBag from /home/airflow/.local/lib/python3.12/site-packages/airflow/example_dags/example_sensors.py
[2026-06-29T22:37:11.222+0000] {processor.py:925} INFO - DAG(s) 'example_sensors' retrieved from /home/airflow/.local/lib/python3.12/site-packages/airflow/example_dags/example_sensors.py
[2026-06-29T22:37:11.275+0000] {logging_mixin.py:190} INFO - [2026-06-29T22:37:11.274+0000] {dag.py:3239} INFO - Sync 1 DAGs
[2026-06-29T22:37:11.302+0000] {logging_mixin.py:190} INFO - [2026-06-29T22:37:11.302+0000] {dag.py:4180} INFO - Setting next_dagrun for example_sensors to None, run_after=None
[2026-06-29T22:37:11.341+0000] {processor.py:208} INFO - Processing /home/airflow/.local/lib/python3.12/site-packages/airflow/example_dags/example_sensors.py took 0.161 seconds
[2026-06-29T22:37:41.517+0000] {processor.py:186} INFO - Started process (PID=3828) to work on /home/airflow/.local/lib/python3.12/site-packages/airflow/example_dags/example_sensors.py
[2026-06-29T22:37:41.519+0000] {processor.py:914} INFO - Processing file /home/airflow/.local/lib/python3.12/site-packages/airflow/example_dags/example_sensors.py for tasks to queue
[2026-06-29T22:37:41.525+0000] {logging_mixin.py:190} INFO - [2026-06-29T22:37:41.524+0000] {dagbag.py:588} INFO - Filling up the DagBag from /home/airflow/.local/lib/python3.12/site-packages/airflow/example_dags/example_sensors.py
[2026-06-29T22:37:41.549+0000] {processor.py:925} INFO - DAG(s) 'example_sensors' retrieved from /home/airflow/.local/lib/python3.12/site-packages/airflow/example_dags/example_sensors.py
[2026-06-29T22:37:41.594+0000] {logging_mixin.py:190} INFO - [2026-06-29T22:37:41.593+0000] {dag.py:3239} INFO - Sync 1 DAGs
[2026-06-29T22:37:41.633+0000] {logging_mixin.py:190} INFO - [2026-06-29T22:37:41.632+0000] {dag.py:4180} INFO - Setting next_dagrun for example_sensors to None, run_after=None
[2026-06-29T22:37:41.697+0000] {processor.py:208} INFO - Processing /home/airflow/.local/lib/python3.12/site-packages/airflow/example_dags/example_sensors.py took 0.192 seconds
[2026-06-29T22:38:12.649+0000] {processor.py:186} INFO - Started process (PID=3892) to work on /home/airflow/.local/lib/python3.12/site-packages/airflow/example_dags/example_sensors.py
[2026-06-29T22:38:12.650+0000] {processor.py:914} INFO - Processing file /home/airflow/.local/lib/python3.12/site-packages/airflow/example_dags/example_sensors.py for tasks to queue
[2026-06-29T22:38:12.653+0000] {logging_mixin.py:190} INFO - [2026-06-29T22:38:12.653+0000] {dagbag.py:588} INFO - Filling up the DagBag from /home/airflow/.local/lib/python3.12/site-packages/airflow/example_dags/example_sensors.py
[2026-06-29T22:38:12.665+0000] {processor.py:925} INFO - DAG(s) 'example_sensors' retrieved from /home/airflow/.local/lib/python3.12/site-packages/airflow/example_dags/example_sensors.py
[2026-06-29T22:38:12.696+0000] {logging_mixin.py:190} INFO - [2026-06-29T22:38:12.696+0000] {dag.py:3239} INFO - Sync 1 DAGs
[2026-06-29T22:38:12.714+0000] {logging_mixin.py:190} INFO - [2026-06-29T22:38:12.714+0000] {dag.py:4180} INFO - Setting next_dagrun for example_sensors to None, run_after=None
[2026-06-29T22:38:12.735+0000] {processor.py:208} INFO - Processing /home/airflow/.local/lib/python3.12/site-packages/airflow/example_dags/example_sensors.py took 0.096 seconds
[2026-06-29T22:38:43.426+0000] {processor.py:186} INFO - Started process (PID=3956) to work on /home/airflow/.local/lib/python3.12/site-packages/airflow/example_dags/example_sensors.py
[2026-06-29T22:38:43.428+0000] {processor.py:914} INFO - Processing file /home/airflow/.local/lib/python3.12/site-packages/airflow/example_dags/example_sensors.py for tasks to queue
[2026-06-29T22:38:43.433+0000] {logging_mixin.py:190} INFO - [2026-06-29T22:38:43.432+0000] {dagbag.py:588} INFO - Filling up the DagBag from /home/airflow/.local/lib/python3.12/site-packages/airflow/example_dags/example_sensors.py
[2026-06-29T22:38:43.458+0000] {processor.py:925} INFO - DAG(s) 'example_sensors' retrieved from /home/airflow/.local/lib/python3.12/site-packages/airflow/example_dags/example_sensors.py
[2026-06-29T22:38:43.520+0000] {logging_mixin.py:190} INFO - [2026-06-29T22:38:43.519+0000] {dag.py:3239} INFO - Sync 1 DAGs
[2026-06-29T22:38:43.868+0000] {logging_mixin.py:190} INFO - [2026-06-29T22:38:43.868+0000] {dag.py:4180} INFO - Setting next_dagrun for example_sensors to None, run_after=None
[2026-06-29T22:38:43.908+0000] {processor.py:208} INFO - Processing /home/airflow/.local/lib/python3.12/site-packages/airflow/example_dags/example_sensors.py took 0.499 seconds
[2026-06-29T22:39:14.585+0000] {processor.py:186} INFO - Started process (PID=4020) to work on /home/airflow/.local/lib/python3.12/site-packages/airflow/example_dags/example_sensors.py
[2026-06-29T22:39:14.586+0000] {processor.py:914} INFO - Processing file /home/airflow/.local/lib/python3.12/site-packages/airflow/example_dags/example_sensors.py for tasks to queue
[2026-06-29T22:39:14.590+0000] {logging_mixin.py:190} INFO - [2026-06-29T22:39:14.590+0000] {dagbag.py:588} INFO - Filling up the DagBag from /home/airflow/.local/lib/python3.12/site-packages/airflow/example_dags/example_sensors.py
[2026-06-29T22:39:14.602+0000] {processor.py:925} INFO - DAG(s) 'example_sensors' retrieved from /home/airflow/.local/lib/python3.12/site-packages/airflow/example_dags/example_sensors.py
[2026-06-29T22:39:14.631+0000] {logging_mixin.py:190} INFO - [2026-06-29T22:39:14.631+0000] {dag.py:3239} INFO - Sync 1 DAGs
[2026-06-29T22:39:14.829+0000] {logging_mixin.py:190} INFO - [2026-06-29T22:39:14.828+0000] {dag.py:4180} INFO - Setting next_dagrun for example_sensors to None, run_after=None
[2026-06-29T22:39:14.856+0000] {processor.py:208} INFO - Processing /home/airflow/.local/lib/python3.12/site-packages/airflow/example_dags/example_sensors.py took 0.280 seconds
[2026-06-29T22:39:45.043+0000] {processor.py:186} INFO - Started process (PID=4084) to work on /home/airflow/.local/lib/python3.12/site-packages/airflow/example_dags/example_sensors.py
[2026-06-29T22:39:45.045+0000] {processor.py:914} INFO - Processing file /home/airflow/.local/lib/python3.12/site-packages/airflow/example_dags/example_sensors.py for tasks to queue
[2026-06-29T22:39:45.051+0000] {logging_mixin.py:190} INFO - [2026-06-29T22:39:45.050+0000] {dagbag.py:588} INFO - Filling up the DagBag from /home/airflow/.local/lib/python3.12/site-packages/airflow/example_dags/example_sensors.py
[2026-06-29T22:39:45.082+0000] {processor.py:925} INFO - DAG(s) 'example_sensors' retrieved from /home/airflow/.local/lib/python3.12/site-packages/airflow/example_dags/example_sensors.py
[2026-06-29T22:39:45.150+0000] {logging_mixin.py:190} INFO - [2026-06-29T22:39:45.149+0000] {dag.py:3239} INFO - Sync 1 DAGs
[2026-06-29T22:39:45.183+0000] {logging_mixin.py:190} INFO - [2026-06-29T22:39:45.182+0000] {dag.py:4180} INFO - Setting next_dagrun for example_sensors to None, run_after=None
[2026-06-29T22:39:45.237+0000] {processor.py:208} INFO - Processing /home/airflow/.local/lib/python3.12/site-packages/airflow/example_dags/example_sensors.py took 0.216 seconds
[2026-06-29T22:41:30.417+0000] {processor.py:186} INFO - Started process (PID=116) to work on /home/airflow/.local/lib/python3.12/site-packages/airflow/example_dags/example_sensors.py
[2026-06-29T22:41:30.421+0000] {processor.py:914} INFO - Processing file /home/airflow/.local/lib/python3.12/site-packages/airflow/example_dags/example_sensors.py for tasks to queue
[2026-06-29T22:41:30.431+0000] {logging_mixin.py:190} INFO - [2026-06-29T22:41:30.430+0000] {dagbag.py:588} INFO - Filling up the DagBag from /home/airflow/.local/lib/python3.12/site-packages/airflow/example_dags/example_sensors.py
[2026-06-29T22:41:30.457+0000] {processor.py:925} INFO - DAG(s) 'example_sensors' retrieved from /home/airflow/.local/lib/python3.12/site-packages/airflow/example_dags/example_sensors.py
[2026-06-29T22:41:30.557+0000] {logging_mixin.py:190} INFO - [2026-06-29T22:41:30.556+0000] {dag.py:3239} INFO - Sync 1 DAGs
[2026-06-29T22:41:30.590+0000] {logging_mixin.py:190} INFO - [2026-06-29T22:41:30.590+0000] {dag.py:4180} INFO - Setting next_dagrun for example_sensors to None, run_after=None
[2026-06-29T22:41:30.675+0000] {processor.py:208} INFO - Processing /home/airflow/.local/lib/python3.12/site-packages/airflow/example_dags/example_sensors.py took 0.277 seconds
[2026-06-29T22:42:01.637+0000] {processor.py:186} INFO - Started process (PID=180) to work on /home/airflow/.local/lib/python3.12/site-packages/airflow/example_dags/example_sensors.py
[2026-06-29T22:42:01.640+0000] {processor.py:914} INFO - Processing file /home/airflow/.local/lib/python3.12/site-packages/airflow/example_dags/example_sensors.py for tasks to queue
[2026-06-29T22:42:01.650+0000] {logging_mixin.py:190} INFO - [2026-06-29T22:42:01.649+0000] {dagbag.py:588} INFO - Filling up the DagBag from /home/airflow/.local/lib/python3.12/site-packages/airflow/example_dags/example_sensors.py
[2026-06-29T22:42:01.680+0000] {processor.py:925} INFO - DAG(s) 'example_sensors' retrieved from /home/airflow/.local/lib/python3.12/site-packages/airflow/example_dags/example_sensors.py
[2026-06-29T22:42:01.752+0000] {logging_mixin.py:190} INFO - [2026-06-29T22:42:01.752+0000] {dag.py:3239} INFO - Sync 1 DAGs
[2026-06-29T22:42:01.787+0000] {logging_mixin.py:190} INFO - [2026-06-29T22:42:01.787+0000] {dag.py:4180} INFO - Setting next_dagrun for example_sensors to None, run_after=None
[2026-06-29T22:42:01.841+0000] {processor.py:208} INFO - Processing /home/airflow/.local/lib/python3.12/site-packages/airflow/example_dags/example_sensors.py took 0.222 seconds
[2026-06-29T22:42:33.905+0000] {processor.py:186} INFO - Started process (PID=244) to work on /home/airflow/.local/lib/python3.12/site-packages/airflow/example_dags/example_sensors.py
[2026-06-29T22:42:33.907+0000] {processor.py:914} INFO - Processing file /home/airflow/.local/lib/python3.12/site-packages/airflow/example_dags/example_sensors.py for tasks to queue
[2026-06-29T22:42:33.913+0000] {logging_mixin.py:190} INFO - [2026-06-29T22:42:33.912+0000] {dagbag.py:588} INFO - Filling up the DagBag from /home/airflow/.local/lib/python3.12/site-packages/airflow/example_dags/example_sensors.py
[2026-06-29T22:42:33.935+0000] {processor.py:925} INFO - DAG(s) 'example_sensors' retrieved from /home/airflow/.local/lib/python3.12/site-packages/airflow/example_dags/example_sensors.py
[2026-06-29T22:42:34.014+0000] {logging_mixin.py:190} INFO - [2026-06-29T22:42:34.013+0000] {dag.py:3239} INFO - Sync 1 DAGs
[2026-06-29T22:42:34.044+0000] {logging_mixin.py:190} INFO - [2026-06-29T22:42:34.043+0000] {dag.py:4180} INFO - Setting next_dagrun for example_sensors to None, run_after=None
[2026-06-29T22:42:34.097+0000] {processor.py:208} INFO - Processing /home/airflow/.local/lib/python3.12/site-packages/airflow/example_dags/example_sensors.py took 0.202 seconds
[2026-06-29T22:43:07.981+0000] {processor.py:186} INFO - Started process (PID=308) to work on /home/airflow/.local/lib/python3.12/site-packages/airflow/example_dags/example_sensors.py
[2026-06-29T22:43:07.987+0000] {processor.py:914} INFO - Processing file /home/airflow/.local/lib/python3.12/site-packages/airflow/example_dags/example_sensors.py for tasks to queue
[2026-06-29T22:43:08.067+0000] {logging_mixin.py:190} INFO - [2026-06-29T22:43:08.053+0000] {dagbag.py:588} INFO - Filling up the DagBag from /home/airflow/.local/lib/python3.12/site-packages/airflow/example_dags/example_sensors.py
[2026-06-29T22:43:08.307+0000] {processor.py:925} INFO - DAG(s) 'example_sensors' retrieved from /home/airflow/.local/lib/python3.12/site-packages/airflow/example_dags/example_sensors.py
[2026-06-29T22:43:08.398+0000] {logging_mixin.py:190} INFO - [2026-06-29T22:43:08.397+0000] {dag.py:3239} INFO - Sync 1 DAGs
[2026-06-29T22:43:08.442+0000] {logging_mixin.py:190} INFO - [2026-06-29T22:43:08.442+0000] {dag.py:4180} INFO - Setting next_dagrun for example_sensors to None, run_after=None
[2026-06-29T22:43:08.509+0000] {processor.py:208} INFO - Processing /home/airflow/.local/lib/python3.12/site-packages/airflow/example_dags/example_sensors.py took 0.590 seconds
[2026-06-29T22:43:39.483+0000] {processor.py:186} INFO - Started process (PID=372) to work on /home/airflow/.local/lib/python3.12/site-packages/airflow/example_dags/example_sensors.py
[2026-06-29T22:43:39.486+0000] {processor.py:914} INFO - Processing file /home/airflow/.local/lib/python3.12/site-packages/airflow/example_dags/example_sensors.py for tasks to queue
[2026-06-29T22:43:39.491+0000] {logging_mixin.py:190} INFO - [2026-06-29T22:43:39.490+0000] {dagbag.py:588} INFO - Filling up the DagBag from /home/airflow/.local/lib/python3.12/site-packages/airflow/example_dags/example_sensors.py
[2026-06-29T22:43:39.512+0000] {processor.py:925} INFO - DAG(s) 'example_sensors' retrieved from /home/airflow/.local/lib/python3.12/site-packages/airflow/example_dags/example_sensors.py
[2026-06-29T22:43:39.567+0000] {logging_mixin.py:190} INFO - [2026-06-29T22:43:39.566+0000] {dag.py:3239} INFO - Sync 1 DAGs
[2026-06-29T22:43:39.595+0000] {logging_mixin.py:190} INFO - [2026-06-29T22:43:39.594+0000] {dag.py:4180} INFO - Setting next_dagrun for example_sensors to None, run_after=None
[2026-06-29T22:43:39.641+0000] {processor.py:208} INFO - Processing /home/airflow/.local/lib/python3.12/site-packages/airflow/example_dags/example_sensors.py took 0.174 seconds
[2026-06-29T22:44:10.029+0000] {processor.py:186} INFO - Started process (PID=437) to work on /home/airflow/.local/lib/python3.12/site-packages/airflow/example_dags/example_sensors.py
[2026-06-29T22:44:10.031+0000] {processor.py:914} INFO - Processing file /home/airflow/.local/lib/python3.12/site-packages/airflow/example_dags/example_sensors.py for tasks to queue
[2026-06-29T22:44:10.034+0000] {logging_mixin.py:190} INFO - [2026-06-29T22:44:10.034+0000] {dagbag.py:588} INFO - Filling up the DagBag from /home/airflow/.local/lib/python3.12/site-packages/airflow/example_dags/example_sensors.py
[2026-06-29T22:44:10.048+0000] {processor.py:925} INFO - DAG(s) 'example_sensors' retrieved from /home/airflow/.local/lib/python3.12/site-packages/airflow/example_dags/example_sensors.py
[2026-06-29T22:44:10.074+0000] {logging_mixin.py:190} INFO - [2026-06-29T22:44:10.073+0000] {dag.py:3239} INFO - Sync 1 DAGs
[2026-06-29T22:44:10.087+0000] {logging_mixin.py:190} INFO - [2026-06-29T22:44:10.087+0000] {dag.py:4180} INFO - Setting next_dagrun for example_sensors to None, run_after=None
[2026-06-29T22:44:10.106+0000] {processor.py:208} INFO - Processing /home/airflow/.local/lib/python3.12/site-packages/airflow/example_dags/example_sensors.py took 0.083 seconds
[2026-06-29T22:44:40.395+0000] {processor.py:186} INFO - Started process (PID=501) to work on /home/airflow/.local/lib/python3.12/site-packages/airflow/example_dags/example_sensors.py
[2026-06-29T22:44:40.397+0000] {processor.py:914} INFO - Processing file /home/airflow/.local/lib/python3.12/site-packages/airflow/example_dags/example_sensors.py for tasks to queue
[2026-06-29T22:44:40.403+0000] {logging_mixin.py:190} INFO - [2026-06-29T22:44:40.402+0000] {dagbag.py:588} INFO - Filling up the DagBag from /home/airflow/.local/lib/python3.12/site-packages/airflow/example_dags/example_sensors.py
[2026-06-29T22:44:40.428+0000] {processor.py:925} INFO - DAG(s) 'example_sensors' retrieved from /home/airflow/.local/lib/python3.12/site-packages/airflow/example_dags/example_sensors.py
[2026-06-29T22:44:40.496+0000] {logging_mixin.py:190} INFO - [2026-06-29T22:44:40.496+0000] {dag.py:3239} INFO - Sync 1 DAGs
[2026-06-29T22:44:40.535+0000] {logging_mixin.py:190} INFO - [2026-06-29T22:44:40.534+0000] {dag.py:4180} INFO - Setting next_dagrun for example_sensors to None, run_after=None
[2026-06-29T22:44:40.590+0000] {processor.py:208} INFO - Processing /home/airflow/.local/lib/python3.12/site-packages/airflow/example_dags/example_sensors.py took 0.209 seconds
[2026-06-29T22:45:11.872+0000] {processor.py:186} INFO - Started process (PID=571) to work on /home/airflow/.local/lib/python3.12/site-packages/airflow/example_dags/example_sensors.py
[2026-06-29T22:45:11.874+0000] {processor.py:914} INFO - Processing file /home/airflow/.local/lib/python3.12/site-packages/airflow/example_dags/example_sensors.py for tasks to queue
[2026-06-29T22:45:11.879+0000] {logging_mixin.py:190} INFO - [2026-06-29T22:45:11.878+0000] {dagbag.py:588} INFO - Filling up the DagBag from /home/airflow/.local/lib/python3.12/site-packages/airflow/example_dags/example_sensors.py
[2026-06-29T22:45:11.896+0000] {processor.py:925} INFO - DAG(s) 'example_sensors' retrieved from /home/airflow/.local/lib/python3.12/site-packages/airflow/example_dags/example_sensors.py
[2026-06-29T22:45:11.944+0000] {logging_mixin.py:190} INFO - [2026-06-29T22:45:11.943+0000] {dag.py:3239} INFO - Sync 1 DAGs
[2026-06-29T22:45:11.968+0000] {logging_mixin.py:190} INFO - [2026-06-29T22:45:11.968+0000] {dag.py:4180} INFO - Setting next_dagrun for example_sensors to None, run_after=None
[2026-06-29T22:45:12.025+0000] {processor.py:208} INFO - Processing /home/airflow/.local/lib/python3.12/site-packages/airflow/example_dags/example_sensors.py took 0.165 seconds
[2026-06-29T22:45:42.451+0000] {processor.py:186} INFO - Started process (PID=635) to work on /home/airflow/.local/lib/python3.12/site-packages/airflow/example_dags/example_sensors.py
[2026-06-29T22:45:42.453+0000] {processor.py:914} INFO - Processing file /home/airflow/.local/lib/python3.12/site-packages/airflow/example_dags/example_sensors.py for tasks to queue
[2026-06-29T22:45:42.458+0000] {logging_mixin.py:190} INFO - [2026-06-29T22:45:42.457+0000] {dagbag.py:588} INFO - Filling up the DagBag from /home/airflow/.local/lib/python3.12/site-packages/airflow/example_dags/example_sensors.py
[2026-06-29T22:45:42.472+0000] {processor.py:925} INFO - DAG(s) 'example_sensors' retrieved from /home/airflow/.local/lib/python3.12/site-packages/airflow/example_dags/example_sensors.py
[2026-06-29T22:45:42.503+0000] {logging_mixin.py:190} INFO - [2026-06-29T22:45:42.502+0000] {dag.py:3239} INFO - Sync 1 DAGs
[2026-06-29T22:45:42.517+0000] {logging_mixin.py:190} INFO - [2026-06-29T22:45:42.517+0000] {dag.py:4180} INFO - Setting next_dagrun for example_sensors to None, run_after=None
[2026-06-29T22:45:42.540+0000] {processor.py:208} INFO - Processing /home/airflow/.local/lib/python3.12/site-packages/airflow/example_dags/example_sensors.py took 0.097 seconds
[2026-06-29T22:46:12.630+0000] {processor.py:186} INFO - Started process (PID=698) to work on /home/airflow/.local/lib/python3.12/site-packages/airflow/example_dags/example_sensors.py
[2026-06-29T22:46:12.631+0000] {processor.py:914} INFO - Processing file /home/airflow/.local/lib/python3.12/site-packages/airflow/example_dags/example_sensors.py for tasks to queue
[2026-06-29T22:46:12.634+0000] {logging_mixin.py:190} INFO - [2026-06-29T22:46:12.633+0000] {dagbag.py:588} INFO - Filling up the DagBag from /home/airflow/.local/lib/python3.12/site-packages/airflow/example_dags/example_sensors.py
[2026-06-29T22:46:12.647+0000] {processor.py:925} INFO - DAG(s) 'example_sensors' retrieved from /home/airflow/.local/lib/python3.12/site-packages/airflow/example_dags/example_sensors.py
[2026-06-29T22:46:12.677+0000] {logging_mixin.py:190} INFO - [2026-06-29T22:46:12.677+0000] {dag.py:3239} INFO - Sync 1 DAGs
[2026-06-29T22:46:12.695+0000] {logging_mixin.py:190} INFO - [2026-06-29T22:46:12.695+0000] {dag.py:4180} INFO - Setting next_dagrun for example_sensors to None, run_after=None
[2026-06-29T22:46:12.719+0000] {processor.py:208} INFO - Processing /home/airflow/.local/lib/python3.12/site-packages/airflow/example_dags/example_sensors.py took 0.095 seconds
[2026-06-29T22:46:43.078+0000] {processor.py:186} INFO - Started process (PID=761) to work on /home/airflow/.local/lib/python3.12/site-packages/airflow/example_dags/example_sensors.py
[2026-06-29T22:46:43.081+0000] {processor.py:914} INFO - Processing file /home/airflow/.local/lib/python3.12/site-packages/airflow/example_dags/example_sensors.py for tasks to queue
[2026-06-29T22:46:43.090+0000] {logging_mixin.py:190} INFO - [2026-06-29T22:46:43.089+0000] {dagbag.py:588} INFO - Filling up the DagBag from /home/airflow/.local/lib/python3.12/site-packages/airflow/example_dags/example_sensors.py
[2026-06-29T22:46:43.114+0000] {processor.py:925} INFO - DAG(s) 'example_sensors' retrieved from /home/airflow/.local/lib/python3.12/site-packages/airflow/example_dags/example_sensors.py
[2026-06-29T22:46:43.178+0000] {logging_mixin.py:190} INFO - [2026-06-29T22:46:43.177+0000] {dag.py:3239} INFO - Sync 1 DAGs
[2026-06-29T22:46:43.226+0000] {logging_mixin.py:190} INFO - [2026-06-29T22:46:43.226+0000] {dag.py:4180} INFO - Setting next_dagrun for example_sensors to None, run_after=None
[2026-06-29T22:46:43.275+0000] {processor.py:208} INFO - Processing /home/airflow/.local/lib/python3.12/site-packages/airflow/example_dags/example_sensors.py took 0.210 seconds
