[2026-06-29T21:59:16.477+0000] {processor.py:186} INFO - Started process (PID=109) to work on /home/airflow/.local/lib/python3.12/site-packages/airflow/example_dags/example_complex.py
[2026-06-29T21:59:16.482+0000] {processor.py:914} INFO - Processing file /home/airflow/.local/lib/python3.12/site-packages/airflow/example_dags/example_complex.py for tasks to queue
[2026-06-29T21:59:16.491+0000] {logging_mixin.py:190} INFO - [2026-06-29T21:59:16.490+0000] {dagbag.py:588} INFO - Filling up the DagBag from /home/airflow/.local/lib/python3.12/site-packages/airflow/example_dags/example_complex.py
[2026-06-29T21:59:16.540+0000] {processor.py:925} INFO - DAG(s) 'example_complex' retrieved from /home/airflow/.local/lib/python3.12/site-packages/airflow/example_dags/example_complex.py
[2026-06-29T21:59:16.883+0000] {logging_mixin.py:190} INFO - [2026-06-29T21:59:16.882+0000] {override.py:1912} INFO - Created Permission View: can read on DAG:example_complex
[2026-06-29T21:59:16.935+0000] {logging_mixin.py:190} INFO - [2026-06-29T21:59:16.934+0000] {override.py:1912} INFO - Created Permission View: can delete on DAG:example_complex
[2026-06-29T21:59:16.968+0000] {logging_mixin.py:190} INFO - [2026-06-29T21:59:16.967+0000] {override.py:1912} INFO - Created Permission View: can edit on DAG:example_complex
[2026-06-29T21:59:16.984+0000] {logging_mixin.py:190} INFO - [2026-06-29T21:59:16.983+0000] {override.py:1912} INFO - Created Permission View: menu access on DAG Run:example_complex
[2026-06-29T21:59:17.002+0000] {logging_mixin.py:190} INFO - [2026-06-29T21:59:17.001+0000] {override.py:1912} INFO - Created Permission View: can read on DAG Run:example_complex
[2026-06-29T21:59:17.044+0000] {logging_mixin.py:190} INFO - [2026-06-29T21:59:17.042+0000] {override.py:1912} INFO - Created Permission View: can delete on DAG Run:example_complex
[2026-06-29T21:59:17.074+0000] {logging_mixin.py:190} INFO - [2026-06-29T21:59:17.074+0000] {override.py:1912} INFO - Created Permission View: can create on DAG Run:example_complex
[2026-06-29T21:59:17.077+0000] {logging_mixin.py:190} INFO - [2026-06-29T21:59:17.077+0000] {dag.py:3239} INFO - Sync 1 DAGs
[2026-06-29T21:59:17.115+0000] {logging_mixin.py:190} INFO - [2026-06-29T21:59:17.114+0000] {dag.py:3262} INFO - Creating ORM DAG for example_complex
[2026-06-29T21:59:17.120+0000] {logging_mixin.py:190} INFO - [2026-06-29T21:59:17.120+0000] {dag.py:4180} INFO - Setting next_dagrun for example_complex to None, run_after=None
[2026-06-29T21:59:17.174+0000] {processor.py:208} INFO - Processing /home/airflow/.local/lib/python3.12/site-packages/airflow/example_dags/example_complex.py took 0.711 seconds
[2026-06-29T21:59:48.240+0000] {processor.py:186} INFO - Started process (PID=172) to work on /home/airflow/.local/lib/python3.12/site-packages/airflow/example_dags/example_complex.py
[2026-06-29T21:59:48.256+0000] {processor.py:914} INFO - Processing file /home/airflow/.local/lib/python3.12/site-packages/airflow/example_dags/example_complex.py for tasks to queue
[2026-06-29T21:59:48.271+0000] {logging_mixin.py:190} INFO - [2026-06-29T21:59:48.270+0000] {dagbag.py:588} INFO - Filling up the DagBag from /home/airflow/.local/lib/python3.12/site-packages/airflow/example_dags/example_complex.py
[2026-06-29T21:59:48.306+0000] {processor.py:925} INFO - DAG(s) 'example_complex' retrieved from /home/airflow/.local/lib/python3.12/site-packages/airflow/example_dags/example_complex.py
[2026-06-29T21:59:48.425+0000] {logging_mixin.py:190} INFO - [2026-06-29T21:59:48.424+0000] {dag.py:3239} INFO - Sync 1 DAGs
[2026-06-29T21:59:48.475+0000] {logging_mixin.py:190} INFO - [2026-06-29T21:59:48.475+0000] {dag.py:4180} INFO - Setting next_dagrun for example_complex to None, run_after=None
[2026-06-29T21:59:48.551+0000] {processor.py:208} INFO - Processing /home/airflow/.local/lib/python3.12/site-packages/airflow/example_dags/example_complex.py took 0.322 seconds
[2026-06-29T22:00:18.786+0000] {processor.py:186} INFO - Started process (PID=235) to work on /home/airflow/.local/lib/python3.12/site-packages/airflow/example_dags/example_complex.py
[2026-06-29T22:00:18.791+0000] {processor.py:914} INFO - Processing file /home/airflow/.local/lib/python3.12/site-packages/airflow/example_dags/example_complex.py for tasks to queue
[2026-06-29T22:00:18.799+0000] {logging_mixin.py:190} INFO - [2026-06-29T22:00:18.798+0000] {dagbag.py:588} INFO - Filling up the DagBag from /home/airflow/.local/lib/python3.12/site-packages/airflow/example_dags/example_complex.py
[2026-06-29T22:00:18.822+0000] {processor.py:925} INFO - DAG(s) 'example_complex' retrieved from /home/airflow/.local/lib/python3.12/site-packages/airflow/example_dags/example_complex.py
[2026-06-29T22:00:18.869+0000] {logging_mixin.py:190} INFO - [2026-06-29T22:00:18.869+0000] {dag.py:3239} INFO - Sync 1 DAGs
[2026-06-29T22:00:18.888+0000] {logging_mixin.py:190} INFO - [2026-06-29T22:00:18.887+0000] {dag.py:4180} INFO - Setting next_dagrun for example_complex to None, run_after=None
[2026-06-29T22:00:18.918+0000] {processor.py:208} INFO - Processing /home/airflow/.local/lib/python3.12/site-packages/airflow/example_dags/example_complex.py took 0.145 seconds
[2026-06-29T22:00:49.190+0000] {processor.py:186} INFO - Started process (PID=299) to work on /home/airflow/.local/lib/python3.12/site-packages/airflow/example_dags/example_complex.py
[2026-06-29T22:00:49.192+0000] {processor.py:914} INFO - Processing file /home/airflow/.local/lib/python3.12/site-packages/airflow/example_dags/example_complex.py for tasks to queue
[2026-06-29T22:00:49.196+0000] {logging_mixin.py:190} INFO - [2026-06-29T22:00:49.196+0000] {dagbag.py:588} INFO - Filling up the DagBag from /home/airflow/.local/lib/python3.12/site-packages/airflow/example_dags/example_complex.py
[2026-06-29T22:00:49.214+0000] {processor.py:925} INFO - DAG(s) 'example_complex' retrieved from /home/airflow/.local/lib/python3.12/site-packages/airflow/example_dags/example_complex.py
[2026-06-29T22:00:49.256+0000] {logging_mixin.py:190} INFO - [2026-06-29T22:00:49.256+0000] {dag.py:3239} INFO - Sync 1 DAGs
[2026-06-29T22:00:49.276+0000] {logging_mixin.py:190} INFO - [2026-06-29T22:00:49.276+0000] {dag.py:4180} INFO - Setting next_dagrun for example_complex to None, run_after=None
[2026-06-29T22:00:49.304+0000] {processor.py:208} INFO - Processing /home/airflow/.local/lib/python3.12/site-packages/airflow/example_dags/example_complex.py took 0.121 seconds
[2026-06-29T22:01:21.090+0000] {processor.py:186} INFO - Started process (PID=362) to work on /home/airflow/.local/lib/python3.12/site-packages/airflow/example_dags/example_complex.py
[2026-06-29T22:01:21.092+0000] {processor.py:914} INFO - Processing file /home/airflow/.local/lib/python3.12/site-packages/airflow/example_dags/example_complex.py for tasks to queue
[2026-06-29T22:01:21.096+0000] {logging_mixin.py:190} INFO - [2026-06-29T22:01:21.096+0000] {dagbag.py:588} INFO - Filling up the DagBag from /home/airflow/.local/lib/python3.12/site-packages/airflow/example_dags/example_complex.py
[2026-06-29T22:01:21.118+0000] {processor.py:925} INFO - DAG(s) 'example_complex' retrieved from /home/airflow/.local/lib/python3.12/site-packages/airflow/example_dags/example_complex.py
[2026-06-29T22:01:21.171+0000] {logging_mixin.py:190} INFO - [2026-06-29T22:01:21.171+0000] {dag.py:3239} INFO - Sync 1 DAGs
[2026-06-29T22:01:21.194+0000] {logging_mixin.py:190} INFO - [2026-06-29T22:01:21.193+0000] {dag.py:4180} INFO - Setting next_dagrun for example_complex to None, run_after=None
[2026-06-29T22:01:21.233+0000] {processor.py:208} INFO - Processing /home/airflow/.local/lib/python3.12/site-packages/airflow/example_dags/example_complex.py took 0.154 seconds
[2026-06-29T22:01:51.723+0000] {processor.py:186} INFO - Started process (PID=425) to work on /home/airflow/.local/lib/python3.12/site-packages/airflow/example_dags/example_complex.py
[2026-06-29T22:01:51.725+0000] {processor.py:914} INFO - Processing file /home/airflow/.local/lib/python3.12/site-packages/airflow/example_dags/example_complex.py for tasks to queue
[2026-06-29T22:01:51.729+0000] {logging_mixin.py:190} INFO - [2026-06-29T22:01:51.728+0000] {dagbag.py:588} INFO - Filling up the DagBag from /home/airflow/.local/lib/python3.12/site-packages/airflow/example_dags/example_complex.py
[2026-06-29T22:01:51.749+0000] {processor.py:925} INFO - DAG(s) 'example_complex' retrieved from /home/airflow/.local/lib/python3.12/site-packages/airflow/example_dags/example_complex.py
[2026-06-29T22:01:51.856+0000] {logging_mixin.py:190} INFO - [2026-06-29T22:01:51.855+0000] {dag.py:3239} INFO - Sync 1 DAGs
[2026-06-29T22:01:51.899+0000] {logging_mixin.py:190} INFO - [2026-06-29T22:01:51.898+0000] {dag.py:4180} INFO - Setting next_dagrun for example_complex to None, run_after=None
[2026-06-29T22:01:51.964+0000] {processor.py:208} INFO - Processing /home/airflow/.local/lib/python3.12/site-packages/airflow/example_dags/example_complex.py took 0.253 seconds
[2026-06-29T22:02:23.208+0000] {processor.py:186} INFO - Started process (PID=489) to work on /home/airflow/.local/lib/python3.12/site-packages/airflow/example_dags/example_complex.py
[2026-06-29T22:02:23.212+0000] {processor.py:914} INFO - Processing file /home/airflow/.local/lib/python3.12/site-packages/airflow/example_dags/example_complex.py for tasks to queue
[2026-06-29T22:02:23.216+0000] {logging_mixin.py:190} INFO - [2026-06-29T22:02:23.215+0000] {dagbag.py:588} INFO - Filling up the DagBag from /home/airflow/.local/lib/python3.12/site-packages/airflow/example_dags/example_complex.py
[2026-06-29T22:02:23.241+0000] {processor.py:925} INFO - DAG(s) 'example_complex' retrieved from /home/airflow/.local/lib/python3.12/site-packages/airflow/example_dags/example_complex.py
[2026-06-29T22:02:23.296+0000] {logging_mixin.py:190} INFO - [2026-06-29T22:02:23.295+0000] {dag.py:3239} INFO - Sync 1 DAGs
[2026-06-29T22:02:23.317+0000] {logging_mixin.py:190} INFO - [2026-06-29T22:02:23.316+0000] {dag.py:4180} INFO - Setting next_dagrun for example_complex to None, run_after=None
[2026-06-29T22:02:23.357+0000] {processor.py:208} INFO - Processing /home/airflow/.local/lib/python3.12/site-packages/airflow/example_dags/example_complex.py took 0.158 seconds
[2026-06-29T22:02:59.177+0000] {processor.py:186} INFO - Started process (PID=552) to work on /home/airflow/.local/lib/python3.12/site-packages/airflow/example_dags/example_complex.py
[2026-06-29T22:02:59.181+0000] {processor.py:914} INFO - Processing file /home/airflow/.local/lib/python3.12/site-packages/airflow/example_dags/example_complex.py for tasks to queue
[2026-06-29T22:02:59.189+0000] {logging_mixin.py:190} INFO - [2026-06-29T22:02:59.187+0000] {dagbag.py:588} INFO - Filling up the DagBag from /home/airflow/.local/lib/python3.12/site-packages/airflow/example_dags/example_complex.py
[2026-06-29T22:02:59.213+0000] {processor.py:925} INFO - DAG(s) 'example_complex' retrieved from /home/airflow/.local/lib/python3.12/site-packages/airflow/example_dags/example_complex.py
[2026-06-29T22:02:59.295+0000] {logging_mixin.py:190} INFO - [2026-06-29T22:02:59.295+0000] {dag.py:3239} INFO - Sync 1 DAGs
[2026-06-29T22:02:59.326+0000] {logging_mixin.py:190} INFO - [2026-06-29T22:02:59.325+0000] {dag.py:4180} INFO - Setting next_dagrun for example_complex to None, run_after=None
[2026-06-29T22:02:59.387+0000] {processor.py:208} INFO - Processing /home/airflow/.local/lib/python3.12/site-packages/airflow/example_dags/example_complex.py took 0.223 seconds
[2026-06-29T22:03:31.094+0000] {processor.py:186} INFO - Started process (PID=616) to work on /home/airflow/.local/lib/python3.12/site-packages/airflow/example_dags/example_complex.py
[2026-06-29T22:03:31.098+0000] {processor.py:914} INFO - Processing file /home/airflow/.local/lib/python3.12/site-packages/airflow/example_dags/example_complex.py for tasks to queue
[2026-06-29T22:03:31.111+0000] {logging_mixin.py:190} INFO - [2026-06-29T22:03:31.109+0000] {dagbag.py:588} INFO - Filling up the DagBag from /home/airflow/.local/lib/python3.12/site-packages/airflow/example_dags/example_complex.py
[2026-06-29T22:03:31.155+0000] {processor.py:925} INFO - DAG(s) 'example_complex' retrieved from /home/airflow/.local/lib/python3.12/site-packages/airflow/example_dags/example_complex.py
[2026-06-29T22:03:31.225+0000] {logging_mixin.py:190} INFO - [2026-06-29T22:03:31.225+0000] {dag.py:3239} INFO - Sync 1 DAGs
[2026-06-29T22:03:31.265+0000] {logging_mixin.py:190} INFO - [2026-06-29T22:03:31.264+0000] {dag.py:4180} INFO - Setting next_dagrun for example_complex to None, run_after=None
[2026-06-29T22:03:31.320+0000] {processor.py:208} INFO - Processing /home/airflow/.local/lib/python3.12/site-packages/airflow/example_dags/example_complex.py took 0.245 seconds
[2026-06-29T22:04:02.735+0000] {processor.py:186} INFO - Started process (PID=685) to work on /home/airflow/.local/lib/python3.12/site-packages/airflow/example_dags/example_complex.py
[2026-06-29T22:04:02.738+0000] {processor.py:914} INFO - Processing file /home/airflow/.local/lib/python3.12/site-packages/airflow/example_dags/example_complex.py for tasks to queue
[2026-06-29T22:04:02.746+0000] {logging_mixin.py:190} INFO - [2026-06-29T22:04:02.745+0000] {dagbag.py:588} INFO - Filling up the DagBag from /home/airflow/.local/lib/python3.12/site-packages/airflow/example_dags/example_complex.py
[2026-06-29T22:04:02.788+0000] {processor.py:925} INFO - DAG(s) 'example_complex' retrieved from /home/airflow/.local/lib/python3.12/site-packages/airflow/example_dags/example_complex.py
[2026-06-29T22:04:02.915+0000] {logging_mixin.py:190} INFO - [2026-06-29T22:04:02.914+0000] {dag.py:3239} INFO - Sync 1 DAGs
[2026-06-29T22:04:02.961+0000] {logging_mixin.py:190} INFO - [2026-06-29T22:04:02.961+0000] {dag.py:4180} INFO - Setting next_dagrun for example_complex to None, run_after=None
[2026-06-29T22:04:03.033+0000] {processor.py:208} INFO - Processing /home/airflow/.local/lib/python3.12/site-packages/airflow/example_dags/example_complex.py took 0.317 seconds
[2026-06-29T22:04:38.010+0000] {processor.py:186} INFO - Started process (PID=749) to work on /home/airflow/.local/lib/python3.12/site-packages/airflow/example_dags/example_complex.py
[2026-06-29T22:04:38.014+0000] {processor.py:914} INFO - Processing file /home/airflow/.local/lib/python3.12/site-packages/airflow/example_dags/example_complex.py for tasks to queue
[2026-06-29T22:04:38.021+0000] {logging_mixin.py:190} INFO - [2026-06-29T22:04:38.020+0000] {dagbag.py:588} INFO - Filling up the DagBag from /home/airflow/.local/lib/python3.12/site-packages/airflow/example_dags/example_complex.py
[2026-06-29T22:04:38.074+0000] {processor.py:925} INFO - DAG(s) 'example_complex' retrieved from /home/airflow/.local/lib/python3.12/site-packages/airflow/example_dags/example_complex.py
[2026-06-29T22:04:38.254+0000] {logging_mixin.py:190} INFO - [2026-06-29T22:04:38.253+0000] {dag.py:3239} INFO - Sync 1 DAGs
[2026-06-29T22:04:38.310+0000] {logging_mixin.py:190} INFO - [2026-06-29T22:04:38.309+0000] {dag.py:4180} INFO - Setting next_dagrun for example_complex to None, run_after=None
[2026-06-29T22:04:38.438+0000] {processor.py:208} INFO - Processing /home/airflow/.local/lib/python3.12/site-packages/airflow/example_dags/example_complex.py took 0.443 seconds
[2026-06-29T22:05:08.615+0000] {processor.py:186} INFO - Started process (PID=813) to work on /home/airflow/.local/lib/python3.12/site-packages/airflow/example_dags/example_complex.py
[2026-06-29T22:05:08.616+0000] {processor.py:914} INFO - Processing file /home/airflow/.local/lib/python3.12/site-packages/airflow/example_dags/example_complex.py for tasks to queue
[2026-06-29T22:05:08.620+0000] {logging_mixin.py:190} INFO - [2026-06-29T22:05:08.619+0000] {dagbag.py:588} INFO - Filling up the DagBag from /home/airflow/.local/lib/python3.12/site-packages/airflow/example_dags/example_complex.py
[2026-06-29T22:05:08.631+0000] {processor.py:925} INFO - DAG(s) 'example_complex' retrieved from /home/airflow/.local/lib/python3.12/site-packages/airflow/example_dags/example_complex.py
[2026-06-29T22:05:08.662+0000] {logging_mixin.py:190} INFO - [2026-06-29T22:05:08.662+0000] {dag.py:3239} INFO - Sync 1 DAGs
[2026-06-29T22:05:08.677+0000] {logging_mixin.py:190} INFO - [2026-06-29T22:05:08.676+0000] {dag.py:4180} INFO - Setting next_dagrun for example_complex to None, run_after=None
[2026-06-29T22:05:08.700+0000] {processor.py:208} INFO - Processing /home/airflow/.local/lib/python3.12/site-packages/airflow/example_dags/example_complex.py took 0.091 seconds
[2026-06-29T22:05:39.580+0000] {processor.py:186} INFO - Started process (PID=878) to work on /home/airflow/.local/lib/python3.12/site-packages/airflow/example_dags/example_complex.py
[2026-06-29T22:05:39.582+0000] {processor.py:914} INFO - Processing file /home/airflow/.local/lib/python3.12/site-packages/airflow/example_dags/example_complex.py for tasks to queue
[2026-06-29T22:05:39.585+0000] {logging_mixin.py:190} INFO - [2026-06-29T22:05:39.585+0000] {dagbag.py:588} INFO - Filling up the DagBag from /home/airflow/.local/lib/python3.12/site-packages/airflow/example_dags/example_complex.py
[2026-06-29T22:05:39.598+0000] {processor.py:925} INFO - DAG(s) 'example_complex' retrieved from /home/airflow/.local/lib/python3.12/site-packages/airflow/example_dags/example_complex.py
[2026-06-29T22:05:39.635+0000] {logging_mixin.py:190} INFO - [2026-06-29T22:05:39.634+0000] {dag.py:3239} INFO - Sync 1 DAGs
[2026-06-29T22:05:39.656+0000] {logging_mixin.py:190} INFO - [2026-06-29T22:05:39.656+0000] {dag.py:4180} INFO - Setting next_dagrun for example_complex to None, run_after=None
[2026-06-29T22:05:39.682+0000] {processor.py:208} INFO - Processing /home/airflow/.local/lib/python3.12/site-packages/airflow/example_dags/example_complex.py took 0.110 seconds
[2026-06-29T22:06:11.271+0000] {processor.py:186} INFO - Started process (PID=942) to work on /home/airflow/.local/lib/python3.12/site-packages/airflow/example_dags/example_complex.py
[2026-06-29T22:06:11.273+0000] {processor.py:914} INFO - Processing file /home/airflow/.local/lib/python3.12/site-packages/airflow/example_dags/example_complex.py for tasks to queue
[2026-06-29T22:06:11.278+0000] {logging_mixin.py:190} INFO - [2026-06-29T22:06:11.277+0000] {dagbag.py:588} INFO - Filling up the DagBag from /home/airflow/.local/lib/python3.12/site-packages/airflow/example_dags/example_complex.py
[2026-06-29T22:06:11.294+0000] {processor.py:925} INFO - DAG(s) 'example_complex' retrieved from /home/airflow/.local/lib/python3.12/site-packages/airflow/example_dags/example_complex.py
[2026-06-29T22:06:11.330+0000] {logging_mixin.py:190} INFO - [2026-06-29T22:06:11.330+0000] {dag.py:3239} INFO - Sync 1 DAGs
[2026-06-29T22:06:11.349+0000] {logging_mixin.py:190} INFO - [2026-06-29T22:06:11.348+0000] {dag.py:4180} INFO - Setting next_dagrun for example_complex to None, run_after=None
[2026-06-29T22:06:11.376+0000] {processor.py:208} INFO - Processing /home/airflow/.local/lib/python3.12/site-packages/airflow/example_dags/example_complex.py took 0.113 seconds
[2026-06-29T22:08:27.872+0000] {processor.py:186} INFO - Started process (PID=117) to work on /home/airflow/.local/lib/python3.12/site-packages/airflow/example_dags/example_complex.py
[2026-06-29T22:08:27.875+0000] {processor.py:914} INFO - Processing file /home/airflow/.local/lib/python3.12/site-packages/airflow/example_dags/example_complex.py for tasks to queue
[2026-06-29T22:08:27.883+0000] {logging_mixin.py:190} INFO - [2026-06-29T22:08:27.882+0000] {dagbag.py:588} INFO - Filling up the DagBag from /home/airflow/.local/lib/python3.12/site-packages/airflow/example_dags/example_complex.py
[2026-06-29T22:08:27.910+0000] {processor.py:925} INFO - DAG(s) 'example_complex' retrieved from /home/airflow/.local/lib/python3.12/site-packages/airflow/example_dags/example_complex.py
[2026-06-29T22:08:27.971+0000] {logging_mixin.py:190} INFO - [2026-06-29T22:08:27.971+0000] {dag.py:3239} INFO - Sync 1 DAGs
[2026-06-29T22:08:27.998+0000] {logging_mixin.py:190} INFO - [2026-06-29T22:08:27.997+0000] {dag.py:4180} INFO - Setting next_dagrun for example_complex to None, run_after=None
[2026-06-29T22:08:28.046+0000] {processor.py:208} INFO - Processing /home/airflow/.local/lib/python3.12/site-packages/airflow/example_dags/example_complex.py took 0.184 seconds
[2026-06-29T22:09:04.189+0000] {processor.py:186} INFO - Started process (PID=181) to work on /home/airflow/.local/lib/python3.12/site-packages/airflow/example_dags/example_complex.py
[2026-06-29T22:09:04.199+0000] {processor.py:914} INFO - Processing file /home/airflow/.local/lib/python3.12/site-packages/airflow/example_dags/example_complex.py for tasks to queue
[2026-06-29T22:09:04.206+0000] {logging_mixin.py:190} INFO - [2026-06-29T22:09:04.205+0000] {dagbag.py:588} INFO - Filling up the DagBag from /home/airflow/.local/lib/python3.12/site-packages/airflow/example_dags/example_complex.py
[2026-06-29T22:09:04.246+0000] {processor.py:925} INFO - DAG(s) 'example_complex' retrieved from /home/airflow/.local/lib/python3.12/site-packages/airflow/example_dags/example_complex.py
[2026-06-29T22:09:04.347+0000] {logging_mixin.py:190} INFO - [2026-06-29T22:09:04.346+0000] {dag.py:3239} INFO - Sync 1 DAGs
[2026-06-29T22:09:04.394+0000] {logging_mixin.py:190} INFO - [2026-06-29T22:09:04.393+0000] {dag.py:4180} INFO - Setting next_dagrun for example_complex to None, run_after=None
[2026-06-29T22:09:04.449+0000] {processor.py:208} INFO - Processing /home/airflow/.local/lib/python3.12/site-packages/airflow/example_dags/example_complex.py took 0.278 seconds
[2026-06-29T22:09:37.682+0000] {processor.py:186} INFO - Started process (PID=251) to work on /home/airflow/.local/lib/python3.12/site-packages/airflow/example_dags/example_complex.py
[2026-06-29T22:09:37.687+0000] {processor.py:914} INFO - Processing file /home/airflow/.local/lib/python3.12/site-packages/airflow/example_dags/example_complex.py for tasks to queue
[2026-06-29T22:09:37.697+0000] {logging_mixin.py:190} INFO - [2026-06-29T22:09:37.696+0000] {dagbag.py:588} INFO - Filling up the DagBag from /home/airflow/.local/lib/python3.12/site-packages/airflow/example_dags/example_complex.py
[2026-06-29T22:09:37.719+0000] {processor.py:925} INFO - DAG(s) 'example_complex' retrieved from /home/airflow/.local/lib/python3.12/site-packages/airflow/example_dags/example_complex.py
[2026-06-29T22:09:37.782+0000] {logging_mixin.py:190} INFO - [2026-06-29T22:09:37.782+0000] {dag.py:3239} INFO - Sync 1 DAGs
[2026-06-29T22:09:37.814+0000] {logging_mixin.py:190} INFO - [2026-06-29T22:09:37.813+0000] {dag.py:4180} INFO - Setting next_dagrun for example_complex to None, run_after=None
[2026-06-29T22:09:37.860+0000] {processor.py:208} INFO - Processing /home/airflow/.local/lib/python3.12/site-packages/airflow/example_dags/example_complex.py took 0.192 seconds
[2026-06-29T22:10:14.388+0000] {processor.py:186} INFO - Started process (PID=316) to work on /home/airflow/.local/lib/python3.12/site-packages/airflow/example_dags/example_complex.py
[2026-06-29T22:10:14.392+0000] {processor.py:914} INFO - Processing file /home/airflow/.local/lib/python3.12/site-packages/airflow/example_dags/example_complex.py for tasks to queue
[2026-06-29T22:10:14.405+0000] {logging_mixin.py:190} INFO - [2026-06-29T22:10:14.405+0000] {dagbag.py:588} INFO - Filling up the DagBag from /home/airflow/.local/lib/python3.12/site-packages/airflow/example_dags/example_complex.py
[2026-06-29T22:10:14.431+0000] {processor.py:925} INFO - DAG(s) 'example_complex' retrieved from /home/airflow/.local/lib/python3.12/site-packages/airflow/example_dags/example_complex.py
[2026-06-29T22:10:14.480+0000] {logging_mixin.py:190} INFO - [2026-06-29T22:10:14.480+0000] {dag.py:3239} INFO - Sync 1 DAGs
[2026-06-29T22:10:14.507+0000] {logging_mixin.py:190} INFO - [2026-06-29T22:10:14.507+0000] {dag.py:4180} INFO - Setting next_dagrun for example_complex to None, run_after=None
[2026-06-29T22:10:14.539+0000] {processor.py:208} INFO - Processing /home/airflow/.local/lib/python3.12/site-packages/airflow/example_dags/example_complex.py took 0.170 seconds
[2026-06-29T22:10:45.091+0000] {processor.py:186} INFO - Started process (PID=380) to work on /home/airflow/.local/lib/python3.12/site-packages/airflow/example_dags/example_complex.py
[2026-06-29T22:10:45.094+0000] {processor.py:914} INFO - Processing file /home/airflow/.local/lib/python3.12/site-packages/airflow/example_dags/example_complex.py for tasks to queue
[2026-06-29T22:10:45.101+0000] {logging_mixin.py:190} INFO - [2026-06-29T22:10:45.101+0000] {dagbag.py:588} INFO - Filling up the DagBag from /home/airflow/.local/lib/python3.12/site-packages/airflow/example_dags/example_complex.py
[2026-06-29T22:10:45.134+0000] {processor.py:925} INFO - DAG(s) 'example_complex' retrieved from /home/airflow/.local/lib/python3.12/site-packages/airflow/example_dags/example_complex.py
[2026-06-29T22:10:45.210+0000] {logging_mixin.py:190} INFO - [2026-06-29T22:10:45.210+0000] {dag.py:3239} INFO - Sync 1 DAGs
[2026-06-29T22:10:45.236+0000] {logging_mixin.py:190} INFO - [2026-06-29T22:10:45.235+0000] {dag.py:4180} INFO - Setting next_dagrun for example_complex to None, run_after=None
[2026-06-29T22:10:45.281+0000] {processor.py:208} INFO - Processing /home/airflow/.local/lib/python3.12/site-packages/airflow/example_dags/example_complex.py took 0.201 seconds
[2026-06-29T22:11:15.365+0000] {processor.py:186} INFO - Started process (PID=444) to work on /home/airflow/.local/lib/python3.12/site-packages/airflow/example_dags/example_complex.py
[2026-06-29T22:11:15.367+0000] {processor.py:914} INFO - Processing file /home/airflow/.local/lib/python3.12/site-packages/airflow/example_dags/example_complex.py for tasks to queue
[2026-06-29T22:11:15.371+0000] {logging_mixin.py:190} INFO - [2026-06-29T22:11:15.370+0000] {dagbag.py:588} INFO - Filling up the DagBag from /home/airflow/.local/lib/python3.12/site-packages/airflow/example_dags/example_complex.py
[2026-06-29T22:11:15.385+0000] {processor.py:925} INFO - DAG(s) 'example_complex' retrieved from /home/airflow/.local/lib/python3.12/site-packages/airflow/example_dags/example_complex.py
[2026-06-29T22:11:15.421+0000] {logging_mixin.py:190} INFO - [2026-06-29T22:11:15.420+0000] {dag.py:3239} INFO - Sync 1 DAGs
[2026-06-29T22:11:15.438+0000] {logging_mixin.py:190} INFO - [2026-06-29T22:11:15.437+0000] {dag.py:4180} INFO - Setting next_dagrun for example_complex to None, run_after=None
[2026-06-29T22:11:15.464+0000] {processor.py:208} INFO - Processing /home/airflow/.local/lib/python3.12/site-packages/airflow/example_dags/example_complex.py took 0.106 seconds
[2026-06-29T22:11:46.406+0000] {processor.py:186} INFO - Started process (PID=508) to work on /home/airflow/.local/lib/python3.12/site-packages/airflow/example_dags/example_complex.py
[2026-06-29T22:11:46.409+0000] {processor.py:914} INFO - Processing file /home/airflow/.local/lib/python3.12/site-packages/airflow/example_dags/example_complex.py for tasks to queue
[2026-06-29T22:11:46.412+0000] {logging_mixin.py:190} INFO - [2026-06-29T22:11:46.412+0000] {dagbag.py:588} INFO - Filling up the DagBag from /home/airflow/.local/lib/python3.12/site-packages/airflow/example_dags/example_complex.py
[2026-06-29T22:11:46.430+0000] {processor.py:925} INFO - DAG(s) 'example_complex' retrieved from /home/airflow/.local/lib/python3.12/site-packages/airflow/example_dags/example_complex.py
[2026-06-29T22:11:46.468+0000] {logging_mixin.py:190} INFO - [2026-06-29T22:11:46.468+0000] {dag.py:3239} INFO - Sync 1 DAGs
[2026-06-29T22:11:46.485+0000] {logging_mixin.py:190} INFO - [2026-06-29T22:11:46.485+0000] {dag.py:4180} INFO - Setting next_dagrun for example_complex to None, run_after=None
[2026-06-29T22:11:46.513+0000] {processor.py:208} INFO - Processing /home/airflow/.local/lib/python3.12/site-packages/airflow/example_dags/example_complex.py took 0.116 seconds
[2026-06-29T22:12:17.099+0000] {processor.py:186} INFO - Started process (PID=572) to work on /home/airflow/.local/lib/python3.12/site-packages/airflow/example_dags/example_complex.py
[2026-06-29T22:12:17.101+0000] {processor.py:914} INFO - Processing file /home/airflow/.local/lib/python3.12/site-packages/airflow/example_dags/example_complex.py for tasks to queue
[2026-06-29T22:12:17.109+0000] {logging_mixin.py:190} INFO - [2026-06-29T22:12:17.108+0000] {dagbag.py:588} INFO - Filling up the DagBag from /home/airflow/.local/lib/python3.12/site-packages/airflow/example_dags/example_complex.py
[2026-06-29T22:12:17.129+0000] {processor.py:925} INFO - DAG(s) 'example_complex' retrieved from /home/airflow/.local/lib/python3.12/site-packages/airflow/example_dags/example_complex.py
[2026-06-29T22:12:17.164+0000] {logging_mixin.py:190} INFO - [2026-06-29T22:12:17.164+0000] {dag.py:3239} INFO - Sync 1 DAGs
[2026-06-29T22:12:17.181+0000] {logging_mixin.py:190} INFO - [2026-06-29T22:12:17.181+0000] {dag.py:4180} INFO - Setting next_dagrun for example_complex to None, run_after=None
[2026-06-29T22:12:17.202+0000] {processor.py:208} INFO - Processing /home/airflow/.local/lib/python3.12/site-packages/airflow/example_dags/example_complex.py took 0.114 seconds
[2026-06-29T22:12:48.800+0000] {processor.py:186} INFO - Started process (PID=636) to work on /home/airflow/.local/lib/python3.12/site-packages/airflow/example_dags/example_complex.py
[2026-06-29T22:12:48.803+0000] {processor.py:914} INFO - Processing file /home/airflow/.local/lib/python3.12/site-packages/airflow/example_dags/example_complex.py for tasks to queue
[2026-06-29T22:12:48.806+0000] {logging_mixin.py:190} INFO - [2026-06-29T22:12:48.806+0000] {dagbag.py:588} INFO - Filling up the DagBag from /home/airflow/.local/lib/python3.12/site-packages/airflow/example_dags/example_complex.py
[2026-06-29T22:12:48.819+0000] {processor.py:925} INFO - DAG(s) 'example_complex' retrieved from /home/airflow/.local/lib/python3.12/site-packages/airflow/example_dags/example_complex.py
[2026-06-29T22:12:48.851+0000] {logging_mixin.py:190} INFO - [2026-06-29T22:12:48.851+0000] {dag.py:3239} INFO - Sync 1 DAGs
[2026-06-29T22:12:48.868+0000] {logging_mixin.py:190} INFO - [2026-06-29T22:12:48.868+0000] {dag.py:4180} INFO - Setting next_dagrun for example_complex to None, run_after=None
[2026-06-29T22:12:48.909+0000] {processor.py:208} INFO - Processing /home/airflow/.local/lib/python3.12/site-packages/airflow/example_dags/example_complex.py took 0.115 seconds
[2026-06-29T22:13:21.029+0000] {processor.py:186} INFO - Started process (PID=700) to work on /home/airflow/.local/lib/python3.12/site-packages/airflow/example_dags/example_complex.py
[2026-06-29T22:13:21.032+0000] {processor.py:914} INFO - Processing file /home/airflow/.local/lib/python3.12/site-packages/airflow/example_dags/example_complex.py for tasks to queue
[2026-06-29T22:13:21.039+0000] {logging_mixin.py:190} INFO - [2026-06-29T22:13:21.038+0000] {dagbag.py:588} INFO - Filling up the DagBag from /home/airflow/.local/lib/python3.12/site-packages/airflow/example_dags/example_complex.py
[2026-06-29T22:13:21.060+0000] {processor.py:925} INFO - DAG(s) 'example_complex' retrieved from /home/airflow/.local/lib/python3.12/site-packages/airflow/example_dags/example_complex.py
[2026-06-29T22:13:21.110+0000] {logging_mixin.py:190} INFO - [2026-06-29T22:13:21.110+0000] {dag.py:3239} INFO - Sync 1 DAGs
[2026-06-29T22:13:21.134+0000] {logging_mixin.py:190} INFO - [2026-06-29T22:13:21.133+0000] {dag.py:4180} INFO - Setting next_dagrun for example_complex to None, run_after=None
[2026-06-29T22:13:21.168+0000] {processor.py:208} INFO - Processing /home/airflow/.local/lib/python3.12/site-packages/airflow/example_dags/example_complex.py took 0.152 seconds
[2026-06-29T22:13:51.740+0000] {processor.py:186} INFO - Started process (PID=765) to work on /home/airflow/.local/lib/python3.12/site-packages/airflow/example_dags/example_complex.py
[2026-06-29T22:13:51.742+0000] {processor.py:914} INFO - Processing file /home/airflow/.local/lib/python3.12/site-packages/airflow/example_dags/example_complex.py for tasks to queue
[2026-06-29T22:13:51.748+0000] {logging_mixin.py:190} INFO - [2026-06-29T22:13:51.747+0000] {dagbag.py:588} INFO - Filling up the DagBag from /home/airflow/.local/lib/python3.12/site-packages/airflow/example_dags/example_complex.py
[2026-06-29T22:13:51.777+0000] {processor.py:925} INFO - DAG(s) 'example_complex' retrieved from /home/airflow/.local/lib/python3.12/site-packages/airflow/example_dags/example_complex.py
[2026-06-29T22:13:51.838+0000] {logging_mixin.py:190} INFO - [2026-06-29T22:13:51.838+0000] {dag.py:3239} INFO - Sync 1 DAGs
[2026-06-29T22:13:51.859+0000] {logging_mixin.py:190} INFO - [2026-06-29T22:13:51.859+0000] {dag.py:4180} INFO - Setting next_dagrun for example_complex to None, run_after=None
[2026-06-29T22:13:51.891+0000] {processor.py:208} INFO - Processing /home/airflow/.local/lib/python3.12/site-packages/airflow/example_dags/example_complex.py took 0.162 seconds
[2026-06-29T22:14:24.830+0000] {processor.py:186} INFO - Started process (PID=829) to work on /home/airflow/.local/lib/python3.12/site-packages/airflow/example_dags/example_complex.py
[2026-06-29T22:14:24.833+0000] {processor.py:914} INFO - Processing file /home/airflow/.local/lib/python3.12/site-packages/airflow/example_dags/example_complex.py for tasks to queue
[2026-06-29T22:14:24.837+0000] {logging_mixin.py:190} INFO - [2026-06-29T22:14:24.836+0000] {dagbag.py:588} INFO - Filling up the DagBag from /home/airflow/.local/lib/python3.12/site-packages/airflow/example_dags/example_complex.py
[2026-06-29T22:14:24.857+0000] {processor.py:925} INFO - DAG(s) 'example_complex' retrieved from /home/airflow/.local/lib/python3.12/site-packages/airflow/example_dags/example_complex.py
[2026-06-29T22:14:24.920+0000] {logging_mixin.py:190} INFO - [2026-06-29T22:14:24.920+0000] {dag.py:3239} INFO - Sync 1 DAGs
[2026-06-29T22:14:24.953+0000] {logging_mixin.py:190} INFO - [2026-06-29T22:14:24.952+0000] {dag.py:4180} INFO - Setting next_dagrun for example_complex to None, run_after=None
[2026-06-29T22:14:25.003+0000] {processor.py:208} INFO - Processing /home/airflow/.local/lib/python3.12/site-packages/airflow/example_dags/example_complex.py took 0.182 seconds
[2026-06-29T22:14:55.391+0000] {processor.py:186} INFO - Started process (PID=893) to work on /home/airflow/.local/lib/python3.12/site-packages/airflow/example_dags/example_complex.py
[2026-06-29T22:14:55.395+0000] {processor.py:914} INFO - Processing file /home/airflow/.local/lib/python3.12/site-packages/airflow/example_dags/example_complex.py for tasks to queue
[2026-06-29T22:14:55.404+0000] {logging_mixin.py:190} INFO - [2026-06-29T22:14:55.404+0000] {dagbag.py:588} INFO - Filling up the DagBag from /home/airflow/.local/lib/python3.12/site-packages/airflow/example_dags/example_complex.py
[2026-06-29T22:14:55.434+0000] {processor.py:925} INFO - DAG(s) 'example_complex' retrieved from /home/airflow/.local/lib/python3.12/site-packages/airflow/example_dags/example_complex.py
[2026-06-29T22:14:55.546+0000] {logging_mixin.py:190} INFO - [2026-06-29T22:14:55.545+0000] {dag.py:3239} INFO - Sync 1 DAGs
[2026-06-29T22:14:55.590+0000] {logging_mixin.py:190} INFO - [2026-06-29T22:14:55.589+0000] {dag.py:4180} INFO - Setting next_dagrun for example_complex to None, run_after=None
[2026-06-29T22:14:55.652+0000] {processor.py:208} INFO - Processing /home/airflow/.local/lib/python3.12/site-packages/airflow/example_dags/example_complex.py took 0.276 seconds
[2026-06-29T22:15:26.881+0000] {processor.py:186} INFO - Started process (PID=957) to work on /home/airflow/.local/lib/python3.12/site-packages/airflow/example_dags/example_complex.py
[2026-06-29T22:15:26.883+0000] {processor.py:914} INFO - Processing file /home/airflow/.local/lib/python3.12/site-packages/airflow/example_dags/example_complex.py for tasks to queue
[2026-06-29T22:15:26.887+0000] {logging_mixin.py:190} INFO - [2026-06-29T22:15:26.886+0000] {dagbag.py:588} INFO - Filling up the DagBag from /home/airflow/.local/lib/python3.12/site-packages/airflow/example_dags/example_complex.py
[2026-06-29T22:15:26.905+0000] {processor.py:925} INFO - DAG(s) 'example_complex' retrieved from /home/airflow/.local/lib/python3.12/site-packages/airflow/example_dags/example_complex.py
[2026-06-29T22:15:26.952+0000] {logging_mixin.py:190} INFO - [2026-06-29T22:15:26.952+0000] {dag.py:3239} INFO - Sync 1 DAGs
[2026-06-29T22:15:26.977+0000] {logging_mixin.py:190} INFO - [2026-06-29T22:15:26.977+0000] {dag.py:4180} INFO - Setting next_dagrun for example_complex to None, run_after=None
[2026-06-29T22:15:27.009+0000] {processor.py:208} INFO - Processing /home/airflow/.local/lib/python3.12/site-packages/airflow/example_dags/example_complex.py took 0.137 seconds
[2026-06-29T22:15:58.403+0000] {processor.py:186} INFO - Started process (PID=1021) to work on /home/airflow/.local/lib/python3.12/site-packages/airflow/example_dags/example_complex.py
[2026-06-29T22:15:58.405+0000] {processor.py:914} INFO - Processing file /home/airflow/.local/lib/python3.12/site-packages/airflow/example_dags/example_complex.py for tasks to queue
[2026-06-29T22:15:58.412+0000] {logging_mixin.py:190} INFO - [2026-06-29T22:15:58.411+0000] {dagbag.py:588} INFO - Filling up the DagBag from /home/airflow/.local/lib/python3.12/site-packages/airflow/example_dags/example_complex.py
[2026-06-29T22:15:58.434+0000] {processor.py:925} INFO - DAG(s) 'example_complex' retrieved from /home/airflow/.local/lib/python3.12/site-packages/airflow/example_dags/example_complex.py
[2026-06-29T22:15:58.503+0000] {logging_mixin.py:190} INFO - [2026-06-29T22:15:58.502+0000] {dag.py:3239} INFO - Sync 1 DAGs
[2026-06-29T22:15:58.542+0000] {logging_mixin.py:190} INFO - [2026-06-29T22:15:58.541+0000] {dag.py:4180} INFO - Setting next_dagrun for example_complex to None, run_after=None
[2026-06-29T22:15:58.599+0000] {processor.py:208} INFO - Processing /home/airflow/.local/lib/python3.12/site-packages/airflow/example_dags/example_complex.py took 0.208 seconds
[2026-06-29T22:16:29.481+0000] {processor.py:186} INFO - Started process (PID=1085) to work on /home/airflow/.local/lib/python3.12/site-packages/airflow/example_dags/example_complex.py
[2026-06-29T22:16:29.482+0000] {processor.py:914} INFO - Processing file /home/airflow/.local/lib/python3.12/site-packages/airflow/example_dags/example_complex.py for tasks to queue
[2026-06-29T22:16:29.487+0000] {logging_mixin.py:190} INFO - [2026-06-29T22:16:29.486+0000] {dagbag.py:588} INFO - Filling up the DagBag from /home/airflow/.local/lib/python3.12/site-packages/airflow/example_dags/example_complex.py
[2026-06-29T22:16:29.506+0000] {processor.py:925} INFO - DAG(s) 'example_complex' retrieved from /home/airflow/.local/lib/python3.12/site-packages/airflow/example_dags/example_complex.py
[2026-06-29T22:16:29.547+0000] {logging_mixin.py:190} INFO - [2026-06-29T22:16:29.547+0000] {dag.py:3239} INFO - Sync 1 DAGs
[2026-06-29T22:16:29.566+0000] {logging_mixin.py:190} INFO - [2026-06-29T22:16:29.566+0000] {dag.py:4180} INFO - Setting next_dagrun for example_complex to None, run_after=None
[2026-06-29T22:16:29.593+0000] {processor.py:208} INFO - Processing /home/airflow/.local/lib/python3.12/site-packages/airflow/example_dags/example_complex.py took 0.123 seconds
[2026-06-29T22:17:00.968+0000] {processor.py:186} INFO - Started process (PID=1149) to work on /home/airflow/.local/lib/python3.12/site-packages/airflow/example_dags/example_complex.py
[2026-06-29T22:17:00.970+0000] {processor.py:914} INFO - Processing file /home/airflow/.local/lib/python3.12/site-packages/airflow/example_dags/example_complex.py for tasks to queue
[2026-06-29T22:17:00.975+0000] {logging_mixin.py:190} INFO - [2026-06-29T22:17:00.975+0000] {dagbag.py:588} INFO - Filling up the DagBag from /home/airflow/.local/lib/python3.12/site-packages/airflow/example_dags/example_complex.py
[2026-06-29T22:17:00.995+0000] {processor.py:925} INFO - DAG(s) 'example_complex' retrieved from /home/airflow/.local/lib/python3.12/site-packages/airflow/example_dags/example_complex.py
[2026-06-29T22:17:01.048+0000] {logging_mixin.py:190} INFO - [2026-06-29T22:17:01.047+0000] {dag.py:3239} INFO - Sync 1 DAGs
[2026-06-29T22:17:01.075+0000] {logging_mixin.py:190} INFO - [2026-06-29T22:17:01.075+0000] {dag.py:4180} INFO - Setting next_dagrun for example_complex to None, run_after=None
[2026-06-29T22:17:01.110+0000] {processor.py:208} INFO - Processing /home/airflow/.local/lib/python3.12/site-packages/airflow/example_dags/example_complex.py took 0.151 seconds
[2026-06-29T22:17:33.594+0000] {processor.py:186} INFO - Started process (PID=1213) to work on /home/airflow/.local/lib/python3.12/site-packages/airflow/example_dags/example_complex.py
[2026-06-29T22:17:33.597+0000] {processor.py:914} INFO - Processing file /home/airflow/.local/lib/python3.12/site-packages/airflow/example_dags/example_complex.py for tasks to queue
[2026-06-29T22:17:33.608+0000] {logging_mixin.py:190} INFO - [2026-06-29T22:17:33.606+0000] {dagbag.py:588} INFO - Filling up the DagBag from /home/airflow/.local/lib/python3.12/site-packages/airflow/example_dags/example_complex.py
[2026-06-29T22:17:33.658+0000] {processor.py:925} INFO - DAG(s) 'example_complex' retrieved from /home/airflow/.local/lib/python3.12/site-packages/airflow/example_dags/example_complex.py
[2026-06-29T22:17:33.772+0000] {logging_mixin.py:190} INFO - [2026-06-29T22:17:33.771+0000] {dag.py:3239} INFO - Sync 1 DAGs
[2026-06-29T22:17:33.817+0000] {logging_mixin.py:190} INFO - [2026-06-29T22:17:33.817+0000] {dag.py:4180} INFO - Setting next_dagrun for example_complex to None, run_after=None
[2026-06-29T22:17:33.878+0000] {processor.py:208} INFO - Processing /home/airflow/.local/lib/python3.12/site-packages/airflow/example_dags/example_complex.py took 0.306 seconds
[2026-06-29T22:18:04.298+0000] {processor.py:186} INFO - Started process (PID=1277) to work on /home/airflow/.local/lib/python3.12/site-packages/airflow/example_dags/example_complex.py
[2026-06-29T22:18:04.300+0000] {processor.py:914} INFO - Processing file /home/airflow/.local/lib/python3.12/site-packages/airflow/example_dags/example_complex.py for tasks to queue
[2026-06-29T22:18:04.305+0000] {logging_mixin.py:190} INFO - [2026-06-29T22:18:04.305+0000] {dagbag.py:588} INFO - Filling up the DagBag from /home/airflow/.local/lib/python3.12/site-packages/airflow/example_dags/example_complex.py
[2026-06-29T22:18:04.319+0000] {processor.py:925} INFO - DAG(s) 'example_complex' retrieved from /home/airflow/.local/lib/python3.12/site-packages/airflow/example_dags/example_complex.py
[2026-06-29T22:18:04.354+0000] {logging_mixin.py:190} INFO - [2026-06-29T22:18:04.354+0000] {dag.py:3239} INFO - Sync 1 DAGs
[2026-06-29T22:18:04.370+0000] {logging_mixin.py:190} INFO - [2026-06-29T22:18:04.370+0000] {dag.py:4180} INFO - Setting next_dagrun for example_complex to None, run_after=None
[2026-06-29T22:18:04.394+0000] {processor.py:208} INFO - Processing /home/airflow/.local/lib/python3.12/site-packages/airflow/example_dags/example_complex.py took 0.111 seconds
[2026-06-29T22:18:36.433+0000] {processor.py:186} INFO - Started process (PID=1341) to work on /home/airflow/.local/lib/python3.12/site-packages/airflow/example_dags/example_complex.py
[2026-06-29T22:18:36.437+0000] {processor.py:914} INFO - Processing file /home/airflow/.local/lib/python3.12/site-packages/airflow/example_dags/example_complex.py for tasks to queue
[2026-06-29T22:18:36.444+0000] {logging_mixin.py:190} INFO - [2026-06-29T22:18:36.443+0000] {dagbag.py:588} INFO - Filling up the DagBag from /home/airflow/.local/lib/python3.12/site-packages/airflow/example_dags/example_complex.py
[2026-06-29T22:18:36.469+0000] {processor.py:925} INFO - DAG(s) 'example_complex' retrieved from /home/airflow/.local/lib/python3.12/site-packages/airflow/example_dags/example_complex.py
[2026-06-29T22:18:36.531+0000] {logging_mixin.py:190} INFO - [2026-06-29T22:18:36.531+0000] {dag.py:3239} INFO - Sync 1 DAGs
[2026-06-29T22:18:36.557+0000] {logging_mixin.py:190} INFO - [2026-06-29T22:18:36.557+0000] {dag.py:4180} INFO - Setting next_dagrun for example_complex to None, run_after=None
[2026-06-29T22:18:36.608+0000] {processor.py:208} INFO - Processing /home/airflow/.local/lib/python3.12/site-packages/airflow/example_dags/example_complex.py took 0.187 seconds
[2026-06-29T22:19:07.399+0000] {processor.py:186} INFO - Started process (PID=1405) to work on /home/airflow/.local/lib/python3.12/site-packages/airflow/example_dags/example_complex.py
[2026-06-29T22:19:07.401+0000] {processor.py:914} INFO - Processing file /home/airflow/.local/lib/python3.12/site-packages/airflow/example_dags/example_complex.py for tasks to queue
[2026-06-29T22:19:07.405+0000] {logging_mixin.py:190} INFO - [2026-06-29T22:19:07.404+0000] {dagbag.py:588} INFO - Filling up the DagBag from /home/airflow/.local/lib/python3.12/site-packages/airflow/example_dags/example_complex.py
[2026-06-29T22:19:07.424+0000] {processor.py:925} INFO - DAG(s) 'example_complex' retrieved from /home/airflow/.local/lib/python3.12/site-packages/airflow/example_dags/example_complex.py
[2026-06-29T22:19:07.468+0000] {logging_mixin.py:190} INFO - [2026-06-29T22:19:07.468+0000] {dag.py:3239} INFO - Sync 1 DAGs
[2026-06-29T22:19:07.488+0000] {logging_mixin.py:190} INFO - [2026-06-29T22:19:07.487+0000] {dag.py:4180} INFO - Setting next_dagrun for example_complex to None, run_after=None
[2026-06-29T22:19:07.525+0000] {processor.py:208} INFO - Processing /home/airflow/.local/lib/python3.12/site-packages/airflow/example_dags/example_complex.py took 0.137 seconds
[2026-06-29T22:19:40.103+0000] {processor.py:186} INFO - Started process (PID=1477) to work on /home/airflow/.local/lib/python3.12/site-packages/airflow/example_dags/example_complex.py
[2026-06-29T22:19:40.109+0000] {processor.py:914} INFO - Processing file /home/airflow/.local/lib/python3.12/site-packages/airflow/example_dags/example_complex.py for tasks to queue
[2026-06-29T22:19:40.122+0000] {logging_mixin.py:190} INFO - [2026-06-29T22:19:40.121+0000] {dagbag.py:588} INFO - Filling up the DagBag from /home/airflow/.local/lib/python3.12/site-packages/airflow/example_dags/example_complex.py
[2026-06-29T22:19:40.156+0000] {processor.py:925} INFO - DAG(s) 'example_complex' retrieved from /home/airflow/.local/lib/python3.12/site-packages/airflow/example_dags/example_complex.py
[2026-06-29T22:19:40.288+0000] {logging_mixin.py:190} INFO - [2026-06-29T22:19:40.287+0000] {dag.py:3239} INFO - Sync 1 DAGs
[2026-06-29T22:19:40.406+0000] {logging_mixin.py:190} INFO - [2026-06-29T22:19:40.405+0000] {dag.py:4180} INFO - Setting next_dagrun for example_complex to None, run_after=None
[2026-06-29T22:19:40.577+0000] {processor.py:208} INFO - Processing /home/airflow/.local/lib/python3.12/site-packages/airflow/example_dags/example_complex.py took 0.489 seconds
[2026-06-29T22:20:13.506+0000] {processor.py:186} INFO - Started process (PID=1542) to work on /home/airflow/.local/lib/python3.12/site-packages/airflow/example_dags/example_complex.py
[2026-06-29T22:20:13.509+0000] {processor.py:914} INFO - Processing file /home/airflow/.local/lib/python3.12/site-packages/airflow/example_dags/example_complex.py for tasks to queue
[2026-06-29T22:20:13.522+0000] {logging_mixin.py:190} INFO - [2026-06-29T22:20:13.521+0000] {dagbag.py:588} INFO - Filling up the DagBag from /home/airflow/.local/lib/python3.12/site-packages/airflow/example_dags/example_complex.py
[2026-06-29T22:20:13.548+0000] {processor.py:925} INFO - DAG(s) 'example_complex' retrieved from /home/airflow/.local/lib/python3.12/site-packages/airflow/example_dags/example_complex.py
[2026-06-29T22:20:13.603+0000] {logging_mixin.py:190} INFO - [2026-06-29T22:20:13.603+0000] {dag.py:3239} INFO - Sync 1 DAGs
[2026-06-29T22:20:13.627+0000] {logging_mixin.py:190} INFO - [2026-06-29T22:20:13.626+0000] {dag.py:4180} INFO - Setting next_dagrun for example_complex to None, run_after=None
[2026-06-29T22:20:13.663+0000] {processor.py:208} INFO - Processing /home/airflow/.local/lib/python3.12/site-packages/airflow/example_dags/example_complex.py took 0.176 seconds
[2026-06-29T22:20:46.213+0000] {processor.py:186} INFO - Started process (PID=1608) to work on /home/airflow/.local/lib/python3.12/site-packages/airflow/example_dags/example_complex.py
[2026-06-29T22:20:46.217+0000] {processor.py:914} INFO - Processing file /home/airflow/.local/lib/python3.12/site-packages/airflow/example_dags/example_complex.py for tasks to queue
[2026-06-29T22:20:46.222+0000] {logging_mixin.py:190} INFO - [2026-06-29T22:20:46.221+0000] {dagbag.py:588} INFO - Filling up the DagBag from /home/airflow/.local/lib/python3.12/site-packages/airflow/example_dags/example_complex.py
[2026-06-29T22:20:46.245+0000] {processor.py:925} INFO - DAG(s) 'example_complex' retrieved from /home/airflow/.local/lib/python3.12/site-packages/airflow/example_dags/example_complex.py
[2026-06-29T22:20:46.308+0000] {logging_mixin.py:190} INFO - [2026-06-29T22:20:46.307+0000] {dag.py:3239} INFO - Sync 1 DAGs
[2026-06-29T22:20:46.333+0000] {logging_mixin.py:190} INFO - [2026-06-29T22:20:46.333+0000] {dag.py:4180} INFO - Setting next_dagrun for example_complex to None, run_after=None
[2026-06-29T22:20:46.384+0000] {processor.py:208} INFO - Processing /home/airflow/.local/lib/python3.12/site-packages/airflow/example_dags/example_complex.py took 0.183 seconds
[2026-06-29T22:21:17.232+0000] {processor.py:186} INFO - Started process (PID=1672) to work on /home/airflow/.local/lib/python3.12/site-packages/airflow/example_dags/example_complex.py
[2026-06-29T22:21:17.236+0000] {processor.py:914} INFO - Processing file /home/airflow/.local/lib/python3.12/site-packages/airflow/example_dags/example_complex.py for tasks to queue
[2026-06-29T22:21:17.246+0000] {logging_mixin.py:190} INFO - [2026-06-29T22:21:17.245+0000] {dagbag.py:588} INFO - Filling up the DagBag from /home/airflow/.local/lib/python3.12/site-packages/airflow/example_dags/example_complex.py
[2026-06-29T22:21:17.282+0000] {processor.py:925} INFO - DAG(s) 'example_complex' retrieved from /home/airflow/.local/lib/python3.12/site-packages/airflow/example_dags/example_complex.py
[2026-06-29T22:21:17.375+0000] {logging_mixin.py:190} INFO - [2026-06-29T22:21:17.373+0000] {dag.py:3239} INFO - Sync 1 DAGs
[2026-06-29T22:21:17.429+0000] {logging_mixin.py:190} INFO - [2026-06-29T22:21:17.428+0000] {dag.py:4180} INFO - Setting next_dagrun for example_complex to None, run_after=None
[2026-06-29T22:21:17.481+0000] {processor.py:208} INFO - Processing /home/airflow/.local/lib/python3.12/site-packages/airflow/example_dags/example_complex.py took 0.274 seconds
[2026-06-29T22:21:48.002+0000] {processor.py:186} INFO - Started process (PID=1735) to work on /home/airflow/.local/lib/python3.12/site-packages/airflow/example_dags/example_complex.py
[2026-06-29T22:21:48.003+0000] {processor.py:914} INFO - Processing file /home/airflow/.local/lib/python3.12/site-packages/airflow/example_dags/example_complex.py for tasks to queue
[2026-06-29T22:21:48.008+0000] {logging_mixin.py:190} INFO - [2026-06-29T22:21:48.007+0000] {dagbag.py:588} INFO - Filling up the DagBag from /home/airflow/.local/lib/python3.12/site-packages/airflow/example_dags/example_complex.py
[2026-06-29T22:21:48.022+0000] {processor.py:925} INFO - DAG(s) 'example_complex' retrieved from /home/airflow/.local/lib/python3.12/site-packages/airflow/example_dags/example_complex.py
[2026-06-29T22:21:48.053+0000] {logging_mixin.py:190} INFO - [2026-06-29T22:21:48.053+0000] {dag.py:3239} INFO - Sync 1 DAGs
[2026-06-29T22:21:48.068+0000] {logging_mixin.py:190} INFO - [2026-06-29T22:21:48.068+0000] {dag.py:4180} INFO - Setting next_dagrun for example_complex to None, run_after=None
[2026-06-29T22:21:48.091+0000] {processor.py:208} INFO - Processing /home/airflow/.local/lib/python3.12/site-packages/airflow/example_dags/example_complex.py took 0.095 seconds
[2026-06-29T22:22:18.825+0000] {processor.py:186} INFO - Started process (PID=1799) to work on /home/airflow/.local/lib/python3.12/site-packages/airflow/example_dags/example_complex.py
[2026-06-29T22:22:18.827+0000] {processor.py:914} INFO - Processing file /home/airflow/.local/lib/python3.12/site-packages/airflow/example_dags/example_complex.py for tasks to queue
[2026-06-29T22:22:18.830+0000] {logging_mixin.py:190} INFO - [2026-06-29T22:22:18.829+0000] {dagbag.py:588} INFO - Filling up the DagBag from /home/airflow/.local/lib/python3.12/site-packages/airflow/example_dags/example_complex.py
[2026-06-29T22:22:18.842+0000] {processor.py:925} INFO - DAG(s) 'example_complex' retrieved from /home/airflow/.local/lib/python3.12/site-packages/airflow/example_dags/example_complex.py
[2026-06-29T22:22:18.872+0000] {logging_mixin.py:190} INFO - [2026-06-29T22:22:18.871+0000] {dag.py:3239} INFO - Sync 1 DAGs
[2026-06-29T22:22:18.889+0000] {logging_mixin.py:190} INFO - [2026-06-29T22:22:18.889+0000] {dag.py:4180} INFO - Setting next_dagrun for example_complex to None, run_after=None
[2026-06-29T22:22:18.911+0000] {processor.py:208} INFO - Processing /home/airflow/.local/lib/python3.12/site-packages/airflow/example_dags/example_complex.py took 0.092 seconds
[2026-06-29T22:22:49.251+0000] {processor.py:186} INFO - Started process (PID=1864) to work on /home/airflow/.local/lib/python3.12/site-packages/airflow/example_dags/example_complex.py
[2026-06-29T22:22:49.253+0000] {processor.py:914} INFO - Processing file /home/airflow/.local/lib/python3.12/site-packages/airflow/example_dags/example_complex.py for tasks to queue
[2026-06-29T22:22:49.257+0000] {logging_mixin.py:190} INFO - [2026-06-29T22:22:49.256+0000] {dagbag.py:588} INFO - Filling up the DagBag from /home/airflow/.local/lib/python3.12/site-packages/airflow/example_dags/example_complex.py
[2026-06-29T22:22:49.272+0000] {processor.py:925} INFO - DAG(s) 'example_complex' retrieved from /home/airflow/.local/lib/python3.12/site-packages/airflow/example_dags/example_complex.py
[2026-06-29T22:22:49.310+0000] {logging_mixin.py:190} INFO - [2026-06-29T22:22:49.310+0000] {dag.py:3239} INFO - Sync 1 DAGs
[2026-06-29T22:22:49.329+0000] {logging_mixin.py:190} INFO - [2026-06-29T22:22:49.329+0000] {dag.py:4180} INFO - Setting next_dagrun for example_complex to None, run_after=None
[2026-06-29T22:22:49.354+0000] {processor.py:208} INFO - Processing /home/airflow/.local/lib/python3.12/site-packages/airflow/example_dags/example_complex.py took 0.111 seconds
[2026-06-29T22:23:19.680+0000] {processor.py:186} INFO - Started process (PID=1927) to work on /home/airflow/.local/lib/python3.12/site-packages/airflow/example_dags/example_complex.py
[2026-06-29T22:23:19.682+0000] {processor.py:914} INFO - Processing file /home/airflow/.local/lib/python3.12/site-packages/airflow/example_dags/example_complex.py for tasks to queue
[2026-06-29T22:23:19.685+0000] {logging_mixin.py:190} INFO - [2026-06-29T22:23:19.684+0000] {dagbag.py:588} INFO - Filling up the DagBag from /home/airflow/.local/lib/python3.12/site-packages/airflow/example_dags/example_complex.py
[2026-06-29T22:23:19.698+0000] {processor.py:925} INFO - DAG(s) 'example_complex' retrieved from /home/airflow/.local/lib/python3.12/site-packages/airflow/example_dags/example_complex.py
[2026-06-29T22:23:19.736+0000] {logging_mixin.py:190} INFO - [2026-06-29T22:23:19.735+0000] {dag.py:3239} INFO - Sync 1 DAGs
[2026-06-29T22:23:19.756+0000] {logging_mixin.py:190} INFO - [2026-06-29T22:23:19.756+0000] {dag.py:4180} INFO - Setting next_dagrun for example_complex to None, run_after=None
[2026-06-29T22:23:19.788+0000] {processor.py:208} INFO - Processing /home/airflow/.local/lib/python3.12/site-packages/airflow/example_dags/example_complex.py took 0.115 seconds
[2026-06-29T22:23:49.909+0000] {processor.py:186} INFO - Started process (PID=1990) to work on /home/airflow/.local/lib/python3.12/site-packages/airflow/example_dags/example_complex.py
[2026-06-29T22:23:49.911+0000] {processor.py:914} INFO - Processing file /home/airflow/.local/lib/python3.12/site-packages/airflow/example_dags/example_complex.py for tasks to queue
[2026-06-29T22:23:49.915+0000] {logging_mixin.py:190} INFO - [2026-06-29T22:23:49.915+0000] {dagbag.py:588} INFO - Filling up the DagBag from /home/airflow/.local/lib/python3.12/site-packages/airflow/example_dags/example_complex.py
[2026-06-29T22:23:49.929+0000] {processor.py:925} INFO - DAG(s) 'example_complex' retrieved from /home/airflow/.local/lib/python3.12/site-packages/airflow/example_dags/example_complex.py
[2026-06-29T22:23:49.963+0000] {logging_mixin.py:190} INFO - [2026-06-29T22:23:49.963+0000] {dag.py:3239} INFO - Sync 1 DAGs
[2026-06-29T22:23:49.983+0000] {logging_mixin.py:190} INFO - [2026-06-29T22:23:49.982+0000] {dag.py:4180} INFO - Setting next_dagrun for example_complex to None, run_after=None
[2026-06-29T22:23:50.008+0000] {processor.py:208} INFO - Processing /home/airflow/.local/lib/python3.12/site-packages/airflow/example_dags/example_complex.py took 0.108 seconds
[2026-06-29T22:24:20.086+0000] {processor.py:186} INFO - Started process (PID=2053) to work on /home/airflow/.local/lib/python3.12/site-packages/airflow/example_dags/example_complex.py
[2026-06-29T22:24:20.088+0000] {processor.py:914} INFO - Processing file /home/airflow/.local/lib/python3.12/site-packages/airflow/example_dags/example_complex.py for tasks to queue
[2026-06-29T22:24:20.092+0000] {logging_mixin.py:190} INFO - [2026-06-29T22:24:20.092+0000] {dagbag.py:588} INFO - Filling up the DagBag from /home/airflow/.local/lib/python3.12/site-packages/airflow/example_dags/example_complex.py
[2026-06-29T22:24:20.106+0000] {processor.py:925} INFO - DAG(s) 'example_complex' retrieved from /home/airflow/.local/lib/python3.12/site-packages/airflow/example_dags/example_complex.py
[2026-06-29T22:24:20.140+0000] {logging_mixin.py:190} INFO - [2026-06-29T22:24:20.140+0000] {dag.py:3239} INFO - Sync 1 DAGs
[2026-06-29T22:24:20.157+0000] {logging_mixin.py:190} INFO - [2026-06-29T22:24:20.157+0000] {dag.py:4180} INFO - Setting next_dagrun for example_complex to None, run_after=None
[2026-06-29T22:24:20.179+0000] {processor.py:208} INFO - Processing /home/airflow/.local/lib/python3.12/site-packages/airflow/example_dags/example_complex.py took 0.103 seconds
[2026-06-29T22:24:51.183+0000] {processor.py:186} INFO - Started process (PID=2117) to work on /home/airflow/.local/lib/python3.12/site-packages/airflow/example_dags/example_complex.py
[2026-06-29T22:24:51.185+0000] {processor.py:914} INFO - Processing file /home/airflow/.local/lib/python3.12/site-packages/airflow/example_dags/example_complex.py for tasks to queue
[2026-06-29T22:24:51.191+0000] {logging_mixin.py:190} INFO - [2026-06-29T22:24:51.191+0000] {dagbag.py:588} INFO - Filling up the DagBag from /home/airflow/.local/lib/python3.12/site-packages/airflow/example_dags/example_complex.py
[2026-06-29T22:24:51.211+0000] {processor.py:925} INFO - DAG(s) 'example_complex' retrieved from /home/airflow/.local/lib/python3.12/site-packages/airflow/example_dags/example_complex.py
[2026-06-29T22:24:51.267+0000] {logging_mixin.py:190} INFO - [2026-06-29T22:24:51.267+0000] {dag.py:3239} INFO - Sync 1 DAGs
[2026-06-29T22:24:51.293+0000] {logging_mixin.py:190} INFO - [2026-06-29T22:24:51.293+0000] {dag.py:4180} INFO - Setting next_dagrun for example_complex to None, run_after=None
[2026-06-29T22:24:51.338+0000] {processor.py:208} INFO - Processing /home/airflow/.local/lib/python3.12/site-packages/airflow/example_dags/example_complex.py took 0.164 seconds
[2026-06-29T22:25:21.737+0000] {processor.py:186} INFO - Started process (PID=2181) to work on /home/airflow/.local/lib/python3.12/site-packages/airflow/example_dags/example_complex.py
[2026-06-29T22:25:21.739+0000] {processor.py:914} INFO - Processing file /home/airflow/.local/lib/python3.12/site-packages/airflow/example_dags/example_complex.py for tasks to queue
[2026-06-29T22:25:21.742+0000] {logging_mixin.py:190} INFO - [2026-06-29T22:25:21.742+0000] {dagbag.py:588} INFO - Filling up the DagBag from /home/airflow/.local/lib/python3.12/site-packages/airflow/example_dags/example_complex.py
[2026-06-29T22:25:21.755+0000] {processor.py:925} INFO - DAG(s) 'example_complex' retrieved from /home/airflow/.local/lib/python3.12/site-packages/airflow/example_dags/example_complex.py
[2026-06-29T22:25:21.788+0000] {logging_mixin.py:190} INFO - [2026-06-29T22:25:21.788+0000] {dag.py:3239} INFO - Sync 1 DAGs
[2026-06-29T22:25:21.804+0000] {logging_mixin.py:190} INFO - [2026-06-29T22:25:21.803+0000] {dag.py:4180} INFO - Setting next_dagrun for example_complex to None, run_after=None
[2026-06-29T22:25:21.826+0000] {processor.py:208} INFO - Processing /home/airflow/.local/lib/python3.12/site-packages/airflow/example_dags/example_complex.py took 0.098 seconds
[2026-06-29T22:25:52.227+0000] {processor.py:186} INFO - Started process (PID=2245) to work on /home/airflow/.local/lib/python3.12/site-packages/airflow/example_dags/example_complex.py
[2026-06-29T22:25:52.229+0000] {processor.py:914} INFO - Processing file /home/airflow/.local/lib/python3.12/site-packages/airflow/example_dags/example_complex.py for tasks to queue
[2026-06-29T22:25:52.233+0000] {logging_mixin.py:190} INFO - [2026-06-29T22:25:52.232+0000] {dagbag.py:588} INFO - Filling up the DagBag from /home/airflow/.local/lib/python3.12/site-packages/airflow/example_dags/example_complex.py
[2026-06-29T22:25:52.246+0000] {processor.py:925} INFO - DAG(s) 'example_complex' retrieved from /home/airflow/.local/lib/python3.12/site-packages/airflow/example_dags/example_complex.py
[2026-06-29T22:25:52.281+0000] {logging_mixin.py:190} INFO - [2026-06-29T22:25:52.281+0000] {dag.py:3239} INFO - Sync 1 DAGs
[2026-06-29T22:25:52.301+0000] {logging_mixin.py:190} INFO - [2026-06-29T22:25:52.301+0000] {dag.py:4180} INFO - Setting next_dagrun for example_complex to None, run_after=None
[2026-06-29T22:25:52.330+0000] {processor.py:208} INFO - Processing /home/airflow/.local/lib/python3.12/site-packages/airflow/example_dags/example_complex.py took 0.111 seconds
[2026-06-29T22:26:22.741+0000] {processor.py:186} INFO - Started process (PID=2309) to work on /home/airflow/.local/lib/python3.12/site-packages/airflow/example_dags/example_complex.py
[2026-06-29T22:26:22.743+0000] {processor.py:914} INFO - Processing file /home/airflow/.local/lib/python3.12/site-packages/airflow/example_dags/example_complex.py for tasks to queue
[2026-06-29T22:26:22.746+0000] {logging_mixin.py:190} INFO - [2026-06-29T22:26:22.746+0000] {dagbag.py:588} INFO - Filling up the DagBag from /home/airflow/.local/lib/python3.12/site-packages/airflow/example_dags/example_complex.py
[2026-06-29T22:26:22.759+0000] {processor.py:925} INFO - DAG(s) 'example_complex' retrieved from /home/airflow/.local/lib/python3.12/site-packages/airflow/example_dags/example_complex.py
[2026-06-29T22:26:22.792+0000] {logging_mixin.py:190} INFO - [2026-06-29T22:26:22.792+0000] {dag.py:3239} INFO - Sync 1 DAGs
[2026-06-29T22:26:22.809+0000] {logging_mixin.py:190} INFO - [2026-06-29T22:26:22.808+0000] {dag.py:4180} INFO - Setting next_dagrun for example_complex to None, run_after=None
[2026-06-29T22:26:22.836+0000] {processor.py:208} INFO - Processing /home/airflow/.local/lib/python3.12/site-packages/airflow/example_dags/example_complex.py took 0.101 seconds
[2026-06-29T22:26:53.551+0000] {processor.py:186} INFO - Started process (PID=2373) to work on /home/airflow/.local/lib/python3.12/site-packages/airflow/example_dags/example_complex.py
[2026-06-29T22:26:53.553+0000] {processor.py:914} INFO - Processing file /home/airflow/.local/lib/python3.12/site-packages/airflow/example_dags/example_complex.py for tasks to queue
[2026-06-29T22:26:53.556+0000] {logging_mixin.py:190} INFO - [2026-06-29T22:26:53.556+0000] {dagbag.py:588} INFO - Filling up the DagBag from /home/airflow/.local/lib/python3.12/site-packages/airflow/example_dags/example_complex.py
[2026-06-29T22:26:53.571+0000] {processor.py:925} INFO - DAG(s) 'example_complex' retrieved from /home/airflow/.local/lib/python3.12/site-packages/airflow/example_dags/example_complex.py
[2026-06-29T22:26:53.606+0000] {logging_mixin.py:190} INFO - [2026-06-29T22:26:53.605+0000] {dag.py:3239} INFO - Sync 1 DAGs
[2026-06-29T22:26:53.621+0000] {logging_mixin.py:190} INFO - [2026-06-29T22:26:53.621+0000] {dag.py:4180} INFO - Setting next_dagrun for example_complex to None, run_after=None
[2026-06-29T22:26:53.643+0000] {processor.py:208} INFO - Processing /home/airflow/.local/lib/python3.12/site-packages/airflow/example_dags/example_complex.py took 0.099 seconds
[2026-06-29T22:27:24.070+0000] {processor.py:186} INFO - Started process (PID=2437) to work on /home/airflow/.local/lib/python3.12/site-packages/airflow/example_dags/example_complex.py
[2026-06-29T22:27:24.072+0000] {processor.py:914} INFO - Processing file /home/airflow/.local/lib/python3.12/site-packages/airflow/example_dags/example_complex.py for tasks to queue
[2026-06-29T22:27:24.078+0000] {logging_mixin.py:190} INFO - [2026-06-29T22:27:24.077+0000] {dagbag.py:588} INFO - Filling up the DagBag from /home/airflow/.local/lib/python3.12/site-packages/airflow/example_dags/example_complex.py
[2026-06-29T22:27:24.095+0000] {processor.py:925} INFO - DAG(s) 'example_complex' retrieved from /home/airflow/.local/lib/python3.12/site-packages/airflow/example_dags/example_complex.py
[2026-06-29T22:27:24.147+0000] {logging_mixin.py:190} INFO - [2026-06-29T22:27:24.146+0000] {dag.py:3239} INFO - Sync 1 DAGs
[2026-06-29T22:27:24.184+0000] {logging_mixin.py:190} INFO - [2026-06-29T22:27:24.184+0000] {dag.py:4180} INFO - Setting next_dagrun for example_complex to None, run_after=None
[2026-06-29T22:27:24.220+0000] {processor.py:208} INFO - Processing /home/airflow/.local/lib/python3.12/site-packages/airflow/example_dags/example_complex.py took 0.158 seconds
[2026-06-29T22:27:55.092+0000] {processor.py:186} INFO - Started process (PID=2500) to work on /home/airflow/.local/lib/python3.12/site-packages/airflow/example_dags/example_complex.py
[2026-06-29T22:27:55.094+0000] {processor.py:914} INFO - Processing file /home/airflow/.local/lib/python3.12/site-packages/airflow/example_dags/example_complex.py for tasks to queue
[2026-06-29T22:27:55.097+0000] {logging_mixin.py:190} INFO - [2026-06-29T22:27:55.096+0000] {dagbag.py:588} INFO - Filling up the DagBag from /home/airflow/.local/lib/python3.12/site-packages/airflow/example_dags/example_complex.py
[2026-06-29T22:27:55.110+0000] {processor.py:925} INFO - DAG(s) 'example_complex' retrieved from /home/airflow/.local/lib/python3.12/site-packages/airflow/example_dags/example_complex.py
[2026-06-29T22:27:55.148+0000] {logging_mixin.py:190} INFO - [2026-06-29T22:27:55.148+0000] {dag.py:3239} INFO - Sync 1 DAGs
[2026-06-29T22:27:55.168+0000] {logging_mixin.py:190} INFO - [2026-06-29T22:27:55.168+0000] {dag.py:4180} INFO - Setting next_dagrun for example_complex to None, run_after=None
[2026-06-29T22:27:55.195+0000] {processor.py:208} INFO - Processing /home/airflow/.local/lib/python3.12/site-packages/airflow/example_dags/example_complex.py took 0.109 seconds
[2026-06-29T22:28:25.297+0000] {processor.py:186} INFO - Started process (PID=2564) to work on /home/airflow/.local/lib/python3.12/site-packages/airflow/example_dags/example_complex.py
[2026-06-29T22:28:25.299+0000] {processor.py:914} INFO - Processing file /home/airflow/.local/lib/python3.12/site-packages/airflow/example_dags/example_complex.py for tasks to queue
[2026-06-29T22:28:25.302+0000] {logging_mixin.py:190} INFO - [2026-06-29T22:28:25.301+0000] {dagbag.py:588} INFO - Filling up the DagBag from /home/airflow/.local/lib/python3.12/site-packages/airflow/example_dags/example_complex.py
[2026-06-29T22:28:25.318+0000] {processor.py:925} INFO - DAG(s) 'example_complex' retrieved from /home/airflow/.local/lib/python3.12/site-packages/airflow/example_dags/example_complex.py
[2026-06-29T22:28:25.352+0000] {logging_mixin.py:190} INFO - [2026-06-29T22:28:25.351+0000] {dag.py:3239} INFO - Sync 1 DAGs
[2026-06-29T22:28:25.369+0000] {logging_mixin.py:190} INFO - [2026-06-29T22:28:25.369+0000] {dag.py:4180} INFO - Setting next_dagrun for example_complex to None, run_after=None
[2026-06-29T22:28:25.397+0000] {processor.py:208} INFO - Processing /home/airflow/.local/lib/python3.12/site-packages/airflow/example_dags/example_complex.py took 0.106 seconds
[2026-06-29T22:28:55.875+0000] {processor.py:186} INFO - Started process (PID=2627) to work on /home/airflow/.local/lib/python3.12/site-packages/airflow/example_dags/example_complex.py
[2026-06-29T22:28:55.877+0000] {processor.py:914} INFO - Processing file /home/airflow/.local/lib/python3.12/site-packages/airflow/example_dags/example_complex.py for tasks to queue
[2026-06-29T22:28:55.882+0000] {logging_mixin.py:190} INFO - [2026-06-29T22:28:55.882+0000] {dagbag.py:588} INFO - Filling up the DagBag from /home/airflow/.local/lib/python3.12/site-packages/airflow/example_dags/example_complex.py
[2026-06-29T22:28:55.904+0000] {processor.py:925} INFO - DAG(s) 'example_complex' retrieved from /home/airflow/.local/lib/python3.12/site-packages/airflow/example_dags/example_complex.py
[2026-06-29T22:28:55.963+0000] {logging_mixin.py:190} INFO - [2026-06-29T22:28:55.963+0000] {dag.py:3239} INFO - Sync 1 DAGs
[2026-06-29T22:28:56.002+0000] {logging_mixin.py:190} INFO - [2026-06-29T22:28:56.001+0000] {dag.py:4180} INFO - Setting next_dagrun for example_complex to None, run_after=None
[2026-06-29T22:28:56.061+0000] {processor.py:208} INFO - Processing /home/airflow/.local/lib/python3.12/site-packages/airflow/example_dags/example_complex.py took 0.199 seconds
[2026-06-29T22:29:26.380+0000] {processor.py:186} INFO - Started process (PID=2691) to work on /home/airflow/.local/lib/python3.12/site-packages/airflow/example_dags/example_complex.py
[2026-06-29T22:29:26.382+0000] {processor.py:914} INFO - Processing file /home/airflow/.local/lib/python3.12/site-packages/airflow/example_dags/example_complex.py for tasks to queue
[2026-06-29T22:29:26.385+0000] {logging_mixin.py:190} INFO - [2026-06-29T22:29:26.385+0000] {dagbag.py:588} INFO - Filling up the DagBag from /home/airflow/.local/lib/python3.12/site-packages/airflow/example_dags/example_complex.py
[2026-06-29T22:29:26.399+0000] {processor.py:925} INFO - DAG(s) 'example_complex' retrieved from /home/airflow/.local/lib/python3.12/site-packages/airflow/example_dags/example_complex.py
[2026-06-29T22:29:26.436+0000] {logging_mixin.py:190} INFO - [2026-06-29T22:29:26.436+0000] {dag.py:3239} INFO - Sync 1 DAGs
[2026-06-29T22:29:26.455+0000] {logging_mixin.py:190} INFO - [2026-06-29T22:29:26.454+0000] {dag.py:4180} INFO - Setting next_dagrun for example_complex to None, run_after=None
[2026-06-29T22:29:26.479+0000] {processor.py:208} INFO - Processing /home/airflow/.local/lib/python3.12/site-packages/airflow/example_dags/example_complex.py took 0.107 seconds
[2026-06-29T22:29:57.156+0000] {processor.py:186} INFO - Started process (PID=2755) to work on /home/airflow/.local/lib/python3.12/site-packages/airflow/example_dags/example_complex.py
[2026-06-29T22:29:57.159+0000] {processor.py:914} INFO - Processing file /home/airflow/.local/lib/python3.12/site-packages/airflow/example_dags/example_complex.py for tasks to queue
[2026-06-29T22:29:57.170+0000] {logging_mixin.py:190} INFO - [2026-06-29T22:29:57.169+0000] {dagbag.py:588} INFO - Filling up the DagBag from /home/airflow/.local/lib/python3.12/site-packages/airflow/example_dags/example_complex.py
[2026-06-29T22:29:57.209+0000] {processor.py:925} INFO - DAG(s) 'example_complex' retrieved from /home/airflow/.local/lib/python3.12/site-packages/airflow/example_dags/example_complex.py
[2026-06-29T22:29:57.342+0000] {logging_mixin.py:190} INFO - [2026-06-29T22:29:57.341+0000] {dag.py:3239} INFO - Sync 1 DAGs
[2026-06-29T22:29:57.390+0000] {logging_mixin.py:190} INFO - [2026-06-29T22:29:57.389+0000] {dag.py:4180} INFO - Setting next_dagrun for example_complex to None, run_after=None
[2026-06-29T22:29:57.467+0000] {processor.py:208} INFO - Processing /home/airflow/.local/lib/python3.12/site-packages/airflow/example_dags/example_complex.py took 0.325 seconds
[2026-06-29T22:30:27.615+0000] {processor.py:186} INFO - Started process (PID=2819) to work on /home/airflow/.local/lib/python3.12/site-packages/airflow/example_dags/example_complex.py
[2026-06-29T22:30:27.618+0000] {processor.py:914} INFO - Processing file /home/airflow/.local/lib/python3.12/site-packages/airflow/example_dags/example_complex.py for tasks to queue
[2026-06-29T22:30:27.621+0000] {logging_mixin.py:190} INFO - [2026-06-29T22:30:27.621+0000] {dagbag.py:588} INFO - Filling up the DagBag from /home/airflow/.local/lib/python3.12/site-packages/airflow/example_dags/example_complex.py
[2026-06-29T22:30:27.638+0000] {processor.py:925} INFO - DAG(s) 'example_complex' retrieved from /home/airflow/.local/lib/python3.12/site-packages/airflow/example_dags/example_complex.py
[2026-06-29T22:30:27.733+0000] {logging_mixin.py:190} INFO - [2026-06-29T22:30:27.733+0000] {dag.py:3239} INFO - Sync 1 DAGs
[2026-06-29T22:30:27.782+0000] {logging_mixin.py:190} INFO - [2026-06-29T22:30:27.782+0000] {dag.py:4180} INFO - Setting next_dagrun for example_complex to None, run_after=None
[2026-06-29T22:30:27.867+0000] {processor.py:208} INFO - Processing /home/airflow/.local/lib/python3.12/site-packages/airflow/example_dags/example_complex.py took 0.259 seconds
[2026-06-29T22:30:58.223+0000] {processor.py:186} INFO - Started process (PID=2883) to work on /home/airflow/.local/lib/python3.12/site-packages/airflow/example_dags/example_complex.py
[2026-06-29T22:30:58.226+0000] {processor.py:914} INFO - Processing file /home/airflow/.local/lib/python3.12/site-packages/airflow/example_dags/example_complex.py for tasks to queue
[2026-06-29T22:30:58.236+0000] {logging_mixin.py:190} INFO - [2026-06-29T22:30:58.235+0000] {dagbag.py:588} INFO - Filling up the DagBag from /home/airflow/.local/lib/python3.12/site-packages/airflow/example_dags/example_complex.py
[2026-06-29T22:30:58.256+0000] {processor.py:925} INFO - DAG(s) 'example_complex' retrieved from /home/airflow/.local/lib/python3.12/site-packages/airflow/example_dags/example_complex.py
[2026-06-29T22:30:58.331+0000] {logging_mixin.py:190} INFO - [2026-06-29T22:30:58.330+0000] {dag.py:3239} INFO - Sync 1 DAGs
[2026-06-29T22:30:58.363+0000] {logging_mixin.py:190} INFO - [2026-06-29T22:30:58.362+0000] {dag.py:4180} INFO - Setting next_dagrun for example_complex to None, run_after=None
[2026-06-29T22:30:58.410+0000] {processor.py:208} INFO - Processing /home/airflow/.local/lib/python3.12/site-packages/airflow/example_dags/example_complex.py took 0.196 seconds
[2026-06-29T22:31:29.438+0000] {processor.py:186} INFO - Started process (PID=2954) to work on /home/airflow/.local/lib/python3.12/site-packages/airflow/example_dags/example_complex.py
[2026-06-29T22:31:29.441+0000] {processor.py:914} INFO - Processing file /home/airflow/.local/lib/python3.12/site-packages/airflow/example_dags/example_complex.py for tasks to queue
[2026-06-29T22:31:29.448+0000] {logging_mixin.py:190} INFO - [2026-06-29T22:31:29.447+0000] {dagbag.py:588} INFO - Filling up the DagBag from /home/airflow/.local/lib/python3.12/site-packages/airflow/example_dags/example_complex.py
[2026-06-29T22:31:29.480+0000] {processor.py:925} INFO - DAG(s) 'example_complex' retrieved from /home/airflow/.local/lib/python3.12/site-packages/airflow/example_dags/example_complex.py
[2026-06-29T22:31:29.613+0000] {logging_mixin.py:190} INFO - [2026-06-29T22:31:29.612+0000] {dag.py:3239} INFO - Sync 1 DAGs
[2026-06-29T22:31:29.669+0000] {logging_mixin.py:190} INFO - [2026-06-29T22:31:29.668+0000] {dag.py:4180} INFO - Setting next_dagrun for example_complex to None, run_after=None
[2026-06-29T22:31:29.738+0000] {processor.py:208} INFO - Processing /home/airflow/.local/lib/python3.12/site-packages/airflow/example_dags/example_complex.py took 0.322 seconds
[2026-06-29T22:32:03.653+0000] {processor.py:186} INFO - Started process (PID=3057) to work on /home/airflow/.local/lib/python3.12/site-packages/airflow/example_dags/example_complex.py
[2026-06-29T22:32:03.656+0000] {processor.py:914} INFO - Processing file /home/airflow/.local/lib/python3.12/site-packages/airflow/example_dags/example_complex.py for tasks to queue
[2026-06-29T22:32:03.662+0000] {logging_mixin.py:190} INFO - [2026-06-29T22:32:03.661+0000] {dagbag.py:588} INFO - Filling up the DagBag from /home/airflow/.local/lib/python3.12/site-packages/airflow/example_dags/example_complex.py
[2026-06-29T22:32:03.701+0000] {processor.py:925} INFO - DAG(s) 'example_complex' retrieved from /home/airflow/.local/lib/python3.12/site-packages/airflow/example_dags/example_complex.py
[2026-06-29T22:32:03.830+0000] {logging_mixin.py:190} INFO - [2026-06-29T22:32:03.829+0000] {dag.py:3239} INFO - Sync 1 DAGs
[2026-06-29T22:32:03.888+0000] {logging_mixin.py:190} INFO - [2026-06-29T22:32:03.887+0000] {dag.py:4180} INFO - Setting next_dagrun for example_complex to None, run_after=None
[2026-06-29T22:32:03.959+0000] {processor.py:208} INFO - Processing /home/airflow/.local/lib/python3.12/site-packages/airflow/example_dags/example_complex.py took 0.321 seconds
[2026-06-29T22:32:35.161+0000] {processor.py:186} INFO - Started process (PID=3178) to work on /home/airflow/.local/lib/python3.12/site-packages/airflow/example_dags/example_complex.py
[2026-06-29T22:32:35.164+0000] {processor.py:914} INFO - Processing file /home/airflow/.local/lib/python3.12/site-packages/airflow/example_dags/example_complex.py for tasks to queue
[2026-06-29T22:32:35.171+0000] {logging_mixin.py:190} INFO - [2026-06-29T22:32:35.169+0000] {dagbag.py:588} INFO - Filling up the DagBag from /home/airflow/.local/lib/python3.12/site-packages/airflow/example_dags/example_complex.py
[2026-06-29T22:32:35.200+0000] {processor.py:925} INFO - DAG(s) 'example_complex' retrieved from /home/airflow/.local/lib/python3.12/site-packages/airflow/example_dags/example_complex.py
[2026-06-29T22:32:35.285+0000] {logging_mixin.py:190} INFO - [2026-06-29T22:32:35.285+0000] {dag.py:3239} INFO - Sync 1 DAGs
[2026-06-29T22:32:35.316+0000] {logging_mixin.py:190} INFO - [2026-06-29T22:32:35.315+0000] {dag.py:4180} INFO - Setting next_dagrun for example_complex to None, run_after=None
[2026-06-29T22:32:35.369+0000] {processor.py:208} INFO - Processing /home/airflow/.local/lib/python3.12/site-packages/airflow/example_dags/example_complex.py took 0.229 seconds
[2026-06-29T22:33:05.930+0000] {processor.py:186} INFO - Started process (PID=3255) to work on /home/airflow/.local/lib/python3.12/site-packages/airflow/example_dags/example_complex.py
[2026-06-29T22:33:05.932+0000] {processor.py:914} INFO - Processing file /home/airflow/.local/lib/python3.12/site-packages/airflow/example_dags/example_complex.py for tasks to queue
[2026-06-29T22:33:05.937+0000] {logging_mixin.py:190} INFO - [2026-06-29T22:33:05.937+0000] {dagbag.py:588} INFO - Filling up the DagBag from /home/airflow/.local/lib/python3.12/site-packages/airflow/example_dags/example_complex.py
[2026-06-29T22:33:05.956+0000] {processor.py:925} INFO - DAG(s) 'example_complex' retrieved from /home/airflow/.local/lib/python3.12/site-packages/airflow/example_dags/example_complex.py
[2026-06-29T22:33:06.019+0000] {logging_mixin.py:190} INFO - [2026-06-29T22:33:06.019+0000] {dag.py:3239} INFO - Sync 1 DAGs
[2026-06-29T22:33:06.048+0000] {logging_mixin.py:190} INFO - [2026-06-29T22:33:06.048+0000] {dag.py:4180} INFO - Setting next_dagrun for example_complex to None, run_after=None
[2026-06-29T22:33:06.084+0000] {processor.py:208} INFO - Processing /home/airflow/.local/lib/python3.12/site-packages/airflow/example_dags/example_complex.py took 0.170 seconds
[2026-06-29T22:33:37.052+0000] {processor.py:186} INFO - Started process (PID=3319) to work on /home/airflow/.local/lib/python3.12/site-packages/airflow/example_dags/example_complex.py
[2026-06-29T22:33:37.055+0000] {processor.py:914} INFO - Processing file /home/airflow/.local/lib/python3.12/site-packages/airflow/example_dags/example_complex.py for tasks to queue
[2026-06-29T22:33:37.061+0000] {logging_mixin.py:190} INFO - [2026-06-29T22:33:37.060+0000] {dagbag.py:588} INFO - Filling up the DagBag from /home/airflow/.local/lib/python3.12/site-packages/airflow/example_dags/example_complex.py
[2026-06-29T22:33:37.080+0000] {processor.py:925} INFO - DAG(s) 'example_complex' retrieved from /home/airflow/.local/lib/python3.12/site-packages/airflow/example_dags/example_complex.py
[2026-06-29T22:33:37.142+0000] {logging_mixin.py:190} INFO - [2026-06-29T22:33:37.142+0000] {dag.py:3239} INFO - Sync 1 DAGs
[2026-06-29T22:33:37.162+0000] {logging_mixin.py:190} INFO - [2026-06-29T22:33:37.161+0000] {dag.py:4180} INFO - Setting next_dagrun for example_complex to None, run_after=None
[2026-06-29T22:33:37.194+0000] {processor.py:208} INFO - Processing /home/airflow/.local/lib/python3.12/site-packages/airflow/example_dags/example_complex.py took 0.155 seconds
[2026-06-29T22:34:07.609+0000] {processor.py:186} INFO - Started process (PID=3382) to work on /home/airflow/.local/lib/python3.12/site-packages/airflow/example_dags/example_complex.py
[2026-06-29T22:34:07.612+0000] {processor.py:914} INFO - Processing file /home/airflow/.local/lib/python3.12/site-packages/airflow/example_dags/example_complex.py for tasks to queue
[2026-06-29T22:34:07.616+0000] {logging_mixin.py:190} INFO - [2026-06-29T22:34:07.615+0000] {dagbag.py:588} INFO - Filling up the DagBag from /home/airflow/.local/lib/python3.12/site-packages/airflow/example_dags/example_complex.py
[2026-06-29T22:34:07.634+0000] {processor.py:925} INFO - DAG(s) 'example_complex' retrieved from /home/airflow/.local/lib/python3.12/site-packages/airflow/example_dags/example_complex.py
[2026-06-29T22:34:07.684+0000] {logging_mixin.py:190} INFO - [2026-06-29T22:34:07.683+0000] {dag.py:3239} INFO - Sync 1 DAGs
[2026-06-29T22:34:07.712+0000] {logging_mixin.py:190} INFO - [2026-06-29T22:34:07.712+0000] {dag.py:4180} INFO - Setting next_dagrun for example_complex to None, run_after=None
[2026-06-29T22:34:07.751+0000] {processor.py:208} INFO - Processing /home/airflow/.local/lib/python3.12/site-packages/airflow/example_dags/example_complex.py took 0.156 seconds
[2026-06-29T22:34:38.223+0000] {processor.py:186} INFO - Started process (PID=3446) to work on /home/airflow/.local/lib/python3.12/site-packages/airflow/example_dags/example_complex.py
[2026-06-29T22:34:38.227+0000] {processor.py:914} INFO - Processing file /home/airflow/.local/lib/python3.12/site-packages/airflow/example_dags/example_complex.py for tasks to queue
[2026-06-29T22:34:38.236+0000] {logging_mixin.py:190} INFO - [2026-06-29T22:34:38.234+0000] {dagbag.py:588} INFO - Filling up the DagBag from /home/airflow/.local/lib/python3.12/site-packages/airflow/example_dags/example_complex.py
[2026-06-29T22:34:38.287+0000] {processor.py:925} INFO - DAG(s) 'example_complex' retrieved from /home/airflow/.local/lib/python3.12/site-packages/airflow/example_dags/example_complex.py
[2026-06-29T22:34:38.385+0000] {logging_mixin.py:190} INFO - [2026-06-29T22:34:38.384+0000] {dag.py:3239} INFO - Sync 1 DAGs
[2026-06-29T22:34:38.418+0000] {logging_mixin.py:190} INFO - [2026-06-29T22:34:38.417+0000] {dag.py:4180} INFO - Setting next_dagrun for example_complex to None, run_after=None
[2026-06-29T22:34:38.528+0000] {processor.py:208} INFO - Processing /home/airflow/.local/lib/python3.12/site-packages/airflow/example_dags/example_complex.py took 0.337 seconds
[2026-06-29T22:35:08.995+0000] {processor.py:186} INFO - Started process (PID=3509) to work on /home/airflow/.local/lib/python3.12/site-packages/airflow/example_dags/example_complex.py
[2026-06-29T22:35:08.997+0000] {processor.py:914} INFO - Processing file /home/airflow/.local/lib/python3.12/site-packages/airflow/example_dags/example_complex.py for tasks to queue
[2026-06-29T22:35:09.003+0000] {logging_mixin.py:190} INFO - [2026-06-29T22:35:09.002+0000] {dagbag.py:588} INFO - Filling up the DagBag from /home/airflow/.local/lib/python3.12/site-packages/airflow/example_dags/example_complex.py
[2026-06-29T22:35:09.021+0000] {processor.py:925} INFO - DAG(s) 'example_complex' retrieved from /home/airflow/.local/lib/python3.12/site-packages/airflow/example_dags/example_complex.py
[2026-06-29T22:35:09.055+0000] {logging_mixin.py:190} INFO - [2026-06-29T22:35:09.055+0000] {dag.py:3239} INFO - Sync 1 DAGs
[2026-06-29T22:35:09.071+0000] {logging_mixin.py:190} INFO - [2026-06-29T22:35:09.071+0000] {dag.py:4180} INFO - Setting next_dagrun for example_complex to None, run_after=None
[2026-06-29T22:35:09.094+0000] {processor.py:208} INFO - Processing /home/airflow/.local/lib/python3.12/site-packages/airflow/example_dags/example_complex.py took 0.112 seconds
[2026-06-29T22:35:39.279+0000] {processor.py:186} INFO - Started process (PID=3573) to work on /home/airflow/.local/lib/python3.12/site-packages/airflow/example_dags/example_complex.py
[2026-06-29T22:35:39.280+0000] {processor.py:914} INFO - Processing file /home/airflow/.local/lib/python3.12/site-packages/airflow/example_dags/example_complex.py for tasks to queue
[2026-06-29T22:35:39.284+0000] {logging_mixin.py:190} INFO - [2026-06-29T22:35:39.283+0000] {dagbag.py:588} INFO - Filling up the DagBag from /home/airflow/.local/lib/python3.12/site-packages/airflow/example_dags/example_complex.py
[2026-06-29T22:35:39.296+0000] {processor.py:925} INFO - DAG(s) 'example_complex' retrieved from /home/airflow/.local/lib/python3.12/site-packages/airflow/example_dags/example_complex.py
[2026-06-29T22:35:39.328+0000] {logging_mixin.py:190} INFO - [2026-06-29T22:35:39.328+0000] {dag.py:3239} INFO - Sync 1 DAGs
[2026-06-29T22:35:39.344+0000] {logging_mixin.py:190} INFO - [2026-06-29T22:35:39.343+0000] {dag.py:4180} INFO - Setting next_dagrun for example_complex to None, run_after=None
[2026-06-29T22:35:39.364+0000] {processor.py:208} INFO - Processing /home/airflow/.local/lib/python3.12/site-packages/airflow/example_dags/example_complex.py took 0.095 seconds
[2026-06-29T22:36:09.779+0000] {processor.py:186} INFO - Started process (PID=3637) to work on /home/airflow/.local/lib/python3.12/site-packages/airflow/example_dags/example_complex.py
[2026-06-29T22:36:09.782+0000] {processor.py:914} INFO - Processing file /home/airflow/.local/lib/python3.12/site-packages/airflow/example_dags/example_complex.py for tasks to queue
[2026-06-29T22:36:09.786+0000] {logging_mixin.py:190} INFO - [2026-06-29T22:36:09.785+0000] {dagbag.py:588} INFO - Filling up the DagBag from /home/airflow/.local/lib/python3.12/site-packages/airflow/example_dags/example_complex.py
[2026-06-29T22:36:09.799+0000] {processor.py:925} INFO - DAG(s) 'example_complex' retrieved from /home/airflow/.local/lib/python3.12/site-packages/airflow/example_dags/example_complex.py
[2026-06-29T22:36:09.833+0000] {logging_mixin.py:190} INFO - [2026-06-29T22:36:09.833+0000] {dag.py:3239} INFO - Sync 1 DAGs
[2026-06-29T22:36:09.848+0000] {logging_mixin.py:190} INFO - [2026-06-29T22:36:09.848+0000] {dag.py:4180} INFO - Setting next_dagrun for example_complex to None, run_after=None
[2026-06-29T22:36:09.871+0000] {processor.py:208} INFO - Processing /home/airflow/.local/lib/python3.12/site-packages/airflow/example_dags/example_complex.py took 0.102 seconds
[2026-06-29T22:36:40.478+0000] {processor.py:186} INFO - Started process (PID=3701) to work on /home/airflow/.local/lib/python3.12/site-packages/airflow/example_dags/example_complex.py
[2026-06-29T22:36:40.481+0000] {processor.py:914} INFO - Processing file /home/airflow/.local/lib/python3.12/site-packages/airflow/example_dags/example_complex.py for tasks to queue
[2026-06-29T22:36:40.489+0000] {logging_mixin.py:190} INFO - [2026-06-29T22:36:40.488+0000] {dagbag.py:588} INFO - Filling up the DagBag from /home/airflow/.local/lib/python3.12/site-packages/airflow/example_dags/example_complex.py
[2026-06-29T22:36:40.516+0000] {processor.py:925} INFO - DAG(s) 'example_complex' retrieved from /home/airflow/.local/lib/python3.12/site-packages/airflow/example_dags/example_complex.py
[2026-06-29T22:36:40.590+0000] {logging_mixin.py:190} INFO - [2026-06-29T22:36:40.590+0000] {dag.py:3239} INFO - Sync 1 DAGs
[2026-06-29T22:36:40.632+0000] {logging_mixin.py:190} INFO - [2026-06-29T22:36:40.631+0000] {dag.py:4180} INFO - Setting next_dagrun for example_complex to None, run_after=None
[2026-06-29T22:36:40.680+0000] {processor.py:208} INFO - Processing /home/airflow/.local/lib/python3.12/site-packages/airflow/example_dags/example_complex.py took 0.216 seconds
[2026-06-29T22:37:11.411+0000] {processor.py:186} INFO - Started process (PID=3765) to work on /home/airflow/.local/lib/python3.12/site-packages/airflow/example_dags/example_complex.py
[2026-06-29T22:37:11.413+0000] {processor.py:914} INFO - Processing file /home/airflow/.local/lib/python3.12/site-packages/airflow/example_dags/example_complex.py for tasks to queue
[2026-06-29T22:37:11.417+0000] {logging_mixin.py:190} INFO - [2026-06-29T22:37:11.416+0000] {dagbag.py:588} INFO - Filling up the DagBag from /home/airflow/.local/lib/python3.12/site-packages/airflow/example_dags/example_complex.py
[2026-06-29T22:37:11.435+0000] {processor.py:925} INFO - DAG(s) 'example_complex' retrieved from /home/airflow/.local/lib/python3.12/site-packages/airflow/example_dags/example_complex.py
[2026-06-29T22:37:11.475+0000] {logging_mixin.py:190} INFO - [2026-06-29T22:37:11.475+0000] {dag.py:3239} INFO - Sync 1 DAGs
[2026-06-29T22:37:11.495+0000] {logging_mixin.py:190} INFO - [2026-06-29T22:37:11.494+0000] {dag.py:4180} INFO - Setting next_dagrun for example_complex to None, run_after=None
[2026-06-29T22:37:11.526+0000] {processor.py:208} INFO - Processing /home/airflow/.local/lib/python3.12/site-packages/airflow/example_dags/example_complex.py took 0.127 seconds
[2026-06-29T22:37:41.796+0000] {processor.py:186} INFO - Started process (PID=3829) to work on /home/airflow/.local/lib/python3.12/site-packages/airflow/example_dags/example_complex.py
[2026-06-29T22:37:41.798+0000] {processor.py:914} INFO - Processing file /home/airflow/.local/lib/python3.12/site-packages/airflow/example_dags/example_complex.py for tasks to queue
[2026-06-29T22:37:41.804+0000] {logging_mixin.py:190} INFO - [2026-06-29T22:37:41.803+0000] {dagbag.py:588} INFO - Filling up the DagBag from /home/airflow/.local/lib/python3.12/site-packages/airflow/example_dags/example_complex.py
[2026-06-29T22:37:41.822+0000] {processor.py:925} INFO - DAG(s) 'example_complex' retrieved from /home/airflow/.local/lib/python3.12/site-packages/airflow/example_dags/example_complex.py
[2026-06-29T22:37:41.875+0000] {logging_mixin.py:190} INFO - [2026-06-29T22:37:41.875+0000] {dag.py:3239} INFO - Sync 1 DAGs
[2026-06-29T22:37:41.894+0000] {logging_mixin.py:190} INFO - [2026-06-29T22:37:41.893+0000] {dag.py:4180} INFO - Setting next_dagrun for example_complex to None, run_after=None
[2026-06-29T22:37:41.922+0000] {processor.py:208} INFO - Processing /home/airflow/.local/lib/python3.12/site-packages/airflow/example_dags/example_complex.py took 0.142 seconds
[2026-06-29T22:38:12.797+0000] {processor.py:186} INFO - Started process (PID=3893) to work on /home/airflow/.local/lib/python3.12/site-packages/airflow/example_dags/example_complex.py
[2026-06-29T22:38:12.799+0000] {processor.py:914} INFO - Processing file /home/airflow/.local/lib/python3.12/site-packages/airflow/example_dags/example_complex.py for tasks to queue
[2026-06-29T22:38:12.802+0000] {logging_mixin.py:190} INFO - [2026-06-29T22:38:12.802+0000] {dagbag.py:588} INFO - Filling up the DagBag from /home/airflow/.local/lib/python3.12/site-packages/airflow/example_dags/example_complex.py
[2026-06-29T22:38:12.820+0000] {processor.py:925} INFO - DAG(s) 'example_complex' retrieved from /home/airflow/.local/lib/python3.12/site-packages/airflow/example_dags/example_complex.py
[2026-06-29T22:38:12.850+0000] {logging_mixin.py:190} INFO - [2026-06-29T22:38:12.849+0000] {dag.py:3239} INFO - Sync 1 DAGs
[2026-06-29T22:38:12.864+0000] {logging_mixin.py:190} INFO - [2026-06-29T22:38:12.864+0000] {dag.py:4180} INFO - Setting next_dagrun for example_complex to None, run_after=None
[2026-06-29T22:38:12.885+0000] {processor.py:208} INFO - Processing /home/airflow/.local/lib/python3.12/site-packages/airflow/example_dags/example_complex.py took 0.098 seconds
[2026-06-29T22:38:44.004+0000] {processor.py:186} INFO - Started process (PID=3957) to work on /home/airflow/.local/lib/python3.12/site-packages/airflow/example_dags/example_complex.py
[2026-06-29T22:38:44.008+0000] {processor.py:914} INFO - Processing file /home/airflow/.local/lib/python3.12/site-packages/airflow/example_dags/example_complex.py for tasks to queue
[2026-06-29T22:38:44.014+0000] {logging_mixin.py:190} INFO - [2026-06-29T22:38:44.013+0000] {dagbag.py:588} INFO - Filling up the DagBag from /home/airflow/.local/lib/python3.12/site-packages/airflow/example_dags/example_complex.py
[2026-06-29T22:38:44.034+0000] {processor.py:925} INFO - DAG(s) 'example_complex' retrieved from /home/airflow/.local/lib/python3.12/site-packages/airflow/example_dags/example_complex.py
[2026-06-29T22:38:44.084+0000] {logging_mixin.py:190} INFO - [2026-06-29T22:38:44.084+0000] {dag.py:3239} INFO - Sync 1 DAGs
[2026-06-29T22:38:44.108+0000] {logging_mixin.py:190} INFO - [2026-06-29T22:38:44.107+0000] {dag.py:4180} INFO - Setting next_dagrun for example_complex to None, run_after=None
[2026-06-29T22:38:44.143+0000] {processor.py:208} INFO - Processing /home/airflow/.local/lib/python3.12/site-packages/airflow/example_dags/example_complex.py took 0.157 seconds
[2026-06-29T22:39:14.916+0000] {processor.py:186} INFO - Started process (PID=4021) to work on /home/airflow/.local/lib/python3.12/site-packages/airflow/example_dags/example_complex.py
[2026-06-29T22:39:14.918+0000] {processor.py:914} INFO - Processing file /home/airflow/.local/lib/python3.12/site-packages/airflow/example_dags/example_complex.py for tasks to queue
[2026-06-29T22:39:14.921+0000] {logging_mixin.py:190} INFO - [2026-06-29T22:39:14.920+0000] {dagbag.py:588} INFO - Filling up the DagBag from /home/airflow/.local/lib/python3.12/site-packages/airflow/example_dags/example_complex.py
[2026-06-29T22:39:14.934+0000] {processor.py:925} INFO - DAG(s) 'example_complex' retrieved from /home/airflow/.local/lib/python3.12/site-packages/airflow/example_dags/example_complex.py
[2026-06-29T22:39:14.967+0000] {logging_mixin.py:190} INFO - [2026-06-29T22:39:14.966+0000] {dag.py:3239} INFO - Sync 1 DAGs
[2026-06-29T22:39:15.148+0000] {logging_mixin.py:190} INFO - [2026-06-29T22:39:15.147+0000] {dag.py:4180} INFO - Setting next_dagrun for example_complex to None, run_after=None
[2026-06-29T22:39:15.168+0000] {processor.py:208} INFO - Processing /home/airflow/.local/lib/python3.12/site-packages/airflow/example_dags/example_complex.py took 0.261 seconds
[2026-06-29T22:39:45.348+0000] {processor.py:186} INFO - Started process (PID=4085) to work on /home/airflow/.local/lib/python3.12/site-packages/airflow/example_dags/example_complex.py
[2026-06-29T22:39:45.351+0000] {processor.py:914} INFO - Processing file /home/airflow/.local/lib/python3.12/site-packages/airflow/example_dags/example_complex.py for tasks to queue
[2026-06-29T22:39:45.356+0000] {logging_mixin.py:190} INFO - [2026-06-29T22:39:45.355+0000] {dagbag.py:588} INFO - Filling up the DagBag from /home/airflow/.local/lib/python3.12/site-packages/airflow/example_dags/example_complex.py
[2026-06-29T22:39:45.384+0000] {processor.py:925} INFO - DAG(s) 'example_complex' retrieved from /home/airflow/.local/lib/python3.12/site-packages/airflow/example_dags/example_complex.py
[2026-06-29T22:39:45.451+0000] {logging_mixin.py:190} INFO - [2026-06-29T22:39:45.450+0000] {dag.py:3239} INFO - Sync 1 DAGs
[2026-06-29T22:39:45.487+0000] {logging_mixin.py:190} INFO - [2026-06-29T22:39:45.486+0000] {dag.py:4180} INFO - Setting next_dagrun for example_complex to None, run_after=None
[2026-06-29T22:39:45.538+0000] {processor.py:208} INFO - Processing /home/airflow/.local/lib/python3.12/site-packages/airflow/example_dags/example_complex.py took 0.207 seconds
[2026-06-29T22:41:30.714+0000] {processor.py:186} INFO - Started process (PID=117) to work on /home/airflow/.local/lib/python3.12/site-packages/airflow/example_dags/example_complex.py
[2026-06-29T22:41:30.717+0000] {processor.py:914} INFO - Processing file /home/airflow/.local/lib/python3.12/site-packages/airflow/example_dags/example_complex.py for tasks to queue
[2026-06-29T22:41:30.722+0000] {logging_mixin.py:190} INFO - [2026-06-29T22:41:30.722+0000] {dagbag.py:588} INFO - Filling up the DagBag from /home/airflow/.local/lib/python3.12/site-packages/airflow/example_dags/example_complex.py
[2026-06-29T22:41:30.757+0000] {processor.py:925} INFO - DAG(s) 'example_complex' retrieved from /home/airflow/.local/lib/python3.12/site-packages/airflow/example_dags/example_complex.py
[2026-06-29T22:41:30.857+0000] {logging_mixin.py:190} INFO - [2026-06-29T22:41:30.856+0000] {dag.py:3239} INFO - Sync 1 DAGs
[2026-06-29T22:41:30.907+0000] {logging_mixin.py:190} INFO - [2026-06-29T22:41:30.906+0000] {dag.py:4180} INFO - Setting next_dagrun for example_complex to None, run_after=None
[2026-06-29T22:41:30.970+0000] {processor.py:208} INFO - Processing /home/airflow/.local/lib/python3.12/site-packages/airflow/example_dags/example_complex.py took 0.271 seconds
[2026-06-29T22:42:01.863+0000] {processor.py:186} INFO - Started process (PID=181) to work on /home/airflow/.local/lib/python3.12/site-packages/airflow/example_dags/example_complex.py
[2026-06-29T22:42:01.866+0000] {processor.py:914} INFO - Processing file /home/airflow/.local/lib/python3.12/site-packages/airflow/example_dags/example_complex.py for tasks to queue
[2026-06-29T22:42:01.872+0000] {logging_mixin.py:190} INFO - [2026-06-29T22:42:01.871+0000] {dagbag.py:588} INFO - Filling up the DagBag from /home/airflow/.local/lib/python3.12/site-packages/airflow/example_dags/example_complex.py
[2026-06-29T22:42:01.898+0000] {processor.py:925} INFO - DAG(s) 'example_complex' retrieved from /home/airflow/.local/lib/python3.12/site-packages/airflow/example_dags/example_complex.py
[2026-06-29T22:42:01.963+0000] {logging_mixin.py:190} INFO - [2026-06-29T22:42:01.962+0000] {dag.py:3239} INFO - Sync 1 DAGs
[2026-06-29T22:42:01.997+0000] {logging_mixin.py:190} INFO - [2026-06-29T22:42:01.996+0000] {dag.py:4180} INFO - Setting next_dagrun for example_complex to None, run_after=None
[2026-06-29T22:42:02.047+0000] {processor.py:208} INFO - Processing /home/airflow/.local/lib/python3.12/site-packages/airflow/example_dags/example_complex.py took 0.198 seconds
[2026-06-29T22:42:34.190+0000] {processor.py:186} INFO - Started process (PID=245) to work on /home/airflow/.local/lib/python3.12/site-packages/airflow/example_dags/example_complex.py
[2026-06-29T22:42:34.192+0000] {processor.py:914} INFO - Processing file /home/airflow/.local/lib/python3.12/site-packages/airflow/example_dags/example_complex.py for tasks to queue
[2026-06-29T22:42:34.199+0000] {logging_mixin.py:190} INFO - [2026-06-29T22:42:34.199+0000] {dagbag.py:588} INFO - Filling up the DagBag from /home/airflow/.local/lib/python3.12/site-packages/airflow/example_dags/example_complex.py
[2026-06-29T22:42:34.219+0000] {processor.py:925} INFO - DAG(s) 'example_complex' retrieved from /home/airflow/.local/lib/python3.12/site-packages/airflow/example_dags/example_complex.py
[2026-06-29T22:42:34.278+0000] {logging_mixin.py:190} INFO - [2026-06-29T22:42:34.277+0000] {dag.py:3239} INFO - Sync 1 DAGs
[2026-06-29T22:42:34.316+0000] {logging_mixin.py:190} INFO - [2026-06-29T22:42:34.316+0000] {dag.py:4180} INFO - Setting next_dagrun for example_complex to None, run_after=None
[2026-06-29T22:42:34.365+0000] {processor.py:208} INFO - Processing /home/airflow/.local/lib/python3.12/site-packages/airflow/example_dags/example_complex.py took 0.188 seconds
[2026-06-29T22:43:08.307+0000] {processor.py:186} INFO - Started process (PID=309) to work on /home/airflow/.local/lib/python3.12/site-packages/airflow/example_dags/example_complex.py
[2026-06-29T22:43:08.310+0000] {processor.py:914} INFO - Processing file /home/airflow/.local/lib/python3.12/site-packages/airflow/example_dags/example_complex.py for tasks to queue
[2026-06-29T22:43:08.323+0000] {logging_mixin.py:190} INFO - [2026-06-29T22:43:08.320+0000] {dagbag.py:588} INFO - Filling up the DagBag from /home/airflow/.local/lib/python3.12/site-packages/airflow/example_dags/example_complex.py
[2026-06-29T22:43:08.357+0000] {processor.py:925} INFO - DAG(s) 'example_complex' retrieved from /home/airflow/.local/lib/python3.12/site-packages/airflow/example_dags/example_complex.py
[2026-06-29T22:43:08.442+0000] {logging_mixin.py:190} INFO - [2026-06-29T22:43:08.441+0000] {dag.py:3239} INFO - Sync 1 DAGs
[2026-06-29T22:43:08.493+0000] {logging_mixin.py:190} INFO - [2026-06-29T22:43:08.493+0000] {dag.py:4180} INFO - Setting next_dagrun for example_complex to None, run_after=None
[2026-06-29T22:43:08.548+0000] {processor.py:208} INFO - Processing /home/airflow/.local/lib/python3.12/site-packages/airflow/example_dags/example_complex.py took 0.315 seconds
[2026-06-29T22:43:39.477+0000] {processor.py:186} INFO - Started process (PID=373) to work on /home/airflow/.local/lib/python3.12/site-packages/airflow/example_dags/example_complex.py
[2026-06-29T22:43:39.481+0000] {processor.py:914} INFO - Processing file /home/airflow/.local/lib/python3.12/site-packages/airflow/example_dags/example_complex.py for tasks to queue
[2026-06-29T22:43:39.490+0000] {logging_mixin.py:190} INFO - [2026-06-29T22:43:39.489+0000] {dagbag.py:588} INFO - Filling up the DagBag from /home/airflow/.local/lib/python3.12/site-packages/airflow/example_dags/example_complex.py
[2026-06-29T22:43:39.510+0000] {processor.py:925} INFO - DAG(s) 'example_complex' retrieved from /home/airflow/.local/lib/python3.12/site-packages/airflow/example_dags/example_complex.py
[2026-06-29T22:43:39.587+0000] {logging_mixin.py:190} INFO - [2026-06-29T22:43:39.586+0000] {dag.py:3239} INFO - Sync 1 DAGs
[2026-06-29T22:43:39.621+0000] {logging_mixin.py:190} INFO - [2026-06-29T22:43:39.621+0000] {dag.py:4180} INFO - Setting next_dagrun for example_complex to None, run_after=None
[2026-06-29T22:43:39.678+0000] {processor.py:208} INFO - Processing /home/airflow/.local/lib/python3.12/site-packages/airflow/example_dags/example_complex.py took 0.213 seconds
[2026-06-29T22:44:10.029+0000] {processor.py:186} INFO - Started process (PID=438) to work on /home/airflow/.local/lib/python3.12/site-packages/airflow/example_dags/example_complex.py
[2026-06-29T22:44:10.031+0000] {processor.py:914} INFO - Processing file /home/airflow/.local/lib/python3.12/site-packages/airflow/example_dags/example_complex.py for tasks to queue
[2026-06-29T22:44:10.034+0000] {logging_mixin.py:190} INFO - [2026-06-29T22:44:10.034+0000] {dagbag.py:588} INFO - Filling up the DagBag from /home/airflow/.local/lib/python3.12/site-packages/airflow/example_dags/example_complex.py
[2026-06-29T22:44:10.048+0000] {processor.py:925} INFO - DAG(s) 'example_complex' retrieved from /home/airflow/.local/lib/python3.12/site-packages/airflow/example_dags/example_complex.py
[2026-06-29T22:44:10.076+0000] {logging_mixin.py:190} INFO - [2026-06-29T22:44:10.076+0000] {dag.py:3239} INFO - Sync 1 DAGs
[2026-06-29T22:44:10.088+0000] {logging_mixin.py:190} INFO - [2026-06-29T22:44:10.088+0000] {dag.py:4180} INFO - Setting next_dagrun for example_complex to None, run_after=None
[2026-06-29T22:44:10.110+0000] {processor.py:208} INFO - Processing /home/airflow/.local/lib/python3.12/site-packages/airflow/example_dags/example_complex.py took 0.086 seconds
[2026-06-29T22:44:40.626+0000] {processor.py:186} INFO - Started process (PID=502) to work on /home/airflow/.local/lib/python3.12/site-packages/airflow/example_dags/example_complex.py
[2026-06-29T22:44:40.629+0000] {processor.py:914} INFO - Processing file /home/airflow/.local/lib/python3.12/site-packages/airflow/example_dags/example_complex.py for tasks to queue
[2026-06-29T22:44:40.638+0000] {logging_mixin.py:190} INFO - [2026-06-29T22:44:40.637+0000] {dagbag.py:588} INFO - Filling up the DagBag from /home/airflow/.local/lib/python3.12/site-packages/airflow/example_dags/example_complex.py
[2026-06-29T22:44:40.667+0000] {processor.py:925} INFO - DAG(s) 'example_complex' retrieved from /home/airflow/.local/lib/python3.12/site-packages/airflow/example_dags/example_complex.py
[2026-06-29T22:44:40.744+0000] {logging_mixin.py:190} INFO - [2026-06-29T22:44:40.743+0000] {dag.py:3239} INFO - Sync 1 DAGs
[2026-06-29T22:44:40.787+0000] {logging_mixin.py:190} INFO - [2026-06-29T22:44:40.786+0000] {dag.py:4180} INFO - Setting next_dagrun for example_complex to None, run_after=None
[2026-06-29T22:44:40.838+0000] {processor.py:208} INFO - Processing /home/airflow/.local/lib/python3.12/site-packages/airflow/example_dags/example_complex.py took 0.227 seconds
[2026-06-29T22:45:12.095+0000] {processor.py:186} INFO - Started process (PID=572) to work on /home/airflow/.local/lib/python3.12/site-packages/airflow/example_dags/example_complex.py
[2026-06-29T22:45:12.098+0000] {processor.py:914} INFO - Processing file /home/airflow/.local/lib/python3.12/site-packages/airflow/example_dags/example_complex.py for tasks to queue
[2026-06-29T22:45:12.102+0000] {logging_mixin.py:190} INFO - [2026-06-29T22:45:12.102+0000] {dagbag.py:588} INFO - Filling up the DagBag from /home/airflow/.local/lib/python3.12/site-packages/airflow/example_dags/example_complex.py
[2026-06-29T22:45:12.122+0000] {processor.py:925} INFO - DAG(s) 'example_complex' retrieved from /home/airflow/.local/lib/python3.12/site-packages/airflow/example_dags/example_complex.py
[2026-06-29T22:45:12.172+0000] {logging_mixin.py:190} INFO - [2026-06-29T22:45:12.172+0000] {dag.py:3239} INFO - Sync 1 DAGs
[2026-06-29T22:45:12.201+0000] {logging_mixin.py:190} INFO - [2026-06-29T22:45:12.200+0000] {dag.py:4180} INFO - Setting next_dagrun for example_complex to None, run_after=None
[2026-06-29T22:45:12.235+0000] {processor.py:208} INFO - Processing /home/airflow/.local/lib/python3.12/site-packages/airflow/example_dags/example_complex.py took 0.153 seconds
[2026-06-29T22:45:42.585+0000] {processor.py:186} INFO - Started process (PID=636) to work on /home/airflow/.local/lib/python3.12/site-packages/airflow/example_dags/example_complex.py
[2026-06-29T22:45:42.587+0000] {processor.py:914} INFO - Processing file /home/airflow/.local/lib/python3.12/site-packages/airflow/example_dags/example_complex.py for tasks to queue
[2026-06-29T22:45:42.590+0000] {logging_mixin.py:190} INFO - [2026-06-29T22:45:42.590+0000] {dagbag.py:588} INFO - Filling up the DagBag from /home/airflow/.local/lib/python3.12/site-packages/airflow/example_dags/example_complex.py
[2026-06-29T22:45:42.603+0000] {processor.py:925} INFO - DAG(s) 'example_complex' retrieved from /home/airflow/.local/lib/python3.12/site-packages/airflow/example_dags/example_complex.py
[2026-06-29T22:45:42.639+0000] {logging_mixin.py:190} INFO - [2026-06-29T22:45:42.638+0000] {dag.py:3239} INFO - Sync 1 DAGs
[2026-06-29T22:45:42.657+0000] {logging_mixin.py:190} INFO - [2026-06-29T22:45:42.656+0000] {dag.py:4180} INFO - Setting next_dagrun for example_complex to None, run_after=None
[2026-06-29T22:45:42.680+0000] {processor.py:208} INFO - Processing /home/airflow/.local/lib/python3.12/site-packages/airflow/example_dags/example_complex.py took 0.102 seconds
[2026-06-29T22:46:12.762+0000] {processor.py:186} INFO - Started process (PID=699) to work on /home/airflow/.local/lib/python3.12/site-packages/airflow/example_dags/example_complex.py
[2026-06-29T22:46:12.764+0000] {processor.py:914} INFO - Processing file /home/airflow/.local/lib/python3.12/site-packages/airflow/example_dags/example_complex.py for tasks to queue
[2026-06-29T22:46:12.768+0000] {logging_mixin.py:190} INFO - [2026-06-29T22:46:12.768+0000] {dagbag.py:588} INFO - Filling up the DagBag from /home/airflow/.local/lib/python3.12/site-packages/airflow/example_dags/example_complex.py
[2026-06-29T22:46:12.783+0000] {processor.py:925} INFO - DAG(s) 'example_complex' retrieved from /home/airflow/.local/lib/python3.12/site-packages/airflow/example_dags/example_complex.py
[2026-06-29T22:46:12.819+0000] {logging_mixin.py:190} INFO - [2026-06-29T22:46:12.819+0000] {dag.py:3239} INFO - Sync 1 DAGs
[2026-06-29T22:46:12.835+0000] {logging_mixin.py:190} INFO - [2026-06-29T22:46:12.834+0000] {dag.py:4180} INFO - Setting next_dagrun for example_complex to None, run_after=None
[2026-06-29T22:46:12.860+0000] {processor.py:208} INFO - Processing /home/airflow/.local/lib/python3.12/site-packages/airflow/example_dags/example_complex.py took 0.104 seconds
[2026-06-29T22:46:43.092+0000] {processor.py:186} INFO - Started process (PID=762) to work on /home/airflow/.local/lib/python3.12/site-packages/airflow/example_dags/example_complex.py
[2026-06-29T22:46:43.095+0000] {processor.py:914} INFO - Processing file /home/airflow/.local/lib/python3.12/site-packages/airflow/example_dags/example_complex.py for tasks to queue
[2026-06-29T22:46:43.102+0000] {logging_mixin.py:190} INFO - [2026-06-29T22:46:43.101+0000] {dagbag.py:588} INFO - Filling up the DagBag from /home/airflow/.local/lib/python3.12/site-packages/airflow/example_dags/example_complex.py
[2026-06-29T22:46:43.134+0000] {processor.py:925} INFO - DAG(s) 'example_complex' retrieved from /home/airflow/.local/lib/python3.12/site-packages/airflow/example_dags/example_complex.py
[2026-06-29T22:46:43.225+0000] {logging_mixin.py:190} INFO - [2026-06-29T22:46:43.224+0000] {dag.py:3239} INFO - Sync 1 DAGs
[2026-06-29T22:46:43.254+0000] {logging_mixin.py:190} INFO - [2026-06-29T22:46:43.254+0000] {dag.py:4180} INFO - Setting next_dagrun for example_complex to None, run_after=None
[2026-06-29T22:46:43.299+0000] {processor.py:208} INFO - Processing /home/airflow/.local/lib/python3.12/site-packages/airflow/example_dags/example_complex.py took 0.227 seconds
