[2026-06-29T21:56:53.920+0000] {processor.py:186} INFO - Started process (PID=77) to work on /home/airflow/.local/lib/python3.12/site-packages/airflow/example_dags/example_params_ui_tutorial.py
[2026-06-29T21:56:53.922+0000] {processor.py:914} INFO - Processing file /home/airflow/.local/lib/python3.12/site-packages/airflow/example_dags/example_params_ui_tutorial.py for tasks to queue
[2026-06-29T21:56:53.926+0000] {logging_mixin.py:190} INFO - [2026-06-29T21:56:53.926+0000] {dagbag.py:588} INFO - Filling up the DagBag from /home/airflow/.local/lib/python3.12/site-packages/airflow/example_dags/example_params_ui_tutorial.py
[2026-06-29T21:56:53.952+0000] {processor.py:925} INFO - DAG(s) 'example_params_ui_tutorial' retrieved from /home/airflow/.local/lib/python3.12/site-packages/airflow/example_dags/example_params_ui_tutorial.py
[2026-06-29T21:56:54.148+0000] {logging_mixin.py:190} INFO - [2026-06-29T21:56:54.147+0000] {override.py:1912} INFO - Created Permission View: can edit on DAG:example_params_ui_tutorial
[2026-06-29T21:56:54.170+0000] {logging_mixin.py:190} INFO - [2026-06-29T21:56:54.170+0000] {override.py:1912} INFO - Created Permission View: can read on DAG:example_params_ui_tutorial
[2026-06-29T21:56:54.184+0000] {logging_mixin.py:190} INFO - [2026-06-29T21:56:54.183+0000] {override.py:1912} INFO - Created Permission View: can delete on DAG:example_params_ui_tutorial
[2026-06-29T21:56:54.199+0000] {logging_mixin.py:190} INFO - [2026-06-29T21:56:54.198+0000] {override.py:1912} INFO - Created Permission View: can create on DAG Run:example_params_ui_tutorial
[2026-06-29T21:56:54.211+0000] {logging_mixin.py:190} INFO - [2026-06-29T21:56:54.211+0000] {override.py:1912} INFO - Created Permission View: can read on DAG Run:example_params_ui_tutorial
[2026-06-29T21:56:54.221+0000] {logging_mixin.py:190} INFO - [2026-06-29T21:56:54.221+0000] {override.py:1912} INFO - Created Permission View: can delete on DAG Run:example_params_ui_tutorial
[2026-06-29T21:56:54.236+0000] {logging_mixin.py:190} INFO - [2026-06-29T21:56:54.235+0000] {override.py:1912} INFO - Created Permission View: menu access on DAG Run:example_params_ui_tutorial
[2026-06-29T21:56:54.237+0000] {logging_mixin.py:190} INFO - [2026-06-29T21:56:54.237+0000] {dag.py:3239} INFO - Sync 1 DAGs
[2026-06-29T21:56:54.261+0000] {logging_mixin.py:190} INFO - [2026-06-29T21:56:54.260+0000] {dag.py:3262} INFO - Creating ORM DAG for example_params_ui_tutorial
[2026-06-29T21:56:54.262+0000] {logging_mixin.py:190} INFO - [2026-06-29T21:56:54.262+0000] {dag.py:4180} INFO - Setting next_dagrun for example_params_ui_tutorial to None, run_after=None
[2026-06-29T21:56:54.291+0000] {processor.py:208} INFO - Processing /home/airflow/.local/lib/python3.12/site-packages/airflow/example_dags/example_params_ui_tutorial.py took 0.381 seconds
[2026-06-29T21:59:01.172+0000] {processor.py:186} INFO - Started process (PID=77) to work on /home/airflow/.local/lib/python3.12/site-packages/airflow/example_dags/example_params_ui_tutorial.py
[2026-06-29T21:59:01.176+0000] {processor.py:914} INFO - Processing file /home/airflow/.local/lib/python3.12/site-packages/airflow/example_dags/example_params_ui_tutorial.py for tasks to queue
[2026-06-29T21:59:01.201+0000] {logging_mixin.py:190} INFO - [2026-06-29T21:59:01.200+0000] {dagbag.py:588} INFO - Filling up the DagBag from /home/airflow/.local/lib/python3.12/site-packages/airflow/example_dags/example_params_ui_tutorial.py
[2026-06-29T21:59:01.234+0000] {processor.py:925} INFO - DAG(s) 'example_params_ui_tutorial' retrieved from /home/airflow/.local/lib/python3.12/site-packages/airflow/example_dags/example_params_ui_tutorial.py
[2026-06-29T21:59:01.432+0000] {logging_mixin.py:190} INFO - [2026-06-29T21:59:01.431+0000] {dag.py:3239} INFO - Sync 1 DAGs
[2026-06-29T21:59:01.519+0000] {logging_mixin.py:190} INFO - [2026-06-29T21:59:01.519+0000] {dag.py:4180} INFO - Setting next_dagrun for example_params_ui_tutorial to None, run_after=None
[2026-06-29T21:59:01.707+0000] {processor.py:208} INFO - Processing /home/airflow/.local/lib/python3.12/site-packages/airflow/example_dags/example_params_ui_tutorial.py took 0.564 seconds
[2026-06-29T21:59:32.523+0000] {processor.py:186} INFO - Started process (PID=140) to work on /home/airflow/.local/lib/python3.12/site-packages/airflow/example_dags/example_params_ui_tutorial.py
[2026-06-29T21:59:32.527+0000] {processor.py:914} INFO - Processing file /home/airflow/.local/lib/python3.12/site-packages/airflow/example_dags/example_params_ui_tutorial.py for tasks to queue
[2026-06-29T21:59:32.535+0000] {logging_mixin.py:190} INFO - [2026-06-29T21:59:32.534+0000] {dagbag.py:588} INFO - Filling up the DagBag from /home/airflow/.local/lib/python3.12/site-packages/airflow/example_dags/example_params_ui_tutorial.py
[2026-06-29T21:59:32.556+0000] {processor.py:925} INFO - DAG(s) 'example_params_ui_tutorial' retrieved from /home/airflow/.local/lib/python3.12/site-packages/airflow/example_dags/example_params_ui_tutorial.py
[2026-06-29T21:59:32.629+0000] {logging_mixin.py:190} INFO - [2026-06-29T21:59:32.629+0000] {dag.py:3239} INFO - Sync 1 DAGs
[2026-06-29T21:59:32.673+0000] {logging_mixin.py:190} INFO - [2026-06-29T21:59:32.672+0000] {dag.py:4180} INFO - Setting next_dagrun for example_params_ui_tutorial to None, run_after=None
[2026-06-29T21:59:32.727+0000] {processor.py:208} INFO - Processing /home/airflow/.local/lib/python3.12/site-packages/airflow/example_dags/example_params_ui_tutorial.py took 0.222 seconds
[2026-06-29T22:00:03.465+0000] {processor.py:186} INFO - Started process (PID=203) to work on /home/airflow/.local/lib/python3.12/site-packages/airflow/example_dags/example_params_ui_tutorial.py
[2026-06-29T22:00:03.468+0000] {processor.py:914} INFO - Processing file /home/airflow/.local/lib/python3.12/site-packages/airflow/example_dags/example_params_ui_tutorial.py for tasks to queue
[2026-06-29T22:00:03.473+0000] {logging_mixin.py:190} INFO - [2026-06-29T22:00:03.472+0000] {dagbag.py:588} INFO - Filling up the DagBag from /home/airflow/.local/lib/python3.12/site-packages/airflow/example_dags/example_params_ui_tutorial.py
[2026-06-29T22:00:03.504+0000] {processor.py:925} INFO - DAG(s) 'example_params_ui_tutorial' retrieved from /home/airflow/.local/lib/python3.12/site-packages/airflow/example_dags/example_params_ui_tutorial.py
[2026-06-29T22:00:03.584+0000] {logging_mixin.py:190} INFO - [2026-06-29T22:00:03.584+0000] {dag.py:3239} INFO - Sync 1 DAGs
[2026-06-29T22:00:03.608+0000] {logging_mixin.py:190} INFO - [2026-06-29T22:00:03.608+0000] {dag.py:4180} INFO - Setting next_dagrun for example_params_ui_tutorial to None, run_after=None
[2026-06-29T22:00:03.657+0000] {processor.py:208} INFO - Processing /home/airflow/.local/lib/python3.12/site-packages/airflow/example_dags/example_params_ui_tutorial.py took 0.201 seconds
[2026-06-29T22:00:34.116+0000] {processor.py:186} INFO - Started process (PID=267) to work on /home/airflow/.local/lib/python3.12/site-packages/airflow/example_dags/example_params_ui_tutorial.py
[2026-06-29T22:00:34.119+0000] {processor.py:914} INFO - Processing file /home/airflow/.local/lib/python3.12/site-packages/airflow/example_dags/example_params_ui_tutorial.py for tasks to queue
[2026-06-29T22:00:34.129+0000] {logging_mixin.py:190} INFO - [2026-06-29T22:00:34.128+0000] {dagbag.py:588} INFO - Filling up the DagBag from /home/airflow/.local/lib/python3.12/site-packages/airflow/example_dags/example_params_ui_tutorial.py
[2026-06-29T22:00:34.154+0000] {processor.py:925} INFO - DAG(s) 'example_params_ui_tutorial' retrieved from /home/airflow/.local/lib/python3.12/site-packages/airflow/example_dags/example_params_ui_tutorial.py
[2026-06-29T22:00:34.242+0000] {logging_mixin.py:190} INFO - [2026-06-29T22:00:34.241+0000] {dag.py:3239} INFO - Sync 1 DAGs
[2026-06-29T22:00:34.273+0000] {logging_mixin.py:190} INFO - [2026-06-29T22:00:34.273+0000] {dag.py:4180} INFO - Setting next_dagrun for example_params_ui_tutorial to None, run_after=None
[2026-06-29T22:00:34.327+0000] {processor.py:208} INFO - Processing /home/airflow/.local/lib/python3.12/site-packages/airflow/example_dags/example_params_ui_tutorial.py took 0.225 seconds
[2026-06-29T22:01:05.219+0000] {processor.py:186} INFO - Started process (PID=330) to work on /home/airflow/.local/lib/python3.12/site-packages/airflow/example_dags/example_params_ui_tutorial.py
[2026-06-29T22:01:05.223+0000] {processor.py:914} INFO - Processing file /home/airflow/.local/lib/python3.12/site-packages/airflow/example_dags/example_params_ui_tutorial.py for tasks to queue
[2026-06-29T22:01:05.229+0000] {logging_mixin.py:190} INFO - [2026-06-29T22:01:05.228+0000] {dagbag.py:588} INFO - Filling up the DagBag from /home/airflow/.local/lib/python3.12/site-packages/airflow/example_dags/example_params_ui_tutorial.py
[2026-06-29T22:01:05.245+0000] {processor.py:925} INFO - DAG(s) 'example_params_ui_tutorial' retrieved from /home/airflow/.local/lib/python3.12/site-packages/airflow/example_dags/example_params_ui_tutorial.py
[2026-06-29T22:01:05.340+0000] {logging_mixin.py:190} INFO - [2026-06-29T22:01:05.339+0000] {dag.py:3239} INFO - Sync 1 DAGs
[2026-06-29T22:01:05.368+0000] {logging_mixin.py:190} INFO - [2026-06-29T22:01:05.368+0000] {dag.py:4180} INFO - Setting next_dagrun for example_params_ui_tutorial to None, run_after=None
[2026-06-29T22:01:05.406+0000] {processor.py:208} INFO - Processing /home/airflow/.local/lib/python3.12/site-packages/airflow/example_dags/example_params_ui_tutorial.py took 0.198 seconds
[2026-06-29T22:01:35.514+0000] {processor.py:186} INFO - Started process (PID=392) to work on /home/airflow/.local/lib/python3.12/site-packages/airflow/example_dags/example_params_ui_tutorial.py
[2026-06-29T22:01:35.518+0000] {processor.py:914} INFO - Processing file /home/airflow/.local/lib/python3.12/site-packages/airflow/example_dags/example_params_ui_tutorial.py for tasks to queue
[2026-06-29T22:01:35.525+0000] {logging_mixin.py:190} INFO - [2026-06-29T22:01:35.524+0000] {dagbag.py:588} INFO - Filling up the DagBag from /home/airflow/.local/lib/python3.12/site-packages/airflow/example_dags/example_params_ui_tutorial.py
[2026-06-29T22:01:35.541+0000] {processor.py:925} INFO - DAG(s) 'example_params_ui_tutorial' retrieved from /home/airflow/.local/lib/python3.12/site-packages/airflow/example_dags/example_params_ui_tutorial.py
[2026-06-29T22:01:35.653+0000] {logging_mixin.py:190} INFO - [2026-06-29T22:01:35.652+0000] {dag.py:3239} INFO - Sync 1 DAGs
[2026-06-29T22:01:35.691+0000] {logging_mixin.py:190} INFO - [2026-06-29T22:01:35.690+0000] {dag.py:4180} INFO - Setting next_dagrun for example_params_ui_tutorial to None, run_after=None
[2026-06-29T22:01:35.743+0000] {processor.py:208} INFO - Processing /home/airflow/.local/lib/python3.12/site-packages/airflow/example_dags/example_params_ui_tutorial.py took 0.255 seconds
[2026-06-29T22:02:05.918+0000] {processor.py:186} INFO - Started process (PID=456) to work on /home/airflow/.local/lib/python3.12/site-packages/airflow/example_dags/example_params_ui_tutorial.py
[2026-06-29T22:02:05.920+0000] {processor.py:914} INFO - Processing file /home/airflow/.local/lib/python3.12/site-packages/airflow/example_dags/example_params_ui_tutorial.py for tasks to queue
[2026-06-29T22:02:05.924+0000] {logging_mixin.py:190} INFO - [2026-06-29T22:02:05.924+0000] {dagbag.py:588} INFO - Filling up the DagBag from /home/airflow/.local/lib/python3.12/site-packages/airflow/example_dags/example_params_ui_tutorial.py
[2026-06-29T22:02:05.934+0000] {processor.py:925} INFO - DAG(s) 'example_params_ui_tutorial' retrieved from /home/airflow/.local/lib/python3.12/site-packages/airflow/example_dags/example_params_ui_tutorial.py
[2026-06-29T22:02:05.988+0000] {logging_mixin.py:190} INFO - [2026-06-29T22:02:05.988+0000] {dag.py:3239} INFO - Sync 1 DAGs
[2026-06-29T22:02:06.004+0000] {logging_mixin.py:190} INFO - [2026-06-29T22:02:06.004+0000] {dag.py:4180} INFO - Setting next_dagrun for example_params_ui_tutorial to None, run_after=None
[2026-06-29T22:02:06.031+0000] {processor.py:208} INFO - Processing /home/airflow/.local/lib/python3.12/site-packages/airflow/example_dags/example_params_ui_tutorial.py took 0.125 seconds
[2026-06-29T22:02:36.179+0000] {processor.py:186} INFO - Started process (PID=518) to work on /home/airflow/.local/lib/python3.12/site-packages/airflow/example_dags/example_params_ui_tutorial.py
[2026-06-29T22:02:36.182+0000] {processor.py:914} INFO - Processing file /home/airflow/.local/lib/python3.12/site-packages/airflow/example_dags/example_params_ui_tutorial.py for tasks to queue
[2026-06-29T22:02:36.187+0000] {logging_mixin.py:190} INFO - [2026-06-29T22:02:36.186+0000] {dagbag.py:588} INFO - Filling up the DagBag from /home/airflow/.local/lib/python3.12/site-packages/airflow/example_dags/example_params_ui_tutorial.py
[2026-06-29T22:02:36.208+0000] {processor.py:925} INFO - DAG(s) 'example_params_ui_tutorial' retrieved from /home/airflow/.local/lib/python3.12/site-packages/airflow/example_dags/example_params_ui_tutorial.py
[2026-06-29T22:02:36.291+0000] {logging_mixin.py:190} INFO - [2026-06-29T22:02:36.290+0000] {dag.py:3239} INFO - Sync 1 DAGs
[2026-06-29T22:02:36.318+0000] {logging_mixin.py:190} INFO - [2026-06-29T22:02:36.318+0000] {dag.py:4180} INFO - Setting next_dagrun for example_params_ui_tutorial to None, run_after=None
[2026-06-29T22:02:36.363+0000] {processor.py:208} INFO - Processing /home/airflow/.local/lib/python3.12/site-packages/airflow/example_dags/example_params_ui_tutorial.py took 0.195 seconds
[2026-06-29T22:03:06.915+0000] {processor.py:186} INFO - Started process (PID=582) to work on /home/airflow/.local/lib/python3.12/site-packages/airflow/example_dags/example_params_ui_tutorial.py
[2026-06-29T22:03:06.916+0000] {processor.py:914} INFO - Processing file /home/airflow/.local/lib/python3.12/site-packages/airflow/example_dags/example_params_ui_tutorial.py for tasks to queue
[2026-06-29T22:03:06.921+0000] {logging_mixin.py:190} INFO - [2026-06-29T22:03:06.921+0000] {dagbag.py:588} INFO - Filling up the DagBag from /home/airflow/.local/lib/python3.12/site-packages/airflow/example_dags/example_params_ui_tutorial.py
[2026-06-29T22:03:06.931+0000] {processor.py:925} INFO - DAG(s) 'example_params_ui_tutorial' retrieved from /home/airflow/.local/lib/python3.12/site-packages/airflow/example_dags/example_params_ui_tutorial.py
[2026-06-29T22:03:06.972+0000] {logging_mixin.py:190} INFO - [2026-06-29T22:03:06.971+0000] {dag.py:3239} INFO - Sync 1 DAGs
[2026-06-29T22:03:06.986+0000] {logging_mixin.py:190} INFO - [2026-06-29T22:03:06.985+0000] {dag.py:4180} INFO - Setting next_dagrun for example_params_ui_tutorial to None, run_after=None
[2026-06-29T22:03:07.008+0000] {processor.py:208} INFO - Processing /home/airflow/.local/lib/python3.12/site-packages/airflow/example_dags/example_params_ui_tutorial.py took 0.100 seconds
[2026-06-29T22:03:37.774+0000] {processor.py:186} INFO - Started process (PID=644) to work on /home/airflow/.local/lib/python3.12/site-packages/airflow/example_dags/example_params_ui_tutorial.py
[2026-06-29T22:03:37.780+0000] {processor.py:914} INFO - Processing file /home/airflow/.local/lib/python3.12/site-packages/airflow/example_dags/example_params_ui_tutorial.py for tasks to queue
[2026-06-29T22:03:37.785+0000] {logging_mixin.py:190} INFO - [2026-06-29T22:03:37.785+0000] {dagbag.py:588} INFO - Filling up the DagBag from /home/airflow/.local/lib/python3.12/site-packages/airflow/example_dags/example_params_ui_tutorial.py
[2026-06-29T22:03:37.806+0000] {processor.py:925} INFO - DAG(s) 'example_params_ui_tutorial' retrieved from /home/airflow/.local/lib/python3.12/site-packages/airflow/example_dags/example_params_ui_tutorial.py
[2026-06-29T22:03:37.880+0000] {logging_mixin.py:190} INFO - [2026-06-29T22:03:37.879+0000] {dag.py:3239} INFO - Sync 1 DAGs
[2026-06-29T22:03:37.902+0000] {logging_mixin.py:190} INFO - [2026-06-29T22:03:37.901+0000] {dag.py:4180} INFO - Setting next_dagrun for example_params_ui_tutorial to None, run_after=None
[2026-06-29T22:03:37.935+0000] {processor.py:208} INFO - Processing /home/airflow/.local/lib/python3.12/site-packages/airflow/example_dags/example_params_ui_tutorial.py took 0.171 seconds
[2026-06-29T22:04:09.264+0000] {processor.py:186} INFO - Started process (PID=707) to work on /home/airflow/.local/lib/python3.12/site-packages/airflow/example_dags/example_params_ui_tutorial.py
[2026-06-29T22:04:09.272+0000] {processor.py:914} INFO - Processing file /home/airflow/.local/lib/python3.12/site-packages/airflow/example_dags/example_params_ui_tutorial.py for tasks to queue
[2026-06-29T22:04:09.281+0000] {logging_mixin.py:190} INFO - [2026-06-29T22:04:09.281+0000] {dagbag.py:588} INFO - Filling up the DagBag from /home/airflow/.local/lib/python3.12/site-packages/airflow/example_dags/example_params_ui_tutorial.py
[2026-06-29T22:04:09.321+0000] {processor.py:925} INFO - DAG(s) 'example_params_ui_tutorial' retrieved from /home/airflow/.local/lib/python3.12/site-packages/airflow/example_dags/example_params_ui_tutorial.py
[2026-06-29T22:04:09.512+0000] {logging_mixin.py:190} INFO - [2026-06-29T22:04:09.511+0000] {dag.py:3239} INFO - Sync 1 DAGs
[2026-06-29T22:04:09.547+0000] {logging_mixin.py:190} INFO - [2026-06-29T22:04:09.547+0000] {dag.py:4180} INFO - Setting next_dagrun for example_params_ui_tutorial to None, run_after=None
[2026-06-29T22:04:09.590+0000] {processor.py:208} INFO - Processing /home/airflow/.local/lib/python3.12/site-packages/airflow/example_dags/example_params_ui_tutorial.py took 0.349 seconds
[2026-06-29T22:04:47.847+0000] {processor.py:186} INFO - Started process (PID=771) to work on /home/airflow/.local/lib/python3.12/site-packages/airflow/example_dags/example_params_ui_tutorial.py
[2026-06-29T22:04:47.855+0000] {processor.py:914} INFO - Processing file /home/airflow/.local/lib/python3.12/site-packages/airflow/example_dags/example_params_ui_tutorial.py for tasks to queue
[2026-06-29T22:04:47.860+0000] {logging_mixin.py:190} INFO - [2026-06-29T22:04:47.859+0000] {dagbag.py:588} INFO - Filling up the DagBag from /home/airflow/.local/lib/python3.12/site-packages/airflow/example_dags/example_params_ui_tutorial.py
[2026-06-29T22:04:47.894+0000] {processor.py:925} INFO - DAG(s) 'example_params_ui_tutorial' retrieved from /home/airflow/.local/lib/python3.12/site-packages/airflow/example_dags/example_params_ui_tutorial.py
[2026-06-29T22:04:48.007+0000] {logging_mixin.py:190} INFO - [2026-06-29T22:04:48.007+0000] {dag.py:3239} INFO - Sync 1 DAGs
[2026-06-29T22:04:48.053+0000] {logging_mixin.py:190} INFO - [2026-06-29T22:04:48.053+0000] {dag.py:4180} INFO - Setting next_dagrun for example_params_ui_tutorial to None, run_after=None
[2026-06-29T22:04:48.120+0000] {processor.py:208} INFO - Processing /home/airflow/.local/lib/python3.12/site-packages/airflow/example_dags/example_params_ui_tutorial.py took 0.288 seconds
[2026-06-29T22:05:18.236+0000] {processor.py:186} INFO - Started process (PID=832) to work on /home/airflow/.local/lib/python3.12/site-packages/airflow/example_dags/example_params_ui_tutorial.py
[2026-06-29T22:05:18.239+0000] {processor.py:914} INFO - Processing file /home/airflow/.local/lib/python3.12/site-packages/airflow/example_dags/example_params_ui_tutorial.py for tasks to queue
[2026-06-29T22:05:18.241+0000] {logging_mixin.py:190} INFO - [2026-06-29T22:05:18.241+0000] {dagbag.py:588} INFO - Filling up the DagBag from /home/airflow/.local/lib/python3.12/site-packages/airflow/example_dags/example_params_ui_tutorial.py
[2026-06-29T22:05:18.254+0000] {processor.py:925} INFO - DAG(s) 'example_params_ui_tutorial' retrieved from /home/airflow/.local/lib/python3.12/site-packages/airflow/example_dags/example_params_ui_tutorial.py
[2026-06-29T22:05:18.299+0000] {logging_mixin.py:190} INFO - [2026-06-29T22:05:18.299+0000] {dag.py:3239} INFO - Sync 1 DAGs
[2026-06-29T22:05:18.314+0000] {logging_mixin.py:190} INFO - [2026-06-29T22:05:18.314+0000] {dag.py:4180} INFO - Setting next_dagrun for example_params_ui_tutorial to None, run_after=None
[2026-06-29T22:05:18.336+0000] {processor.py:208} INFO - Processing /home/airflow/.local/lib/python3.12/site-packages/airflow/example_dags/example_params_ui_tutorial.py took 0.109 seconds
[2026-06-29T22:05:49.193+0000] {processor.py:186} INFO - Started process (PID=898) to work on /home/airflow/.local/lib/python3.12/site-packages/airflow/example_dags/example_params_ui_tutorial.py
[2026-06-29T22:05:49.195+0000] {processor.py:914} INFO - Processing file /home/airflow/.local/lib/python3.12/site-packages/airflow/example_dags/example_params_ui_tutorial.py for tasks to queue
[2026-06-29T22:05:49.201+0000] {logging_mixin.py:190} INFO - [2026-06-29T22:05:49.200+0000] {dagbag.py:588} INFO - Filling up the DagBag from /home/airflow/.local/lib/python3.12/site-packages/airflow/example_dags/example_params_ui_tutorial.py
[2026-06-29T22:05:49.216+0000] {processor.py:925} INFO - DAG(s) 'example_params_ui_tutorial' retrieved from /home/airflow/.local/lib/python3.12/site-packages/airflow/example_dags/example_params_ui_tutorial.py
[2026-06-29T22:05:49.269+0000] {logging_mixin.py:190} INFO - [2026-06-29T22:05:49.269+0000] {dag.py:3239} INFO - Sync 1 DAGs
[2026-06-29T22:05:49.293+0000] {logging_mixin.py:190} INFO - [2026-06-29T22:05:49.292+0000] {dag.py:4180} INFO - Setting next_dagrun for example_params_ui_tutorial to None, run_after=None
[2026-06-29T22:05:49.318+0000] {processor.py:208} INFO - Processing /home/airflow/.local/lib/python3.12/site-packages/airflow/example_dags/example_params_ui_tutorial.py took 0.135 seconds
[2026-06-29T22:08:17.551+0000] {processor.py:186} INFO - Started process (PID=85) to work on /home/airflow/.local/lib/python3.12/site-packages/airflow/example_dags/example_params_ui_tutorial.py
[2026-06-29T22:08:17.563+0000] {processor.py:914} INFO - Processing file /home/airflow/.local/lib/python3.12/site-packages/airflow/example_dags/example_params_ui_tutorial.py for tasks to queue
[2026-06-29T22:08:17.579+0000] {logging_mixin.py:190} INFO - [2026-06-29T22:08:17.579+0000] {dagbag.py:588} INFO - Filling up the DagBag from /home/airflow/.local/lib/python3.12/site-packages/airflow/example_dags/example_params_ui_tutorial.py
[2026-06-29T22:08:17.606+0000] {processor.py:925} INFO - DAG(s) 'example_params_ui_tutorial' retrieved from /home/airflow/.local/lib/python3.12/site-packages/airflow/example_dags/example_params_ui_tutorial.py
[2026-06-29T22:08:17.723+0000] {logging_mixin.py:190} INFO - [2026-06-29T22:08:17.723+0000] {dag.py:3239} INFO - Sync 1 DAGs
[2026-06-29T22:08:17.763+0000] {logging_mixin.py:190} INFO - [2026-06-29T22:08:17.763+0000] {dag.py:4180} INFO - Setting next_dagrun for example_params_ui_tutorial to None, run_after=None
[2026-06-29T22:08:17.819+0000] {processor.py:208} INFO - Processing /home/airflow/.local/lib/python3.12/site-packages/airflow/example_dags/example_params_ui_tutorial.py took 0.279 seconds
[2026-06-29T22:08:50.379+0000] {processor.py:186} INFO - Started process (PID=149) to work on /home/airflow/.local/lib/python3.12/site-packages/airflow/example_dags/example_params_ui_tutorial.py
[2026-06-29T22:08:50.393+0000] {processor.py:914} INFO - Processing file /home/airflow/.local/lib/python3.12/site-packages/airflow/example_dags/example_params_ui_tutorial.py for tasks to queue
[2026-06-29T22:08:50.415+0000] {logging_mixin.py:190} INFO - [2026-06-29T22:08:50.414+0000] {dagbag.py:588} INFO - Filling up the DagBag from /home/airflow/.local/lib/python3.12/site-packages/airflow/example_dags/example_params_ui_tutorial.py
[2026-06-29T22:08:50.449+0000] {processor.py:925} INFO - DAG(s) 'example_params_ui_tutorial' retrieved from /home/airflow/.local/lib/python3.12/site-packages/airflow/example_dags/example_params_ui_tutorial.py
[2026-06-29T22:08:50.693+0000] {logging_mixin.py:190} INFO - [2026-06-29T22:08:50.692+0000] {dag.py:3239} INFO - Sync 1 DAGs
[2026-06-29T22:08:50.748+0000] {logging_mixin.py:190} INFO - [2026-06-29T22:08:50.747+0000] {dag.py:4180} INFO - Setting next_dagrun for example_params_ui_tutorial to None, run_after=None
[2026-06-29T22:08:51.106+0000] {processor.py:208} INFO - Processing /home/airflow/.local/lib/python3.12/site-packages/airflow/example_dags/example_params_ui_tutorial.py took 0.748 seconds
[2026-06-29T22:09:21.643+0000] {processor.py:186} INFO - Started process (PID=213) to work on /home/airflow/.local/lib/python3.12/site-packages/airflow/example_dags/example_params_ui_tutorial.py
[2026-06-29T22:09:21.647+0000] {processor.py:914} INFO - Processing file /home/airflow/.local/lib/python3.12/site-packages/airflow/example_dags/example_params_ui_tutorial.py for tasks to queue
[2026-06-29T22:09:21.657+0000] {logging_mixin.py:190} INFO - [2026-06-29T22:09:21.656+0000] {dagbag.py:588} INFO - Filling up the DagBag from /home/airflow/.local/lib/python3.12/site-packages/airflow/example_dags/example_params_ui_tutorial.py
[2026-06-29T22:09:21.689+0000] {processor.py:925} INFO - DAG(s) 'example_params_ui_tutorial' retrieved from /home/airflow/.local/lib/python3.12/site-packages/airflow/example_dags/example_params_ui_tutorial.py
[2026-06-29T22:09:21.811+0000] {logging_mixin.py:190} INFO - [2026-06-29T22:09:21.810+0000] {dag.py:3239} INFO - Sync 1 DAGs
[2026-06-29T22:09:21.850+0000] {logging_mixin.py:190} INFO - [2026-06-29T22:09:21.850+0000] {dag.py:4180} INFO - Setting next_dagrun for example_params_ui_tutorial to None, run_after=None
[2026-06-29T22:09:21.912+0000] {processor.py:208} INFO - Processing /home/airflow/.local/lib/python3.12/site-packages/airflow/example_dags/example_params_ui_tutorial.py took 0.285 seconds
[2026-06-29T22:09:52.765+0000] {processor.py:186} INFO - Started process (PID=277) to work on /home/airflow/.local/lib/python3.12/site-packages/airflow/example_dags/example_params_ui_tutorial.py
[2026-06-29T22:09:52.770+0000] {processor.py:914} INFO - Processing file /home/airflow/.local/lib/python3.12/site-packages/airflow/example_dags/example_params_ui_tutorial.py for tasks to queue
[2026-06-29T22:09:52.779+0000] {logging_mixin.py:190} INFO - [2026-06-29T22:09:52.778+0000] {dagbag.py:588} INFO - Filling up the DagBag from /home/airflow/.local/lib/python3.12/site-packages/airflow/example_dags/example_params_ui_tutorial.py
[2026-06-29T22:09:52.822+0000] {processor.py:925} INFO - DAG(s) 'example_params_ui_tutorial' retrieved from /home/airflow/.local/lib/python3.12/site-packages/airflow/example_dags/example_params_ui_tutorial.py
[2026-06-29T22:09:53.019+0000] {logging_mixin.py:190} INFO - [2026-06-29T22:09:53.015+0000] {dag.py:3239} INFO - Sync 1 DAGs
[2026-06-29T22:09:53.091+0000] {logging_mixin.py:190} INFO - [2026-06-29T22:09:53.090+0000] {dag.py:4180} INFO - Setting next_dagrun for example_params_ui_tutorial to None, run_after=None
[2026-06-29T22:09:53.199+0000] {processor.py:208} INFO - Processing /home/airflow/.local/lib/python3.12/site-packages/airflow/example_dags/example_params_ui_tutorial.py took 0.459 seconds
[2026-06-29T22:10:23.578+0000] {processor.py:186} INFO - Started process (PID=343) to work on /home/airflow/.local/lib/python3.12/site-packages/airflow/example_dags/example_params_ui_tutorial.py
[2026-06-29T22:10:23.582+0000] {processor.py:914} INFO - Processing file /home/airflow/.local/lib/python3.12/site-packages/airflow/example_dags/example_params_ui_tutorial.py for tasks to queue
[2026-06-29T22:10:23.590+0000] {logging_mixin.py:190} INFO - [2026-06-29T22:10:23.589+0000] {dagbag.py:588} INFO - Filling up the DagBag from /home/airflow/.local/lib/python3.12/site-packages/airflow/example_dags/example_params_ui_tutorial.py
[2026-06-29T22:10:23.609+0000] {processor.py:925} INFO - DAG(s) 'example_params_ui_tutorial' retrieved from /home/airflow/.local/lib/python3.12/site-packages/airflow/example_dags/example_params_ui_tutorial.py
[2026-06-29T22:10:23.709+0000] {logging_mixin.py:190} INFO - [2026-06-29T22:10:23.709+0000] {dag.py:3239} INFO - Sync 1 DAGs
[2026-06-29T22:10:23.742+0000] {logging_mixin.py:190} INFO - [2026-06-29T22:10:23.742+0000] {dag.py:4180} INFO - Setting next_dagrun for example_params_ui_tutorial to None, run_after=None
[2026-06-29T22:10:23.781+0000] {processor.py:208} INFO - Processing /home/airflow/.local/lib/python3.12/site-packages/airflow/example_dags/example_params_ui_tutorial.py took 0.222 seconds
[2026-06-29T22:10:54.486+0000] {processor.py:186} INFO - Started process (PID=406) to work on /home/airflow/.local/lib/python3.12/site-packages/airflow/example_dags/example_params_ui_tutorial.py
[2026-06-29T22:10:54.489+0000] {processor.py:914} INFO - Processing file /home/airflow/.local/lib/python3.12/site-packages/airflow/example_dags/example_params_ui_tutorial.py for tasks to queue
[2026-06-29T22:10:54.501+0000] {logging_mixin.py:190} INFO - [2026-06-29T22:10:54.500+0000] {dagbag.py:588} INFO - Filling up the DagBag from /home/airflow/.local/lib/python3.12/site-packages/airflow/example_dags/example_params_ui_tutorial.py
[2026-06-29T22:10:54.546+0000] {processor.py:925} INFO - DAG(s) 'example_params_ui_tutorial' retrieved from /home/airflow/.local/lib/python3.12/site-packages/airflow/example_dags/example_params_ui_tutorial.py
[2026-06-29T22:10:54.657+0000] {logging_mixin.py:190} INFO - [2026-06-29T22:10:54.656+0000] {dag.py:3239} INFO - Sync 1 DAGs
[2026-06-29T22:10:54.691+0000] {logging_mixin.py:190} INFO - [2026-06-29T22:10:54.690+0000] {dag.py:4180} INFO - Setting next_dagrun for example_params_ui_tutorial to None, run_after=None
[2026-06-29T22:10:54.742+0000] {processor.py:208} INFO - Processing /home/airflow/.local/lib/python3.12/site-packages/airflow/example_dags/example_params_ui_tutorial.py took 0.273 seconds
[2026-06-29T22:11:25.166+0000] {processor.py:186} INFO - Started process (PID=470) to work on /home/airflow/.local/lib/python3.12/site-packages/airflow/example_dags/example_params_ui_tutorial.py
[2026-06-29T22:11:25.168+0000] {processor.py:914} INFO - Processing file /home/airflow/.local/lib/python3.12/site-packages/airflow/example_dags/example_params_ui_tutorial.py for tasks to queue
[2026-06-29T22:11:25.174+0000] {logging_mixin.py:190} INFO - [2026-06-29T22:11:25.173+0000] {dagbag.py:588} INFO - Filling up the DagBag from /home/airflow/.local/lib/python3.12/site-packages/airflow/example_dags/example_params_ui_tutorial.py
[2026-06-29T22:11:25.197+0000] {processor.py:925} INFO - DAG(s) 'example_params_ui_tutorial' retrieved from /home/airflow/.local/lib/python3.12/site-packages/airflow/example_dags/example_params_ui_tutorial.py
[2026-06-29T22:11:25.271+0000] {logging_mixin.py:190} INFO - [2026-06-29T22:11:25.271+0000] {dag.py:3239} INFO - Sync 1 DAGs
[2026-06-29T22:11:25.301+0000] {logging_mixin.py:190} INFO - [2026-06-29T22:11:25.301+0000] {dag.py:4180} INFO - Setting next_dagrun for example_params_ui_tutorial to None, run_after=None
[2026-06-29T22:11:25.345+0000] {processor.py:208} INFO - Processing /home/airflow/.local/lib/python3.12/site-packages/airflow/example_dags/example_params_ui_tutorial.py took 0.193 seconds
[2026-06-29T22:11:56.821+0000] {processor.py:186} INFO - Started process (PID=534) to work on /home/airflow/.local/lib/python3.12/site-packages/airflow/example_dags/example_params_ui_tutorial.py
[2026-06-29T22:11:56.824+0000] {processor.py:914} INFO - Processing file /home/airflow/.local/lib/python3.12/site-packages/airflow/example_dags/example_params_ui_tutorial.py for tasks to queue
[2026-06-29T22:11:56.830+0000] {logging_mixin.py:190} INFO - [2026-06-29T22:11:56.830+0000] {dagbag.py:588} INFO - Filling up the DagBag from /home/airflow/.local/lib/python3.12/site-packages/airflow/example_dags/example_params_ui_tutorial.py
[2026-06-29T22:11:56.846+0000] {processor.py:925} INFO - DAG(s) 'example_params_ui_tutorial' retrieved from /home/airflow/.local/lib/python3.12/site-packages/airflow/example_dags/example_params_ui_tutorial.py
[2026-06-29T22:11:56.919+0000] {logging_mixin.py:190} INFO - [2026-06-29T22:11:56.918+0000] {dag.py:3239} INFO - Sync 1 DAGs
[2026-06-29T22:11:56.940+0000] {logging_mixin.py:190} INFO - [2026-06-29T22:11:56.940+0000] {dag.py:4180} INFO - Setting next_dagrun for example_params_ui_tutorial to None, run_after=None
[2026-06-29T22:11:56.979+0000] {processor.py:208} INFO - Processing /home/airflow/.local/lib/python3.12/site-packages/airflow/example_dags/example_params_ui_tutorial.py took 0.170 seconds
[2026-06-29T22:12:30.743+0000] {processor.py:186} INFO - Started process (PID=596) to work on /home/airflow/.local/lib/python3.12/site-packages/airflow/example_dags/example_params_ui_tutorial.py
[2026-06-29T22:12:30.757+0000] {processor.py:914} INFO - Processing file /home/airflow/.local/lib/python3.12/site-packages/airflow/example_dags/example_params_ui_tutorial.py for tasks to queue
[2026-06-29T22:12:30.828+0000] {logging_mixin.py:190} INFO - [2026-06-29T22:12:30.827+0000] {dagbag.py:588} INFO - Filling up the DagBag from /home/airflow/.local/lib/python3.12/site-packages/airflow/example_dags/example_params_ui_tutorial.py
[2026-06-29T22:12:30.891+0000] {processor.py:925} INFO - DAG(s) 'example_params_ui_tutorial' retrieved from /home/airflow/.local/lib/python3.12/site-packages/airflow/example_dags/example_params_ui_tutorial.py
[2026-06-29T22:12:31.226+0000] {logging_mixin.py:190} INFO - [2026-06-29T22:12:31.225+0000] {dag.py:3239} INFO - Sync 1 DAGs
[2026-06-29T22:12:31.317+0000] {logging_mixin.py:190} INFO - [2026-06-29T22:12:31.317+0000] {dag.py:4180} INFO - Setting next_dagrun for example_params_ui_tutorial to None, run_after=None
[2026-06-29T22:12:31.422+0000] {processor.py:208} INFO - Processing /home/airflow/.local/lib/python3.12/site-packages/airflow/example_dags/example_params_ui_tutorial.py took 0.754 seconds
[2026-06-29T22:13:01.688+0000] {processor.py:186} INFO - Started process (PID=660) to work on /home/airflow/.local/lib/python3.12/site-packages/airflow/example_dags/example_params_ui_tutorial.py
[2026-06-29T22:13:01.690+0000] {processor.py:914} INFO - Processing file /home/airflow/.local/lib/python3.12/site-packages/airflow/example_dags/example_params_ui_tutorial.py for tasks to queue
[2026-06-29T22:13:01.694+0000] {logging_mixin.py:190} INFO - [2026-06-29T22:13:01.694+0000] {dagbag.py:588} INFO - Filling up the DagBag from /home/airflow/.local/lib/python3.12/site-packages/airflow/example_dags/example_params_ui_tutorial.py
[2026-06-29T22:13:01.708+0000] {processor.py:925} INFO - DAG(s) 'example_params_ui_tutorial' retrieved from /home/airflow/.local/lib/python3.12/site-packages/airflow/example_dags/example_params_ui_tutorial.py
[2026-06-29T22:13:01.750+0000] {logging_mixin.py:190} INFO - [2026-06-29T22:13:01.749+0000] {dag.py:3239} INFO - Sync 1 DAGs
[2026-06-29T22:13:01.768+0000] {logging_mixin.py:190} INFO - [2026-06-29T22:13:01.768+0000] {dag.py:4180} INFO - Setting next_dagrun for example_params_ui_tutorial to None, run_after=None
[2026-06-29T22:13:01.791+0000] {processor.py:208} INFO - Processing /home/airflow/.local/lib/python3.12/site-packages/airflow/example_dags/example_params_ui_tutorial.py took 0.115 seconds
[2026-06-29T22:13:34.444+0000] {processor.py:186} INFO - Started process (PID=724) to work on /home/airflow/.local/lib/python3.12/site-packages/airflow/example_dags/example_params_ui_tutorial.py
[2026-06-29T22:13:34.446+0000] {processor.py:914} INFO - Processing file /home/airflow/.local/lib/python3.12/site-packages/airflow/example_dags/example_params_ui_tutorial.py for tasks to queue
[2026-06-29T22:13:34.453+0000] {logging_mixin.py:190} INFO - [2026-06-29T22:13:34.452+0000] {dagbag.py:588} INFO - Filling up the DagBag from /home/airflow/.local/lib/python3.12/site-packages/airflow/example_dags/example_params_ui_tutorial.py
[2026-06-29T22:13:34.473+0000] {processor.py:925} INFO - DAG(s) 'example_params_ui_tutorial' retrieved from /home/airflow/.local/lib/python3.12/site-packages/airflow/example_dags/example_params_ui_tutorial.py
[2026-06-29T22:13:34.566+0000] {logging_mixin.py:190} INFO - [2026-06-29T22:13:34.564+0000] {dag.py:3239} INFO - Sync 1 DAGs
[2026-06-29T22:13:34.596+0000] {logging_mixin.py:190} INFO - [2026-06-29T22:13:34.595+0000] {dag.py:4180} INFO - Setting next_dagrun for example_params_ui_tutorial to None, run_after=None
[2026-06-29T22:13:34.656+0000] {processor.py:208} INFO - Processing /home/airflow/.local/lib/python3.12/site-packages/airflow/example_dags/example_params_ui_tutorial.py took 0.226 seconds
[2026-06-29T22:14:05.240+0000] {processor.py:186} INFO - Started process (PID=789) to work on /home/airflow/.local/lib/python3.12/site-packages/airflow/example_dags/example_params_ui_tutorial.py
[2026-06-29T22:14:05.243+0000] {processor.py:914} INFO - Processing file /home/airflow/.local/lib/python3.12/site-packages/airflow/example_dags/example_params_ui_tutorial.py for tasks to queue
[2026-06-29T22:14:05.250+0000] {logging_mixin.py:190} INFO - [2026-06-29T22:14:05.249+0000] {dagbag.py:588} INFO - Filling up the DagBag from /home/airflow/.local/lib/python3.12/site-packages/airflow/example_dags/example_params_ui_tutorial.py
[2026-06-29T22:14:05.287+0000] {processor.py:925} INFO - DAG(s) 'example_params_ui_tutorial' retrieved from /home/airflow/.local/lib/python3.12/site-packages/airflow/example_dags/example_params_ui_tutorial.py
[2026-06-29T22:14:05.421+0000] {logging_mixin.py:190} INFO - [2026-06-29T22:14:05.420+0000] {dag.py:3239} INFO - Sync 1 DAGs
[2026-06-29T22:14:05.456+0000] {logging_mixin.py:190} INFO - [2026-06-29T22:14:05.456+0000] {dag.py:4180} INFO - Setting next_dagrun for example_params_ui_tutorial to None, run_after=None
[2026-06-29T22:14:05.508+0000] {processor.py:208} INFO - Processing /home/airflow/.local/lib/python3.12/site-packages/airflow/example_dags/example_params_ui_tutorial.py took 0.284 seconds
[2026-06-29T22:14:36.334+0000] {processor.py:186} INFO - Started process (PID=852) to work on /home/airflow/.local/lib/python3.12/site-packages/airflow/example_dags/example_params_ui_tutorial.py
[2026-06-29T22:14:36.336+0000] {processor.py:914} INFO - Processing file /home/airflow/.local/lib/python3.12/site-packages/airflow/example_dags/example_params_ui_tutorial.py for tasks to queue
[2026-06-29T22:14:36.346+0000] {logging_mixin.py:190} INFO - [2026-06-29T22:14:36.345+0000] {dagbag.py:588} INFO - Filling up the DagBag from /home/airflow/.local/lib/python3.12/site-packages/airflow/example_dags/example_params_ui_tutorial.py
[2026-06-29T22:14:36.364+0000] {processor.py:925} INFO - DAG(s) 'example_params_ui_tutorial' retrieved from /home/airflow/.local/lib/python3.12/site-packages/airflow/example_dags/example_params_ui_tutorial.py
[2026-06-29T22:14:36.461+0000] {logging_mixin.py:190} INFO - [2026-06-29T22:14:36.460+0000] {dag.py:3239} INFO - Sync 1 DAGs
[2026-06-29T22:14:36.496+0000] {logging_mixin.py:190} INFO - [2026-06-29T22:14:36.495+0000] {dag.py:4180} INFO - Setting next_dagrun for example_params_ui_tutorial to None, run_after=None
[2026-06-29T22:14:36.547+0000] {processor.py:208} INFO - Processing /home/airflow/.local/lib/python3.12/site-packages/airflow/example_dags/example_params_ui_tutorial.py took 0.224 seconds
[2026-06-29T22:15:06.708+0000] {processor.py:186} INFO - Started process (PID=915) to work on /home/airflow/.local/lib/python3.12/site-packages/airflow/example_dags/example_params_ui_tutorial.py
[2026-06-29T22:15:06.710+0000] {processor.py:914} INFO - Processing file /home/airflow/.local/lib/python3.12/site-packages/airflow/example_dags/example_params_ui_tutorial.py for tasks to queue
[2026-06-29T22:15:06.713+0000] {logging_mixin.py:190} INFO - [2026-06-29T22:15:06.712+0000] {dagbag.py:588} INFO - Filling up the DagBag from /home/airflow/.local/lib/python3.12/site-packages/airflow/example_dags/example_params_ui_tutorial.py
[2026-06-29T22:15:06.723+0000] {processor.py:925} INFO - DAG(s) 'example_params_ui_tutorial' retrieved from /home/airflow/.local/lib/python3.12/site-packages/airflow/example_dags/example_params_ui_tutorial.py
[2026-06-29T22:15:06.766+0000] {logging_mixin.py:190} INFO - [2026-06-29T22:15:06.765+0000] {dag.py:3239} INFO - Sync 1 DAGs
[2026-06-29T22:15:06.781+0000] {logging_mixin.py:190} INFO - [2026-06-29T22:15:06.781+0000] {dag.py:4180} INFO - Setting next_dagrun for example_params_ui_tutorial to None, run_after=None
[2026-06-29T22:15:06.804+0000] {processor.py:208} INFO - Processing /home/airflow/.local/lib/python3.12/site-packages/airflow/example_dags/example_params_ui_tutorial.py took 0.103 seconds
[2026-06-29T22:15:37.109+0000] {processor.py:186} INFO - Started process (PID=979) to work on /home/airflow/.local/lib/python3.12/site-packages/airflow/example_dags/example_params_ui_tutorial.py
[2026-06-29T22:15:37.112+0000] {processor.py:914} INFO - Processing file /home/airflow/.local/lib/python3.12/site-packages/airflow/example_dags/example_params_ui_tutorial.py for tasks to queue
[2026-06-29T22:15:37.120+0000] {logging_mixin.py:190} INFO - [2026-06-29T22:15:37.119+0000] {dagbag.py:588} INFO - Filling up the DagBag from /home/airflow/.local/lib/python3.12/site-packages/airflow/example_dags/example_params_ui_tutorial.py
[2026-06-29T22:15:37.143+0000] {processor.py:925} INFO - DAG(s) 'example_params_ui_tutorial' retrieved from /home/airflow/.local/lib/python3.12/site-packages/airflow/example_dags/example_params_ui_tutorial.py
[2026-06-29T22:15:37.212+0000] {logging_mixin.py:190} INFO - [2026-06-29T22:15:37.212+0000] {dag.py:3239} INFO - Sync 1 DAGs
[2026-06-29T22:15:37.237+0000] {logging_mixin.py:190} INFO - [2026-06-29T22:15:37.236+0000] {dag.py:4180} INFO - Setting next_dagrun for example_params_ui_tutorial to None, run_after=None
[2026-06-29T22:15:37.280+0000] {processor.py:208} INFO - Processing /home/airflow/.local/lib/python3.12/site-packages/airflow/example_dags/example_params_ui_tutorial.py took 0.184 seconds
[2026-06-29T22:16:07.425+0000] {processor.py:186} INFO - Started process (PID=1043) to work on /home/airflow/.local/lib/python3.12/site-packages/airflow/example_dags/example_params_ui_tutorial.py
[2026-06-29T22:16:07.427+0000] {processor.py:914} INFO - Processing file /home/airflow/.local/lib/python3.12/site-packages/airflow/example_dags/example_params_ui_tutorial.py for tasks to queue
[2026-06-29T22:16:07.431+0000] {logging_mixin.py:190} INFO - [2026-06-29T22:16:07.431+0000] {dagbag.py:588} INFO - Filling up the DagBag from /home/airflow/.local/lib/python3.12/site-packages/airflow/example_dags/example_params_ui_tutorial.py
[2026-06-29T22:16:07.445+0000] {processor.py:925} INFO - DAG(s) 'example_params_ui_tutorial' retrieved from /home/airflow/.local/lib/python3.12/site-packages/airflow/example_dags/example_params_ui_tutorial.py
[2026-06-29T22:16:07.497+0000] {logging_mixin.py:190} INFO - [2026-06-29T22:16:07.497+0000] {dag.py:3239} INFO - Sync 1 DAGs
[2026-06-29T22:16:07.513+0000] {logging_mixin.py:190} INFO - [2026-06-29T22:16:07.513+0000] {dag.py:4180} INFO - Setting next_dagrun for example_params_ui_tutorial to None, run_after=None
[2026-06-29T22:16:07.535+0000] {processor.py:208} INFO - Processing /home/airflow/.local/lib/python3.12/site-packages/airflow/example_dags/example_params_ui_tutorial.py took 0.118 seconds
[2026-06-29T22:16:38.913+0000] {processor.py:186} INFO - Started process (PID=1113) to work on /home/airflow/.local/lib/python3.12/site-packages/airflow/example_dags/example_params_ui_tutorial.py
[2026-06-29T22:16:38.923+0000] {processor.py:914} INFO - Processing file /home/airflow/.local/lib/python3.12/site-packages/airflow/example_dags/example_params_ui_tutorial.py for tasks to queue
[2026-06-29T22:16:38.936+0000] {logging_mixin.py:190} INFO - [2026-06-29T22:16:38.935+0000] {dagbag.py:588} INFO - Filling up the DagBag from /home/airflow/.local/lib/python3.12/site-packages/airflow/example_dags/example_params_ui_tutorial.py
[2026-06-29T22:16:39.045+0000] {processor.py:925} INFO - DAG(s) 'example_params_ui_tutorial' retrieved from /home/airflow/.local/lib/python3.12/site-packages/airflow/example_dags/example_params_ui_tutorial.py
[2026-06-29T22:16:39.584+0000] {logging_mixin.py:190} INFO - [2026-06-29T22:16:39.577+0000] {dag.py:3239} INFO - Sync 1 DAGs
[2026-06-29T22:16:39.883+0000] {logging_mixin.py:190} INFO - [2026-06-29T22:16:39.882+0000] {dag.py:4180} INFO - Setting next_dagrun for example_params_ui_tutorial to None, run_after=None
[2026-06-29T22:16:40.036+0000] {processor.py:208} INFO - Processing /home/airflow/.local/lib/python3.12/site-packages/airflow/example_dags/example_params_ui_tutorial.py took 1.155 seconds
[2026-06-29T22:17:10.448+0000] {processor.py:186} INFO - Started process (PID=1178) to work on /home/airflow/.local/lib/python3.12/site-packages/airflow/example_dags/example_params_ui_tutorial.py
[2026-06-29T22:17:10.456+0000] {processor.py:914} INFO - Processing file /home/airflow/.local/lib/python3.12/site-packages/airflow/example_dags/example_params_ui_tutorial.py for tasks to queue
[2026-06-29T22:17:10.464+0000] {logging_mixin.py:190} INFO - [2026-06-29T22:17:10.463+0000] {dagbag.py:588} INFO - Filling up the DagBag from /home/airflow/.local/lib/python3.12/site-packages/airflow/example_dags/example_params_ui_tutorial.py
[2026-06-29T22:17:10.492+0000] {processor.py:925} INFO - DAG(s) 'example_params_ui_tutorial' retrieved from /home/airflow/.local/lib/python3.12/site-packages/airflow/example_dags/example_params_ui_tutorial.py
[2026-06-29T22:17:10.618+0000] {logging_mixin.py:190} INFO - [2026-06-29T22:17:10.618+0000] {dag.py:3239} INFO - Sync 1 DAGs
[2026-06-29T22:17:10.653+0000] {logging_mixin.py:190} INFO - [2026-06-29T22:17:10.652+0000] {dag.py:4180} INFO - Setting next_dagrun for example_params_ui_tutorial to None, run_after=None
[2026-06-29T22:17:10.694+0000] {processor.py:208} INFO - Processing /home/airflow/.local/lib/python3.12/site-packages/airflow/example_dags/example_params_ui_tutorial.py took 0.261 seconds
[2026-06-29T22:17:41.007+0000] {processor.py:186} INFO - Started process (PID=1242) to work on /home/airflow/.local/lib/python3.12/site-packages/airflow/example_dags/example_params_ui_tutorial.py
[2026-06-29T22:17:41.009+0000] {processor.py:914} INFO - Processing file /home/airflow/.local/lib/python3.12/site-packages/airflow/example_dags/example_params_ui_tutorial.py for tasks to queue
[2026-06-29T22:17:41.015+0000] {logging_mixin.py:190} INFO - [2026-06-29T22:17:41.014+0000] {dagbag.py:588} INFO - Filling up the DagBag from /home/airflow/.local/lib/python3.12/site-packages/airflow/example_dags/example_params_ui_tutorial.py
[2026-06-29T22:17:41.035+0000] {processor.py:925} INFO - DAG(s) 'example_params_ui_tutorial' retrieved from /home/airflow/.local/lib/python3.12/site-packages/airflow/example_dags/example_params_ui_tutorial.py
[2026-06-29T22:17:41.128+0000] {logging_mixin.py:190} INFO - [2026-06-29T22:17:41.128+0000] {dag.py:3239} INFO - Sync 1 DAGs
[2026-06-29T22:17:41.157+0000] {logging_mixin.py:190} INFO - [2026-06-29T22:17:41.156+0000] {dag.py:4180} INFO - Setting next_dagrun for example_params_ui_tutorial to None, run_after=None
[2026-06-29T22:17:41.199+0000] {processor.py:208} INFO - Processing /home/airflow/.local/lib/python3.12/site-packages/airflow/example_dags/example_params_ui_tutorial.py took 0.205 seconds
[2026-06-29T22:18:11.553+0000] {processor.py:186} INFO - Started process (PID=1305) to work on /home/airflow/.local/lib/python3.12/site-packages/airflow/example_dags/example_params_ui_tutorial.py
[2026-06-29T22:18:11.558+0000] {processor.py:914} INFO - Processing file /home/airflow/.local/lib/python3.12/site-packages/airflow/example_dags/example_params_ui_tutorial.py for tasks to queue
[2026-06-29T22:18:11.566+0000] {logging_mixin.py:190} INFO - [2026-06-29T22:18:11.565+0000] {dagbag.py:588} INFO - Filling up the DagBag from /home/airflow/.local/lib/python3.12/site-packages/airflow/example_dags/example_params_ui_tutorial.py
[2026-06-29T22:18:11.611+0000] {processor.py:925} INFO - DAG(s) 'example_params_ui_tutorial' retrieved from /home/airflow/.local/lib/python3.12/site-packages/airflow/example_dags/example_params_ui_tutorial.py
[2026-06-29T22:18:11.731+0000] {logging_mixin.py:190} INFO - [2026-06-29T22:18:11.731+0000] {dag.py:3239} INFO - Sync 1 DAGs
[2026-06-29T22:18:11.758+0000] {logging_mixin.py:190} INFO - [2026-06-29T22:18:11.758+0000] {dag.py:4180} INFO - Setting next_dagrun for example_params_ui_tutorial to None, run_after=None
[2026-06-29T22:18:11.804+0000] {processor.py:208} INFO - Processing /home/airflow/.local/lib/python3.12/site-packages/airflow/example_dags/example_params_ui_tutorial.py took 0.275 seconds
[2026-06-29T22:18:42.680+0000] {processor.py:186} INFO - Started process (PID=1369) to work on /home/airflow/.local/lib/python3.12/site-packages/airflow/example_dags/example_params_ui_tutorial.py
[2026-06-29T22:18:42.685+0000] {processor.py:914} INFO - Processing file /home/airflow/.local/lib/python3.12/site-packages/airflow/example_dags/example_params_ui_tutorial.py for tasks to queue
[2026-06-29T22:18:42.695+0000] {logging_mixin.py:190} INFO - [2026-06-29T22:18:42.692+0000] {dagbag.py:588} INFO - Filling up the DagBag from /home/airflow/.local/lib/python3.12/site-packages/airflow/example_dags/example_params_ui_tutorial.py
[2026-06-29T22:18:42.724+0000] {processor.py:925} INFO - DAG(s) 'example_params_ui_tutorial' retrieved from /home/airflow/.local/lib/python3.12/site-packages/airflow/example_dags/example_params_ui_tutorial.py
[2026-06-29T22:18:42.903+0000] {logging_mixin.py:190} INFO - [2026-06-29T22:18:42.902+0000] {dag.py:3239} INFO - Sync 1 DAGs
[2026-06-29T22:18:42.953+0000] {logging_mixin.py:190} INFO - [2026-06-29T22:18:42.951+0000] {dag.py:4180} INFO - Setting next_dagrun for example_params_ui_tutorial to None, run_after=None
[2026-06-29T22:18:43.054+0000] {processor.py:208} INFO - Processing /home/airflow/.local/lib/python3.12/site-packages/airflow/example_dags/example_params_ui_tutorial.py took 0.385 seconds
[2026-06-29T22:19:13.776+0000] {processor.py:186} INFO - Started process (PID=1433) to work on /home/airflow/.local/lib/python3.12/site-packages/airflow/example_dags/example_params_ui_tutorial.py
[2026-06-29T22:19:13.778+0000] {processor.py:914} INFO - Processing file /home/airflow/.local/lib/python3.12/site-packages/airflow/example_dags/example_params_ui_tutorial.py for tasks to queue
[2026-06-29T22:19:13.782+0000] {logging_mixin.py:190} INFO - [2026-06-29T22:19:13.781+0000] {dagbag.py:588} INFO - Filling up the DagBag from /home/airflow/.local/lib/python3.12/site-packages/airflow/example_dags/example_params_ui_tutorial.py
[2026-06-29T22:19:13.793+0000] {processor.py:925} INFO - DAG(s) 'example_params_ui_tutorial' retrieved from /home/airflow/.local/lib/python3.12/site-packages/airflow/example_dags/example_params_ui_tutorial.py
[2026-06-29T22:19:13.833+0000] {logging_mixin.py:190} INFO - [2026-06-29T22:19:13.833+0000] {dag.py:3239} INFO - Sync 1 DAGs
[2026-06-29T22:19:13.849+0000] {logging_mixin.py:190} INFO - [2026-06-29T22:19:13.848+0000] {dag.py:4180} INFO - Setting next_dagrun for example_params_ui_tutorial to None, run_after=None
[2026-06-29T22:19:13.871+0000] {processor.py:208} INFO - Processing /home/airflow/.local/lib/python3.12/site-packages/airflow/example_dags/example_params_ui_tutorial.py took 0.100 seconds
[2026-06-29T22:19:44.837+0000] {processor.py:186} INFO - Started process (PID=1497) to work on /home/airflow/.local/lib/python3.12/site-packages/airflow/example_dags/example_params_ui_tutorial.py
[2026-06-29T22:19:44.839+0000] {processor.py:914} INFO - Processing file /home/airflow/.local/lib/python3.12/site-packages/airflow/example_dags/example_params_ui_tutorial.py for tasks to queue
[2026-06-29T22:19:44.843+0000] {logging_mixin.py:190} INFO - [2026-06-29T22:19:44.843+0000] {dagbag.py:588} INFO - Filling up the DagBag from /home/airflow/.local/lib/python3.12/site-packages/airflow/example_dags/example_params_ui_tutorial.py
[2026-06-29T22:19:44.860+0000] {processor.py:925} INFO - DAG(s) 'example_params_ui_tutorial' retrieved from /home/airflow/.local/lib/python3.12/site-packages/airflow/example_dags/example_params_ui_tutorial.py
[2026-06-29T22:19:44.932+0000] {logging_mixin.py:190} INFO - [2026-06-29T22:19:44.931+0000] {dag.py:3239} INFO - Sync 1 DAGs
[2026-06-29T22:19:44.953+0000] {logging_mixin.py:190} INFO - [2026-06-29T22:19:44.953+0000] {dag.py:4180} INFO - Setting next_dagrun for example_params_ui_tutorial to None, run_after=None
[2026-06-29T22:19:44.985+0000] {processor.py:208} INFO - Processing /home/airflow/.local/lib/python3.12/site-packages/airflow/example_dags/example_params_ui_tutorial.py took 0.157 seconds
[2026-06-29T22:20:16.386+0000] {processor.py:186} INFO - Started process (PID=1557) to work on /home/airflow/.local/lib/python3.12/site-packages/airflow/example_dags/example_params_ui_tutorial.py
[2026-06-29T22:20:16.390+0000] {processor.py:914} INFO - Processing file /home/airflow/.local/lib/python3.12/site-packages/airflow/example_dags/example_params_ui_tutorial.py for tasks to queue
[2026-06-29T22:20:16.395+0000] {logging_mixin.py:190} INFO - [2026-06-29T22:20:16.394+0000] {dagbag.py:588} INFO - Filling up the DagBag from /home/airflow/.local/lib/python3.12/site-packages/airflow/example_dags/example_params_ui_tutorial.py
[2026-06-29T22:20:16.411+0000] {processor.py:925} INFO - DAG(s) 'example_params_ui_tutorial' retrieved from /home/airflow/.local/lib/python3.12/site-packages/airflow/example_dags/example_params_ui_tutorial.py
[2026-06-29T22:20:16.504+0000] {logging_mixin.py:190} INFO - [2026-06-29T22:20:16.503+0000] {dag.py:3239} INFO - Sync 1 DAGs
[2026-06-29T22:20:16.535+0000] {logging_mixin.py:190} INFO - [2026-06-29T22:20:16.535+0000] {dag.py:4180} INFO - Setting next_dagrun for example_params_ui_tutorial to None, run_after=None
[2026-06-29T22:20:16.593+0000] {processor.py:208} INFO - Processing /home/airflow/.local/lib/python3.12/site-packages/airflow/example_dags/example_params_ui_tutorial.py took 0.219 seconds
[2026-06-29T22:20:48.931+0000] {processor.py:186} INFO - Started process (PID=1618) to work on /home/airflow/.local/lib/python3.12/site-packages/airflow/example_dags/example_params_ui_tutorial.py
[2026-06-29T22:20:48.936+0000] {processor.py:914} INFO - Processing file /home/airflow/.local/lib/python3.12/site-packages/airflow/example_dags/example_params_ui_tutorial.py for tasks to queue
[2026-06-29T22:20:48.945+0000] {logging_mixin.py:190} INFO - [2026-06-29T22:20:48.943+0000] {dagbag.py:588} INFO - Filling up the DagBag from /home/airflow/.local/lib/python3.12/site-packages/airflow/example_dags/example_params_ui_tutorial.py
[2026-06-29T22:20:48.969+0000] {processor.py:925} INFO - DAG(s) 'example_params_ui_tutorial' retrieved from /home/airflow/.local/lib/python3.12/site-packages/airflow/example_dags/example_params_ui_tutorial.py
[2026-06-29T22:20:49.048+0000] {logging_mixin.py:190} INFO - [2026-06-29T22:20:49.047+0000] {dag.py:3239} INFO - Sync 1 DAGs
[2026-06-29T22:20:49.076+0000] {logging_mixin.py:190} INFO - [2026-06-29T22:20:49.075+0000] {dag.py:4180} INFO - Setting next_dagrun for example_params_ui_tutorial to None, run_after=None
[2026-06-29T22:20:49.115+0000] {processor.py:208} INFO - Processing /home/airflow/.local/lib/python3.12/site-packages/airflow/example_dags/example_params_ui_tutorial.py took 0.212 seconds
[2026-06-29T22:21:19.790+0000] {processor.py:186} INFO - Started process (PID=1681) to work on /home/airflow/.local/lib/python3.12/site-packages/airflow/example_dags/example_params_ui_tutorial.py
[2026-06-29T22:21:19.825+0000] {processor.py:914} INFO - Processing file /home/airflow/.local/lib/python3.12/site-packages/airflow/example_dags/example_params_ui_tutorial.py for tasks to queue
[2026-06-29T22:21:19.850+0000] {logging_mixin.py:190} INFO - [2026-06-29T22:21:19.848+0000] {dagbag.py:588} INFO - Filling up the DagBag from /home/airflow/.local/lib/python3.12/site-packages/airflow/example_dags/example_params_ui_tutorial.py
[2026-06-29T22:21:19.899+0000] {processor.py:925} INFO - DAG(s) 'example_params_ui_tutorial' retrieved from /home/airflow/.local/lib/python3.12/site-packages/airflow/example_dags/example_params_ui_tutorial.py
[2026-06-29T22:21:20.130+0000] {logging_mixin.py:190} INFO - [2026-06-29T22:21:20.129+0000] {dag.py:3239} INFO - Sync 1 DAGs
[2026-06-29T22:21:20.328+0000] {logging_mixin.py:190} INFO - [2026-06-29T22:21:20.328+0000] {dag.py:4180} INFO - Setting next_dagrun for example_params_ui_tutorial to None, run_after=None
[2026-06-29T22:21:20.538+0000] {processor.py:208} INFO - Processing /home/airflow/.local/lib/python3.12/site-packages/airflow/example_dags/example_params_ui_tutorial.py took 0.781 seconds
[2026-06-29T22:21:50.976+0000] {processor.py:186} INFO - Started process (PID=1744) to work on /home/airflow/.local/lib/python3.12/site-packages/airflow/example_dags/example_params_ui_tutorial.py
[2026-06-29T22:21:50.978+0000] {processor.py:914} INFO - Processing file /home/airflow/.local/lib/python3.12/site-packages/airflow/example_dags/example_params_ui_tutorial.py for tasks to queue
[2026-06-29T22:21:50.981+0000] {logging_mixin.py:190} INFO - [2026-06-29T22:21:50.980+0000] {dagbag.py:588} INFO - Filling up the DagBag from /home/airflow/.local/lib/python3.12/site-packages/airflow/example_dags/example_params_ui_tutorial.py
[2026-06-29T22:21:50.992+0000] {processor.py:925} INFO - DAG(s) 'example_params_ui_tutorial' retrieved from /home/airflow/.local/lib/python3.12/site-packages/airflow/example_dags/example_params_ui_tutorial.py
[2026-06-29T22:21:51.033+0000] {logging_mixin.py:190} INFO - [2026-06-29T22:21:51.033+0000] {dag.py:3239} INFO - Sync 1 DAGs
[2026-06-29T22:21:51.050+0000] {logging_mixin.py:190} INFO - [2026-06-29T22:21:51.049+0000] {dag.py:4180} INFO - Setting next_dagrun for example_params_ui_tutorial to None, run_after=None
[2026-06-29T22:21:51.074+0000] {processor.py:208} INFO - Processing /home/airflow/.local/lib/python3.12/site-packages/airflow/example_dags/example_params_ui_tutorial.py took 0.105 seconds
[2026-06-29T22:22:22.013+0000] {processor.py:186} INFO - Started process (PID=1808) to work on /home/airflow/.local/lib/python3.12/site-packages/airflow/example_dags/example_params_ui_tutorial.py
[2026-06-29T22:22:22.015+0000] {processor.py:914} INFO - Processing file /home/airflow/.local/lib/python3.12/site-packages/airflow/example_dags/example_params_ui_tutorial.py for tasks to queue
[2026-06-29T22:22:22.018+0000] {logging_mixin.py:190} INFO - [2026-06-29T22:22:22.018+0000] {dagbag.py:588} INFO - Filling up the DagBag from /home/airflow/.local/lib/python3.12/site-packages/airflow/example_dags/example_params_ui_tutorial.py
[2026-06-29T22:22:22.030+0000] {processor.py:925} INFO - DAG(s) 'example_params_ui_tutorial' retrieved from /home/airflow/.local/lib/python3.12/site-packages/airflow/example_dags/example_params_ui_tutorial.py
[2026-06-29T22:22:22.072+0000] {logging_mixin.py:190} INFO - [2026-06-29T22:22:22.072+0000] {dag.py:3239} INFO - Sync 1 DAGs
[2026-06-29T22:22:22.087+0000] {logging_mixin.py:190} INFO - [2026-06-29T22:22:22.087+0000] {dag.py:4180} INFO - Setting next_dagrun for example_params_ui_tutorial to None, run_after=None
[2026-06-29T22:22:22.113+0000] {processor.py:208} INFO - Processing /home/airflow/.local/lib/python3.12/site-packages/airflow/example_dags/example_params_ui_tutorial.py took 0.109 seconds
[2026-06-29T22:22:52.174+0000] {processor.py:186} INFO - Started process (PID=1873) to work on /home/airflow/.local/lib/python3.12/site-packages/airflow/example_dags/example_params_ui_tutorial.py
[2026-06-29T22:22:52.177+0000] {processor.py:914} INFO - Processing file /home/airflow/.local/lib/python3.12/site-packages/airflow/example_dags/example_params_ui_tutorial.py for tasks to queue
[2026-06-29T22:22:52.181+0000] {logging_mixin.py:190} INFO - [2026-06-29T22:22:52.181+0000] {dagbag.py:588} INFO - Filling up the DagBag from /home/airflow/.local/lib/python3.12/site-packages/airflow/example_dags/example_params_ui_tutorial.py
[2026-06-29T22:22:52.194+0000] {processor.py:925} INFO - DAG(s) 'example_params_ui_tutorial' retrieved from /home/airflow/.local/lib/python3.12/site-packages/airflow/example_dags/example_params_ui_tutorial.py
[2026-06-29T22:22:52.238+0000] {logging_mixin.py:190} INFO - [2026-06-29T22:22:52.238+0000] {dag.py:3239} INFO - Sync 1 DAGs
[2026-06-29T22:22:52.253+0000] {logging_mixin.py:190} INFO - [2026-06-29T22:22:52.253+0000] {dag.py:4180} INFO - Setting next_dagrun for example_params_ui_tutorial to None, run_after=None
[2026-06-29T22:22:52.278+0000] {processor.py:208} INFO - Processing /home/airflow/.local/lib/python3.12/site-packages/airflow/example_dags/example_params_ui_tutorial.py took 0.112 seconds
[2026-06-29T22:23:22.571+0000] {processor.py:186} INFO - Started process (PID=1934) to work on /home/airflow/.local/lib/python3.12/site-packages/airflow/example_dags/example_params_ui_tutorial.py
[2026-06-29T22:23:22.574+0000] {processor.py:914} INFO - Processing file /home/airflow/.local/lib/python3.12/site-packages/airflow/example_dags/example_params_ui_tutorial.py for tasks to queue
[2026-06-29T22:23:22.577+0000] {logging_mixin.py:190} INFO - [2026-06-29T22:23:22.577+0000] {dagbag.py:588} INFO - Filling up the DagBag from /home/airflow/.local/lib/python3.12/site-packages/airflow/example_dags/example_params_ui_tutorial.py
[2026-06-29T22:23:22.591+0000] {processor.py:925} INFO - DAG(s) 'example_params_ui_tutorial' retrieved from /home/airflow/.local/lib/python3.12/site-packages/airflow/example_dags/example_params_ui_tutorial.py
[2026-06-29T22:23:22.657+0000] {logging_mixin.py:190} INFO - [2026-06-29T22:23:22.657+0000] {dag.py:3239} INFO - Sync 1 DAGs
[2026-06-29T22:23:22.672+0000] {logging_mixin.py:190} INFO - [2026-06-29T22:23:22.672+0000] {dag.py:4180} INFO - Setting next_dagrun for example_params_ui_tutorial to None, run_after=None
[2026-06-29T22:23:22.699+0000] {processor.py:208} INFO - Processing /home/airflow/.local/lib/python3.12/site-packages/airflow/example_dags/example_params_ui_tutorial.py took 0.136 seconds
[2026-06-29T22:23:53.317+0000] {processor.py:186} INFO - Started process (PID=1998) to work on /home/airflow/.local/lib/python3.12/site-packages/airflow/example_dags/example_params_ui_tutorial.py
[2026-06-29T22:23:53.319+0000] {processor.py:914} INFO - Processing file /home/airflow/.local/lib/python3.12/site-packages/airflow/example_dags/example_params_ui_tutorial.py for tasks to queue
[2026-06-29T22:23:53.323+0000] {logging_mixin.py:190} INFO - [2026-06-29T22:23:53.322+0000] {dagbag.py:588} INFO - Filling up the DagBag from /home/airflow/.local/lib/python3.12/site-packages/airflow/example_dags/example_params_ui_tutorial.py
[2026-06-29T22:23:53.334+0000] {processor.py:925} INFO - DAG(s) 'example_params_ui_tutorial' retrieved from /home/airflow/.local/lib/python3.12/site-packages/airflow/example_dags/example_params_ui_tutorial.py
[2026-06-29T22:23:53.377+0000] {logging_mixin.py:190} INFO - [2026-06-29T22:23:53.377+0000] {dag.py:3239} INFO - Sync 1 DAGs
[2026-06-29T22:23:53.392+0000] {logging_mixin.py:190} INFO - [2026-06-29T22:23:53.392+0000] {dag.py:4180} INFO - Setting next_dagrun for example_params_ui_tutorial to None, run_after=None
[2026-06-29T22:23:53.417+0000] {processor.py:208} INFO - Processing /home/airflow/.local/lib/python3.12/site-packages/airflow/example_dags/example_params_ui_tutorial.py took 0.107 seconds
[2026-06-29T22:24:23.748+0000] {processor.py:186} INFO - Started process (PID=2062) to work on /home/airflow/.local/lib/python3.12/site-packages/airflow/example_dags/example_params_ui_tutorial.py
[2026-06-29T22:24:23.750+0000] {processor.py:914} INFO - Processing file /home/airflow/.local/lib/python3.12/site-packages/airflow/example_dags/example_params_ui_tutorial.py for tasks to queue
[2026-06-29T22:24:23.754+0000] {logging_mixin.py:190} INFO - [2026-06-29T22:24:23.754+0000] {dagbag.py:588} INFO - Filling up the DagBag from /home/airflow/.local/lib/python3.12/site-packages/airflow/example_dags/example_params_ui_tutorial.py
[2026-06-29T22:24:23.764+0000] {processor.py:925} INFO - DAG(s) 'example_params_ui_tutorial' retrieved from /home/airflow/.local/lib/python3.12/site-packages/airflow/example_dags/example_params_ui_tutorial.py
[2026-06-29T22:24:23.806+0000] {logging_mixin.py:190} INFO - [2026-06-29T22:24:23.805+0000] {dag.py:3239} INFO - Sync 1 DAGs
[2026-06-29T22:24:23.821+0000] {logging_mixin.py:190} INFO - [2026-06-29T22:24:23.821+0000] {dag.py:4180} INFO - Setting next_dagrun for example_params_ui_tutorial to None, run_after=None
[2026-06-29T22:24:23.844+0000] {processor.py:208} INFO - Processing /home/airflow/.local/lib/python3.12/site-packages/airflow/example_dags/example_params_ui_tutorial.py took 0.102 seconds
[2026-06-29T22:24:54.411+0000] {processor.py:186} INFO - Started process (PID=2126) to work on /home/airflow/.local/lib/python3.12/site-packages/airflow/example_dags/example_params_ui_tutorial.py
[2026-06-29T22:24:54.413+0000] {processor.py:914} INFO - Processing file /home/airflow/.local/lib/python3.12/site-packages/airflow/example_dags/example_params_ui_tutorial.py for tasks to queue
[2026-06-29T22:24:54.416+0000] {logging_mixin.py:190} INFO - [2026-06-29T22:24:54.416+0000] {dagbag.py:588} INFO - Filling up the DagBag from /home/airflow/.local/lib/python3.12/site-packages/airflow/example_dags/example_params_ui_tutorial.py
[2026-06-29T22:24:54.429+0000] {processor.py:925} INFO - DAG(s) 'example_params_ui_tutorial' retrieved from /home/airflow/.local/lib/python3.12/site-packages/airflow/example_dags/example_params_ui_tutorial.py
[2026-06-29T22:24:54.471+0000] {logging_mixin.py:190} INFO - [2026-06-29T22:24:54.471+0000] {dag.py:3239} INFO - Sync 1 DAGs
[2026-06-29T22:24:54.486+0000] {logging_mixin.py:190} INFO - [2026-06-29T22:24:54.486+0000] {dag.py:4180} INFO - Setting next_dagrun for example_params_ui_tutorial to None, run_after=None
[2026-06-29T22:24:54.512+0000] {processor.py:208} INFO - Processing /home/airflow/.local/lib/python3.12/site-packages/airflow/example_dags/example_params_ui_tutorial.py took 0.109 seconds
[2026-06-29T22:25:24.944+0000] {processor.py:186} INFO - Started process (PID=2190) to work on /home/airflow/.local/lib/python3.12/site-packages/airflow/example_dags/example_params_ui_tutorial.py
[2026-06-29T22:25:24.945+0000] {processor.py:914} INFO - Processing file /home/airflow/.local/lib/python3.12/site-packages/airflow/example_dags/example_params_ui_tutorial.py for tasks to queue
[2026-06-29T22:25:24.949+0000] {logging_mixin.py:190} INFO - [2026-06-29T22:25:24.949+0000] {dagbag.py:588} INFO - Filling up the DagBag from /home/airflow/.local/lib/python3.12/site-packages/airflow/example_dags/example_params_ui_tutorial.py
[2026-06-29T22:25:24.965+0000] {processor.py:925} INFO - DAG(s) 'example_params_ui_tutorial' retrieved from /home/airflow/.local/lib/python3.12/site-packages/airflow/example_dags/example_params_ui_tutorial.py
[2026-06-29T22:25:25.026+0000] {logging_mixin.py:190} INFO - [2026-06-29T22:25:25.025+0000] {dag.py:3239} INFO - Sync 1 DAGs
[2026-06-29T22:25:25.049+0000] {logging_mixin.py:190} INFO - [2026-06-29T22:25:25.049+0000] {dag.py:4180} INFO - Setting next_dagrun for example_params_ui_tutorial to None, run_after=None
[2026-06-29T22:25:25.084+0000] {processor.py:208} INFO - Processing /home/airflow/.local/lib/python3.12/site-packages/airflow/example_dags/example_params_ui_tutorial.py took 0.149 seconds
[2026-06-29T22:25:55.372+0000] {processor.py:186} INFO - Started process (PID=2254) to work on /home/airflow/.local/lib/python3.12/site-packages/airflow/example_dags/example_params_ui_tutorial.py
[2026-06-29T22:25:55.374+0000] {processor.py:914} INFO - Processing file /home/airflow/.local/lib/python3.12/site-packages/airflow/example_dags/example_params_ui_tutorial.py for tasks to queue
[2026-06-29T22:25:55.376+0000] {logging_mixin.py:190} INFO - [2026-06-29T22:25:55.376+0000] {dagbag.py:588} INFO - Filling up the DagBag from /home/airflow/.local/lib/python3.12/site-packages/airflow/example_dags/example_params_ui_tutorial.py
[2026-06-29T22:25:55.388+0000] {processor.py:925} INFO - DAG(s) 'example_params_ui_tutorial' retrieved from /home/airflow/.local/lib/python3.12/site-packages/airflow/example_dags/example_params_ui_tutorial.py
[2026-06-29T22:25:55.437+0000] {logging_mixin.py:190} INFO - [2026-06-29T22:25:55.436+0000] {dag.py:3239} INFO - Sync 1 DAGs
[2026-06-29T22:25:55.453+0000] {logging_mixin.py:190} INFO - [2026-06-29T22:25:55.453+0000] {dag.py:4180} INFO - Setting next_dagrun for example_params_ui_tutorial to None, run_after=None
[2026-06-29T22:25:55.480+0000] {processor.py:208} INFO - Processing /home/airflow/.local/lib/python3.12/site-packages/airflow/example_dags/example_params_ui_tutorial.py took 0.118 seconds
[2026-06-29T22:26:25.819+0000] {processor.py:186} INFO - Started process (PID=2317) to work on /home/airflow/.local/lib/python3.12/site-packages/airflow/example_dags/example_params_ui_tutorial.py
[2026-06-29T22:26:25.820+0000] {processor.py:914} INFO - Processing file /home/airflow/.local/lib/python3.12/site-packages/airflow/example_dags/example_params_ui_tutorial.py for tasks to queue
[2026-06-29T22:26:25.823+0000] {logging_mixin.py:190} INFO - [2026-06-29T22:26:25.822+0000] {dagbag.py:588} INFO - Filling up the DagBag from /home/airflow/.local/lib/python3.12/site-packages/airflow/example_dags/example_params_ui_tutorial.py
[2026-06-29T22:26:25.833+0000] {processor.py:925} INFO - DAG(s) 'example_params_ui_tutorial' retrieved from /home/airflow/.local/lib/python3.12/site-packages/airflow/example_dags/example_params_ui_tutorial.py
[2026-06-29T22:26:25.873+0000] {logging_mixin.py:190} INFO - [2026-06-29T22:26:25.873+0000] {dag.py:3239} INFO - Sync 1 DAGs
[2026-06-29T22:26:25.887+0000] {logging_mixin.py:190} INFO - [2026-06-29T22:26:25.887+0000] {dag.py:4180} INFO - Setting next_dagrun for example_params_ui_tutorial to None, run_after=None
[2026-06-29T22:26:25.909+0000] {processor.py:208} INFO - Processing /home/airflow/.local/lib/python3.12/site-packages/airflow/example_dags/example_params_ui_tutorial.py took 0.097 seconds
[2026-06-29T22:26:56.112+0000] {processor.py:186} INFO - Started process (PID=2381) to work on /home/airflow/.local/lib/python3.12/site-packages/airflow/example_dags/example_params_ui_tutorial.py
[2026-06-29T22:26:56.114+0000] {processor.py:914} INFO - Processing file /home/airflow/.local/lib/python3.12/site-packages/airflow/example_dags/example_params_ui_tutorial.py for tasks to queue
[2026-06-29T22:26:56.117+0000] {logging_mixin.py:190} INFO - [2026-06-29T22:26:56.117+0000] {dagbag.py:588} INFO - Filling up the DagBag from /home/airflow/.local/lib/python3.12/site-packages/airflow/example_dags/example_params_ui_tutorial.py
[2026-06-29T22:26:56.128+0000] {processor.py:925} INFO - DAG(s) 'example_params_ui_tutorial' retrieved from /home/airflow/.local/lib/python3.12/site-packages/airflow/example_dags/example_params_ui_tutorial.py
[2026-06-29T22:26:56.170+0000] {logging_mixin.py:190} INFO - [2026-06-29T22:26:56.170+0000] {dag.py:3239} INFO - Sync 1 DAGs
[2026-06-29T22:26:56.188+0000] {logging_mixin.py:190} INFO - [2026-06-29T22:26:56.188+0000] {dag.py:4180} INFO - Setting next_dagrun for example_params_ui_tutorial to None, run_after=None
[2026-06-29T22:26:56.216+0000] {processor.py:208} INFO - Processing /home/airflow/.local/lib/python3.12/site-packages/airflow/example_dags/example_params_ui_tutorial.py took 0.112 seconds
[2026-06-29T22:27:26.529+0000] {processor.py:186} INFO - Started process (PID=2443) to work on /home/airflow/.local/lib/python3.12/site-packages/airflow/example_dags/example_params_ui_tutorial.py
[2026-06-29T22:27:26.531+0000] {processor.py:914} INFO - Processing file /home/airflow/.local/lib/python3.12/site-packages/airflow/example_dags/example_params_ui_tutorial.py for tasks to queue
[2026-06-29T22:27:26.535+0000] {logging_mixin.py:190} INFO - [2026-06-29T22:27:26.534+0000] {dagbag.py:588} INFO - Filling up the DagBag from /home/airflow/.local/lib/python3.12/site-packages/airflow/example_dags/example_params_ui_tutorial.py
[2026-06-29T22:27:26.547+0000] {processor.py:925} INFO - DAG(s) 'example_params_ui_tutorial' retrieved from /home/airflow/.local/lib/python3.12/site-packages/airflow/example_dags/example_params_ui_tutorial.py
[2026-06-29T22:27:26.588+0000] {logging_mixin.py:190} INFO - [2026-06-29T22:27:26.588+0000] {dag.py:3239} INFO - Sync 1 DAGs
[2026-06-29T22:27:26.608+0000] {logging_mixin.py:190} INFO - [2026-06-29T22:27:26.608+0000] {dag.py:4180} INFO - Setting next_dagrun for example_params_ui_tutorial to None, run_after=None
[2026-06-29T22:27:26.634+0000] {processor.py:208} INFO - Processing /home/airflow/.local/lib/python3.12/site-packages/airflow/example_dags/example_params_ui_tutorial.py took 0.113 seconds
[2026-06-29T22:27:56.745+0000] {processor.py:186} INFO - Started process (PID=2506) to work on /home/airflow/.local/lib/python3.12/site-packages/airflow/example_dags/example_params_ui_tutorial.py
[2026-06-29T22:27:56.747+0000] {processor.py:914} INFO - Processing file /home/airflow/.local/lib/python3.12/site-packages/airflow/example_dags/example_params_ui_tutorial.py for tasks to queue
[2026-06-29T22:27:56.751+0000] {logging_mixin.py:190} INFO - [2026-06-29T22:27:56.750+0000] {dagbag.py:588} INFO - Filling up the DagBag from /home/airflow/.local/lib/python3.12/site-packages/airflow/example_dags/example_params_ui_tutorial.py
[2026-06-29T22:27:56.764+0000] {processor.py:925} INFO - DAG(s) 'example_params_ui_tutorial' retrieved from /home/airflow/.local/lib/python3.12/site-packages/airflow/example_dags/example_params_ui_tutorial.py
[2026-06-29T22:27:56.812+0000] {logging_mixin.py:190} INFO - [2026-06-29T22:27:56.812+0000] {dag.py:3239} INFO - Sync 1 DAGs
[2026-06-29T22:27:56.835+0000] {logging_mixin.py:190} INFO - [2026-06-29T22:27:56.835+0000] {dag.py:4180} INFO - Setting next_dagrun for example_params_ui_tutorial to None, run_after=None
[2026-06-29T22:27:56.862+0000] {processor.py:208} INFO - Processing /home/airflow/.local/lib/python3.12/site-packages/airflow/example_dags/example_params_ui_tutorial.py took 0.124 seconds
[2026-06-29T22:28:27.257+0000] {processor.py:186} INFO - Started process (PID=2570) to work on /home/airflow/.local/lib/python3.12/site-packages/airflow/example_dags/example_params_ui_tutorial.py
[2026-06-29T22:28:27.258+0000] {processor.py:914} INFO - Processing file /home/airflow/.local/lib/python3.12/site-packages/airflow/example_dags/example_params_ui_tutorial.py for tasks to queue
[2026-06-29T22:28:27.262+0000] {logging_mixin.py:190} INFO - [2026-06-29T22:28:27.261+0000] {dagbag.py:588} INFO - Filling up the DagBag from /home/airflow/.local/lib/python3.12/site-packages/airflow/example_dags/example_params_ui_tutorial.py
[2026-06-29T22:28:27.282+0000] {processor.py:925} INFO - DAG(s) 'example_params_ui_tutorial' retrieved from /home/airflow/.local/lib/python3.12/site-packages/airflow/example_dags/example_params_ui_tutorial.py
[2026-06-29T22:28:27.343+0000] {logging_mixin.py:190} INFO - [2026-06-29T22:28:27.343+0000] {dag.py:3239} INFO - Sync 1 DAGs
[2026-06-29T22:28:27.365+0000] {logging_mixin.py:190} INFO - [2026-06-29T22:28:27.364+0000] {dag.py:4180} INFO - Setting next_dagrun for example_params_ui_tutorial to None, run_after=None
[2026-06-29T22:28:27.396+0000] {processor.py:208} INFO - Processing /home/airflow/.local/lib/python3.12/site-packages/airflow/example_dags/example_params_ui_tutorial.py took 0.148 seconds
[2026-06-29T22:28:57.628+0000] {processor.py:186} INFO - Started process (PID=2633) to work on /home/airflow/.local/lib/python3.12/site-packages/airflow/example_dags/example_params_ui_tutorial.py
[2026-06-29T22:28:57.630+0000] {processor.py:914} INFO - Processing file /home/airflow/.local/lib/python3.12/site-packages/airflow/example_dags/example_params_ui_tutorial.py for tasks to queue
[2026-06-29T22:28:57.636+0000] {logging_mixin.py:190} INFO - [2026-06-29T22:28:57.635+0000] {dagbag.py:588} INFO - Filling up the DagBag from /home/airflow/.local/lib/python3.12/site-packages/airflow/example_dags/example_params_ui_tutorial.py
[2026-06-29T22:28:57.656+0000] {processor.py:925} INFO - DAG(s) 'example_params_ui_tutorial' retrieved from /home/airflow/.local/lib/python3.12/site-packages/airflow/example_dags/example_params_ui_tutorial.py
[2026-06-29T22:28:57.724+0000] {logging_mixin.py:190} INFO - [2026-06-29T22:28:57.723+0000] {dag.py:3239} INFO - Sync 1 DAGs
[2026-06-29T22:28:57.755+0000] {logging_mixin.py:190} INFO - [2026-06-29T22:28:57.754+0000] {dag.py:4180} INFO - Setting next_dagrun for example_params_ui_tutorial to None, run_after=None
[2026-06-29T22:28:57.791+0000] {processor.py:208} INFO - Processing /home/airflow/.local/lib/python3.12/site-packages/airflow/example_dags/example_params_ui_tutorial.py took 0.172 seconds
[2026-06-29T22:29:28.006+0000] {processor.py:186} INFO - Started process (PID=2697) to work on /home/airflow/.local/lib/python3.12/site-packages/airflow/example_dags/example_params_ui_tutorial.py
[2026-06-29T22:29:28.010+0000] {processor.py:914} INFO - Processing file /home/airflow/.local/lib/python3.12/site-packages/airflow/example_dags/example_params_ui_tutorial.py for tasks to queue
[2026-06-29T22:29:28.024+0000] {logging_mixin.py:190} INFO - [2026-06-29T22:29:28.022+0000] {dagbag.py:588} INFO - Filling up the DagBag from /home/airflow/.local/lib/python3.12/site-packages/airflow/example_dags/example_params_ui_tutorial.py
[2026-06-29T22:29:28.058+0000] {processor.py:925} INFO - DAG(s) 'example_params_ui_tutorial' retrieved from /home/airflow/.local/lib/python3.12/site-packages/airflow/example_dags/example_params_ui_tutorial.py
[2026-06-29T22:29:28.160+0000] {logging_mixin.py:190} INFO - [2026-06-29T22:29:28.160+0000] {dag.py:3239} INFO - Sync 1 DAGs
[2026-06-29T22:29:28.185+0000] {logging_mixin.py:190} INFO - [2026-06-29T22:29:28.184+0000] {dag.py:4180} INFO - Setting next_dagrun for example_params_ui_tutorial to None, run_after=None
[2026-06-29T22:29:28.226+0000] {processor.py:208} INFO - Processing /home/airflow/.local/lib/python3.12/site-packages/airflow/example_dags/example_params_ui_tutorial.py took 0.239 seconds
[2026-06-29T22:29:58.408+0000] {processor.py:186} INFO - Started process (PID=2759) to work on /home/airflow/.local/lib/python3.12/site-packages/airflow/example_dags/example_params_ui_tutorial.py
[2026-06-29T22:29:58.412+0000] {processor.py:914} INFO - Processing file /home/airflow/.local/lib/python3.12/site-packages/airflow/example_dags/example_params_ui_tutorial.py for tasks to queue
[2026-06-29T22:29:58.423+0000] {logging_mixin.py:190} INFO - [2026-06-29T22:29:58.422+0000] {dagbag.py:588} INFO - Filling up the DagBag from /home/airflow/.local/lib/python3.12/site-packages/airflow/example_dags/example_params_ui_tutorial.py
[2026-06-29T22:29:58.453+0000] {processor.py:925} INFO - DAG(s) 'example_params_ui_tutorial' retrieved from /home/airflow/.local/lib/python3.12/site-packages/airflow/example_dags/example_params_ui_tutorial.py
[2026-06-29T22:29:58.584+0000] {logging_mixin.py:190} INFO - [2026-06-29T22:29:58.583+0000] {dag.py:3239} INFO - Sync 1 DAGs
[2026-06-29T22:29:58.624+0000] {logging_mixin.py:190} INFO - [2026-06-29T22:29:58.624+0000] {dag.py:4180} INFO - Setting next_dagrun for example_params_ui_tutorial to None, run_after=None
[2026-06-29T22:29:58.703+0000] {processor.py:208} INFO - Processing /home/airflow/.local/lib/python3.12/site-packages/airflow/example_dags/example_params_ui_tutorial.py took 0.308 seconds
[2026-06-29T22:30:29.039+0000] {processor.py:186} INFO - Started process (PID=2822) to work on /home/airflow/.local/lib/python3.12/site-packages/airflow/example_dags/example_params_ui_tutorial.py
[2026-06-29T22:30:29.043+0000] {processor.py:914} INFO - Processing file /home/airflow/.local/lib/python3.12/site-packages/airflow/example_dags/example_params_ui_tutorial.py for tasks to queue
[2026-06-29T22:30:29.057+0000] {logging_mixin.py:190} INFO - [2026-06-29T22:30:29.055+0000] {dagbag.py:588} INFO - Filling up the DagBag from /home/airflow/.local/lib/python3.12/site-packages/airflow/example_dags/example_params_ui_tutorial.py
[2026-06-29T22:30:29.103+0000] {processor.py:925} INFO - DAG(s) 'example_params_ui_tutorial' retrieved from /home/airflow/.local/lib/python3.12/site-packages/airflow/example_dags/example_params_ui_tutorial.py
[2026-06-29T22:30:29.211+0000] {logging_mixin.py:190} INFO - [2026-06-29T22:30:29.210+0000] {dag.py:3239} INFO - Sync 1 DAGs
[2026-06-29T22:30:29.240+0000] {logging_mixin.py:190} INFO - [2026-06-29T22:30:29.239+0000] {dag.py:4180} INFO - Setting next_dagrun for example_params_ui_tutorial to None, run_after=None
[2026-06-29T22:30:29.281+0000] {processor.py:208} INFO - Processing /home/airflow/.local/lib/python3.12/site-packages/airflow/example_dags/example_params_ui_tutorial.py took 0.260 seconds
[2026-06-29T22:30:59.549+0000] {processor.py:186} INFO - Started process (PID=2886) to work on /home/airflow/.local/lib/python3.12/site-packages/airflow/example_dags/example_params_ui_tutorial.py
[2026-06-29T22:30:59.552+0000] {processor.py:914} INFO - Processing file /home/airflow/.local/lib/python3.12/site-packages/airflow/example_dags/example_params_ui_tutorial.py for tasks to queue
[2026-06-29T22:30:59.556+0000] {logging_mixin.py:190} INFO - [2026-06-29T22:30:59.556+0000] {dagbag.py:588} INFO - Filling up the DagBag from /home/airflow/.local/lib/python3.12/site-packages/airflow/example_dags/example_params_ui_tutorial.py
[2026-06-29T22:30:59.576+0000] {processor.py:925} INFO - DAG(s) 'example_params_ui_tutorial' retrieved from /home/airflow/.local/lib/python3.12/site-packages/airflow/example_dags/example_params_ui_tutorial.py
[2026-06-29T22:30:59.658+0000] {logging_mixin.py:190} INFO - [2026-06-29T22:30:59.658+0000] {dag.py:3239} INFO - Sync 1 DAGs
[2026-06-29T22:30:59.687+0000] {logging_mixin.py:190} INFO - [2026-06-29T22:30:59.687+0000] {dag.py:4180} INFO - Setting next_dagrun for example_params_ui_tutorial to None, run_after=None
[2026-06-29T22:30:59.737+0000] {processor.py:208} INFO - Processing /home/airflow/.local/lib/python3.12/site-packages/airflow/example_dags/example_params_ui_tutorial.py took 0.199 seconds
[2026-06-29T22:31:30.078+0000] {processor.py:186} INFO - Started process (PID=2957) to work on /home/airflow/.local/lib/python3.12/site-packages/airflow/example_dags/example_params_ui_tutorial.py
[2026-06-29T22:31:30.081+0000] {processor.py:914} INFO - Processing file /home/airflow/.local/lib/python3.12/site-packages/airflow/example_dags/example_params_ui_tutorial.py for tasks to queue
[2026-06-29T22:31:30.088+0000] {logging_mixin.py:190} INFO - [2026-06-29T22:31:30.087+0000] {dagbag.py:588} INFO - Filling up the DagBag from /home/airflow/.local/lib/python3.12/site-packages/airflow/example_dags/example_params_ui_tutorial.py
[2026-06-29T22:31:30.120+0000] {processor.py:925} INFO - DAG(s) 'example_params_ui_tutorial' retrieved from /home/airflow/.local/lib/python3.12/site-packages/airflow/example_dags/example_params_ui_tutorial.py
[2026-06-29T22:31:30.224+0000] {logging_mixin.py:190} INFO - [2026-06-29T22:31:30.223+0000] {dag.py:3239} INFO - Sync 1 DAGs
[2026-06-29T22:31:30.252+0000] {logging_mixin.py:190} INFO - [2026-06-29T22:31:30.251+0000] {dag.py:4180} INFO - Setting next_dagrun for example_params_ui_tutorial to None, run_after=None
[2026-06-29T22:31:30.304+0000] {processor.py:208} INFO - Processing /home/airflow/.local/lib/python3.12/site-packages/airflow/example_dags/example_params_ui_tutorial.py took 0.238 seconds
[2026-06-29T22:32:03.257+0000] {processor.py:186} INFO - Started process (PID=3055) to work on /home/airflow/.local/lib/python3.12/site-packages/airflow/example_dags/example_params_ui_tutorial.py
[2026-06-29T22:32:03.262+0000] {processor.py:914} INFO - Processing file /home/airflow/.local/lib/python3.12/site-packages/airflow/example_dags/example_params_ui_tutorial.py for tasks to queue
[2026-06-29T22:32:03.274+0000] {logging_mixin.py:190} INFO - [2026-06-29T22:32:03.273+0000] {dagbag.py:588} INFO - Filling up the DagBag from /home/airflow/.local/lib/python3.12/site-packages/airflow/example_dags/example_params_ui_tutorial.py
[2026-06-29T22:32:03.311+0000] {processor.py:925} INFO - DAG(s) 'example_params_ui_tutorial' retrieved from /home/airflow/.local/lib/python3.12/site-packages/airflow/example_dags/example_params_ui_tutorial.py
[2026-06-29T22:32:03.474+0000] {logging_mixin.py:190} INFO - [2026-06-29T22:32:03.473+0000] {dag.py:3239} INFO - Sync 1 DAGs
[2026-06-29T22:32:03.533+0000] {logging_mixin.py:190} INFO - [2026-06-29T22:32:03.532+0000] {dag.py:4180} INFO - Setting next_dagrun for example_params_ui_tutorial to None, run_after=None
[2026-06-29T22:32:03.622+0000] {processor.py:208} INFO - Processing /home/airflow/.local/lib/python3.12/site-packages/airflow/example_dags/example_params_ui_tutorial.py took 0.387 seconds
[2026-06-29T22:32:34.489+0000] {processor.py:186} INFO - Started process (PID=3174) to work on /home/airflow/.local/lib/python3.12/site-packages/airflow/example_dags/example_params_ui_tutorial.py
[2026-06-29T22:32:34.494+0000] {processor.py:914} INFO - Processing file /home/airflow/.local/lib/python3.12/site-packages/airflow/example_dags/example_params_ui_tutorial.py for tasks to queue
[2026-06-29T22:32:34.506+0000] {logging_mixin.py:190} INFO - [2026-06-29T22:32:34.505+0000] {dagbag.py:588} INFO - Filling up the DagBag from /home/airflow/.local/lib/python3.12/site-packages/airflow/example_dags/example_params_ui_tutorial.py
[2026-06-29T22:32:34.546+0000] {processor.py:925} INFO - DAG(s) 'example_params_ui_tutorial' retrieved from /home/airflow/.local/lib/python3.12/site-packages/airflow/example_dags/example_params_ui_tutorial.py
[2026-06-29T22:32:34.657+0000] {logging_mixin.py:190} INFO - [2026-06-29T22:32:34.657+0000] {dag.py:3239} INFO - Sync 1 DAGs
[2026-06-29T22:32:34.695+0000] {logging_mixin.py:190} INFO - [2026-06-29T22:32:34.695+0000] {dag.py:4180} INFO - Setting next_dagrun for example_params_ui_tutorial to None, run_after=None
[2026-06-29T22:32:34.752+0000] {processor.py:208} INFO - Processing /home/airflow/.local/lib/python3.12/site-packages/airflow/example_dags/example_params_ui_tutorial.py took 0.285 seconds
[2026-06-29T22:33:05.195+0000] {processor.py:186} INFO - Started process (PID=3251) to work on /home/airflow/.local/lib/python3.12/site-packages/airflow/example_dags/example_params_ui_tutorial.py
[2026-06-29T22:33:05.198+0000] {processor.py:914} INFO - Processing file /home/airflow/.local/lib/python3.12/site-packages/airflow/example_dags/example_params_ui_tutorial.py for tasks to queue
[2026-06-29T22:33:05.204+0000] {logging_mixin.py:190} INFO - [2026-06-29T22:33:05.204+0000] {dagbag.py:588} INFO - Filling up the DagBag from /home/airflow/.local/lib/python3.12/site-packages/airflow/example_dags/example_params_ui_tutorial.py
[2026-06-29T22:33:05.221+0000] {processor.py:925} INFO - DAG(s) 'example_params_ui_tutorial' retrieved from /home/airflow/.local/lib/python3.12/site-packages/airflow/example_dags/example_params_ui_tutorial.py
[2026-06-29T22:33:05.301+0000] {logging_mixin.py:190} INFO - [2026-06-29T22:33:05.300+0000] {dag.py:3239} INFO - Sync 1 DAGs
[2026-06-29T22:33:05.325+0000] {logging_mixin.py:190} INFO - [2026-06-29T22:33:05.325+0000] {dag.py:4180} INFO - Setting next_dagrun for example_params_ui_tutorial to None, run_after=None
[2026-06-29T22:33:05.363+0000] {processor.py:208} INFO - Processing /home/airflow/.local/lib/python3.12/site-packages/airflow/example_dags/example_params_ui_tutorial.py took 0.193 seconds
[2026-06-29T22:33:36.145+0000] {processor.py:186} INFO - Started process (PID=3312) to work on /home/airflow/.local/lib/python3.12/site-packages/airflow/example_dags/example_params_ui_tutorial.py
[2026-06-29T22:33:36.148+0000] {processor.py:914} INFO - Processing file /home/airflow/.local/lib/python3.12/site-packages/airflow/example_dags/example_params_ui_tutorial.py for tasks to queue
[2026-06-29T22:33:36.156+0000] {logging_mixin.py:190} INFO - [2026-06-29T22:33:36.155+0000] {dagbag.py:588} INFO - Filling up the DagBag from /home/airflow/.local/lib/python3.12/site-packages/airflow/example_dags/example_params_ui_tutorial.py
[2026-06-29T22:33:36.176+0000] {processor.py:925} INFO - DAG(s) 'example_params_ui_tutorial' retrieved from /home/airflow/.local/lib/python3.12/site-packages/airflow/example_dags/example_params_ui_tutorial.py
[2026-06-29T22:33:36.287+0000] {logging_mixin.py:190} INFO - [2026-06-29T22:33:36.286+0000] {dag.py:3239} INFO - Sync 1 DAGs
[2026-06-29T22:33:36.321+0000] {logging_mixin.py:190} INFO - [2026-06-29T22:33:36.320+0000] {dag.py:4180} INFO - Setting next_dagrun for example_params_ui_tutorial to None, run_after=None
[2026-06-29T22:33:36.364+0000] {processor.py:208} INFO - Processing /home/airflow/.local/lib/python3.12/site-packages/airflow/example_dags/example_params_ui_tutorial.py took 0.246 seconds
[2026-06-29T22:34:06.541+0000] {processor.py:186} INFO - Started process (PID=3375) to work on /home/airflow/.local/lib/python3.12/site-packages/airflow/example_dags/example_params_ui_tutorial.py
[2026-06-29T22:34:06.543+0000] {processor.py:914} INFO - Processing file /home/airflow/.local/lib/python3.12/site-packages/airflow/example_dags/example_params_ui_tutorial.py for tasks to queue
[2026-06-29T22:34:06.546+0000] {logging_mixin.py:190} INFO - [2026-06-29T22:34:06.546+0000] {dagbag.py:588} INFO - Filling up the DagBag from /home/airflow/.local/lib/python3.12/site-packages/airflow/example_dags/example_params_ui_tutorial.py
[2026-06-29T22:34:06.557+0000] {processor.py:925} INFO - DAG(s) 'example_params_ui_tutorial' retrieved from /home/airflow/.local/lib/python3.12/site-packages/airflow/example_dags/example_params_ui_tutorial.py
[2026-06-29T22:34:06.602+0000] {logging_mixin.py:190} INFO - [2026-06-29T22:34:06.602+0000] {dag.py:3239} INFO - Sync 1 DAGs
[2026-06-29T22:34:06.628+0000] {logging_mixin.py:190} INFO - [2026-06-29T22:34:06.627+0000] {dag.py:4180} INFO - Setting next_dagrun for example_params_ui_tutorial to None, run_after=None
[2026-06-29T22:34:06.663+0000] {processor.py:208} INFO - Processing /home/airflow/.local/lib/python3.12/site-packages/airflow/example_dags/example_params_ui_tutorial.py took 0.132 seconds
[2026-06-29T22:34:37.260+0000] {processor.py:186} INFO - Started process (PID=3439) to work on /home/airflow/.local/lib/python3.12/site-packages/airflow/example_dags/example_params_ui_tutorial.py
[2026-06-29T22:34:37.262+0000] {processor.py:914} INFO - Processing file /home/airflow/.local/lib/python3.12/site-packages/airflow/example_dags/example_params_ui_tutorial.py for tasks to queue
[2026-06-29T22:34:37.271+0000] {logging_mixin.py:190} INFO - [2026-06-29T22:34:37.269+0000] {dagbag.py:588} INFO - Filling up the DagBag from /home/airflow/.local/lib/python3.12/site-packages/airflow/example_dags/example_params_ui_tutorial.py
[2026-06-29T22:34:37.294+0000] {processor.py:925} INFO - DAG(s) 'example_params_ui_tutorial' retrieved from /home/airflow/.local/lib/python3.12/site-packages/airflow/example_dags/example_params_ui_tutorial.py
[2026-06-29T22:34:37.387+0000] {logging_mixin.py:190} INFO - [2026-06-29T22:34:37.387+0000] {dag.py:3239} INFO - Sync 1 DAGs
[2026-06-29T22:34:37.413+0000] {logging_mixin.py:190} INFO - [2026-06-29T22:34:37.413+0000] {dag.py:4180} INFO - Setting next_dagrun for example_params_ui_tutorial to None, run_after=None
[2026-06-29T22:34:37.465+0000] {processor.py:208} INFO - Processing /home/airflow/.local/lib/python3.12/site-packages/airflow/example_dags/example_params_ui_tutorial.py took 0.229 seconds
[2026-06-29T22:35:07.674+0000] {processor.py:186} INFO - Started process (PID=3504) to work on /home/airflow/.local/lib/python3.12/site-packages/airflow/example_dags/example_params_ui_tutorial.py
[2026-06-29T22:35:07.676+0000] {processor.py:914} INFO - Processing file /home/airflow/.local/lib/python3.12/site-packages/airflow/example_dags/example_params_ui_tutorial.py for tasks to queue
[2026-06-29T22:35:07.679+0000] {logging_mixin.py:190} INFO - [2026-06-29T22:35:07.679+0000] {dagbag.py:588} INFO - Filling up the DagBag from /home/airflow/.local/lib/python3.12/site-packages/airflow/example_dags/example_params_ui_tutorial.py
[2026-06-29T22:35:07.690+0000] {processor.py:925} INFO - DAG(s) 'example_params_ui_tutorial' retrieved from /home/airflow/.local/lib/python3.12/site-packages/airflow/example_dags/example_params_ui_tutorial.py
[2026-06-29T22:35:07.731+0000] {logging_mixin.py:190} INFO - [2026-06-29T22:35:07.730+0000] {dag.py:3239} INFO - Sync 1 DAGs
[2026-06-29T22:35:07.745+0000] {logging_mixin.py:190} INFO - [2026-06-29T22:35:07.744+0000] {dag.py:4180} INFO - Setting next_dagrun for example_params_ui_tutorial to None, run_after=None
[2026-06-29T22:35:07.765+0000] {processor.py:208} INFO - Processing /home/airflow/.local/lib/python3.12/site-packages/airflow/example_dags/example_params_ui_tutorial.py took 0.100 seconds
[2026-06-29T22:35:37.921+0000] {processor.py:186} INFO - Started process (PID=3568) to work on /home/airflow/.local/lib/python3.12/site-packages/airflow/example_dags/example_params_ui_tutorial.py
[2026-06-29T22:35:37.922+0000] {processor.py:914} INFO - Processing file /home/airflow/.local/lib/python3.12/site-packages/airflow/example_dags/example_params_ui_tutorial.py for tasks to queue
[2026-06-29T22:35:37.926+0000] {logging_mixin.py:190} INFO - [2026-06-29T22:35:37.925+0000] {dagbag.py:588} INFO - Filling up the DagBag from /home/airflow/.local/lib/python3.12/site-packages/airflow/example_dags/example_params_ui_tutorial.py
[2026-06-29T22:35:37.936+0000] {processor.py:925} INFO - DAG(s) 'example_params_ui_tutorial' retrieved from /home/airflow/.local/lib/python3.12/site-packages/airflow/example_dags/example_params_ui_tutorial.py
[2026-06-29T22:35:37.976+0000] {logging_mixin.py:190} INFO - [2026-06-29T22:35:37.976+0000] {dag.py:3239} INFO - Sync 1 DAGs
[2026-06-29T22:35:37.993+0000] {logging_mixin.py:190} INFO - [2026-06-29T22:35:37.993+0000] {dag.py:4180} INFO - Setting next_dagrun for example_params_ui_tutorial to None, run_after=None
[2026-06-29T22:35:38.016+0000] {processor.py:208} INFO - Processing /home/airflow/.local/lib/python3.12/site-packages/airflow/example_dags/example_params_ui_tutorial.py took 0.105 seconds
[2026-06-29T22:36:08.267+0000] {processor.py:186} INFO - Started process (PID=3631) to work on /home/airflow/.local/lib/python3.12/site-packages/airflow/example_dags/example_params_ui_tutorial.py
[2026-06-29T22:36:08.269+0000] {processor.py:914} INFO - Processing file /home/airflow/.local/lib/python3.12/site-packages/airflow/example_dags/example_params_ui_tutorial.py for tasks to queue
[2026-06-29T22:36:08.274+0000] {logging_mixin.py:190} INFO - [2026-06-29T22:36:08.273+0000] {dagbag.py:588} INFO - Filling up the DagBag from /home/airflow/.local/lib/python3.12/site-packages/airflow/example_dags/example_params_ui_tutorial.py
[2026-06-29T22:36:08.289+0000] {processor.py:925} INFO - DAG(s) 'example_params_ui_tutorial' retrieved from /home/airflow/.local/lib/python3.12/site-packages/airflow/example_dags/example_params_ui_tutorial.py
[2026-06-29T22:36:08.339+0000] {logging_mixin.py:190} INFO - [2026-06-29T22:36:08.338+0000] {dag.py:3239} INFO - Sync 1 DAGs
[2026-06-29T22:36:08.358+0000] {logging_mixin.py:190} INFO - [2026-06-29T22:36:08.357+0000] {dag.py:4180} INFO - Setting next_dagrun for example_params_ui_tutorial to None, run_after=None
[2026-06-29T22:36:08.386+0000] {processor.py:208} INFO - Processing /home/airflow/.local/lib/python3.12/site-packages/airflow/example_dags/example_params_ui_tutorial.py took 0.130 seconds
[2026-06-29T22:36:38.579+0000] {processor.py:186} INFO - Started process (PID=3695) to work on /home/airflow/.local/lib/python3.12/site-packages/airflow/example_dags/example_params_ui_tutorial.py
[2026-06-29T22:36:38.580+0000] {processor.py:914} INFO - Processing file /home/airflow/.local/lib/python3.12/site-packages/airflow/example_dags/example_params_ui_tutorial.py for tasks to queue
[2026-06-29T22:36:38.584+0000] {logging_mixin.py:190} INFO - [2026-06-29T22:36:38.583+0000] {dagbag.py:588} INFO - Filling up the DagBag from /home/airflow/.local/lib/python3.12/site-packages/airflow/example_dags/example_params_ui_tutorial.py
[2026-06-29T22:36:38.600+0000] {processor.py:925} INFO - DAG(s) 'example_params_ui_tutorial' retrieved from /home/airflow/.local/lib/python3.12/site-packages/airflow/example_dags/example_params_ui_tutorial.py
[2026-06-29T22:36:38.659+0000] {logging_mixin.py:190} INFO - [2026-06-29T22:36:38.659+0000] {dag.py:3239} INFO - Sync 1 DAGs
[2026-06-29T22:36:38.690+0000] {logging_mixin.py:190} INFO - [2026-06-29T22:36:38.690+0000] {dag.py:4180} INFO - Setting next_dagrun for example_params_ui_tutorial to None, run_after=None
[2026-06-29T22:36:38.739+0000] {processor.py:208} INFO - Processing /home/airflow/.local/lib/python3.12/site-packages/airflow/example_dags/example_params_ui_tutorial.py took 0.175 seconds
[2026-06-29T22:37:08.890+0000] {processor.py:186} INFO - Started process (PID=3759) to work on /home/airflow/.local/lib/python3.12/site-packages/airflow/example_dags/example_params_ui_tutorial.py
[2026-06-29T22:37:08.892+0000] {processor.py:914} INFO - Processing file /home/airflow/.local/lib/python3.12/site-packages/airflow/example_dags/example_params_ui_tutorial.py for tasks to queue
[2026-06-29T22:37:08.896+0000] {logging_mixin.py:190} INFO - [2026-06-29T22:37:08.895+0000] {dagbag.py:588} INFO - Filling up the DagBag from /home/airflow/.local/lib/python3.12/site-packages/airflow/example_dags/example_params_ui_tutorial.py
[2026-06-29T22:37:08.908+0000] {processor.py:925} INFO - DAG(s) 'example_params_ui_tutorial' retrieved from /home/airflow/.local/lib/python3.12/site-packages/airflow/example_dags/example_params_ui_tutorial.py
[2026-06-29T22:37:08.950+0000] {logging_mixin.py:190} INFO - [2026-06-29T22:37:08.949+0000] {dag.py:3239} INFO - Sync 1 DAGs
[2026-06-29T22:37:08.968+0000] {logging_mixin.py:190} INFO - [2026-06-29T22:37:08.967+0000] {dag.py:4180} INFO - Setting next_dagrun for example_params_ui_tutorial to None, run_after=None
[2026-06-29T22:37:08.990+0000] {processor.py:208} INFO - Processing /home/airflow/.local/lib/python3.12/site-packages/airflow/example_dags/example_params_ui_tutorial.py took 0.108 seconds
[2026-06-29T22:37:39.251+0000] {processor.py:186} INFO - Started process (PID=3823) to work on /home/airflow/.local/lib/python3.12/site-packages/airflow/example_dags/example_params_ui_tutorial.py
[2026-06-29T22:37:39.253+0000] {processor.py:914} INFO - Processing file /home/airflow/.local/lib/python3.12/site-packages/airflow/example_dags/example_params_ui_tutorial.py for tasks to queue
[2026-06-29T22:37:39.258+0000] {logging_mixin.py:190} INFO - [2026-06-29T22:37:39.257+0000] {dagbag.py:588} INFO - Filling up the DagBag from /home/airflow/.local/lib/python3.12/site-packages/airflow/example_dags/example_params_ui_tutorial.py
[2026-06-29T22:37:39.272+0000] {processor.py:925} INFO - DAG(s) 'example_params_ui_tutorial' retrieved from /home/airflow/.local/lib/python3.12/site-packages/airflow/example_dags/example_params_ui_tutorial.py
[2026-06-29T22:37:39.337+0000] {logging_mixin.py:190} INFO - [2026-06-29T22:37:39.336+0000] {dag.py:3239} INFO - Sync 1 DAGs
[2026-06-29T22:37:39.356+0000] {logging_mixin.py:190} INFO - [2026-06-29T22:37:39.356+0000] {dag.py:4180} INFO - Setting next_dagrun for example_params_ui_tutorial to None, run_after=None
[2026-06-29T22:37:39.388+0000] {processor.py:208} INFO - Processing /home/airflow/.local/lib/python3.12/site-packages/airflow/example_dags/example_params_ui_tutorial.py took 0.149 seconds
[2026-06-29T22:38:10.290+0000] {processor.py:186} INFO - Started process (PID=3887) to work on /home/airflow/.local/lib/python3.12/site-packages/airflow/example_dags/example_params_ui_tutorial.py
[2026-06-29T22:38:10.292+0000] {processor.py:914} INFO - Processing file /home/airflow/.local/lib/python3.12/site-packages/airflow/example_dags/example_params_ui_tutorial.py for tasks to queue
[2026-06-29T22:38:10.296+0000] {logging_mixin.py:190} INFO - [2026-06-29T22:38:10.295+0000] {dagbag.py:588} INFO - Filling up the DagBag from /home/airflow/.local/lib/python3.12/site-packages/airflow/example_dags/example_params_ui_tutorial.py
[2026-06-29T22:38:10.307+0000] {processor.py:925} INFO - DAG(s) 'example_params_ui_tutorial' retrieved from /home/airflow/.local/lib/python3.12/site-packages/airflow/example_dags/example_params_ui_tutorial.py
[2026-06-29T22:38:10.360+0000] {logging_mixin.py:190} INFO - [2026-06-29T22:38:10.360+0000] {dag.py:3239} INFO - Sync 1 DAGs
[2026-06-29T22:38:10.379+0000] {logging_mixin.py:190} INFO - [2026-06-29T22:38:10.379+0000] {dag.py:4180} INFO - Setting next_dagrun for example_params_ui_tutorial to None, run_after=None
[2026-06-29T22:38:10.417+0000] {processor.py:208} INFO - Processing /home/airflow/.local/lib/python3.12/site-packages/airflow/example_dags/example_params_ui_tutorial.py took 0.139 seconds
[2026-06-29T22:38:40.634+0000] {processor.py:186} INFO - Started process (PID=3950) to work on /home/airflow/.local/lib/python3.12/site-packages/airflow/example_dags/example_params_ui_tutorial.py
[2026-06-29T22:38:40.637+0000] {processor.py:914} INFO - Processing file /home/airflow/.local/lib/python3.12/site-packages/airflow/example_dags/example_params_ui_tutorial.py for tasks to queue
[2026-06-29T22:38:40.641+0000] {logging_mixin.py:190} INFO - [2026-06-29T22:38:40.641+0000] {dagbag.py:588} INFO - Filling up the DagBag from /home/airflow/.local/lib/python3.12/site-packages/airflow/example_dags/example_params_ui_tutorial.py
[2026-06-29T22:38:40.662+0000] {processor.py:925} INFO - DAG(s) 'example_params_ui_tutorial' retrieved from /home/airflow/.local/lib/python3.12/site-packages/airflow/example_dags/example_params_ui_tutorial.py
[2026-06-29T22:38:40.751+0000] {logging_mixin.py:190} INFO - [2026-06-29T22:38:40.750+0000] {dag.py:3239} INFO - Sync 1 DAGs
[2026-06-29T22:38:41.039+0000] {logging_mixin.py:190} INFO - [2026-06-29T22:38:41.038+0000] {dag.py:4180} INFO - Setting next_dagrun for example_params_ui_tutorial to None, run_after=None
[2026-06-29T22:38:41.074+0000] {processor.py:208} INFO - Processing /home/airflow/.local/lib/python3.12/site-packages/airflow/example_dags/example_params_ui_tutorial.py took 0.457 seconds
[2026-06-29T22:39:12.043+0000] {processor.py:186} INFO - Started process (PID=4013) to work on /home/airflow/.local/lib/python3.12/site-packages/airflow/example_dags/example_params_ui_tutorial.py
[2026-06-29T22:39:12.045+0000] {processor.py:914} INFO - Processing file /home/airflow/.local/lib/python3.12/site-packages/airflow/example_dags/example_params_ui_tutorial.py for tasks to queue
[2026-06-29T22:39:12.050+0000] {logging_mixin.py:190} INFO - [2026-06-29T22:39:12.050+0000] {dagbag.py:588} INFO - Filling up the DagBag from /home/airflow/.local/lib/python3.12/site-packages/airflow/example_dags/example_params_ui_tutorial.py
[2026-06-29T22:39:12.074+0000] {processor.py:925} INFO - DAG(s) 'example_params_ui_tutorial' retrieved from /home/airflow/.local/lib/python3.12/site-packages/airflow/example_dags/example_params_ui_tutorial.py
[2026-06-29T22:39:12.146+0000] {logging_mixin.py:190} INFO - [2026-06-29T22:39:12.145+0000] {dag.py:3239} INFO - Sync 1 DAGs
[2026-06-29T22:39:12.172+0000] {logging_mixin.py:190} INFO - [2026-06-29T22:39:12.171+0000] {dag.py:4180} INFO - Setting next_dagrun for example_params_ui_tutorial to None, run_after=None
[2026-06-29T22:39:12.203+0000] {processor.py:208} INFO - Processing /home/airflow/.local/lib/python3.12/site-packages/airflow/example_dags/example_params_ui_tutorial.py took 0.174 seconds
[2026-06-29T22:39:42.406+0000] {processor.py:186} INFO - Started process (PID=4077) to work on /home/airflow/.local/lib/python3.12/site-packages/airflow/example_dags/example_params_ui_tutorial.py
[2026-06-29T22:39:42.407+0000] {processor.py:914} INFO - Processing file /home/airflow/.local/lib/python3.12/site-packages/airflow/example_dags/example_params_ui_tutorial.py for tasks to queue
[2026-06-29T22:39:42.411+0000] {logging_mixin.py:190} INFO - [2026-06-29T22:39:42.410+0000] {dagbag.py:588} INFO - Filling up the DagBag from /home/airflow/.local/lib/python3.12/site-packages/airflow/example_dags/example_params_ui_tutorial.py
[2026-06-29T22:39:42.424+0000] {processor.py:925} INFO - DAG(s) 'example_params_ui_tutorial' retrieved from /home/airflow/.local/lib/python3.12/site-packages/airflow/example_dags/example_params_ui_tutorial.py
[2026-06-29T22:39:42.468+0000] {logging_mixin.py:190} INFO - [2026-06-29T22:39:42.468+0000] {dag.py:3239} INFO - Sync 1 DAGs
[2026-06-29T22:39:42.484+0000] {logging_mixin.py:190} INFO - [2026-06-29T22:39:42.483+0000] {dag.py:4180} INFO - Setting next_dagrun for example_params_ui_tutorial to None, run_after=None
[2026-06-29T22:39:42.508+0000] {processor.py:208} INFO - Processing /home/airflow/.local/lib/python3.12/site-packages/airflow/example_dags/example_params_ui_tutorial.py took 0.116 seconds
[2026-06-29T22:41:20.578+0000] {processor.py:186} INFO - Started process (PID=85) to work on /home/airflow/.local/lib/python3.12/site-packages/airflow/example_dags/example_params_ui_tutorial.py
[2026-06-29T22:41:20.582+0000] {processor.py:914} INFO - Processing file /home/airflow/.local/lib/python3.12/site-packages/airflow/example_dags/example_params_ui_tutorial.py for tasks to queue
[2026-06-29T22:41:20.592+0000] {logging_mixin.py:190} INFO - [2026-06-29T22:41:20.590+0000] {dagbag.py:588} INFO - Filling up the DagBag from /home/airflow/.local/lib/python3.12/site-packages/airflow/example_dags/example_params_ui_tutorial.py
[2026-06-29T22:41:20.684+0000] {processor.py:925} INFO - DAG(s) 'example_params_ui_tutorial' retrieved from /home/airflow/.local/lib/python3.12/site-packages/airflow/example_dags/example_params_ui_tutorial.py
[2026-06-29T22:41:20.948+0000] {logging_mixin.py:190} INFO - [2026-06-29T22:41:20.947+0000] {dag.py:3239} INFO - Sync 1 DAGs
[2026-06-29T22:41:20.997+0000] {logging_mixin.py:190} INFO - [2026-06-29T22:41:20.996+0000] {dag.py:4180} INFO - Setting next_dagrun for example_params_ui_tutorial to None, run_after=None
[2026-06-29T22:41:21.074+0000] {processor.py:208} INFO - Processing /home/airflow/.local/lib/python3.12/site-packages/airflow/example_dags/example_params_ui_tutorial.py took 0.514 seconds
[2026-06-29T22:41:51.731+0000] {processor.py:186} INFO - Started process (PID=149) to work on /home/airflow/.local/lib/python3.12/site-packages/airflow/example_dags/example_params_ui_tutorial.py
[2026-06-29T22:41:51.742+0000] {processor.py:914} INFO - Processing file /home/airflow/.local/lib/python3.12/site-packages/airflow/example_dags/example_params_ui_tutorial.py for tasks to queue
[2026-06-29T22:41:51.771+0000] {logging_mixin.py:190} INFO - [2026-06-29T22:41:51.760+0000] {dagbag.py:588} INFO - Filling up the DagBag from /home/airflow/.local/lib/python3.12/site-packages/airflow/example_dags/example_params_ui_tutorial.py
[2026-06-29T22:41:51.806+0000] {processor.py:925} INFO - DAG(s) 'example_params_ui_tutorial' retrieved from /home/airflow/.local/lib/python3.12/site-packages/airflow/example_dags/example_params_ui_tutorial.py
[2026-06-29T22:41:51.946+0000] {logging_mixin.py:190} INFO - [2026-06-29T22:41:51.946+0000] {dag.py:3239} INFO - Sync 1 DAGs
[2026-06-29T22:41:51.985+0000] {logging_mixin.py:190} INFO - [2026-06-29T22:41:51.984+0000] {dag.py:4180} INFO - Setting next_dagrun for example_params_ui_tutorial to None, run_after=None
[2026-06-29T22:41:52.106+0000] {processor.py:208} INFO - Processing /home/airflow/.local/lib/python3.12/site-packages/airflow/example_dags/example_params_ui_tutorial.py took 0.386 seconds
[2026-06-29T22:42:22.828+0000] {processor.py:186} INFO - Started process (PID=213) to work on /home/airflow/.local/lib/python3.12/site-packages/airflow/example_dags/example_params_ui_tutorial.py
[2026-06-29T22:42:22.831+0000] {processor.py:914} INFO - Processing file /home/airflow/.local/lib/python3.12/site-packages/airflow/example_dags/example_params_ui_tutorial.py for tasks to queue
[2026-06-29T22:42:22.836+0000] {logging_mixin.py:190} INFO - [2026-06-29T22:42:22.835+0000] {dagbag.py:588} INFO - Filling up the DagBag from /home/airflow/.local/lib/python3.12/site-packages/airflow/example_dags/example_params_ui_tutorial.py
[2026-06-29T22:42:22.848+0000] {processor.py:925} INFO - DAG(s) 'example_params_ui_tutorial' retrieved from /home/airflow/.local/lib/python3.12/site-packages/airflow/example_dags/example_params_ui_tutorial.py
[2026-06-29T22:42:22.889+0000] {logging_mixin.py:190} INFO - [2026-06-29T22:42:22.889+0000] {dag.py:3239} INFO - Sync 1 DAGs
[2026-06-29T22:42:22.907+0000] {logging_mixin.py:190} INFO - [2026-06-29T22:42:22.907+0000] {dag.py:4180} INFO - Setting next_dagrun for example_params_ui_tutorial to None, run_after=None
[2026-06-29T22:42:22.930+0000] {processor.py:208} INFO - Processing /home/airflow/.local/lib/python3.12/site-packages/airflow/example_dags/example_params_ui_tutorial.py took 0.116 seconds
[2026-06-29T22:42:53.521+0000] {processor.py:186} INFO - Started process (PID=277) to work on /home/airflow/.local/lib/python3.12/site-packages/airflow/example_dags/example_params_ui_tutorial.py
[2026-06-29T22:42:53.522+0000] {processor.py:914} INFO - Processing file /home/airflow/.local/lib/python3.12/site-packages/airflow/example_dags/example_params_ui_tutorial.py for tasks to queue
[2026-06-29T22:42:53.526+0000] {logging_mixin.py:190} INFO - [2026-06-29T22:42:53.525+0000] {dagbag.py:588} INFO - Filling up the DagBag from /home/airflow/.local/lib/python3.12/site-packages/airflow/example_dags/example_params_ui_tutorial.py
[2026-06-29T22:42:53.535+0000] {processor.py:925} INFO - DAG(s) 'example_params_ui_tutorial' retrieved from /home/airflow/.local/lib/python3.12/site-packages/airflow/example_dags/example_params_ui_tutorial.py
[2026-06-29T22:42:53.572+0000] {logging_mixin.py:190} INFO - [2026-06-29T22:42:53.571+0000] {dag.py:3239} INFO - Sync 1 DAGs
[2026-06-29T22:42:53.587+0000] {logging_mixin.py:190} INFO - [2026-06-29T22:42:53.587+0000] {dag.py:4180} INFO - Setting next_dagrun for example_params_ui_tutorial to None, run_after=None
[2026-06-29T22:42:53.609+0000] {processor.py:208} INFO - Processing /home/airflow/.local/lib/python3.12/site-packages/airflow/example_dags/example_params_ui_tutorial.py took 0.094 seconds
[2026-06-29T22:43:23.843+0000] {processor.py:186} INFO - Started process (PID=341) to work on /home/airflow/.local/lib/python3.12/site-packages/airflow/example_dags/example_params_ui_tutorial.py
[2026-06-29T22:43:23.846+0000] {processor.py:914} INFO - Processing file /home/airflow/.local/lib/python3.12/site-packages/airflow/example_dags/example_params_ui_tutorial.py for tasks to queue
[2026-06-29T22:43:23.849+0000] {logging_mixin.py:190} INFO - [2026-06-29T22:43:23.849+0000] {dagbag.py:588} INFO - Filling up the DagBag from /home/airflow/.local/lib/python3.12/site-packages/airflow/example_dags/example_params_ui_tutorial.py
[2026-06-29T22:43:23.859+0000] {processor.py:925} INFO - DAG(s) 'example_params_ui_tutorial' retrieved from /home/airflow/.local/lib/python3.12/site-packages/airflow/example_dags/example_params_ui_tutorial.py
[2026-06-29T22:43:23.898+0000] {logging_mixin.py:190} INFO - [2026-06-29T22:43:23.898+0000] {dag.py:3239} INFO - Sync 1 DAGs
[2026-06-29T22:43:23.912+0000] {logging_mixin.py:190} INFO - [2026-06-29T22:43:23.912+0000] {dag.py:4180} INFO - Setting next_dagrun for example_params_ui_tutorial to None, run_after=None
[2026-06-29T22:43:23.934+0000] {processor.py:208} INFO - Processing /home/airflow/.local/lib/python3.12/site-packages/airflow/example_dags/example_params_ui_tutorial.py took 0.100 seconds
[2026-06-29T22:43:54.186+0000] {processor.py:186} INFO - Started process (PID=406) to work on /home/airflow/.local/lib/python3.12/site-packages/airflow/example_dags/example_params_ui_tutorial.py
[2026-06-29T22:43:54.188+0000] {processor.py:914} INFO - Processing file /home/airflow/.local/lib/python3.12/site-packages/airflow/example_dags/example_params_ui_tutorial.py for tasks to queue
[2026-06-29T22:43:54.195+0000] {logging_mixin.py:190} INFO - [2026-06-29T22:43:54.194+0000] {dagbag.py:588} INFO - Filling up the DagBag from /home/airflow/.local/lib/python3.12/site-packages/airflow/example_dags/example_params_ui_tutorial.py
[2026-06-29T22:43:54.219+0000] {processor.py:925} INFO - DAG(s) 'example_params_ui_tutorial' retrieved from /home/airflow/.local/lib/python3.12/site-packages/airflow/example_dags/example_params_ui_tutorial.py
[2026-06-29T22:43:54.487+0000] {logging_mixin.py:190} INFO - [2026-06-29T22:43:54.486+0000] {dag.py:3239} INFO - Sync 1 DAGs
[2026-06-29T22:43:54.545+0000] {logging_mixin.py:190} INFO - [2026-06-29T22:43:54.544+0000] {dag.py:4180} INFO - Setting next_dagrun for example_params_ui_tutorial to None, run_after=None
[2026-06-29T22:43:54.624+0000] {processor.py:208} INFO - Processing /home/airflow/.local/lib/python3.12/site-packages/airflow/example_dags/example_params_ui_tutorial.py took 0.452 seconds
[2026-06-29T22:44:25.552+0000] {processor.py:186} INFO - Started process (PID=470) to work on /home/airflow/.local/lib/python3.12/site-packages/airflow/example_dags/example_params_ui_tutorial.py
[2026-06-29T22:44:25.554+0000] {processor.py:914} INFO - Processing file /home/airflow/.local/lib/python3.12/site-packages/airflow/example_dags/example_params_ui_tutorial.py for tasks to queue
[2026-06-29T22:44:25.559+0000] {logging_mixin.py:190} INFO - [2026-06-29T22:44:25.558+0000] {dagbag.py:588} INFO - Filling up the DagBag from /home/airflow/.local/lib/python3.12/site-packages/airflow/example_dags/example_params_ui_tutorial.py
[2026-06-29T22:44:25.576+0000] {processor.py:925} INFO - DAG(s) 'example_params_ui_tutorial' retrieved from /home/airflow/.local/lib/python3.12/site-packages/airflow/example_dags/example_params_ui_tutorial.py
[2026-06-29T22:44:25.658+0000] {logging_mixin.py:190} INFO - [2026-06-29T22:44:25.658+0000] {dag.py:3239} INFO - Sync 1 DAGs
[2026-06-29T22:44:25.683+0000] {logging_mixin.py:190} INFO - [2026-06-29T22:44:25.683+0000] {dag.py:4180} INFO - Setting next_dagrun for example_params_ui_tutorial to None, run_after=None
[2026-06-29T22:44:25.722+0000] {processor.py:208} INFO - Processing /home/airflow/.local/lib/python3.12/site-packages/airflow/example_dags/example_params_ui_tutorial.py took 0.189 seconds
[2026-06-29T22:44:56.411+0000] {processor.py:186} INFO - Started process (PID=535) to work on /home/airflow/.local/lib/python3.12/site-packages/airflow/example_dags/example_params_ui_tutorial.py
[2026-06-29T22:44:56.414+0000] {processor.py:914} INFO - Processing file /home/airflow/.local/lib/python3.12/site-packages/airflow/example_dags/example_params_ui_tutorial.py for tasks to queue
[2026-06-29T22:44:56.423+0000] {logging_mixin.py:190} INFO - [2026-06-29T22:44:56.422+0000] {dagbag.py:588} INFO - Filling up the DagBag from /home/airflow/.local/lib/python3.12/site-packages/airflow/example_dags/example_params_ui_tutorial.py
[2026-06-29T22:44:56.453+0000] {processor.py:925} INFO - DAG(s) 'example_params_ui_tutorial' retrieved from /home/airflow/.local/lib/python3.12/site-packages/airflow/example_dags/example_params_ui_tutorial.py
[2026-06-29T22:44:56.584+0000] {logging_mixin.py:190} INFO - [2026-06-29T22:44:56.583+0000] {dag.py:3239} INFO - Sync 1 DAGs
[2026-06-29T22:44:56.634+0000] {logging_mixin.py:190} INFO - [2026-06-29T22:44:56.633+0000] {dag.py:4180} INFO - Setting next_dagrun for example_params_ui_tutorial to None, run_after=None
[2026-06-29T22:44:56.745+0000] {processor.py:208} INFO - Processing /home/airflow/.local/lib/python3.12/site-packages/airflow/example_dags/example_params_ui_tutorial.py took 0.354 seconds
[2026-06-29T22:45:26.969+0000] {processor.py:186} INFO - Started process (PID=599) to work on /home/airflow/.local/lib/python3.12/site-packages/airflow/example_dags/example_params_ui_tutorial.py
[2026-06-29T22:45:26.971+0000] {processor.py:914} INFO - Processing file /home/airflow/.local/lib/python3.12/site-packages/airflow/example_dags/example_params_ui_tutorial.py for tasks to queue
[2026-06-29T22:45:26.975+0000] {logging_mixin.py:190} INFO - [2026-06-29T22:45:26.975+0000] {dagbag.py:588} INFO - Filling up the DagBag from /home/airflow/.local/lib/python3.12/site-packages/airflow/example_dags/example_params_ui_tutorial.py
[2026-06-29T22:45:26.986+0000] {processor.py:925} INFO - DAG(s) 'example_params_ui_tutorial' retrieved from /home/airflow/.local/lib/python3.12/site-packages/airflow/example_dags/example_params_ui_tutorial.py
[2026-06-29T22:45:27.031+0000] {logging_mixin.py:190} INFO - [2026-06-29T22:45:27.031+0000] {dag.py:3239} INFO - Sync 1 DAGs
[2026-06-29T22:45:27.048+0000] {logging_mixin.py:190} INFO - [2026-06-29T22:45:27.048+0000] {dag.py:4180} INFO - Setting next_dagrun for example_params_ui_tutorial to None, run_after=None
[2026-06-29T22:45:27.079+0000] {processor.py:208} INFO - Processing /home/airflow/.local/lib/python3.12/site-packages/airflow/example_dags/example_params_ui_tutorial.py took 0.118 seconds
[2026-06-29T22:45:57.365+0000] {processor.py:186} INFO - Started process (PID=663) to work on /home/airflow/.local/lib/python3.12/site-packages/airflow/example_dags/example_params_ui_tutorial.py
[2026-06-29T22:45:57.368+0000] {processor.py:914} INFO - Processing file /home/airflow/.local/lib/python3.12/site-packages/airflow/example_dags/example_params_ui_tutorial.py for tasks to queue
[2026-06-29T22:45:57.373+0000] {logging_mixin.py:190} INFO - [2026-06-29T22:45:57.373+0000] {dagbag.py:588} INFO - Filling up the DagBag from /home/airflow/.local/lib/python3.12/site-packages/airflow/example_dags/example_params_ui_tutorial.py
[2026-06-29T22:45:57.392+0000] {processor.py:925} INFO - DAG(s) 'example_params_ui_tutorial' retrieved from /home/airflow/.local/lib/python3.12/site-packages/airflow/example_dags/example_params_ui_tutorial.py
[2026-06-29T22:45:57.451+0000] {logging_mixin.py:190} INFO - [2026-06-29T22:45:57.451+0000] {dag.py:3239} INFO - Sync 1 DAGs
[2026-06-29T22:45:57.475+0000] {logging_mixin.py:190} INFO - [2026-06-29T22:45:57.475+0000] {dag.py:4180} INFO - Setting next_dagrun for example_params_ui_tutorial to None, run_after=None
[2026-06-29T22:45:57.510+0000] {processor.py:208} INFO - Processing /home/airflow/.local/lib/python3.12/site-packages/airflow/example_dags/example_params_ui_tutorial.py took 0.157 seconds
[2026-06-29T22:46:27.661+0000] {processor.py:186} INFO - Started process (PID=727) to work on /home/airflow/.local/lib/python3.12/site-packages/airflow/example_dags/example_params_ui_tutorial.py
[2026-06-29T22:46:27.663+0000] {processor.py:914} INFO - Processing file /home/airflow/.local/lib/python3.12/site-packages/airflow/example_dags/example_params_ui_tutorial.py for tasks to queue
[2026-06-29T22:46:27.668+0000] {logging_mixin.py:190} INFO - [2026-06-29T22:46:27.668+0000] {dagbag.py:588} INFO - Filling up the DagBag from /home/airflow/.local/lib/python3.12/site-packages/airflow/example_dags/example_params_ui_tutorial.py
[2026-06-29T22:46:27.680+0000] {processor.py:925} INFO - DAG(s) 'example_params_ui_tutorial' retrieved from /home/airflow/.local/lib/python3.12/site-packages/airflow/example_dags/example_params_ui_tutorial.py
[2026-06-29T22:46:27.735+0000] {logging_mixin.py:190} INFO - [2026-06-29T22:46:27.735+0000] {dag.py:3239} INFO - Sync 1 DAGs
[2026-06-29T22:46:27.754+0000] {logging_mixin.py:190} INFO - [2026-06-29T22:46:27.754+0000] {dag.py:4180} INFO - Setting next_dagrun for example_params_ui_tutorial to None, run_after=None
[2026-06-29T22:46:27.781+0000] {processor.py:208} INFO - Processing /home/airflow/.local/lib/python3.12/site-packages/airflow/example_dags/example_params_ui_tutorial.py took 0.126 seconds
[2026-06-29T22:46:58.436+0000] {processor.py:186} INFO - Started process (PID=790) to work on /home/airflow/.local/lib/python3.12/site-packages/airflow/example_dags/example_params_ui_tutorial.py
[2026-06-29T22:46:58.439+0000] {processor.py:914} INFO - Processing file /home/airflow/.local/lib/python3.12/site-packages/airflow/example_dags/example_params_ui_tutorial.py for tasks to queue
[2026-06-29T22:46:58.448+0000] {logging_mixin.py:190} INFO - [2026-06-29T22:46:58.447+0000] {dagbag.py:588} INFO - Filling up the DagBag from /home/airflow/.local/lib/python3.12/site-packages/airflow/example_dags/example_params_ui_tutorial.py
[2026-06-29T22:46:58.461+0000] {processor.py:925} INFO - DAG(s) 'example_params_ui_tutorial' retrieved from /home/airflow/.local/lib/python3.12/site-packages/airflow/example_dags/example_params_ui_tutorial.py
[2026-06-29T22:46:58.559+0000] {logging_mixin.py:190} INFO - [2026-06-29T22:46:58.558+0000] {dag.py:3239} INFO - Sync 1 DAGs
[2026-06-29T22:46:58.601+0000] {logging_mixin.py:190} INFO - [2026-06-29T22:46:58.601+0000] {dag.py:4180} INFO - Setting next_dagrun for example_params_ui_tutorial to None, run_after=None
[2026-06-29T22:46:58.652+0000] {processor.py:208} INFO - Processing /home/airflow/.local/lib/python3.12/site-packages/airflow/example_dags/example_params_ui_tutorial.py took 0.225 seconds
