[2026-06-29T21:57:00.973+0000] {processor.py:186} INFO - Started process (PID=91) to work on /home/airflow/.local/lib/python3.12/site-packages/airflow/example_dags/example_sla_dag.py
[2026-06-29T21:57:00.975+0000] {processor.py:914} INFO - Processing file /home/airflow/.local/lib/python3.12/site-packages/airflow/example_dags/example_sla_dag.py for tasks to queue
[2026-06-29T21:57:00.982+0000] {logging_mixin.py:190} INFO - [2026-06-29T21:57:00.980+0000] {dagbag.py:588} INFO - Filling up the DagBag from /home/airflow/.local/lib/python3.12/site-packages/airflow/example_dags/example_sla_dag.py
[2026-06-29T21:57:01.012+0000] {processor.py:925} INFO - DAG(s) 'example_sla_dag' retrieved from /home/airflow/.local/lib/python3.12/site-packages/airflow/example_dags/example_sla_dag.py
[2026-06-29T21:57:01.208+0000] {logging_mixin.py:190} INFO - [2026-06-29T21:57:01.207+0000] {override.py:1912} INFO - Created Permission View: can edit on DAG:example_sla_dag
[2026-06-29T21:57:01.229+0000] {logging_mixin.py:190} INFO - [2026-06-29T21:57:01.228+0000] {override.py:1912} INFO - Created Permission View: can read on DAG:example_sla_dag
[2026-06-29T21:57:01.246+0000] {logging_mixin.py:190} INFO - [2026-06-29T21:57:01.245+0000] {override.py:1912} INFO - Created Permission View: can delete on DAG:example_sla_dag
[2026-06-29T21:57:01.266+0000] {logging_mixin.py:190} INFO - [2026-06-29T21:57:01.265+0000] {override.py:1912} INFO - Created Permission View: can create on DAG Run:example_sla_dag
[2026-06-29T21:57:01.284+0000] {logging_mixin.py:190} INFO - [2026-06-29T21:57:01.284+0000] {override.py:1912} INFO - Created Permission View: can read on DAG Run:example_sla_dag
[2026-06-29T21:57:01.299+0000] {logging_mixin.py:190} INFO - [2026-06-29T21:57:01.298+0000] {override.py:1912} INFO - Created Permission View: can delete on DAG Run:example_sla_dag
[2026-06-29T21:57:01.316+0000] {logging_mixin.py:190} INFO - [2026-06-29T21:57:01.315+0000] {override.py:1912} INFO - Created Permission View: menu access on DAG Run:example_sla_dag
[2026-06-29T21:57:01.319+0000] {logging_mixin.py:190} INFO - [2026-06-29T21:57:01.318+0000] {dag.py:3239} INFO - Sync 1 DAGs
[2026-06-29T21:57:01.341+0000] {logging_mixin.py:190} INFO - [2026-06-29T21:57:01.341+0000] {dag.py:3262} INFO - Creating ORM DAG for example_sla_dag
[2026-06-29T21:57:01.363+0000] {logging_mixin.py:190} INFO - [2026-06-29T21:57:01.363+0000] {dag.py:4180} INFO - Setting next_dagrun for example_sla_dag to 2026-06-29 21:54:00+00:00, run_after=2026-06-29 21:56:00+00:00
[2026-06-29T21:57:01.397+0000] {processor.py:208} INFO - Processing /home/airflow/.local/lib/python3.12/site-packages/airflow/example_dags/example_sla_dag.py took 0.433 seconds
[2026-06-29T21:59:07.966+0000] {processor.py:186} INFO - Started process (PID=91) to work on /home/airflow/.local/lib/python3.12/site-packages/airflow/example_dags/example_sla_dag.py
[2026-06-29T21:59:07.969+0000] {processor.py:914} INFO - Processing file /home/airflow/.local/lib/python3.12/site-packages/airflow/example_dags/example_sla_dag.py for tasks to queue
[2026-06-29T21:59:07.977+0000] {logging_mixin.py:190} INFO - [2026-06-29T21:59:07.976+0000] {dagbag.py:588} INFO - Filling up the DagBag from /home/airflow/.local/lib/python3.12/site-packages/airflow/example_dags/example_sla_dag.py
[2026-06-29T21:59:08.002+0000] {processor.py:925} INFO - DAG(s) 'example_sla_dag' retrieved from /home/airflow/.local/lib/python3.12/site-packages/airflow/example_dags/example_sla_dag.py
[2026-06-29T21:59:08.128+0000] {logging_mixin.py:190} INFO - [2026-06-29T21:59:08.127+0000] {dag.py:3239} INFO - Sync 1 DAGs
[2026-06-29T21:59:08.234+0000] {logging_mixin.py:190} INFO - [2026-06-29T21:59:08.234+0000] {dag.py:4180} INFO - Setting next_dagrun for example_sla_dag to 2026-06-29 21:56:00+00:00, run_after=2026-06-29 21:58:00+00:00
[2026-06-29T21:59:08.343+0000] {processor.py:208} INFO - Processing /home/airflow/.local/lib/python3.12/site-packages/airflow/example_dags/example_sla_dag.py took 0.398 seconds
[2026-06-29T21:59:39.160+0000] {processor.py:186} INFO - Started process (PID=153) to work on /home/airflow/.local/lib/python3.12/site-packages/airflow/example_dags/example_sla_dag.py
[2026-06-29T21:59:39.162+0000] {processor.py:914} INFO - Processing file /home/airflow/.local/lib/python3.12/site-packages/airflow/example_dags/example_sla_dag.py for tasks to queue
[2026-06-29T21:59:39.165+0000] {logging_mixin.py:190} INFO - [2026-06-29T21:59:39.164+0000] {dagbag.py:588} INFO - Filling up the DagBag from /home/airflow/.local/lib/python3.12/site-packages/airflow/example_dags/example_sla_dag.py
[2026-06-29T21:59:39.174+0000] {processor.py:925} INFO - DAG(s) 'example_sla_dag' retrieved from /home/airflow/.local/lib/python3.12/site-packages/airflow/example_dags/example_sla_dag.py
[2026-06-29T21:59:39.192+0000] {logging_mixin.py:190} INFO - [2026-06-29T21:59:39.192+0000] {dag.py:3239} INFO - Sync 1 DAGs
[2026-06-29T21:59:39.212+0000] {logging_mixin.py:190} INFO - [2026-06-29T21:59:39.212+0000] {dag.py:4180} INFO - Setting next_dagrun for example_sla_dag to 2026-06-29 21:56:00+00:00, run_after=2026-06-29 21:58:00+00:00
[2026-06-29T21:59:39.233+0000] {processor.py:208} INFO - Processing /home/airflow/.local/lib/python3.12/site-packages/airflow/example_dags/example_sla_dag.py took 0.077 seconds
[2026-06-29T22:00:10.216+0000] {processor.py:186} INFO - Started process (PID=216) to work on /home/airflow/.local/lib/python3.12/site-packages/airflow/example_dags/example_sla_dag.py
[2026-06-29T22:00:10.219+0000] {processor.py:914} INFO - Processing file /home/airflow/.local/lib/python3.12/site-packages/airflow/example_dags/example_sla_dag.py for tasks to queue
[2026-06-29T22:00:10.227+0000] {logging_mixin.py:190} INFO - [2026-06-29T22:00:10.226+0000] {dagbag.py:588} INFO - Filling up the DagBag from /home/airflow/.local/lib/python3.12/site-packages/airflow/example_dags/example_sla_dag.py
[2026-06-29T22:00:10.256+0000] {processor.py:925} INFO - DAG(s) 'example_sla_dag' retrieved from /home/airflow/.local/lib/python3.12/site-packages/airflow/example_dags/example_sla_dag.py
[2026-06-29T22:00:10.293+0000] {logging_mixin.py:190} INFO - [2026-06-29T22:00:10.293+0000] {dag.py:3239} INFO - Sync 1 DAGs
[2026-06-29T22:00:10.334+0000] {logging_mixin.py:190} INFO - [2026-06-29T22:00:10.334+0000] {dag.py:4180} INFO - Setting next_dagrun for example_sla_dag to 2026-06-29 21:58:00+00:00, run_after=2026-06-29 22:00:00+00:00
[2026-06-29T22:00:10.382+0000] {processor.py:208} INFO - Processing /home/airflow/.local/lib/python3.12/site-packages/airflow/example_dags/example_sla_dag.py took 0.174 seconds
[2026-06-29T22:00:40.641+0000] {processor.py:186} INFO - Started process (PID=280) to work on /home/airflow/.local/lib/python3.12/site-packages/airflow/example_dags/example_sla_dag.py
[2026-06-29T22:00:40.643+0000] {processor.py:914} INFO - Processing file /home/airflow/.local/lib/python3.12/site-packages/airflow/example_dags/example_sla_dag.py for tasks to queue
[2026-06-29T22:00:40.646+0000] {logging_mixin.py:190} INFO - [2026-06-29T22:00:40.646+0000] {dagbag.py:588} INFO - Filling up the DagBag from /home/airflow/.local/lib/python3.12/site-packages/airflow/example_dags/example_sla_dag.py
[2026-06-29T22:00:40.661+0000] {processor.py:925} INFO - DAG(s) 'example_sla_dag' retrieved from /home/airflow/.local/lib/python3.12/site-packages/airflow/example_dags/example_sla_dag.py
[2026-06-29T22:00:40.683+0000] {logging_mixin.py:190} INFO - [2026-06-29T22:00:40.682+0000] {dag.py:3239} INFO - Sync 1 DAGs
[2026-06-29T22:00:40.710+0000] {logging_mixin.py:190} INFO - [2026-06-29T22:00:40.710+0000] {dag.py:4180} INFO - Setting next_dagrun for example_sla_dag to 2026-06-29 21:58:00+00:00, run_after=2026-06-29 22:00:00+00:00
[2026-06-29T22:00:40.729+0000] {processor.py:208} INFO - Processing /home/airflow/.local/lib/python3.12/site-packages/airflow/example_dags/example_sla_dag.py took 0.094 seconds
[2026-06-29T22:01:11.471+0000] {processor.py:186} INFO - Started process (PID=343) to work on /home/airflow/.local/lib/python3.12/site-packages/airflow/example_dags/example_sla_dag.py
[2026-06-29T22:01:11.473+0000] {processor.py:914} INFO - Processing file /home/airflow/.local/lib/python3.12/site-packages/airflow/example_dags/example_sla_dag.py for tasks to queue
[2026-06-29T22:01:11.477+0000] {logging_mixin.py:190} INFO - [2026-06-29T22:01:11.476+0000] {dagbag.py:588} INFO - Filling up the DagBag from /home/airflow/.local/lib/python3.12/site-packages/airflow/example_dags/example_sla_dag.py
[2026-06-29T22:01:11.487+0000] {processor.py:925} INFO - DAG(s) 'example_sla_dag' retrieved from /home/airflow/.local/lib/python3.12/site-packages/airflow/example_dags/example_sla_dag.py
[2026-06-29T22:01:11.507+0000] {logging_mixin.py:190} INFO - [2026-06-29T22:01:11.507+0000] {dag.py:3239} INFO - Sync 1 DAGs
[2026-06-29T22:01:11.531+0000] {logging_mixin.py:190} INFO - [2026-06-29T22:01:11.531+0000] {dag.py:4180} INFO - Setting next_dagrun for example_sla_dag to 2026-06-29 21:58:00+00:00, run_after=2026-06-29 22:00:00+00:00
[2026-06-29T22:01:11.554+0000] {processor.py:208} INFO - Processing /home/airflow/.local/lib/python3.12/site-packages/airflow/example_dags/example_sla_dag.py took 0.090 seconds
[2026-06-29T22:01:42.319+0000] {processor.py:186} INFO - Started process (PID=406) to work on /home/airflow/.local/lib/python3.12/site-packages/airflow/example_dags/example_sla_dag.py
[2026-06-29T22:01:42.321+0000] {processor.py:914} INFO - Processing file /home/airflow/.local/lib/python3.12/site-packages/airflow/example_dags/example_sla_dag.py for tasks to queue
[2026-06-29T22:01:42.326+0000] {logging_mixin.py:190} INFO - [2026-06-29T22:01:42.325+0000] {dagbag.py:588} INFO - Filling up the DagBag from /home/airflow/.local/lib/python3.12/site-packages/airflow/example_dags/example_sla_dag.py
[2026-06-29T22:01:42.343+0000] {processor.py:925} INFO - DAG(s) 'example_sla_dag' retrieved from /home/airflow/.local/lib/python3.12/site-packages/airflow/example_dags/example_sla_dag.py
[2026-06-29T22:01:42.376+0000] {logging_mixin.py:190} INFO - [2026-06-29T22:01:42.376+0000] {dag.py:3239} INFO - Sync 1 DAGs
[2026-06-29T22:01:42.420+0000] {logging_mixin.py:190} INFO - [2026-06-29T22:01:42.420+0000] {dag.py:4180} INFO - Setting next_dagrun for example_sla_dag to 2026-06-29 21:58:00+00:00, run_after=2026-06-29 22:00:00+00:00
[2026-06-29T22:01:42.451+0000] {processor.py:208} INFO - Processing /home/airflow/.local/lib/python3.12/site-packages/airflow/example_dags/example_sla_dag.py took 0.141 seconds
[2026-06-29T22:02:12.832+0000] {processor.py:186} INFO - Started process (PID=470) to work on /home/airflow/.local/lib/python3.12/site-packages/airflow/example_dags/example_sla_dag.py
[2026-06-29T22:02:12.834+0000] {processor.py:914} INFO - Processing file /home/airflow/.local/lib/python3.12/site-packages/airflow/example_dags/example_sla_dag.py for tasks to queue
[2026-06-29T22:02:12.844+0000] {logging_mixin.py:190} INFO - [2026-06-29T22:02:12.842+0000] {dagbag.py:588} INFO - Filling up the DagBag from /home/airflow/.local/lib/python3.12/site-packages/airflow/example_dags/example_sla_dag.py
[2026-06-29T22:02:12.864+0000] {processor.py:925} INFO - DAG(s) 'example_sla_dag' retrieved from /home/airflow/.local/lib/python3.12/site-packages/airflow/example_dags/example_sla_dag.py
[2026-06-29T22:02:12.909+0000] {logging_mixin.py:190} INFO - [2026-06-29T22:02:12.908+0000] {dag.py:3239} INFO - Sync 1 DAGs
[2026-06-29T22:02:12.962+0000] {logging_mixin.py:190} INFO - [2026-06-29T22:02:12.961+0000] {dag.py:4180} INFO - Setting next_dagrun for example_sla_dag to 2026-06-29 22:00:00+00:00, run_after=2026-06-29 22:02:00+00:00
[2026-06-29T22:02:13.014+0000] {processor.py:208} INFO - Processing /home/airflow/.local/lib/python3.12/site-packages/airflow/example_dags/example_sla_dag.py took 0.197 seconds
[2026-06-29T22:02:45.386+0000] {processor.py:186} INFO - Started process (PID=533) to work on /home/airflow/.local/lib/python3.12/site-packages/airflow/example_dags/example_sla_dag.py
[2026-06-29T22:02:45.390+0000] {processor.py:914} INFO - Processing file /home/airflow/.local/lib/python3.12/site-packages/airflow/example_dags/example_sla_dag.py for tasks to queue
[2026-06-29T22:02:45.398+0000] {logging_mixin.py:190} INFO - [2026-06-29T22:02:45.397+0000] {dagbag.py:588} INFO - Filling up the DagBag from /home/airflow/.local/lib/python3.12/site-packages/airflow/example_dags/example_sla_dag.py
[2026-06-29T22:02:45.433+0000] {processor.py:925} INFO - DAG(s) 'example_sla_dag' retrieved from /home/airflow/.local/lib/python3.12/site-packages/airflow/example_dags/example_sla_dag.py
[2026-06-29T22:02:45.537+0000] {logging_mixin.py:190} INFO - [2026-06-29T22:02:45.533+0000] {dag.py:3239} INFO - Sync 1 DAGs
[2026-06-29T22:02:45.693+0000] {logging_mixin.py:190} INFO - [2026-06-29T22:02:45.693+0000] {dag.py:4180} INFO - Setting next_dagrun for example_sla_dag to 2026-06-29 22:00:00+00:00, run_after=2026-06-29 22:02:00+00:00
[2026-06-29T22:02:45.826+0000] {processor.py:208} INFO - Processing /home/airflow/.local/lib/python3.12/site-packages/airflow/example_dags/example_sla_dag.py took 0.460 seconds
[2026-06-29T22:03:16.689+0000] {processor.py:186} INFO - Started process (PID=597) to work on /home/airflow/.local/lib/python3.12/site-packages/airflow/example_dags/example_sla_dag.py
[2026-06-29T22:03:16.691+0000] {processor.py:914} INFO - Processing file /home/airflow/.local/lib/python3.12/site-packages/airflow/example_dags/example_sla_dag.py for tasks to queue
[2026-06-29T22:03:16.695+0000] {logging_mixin.py:190} INFO - [2026-06-29T22:03:16.695+0000] {dagbag.py:588} INFO - Filling up the DagBag from /home/airflow/.local/lib/python3.12/site-packages/airflow/example_dags/example_sla_dag.py
[2026-06-29T22:03:16.712+0000] {processor.py:925} INFO - DAG(s) 'example_sla_dag' retrieved from /home/airflow/.local/lib/python3.12/site-packages/airflow/example_dags/example_sla_dag.py
[2026-06-29T22:03:16.752+0000] {logging_mixin.py:190} INFO - [2026-06-29T22:03:16.752+0000] {dag.py:3239} INFO - Sync 1 DAGs
[2026-06-29T22:03:16.801+0000] {logging_mixin.py:190} INFO - [2026-06-29T22:03:16.801+0000] {dag.py:4180} INFO - Setting next_dagrun for example_sla_dag to 2026-06-29 22:00:00+00:00, run_after=2026-06-29 22:02:00+00:00
[2026-06-29T22:03:16.836+0000] {processor.py:208} INFO - Processing /home/airflow/.local/lib/python3.12/site-packages/airflow/example_dags/example_sla_dag.py took 0.156 seconds
[2026-06-29T22:03:47.608+0000] {processor.py:186} INFO - Started process (PID=659) to work on /home/airflow/.local/lib/python3.12/site-packages/airflow/example_dags/example_sla_dag.py
[2026-06-29T22:03:47.611+0000] {processor.py:914} INFO - Processing file /home/airflow/.local/lib/python3.12/site-packages/airflow/example_dags/example_sla_dag.py for tasks to queue
[2026-06-29T22:03:47.624+0000] {logging_mixin.py:190} INFO - [2026-06-29T22:03:47.623+0000] {dagbag.py:588} INFO - Filling up the DagBag from /home/airflow/.local/lib/python3.12/site-packages/airflow/example_dags/example_sla_dag.py
[2026-06-29T22:03:47.653+0000] {processor.py:925} INFO - DAG(s) 'example_sla_dag' retrieved from /home/airflow/.local/lib/python3.12/site-packages/airflow/example_dags/example_sla_dag.py
[2026-06-29T22:03:47.718+0000] {logging_mixin.py:190} INFO - [2026-06-29T22:03:47.717+0000] {dag.py:3239} INFO - Sync 1 DAGs
[2026-06-29T22:03:47.824+0000] {logging_mixin.py:190} INFO - [2026-06-29T22:03:47.824+0000] {dag.py:4180} INFO - Setting next_dagrun for example_sla_dag to 2026-06-29 22:00:00+00:00, run_after=2026-06-29 22:02:00+00:00
[2026-06-29T22:03:47.880+0000] {processor.py:208} INFO - Processing /home/airflow/.local/lib/python3.12/site-packages/airflow/example_dags/example_sla_dag.py took 0.287 seconds
[2026-06-29T22:04:18.192+0000] {processor.py:186} INFO - Started process (PID=723) to work on /home/airflow/.local/lib/python3.12/site-packages/airflow/example_dags/example_sla_dag.py
[2026-06-29T22:04:18.195+0000] {processor.py:914} INFO - Processing file /home/airflow/.local/lib/python3.12/site-packages/airflow/example_dags/example_sla_dag.py for tasks to queue
[2026-06-29T22:04:18.205+0000] {logging_mixin.py:190} INFO - [2026-06-29T22:04:18.205+0000] {dagbag.py:588} INFO - Filling up the DagBag from /home/airflow/.local/lib/python3.12/site-packages/airflow/example_dags/example_sla_dag.py
[2026-06-29T22:04:18.246+0000] {processor.py:925} INFO - DAG(s) 'example_sla_dag' retrieved from /home/airflow/.local/lib/python3.12/site-packages/airflow/example_dags/example_sla_dag.py
[2026-06-29T22:04:18.302+0000] {logging_mixin.py:190} INFO - [2026-06-29T22:04:18.302+0000] {dag.py:3239} INFO - Sync 1 DAGs
[2026-06-29T22:04:18.368+0000] {logging_mixin.py:190} INFO - [2026-06-29T22:04:18.368+0000] {dag.py:4180} INFO - Setting next_dagrun for example_sla_dag to 2026-06-29 22:02:00+00:00, run_after=2026-06-29 22:04:00+00:00
[2026-06-29T22:04:18.472+0000] {processor.py:208} INFO - Processing /home/airflow/.local/lib/python3.12/site-packages/airflow/example_dags/example_sla_dag.py took 0.288 seconds
[2026-06-29T22:04:52.727+0000] {processor.py:186} INFO - Started process (PID=786) to work on /home/airflow/.local/lib/python3.12/site-packages/airflow/example_dags/example_sla_dag.py
[2026-06-29T22:04:52.767+0000] {processor.py:914} INFO - Processing file /home/airflow/.local/lib/python3.12/site-packages/airflow/example_dags/example_sla_dag.py for tasks to queue
[2026-06-29T22:04:52.786+0000] {logging_mixin.py:190} INFO - [2026-06-29T22:04:52.786+0000] {dagbag.py:588} INFO - Filling up the DagBag from /home/airflow/.local/lib/python3.12/site-packages/airflow/example_dags/example_sla_dag.py
[2026-06-29T22:04:52.824+0000] {processor.py:925} INFO - DAG(s) 'example_sla_dag' retrieved from /home/airflow/.local/lib/python3.12/site-packages/airflow/example_dags/example_sla_dag.py
[2026-06-29T22:04:52.914+0000] {logging_mixin.py:190} INFO - [2026-06-29T22:04:52.914+0000] {dag.py:3239} INFO - Sync 1 DAGs
[2026-06-29T22:04:53.003+0000] {logging_mixin.py:190} INFO - [2026-06-29T22:04:53.003+0000] {dag.py:4180} INFO - Setting next_dagrun for example_sla_dag to 2026-06-29 22:02:00+00:00, run_after=2026-06-29 22:04:00+00:00
[2026-06-29T22:04:53.093+0000] {processor.py:208} INFO - Processing /home/airflow/.local/lib/python3.12/site-packages/airflow/example_dags/example_sla_dag.py took 0.393 seconds
[2026-06-29T22:05:23.620+0000] {processor.py:186} INFO - Started process (PID=849) to work on /home/airflow/.local/lib/python3.12/site-packages/airflow/example_dags/example_sla_dag.py
[2026-06-29T22:05:23.622+0000] {processor.py:914} INFO - Processing file /home/airflow/.local/lib/python3.12/site-packages/airflow/example_dags/example_sla_dag.py for tasks to queue
[2026-06-29T22:05:23.626+0000] {logging_mixin.py:190} INFO - [2026-06-29T22:05:23.626+0000] {dagbag.py:588} INFO - Filling up the DagBag from /home/airflow/.local/lib/python3.12/site-packages/airflow/example_dags/example_sla_dag.py
[2026-06-29T22:05:23.639+0000] {processor.py:925} INFO - DAG(s) 'example_sla_dag' retrieved from /home/airflow/.local/lib/python3.12/site-packages/airflow/example_dags/example_sla_dag.py
[2026-06-29T22:05:23.667+0000] {logging_mixin.py:190} INFO - [2026-06-29T22:05:23.667+0000] {dag.py:3239} INFO - Sync 1 DAGs
[2026-06-29T22:05:23.707+0000] {logging_mixin.py:190} INFO - [2026-06-29T22:05:23.707+0000] {dag.py:4180} INFO - Setting next_dagrun for example_sla_dag to 2026-06-29 22:02:00+00:00, run_after=2026-06-29 22:04:00+00:00
[2026-06-29T22:05:23.732+0000] {processor.py:208} INFO - Processing /home/airflow/.local/lib/python3.12/site-packages/airflow/example_dags/example_sla_dag.py took 0.118 seconds
[2026-06-29T22:05:54.302+0000] {processor.py:186} INFO - Started process (PID=914) to work on /home/airflow/.local/lib/python3.12/site-packages/airflow/example_dags/example_sla_dag.py
[2026-06-29T22:05:54.304+0000] {processor.py:914} INFO - Processing file /home/airflow/.local/lib/python3.12/site-packages/airflow/example_dags/example_sla_dag.py for tasks to queue
[2026-06-29T22:05:54.308+0000] {logging_mixin.py:190} INFO - [2026-06-29T22:05:54.307+0000] {dagbag.py:588} INFO - Filling up the DagBag from /home/airflow/.local/lib/python3.12/site-packages/airflow/example_dags/example_sla_dag.py
[2026-06-29T22:05:54.325+0000] {processor.py:925} INFO - DAG(s) 'example_sla_dag' retrieved from /home/airflow/.local/lib/python3.12/site-packages/airflow/example_dags/example_sla_dag.py
[2026-06-29T22:05:54.351+0000] {logging_mixin.py:190} INFO - [2026-06-29T22:05:54.351+0000] {dag.py:3239} INFO - Sync 1 DAGs
[2026-06-29T22:05:54.391+0000] {logging_mixin.py:190} INFO - [2026-06-29T22:05:54.391+0000] {dag.py:4180} INFO - Setting next_dagrun for example_sla_dag to 2026-06-29 22:02:00+00:00, run_after=2026-06-29 22:04:00+00:00
[2026-06-29T22:05:54.418+0000] {processor.py:208} INFO - Processing /home/airflow/.local/lib/python3.12/site-packages/airflow/example_dags/example_sla_dag.py took 0.124 seconds
[2026-06-29T22:08:21.545+0000] {processor.py:186} INFO - Started process (PID=99) to work on /home/airflow/.local/lib/python3.12/site-packages/airflow/example_dags/example_sla_dag.py
[2026-06-29T22:08:21.547+0000] {processor.py:914} INFO - Processing file /home/airflow/.local/lib/python3.12/site-packages/airflow/example_dags/example_sla_dag.py for tasks to queue
[2026-06-29T22:08:21.558+0000] {logging_mixin.py:190} INFO - [2026-06-29T22:08:21.557+0000] {dagbag.py:588} INFO - Filling up the DagBag from /home/airflow/.local/lib/python3.12/site-packages/airflow/example_dags/example_sla_dag.py
[2026-06-29T22:08:21.595+0000] {processor.py:925} INFO - DAG(s) 'example_sla_dag' retrieved from /home/airflow/.local/lib/python3.12/site-packages/airflow/example_dags/example_sla_dag.py
[2026-06-29T22:08:21.667+0000] {logging_mixin.py:190} INFO - [2026-06-29T22:08:21.666+0000] {dag.py:3239} INFO - Sync 1 DAGs
[2026-06-29T22:08:21.735+0000] {logging_mixin.py:190} INFO - [2026-06-29T22:08:21.735+0000] {dag.py:4180} INFO - Setting next_dagrun for example_sla_dag to 2026-06-29 22:06:00+00:00, run_after=2026-06-29 22:08:00+00:00
[2026-06-29T22:08:21.787+0000] {processor.py:208} INFO - Processing /home/airflow/.local/lib/python3.12/site-packages/airflow/example_dags/example_sla_dag.py took 0.253 seconds
[2026-06-29T22:08:58.110+0000] {processor.py:186} INFO - Started process (PID=163) to work on /home/airflow/.local/lib/python3.12/site-packages/airflow/example_dags/example_sla_dag.py
[2026-06-29T22:08:58.121+0000] {processor.py:914} INFO - Processing file /home/airflow/.local/lib/python3.12/site-packages/airflow/example_dags/example_sla_dag.py for tasks to queue
[2026-06-29T22:08:58.132+0000] {logging_mixin.py:190} INFO - [2026-06-29T22:08:58.132+0000] {dagbag.py:588} INFO - Filling up the DagBag from /home/airflow/.local/lib/python3.12/site-packages/airflow/example_dags/example_sla_dag.py
[2026-06-29T22:08:58.156+0000] {processor.py:925} INFO - DAG(s) 'example_sla_dag' retrieved from /home/airflow/.local/lib/python3.12/site-packages/airflow/example_dags/example_sla_dag.py
[2026-06-29T22:08:58.239+0000] {logging_mixin.py:190} INFO - [2026-06-29T22:08:58.239+0000] {dag.py:3239} INFO - Sync 1 DAGs
[2026-06-29T22:08:58.337+0000] {logging_mixin.py:190} INFO - [2026-06-29T22:08:58.337+0000] {dag.py:4180} INFO - Setting next_dagrun for example_sla_dag to 2026-06-29 22:06:00+00:00, run_after=2026-06-29 22:08:00+00:00
[2026-06-29T22:08:58.397+0000] {processor.py:208} INFO - Processing /home/airflow/.local/lib/python3.12/site-packages/airflow/example_dags/example_sla_dag.py took 0.330 seconds
[2026-06-29T22:09:28.625+0000] {processor.py:186} INFO - Started process (PID=226) to work on /home/airflow/.local/lib/python3.12/site-packages/airflow/example_dags/example_sla_dag.py
[2026-06-29T22:09:28.631+0000] {processor.py:914} INFO - Processing file /home/airflow/.local/lib/python3.12/site-packages/airflow/example_dags/example_sla_dag.py for tasks to queue
[2026-06-29T22:09:28.640+0000] {logging_mixin.py:190} INFO - [2026-06-29T22:09:28.639+0000] {dagbag.py:588} INFO - Filling up the DagBag from /home/airflow/.local/lib/python3.12/site-packages/airflow/example_dags/example_sla_dag.py
[2026-06-29T22:09:28.677+0000] {processor.py:925} INFO - DAG(s) 'example_sla_dag' retrieved from /home/airflow/.local/lib/python3.12/site-packages/airflow/example_dags/example_sla_dag.py
[2026-06-29T22:09:28.785+0000] {logging_mixin.py:190} INFO - [2026-06-29T22:09:28.784+0000] {dag.py:3239} INFO - Sync 1 DAGs
[2026-06-29T22:09:28.878+0000] {logging_mixin.py:190} INFO - [2026-06-29T22:09:28.878+0000] {dag.py:4180} INFO - Setting next_dagrun for example_sla_dag to 2026-06-29 22:06:00+00:00, run_after=2026-06-29 22:08:00+00:00
[2026-06-29T22:09:29.101+0000] {processor.py:208} INFO - Processing /home/airflow/.local/lib/python3.12/site-packages/airflow/example_dags/example_sla_dag.py took 0.494 seconds
[2026-06-29T22:09:59.406+0000] {processor.py:186} INFO - Started process (PID=290) to work on /home/airflow/.local/lib/python3.12/site-packages/airflow/example_dags/example_sla_dag.py
[2026-06-29T22:09:59.410+0000] {processor.py:914} INFO - Processing file /home/airflow/.local/lib/python3.12/site-packages/airflow/example_dags/example_sla_dag.py for tasks to queue
[2026-06-29T22:09:59.414+0000] {logging_mixin.py:190} INFO - [2026-06-29T22:09:59.413+0000] {dagbag.py:588} INFO - Filling up the DagBag from /home/airflow/.local/lib/python3.12/site-packages/airflow/example_dags/example_sla_dag.py
[2026-06-29T22:09:59.432+0000] {processor.py:925} INFO - DAG(s) 'example_sla_dag' retrieved from /home/airflow/.local/lib/python3.12/site-packages/airflow/example_dags/example_sla_dag.py
[2026-06-29T22:09:59.489+0000] {logging_mixin.py:190} INFO - [2026-06-29T22:09:59.489+0000] {dag.py:3239} INFO - Sync 1 DAGs
[2026-06-29T22:09:59.547+0000] {logging_mixin.py:190} INFO - [2026-06-29T22:09:59.547+0000] {dag.py:4180} INFO - Setting next_dagrun for example_sla_dag to 2026-06-29 22:06:00+00:00, run_after=2026-06-29 22:08:00+00:00
[2026-06-29T22:09:59.591+0000] {processor.py:208} INFO - Processing /home/airflow/.local/lib/python3.12/site-packages/airflow/example_dags/example_sla_dag.py took 0.194 seconds
[2026-06-29T22:10:29.859+0000] {processor.py:186} INFO - Started process (PID=355) to work on /home/airflow/.local/lib/python3.12/site-packages/airflow/example_dags/example_sla_dag.py
[2026-06-29T22:10:29.867+0000] {processor.py:914} INFO - Processing file /home/airflow/.local/lib/python3.12/site-packages/airflow/example_dags/example_sla_dag.py for tasks to queue
[2026-06-29T22:10:29.885+0000] {logging_mixin.py:190} INFO - [2026-06-29T22:10:29.881+0000] {dagbag.py:588} INFO - Filling up the DagBag from /home/airflow/.local/lib/python3.12/site-packages/airflow/example_dags/example_sla_dag.py
[2026-06-29T22:10:29.972+0000] {processor.py:925} INFO - DAG(s) 'example_sla_dag' retrieved from /home/airflow/.local/lib/python3.12/site-packages/airflow/example_dags/example_sla_dag.py
[2026-06-29T22:10:30.093+0000] {logging_mixin.py:190} INFO - [2026-06-29T22:10:30.092+0000] {dag.py:3239} INFO - Sync 1 DAGs
[2026-06-29T22:10:30.279+0000] {logging_mixin.py:190} INFO - [2026-06-29T22:10:30.272+0000] {dag.py:4180} INFO - Setting next_dagrun for example_sla_dag to 2026-06-29 22:08:00+00:00, run_after=2026-06-29 22:10:00+00:00
[2026-06-29T22:10:30.390+0000] {processor.py:208} INFO - Processing /home/airflow/.local/lib/python3.12/site-packages/airflow/example_dags/example_sla_dag.py took 0.560 seconds
[2026-06-29T22:11:00.600+0000] {processor.py:186} INFO - Started process (PID=419) to work on /home/airflow/.local/lib/python3.12/site-packages/airflow/example_dags/example_sla_dag.py
[2026-06-29T22:11:00.604+0000] {processor.py:914} INFO - Processing file /home/airflow/.local/lib/python3.12/site-packages/airflow/example_dags/example_sla_dag.py for tasks to queue
[2026-06-29T22:11:00.616+0000] {logging_mixin.py:190} INFO - [2026-06-29T22:11:00.615+0000] {dagbag.py:588} INFO - Filling up the DagBag from /home/airflow/.local/lib/python3.12/site-packages/airflow/example_dags/example_sla_dag.py
[2026-06-29T22:11:00.633+0000] {processor.py:925} INFO - DAG(s) 'example_sla_dag' retrieved from /home/airflow/.local/lib/python3.12/site-packages/airflow/example_dags/example_sla_dag.py
[2026-06-29T22:11:00.673+0000] {logging_mixin.py:190} INFO - [2026-06-29T22:11:00.673+0000] {dag.py:3239} INFO - Sync 1 DAGs
[2026-06-29T22:11:00.714+0000] {logging_mixin.py:190} INFO - [2026-06-29T22:11:00.713+0000] {dag.py:4180} INFO - Setting next_dagrun for example_sla_dag to 2026-06-29 22:08:00+00:00, run_after=2026-06-29 22:10:00+00:00
[2026-06-29T22:11:00.765+0000] {processor.py:208} INFO - Processing /home/airflow/.local/lib/python3.12/site-packages/airflow/example_dags/example_sla_dag.py took 0.181 seconds
[2026-06-29T22:11:30.875+0000] {processor.py:186} INFO - Started process (PID=483) to work on /home/airflow/.local/lib/python3.12/site-packages/airflow/example_dags/example_sla_dag.py
[2026-06-29T22:11:30.877+0000] {processor.py:914} INFO - Processing file /home/airflow/.local/lib/python3.12/site-packages/airflow/example_dags/example_sla_dag.py for tasks to queue
[2026-06-29T22:11:30.881+0000] {logging_mixin.py:190} INFO - [2026-06-29T22:11:30.880+0000] {dagbag.py:588} INFO - Filling up the DagBag from /home/airflow/.local/lib/python3.12/site-packages/airflow/example_dags/example_sla_dag.py
[2026-06-29T22:11:30.895+0000] {processor.py:925} INFO - DAG(s) 'example_sla_dag' retrieved from /home/airflow/.local/lib/python3.12/site-packages/airflow/example_dags/example_sla_dag.py
[2026-06-29T22:11:30.916+0000] {logging_mixin.py:190} INFO - [2026-06-29T22:11:30.916+0000] {dag.py:3239} INFO - Sync 1 DAGs
[2026-06-29T22:11:30.941+0000] {logging_mixin.py:190} INFO - [2026-06-29T22:11:30.940+0000] {dag.py:4180} INFO - Setting next_dagrun for example_sla_dag to 2026-06-29 22:08:00+00:00, run_after=2026-06-29 22:10:00+00:00
[2026-06-29T22:11:30.959+0000] {processor.py:208} INFO - Processing /home/airflow/.local/lib/python3.12/site-packages/airflow/example_dags/example_sla_dag.py took 0.094 seconds
[2026-06-29T22:12:01.418+0000] {processor.py:186} INFO - Started process (PID=547) to work on /home/airflow/.local/lib/python3.12/site-packages/airflow/example_dags/example_sla_dag.py
[2026-06-29T22:12:01.421+0000] {processor.py:914} INFO - Processing file /home/airflow/.local/lib/python3.12/site-packages/airflow/example_dags/example_sla_dag.py for tasks to queue
[2026-06-29T22:12:01.429+0000] {logging_mixin.py:190} INFO - [2026-06-29T22:12:01.427+0000] {dagbag.py:588} INFO - Filling up the DagBag from /home/airflow/.local/lib/python3.12/site-packages/airflow/example_dags/example_sla_dag.py
[2026-06-29T22:12:01.457+0000] {processor.py:925} INFO - DAG(s) 'example_sla_dag' retrieved from /home/airflow/.local/lib/python3.12/site-packages/airflow/example_dags/example_sla_dag.py
[2026-06-29T22:12:01.532+0000] {logging_mixin.py:190} INFO - [2026-06-29T22:12:01.531+0000] {dag.py:3239} INFO - Sync 1 DAGs
[2026-06-29T22:12:01.598+0000] {logging_mixin.py:190} INFO - [2026-06-29T22:12:01.598+0000] {dag.py:4180} INFO - Setting next_dagrun for example_sla_dag to 2026-06-29 22:10:00+00:00, run_after=2026-06-29 22:12:00+00:00
[2026-06-29T22:12:01.641+0000] {processor.py:208} INFO - Processing /home/airflow/.local/lib/python3.12/site-packages/airflow/example_dags/example_sla_dag.py took 0.241 seconds
[2026-06-29T22:12:37.263+0000] {processor.py:186} INFO - Started process (PID=617) to work on /home/airflow/.local/lib/python3.12/site-packages/airflow/example_dags/example_sla_dag.py
[2026-06-29T22:12:37.293+0000] {processor.py:914} INFO - Processing file /home/airflow/.local/lib/python3.12/site-packages/airflow/example_dags/example_sla_dag.py for tasks to queue
[2026-06-29T22:12:37.300+0000] {logging_mixin.py:190} INFO - [2026-06-29T22:12:37.299+0000] {dagbag.py:588} INFO - Filling up the DagBag from /home/airflow/.local/lib/python3.12/site-packages/airflow/example_dags/example_sla_dag.py
[2026-06-29T22:12:37.342+0000] {processor.py:925} INFO - DAG(s) 'example_sla_dag' retrieved from /home/airflow/.local/lib/python3.12/site-packages/airflow/example_dags/example_sla_dag.py
[2026-06-29T22:12:37.440+0000] {logging_mixin.py:190} INFO - [2026-06-29T22:12:37.440+0000] {dag.py:3239} INFO - Sync 1 DAGs
[2026-06-29T22:12:37.512+0000] {logging_mixin.py:190} INFO - [2026-06-29T22:12:37.511+0000] {dag.py:4180} INFO - Setting next_dagrun for example_sla_dag to 2026-06-29 22:10:00+00:00, run_after=2026-06-29 22:12:00+00:00
[2026-06-29T22:12:37.580+0000] {processor.py:208} INFO - Processing /home/airflow/.local/lib/python3.12/site-packages/airflow/example_dags/example_sla_dag.py took 0.345 seconds
[2026-06-29T22:13:07.691+0000] {processor.py:186} INFO - Started process (PID=681) to work on /home/airflow/.local/lib/python3.12/site-packages/airflow/example_dags/example_sla_dag.py
[2026-06-29T22:13:07.693+0000] {processor.py:914} INFO - Processing file /home/airflow/.local/lib/python3.12/site-packages/airflow/example_dags/example_sla_dag.py for tasks to queue
[2026-06-29T22:13:07.696+0000] {logging_mixin.py:190} INFO - [2026-06-29T22:13:07.696+0000] {dagbag.py:588} INFO - Filling up the DagBag from /home/airflow/.local/lib/python3.12/site-packages/airflow/example_dags/example_sla_dag.py
[2026-06-29T22:13:07.712+0000] {processor.py:925} INFO - DAG(s) 'example_sla_dag' retrieved from /home/airflow/.local/lib/python3.12/site-packages/airflow/example_dags/example_sla_dag.py
[2026-06-29T22:13:07.754+0000] {logging_mixin.py:190} INFO - [2026-06-29T22:13:07.754+0000] {dag.py:3239} INFO - Sync 1 DAGs
[2026-06-29T22:13:07.815+0000] {logging_mixin.py:190} INFO - [2026-06-29T22:13:07.815+0000] {dag.py:4180} INFO - Setting next_dagrun for example_sla_dag to 2026-06-29 22:10:00+00:00, run_after=2026-06-29 22:12:00+00:00
[2026-06-29T22:13:07.881+0000] {processor.py:208} INFO - Processing /home/airflow/.local/lib/python3.12/site-packages/airflow/example_dags/example_sla_dag.py took 0.203 seconds
[2026-06-29T22:13:38.471+0000] {processor.py:186} INFO - Started process (PID=746) to work on /home/airflow/.local/lib/python3.12/site-packages/airflow/example_dags/example_sla_dag.py
[2026-06-29T22:13:38.529+0000] {processor.py:914} INFO - Processing file /home/airflow/.local/lib/python3.12/site-packages/airflow/example_dags/example_sla_dag.py for tasks to queue
[2026-06-29T22:13:38.557+0000] {logging_mixin.py:190} INFO - [2026-06-29T22:13:38.556+0000] {dagbag.py:588} INFO - Filling up the DagBag from /home/airflow/.local/lib/python3.12/site-packages/airflow/example_dags/example_sla_dag.py
[2026-06-29T22:13:38.634+0000] {processor.py:925} INFO - DAG(s) 'example_sla_dag' retrieved from /home/airflow/.local/lib/python3.12/site-packages/airflow/example_dags/example_sla_dag.py
[2026-06-29T22:13:38.692+0000] {logging_mixin.py:190} INFO - [2026-06-29T22:13:38.691+0000] {dag.py:3239} INFO - Sync 1 DAGs
[2026-06-29T22:13:38.768+0000] {logging_mixin.py:190} INFO - [2026-06-29T22:13:38.768+0000] {dag.py:4180} INFO - Setting next_dagrun for example_sla_dag to 2026-06-29 22:10:00+00:00, run_after=2026-06-29 22:12:00+00:00
[2026-06-29T22:13:38.860+0000] {processor.py:208} INFO - Processing /home/airflow/.local/lib/python3.12/site-packages/airflow/example_dags/example_sla_dag.py took 0.400 seconds
[2026-06-29T22:14:09.451+0000] {processor.py:186} INFO - Started process (PID=810) to work on /home/airflow/.local/lib/python3.12/site-packages/airflow/example_dags/example_sla_dag.py
[2026-06-29T22:14:09.453+0000] {processor.py:914} INFO - Processing file /home/airflow/.local/lib/python3.12/site-packages/airflow/example_dags/example_sla_dag.py for tasks to queue
[2026-06-29T22:14:09.457+0000] {logging_mixin.py:190} INFO - [2026-06-29T22:14:09.457+0000] {dagbag.py:588} INFO - Filling up the DagBag from /home/airflow/.local/lib/python3.12/site-packages/airflow/example_dags/example_sla_dag.py
[2026-06-29T22:14:09.473+0000] {processor.py:925} INFO - DAG(s) 'example_sla_dag' retrieved from /home/airflow/.local/lib/python3.12/site-packages/airflow/example_dags/example_sla_dag.py
[2026-06-29T22:14:09.512+0000] {logging_mixin.py:190} INFO - [2026-06-29T22:14:09.511+0000] {dag.py:3239} INFO - Sync 1 DAGs
[2026-06-29T22:14:09.560+0000] {logging_mixin.py:190} INFO - [2026-06-29T22:14:09.560+0000] {dag.py:4180} INFO - Setting next_dagrun for example_sla_dag to 2026-06-29 22:12:00+00:00, run_after=2026-06-29 22:14:00+00:00
[2026-06-29T22:14:09.602+0000] {processor.py:208} INFO - Processing /home/airflow/.local/lib/python3.12/site-packages/airflow/example_dags/example_sla_dag.py took 0.162 seconds
[2026-06-29T22:14:40.272+0000] {processor.py:186} INFO - Started process (PID=874) to work on /home/airflow/.local/lib/python3.12/site-packages/airflow/example_dags/example_sla_dag.py
[2026-06-29T22:14:40.279+0000] {processor.py:914} INFO - Processing file /home/airflow/.local/lib/python3.12/site-packages/airflow/example_dags/example_sla_dag.py for tasks to queue
[2026-06-29T22:14:40.290+0000] {logging_mixin.py:190} INFO - [2026-06-29T22:14:40.289+0000] {dagbag.py:588} INFO - Filling up the DagBag from /home/airflow/.local/lib/python3.12/site-packages/airflow/example_dags/example_sla_dag.py
[2026-06-29T22:14:40.428+0000] {processor.py:925} INFO - DAG(s) 'example_sla_dag' retrieved from /home/airflow/.local/lib/python3.12/site-packages/airflow/example_dags/example_sla_dag.py
[2026-06-29T22:14:40.589+0000] {logging_mixin.py:190} INFO - [2026-06-29T22:14:40.589+0000] {dag.py:3239} INFO - Sync 1 DAGs
[2026-06-29T22:14:40.699+0000] {logging_mixin.py:190} INFO - [2026-06-29T22:14:40.699+0000] {dag.py:4180} INFO - Setting next_dagrun for example_sla_dag to 2026-06-29 22:12:00+00:00, run_after=2026-06-29 22:14:00+00:00
[2026-06-29T22:14:40.786+0000] {processor.py:208} INFO - Processing /home/airflow/.local/lib/python3.12/site-packages/airflow/example_dags/example_sla_dag.py took 0.549 seconds
[2026-06-29T22:15:11.077+0000] {processor.py:186} INFO - Started process (PID=938) to work on /home/airflow/.local/lib/python3.12/site-packages/airflow/example_dags/example_sla_dag.py
[2026-06-29T22:15:11.078+0000] {processor.py:914} INFO - Processing file /home/airflow/.local/lib/python3.12/site-packages/airflow/example_dags/example_sla_dag.py for tasks to queue
[2026-06-29T22:15:11.083+0000] {logging_mixin.py:190} INFO - [2026-06-29T22:15:11.082+0000] {dagbag.py:588} INFO - Filling up the DagBag from /home/airflow/.local/lib/python3.12/site-packages/airflow/example_dags/example_sla_dag.py
[2026-06-29T22:15:11.095+0000] {processor.py:925} INFO - DAG(s) 'example_sla_dag' retrieved from /home/airflow/.local/lib/python3.12/site-packages/airflow/example_dags/example_sla_dag.py
[2026-06-29T22:15:11.121+0000] {logging_mixin.py:190} INFO - [2026-06-29T22:15:11.121+0000] {dag.py:3239} INFO - Sync 1 DAGs
[2026-06-29T22:15:11.153+0000] {logging_mixin.py:190} INFO - [2026-06-29T22:15:11.153+0000] {dag.py:4180} INFO - Setting next_dagrun for example_sla_dag to 2026-06-29 22:12:00+00:00, run_after=2026-06-29 22:14:00+00:00
[2026-06-29T22:15:11.183+0000] {processor.py:208} INFO - Processing /home/airflow/.local/lib/python3.12/site-packages/airflow/example_dags/example_sla_dag.py took 0.113 seconds
[2026-06-29T22:15:41.766+0000] {processor.py:186} INFO - Started process (PID=1001) to work on /home/airflow/.local/lib/python3.12/site-packages/airflow/example_dags/example_sla_dag.py
[2026-06-29T22:15:41.768+0000] {processor.py:914} INFO - Processing file /home/airflow/.local/lib/python3.12/site-packages/airflow/example_dags/example_sla_dag.py for tasks to queue
[2026-06-29T22:15:41.772+0000] {logging_mixin.py:190} INFO - [2026-06-29T22:15:41.772+0000] {dagbag.py:588} INFO - Filling up the DagBag from /home/airflow/.local/lib/python3.12/site-packages/airflow/example_dags/example_sla_dag.py
[2026-06-29T22:15:41.785+0000] {processor.py:925} INFO - DAG(s) 'example_sla_dag' retrieved from /home/airflow/.local/lib/python3.12/site-packages/airflow/example_dags/example_sla_dag.py
[2026-06-29T22:15:41.810+0000] {logging_mixin.py:190} INFO - [2026-06-29T22:15:41.810+0000] {dag.py:3239} INFO - Sync 1 DAGs
[2026-06-29T22:15:41.837+0000] {logging_mixin.py:190} INFO - [2026-06-29T22:15:41.837+0000] {dag.py:4180} INFO - Setting next_dagrun for example_sla_dag to 2026-06-29 22:12:00+00:00, run_after=2026-06-29 22:14:00+00:00
[2026-06-29T22:15:41.860+0000] {processor.py:208} INFO - Processing /home/airflow/.local/lib/python3.12/site-packages/airflow/example_dags/example_sla_dag.py took 0.102 seconds
[2026-06-29T22:16:12.055+0000] {processor.py:186} INFO - Started process (PID=1065) to work on /home/airflow/.local/lib/python3.12/site-packages/airflow/example_dags/example_sla_dag.py
[2026-06-29T22:16:12.060+0000] {processor.py:914} INFO - Processing file /home/airflow/.local/lib/python3.12/site-packages/airflow/example_dags/example_sla_dag.py for tasks to queue
[2026-06-29T22:16:12.070+0000] {logging_mixin.py:190} INFO - [2026-06-29T22:16:12.068+0000] {dagbag.py:588} INFO - Filling up the DagBag from /home/airflow/.local/lib/python3.12/site-packages/airflow/example_dags/example_sla_dag.py
[2026-06-29T22:16:12.094+0000] {processor.py:925} INFO - DAG(s) 'example_sla_dag' retrieved from /home/airflow/.local/lib/python3.12/site-packages/airflow/example_dags/example_sla_dag.py
[2026-06-29T22:16:12.137+0000] {logging_mixin.py:190} INFO - [2026-06-29T22:16:12.137+0000] {dag.py:3239} INFO - Sync 1 DAGs
[2026-06-29T22:16:12.180+0000] {logging_mixin.py:190} INFO - [2026-06-29T22:16:12.179+0000] {dag.py:4180} INFO - Setting next_dagrun for example_sla_dag to 2026-06-29 22:14:00+00:00, run_after=2026-06-29 22:16:00+00:00
[2026-06-29T22:16:12.216+0000] {processor.py:208} INFO - Processing /home/airflow/.local/lib/python3.12/site-packages/airflow/example_dags/example_sla_dag.py took 0.177 seconds
[2026-06-29T22:16:44.244+0000] {processor.py:186} INFO - Started process (PID=1128) to work on /home/airflow/.local/lib/python3.12/site-packages/airflow/example_dags/example_sla_dag.py
[2026-06-29T22:16:44.248+0000] {processor.py:914} INFO - Processing file /home/airflow/.local/lib/python3.12/site-packages/airflow/example_dags/example_sla_dag.py for tasks to queue
[2026-06-29T22:16:44.261+0000] {logging_mixin.py:190} INFO - [2026-06-29T22:16:44.259+0000] {dagbag.py:588} INFO - Filling up the DagBag from /home/airflow/.local/lib/python3.12/site-packages/airflow/example_dags/example_sla_dag.py
[2026-06-29T22:16:44.308+0000] {processor.py:925} INFO - DAG(s) 'example_sla_dag' retrieved from /home/airflow/.local/lib/python3.12/site-packages/airflow/example_dags/example_sla_dag.py
[2026-06-29T22:16:44.385+0000] {logging_mixin.py:190} INFO - [2026-06-29T22:16:44.384+0000] {dag.py:3239} INFO - Sync 1 DAGs
[2026-06-29T22:16:44.468+0000] {logging_mixin.py:190} INFO - [2026-06-29T22:16:44.467+0000] {dag.py:4180} INFO - Setting next_dagrun for example_sla_dag to 2026-06-29 22:14:00+00:00, run_after=2026-06-29 22:16:00+00:00
[2026-06-29T22:16:44.537+0000] {processor.py:208} INFO - Processing /home/airflow/.local/lib/python3.12/site-packages/airflow/example_dags/example_sla_dag.py took 0.313 seconds
[2026-06-29T22:17:15.011+0000] {processor.py:186} INFO - Started process (PID=1191) to work on /home/airflow/.local/lib/python3.12/site-packages/airflow/example_dags/example_sla_dag.py
[2026-06-29T22:17:15.013+0000] {processor.py:914} INFO - Processing file /home/airflow/.local/lib/python3.12/site-packages/airflow/example_dags/example_sla_dag.py for tasks to queue
[2026-06-29T22:17:15.020+0000] {logging_mixin.py:190} INFO - [2026-06-29T22:17:15.019+0000] {dagbag.py:588} INFO - Filling up the DagBag from /home/airflow/.local/lib/python3.12/site-packages/airflow/example_dags/example_sla_dag.py
[2026-06-29T22:17:15.046+0000] {processor.py:925} INFO - DAG(s) 'example_sla_dag' retrieved from /home/airflow/.local/lib/python3.12/site-packages/airflow/example_dags/example_sla_dag.py
[2026-06-29T22:17:15.093+0000] {logging_mixin.py:190} INFO - [2026-06-29T22:17:15.093+0000] {dag.py:3239} INFO - Sync 1 DAGs
[2026-06-29T22:17:15.148+0000] {logging_mixin.py:190} INFO - [2026-06-29T22:17:15.148+0000] {dag.py:4180} INFO - Setting next_dagrun for example_sla_dag to 2026-06-29 22:14:00+00:00, run_after=2026-06-29 22:16:00+00:00
[2026-06-29T22:17:15.207+0000] {processor.py:208} INFO - Processing /home/airflow/.local/lib/python3.12/site-packages/airflow/example_dags/example_sla_dag.py took 0.210 seconds
[2026-06-29T22:17:45.476+0000] {processor.py:186} INFO - Started process (PID=1255) to work on /home/airflow/.local/lib/python3.12/site-packages/airflow/example_dags/example_sla_dag.py
[2026-06-29T22:17:45.479+0000] {processor.py:914} INFO - Processing file /home/airflow/.local/lib/python3.12/site-packages/airflow/example_dags/example_sla_dag.py for tasks to queue
[2026-06-29T22:17:45.490+0000] {logging_mixin.py:190} INFO - [2026-06-29T22:17:45.488+0000] {dagbag.py:588} INFO - Filling up the DagBag from /home/airflow/.local/lib/python3.12/site-packages/airflow/example_dags/example_sla_dag.py
[2026-06-29T22:17:45.513+0000] {processor.py:925} INFO - DAG(s) 'example_sla_dag' retrieved from /home/airflow/.local/lib/python3.12/site-packages/airflow/example_dags/example_sla_dag.py
[2026-06-29T22:17:45.582+0000] {logging_mixin.py:190} INFO - [2026-06-29T22:17:45.582+0000] {dag.py:3239} INFO - Sync 1 DAGs
[2026-06-29T22:17:45.658+0000] {logging_mixin.py:190} INFO - [2026-06-29T22:17:45.658+0000] {dag.py:4180} INFO - Setting next_dagrun for example_sla_dag to 2026-06-29 22:14:00+00:00, run_after=2026-06-29 22:16:00+00:00
[2026-06-29T22:17:45.728+0000] {processor.py:208} INFO - Processing /home/airflow/.local/lib/python3.12/site-packages/airflow/example_dags/example_sla_dag.py took 0.265 seconds
[2026-06-29T22:18:16.105+0000] {processor.py:186} INFO - Started process (PID=1319) to work on /home/airflow/.local/lib/python3.12/site-packages/airflow/example_dags/example_sla_dag.py
[2026-06-29T22:18:16.108+0000] {processor.py:914} INFO - Processing file /home/airflow/.local/lib/python3.12/site-packages/airflow/example_dags/example_sla_dag.py for tasks to queue
[2026-06-29T22:18:16.114+0000] {logging_mixin.py:190} INFO - [2026-06-29T22:18:16.113+0000] {dagbag.py:588} INFO - Filling up the DagBag from /home/airflow/.local/lib/python3.12/site-packages/airflow/example_dags/example_sla_dag.py
[2026-06-29T22:18:16.132+0000] {processor.py:925} INFO - DAG(s) 'example_sla_dag' retrieved from /home/airflow/.local/lib/python3.12/site-packages/airflow/example_dags/example_sla_dag.py
[2026-06-29T22:18:16.170+0000] {logging_mixin.py:190} INFO - [2026-06-29T22:18:16.169+0000] {dag.py:3239} INFO - Sync 1 DAGs
[2026-06-29T22:18:16.227+0000] {logging_mixin.py:190} INFO - [2026-06-29T22:18:16.226+0000] {dag.py:4180} INFO - Setting next_dagrun for example_sla_dag to 2026-06-29 22:16:00+00:00, run_after=2026-06-29 22:18:00+00:00
[2026-06-29T22:18:16.262+0000] {processor.py:208} INFO - Processing /home/airflow/.local/lib/python3.12/site-packages/airflow/example_dags/example_sla_dag.py took 0.168 seconds
[2026-06-29T22:18:46.603+0000] {processor.py:186} INFO - Started process (PID=1383) to work on /home/airflow/.local/lib/python3.12/site-packages/airflow/example_dags/example_sla_dag.py
[2026-06-29T22:18:46.605+0000] {processor.py:914} INFO - Processing file /home/airflow/.local/lib/python3.12/site-packages/airflow/example_dags/example_sla_dag.py for tasks to queue
[2026-06-29T22:18:46.609+0000] {logging_mixin.py:190} INFO - [2026-06-29T22:18:46.608+0000] {dagbag.py:588} INFO - Filling up the DagBag from /home/airflow/.local/lib/python3.12/site-packages/airflow/example_dags/example_sla_dag.py
[2026-06-29T22:18:46.624+0000] {processor.py:925} INFO - DAG(s) 'example_sla_dag' retrieved from /home/airflow/.local/lib/python3.12/site-packages/airflow/example_dags/example_sla_dag.py
[2026-06-29T22:18:46.656+0000] {logging_mixin.py:190} INFO - [2026-06-29T22:18:46.656+0000] {dag.py:3239} INFO - Sync 1 DAGs
[2026-06-29T22:18:46.689+0000] {logging_mixin.py:190} INFO - [2026-06-29T22:18:46.688+0000] {dag.py:4180} INFO - Setting next_dagrun for example_sla_dag to 2026-06-29 22:16:00+00:00, run_after=2026-06-29 22:18:00+00:00
[2026-06-29T22:18:46.720+0000] {processor.py:208} INFO - Processing /home/airflow/.local/lib/python3.12/site-packages/airflow/example_dags/example_sla_dag.py took 0.127 seconds
[2026-06-29T22:19:16.855+0000] {processor.py:186} INFO - Started process (PID=1447) to work on /home/airflow/.local/lib/python3.12/site-packages/airflow/example_dags/example_sla_dag.py
[2026-06-29T22:19:16.858+0000] {processor.py:914} INFO - Processing file /home/airflow/.local/lib/python3.12/site-packages/airflow/example_dags/example_sla_dag.py for tasks to queue
[2026-06-29T22:19:16.861+0000] {logging_mixin.py:190} INFO - [2026-06-29T22:19:16.861+0000] {dagbag.py:588} INFO - Filling up the DagBag from /home/airflow/.local/lib/python3.12/site-packages/airflow/example_dags/example_sla_dag.py
[2026-06-29T22:19:16.874+0000] {processor.py:925} INFO - DAG(s) 'example_sla_dag' retrieved from /home/airflow/.local/lib/python3.12/site-packages/airflow/example_dags/example_sla_dag.py
[2026-06-29T22:19:16.901+0000] {logging_mixin.py:190} INFO - [2026-06-29T22:19:16.901+0000] {dag.py:3239} INFO - Sync 1 DAGs
[2026-06-29T22:19:16.926+0000] {logging_mixin.py:190} INFO - [2026-06-29T22:19:16.926+0000] {dag.py:4180} INFO - Setting next_dagrun for example_sla_dag to 2026-06-29 22:16:00+00:00, run_after=2026-06-29 22:18:00+00:00
[2026-06-29T22:19:16.947+0000] {processor.py:208} INFO - Processing /home/airflow/.local/lib/python3.12/site-packages/airflow/example_dags/example_sla_dag.py took 0.099 seconds
[2026-06-29T22:19:47.125+0000] {processor.py:186} INFO - Started process (PID=1511) to work on /home/airflow/.local/lib/python3.12/site-packages/airflow/example_dags/example_sla_dag.py
[2026-06-29T22:19:47.127+0000] {processor.py:914} INFO - Processing file /home/airflow/.local/lib/python3.12/site-packages/airflow/example_dags/example_sla_dag.py for tasks to queue
[2026-06-29T22:19:47.134+0000] {logging_mixin.py:190} INFO - [2026-06-29T22:19:47.133+0000] {dagbag.py:588} INFO - Filling up the DagBag from /home/airflow/.local/lib/python3.12/site-packages/airflow/example_dags/example_sla_dag.py
[2026-06-29T22:19:47.154+0000] {processor.py:925} INFO - DAG(s) 'example_sla_dag' retrieved from /home/airflow/.local/lib/python3.12/site-packages/airflow/example_dags/example_sla_dag.py
[2026-06-29T22:19:47.188+0000] {logging_mixin.py:190} INFO - [2026-06-29T22:19:47.188+0000] {dag.py:3239} INFO - Sync 1 DAGs
[2026-06-29T22:19:47.235+0000] {logging_mixin.py:190} INFO - [2026-06-29T22:19:47.235+0000] {dag.py:4180} INFO - Setting next_dagrun for example_sla_dag to 2026-06-29 22:16:00+00:00, run_after=2026-06-29 22:18:00+00:00
[2026-06-29T22:19:47.274+0000] {processor.py:208} INFO - Processing /home/airflow/.local/lib/python3.12/site-packages/airflow/example_dags/example_sla_dag.py took 0.162 seconds
[2026-06-29T22:20:19.783+0000] {processor.py:186} INFO - Started process (PID=1575) to work on /home/airflow/.local/lib/python3.12/site-packages/airflow/example_dags/example_sla_dag.py
[2026-06-29T22:20:19.786+0000] {processor.py:914} INFO - Processing file /home/airflow/.local/lib/python3.12/site-packages/airflow/example_dags/example_sla_dag.py for tasks to queue
[2026-06-29T22:20:19.792+0000] {logging_mixin.py:190} INFO - [2026-06-29T22:20:19.791+0000] {dagbag.py:588} INFO - Filling up the DagBag from /home/airflow/.local/lib/python3.12/site-packages/airflow/example_dags/example_sla_dag.py
[2026-06-29T22:20:19.840+0000] {processor.py:925} INFO - DAG(s) 'example_sla_dag' retrieved from /home/airflow/.local/lib/python3.12/site-packages/airflow/example_dags/example_sla_dag.py
[2026-06-29T22:20:19.892+0000] {logging_mixin.py:190} INFO - [2026-06-29T22:20:19.892+0000] {dag.py:3239} INFO - Sync 1 DAGs
[2026-06-29T22:20:19.968+0000] {logging_mixin.py:190} INFO - [2026-06-29T22:20:19.968+0000] {dag.py:4180} INFO - Setting next_dagrun for example_sla_dag to 2026-06-29 22:18:00+00:00, run_after=2026-06-29 22:20:00+00:00
[2026-06-29T22:20:20.028+0000] {processor.py:208} INFO - Processing /home/airflow/.local/lib/python3.12/site-packages/airflow/example_dags/example_sla_dag.py took 0.269 seconds
[2026-06-29T22:20:54.267+0000] {processor.py:186} INFO - Started process (PID=1634) to work on /home/airflow/.local/lib/python3.12/site-packages/airflow/example_dags/example_sla_dag.py
[2026-06-29T22:20:54.271+0000] {processor.py:914} INFO - Processing file /home/airflow/.local/lib/python3.12/site-packages/airflow/example_dags/example_sla_dag.py for tasks to queue
[2026-06-29T22:20:54.280+0000] {logging_mixin.py:190} INFO - [2026-06-29T22:20:54.280+0000] {dagbag.py:588} INFO - Filling up the DagBag from /home/airflow/.local/lib/python3.12/site-packages/airflow/example_dags/example_sla_dag.py
[2026-06-29T22:20:54.312+0000] {processor.py:925} INFO - DAG(s) 'example_sla_dag' retrieved from /home/airflow/.local/lib/python3.12/site-packages/airflow/example_dags/example_sla_dag.py
[2026-06-29T22:20:54.361+0000] {logging_mixin.py:190} INFO - [2026-06-29T22:20:54.361+0000] {dag.py:3239} INFO - Sync 1 DAGs
[2026-06-29T22:20:54.441+0000] {logging_mixin.py:190} INFO - [2026-06-29T22:20:54.440+0000] {dag.py:4180} INFO - Setting next_dagrun for example_sla_dag to 2026-06-29 22:18:00+00:00, run_after=2026-06-29 22:20:00+00:00
[2026-06-29T22:20:54.506+0000] {processor.py:208} INFO - Processing /home/airflow/.local/lib/python3.12/site-packages/airflow/example_dags/example_sla_dag.py took 0.249 seconds
[2026-06-29T22:21:24.618+0000] {processor.py:186} INFO - Started process (PID=1698) to work on /home/airflow/.local/lib/python3.12/site-packages/airflow/example_dags/example_sla_dag.py
[2026-06-29T22:21:24.621+0000] {processor.py:914} INFO - Processing file /home/airflow/.local/lib/python3.12/site-packages/airflow/example_dags/example_sla_dag.py for tasks to queue
[2026-06-29T22:21:24.627+0000] {logging_mixin.py:190} INFO - [2026-06-29T22:21:24.626+0000] {dagbag.py:588} INFO - Filling up the DagBag from /home/airflow/.local/lib/python3.12/site-packages/airflow/example_dags/example_sla_dag.py
[2026-06-29T22:21:24.654+0000] {processor.py:925} INFO - DAG(s) 'example_sla_dag' retrieved from /home/airflow/.local/lib/python3.12/site-packages/airflow/example_dags/example_sla_dag.py
[2026-06-29T22:21:24.703+0000] {logging_mixin.py:190} INFO - [2026-06-29T22:21:24.703+0000] {dag.py:3239} INFO - Sync 1 DAGs
[2026-06-29T22:21:24.753+0000] {logging_mixin.py:190} INFO - [2026-06-29T22:21:24.753+0000] {dag.py:4180} INFO - Setting next_dagrun for example_sla_dag to 2026-06-29 22:18:00+00:00, run_after=2026-06-29 22:20:00+00:00
[2026-06-29T22:21:24.818+0000] {processor.py:208} INFO - Processing /home/airflow/.local/lib/python3.12/site-packages/airflow/example_dags/example_sla_dag.py took 0.216 seconds
[2026-06-29T22:21:55.626+0000] {processor.py:186} INFO - Started process (PID=1762) to work on /home/airflow/.local/lib/python3.12/site-packages/airflow/example_dags/example_sla_dag.py
[2026-06-29T22:21:55.628+0000] {processor.py:914} INFO - Processing file /home/airflow/.local/lib/python3.12/site-packages/airflow/example_dags/example_sla_dag.py for tasks to queue
[2026-06-29T22:21:55.632+0000] {logging_mixin.py:190} INFO - [2026-06-29T22:21:55.632+0000] {dagbag.py:588} INFO - Filling up the DagBag from /home/airflow/.local/lib/python3.12/site-packages/airflow/example_dags/example_sla_dag.py
[2026-06-29T22:21:55.646+0000] {processor.py:925} INFO - DAG(s) 'example_sla_dag' retrieved from /home/airflow/.local/lib/python3.12/site-packages/airflow/example_dags/example_sla_dag.py
[2026-06-29T22:21:55.678+0000] {logging_mixin.py:190} INFO - [2026-06-29T22:21:55.678+0000] {dag.py:3239} INFO - Sync 1 DAGs
[2026-06-29T22:21:55.708+0000] {logging_mixin.py:190} INFO - [2026-06-29T22:21:55.708+0000] {dag.py:4180} INFO - Setting next_dagrun for example_sla_dag to 2026-06-29 22:18:00+00:00, run_after=2026-06-29 22:20:00+00:00
[2026-06-29T22:21:55.732+0000] {processor.py:208} INFO - Processing /home/airflow/.local/lib/python3.12/site-packages/airflow/example_dags/example_sla_dag.py took 0.120 seconds
[2026-06-29T22:22:26.425+0000] {processor.py:186} INFO - Started process (PID=1826) to work on /home/airflow/.local/lib/python3.12/site-packages/airflow/example_dags/example_sla_dag.py
[2026-06-29T22:22:26.427+0000] {processor.py:914} INFO - Processing file /home/airflow/.local/lib/python3.12/site-packages/airflow/example_dags/example_sla_dag.py for tasks to queue
[2026-06-29T22:22:26.431+0000] {logging_mixin.py:190} INFO - [2026-06-29T22:22:26.431+0000] {dagbag.py:588} INFO - Filling up the DagBag from /home/airflow/.local/lib/python3.12/site-packages/airflow/example_dags/example_sla_dag.py
[2026-06-29T22:22:26.445+0000] {processor.py:925} INFO - DAG(s) 'example_sla_dag' retrieved from /home/airflow/.local/lib/python3.12/site-packages/airflow/example_dags/example_sla_dag.py
[2026-06-29T22:22:26.476+0000] {logging_mixin.py:190} INFO - [2026-06-29T22:22:26.476+0000] {dag.py:3239} INFO - Sync 1 DAGs
[2026-06-29T22:22:26.509+0000] {logging_mixin.py:190} INFO - [2026-06-29T22:22:26.509+0000] {dag.py:4180} INFO - Setting next_dagrun for example_sla_dag to 2026-06-29 22:20:00+00:00, run_after=2026-06-29 22:22:00+00:00
[2026-06-29T22:22:26.537+0000] {processor.py:208} INFO - Processing /home/airflow/.local/lib/python3.12/site-packages/airflow/example_dags/example_sla_dag.py took 0.122 seconds
[2026-06-29T22:22:56.874+0000] {processor.py:186} INFO - Started process (PID=1891) to work on /home/airflow/.local/lib/python3.12/site-packages/airflow/example_dags/example_sla_dag.py
[2026-06-29T22:22:56.875+0000] {processor.py:914} INFO - Processing file /home/airflow/.local/lib/python3.12/site-packages/airflow/example_dags/example_sla_dag.py for tasks to queue
[2026-06-29T22:22:56.882+0000] {logging_mixin.py:190} INFO - [2026-06-29T22:22:56.882+0000] {dagbag.py:588} INFO - Filling up the DagBag from /home/airflow/.local/lib/python3.12/site-packages/airflow/example_dags/example_sla_dag.py
[2026-06-29T22:22:56.898+0000] {processor.py:925} INFO - DAG(s) 'example_sla_dag' retrieved from /home/airflow/.local/lib/python3.12/site-packages/airflow/example_dags/example_sla_dag.py
[2026-06-29T22:22:56.928+0000] {logging_mixin.py:190} INFO - [2026-06-29T22:22:56.928+0000] {dag.py:3239} INFO - Sync 1 DAGs
[2026-06-29T22:22:56.957+0000] {logging_mixin.py:190} INFO - [2026-06-29T22:22:56.957+0000] {dag.py:4180} INFO - Setting next_dagrun for example_sla_dag to 2026-06-29 22:20:00+00:00, run_after=2026-06-29 22:22:00+00:00
[2026-06-29T22:22:56.985+0000] {processor.py:208} INFO - Processing /home/airflow/.local/lib/python3.12/site-packages/airflow/example_dags/example_sla_dag.py took 0.121 seconds
[2026-06-29T22:23:27.173+0000] {processor.py:186} INFO - Started process (PID=1954) to work on /home/airflow/.local/lib/python3.12/site-packages/airflow/example_dags/example_sla_dag.py
[2026-06-29T22:23:27.174+0000] {processor.py:914} INFO - Processing file /home/airflow/.local/lib/python3.12/site-packages/airflow/example_dags/example_sla_dag.py for tasks to queue
[2026-06-29T22:23:27.177+0000] {logging_mixin.py:190} INFO - [2026-06-29T22:23:27.177+0000] {dagbag.py:588} INFO - Filling up the DagBag from /home/airflow/.local/lib/python3.12/site-packages/airflow/example_dags/example_sla_dag.py
[2026-06-29T22:23:27.190+0000] {processor.py:925} INFO - DAG(s) 'example_sla_dag' retrieved from /home/airflow/.local/lib/python3.12/site-packages/airflow/example_dags/example_sla_dag.py
[2026-06-29T22:23:27.211+0000] {logging_mixin.py:190} INFO - [2026-06-29T22:23:27.211+0000] {dag.py:3239} INFO - Sync 1 DAGs
[2026-06-29T22:23:27.237+0000] {logging_mixin.py:190} INFO - [2026-06-29T22:23:27.237+0000] {dag.py:4180} INFO - Setting next_dagrun for example_sla_dag to 2026-06-29 22:20:00+00:00, run_after=2026-06-29 22:22:00+00:00
[2026-06-29T22:23:27.257+0000] {processor.py:208} INFO - Processing /home/airflow/.local/lib/python3.12/site-packages/airflow/example_dags/example_sla_dag.py took 0.093 seconds
[2026-06-29T22:23:58.041+0000] {processor.py:186} INFO - Started process (PID=2018) to work on /home/airflow/.local/lib/python3.12/site-packages/airflow/example_dags/example_sla_dag.py
[2026-06-29T22:23:58.043+0000] {processor.py:914} INFO - Processing file /home/airflow/.local/lib/python3.12/site-packages/airflow/example_dags/example_sla_dag.py for tasks to queue
[2026-06-29T22:23:58.048+0000] {logging_mixin.py:190} INFO - [2026-06-29T22:23:58.047+0000] {dagbag.py:588} INFO - Filling up the DagBag from /home/airflow/.local/lib/python3.12/site-packages/airflow/example_dags/example_sla_dag.py
[2026-06-29T22:23:58.065+0000] {processor.py:925} INFO - DAG(s) 'example_sla_dag' retrieved from /home/airflow/.local/lib/python3.12/site-packages/airflow/example_dags/example_sla_dag.py
[2026-06-29T22:23:58.090+0000] {logging_mixin.py:190} INFO - [2026-06-29T22:23:58.090+0000] {dag.py:3239} INFO - Sync 1 DAGs
[2026-06-29T22:23:58.116+0000] {logging_mixin.py:190} INFO - [2026-06-29T22:23:58.116+0000] {dag.py:4180} INFO - Setting next_dagrun for example_sla_dag to 2026-06-29 22:20:00+00:00, run_after=2026-06-29 22:22:00+00:00
[2026-06-29T22:23:58.136+0000] {processor.py:208} INFO - Processing /home/airflow/.local/lib/python3.12/site-packages/airflow/example_dags/example_sla_dag.py took 0.103 seconds
[2026-06-29T22:24:28.387+0000] {processor.py:186} INFO - Started process (PID=2082) to work on /home/airflow/.local/lib/python3.12/site-packages/airflow/example_dags/example_sla_dag.py
[2026-06-29T22:24:28.389+0000] {processor.py:914} INFO - Processing file /home/airflow/.local/lib/python3.12/site-packages/airflow/example_dags/example_sla_dag.py for tasks to queue
[2026-06-29T22:24:28.392+0000] {logging_mixin.py:190} INFO - [2026-06-29T22:24:28.391+0000] {dagbag.py:588} INFO - Filling up the DagBag from /home/airflow/.local/lib/python3.12/site-packages/airflow/example_dags/example_sla_dag.py
[2026-06-29T22:24:28.406+0000] {processor.py:925} INFO - DAG(s) 'example_sla_dag' retrieved from /home/airflow/.local/lib/python3.12/site-packages/airflow/example_dags/example_sla_dag.py
[2026-06-29T22:24:28.429+0000] {logging_mixin.py:190} INFO - [2026-06-29T22:24:28.429+0000] {dag.py:3239} INFO - Sync 1 DAGs
[2026-06-29T22:24:28.455+0000] {logging_mixin.py:190} INFO - [2026-06-29T22:24:28.454+0000] {dag.py:4180} INFO - Setting next_dagrun for example_sla_dag to 2026-06-29 22:22:00+00:00, run_after=2026-06-29 22:24:00+00:00
[2026-06-29T22:24:28.474+0000] {processor.py:208} INFO - Processing /home/airflow/.local/lib/python3.12/site-packages/airflow/example_dags/example_sla_dag.py took 0.095 seconds
[2026-06-29T22:24:59.014+0000] {processor.py:186} INFO - Started process (PID=2146) to work on /home/airflow/.local/lib/python3.12/site-packages/airflow/example_dags/example_sla_dag.py
[2026-06-29T22:24:59.016+0000] {processor.py:914} INFO - Processing file /home/airflow/.local/lib/python3.12/site-packages/airflow/example_dags/example_sla_dag.py for tasks to queue
[2026-06-29T22:24:59.021+0000] {logging_mixin.py:190} INFO - [2026-06-29T22:24:59.020+0000] {dagbag.py:588} INFO - Filling up the DagBag from /home/airflow/.local/lib/python3.12/site-packages/airflow/example_dags/example_sla_dag.py
[2026-06-29T22:24:59.040+0000] {processor.py:925} INFO - DAG(s) 'example_sla_dag' retrieved from /home/airflow/.local/lib/python3.12/site-packages/airflow/example_dags/example_sla_dag.py
[2026-06-29T22:24:59.076+0000] {logging_mixin.py:190} INFO - [2026-06-29T22:24:59.075+0000] {dag.py:3239} INFO - Sync 1 DAGs
[2026-06-29T22:24:59.107+0000] {logging_mixin.py:190} INFO - [2026-06-29T22:24:59.107+0000] {dag.py:4180} INFO - Setting next_dagrun for example_sla_dag to 2026-06-29 22:22:00+00:00, run_after=2026-06-29 22:24:00+00:00
[2026-06-29T22:24:59.138+0000] {processor.py:208} INFO - Processing /home/airflow/.local/lib/python3.12/site-packages/airflow/example_dags/example_sla_dag.py took 0.132 seconds
[2026-06-29T22:25:29.803+0000] {processor.py:186} INFO - Started process (PID=2210) to work on /home/airflow/.local/lib/python3.12/site-packages/airflow/example_dags/example_sla_dag.py
[2026-06-29T22:25:29.805+0000] {processor.py:914} INFO - Processing file /home/airflow/.local/lib/python3.12/site-packages/airflow/example_dags/example_sla_dag.py for tasks to queue
[2026-06-29T22:25:29.808+0000] {logging_mixin.py:190} INFO - [2026-06-29T22:25:29.808+0000] {dagbag.py:588} INFO - Filling up the DagBag from /home/airflow/.local/lib/python3.12/site-packages/airflow/example_dags/example_sla_dag.py
[2026-06-29T22:25:29.820+0000] {processor.py:925} INFO - DAG(s) 'example_sla_dag' retrieved from /home/airflow/.local/lib/python3.12/site-packages/airflow/example_dags/example_sla_dag.py
[2026-06-29T22:25:29.841+0000] {logging_mixin.py:190} INFO - [2026-06-29T22:25:29.840+0000] {dag.py:3239} INFO - Sync 1 DAGs
[2026-06-29T22:25:29.867+0000] {logging_mixin.py:190} INFO - [2026-06-29T22:25:29.867+0000] {dag.py:4180} INFO - Setting next_dagrun for example_sla_dag to 2026-06-29 22:22:00+00:00, run_after=2026-06-29 22:24:00+00:00
[2026-06-29T22:25:29.888+0000] {processor.py:208} INFO - Processing /home/airflow/.local/lib/python3.12/site-packages/airflow/example_dags/example_sla_dag.py took 0.096 seconds
[2026-06-29T22:26:00.463+0000] {processor.py:186} INFO - Started process (PID=2274) to work on /home/airflow/.local/lib/python3.12/site-packages/airflow/example_dags/example_sla_dag.py
[2026-06-29T22:26:00.465+0000] {processor.py:914} INFO - Processing file /home/airflow/.local/lib/python3.12/site-packages/airflow/example_dags/example_sla_dag.py for tasks to queue
[2026-06-29T22:26:00.472+0000] {logging_mixin.py:190} INFO - [2026-06-29T22:26:00.471+0000] {dagbag.py:588} INFO - Filling up the DagBag from /home/airflow/.local/lib/python3.12/site-packages/airflow/example_dags/example_sla_dag.py
[2026-06-29T22:26:00.488+0000] {processor.py:925} INFO - DAG(s) 'example_sla_dag' retrieved from /home/airflow/.local/lib/python3.12/site-packages/airflow/example_dags/example_sla_dag.py
[2026-06-29T22:26:00.533+0000] {logging_mixin.py:190} INFO - [2026-06-29T22:26:00.532+0000] {dag.py:3239} INFO - Sync 1 DAGs
[2026-06-29T22:26:00.594+0000] {logging_mixin.py:190} INFO - [2026-06-29T22:26:00.593+0000] {dag.py:4180} INFO - Setting next_dagrun for example_sla_dag to 2026-06-29 22:24:00+00:00, run_after=2026-06-29 22:26:00+00:00
[2026-06-29T22:26:00.651+0000] {processor.py:208} INFO - Processing /home/airflow/.local/lib/python3.12/site-packages/airflow/example_dags/example_sla_dag.py took 0.198 seconds
[2026-06-29T22:26:31.053+0000] {processor.py:186} INFO - Started process (PID=2338) to work on /home/airflow/.local/lib/python3.12/site-packages/airflow/example_dags/example_sla_dag.py
[2026-06-29T22:26:31.055+0000] {processor.py:914} INFO - Processing file /home/airflow/.local/lib/python3.12/site-packages/airflow/example_dags/example_sla_dag.py for tasks to queue
[2026-06-29T22:26:31.060+0000] {logging_mixin.py:190} INFO - [2026-06-29T22:26:31.059+0000] {dagbag.py:588} INFO - Filling up the DagBag from /home/airflow/.local/lib/python3.12/site-packages/airflow/example_dags/example_sla_dag.py
[2026-06-29T22:26:31.075+0000] {processor.py:925} INFO - DAG(s) 'example_sla_dag' retrieved from /home/airflow/.local/lib/python3.12/site-packages/airflow/example_dags/example_sla_dag.py
[2026-06-29T22:26:31.109+0000] {logging_mixin.py:190} INFO - [2026-06-29T22:26:31.109+0000] {dag.py:3239} INFO - Sync 1 DAGs
[2026-06-29T22:26:31.149+0000] {logging_mixin.py:190} INFO - [2026-06-29T22:26:31.149+0000] {dag.py:4180} INFO - Setting next_dagrun for example_sla_dag to 2026-06-29 22:24:00+00:00, run_after=2026-06-29 22:26:00+00:00
[2026-06-29T22:26:31.181+0000] {processor.py:208} INFO - Processing /home/airflow/.local/lib/python3.12/site-packages/airflow/example_dags/example_sla_dag.py took 0.134 seconds
[2026-06-29T22:27:01.364+0000] {processor.py:186} INFO - Started process (PID=2402) to work on /home/airflow/.local/lib/python3.12/site-packages/airflow/example_dags/example_sla_dag.py
[2026-06-29T22:27:01.367+0000] {processor.py:914} INFO - Processing file /home/airflow/.local/lib/python3.12/site-packages/airflow/example_dags/example_sla_dag.py for tasks to queue
[2026-06-29T22:27:01.371+0000] {logging_mixin.py:190} INFO - [2026-06-29T22:27:01.371+0000] {dagbag.py:588} INFO - Filling up the DagBag from /home/airflow/.local/lib/python3.12/site-packages/airflow/example_dags/example_sla_dag.py
[2026-06-29T22:27:01.391+0000] {processor.py:925} INFO - DAG(s) 'example_sla_dag' retrieved from /home/airflow/.local/lib/python3.12/site-packages/airflow/example_dags/example_sla_dag.py
[2026-06-29T22:27:01.413+0000] {logging_mixin.py:190} INFO - [2026-06-29T22:27:01.413+0000] {dag.py:3239} INFO - Sync 1 DAGs
[2026-06-29T22:27:01.437+0000] {logging_mixin.py:190} INFO - [2026-06-29T22:27:01.437+0000] {dag.py:4180} INFO - Setting next_dagrun for example_sla_dag to 2026-06-29 22:24:00+00:00, run_after=2026-06-29 22:26:00+00:00
[2026-06-29T22:27:01.458+0000] {processor.py:208} INFO - Processing /home/airflow/.local/lib/python3.12/site-packages/airflow/example_dags/example_sla_dag.py took 0.105 seconds
[2026-06-29T22:27:31.898+0000] {processor.py:186} INFO - Started process (PID=2466) to work on /home/airflow/.local/lib/python3.12/site-packages/airflow/example_dags/example_sla_dag.py
[2026-06-29T22:27:31.900+0000] {processor.py:914} INFO - Processing file /home/airflow/.local/lib/python3.12/site-packages/airflow/example_dags/example_sla_dag.py for tasks to queue
[2026-06-29T22:27:31.903+0000] {logging_mixin.py:190} INFO - [2026-06-29T22:27:31.902+0000] {dagbag.py:588} INFO - Filling up the DagBag from /home/airflow/.local/lib/python3.12/site-packages/airflow/example_dags/example_sla_dag.py
[2026-06-29T22:27:31.916+0000] {processor.py:925} INFO - DAG(s) 'example_sla_dag' retrieved from /home/airflow/.local/lib/python3.12/site-packages/airflow/example_dags/example_sla_dag.py
[2026-06-29T22:27:31.938+0000] {logging_mixin.py:190} INFO - [2026-06-29T22:27:31.938+0000] {dag.py:3239} INFO - Sync 1 DAGs
[2026-06-29T22:27:31.962+0000] {logging_mixin.py:190} INFO - [2026-06-29T22:27:31.962+0000] {dag.py:4180} INFO - Setting next_dagrun for example_sla_dag to 2026-06-29 22:24:00+00:00, run_after=2026-06-29 22:26:00+00:00
[2026-06-29T22:27:31.981+0000] {processor.py:208} INFO - Processing /home/airflow/.local/lib/python3.12/site-packages/airflow/example_dags/example_sla_dag.py took 0.090 seconds
[2026-06-29T22:28:02.088+0000] {processor.py:186} INFO - Started process (PID=2529) to work on /home/airflow/.local/lib/python3.12/site-packages/airflow/example_dags/example_sla_dag.py
[2026-06-29T22:28:02.090+0000] {processor.py:914} INFO - Processing file /home/airflow/.local/lib/python3.12/site-packages/airflow/example_dags/example_sla_dag.py for tasks to queue
[2026-06-29T22:28:02.094+0000] {logging_mixin.py:190} INFO - [2026-06-29T22:28:02.093+0000] {dagbag.py:588} INFO - Filling up the DagBag from /home/airflow/.local/lib/python3.12/site-packages/airflow/example_dags/example_sla_dag.py
[2026-06-29T22:28:02.106+0000] {processor.py:925} INFO - DAG(s) 'example_sla_dag' retrieved from /home/airflow/.local/lib/python3.12/site-packages/airflow/example_dags/example_sla_dag.py
[2026-06-29T22:28:02.128+0000] {logging_mixin.py:190} INFO - [2026-06-29T22:28:02.128+0000] {dag.py:3239} INFO - Sync 1 DAGs
[2026-06-29T22:28:02.160+0000] {logging_mixin.py:190} INFO - [2026-06-29T22:28:02.160+0000] {dag.py:4180} INFO - Setting next_dagrun for example_sla_dag to 2026-06-29 22:26:00+00:00, run_after=2026-06-29 22:28:00+00:00
[2026-06-29T22:28:02.187+0000] {processor.py:208} INFO - Processing /home/airflow/.local/lib/python3.12/site-packages/airflow/example_dags/example_sla_dag.py took 0.113 seconds
[2026-06-29T22:28:33.248+0000] {processor.py:186} INFO - Started process (PID=2589) to work on /home/airflow/.local/lib/python3.12/site-packages/airflow/example_dags/example_sla_dag.py
[2026-06-29T22:28:33.259+0000] {processor.py:914} INFO - Processing file /home/airflow/.local/lib/python3.12/site-packages/airflow/example_dags/example_sla_dag.py for tasks to queue
[2026-06-29T22:28:33.270+0000] {logging_mixin.py:190} INFO - [2026-06-29T22:28:33.268+0000] {dagbag.py:588} INFO - Filling up the DagBag from /home/airflow/.local/lib/python3.12/site-packages/airflow/example_dags/example_sla_dag.py
[2026-06-29T22:28:33.317+0000] {processor.py:925} INFO - DAG(s) 'example_sla_dag' retrieved from /home/airflow/.local/lib/python3.12/site-packages/airflow/example_dags/example_sla_dag.py
[2026-06-29T22:28:33.381+0000] {logging_mixin.py:190} INFO - [2026-06-29T22:28:33.380+0000] {dag.py:3239} INFO - Sync 1 DAGs
[2026-06-29T22:28:33.445+0000] {logging_mixin.py:190} INFO - [2026-06-29T22:28:33.445+0000] {dag.py:4180} INFO - Setting next_dagrun for example_sla_dag to 2026-06-29 22:26:00+00:00, run_after=2026-06-29 22:28:00+00:00
[2026-06-29T22:28:33.491+0000] {processor.py:208} INFO - Processing /home/airflow/.local/lib/python3.12/site-packages/airflow/example_dags/example_sla_dag.py took 0.271 seconds
[2026-06-29T22:29:04.475+0000] {processor.py:186} INFO - Started process (PID=2653) to work on /home/airflow/.local/lib/python3.12/site-packages/airflow/example_dags/example_sla_dag.py
[2026-06-29T22:29:04.477+0000] {processor.py:914} INFO - Processing file /home/airflow/.local/lib/python3.12/site-packages/airflow/example_dags/example_sla_dag.py for tasks to queue
[2026-06-29T22:29:04.480+0000] {logging_mixin.py:190} INFO - [2026-06-29T22:29:04.479+0000] {dagbag.py:588} INFO - Filling up the DagBag from /home/airflow/.local/lib/python3.12/site-packages/airflow/example_dags/example_sla_dag.py
[2026-06-29T22:29:04.493+0000] {processor.py:925} INFO - DAG(s) 'example_sla_dag' retrieved from /home/airflow/.local/lib/python3.12/site-packages/airflow/example_dags/example_sla_dag.py
[2026-06-29T22:29:04.520+0000] {logging_mixin.py:190} INFO - [2026-06-29T22:29:04.520+0000] {dag.py:3239} INFO - Sync 1 DAGs
[2026-06-29T22:29:04.548+0000] {logging_mixin.py:190} INFO - [2026-06-29T22:29:04.548+0000] {dag.py:4180} INFO - Setting next_dagrun for example_sla_dag to 2026-06-29 22:26:00+00:00, run_after=2026-06-29 22:28:00+00:00
[2026-06-29T22:29:04.572+0000] {processor.py:208} INFO - Processing /home/airflow/.local/lib/python3.12/site-packages/airflow/example_dags/example_sla_dag.py took 0.106 seconds
[2026-06-29T22:29:36.865+0000] {processor.py:186} INFO - Started process (PID=2717) to work on /home/airflow/.local/lib/python3.12/site-packages/airflow/example_dags/example_sla_dag.py
[2026-06-29T22:29:36.869+0000] {processor.py:914} INFO - Processing file /home/airflow/.local/lib/python3.12/site-packages/airflow/example_dags/example_sla_dag.py for tasks to queue
[2026-06-29T22:29:36.875+0000] {logging_mixin.py:190} INFO - [2026-06-29T22:29:36.875+0000] {dagbag.py:588} INFO - Filling up the DagBag from /home/airflow/.local/lib/python3.12/site-packages/airflow/example_dags/example_sla_dag.py
[2026-06-29T22:29:36.898+0000] {processor.py:925} INFO - DAG(s) 'example_sla_dag' retrieved from /home/airflow/.local/lib/python3.12/site-packages/airflow/example_dags/example_sla_dag.py
[2026-06-29T22:29:36.945+0000] {logging_mixin.py:190} INFO - [2026-06-29T22:29:36.945+0000] {dag.py:3239} INFO - Sync 1 DAGs
[2026-06-29T22:29:36.988+0000] {logging_mixin.py:190} INFO - [2026-06-29T22:29:36.988+0000] {dag.py:4180} INFO - Setting next_dagrun for example_sla_dag to 2026-06-29 22:26:00+00:00, run_after=2026-06-29 22:28:00+00:00
[2026-06-29T22:29:37.033+0000] {processor.py:208} INFO - Processing /home/airflow/.local/lib/python3.12/site-packages/airflow/example_dags/example_sla_dag.py took 0.177 seconds
[2026-06-29T22:30:07.323+0000] {processor.py:186} INFO - Started process (PID=2781) to work on /home/airflow/.local/lib/python3.12/site-packages/airflow/example_dags/example_sla_dag.py
[2026-06-29T22:30:07.326+0000] {processor.py:914} INFO - Processing file /home/airflow/.local/lib/python3.12/site-packages/airflow/example_dags/example_sla_dag.py for tasks to queue
[2026-06-29T22:30:07.334+0000] {logging_mixin.py:190} INFO - [2026-06-29T22:30:07.332+0000] {dagbag.py:588} INFO - Filling up the DagBag from /home/airflow/.local/lib/python3.12/site-packages/airflow/example_dags/example_sla_dag.py
[2026-06-29T22:30:07.370+0000] {processor.py:925} INFO - DAG(s) 'example_sla_dag' retrieved from /home/airflow/.local/lib/python3.12/site-packages/airflow/example_dags/example_sla_dag.py
[2026-06-29T22:30:07.428+0000] {logging_mixin.py:190} INFO - [2026-06-29T22:30:07.428+0000] {dag.py:3239} INFO - Sync 1 DAGs
[2026-06-29T22:30:07.520+0000] {logging_mixin.py:190} INFO - [2026-06-29T22:30:07.519+0000] {dag.py:4180} INFO - Setting next_dagrun for example_sla_dag to 2026-06-29 22:28:00+00:00, run_after=2026-06-29 22:30:00+00:00
[2026-06-29T22:30:07.583+0000] {processor.py:208} INFO - Processing /home/airflow/.local/lib/python3.12/site-packages/airflow/example_dags/example_sla_dag.py took 0.275 seconds
[2026-06-29T22:30:38.990+0000] {processor.py:186} INFO - Started process (PID=2844) to work on /home/airflow/.local/lib/python3.12/site-packages/airflow/example_dags/example_sla_dag.py
[2026-06-29T22:30:39.001+0000] {processor.py:914} INFO - Processing file /home/airflow/.local/lib/python3.12/site-packages/airflow/example_dags/example_sla_dag.py for tasks to queue
[2026-06-29T22:30:39.036+0000] {logging_mixin.py:190} INFO - [2026-06-29T22:30:39.034+0000] {dagbag.py:588} INFO - Filling up the DagBag from /home/airflow/.local/lib/python3.12/site-packages/airflow/example_dags/example_sla_dag.py
[2026-06-29T22:30:39.112+0000] {processor.py:925} INFO - DAG(s) 'example_sla_dag' retrieved from /home/airflow/.local/lib/python3.12/site-packages/airflow/example_dags/example_sla_dag.py
[2026-06-29T22:30:39.184+0000] {logging_mixin.py:190} INFO - [2026-06-29T22:30:39.183+0000] {dag.py:3239} INFO - Sync 1 DAGs
[2026-06-29T22:30:39.273+0000] {logging_mixin.py:190} INFO - [2026-06-29T22:30:39.272+0000] {dag.py:4180} INFO - Setting next_dagrun for example_sla_dag to 2026-06-29 22:28:00+00:00, run_after=2026-06-29 22:30:00+00:00
[2026-06-29T22:30:39.354+0000] {processor.py:208} INFO - Processing /home/airflow/.local/lib/python3.12/site-packages/airflow/example_dags/example_sla_dag.py took 0.392 seconds
[2026-06-29T22:31:10.261+0000] {processor.py:186} INFO - Started process (PID=2908) to work on /home/airflow/.local/lib/python3.12/site-packages/airflow/example_dags/example_sla_dag.py
[2026-06-29T22:31:10.266+0000] {processor.py:914} INFO - Processing file /home/airflow/.local/lib/python3.12/site-packages/airflow/example_dags/example_sla_dag.py for tasks to queue
[2026-06-29T22:31:10.275+0000] {logging_mixin.py:190} INFO - [2026-06-29T22:31:10.274+0000] {dagbag.py:588} INFO - Filling up the DagBag from /home/airflow/.local/lib/python3.12/site-packages/airflow/example_dags/example_sla_dag.py
[2026-06-29T22:31:10.307+0000] {processor.py:925} INFO - DAG(s) 'example_sla_dag' retrieved from /home/airflow/.local/lib/python3.12/site-packages/airflow/example_dags/example_sla_dag.py
[2026-06-29T22:31:10.343+0000] {logging_mixin.py:190} INFO - [2026-06-29T22:31:10.343+0000] {dag.py:3239} INFO - Sync 1 DAGs
[2026-06-29T22:31:10.387+0000] {logging_mixin.py:190} INFO - [2026-06-29T22:31:10.387+0000] {dag.py:4180} INFO - Setting next_dagrun for example_sla_dag to 2026-06-29 22:28:00+00:00, run_after=2026-06-29 22:30:00+00:00
[2026-06-29T22:31:10.421+0000] {processor.py:208} INFO - Processing /home/airflow/.local/lib/python3.12/site-packages/airflow/example_dags/example_sla_dag.py took 0.170 seconds
[2026-06-29T22:31:40.985+0000] {processor.py:186} INFO - Started process (PID=2979) to work on /home/airflow/.local/lib/python3.12/site-packages/airflow/example_dags/example_sla_dag.py
[2026-06-29T22:31:40.988+0000] {processor.py:914} INFO - Processing file /home/airflow/.local/lib/python3.12/site-packages/airflow/example_dags/example_sla_dag.py for tasks to queue
[2026-06-29T22:31:40.996+0000] {logging_mixin.py:190} INFO - [2026-06-29T22:31:40.993+0000] {dagbag.py:588} INFO - Filling up the DagBag from /home/airflow/.local/lib/python3.12/site-packages/airflow/example_dags/example_sla_dag.py
[2026-06-29T22:31:41.033+0000] {processor.py:925} INFO - DAG(s) 'example_sla_dag' retrieved from /home/airflow/.local/lib/python3.12/site-packages/airflow/example_dags/example_sla_dag.py
[2026-06-29T22:31:41.093+0000] {logging_mixin.py:190} INFO - [2026-06-29T22:31:41.092+0000] {dag.py:3239} INFO - Sync 1 DAGs
[2026-06-29T22:31:41.198+0000] {logging_mixin.py:190} INFO - [2026-06-29T22:31:41.197+0000] {dag.py:4180} INFO - Setting next_dagrun for example_sla_dag to 2026-06-29 22:28:00+00:00, run_after=2026-06-29 22:30:00+00:00
[2026-06-29T22:31:41.273+0000] {processor.py:208} INFO - Processing /home/airflow/.local/lib/python3.12/site-packages/airflow/example_dags/example_sla_dag.py took 0.303 seconds
[2026-06-29T22:32:11.767+0000] {processor.py:186} INFO - Started process (PID=3098) to work on /home/airflow/.local/lib/python3.12/site-packages/airflow/example_dags/example_sla_dag.py
[2026-06-29T22:32:11.777+0000] {processor.py:914} INFO - Processing file /home/airflow/.local/lib/python3.12/site-packages/airflow/example_dags/example_sla_dag.py for tasks to queue
[2026-06-29T22:32:11.799+0000] {logging_mixin.py:190} INFO - [2026-06-29T22:32:11.798+0000] {dagbag.py:588} INFO - Filling up the DagBag from /home/airflow/.local/lib/python3.12/site-packages/airflow/example_dags/example_sla_dag.py
[2026-06-29T22:32:11.854+0000] {processor.py:925} INFO - DAG(s) 'example_sla_dag' retrieved from /home/airflow/.local/lib/python3.12/site-packages/airflow/example_dags/example_sla_dag.py
[2026-06-29T22:32:11.935+0000] {logging_mixin.py:190} INFO - [2026-06-29T22:32:11.934+0000] {dag.py:3239} INFO - Sync 1 DAGs
[2026-06-29T22:32:12.031+0000] {logging_mixin.py:190} INFO - [2026-06-29T22:32:12.030+0000] {dag.py:4180} INFO - Setting next_dagrun for example_sla_dag to 2026-06-29 22:30:00+00:00, run_after=2026-06-29 22:32:00+00:00
[2026-06-29T22:32:12.102+0000] {processor.py:208} INFO - Processing /home/airflow/.local/lib/python3.12/site-packages/airflow/example_dags/example_sla_dag.py took 0.362 seconds
[2026-06-29T22:32:42.611+0000] {processor.py:186} INFO - Started process (PID=3201) to work on /home/airflow/.local/lib/python3.12/site-packages/airflow/example_dags/example_sla_dag.py
[2026-06-29T22:32:42.614+0000] {processor.py:914} INFO - Processing file /home/airflow/.local/lib/python3.12/site-packages/airflow/example_dags/example_sla_dag.py for tasks to queue
[2026-06-29T22:32:42.620+0000] {logging_mixin.py:190} INFO - [2026-06-29T22:32:42.619+0000] {dagbag.py:588} INFO - Filling up the DagBag from /home/airflow/.local/lib/python3.12/site-packages/airflow/example_dags/example_sla_dag.py
[2026-06-29T22:32:42.651+0000] {processor.py:925} INFO - DAG(s) 'example_sla_dag' retrieved from /home/airflow/.local/lib/python3.12/site-packages/airflow/example_dags/example_sla_dag.py
[2026-06-29T22:32:42.748+0000] {logging_mixin.py:190} INFO - [2026-06-29T22:32:42.747+0000] {dag.py:3239} INFO - Sync 1 DAGs
[2026-06-29T22:32:42.824+0000] {logging_mixin.py:190} INFO - [2026-06-29T22:32:42.823+0000] {dag.py:4180} INFO - Setting next_dagrun for example_sla_dag to 2026-06-29 22:30:00+00:00, run_after=2026-06-29 22:32:00+00:00
[2026-06-29T22:32:42.912+0000] {processor.py:208} INFO - Processing /home/airflow/.local/lib/python3.12/site-packages/airflow/example_dags/example_sla_dag.py took 0.321 seconds
[2026-06-29T22:33:13.358+0000] {processor.py:186} INFO - Started process (PID=3275) to work on /home/airflow/.local/lib/python3.12/site-packages/airflow/example_dags/example_sla_dag.py
[2026-06-29T22:33:13.360+0000] {processor.py:914} INFO - Processing file /home/airflow/.local/lib/python3.12/site-packages/airflow/example_dags/example_sla_dag.py for tasks to queue
[2026-06-29T22:33:13.363+0000] {logging_mixin.py:190} INFO - [2026-06-29T22:33:13.363+0000] {dagbag.py:588} INFO - Filling up the DagBag from /home/airflow/.local/lib/python3.12/site-packages/airflow/example_dags/example_sla_dag.py
[2026-06-29T22:33:13.375+0000] {processor.py:925} INFO - DAG(s) 'example_sla_dag' retrieved from /home/airflow/.local/lib/python3.12/site-packages/airflow/example_dags/example_sla_dag.py
[2026-06-29T22:33:13.397+0000] {logging_mixin.py:190} INFO - [2026-06-29T22:33:13.396+0000] {dag.py:3239} INFO - Sync 1 DAGs
[2026-06-29T22:33:13.424+0000] {logging_mixin.py:190} INFO - [2026-06-29T22:33:13.424+0000] {dag.py:4180} INFO - Setting next_dagrun for example_sla_dag to 2026-06-29 22:30:00+00:00, run_after=2026-06-29 22:32:00+00:00
[2026-06-29T22:33:13.447+0000] {processor.py:208} INFO - Processing /home/airflow/.local/lib/python3.12/site-packages/airflow/example_dags/example_sla_dag.py took 0.099 seconds
[2026-06-29T22:33:43.774+0000] {processor.py:186} INFO - Started process (PID=3338) to work on /home/airflow/.local/lib/python3.12/site-packages/airflow/example_dags/example_sla_dag.py
[2026-06-29T22:33:43.776+0000] {processor.py:914} INFO - Processing file /home/airflow/.local/lib/python3.12/site-packages/airflow/example_dags/example_sla_dag.py for tasks to queue
[2026-06-29T22:33:43.780+0000] {logging_mixin.py:190} INFO - [2026-06-29T22:33:43.780+0000] {dagbag.py:588} INFO - Filling up the DagBag from /home/airflow/.local/lib/python3.12/site-packages/airflow/example_dags/example_sla_dag.py
[2026-06-29T22:33:43.793+0000] {processor.py:925} INFO - DAG(s) 'example_sla_dag' retrieved from /home/airflow/.local/lib/python3.12/site-packages/airflow/example_dags/example_sla_dag.py
[2026-06-29T22:33:43.821+0000] {logging_mixin.py:190} INFO - [2026-06-29T22:33:43.821+0000] {dag.py:3239} INFO - Sync 1 DAGs
[2026-06-29T22:33:43.858+0000] {logging_mixin.py:190} INFO - [2026-06-29T22:33:43.858+0000] {dag.py:4180} INFO - Setting next_dagrun for example_sla_dag to 2026-06-29 22:30:00+00:00, run_after=2026-06-29 22:32:00+00:00
[2026-06-29T22:33:43.889+0000] {processor.py:208} INFO - Processing /home/airflow/.local/lib/python3.12/site-packages/airflow/example_dags/example_sla_dag.py took 0.125 seconds
[2026-06-29T22:34:14.048+0000] {processor.py:186} INFO - Started process (PID=3402) to work on /home/airflow/.local/lib/python3.12/site-packages/airflow/example_dags/example_sla_dag.py
[2026-06-29T22:34:14.050+0000] {processor.py:914} INFO - Processing file /home/airflow/.local/lib/python3.12/site-packages/airflow/example_dags/example_sla_dag.py for tasks to queue
[2026-06-29T22:34:14.053+0000] {logging_mixin.py:190} INFO - [2026-06-29T22:34:14.053+0000] {dagbag.py:588} INFO - Filling up the DagBag from /home/airflow/.local/lib/python3.12/site-packages/airflow/example_dags/example_sla_dag.py
[2026-06-29T22:34:14.065+0000] {processor.py:925} INFO - DAG(s) 'example_sla_dag' retrieved from /home/airflow/.local/lib/python3.12/site-packages/airflow/example_dags/example_sla_dag.py
[2026-06-29T22:34:14.088+0000] {logging_mixin.py:190} INFO - [2026-06-29T22:34:14.088+0000] {dag.py:3239} INFO - Sync 1 DAGs
[2026-06-29T22:34:14.113+0000] {logging_mixin.py:190} INFO - [2026-06-29T22:34:14.113+0000] {dag.py:4180} INFO - Setting next_dagrun for example_sla_dag to 2026-06-29 22:32:00+00:00, run_after=2026-06-29 22:34:00+00:00
[2026-06-29T22:34:14.135+0000] {processor.py:208} INFO - Processing /home/airflow/.local/lib/python3.12/site-packages/airflow/example_dags/example_sla_dag.py took 0.102 seconds
[2026-06-29T22:34:44.941+0000] {processor.py:186} INFO - Started process (PID=3472) to work on /home/airflow/.local/lib/python3.12/site-packages/airflow/example_dags/example_sla_dag.py
[2026-06-29T22:34:44.944+0000] {processor.py:914} INFO - Processing file /home/airflow/.local/lib/python3.12/site-packages/airflow/example_dags/example_sla_dag.py for tasks to queue
[2026-06-29T22:34:44.954+0000] {logging_mixin.py:190} INFO - [2026-06-29T22:34:44.952+0000] {dagbag.py:588} INFO - Filling up the DagBag from /home/airflow/.local/lib/python3.12/site-packages/airflow/example_dags/example_sla_dag.py
[2026-06-29T22:34:44.992+0000] {processor.py:925} INFO - DAG(s) 'example_sla_dag' retrieved from /home/airflow/.local/lib/python3.12/site-packages/airflow/example_dags/example_sla_dag.py
[2026-06-29T22:34:45.052+0000] {logging_mixin.py:190} INFO - [2026-06-29T22:34:45.051+0000] {dag.py:3239} INFO - Sync 1 DAGs
[2026-06-29T22:34:45.133+0000] {logging_mixin.py:190} INFO - [2026-06-29T22:34:45.132+0000] {dag.py:4180} INFO - Setting next_dagrun for example_sla_dag to 2026-06-29 22:32:00+00:00, run_after=2026-06-29 22:34:00+00:00
[2026-06-29T22:34:45.180+0000] {processor.py:208} INFO - Processing /home/airflow/.local/lib/python3.12/site-packages/airflow/example_dags/example_sla_dag.py took 0.259 seconds
[2026-06-29T22:35:15.533+0000] {processor.py:186} INFO - Started process (PID=3536) to work on /home/airflow/.local/lib/python3.12/site-packages/airflow/example_dags/example_sla_dag.py
[2026-06-29T22:35:15.535+0000] {processor.py:914} INFO - Processing file /home/airflow/.local/lib/python3.12/site-packages/airflow/example_dags/example_sla_dag.py for tasks to queue
[2026-06-29T22:35:15.539+0000] {logging_mixin.py:190} INFO - [2026-06-29T22:35:15.539+0000] {dagbag.py:588} INFO - Filling up the DagBag from /home/airflow/.local/lib/python3.12/site-packages/airflow/example_dags/example_sla_dag.py
[2026-06-29T22:35:15.553+0000] {processor.py:925} INFO - DAG(s) 'example_sla_dag' retrieved from /home/airflow/.local/lib/python3.12/site-packages/airflow/example_dags/example_sla_dag.py
[2026-06-29T22:35:15.576+0000] {logging_mixin.py:190} INFO - [2026-06-29T22:35:15.576+0000] {dag.py:3239} INFO - Sync 1 DAGs
[2026-06-29T22:35:15.601+0000] {logging_mixin.py:190} INFO - [2026-06-29T22:35:15.601+0000] {dag.py:4180} INFO - Setting next_dagrun for example_sla_dag to 2026-06-29 22:32:00+00:00, run_after=2026-06-29 22:34:00+00:00
[2026-06-29T22:35:15.626+0000] {processor.py:208} INFO - Processing /home/airflow/.local/lib/python3.12/site-packages/airflow/example_dags/example_sla_dag.py took 0.103 seconds
[2026-06-29T22:35:46.117+0000] {processor.py:186} INFO - Started process (PID=3600) to work on /home/airflow/.local/lib/python3.12/site-packages/airflow/example_dags/example_sla_dag.py
[2026-06-29T22:35:46.120+0000] {processor.py:914} INFO - Processing file /home/airflow/.local/lib/python3.12/site-packages/airflow/example_dags/example_sla_dag.py for tasks to queue
[2026-06-29T22:35:46.122+0000] {logging_mixin.py:190} INFO - [2026-06-29T22:35:46.122+0000] {dagbag.py:588} INFO - Filling up the DagBag from /home/airflow/.local/lib/python3.12/site-packages/airflow/example_dags/example_sla_dag.py
[2026-06-29T22:35:46.133+0000] {processor.py:925} INFO - DAG(s) 'example_sla_dag' retrieved from /home/airflow/.local/lib/python3.12/site-packages/airflow/example_dags/example_sla_dag.py
[2026-06-29T22:35:46.157+0000] {logging_mixin.py:190} INFO - [2026-06-29T22:35:46.156+0000] {dag.py:3239} INFO - Sync 1 DAGs
[2026-06-29T22:35:46.185+0000] {logging_mixin.py:190} INFO - [2026-06-29T22:35:46.185+0000] {dag.py:4180} INFO - Setting next_dagrun for example_sla_dag to 2026-06-29 22:32:00+00:00, run_after=2026-06-29 22:34:00+00:00
[2026-06-29T22:35:46.206+0000] {processor.py:208} INFO - Processing /home/airflow/.local/lib/python3.12/site-packages/airflow/example_dags/example_sla_dag.py took 0.099 seconds
[2026-06-29T22:36:16.903+0000] {processor.py:186} INFO - Started process (PID=3664) to work on /home/airflow/.local/lib/python3.12/site-packages/airflow/example_dags/example_sla_dag.py
[2026-06-29T22:36:16.905+0000] {processor.py:914} INFO - Processing file /home/airflow/.local/lib/python3.12/site-packages/airflow/example_dags/example_sla_dag.py for tasks to queue
[2026-06-29T22:36:16.909+0000] {logging_mixin.py:190} INFO - [2026-06-29T22:36:16.908+0000] {dagbag.py:588} INFO - Filling up the DagBag from /home/airflow/.local/lib/python3.12/site-packages/airflow/example_dags/example_sla_dag.py
[2026-06-29T22:36:16.923+0000] {processor.py:925} INFO - DAG(s) 'example_sla_dag' retrieved from /home/airflow/.local/lib/python3.12/site-packages/airflow/example_dags/example_sla_dag.py
[2026-06-29T22:36:16.945+0000] {logging_mixin.py:190} INFO - [2026-06-29T22:36:16.945+0000] {dag.py:3239} INFO - Sync 1 DAGs
[2026-06-29T22:36:16.972+0000] {logging_mixin.py:190} INFO - [2026-06-29T22:36:16.972+0000] {dag.py:4180} INFO - Setting next_dagrun for example_sla_dag to 2026-06-29 22:34:00+00:00, run_after=2026-06-29 22:36:00+00:00
[2026-06-29T22:36:16.991+0000] {processor.py:208} INFO - Processing /home/airflow/.local/lib/python3.12/site-packages/airflow/example_dags/example_sla_dag.py took 0.099 seconds
[2026-06-29T22:36:48.171+0000] {processor.py:186} INFO - Started process (PID=3728) to work on /home/airflow/.local/lib/python3.12/site-packages/airflow/example_dags/example_sla_dag.py
[2026-06-29T22:36:48.174+0000] {processor.py:914} INFO - Processing file /home/airflow/.local/lib/python3.12/site-packages/airflow/example_dags/example_sla_dag.py for tasks to queue
[2026-06-29T22:36:48.182+0000] {logging_mixin.py:190} INFO - [2026-06-29T22:36:48.180+0000] {dagbag.py:588} INFO - Filling up the DagBag from /home/airflow/.local/lib/python3.12/site-packages/airflow/example_dags/example_sla_dag.py
[2026-06-29T22:36:48.202+0000] {processor.py:925} INFO - DAG(s) 'example_sla_dag' retrieved from /home/airflow/.local/lib/python3.12/site-packages/airflow/example_dags/example_sla_dag.py
[2026-06-29T22:36:48.243+0000] {logging_mixin.py:190} INFO - [2026-06-29T22:36:48.243+0000] {dag.py:3239} INFO - Sync 1 DAGs
[2026-06-29T22:36:48.319+0000] {logging_mixin.py:190} INFO - [2026-06-29T22:36:48.318+0000] {dag.py:4180} INFO - Setting next_dagrun for example_sla_dag to 2026-06-29 22:34:00+00:00, run_after=2026-06-29 22:36:00+00:00
[2026-06-29T22:36:48.590+0000] {processor.py:208} INFO - Processing /home/airflow/.local/lib/python3.12/site-packages/airflow/example_dags/example_sla_dag.py took 0.438 seconds
[2026-06-29T22:37:19.296+0000] {processor.py:186} INFO - Started process (PID=3792) to work on /home/airflow/.local/lib/python3.12/site-packages/airflow/example_dags/example_sla_dag.py
[2026-06-29T22:37:19.298+0000] {processor.py:914} INFO - Processing file /home/airflow/.local/lib/python3.12/site-packages/airflow/example_dags/example_sla_dag.py for tasks to queue
[2026-06-29T22:37:19.305+0000] {logging_mixin.py:190} INFO - [2026-06-29T22:37:19.304+0000] {dagbag.py:588} INFO - Filling up the DagBag from /home/airflow/.local/lib/python3.12/site-packages/airflow/example_dags/example_sla_dag.py
[2026-06-29T22:37:19.333+0000] {processor.py:925} INFO - DAG(s) 'example_sla_dag' retrieved from /home/airflow/.local/lib/python3.12/site-packages/airflow/example_dags/example_sla_dag.py
[2026-06-29T22:37:19.379+0000] {logging_mixin.py:190} INFO - [2026-06-29T22:37:19.379+0000] {dag.py:3239} INFO - Sync 1 DAGs
[2026-06-29T22:37:19.436+0000] {logging_mixin.py:190} INFO - [2026-06-29T22:37:19.435+0000] {dag.py:4180} INFO - Setting next_dagrun for example_sla_dag to 2026-06-29 22:34:00+00:00, run_after=2026-06-29 22:36:00+00:00
[2026-06-29T22:37:19.758+0000] {processor.py:208} INFO - Processing /home/airflow/.local/lib/python3.12/site-packages/airflow/example_dags/example_sla_dag.py took 0.482 seconds
[2026-06-29T22:37:50.416+0000] {processor.py:186} INFO - Started process (PID=3856) to work on /home/airflow/.local/lib/python3.12/site-packages/airflow/example_dags/example_sla_dag.py
[2026-06-29T22:37:50.418+0000] {processor.py:914} INFO - Processing file /home/airflow/.local/lib/python3.12/site-packages/airflow/example_dags/example_sla_dag.py for tasks to queue
[2026-06-29T22:37:50.423+0000] {logging_mixin.py:190} INFO - [2026-06-29T22:37:50.422+0000] {dagbag.py:588} INFO - Filling up the DagBag from /home/airflow/.local/lib/python3.12/site-packages/airflow/example_dags/example_sla_dag.py
[2026-06-29T22:37:50.437+0000] {processor.py:925} INFO - DAG(s) 'example_sla_dag' retrieved from /home/airflow/.local/lib/python3.12/site-packages/airflow/example_dags/example_sla_dag.py
[2026-06-29T22:37:50.473+0000] {logging_mixin.py:190} INFO - [2026-06-29T22:37:50.472+0000] {dag.py:3239} INFO - Sync 1 DAGs
[2026-06-29T22:37:50.516+0000] {logging_mixin.py:190} INFO - [2026-06-29T22:37:50.516+0000] {dag.py:4180} INFO - Setting next_dagrun for example_sla_dag to 2026-06-29 22:34:00+00:00, run_after=2026-06-29 22:36:00+00:00
[2026-06-29T22:37:50.544+0000] {processor.py:208} INFO - Processing /home/airflow/.local/lib/python3.12/site-packages/airflow/example_dags/example_sla_dag.py took 0.139 seconds
[2026-06-29T22:38:20.811+0000] {processor.py:186} INFO - Started process (PID=3919) to work on /home/airflow/.local/lib/python3.12/site-packages/airflow/example_dags/example_sla_dag.py
[2026-06-29T22:38:20.813+0000] {processor.py:914} INFO - Processing file /home/airflow/.local/lib/python3.12/site-packages/airflow/example_dags/example_sla_dag.py for tasks to queue
[2026-06-29T22:38:20.816+0000] {logging_mixin.py:190} INFO - [2026-06-29T22:38:20.815+0000] {dagbag.py:588} INFO - Filling up the DagBag from /home/airflow/.local/lib/python3.12/site-packages/airflow/example_dags/example_sla_dag.py
[2026-06-29T22:38:20.827+0000] {processor.py:925} INFO - DAG(s) 'example_sla_dag' retrieved from /home/airflow/.local/lib/python3.12/site-packages/airflow/example_dags/example_sla_dag.py
[2026-06-29T22:38:20.848+0000] {logging_mixin.py:190} INFO - [2026-06-29T22:38:20.848+0000] {dag.py:3239} INFO - Sync 1 DAGs
[2026-06-29T22:38:20.878+0000] {logging_mixin.py:190} INFO - [2026-06-29T22:38:20.878+0000] {dag.py:4180} INFO - Setting next_dagrun for example_sla_dag to 2026-06-29 22:36:00+00:00, run_after=2026-06-29 22:38:00+00:00
[2026-06-29T22:38:20.898+0000] {processor.py:208} INFO - Processing /home/airflow/.local/lib/python3.12/site-packages/airflow/example_dags/example_sla_dag.py took 0.097 seconds
[2026-06-29T22:38:51.144+0000] {processor.py:186} INFO - Started process (PID=3982) to work on /home/airflow/.local/lib/python3.12/site-packages/airflow/example_dags/example_sla_dag.py
[2026-06-29T22:38:51.146+0000] {processor.py:914} INFO - Processing file /home/airflow/.local/lib/python3.12/site-packages/airflow/example_dags/example_sla_dag.py for tasks to queue
[2026-06-29T22:38:51.151+0000] {logging_mixin.py:190} INFO - [2026-06-29T22:38:51.150+0000] {dagbag.py:588} INFO - Filling up the DagBag from /home/airflow/.local/lib/python3.12/site-packages/airflow/example_dags/example_sla_dag.py
[2026-06-29T22:38:51.165+0000] {processor.py:925} INFO - DAG(s) 'example_sla_dag' retrieved from /home/airflow/.local/lib/python3.12/site-packages/airflow/example_dags/example_sla_dag.py
[2026-06-29T22:38:51.195+0000] {logging_mixin.py:190} INFO - [2026-06-29T22:38:51.195+0000] {dag.py:3239} INFO - Sync 1 DAGs
[2026-06-29T22:38:51.233+0000] {logging_mixin.py:190} INFO - [2026-06-29T22:38:51.232+0000] {dag.py:4180} INFO - Setting next_dagrun for example_sla_dag to 2026-06-29 22:36:00+00:00, run_after=2026-06-29 22:38:00+00:00
[2026-06-29T22:38:51.267+0000] {processor.py:208} INFO - Processing /home/airflow/.local/lib/python3.12/site-packages/airflow/example_dags/example_sla_dag.py took 0.136 seconds
[2026-06-29T22:39:21.378+0000] {processor.py:186} INFO - Started process (PID=4046) to work on /home/airflow/.local/lib/python3.12/site-packages/airflow/example_dags/example_sla_dag.py
[2026-06-29T22:39:21.381+0000] {processor.py:914} INFO - Processing file /home/airflow/.local/lib/python3.12/site-packages/airflow/example_dags/example_sla_dag.py for tasks to queue
[2026-06-29T22:39:21.387+0000] {logging_mixin.py:190} INFO - [2026-06-29T22:39:21.386+0000] {dagbag.py:588} INFO - Filling up the DagBag from /home/airflow/.local/lib/python3.12/site-packages/airflow/example_dags/example_sla_dag.py
[2026-06-29T22:39:21.412+0000] {processor.py:925} INFO - DAG(s) 'example_sla_dag' retrieved from /home/airflow/.local/lib/python3.12/site-packages/airflow/example_dags/example_sla_dag.py
[2026-06-29T22:39:21.762+0000] {logging_mixin.py:190} INFO - [2026-06-29T22:39:21.762+0000] {dag.py:3239} INFO - Sync 1 DAGs
[2026-06-29T22:39:21.810+0000] {logging_mixin.py:190} INFO - [2026-06-29T22:39:21.810+0000] {dag.py:4180} INFO - Setting next_dagrun for example_sla_dag to 2026-06-29 22:36:00+00:00, run_after=2026-06-29 22:38:00+00:00
[2026-06-29T22:39:21.848+0000] {processor.py:208} INFO - Processing /home/airflow/.local/lib/python3.12/site-packages/airflow/example_dags/example_sla_dag.py took 0.493 seconds
[2026-06-29T22:39:52.891+0000] {processor.py:186} INFO - Started process (PID=4108) to work on /home/airflow/.local/lib/python3.12/site-packages/airflow/example_dags/example_sla_dag.py
[2026-06-29T22:39:52.896+0000] {processor.py:914} INFO - Processing file /home/airflow/.local/lib/python3.12/site-packages/airflow/example_dags/example_sla_dag.py for tasks to queue
[2026-06-29T22:39:52.906+0000] {logging_mixin.py:190} INFO - [2026-06-29T22:39:52.905+0000] {dagbag.py:588} INFO - Filling up the DagBag from /home/airflow/.local/lib/python3.12/site-packages/airflow/example_dags/example_sla_dag.py
[2026-06-29T22:39:52.933+0000] {processor.py:925} INFO - DAG(s) 'example_sla_dag' retrieved from /home/airflow/.local/lib/python3.12/site-packages/airflow/example_dags/example_sla_dag.py
[2026-06-29T22:39:52.977+0000] {logging_mixin.py:190} INFO - [2026-06-29T22:39:52.977+0000] {dag.py:3239} INFO - Sync 1 DAGs
[2026-06-29T22:39:53.405+0000] {logging_mixin.py:190} INFO - [2026-06-29T22:39:53.405+0000] {dag.py:4180} INFO - Setting next_dagrun for example_sla_dag to 2026-06-29 22:36:00+00:00, run_after=2026-06-29 22:38:00+00:00
[2026-06-29T22:39:53.514+0000] {processor.py:208} INFO - Processing /home/airflow/.local/lib/python3.12/site-packages/airflow/example_dags/example_sla_dag.py took 0.651 seconds
[2026-06-29T22:41:24.734+0000] {processor.py:186} INFO - Started process (PID=99) to work on /home/airflow/.local/lib/python3.12/site-packages/airflow/example_dags/example_sla_dag.py
[2026-06-29T22:41:24.740+0000] {processor.py:914} INFO - Processing file /home/airflow/.local/lib/python3.12/site-packages/airflow/example_dags/example_sla_dag.py for tasks to queue
[2026-06-29T22:41:24.754+0000] {logging_mixin.py:190} INFO - [2026-06-29T22:41:24.753+0000] {dagbag.py:588} INFO - Filling up the DagBag from /home/airflow/.local/lib/python3.12/site-packages/airflow/example_dags/example_sla_dag.py
[2026-06-29T22:41:24.811+0000] {processor.py:925} INFO - DAG(s) 'example_sla_dag' retrieved from /home/airflow/.local/lib/python3.12/site-packages/airflow/example_dags/example_sla_dag.py
[2026-06-29T22:41:24.932+0000] {logging_mixin.py:190} INFO - [2026-06-29T22:41:24.931+0000] {dag.py:3239} INFO - Sync 1 DAGs
[2026-06-29T22:41:25.065+0000] {logging_mixin.py:190} INFO - [2026-06-29T22:41:25.065+0000] {dag.py:4180} INFO - Setting next_dagrun for example_sla_dag to 2026-06-29 22:38:00+00:00, run_after=2026-06-29 22:40:00+00:00
[2026-06-29T22:41:25.123+0000] {processor.py:208} INFO - Processing /home/airflow/.local/lib/python3.12/site-packages/airflow/example_dags/example_sla_dag.py took 0.409 seconds
[2026-06-29T22:41:56.045+0000] {processor.py:186} INFO - Started process (PID=163) to work on /home/airflow/.local/lib/python3.12/site-packages/airflow/example_dags/example_sla_dag.py
[2026-06-29T22:41:56.048+0000] {processor.py:914} INFO - Processing file /home/airflow/.local/lib/python3.12/site-packages/airflow/example_dags/example_sla_dag.py for tasks to queue
[2026-06-29T22:41:56.053+0000] {logging_mixin.py:190} INFO - [2026-06-29T22:41:56.052+0000] {dagbag.py:588} INFO - Filling up the DagBag from /home/airflow/.local/lib/python3.12/site-packages/airflow/example_dags/example_sla_dag.py
[2026-06-29T22:41:56.073+0000] {processor.py:925} INFO - DAG(s) 'example_sla_dag' retrieved from /home/airflow/.local/lib/python3.12/site-packages/airflow/example_dags/example_sla_dag.py
[2026-06-29T22:41:56.140+0000] {logging_mixin.py:190} INFO - [2026-06-29T22:41:56.140+0000] {dag.py:3239} INFO - Sync 1 DAGs
[2026-06-29T22:41:56.259+0000] {logging_mixin.py:190} INFO - [2026-06-29T22:41:56.259+0000] {dag.py:4180} INFO - Setting next_dagrun for example_sla_dag to 2026-06-29 22:38:00+00:00, run_after=2026-06-29 22:40:00+00:00
[2026-06-29T22:41:56.349+0000] {processor.py:208} INFO - Processing /home/airflow/.local/lib/python3.12/site-packages/airflow/example_dags/example_sla_dag.py took 0.320 seconds
[2026-06-29T22:42:27.290+0000] {processor.py:186} INFO - Started process (PID=226) to work on /home/airflow/.local/lib/python3.12/site-packages/airflow/example_dags/example_sla_dag.py
[2026-06-29T22:42:27.294+0000] {processor.py:914} INFO - Processing file /home/airflow/.local/lib/python3.12/site-packages/airflow/example_dags/example_sla_dag.py for tasks to queue
[2026-06-29T22:42:27.305+0000] {logging_mixin.py:190} INFO - [2026-06-29T22:42:27.304+0000] {dagbag.py:588} INFO - Filling up the DagBag from /home/airflow/.local/lib/python3.12/site-packages/airflow/example_dags/example_sla_dag.py
[2026-06-29T22:42:27.354+0000] {processor.py:925} INFO - DAG(s) 'example_sla_dag' retrieved from /home/airflow/.local/lib/python3.12/site-packages/airflow/example_dags/example_sla_dag.py
[2026-06-29T22:42:27.458+0000] {logging_mixin.py:190} INFO - [2026-06-29T22:42:27.457+0000] {dag.py:3239} INFO - Sync 1 DAGs
[2026-06-29T22:42:27.563+0000] {logging_mixin.py:190} INFO - [2026-06-29T22:42:27.563+0000] {dag.py:4180} INFO - Setting next_dagrun for example_sla_dag to 2026-06-29 22:40:00+00:00, run_after=2026-06-29 22:42:00+00:00
[2026-06-29T22:42:27.632+0000] {processor.py:208} INFO - Processing /home/airflow/.local/lib/python3.12/site-packages/airflow/example_dags/example_sla_dag.py took 0.368 seconds
[2026-06-29T22:42:58.046+0000] {processor.py:186} INFO - Started process (PID=290) to work on /home/airflow/.local/lib/python3.12/site-packages/airflow/example_dags/example_sla_dag.py
[2026-06-29T22:42:58.050+0000] {processor.py:914} INFO - Processing file /home/airflow/.local/lib/python3.12/site-packages/airflow/example_dags/example_sla_dag.py for tasks to queue
[2026-06-29T22:42:58.057+0000] {logging_mixin.py:190} INFO - [2026-06-29T22:42:58.056+0000] {dagbag.py:588} INFO - Filling up the DagBag from /home/airflow/.local/lib/python3.12/site-packages/airflow/example_dags/example_sla_dag.py
[2026-06-29T22:42:58.086+0000] {processor.py:925} INFO - DAG(s) 'example_sla_dag' retrieved from /home/airflow/.local/lib/python3.12/site-packages/airflow/example_dags/example_sla_dag.py
[2026-06-29T22:42:58.152+0000] {logging_mixin.py:190} INFO - [2026-06-29T22:42:58.151+0000] {dag.py:3239} INFO - Sync 1 DAGs
[2026-06-29T22:42:58.207+0000] {logging_mixin.py:190} INFO - [2026-06-29T22:42:58.206+0000] {dag.py:4180} INFO - Setting next_dagrun for example_sla_dag to 2026-06-29 22:40:00+00:00, run_after=2026-06-29 22:42:00+00:00
[2026-06-29T22:42:58.258+0000] {processor.py:208} INFO - Processing /home/airflow/.local/lib/python3.12/site-packages/airflow/example_dags/example_sla_dag.py took 0.229 seconds
[2026-06-29T22:43:28.335+0000] {processor.py:186} INFO - Started process (PID=354) to work on /home/airflow/.local/lib/python3.12/site-packages/airflow/example_dags/example_sla_dag.py
[2026-06-29T22:43:28.338+0000] {processor.py:914} INFO - Processing file /home/airflow/.local/lib/python3.12/site-packages/airflow/example_dags/example_sla_dag.py for tasks to queue
[2026-06-29T22:43:28.344+0000] {logging_mixin.py:190} INFO - [2026-06-29T22:43:28.343+0000] {dagbag.py:588} INFO - Filling up the DagBag from /home/airflow/.local/lib/python3.12/site-packages/airflow/example_dags/example_sla_dag.py
[2026-06-29T22:43:28.368+0000] {processor.py:925} INFO - DAG(s) 'example_sla_dag' retrieved from /home/airflow/.local/lib/python3.12/site-packages/airflow/example_dags/example_sla_dag.py
[2026-06-29T22:43:28.440+0000] {logging_mixin.py:190} INFO - [2026-06-29T22:43:28.440+0000] {dag.py:3239} INFO - Sync 1 DAGs
[2026-06-29T22:43:28.595+0000] {logging_mixin.py:190} INFO - [2026-06-29T22:43:28.594+0000] {dag.py:4180} INFO - Setting next_dagrun for example_sla_dag to 2026-06-29 22:40:00+00:00, run_after=2026-06-29 22:42:00+00:00
[2026-06-29T22:43:28.702+0000] {processor.py:208} INFO - Processing /home/airflow/.local/lib/python3.12/site-packages/airflow/example_dags/example_sla_dag.py took 0.375 seconds
[2026-06-29T22:43:58.879+0000] {processor.py:186} INFO - Started process (PID=419) to work on /home/airflow/.local/lib/python3.12/site-packages/airflow/example_dags/example_sla_dag.py
[2026-06-29T22:43:58.881+0000] {processor.py:914} INFO - Processing file /home/airflow/.local/lib/python3.12/site-packages/airflow/example_dags/example_sla_dag.py for tasks to queue
[2026-06-29T22:43:58.885+0000] {logging_mixin.py:190} INFO - [2026-06-29T22:43:58.885+0000] {dagbag.py:588} INFO - Filling up the DagBag from /home/airflow/.local/lib/python3.12/site-packages/airflow/example_dags/example_sla_dag.py
[2026-06-29T22:43:58.903+0000] {processor.py:925} INFO - DAG(s) 'example_sla_dag' retrieved from /home/airflow/.local/lib/python3.12/site-packages/airflow/example_dags/example_sla_dag.py
[2026-06-29T22:43:58.936+0000] {logging_mixin.py:190} INFO - [2026-06-29T22:43:58.935+0000] {dag.py:3239} INFO - Sync 1 DAGs
[2026-06-29T22:43:58.969+0000] {logging_mixin.py:190} INFO - [2026-06-29T22:43:58.968+0000] {dag.py:4180} INFO - Setting next_dagrun for example_sla_dag to 2026-06-29 22:40:00+00:00, run_after=2026-06-29 22:42:00+00:00
[2026-06-29T22:43:59.007+0000] {processor.py:208} INFO - Processing /home/airflow/.local/lib/python3.12/site-packages/airflow/example_dags/example_sla_dag.py took 0.138 seconds
[2026-06-29T22:44:29.320+0000] {processor.py:186} INFO - Started process (PID=483) to work on /home/airflow/.local/lib/python3.12/site-packages/airflow/example_dags/example_sla_dag.py
[2026-06-29T22:44:29.323+0000] {processor.py:914} INFO - Processing file /home/airflow/.local/lib/python3.12/site-packages/airflow/example_dags/example_sla_dag.py for tasks to queue
[2026-06-29T22:44:29.326+0000] {logging_mixin.py:190} INFO - [2026-06-29T22:44:29.326+0000] {dagbag.py:588} INFO - Filling up the DagBag from /home/airflow/.local/lib/python3.12/site-packages/airflow/example_dags/example_sla_dag.py
[2026-06-29T22:44:29.338+0000] {processor.py:925} INFO - DAG(s) 'example_sla_dag' retrieved from /home/airflow/.local/lib/python3.12/site-packages/airflow/example_dags/example_sla_dag.py
[2026-06-29T22:44:29.358+0000] {logging_mixin.py:190} INFO - [2026-06-29T22:44:29.357+0000] {dag.py:3239} INFO - Sync 1 DAGs
[2026-06-29T22:44:29.381+0000] {logging_mixin.py:190} INFO - [2026-06-29T22:44:29.381+0000] {dag.py:4180} INFO - Setting next_dagrun for example_sla_dag to 2026-06-29 22:42:00+00:00, run_after=2026-06-29 22:44:00+00:00
[2026-06-29T22:44:29.400+0000] {processor.py:208} INFO - Processing /home/airflow/.local/lib/python3.12/site-packages/airflow/example_dags/example_sla_dag.py took 0.087 seconds
[2026-06-29T22:45:00.071+0000] {processor.py:186} INFO - Started process (PID=548) to work on /home/airflow/.local/lib/python3.12/site-packages/airflow/example_dags/example_sla_dag.py
[2026-06-29T22:45:00.074+0000] {processor.py:914} INFO - Processing file /home/airflow/.local/lib/python3.12/site-packages/airflow/example_dags/example_sla_dag.py for tasks to queue
[2026-06-29T22:45:00.079+0000] {logging_mixin.py:190} INFO - [2026-06-29T22:45:00.078+0000] {dagbag.py:588} INFO - Filling up the DagBag from /home/airflow/.local/lib/python3.12/site-packages/airflow/example_dags/example_sla_dag.py
[2026-06-29T22:45:00.099+0000] {processor.py:925} INFO - DAG(s) 'example_sla_dag' retrieved from /home/airflow/.local/lib/python3.12/site-packages/airflow/example_dags/example_sla_dag.py
[2026-06-29T22:45:00.133+0000] {logging_mixin.py:190} INFO - [2026-06-29T22:45:00.132+0000] {dag.py:3239} INFO - Sync 1 DAGs
[2026-06-29T22:45:00.172+0000] {logging_mixin.py:190} INFO - [2026-06-29T22:45:00.172+0000] {dag.py:4180} INFO - Setting next_dagrun for example_sla_dag to 2026-06-29 22:42:00+00:00, run_after=2026-06-29 22:44:00+00:00
[2026-06-29T22:45:00.207+0000] {processor.py:208} INFO - Processing /home/airflow/.local/lib/python3.12/site-packages/airflow/example_dags/example_sla_dag.py took 0.145 seconds
[2026-06-29T22:45:30.868+0000] {processor.py:186} INFO - Started process (PID=611) to work on /home/airflow/.local/lib/python3.12/site-packages/airflow/example_dags/example_sla_dag.py
[2026-06-29T22:45:30.870+0000] {processor.py:914} INFO - Processing file /home/airflow/.local/lib/python3.12/site-packages/airflow/example_dags/example_sla_dag.py for tasks to queue
[2026-06-29T22:45:30.876+0000] {logging_mixin.py:190} INFO - [2026-06-29T22:45:30.875+0000] {dagbag.py:588} INFO - Filling up the DagBag from /home/airflow/.local/lib/python3.12/site-packages/airflow/example_dags/example_sla_dag.py
[2026-06-29T22:45:30.894+0000] {processor.py:925} INFO - DAG(s) 'example_sla_dag' retrieved from /home/airflow/.local/lib/python3.12/site-packages/airflow/example_dags/example_sla_dag.py
[2026-06-29T22:45:30.930+0000] {logging_mixin.py:190} INFO - [2026-06-29T22:45:30.930+0000] {dag.py:3239} INFO - Sync 1 DAGs
[2026-06-29T22:45:30.974+0000] {logging_mixin.py:190} INFO - [2026-06-29T22:45:30.974+0000] {dag.py:4180} INFO - Setting next_dagrun for example_sla_dag to 2026-06-29 22:42:00+00:00, run_after=2026-06-29 22:44:00+00:00
[2026-06-29T22:45:31.028+0000] {processor.py:208} INFO - Processing /home/airflow/.local/lib/python3.12/site-packages/airflow/example_dags/example_sla_dag.py took 0.172 seconds
[2026-06-29T22:46:01.320+0000] {processor.py:186} INFO - Started process (PID=675) to work on /home/airflow/.local/lib/python3.12/site-packages/airflow/example_dags/example_sla_dag.py
[2026-06-29T22:46:01.321+0000] {processor.py:914} INFO - Processing file /home/airflow/.local/lib/python3.12/site-packages/airflow/example_dags/example_sla_dag.py for tasks to queue
[2026-06-29T22:46:01.325+0000] {logging_mixin.py:190} INFO - [2026-06-29T22:46:01.324+0000] {dagbag.py:588} INFO - Filling up the DagBag from /home/airflow/.local/lib/python3.12/site-packages/airflow/example_dags/example_sla_dag.py
[2026-06-29T22:46:01.339+0000] {processor.py:925} INFO - DAG(s) 'example_sla_dag' retrieved from /home/airflow/.local/lib/python3.12/site-packages/airflow/example_dags/example_sla_dag.py
[2026-06-29T22:46:01.362+0000] {logging_mixin.py:190} INFO - [2026-06-29T22:46:01.361+0000] {dag.py:3239} INFO - Sync 1 DAGs
[2026-06-29T22:46:01.392+0000] {logging_mixin.py:190} INFO - [2026-06-29T22:46:01.392+0000] {dag.py:4180} INFO - Setting next_dagrun for example_sla_dag to 2026-06-29 22:44:00+00:00, run_after=2026-06-29 22:46:00+00:00
[2026-06-29T22:46:01.413+0000] {processor.py:208} INFO - Processing /home/airflow/.local/lib/python3.12/site-packages/airflow/example_dags/example_sla_dag.py took 0.102 seconds
[2026-06-29T22:46:32.158+0000] {processor.py:186} INFO - Started process (PID=739) to work on /home/airflow/.local/lib/python3.12/site-packages/airflow/example_dags/example_sla_dag.py
[2026-06-29T22:46:32.160+0000] {processor.py:914} INFO - Processing file /home/airflow/.local/lib/python3.12/site-packages/airflow/example_dags/example_sla_dag.py for tasks to queue
[2026-06-29T22:46:32.173+0000] {logging_mixin.py:190} INFO - [2026-06-29T22:46:32.170+0000] {dagbag.py:588} INFO - Filling up the DagBag from /home/airflow/.local/lib/python3.12/site-packages/airflow/example_dags/example_sla_dag.py
[2026-06-29T22:46:32.212+0000] {processor.py:925} INFO - DAG(s) 'example_sla_dag' retrieved from /home/airflow/.local/lib/python3.12/site-packages/airflow/example_dags/example_sla_dag.py
[2026-06-29T22:46:32.638+0000] {logging_mixin.py:190} INFO - [2026-06-29T22:46:32.638+0000] {dag.py:3239} INFO - Sync 1 DAGs
[2026-06-29T22:46:32.900+0000] {logging_mixin.py:190} INFO - [2026-06-29T22:46:32.899+0000] {dag.py:4180} INFO - Setting next_dagrun for example_sla_dag to 2026-06-29 22:44:00+00:00, run_after=2026-06-29 22:46:00+00:00
[2026-06-29T22:46:33.026+0000] {processor.py:208} INFO - Processing /home/airflow/.local/lib/python3.12/site-packages/airflow/example_dags/example_sla_dag.py took 0.888 seconds
