[2026-06-29T21:56:55.167+0000] {processor.py:186} INFO - Started process (PID=83) to work on /home/airflow/.local/lib/python3.12/site-packages/airflow/example_dags/example_branch_operator_decorator.py
[2026-06-29T21:56:55.169+0000] {processor.py:914} INFO - Processing file /home/airflow/.local/lib/python3.12/site-packages/airflow/example_dags/example_branch_operator_decorator.py for tasks to queue
[2026-06-29T21:56:55.174+0000] {logging_mixin.py:190} INFO - [2026-06-29T21:56:55.174+0000] {dagbag.py:588} INFO - Filling up the DagBag from /home/airflow/.local/lib/python3.12/site-packages/airflow/example_dags/example_branch_operator_decorator.py
[2026-06-29T21:56:55.205+0000] {processor.py:925} INFO - DAG(s) 'example_branch_python_operator_decorator' retrieved from /home/airflow/.local/lib/python3.12/site-packages/airflow/example_dags/example_branch_operator_decorator.py
[2026-06-29T21:56:55.382+0000] {logging_mixin.py:190} INFO - [2026-06-29T21:56:55.381+0000] {override.py:1912} INFO - Created Permission View: can edit on DAG:example_branch_python_operator_decorator
[2026-06-29T21:56:55.396+0000] {logging_mixin.py:190} INFO - [2026-06-29T21:56:55.396+0000] {override.py:1912} INFO - Created Permission View: can read on DAG:example_branch_python_operator_decorator
[2026-06-29T21:56:55.408+0000] {logging_mixin.py:190} INFO - [2026-06-29T21:56:55.407+0000] {override.py:1912} INFO - Created Permission View: can delete on DAG:example_branch_python_operator_decorator
[2026-06-29T21:56:55.423+0000] {logging_mixin.py:190} INFO - [2026-06-29T21:56:55.422+0000] {override.py:1912} INFO - Created Permission View: can create on DAG Run:example_branch_python_operator_decorator
[2026-06-29T21:56:55.436+0000] {logging_mixin.py:190} INFO - [2026-06-29T21:56:55.436+0000] {override.py:1912} INFO - Created Permission View: can read on DAG Run:example_branch_python_operator_decorator
[2026-06-29T21:56:55.447+0000] {logging_mixin.py:190} INFO - [2026-06-29T21:56:55.447+0000] {override.py:1912} INFO - Created Permission View: can delete on DAG Run:example_branch_python_operator_decorator
[2026-06-29T21:56:55.458+0000] {logging_mixin.py:190} INFO - [2026-06-29T21:56:55.458+0000] {override.py:1912} INFO - Created Permission View: menu access on DAG Run:example_branch_python_operator_decorator
[2026-06-29T21:56:55.460+0000] {logging_mixin.py:190} INFO - [2026-06-29T21:56:55.459+0000] {dag.py:3239} INFO - Sync 1 DAGs
[2026-06-29T21:56:55.477+0000] {logging_mixin.py:190} INFO - [2026-06-29T21:56:55.477+0000] {dag.py:3262} INFO - Creating ORM DAG for example_branch_python_operator_decorator
[2026-06-29T21:56:55.497+0000] {logging_mixin.py:190} INFO - [2026-06-29T21:56:55.496+0000] {dag.py:4180} INFO - Setting next_dagrun for example_branch_python_operator_decorator to 2026-06-28 00:00:00+00:00, run_after=2026-06-29 00:00:00+00:00
[2026-06-29T21:56:55.532+0000] {processor.py:208} INFO - Processing /home/airflow/.local/lib/python3.12/site-packages/airflow/example_dags/example_branch_operator_decorator.py took 0.373 seconds
[2026-06-29T21:59:03.617+0000] {processor.py:186} INFO - Started process (PID=83) to work on /home/airflow/.local/lib/python3.12/site-packages/airflow/example_dags/example_branch_operator_decorator.py
[2026-06-29T21:59:03.625+0000] {processor.py:914} INFO - Processing file /home/airflow/.local/lib/python3.12/site-packages/airflow/example_dags/example_branch_operator_decorator.py for tasks to queue
[2026-06-29T21:59:03.647+0000] {logging_mixin.py:190} INFO - [2026-06-29T21:59:03.646+0000] {dagbag.py:588} INFO - Filling up the DagBag from /home/airflow/.local/lib/python3.12/site-packages/airflow/example_dags/example_branch_operator_decorator.py
[2026-06-29T21:59:03.704+0000] {processor.py:925} INFO - DAG(s) 'example_branch_python_operator_decorator' retrieved from /home/airflow/.local/lib/python3.12/site-packages/airflow/example_dags/example_branch_operator_decorator.py
[2026-06-29T21:59:04.250+0000] {logging_mixin.py:190} INFO - [2026-06-29T21:59:04.250+0000] {dag.py:3239} INFO - Sync 1 DAGs
[2026-06-29T21:59:04.324+0000] {logging_mixin.py:190} INFO - [2026-06-29T21:59:04.323+0000] {dag.py:4180} INFO - Setting next_dagrun for example_branch_python_operator_decorator to 2026-06-28 00:00:00+00:00, run_after=2026-06-29 00:00:00+00:00
[2026-06-29T21:59:04.431+0000] {processor.py:208} INFO - Processing /home/airflow/.local/lib/python3.12/site-packages/airflow/example_dags/example_branch_operator_decorator.py took 0.838 seconds
[2026-06-29T21:59:34.667+0000] {processor.py:186} INFO - Started process (PID=146) to work on /home/airflow/.local/lib/python3.12/site-packages/airflow/example_dags/example_branch_operator_decorator.py
[2026-06-29T21:59:34.670+0000] {processor.py:914} INFO - Processing file /home/airflow/.local/lib/python3.12/site-packages/airflow/example_dags/example_branch_operator_decorator.py for tasks to queue
[2026-06-29T21:59:34.678+0000] {logging_mixin.py:190} INFO - [2026-06-29T21:59:34.677+0000] {dagbag.py:588} INFO - Filling up the DagBag from /home/airflow/.local/lib/python3.12/site-packages/airflow/example_dags/example_branch_operator_decorator.py
[2026-06-29T21:59:34.719+0000] {processor.py:925} INFO - DAG(s) 'example_branch_python_operator_decorator' retrieved from /home/airflow/.local/lib/python3.12/site-packages/airflow/example_dags/example_branch_operator_decorator.py
[2026-06-29T21:59:34.786+0000] {logging_mixin.py:190} INFO - [2026-06-29T21:59:34.786+0000] {dag.py:3239} INFO - Sync 1 DAGs
[2026-06-29T21:59:34.831+0000] {logging_mixin.py:190} INFO - [2026-06-29T21:59:34.830+0000] {dag.py:4180} INFO - Setting next_dagrun for example_branch_python_operator_decorator to 2026-06-28 00:00:00+00:00, run_after=2026-06-29 00:00:00+00:00
[2026-06-29T21:59:34.876+0000] {processor.py:208} INFO - Processing /home/airflow/.local/lib/python3.12/site-packages/airflow/example_dags/example_branch_operator_decorator.py took 0.219 seconds
[2026-06-29T22:00:05.374+0000] {processor.py:186} INFO - Started process (PID=209) to work on /home/airflow/.local/lib/python3.12/site-packages/airflow/example_dags/example_branch_operator_decorator.py
[2026-06-29T22:00:05.376+0000] {processor.py:914} INFO - Processing file /home/airflow/.local/lib/python3.12/site-packages/airflow/example_dags/example_branch_operator_decorator.py for tasks to queue
[2026-06-29T22:00:05.380+0000] {logging_mixin.py:190} INFO - [2026-06-29T22:00:05.379+0000] {dagbag.py:588} INFO - Filling up the DagBag from /home/airflow/.local/lib/python3.12/site-packages/airflow/example_dags/example_branch_operator_decorator.py
[2026-06-29T22:00:05.447+0000] {processor.py:925} INFO - DAG(s) 'example_branch_python_operator_decorator' retrieved from /home/airflow/.local/lib/python3.12/site-packages/airflow/example_dags/example_branch_operator_decorator.py
[2026-06-29T22:00:05.508+0000] {logging_mixin.py:190} INFO - [2026-06-29T22:00:05.508+0000] {dag.py:3239} INFO - Sync 1 DAGs
[2026-06-29T22:00:05.559+0000] {logging_mixin.py:190} INFO - [2026-06-29T22:00:05.559+0000] {dag.py:4180} INFO - Setting next_dagrun for example_branch_python_operator_decorator to 2026-06-28 00:00:00+00:00, run_after=2026-06-29 00:00:00+00:00
[2026-06-29T22:00:05.625+0000] {processor.py:208} INFO - Processing /home/airflow/.local/lib/python3.12/site-packages/airflow/example_dags/example_branch_operator_decorator.py took 0.261 seconds
[2026-06-29T22:00:36.080+0000] {processor.py:186} INFO - Started process (PID=273) to work on /home/airflow/.local/lib/python3.12/site-packages/airflow/example_dags/example_branch_operator_decorator.py
[2026-06-29T22:00:36.083+0000] {processor.py:914} INFO - Processing file /home/airflow/.local/lib/python3.12/site-packages/airflow/example_dags/example_branch_operator_decorator.py for tasks to queue
[2026-06-29T22:00:36.091+0000] {logging_mixin.py:190} INFO - [2026-06-29T22:00:36.090+0000] {dagbag.py:588} INFO - Filling up the DagBag from /home/airflow/.local/lib/python3.12/site-packages/airflow/example_dags/example_branch_operator_decorator.py
[2026-06-29T22:00:36.132+0000] {processor.py:925} INFO - DAG(s) 'example_branch_python_operator_decorator' retrieved from /home/airflow/.local/lib/python3.12/site-packages/airflow/example_dags/example_branch_operator_decorator.py
[2026-06-29T22:00:36.206+0000] {logging_mixin.py:190} INFO - [2026-06-29T22:00:36.206+0000] {dag.py:3239} INFO - Sync 1 DAGs
[2026-06-29T22:00:36.262+0000] {logging_mixin.py:190} INFO - [2026-06-29T22:00:36.261+0000] {dag.py:4180} INFO - Setting next_dagrun for example_branch_python_operator_decorator to 2026-06-28 00:00:00+00:00, run_after=2026-06-29 00:00:00+00:00
[2026-06-29T22:00:36.308+0000] {processor.py:208} INFO - Processing /home/airflow/.local/lib/python3.12/site-packages/airflow/example_dags/example_branch_operator_decorator.py took 0.237 seconds
[2026-06-29T22:01:06.952+0000] {processor.py:186} INFO - Started process (PID=336) to work on /home/airflow/.local/lib/python3.12/site-packages/airflow/example_dags/example_branch_operator_decorator.py
[2026-06-29T22:01:06.955+0000] {processor.py:914} INFO - Processing file /home/airflow/.local/lib/python3.12/site-packages/airflow/example_dags/example_branch_operator_decorator.py for tasks to queue
[2026-06-29T22:01:06.964+0000] {logging_mixin.py:190} INFO - [2026-06-29T22:01:06.963+0000] {dagbag.py:588} INFO - Filling up the DagBag from /home/airflow/.local/lib/python3.12/site-packages/airflow/example_dags/example_branch_operator_decorator.py
[2026-06-29T22:01:07.016+0000] {processor.py:925} INFO - DAG(s) 'example_branch_python_operator_decorator' retrieved from /home/airflow/.local/lib/python3.12/site-packages/airflow/example_dags/example_branch_operator_decorator.py
[2026-06-29T22:01:07.064+0000] {logging_mixin.py:190} INFO - [2026-06-29T22:01:07.063+0000] {dag.py:3239} INFO - Sync 1 DAGs
[2026-06-29T22:01:07.119+0000] {logging_mixin.py:190} INFO - [2026-06-29T22:01:07.118+0000] {dag.py:4180} INFO - Setting next_dagrun for example_branch_python_operator_decorator to 2026-06-28 00:00:00+00:00, run_after=2026-06-29 00:00:00+00:00
[2026-06-29T22:01:07.158+0000] {processor.py:208} INFO - Processing /home/airflow/.local/lib/python3.12/site-packages/airflow/example_dags/example_branch_operator_decorator.py took 0.219 seconds
[2026-06-29T22:01:38.178+0000] {processor.py:186} INFO - Started process (PID=399) to work on /home/airflow/.local/lib/python3.12/site-packages/airflow/example_dags/example_branch_operator_decorator.py
[2026-06-29T22:01:38.185+0000] {processor.py:914} INFO - Processing file /home/airflow/.local/lib/python3.12/site-packages/airflow/example_dags/example_branch_operator_decorator.py for tasks to queue
[2026-06-29T22:01:38.194+0000] {logging_mixin.py:190} INFO - [2026-06-29T22:01:38.194+0000] {dagbag.py:588} INFO - Filling up the DagBag from /home/airflow/.local/lib/python3.12/site-packages/airflow/example_dags/example_branch_operator_decorator.py
[2026-06-29T22:01:38.248+0000] {processor.py:925} INFO - DAG(s) 'example_branch_python_operator_decorator' retrieved from /home/airflow/.local/lib/python3.12/site-packages/airflow/example_dags/example_branch_operator_decorator.py
[2026-06-29T22:01:38.336+0000] {logging_mixin.py:190} INFO - [2026-06-29T22:01:38.334+0000] {dag.py:3239} INFO - Sync 1 DAGs
[2026-06-29T22:01:38.403+0000] {logging_mixin.py:190} INFO - [2026-06-29T22:01:38.403+0000] {dag.py:4180} INFO - Setting next_dagrun for example_branch_python_operator_decorator to 2026-06-28 00:00:00+00:00, run_after=2026-06-29 00:00:00+00:00
[2026-06-29T22:01:38.451+0000] {processor.py:208} INFO - Processing /home/airflow/.local/lib/python3.12/site-packages/airflow/example_dags/example_branch_operator_decorator.py took 0.293 seconds
[2026-06-29T22:02:09.559+0000] {processor.py:186} INFO - Started process (PID=463) to work on /home/airflow/.local/lib/python3.12/site-packages/airflow/example_dags/example_branch_operator_decorator.py
[2026-06-29T22:02:09.561+0000] {processor.py:914} INFO - Processing file /home/airflow/.local/lib/python3.12/site-packages/airflow/example_dags/example_branch_operator_decorator.py for tasks to queue
[2026-06-29T22:02:09.567+0000] {logging_mixin.py:190} INFO - [2026-06-29T22:02:09.566+0000] {dagbag.py:588} INFO - Filling up the DagBag from /home/airflow/.local/lib/python3.12/site-packages/airflow/example_dags/example_branch_operator_decorator.py
[2026-06-29T22:02:09.626+0000] {processor.py:925} INFO - DAG(s) 'example_branch_python_operator_decorator' retrieved from /home/airflow/.local/lib/python3.12/site-packages/airflow/example_dags/example_branch_operator_decorator.py
[2026-06-29T22:02:09.685+0000] {logging_mixin.py:190} INFO - [2026-06-29T22:02:09.684+0000] {dag.py:3239} INFO - Sync 1 DAGs
[2026-06-29T22:02:09.743+0000] {logging_mixin.py:190} INFO - [2026-06-29T22:02:09.742+0000] {dag.py:4180} INFO - Setting next_dagrun for example_branch_python_operator_decorator to 2026-06-28 00:00:00+00:00, run_after=2026-06-29 00:00:00+00:00
[2026-06-29T22:02:09.785+0000] {processor.py:208} INFO - Processing /home/airflow/.local/lib/python3.12/site-packages/airflow/example_dags/example_branch_operator_decorator.py took 0.244 seconds
[2026-06-29T22:02:42.225+0000] {processor.py:186} INFO - Started process (PID=526) to work on /home/airflow/.local/lib/python3.12/site-packages/airflow/example_dags/example_branch_operator_decorator.py
[2026-06-29T22:02:42.237+0000] {processor.py:914} INFO - Processing file /home/airflow/.local/lib/python3.12/site-packages/airflow/example_dags/example_branch_operator_decorator.py for tasks to queue
[2026-06-29T22:02:42.264+0000] {logging_mixin.py:190} INFO - [2026-06-29T22:02:42.255+0000] {dagbag.py:588} INFO - Filling up the DagBag from /home/airflow/.local/lib/python3.12/site-packages/airflow/example_dags/example_branch_operator_decorator.py
[2026-06-29T22:02:42.368+0000] {processor.py:925} INFO - DAG(s) 'example_branch_python_operator_decorator' retrieved from /home/airflow/.local/lib/python3.12/site-packages/airflow/example_dags/example_branch_operator_decorator.py
[2026-06-29T22:02:42.582+0000] {logging_mixin.py:190} INFO - [2026-06-29T22:02:42.581+0000] {dag.py:3239} INFO - Sync 1 DAGs
[2026-06-29T22:02:42.753+0000] {logging_mixin.py:190} INFO - [2026-06-29T22:02:42.752+0000] {dag.py:4180} INFO - Setting next_dagrun for example_branch_python_operator_decorator to 2026-06-28 00:00:00+00:00, run_after=2026-06-29 00:00:00+00:00
[2026-06-29T22:02:42.830+0000] {processor.py:208} INFO - Processing /home/airflow/.local/lib/python3.12/site-packages/airflow/example_dags/example_branch_operator_decorator.py took 0.641 seconds
[2026-06-29T22:03:13.447+0000] {processor.py:186} INFO - Started process (PID=589) to work on /home/airflow/.local/lib/python3.12/site-packages/airflow/example_dags/example_branch_operator_decorator.py
[2026-06-29T22:03:13.448+0000] {processor.py:914} INFO - Processing file /home/airflow/.local/lib/python3.12/site-packages/airflow/example_dags/example_branch_operator_decorator.py for tasks to queue
[2026-06-29T22:03:13.452+0000] {logging_mixin.py:190} INFO - [2026-06-29T22:03:13.451+0000] {dagbag.py:588} INFO - Filling up the DagBag from /home/airflow/.local/lib/python3.12/site-packages/airflow/example_dags/example_branch_operator_decorator.py
[2026-06-29T22:03:13.473+0000] {processor.py:925} INFO - DAG(s) 'example_branch_python_operator_decorator' retrieved from /home/airflow/.local/lib/python3.12/site-packages/airflow/example_dags/example_branch_operator_decorator.py
[2026-06-29T22:03:13.505+0000] {logging_mixin.py:190} INFO - [2026-06-29T22:03:13.505+0000] {dag.py:3239} INFO - Sync 1 DAGs
[2026-06-29T22:03:13.534+0000] {logging_mixin.py:190} INFO - [2026-06-29T22:03:13.534+0000] {dag.py:4180} INFO - Setting next_dagrun for example_branch_python_operator_decorator to 2026-06-28 00:00:00+00:00, run_after=2026-06-29 00:00:00+00:00
[2026-06-29T22:03:13.562+0000] {processor.py:208} INFO - Processing /home/airflow/.local/lib/python3.12/site-packages/airflow/example_dags/example_branch_operator_decorator.py took 0.123 seconds
[2026-06-29T22:03:43.626+0000] {processor.py:186} INFO - Started process (PID=651) to work on /home/airflow/.local/lib/python3.12/site-packages/airflow/example_dags/example_branch_operator_decorator.py
[2026-06-29T22:03:43.628+0000] {processor.py:914} INFO - Processing file /home/airflow/.local/lib/python3.12/site-packages/airflow/example_dags/example_branch_operator_decorator.py for tasks to queue
[2026-06-29T22:03:43.633+0000] {logging_mixin.py:190} INFO - [2026-06-29T22:03:43.633+0000] {dagbag.py:588} INFO - Filling up the DagBag from /home/airflow/.local/lib/python3.12/site-packages/airflow/example_dags/example_branch_operator_decorator.py
[2026-06-29T22:03:43.668+0000] {processor.py:925} INFO - DAG(s) 'example_branch_python_operator_decorator' retrieved from /home/airflow/.local/lib/python3.12/site-packages/airflow/example_dags/example_branch_operator_decorator.py
[2026-06-29T22:03:43.720+0000] {logging_mixin.py:190} INFO - [2026-06-29T22:03:43.720+0000] {dag.py:3239} INFO - Sync 1 DAGs
[2026-06-29T22:03:43.759+0000] {logging_mixin.py:190} INFO - [2026-06-29T22:03:43.758+0000] {dag.py:4180} INFO - Setting next_dagrun for example_branch_python_operator_decorator to 2026-06-28 00:00:00+00:00, run_after=2026-06-29 00:00:00+00:00
[2026-06-29T22:03:43.797+0000] {processor.py:208} INFO - Processing /home/airflow/.local/lib/python3.12/site-packages/airflow/example_dags/example_branch_operator_decorator.py took 0.181 seconds
[2026-06-29T22:04:14.207+0000] {processor.py:186} INFO - Started process (PID=715) to work on /home/airflow/.local/lib/python3.12/site-packages/airflow/example_dags/example_branch_operator_decorator.py
[2026-06-29T22:04:14.210+0000] {processor.py:914} INFO - Processing file /home/airflow/.local/lib/python3.12/site-packages/airflow/example_dags/example_branch_operator_decorator.py for tasks to queue
[2026-06-29T22:04:14.218+0000] {logging_mixin.py:190} INFO - [2026-06-29T22:04:14.217+0000] {dagbag.py:588} INFO - Filling up the DagBag from /home/airflow/.local/lib/python3.12/site-packages/airflow/example_dags/example_branch_operator_decorator.py
[2026-06-29T22:04:14.275+0000] {processor.py:925} INFO - DAG(s) 'example_branch_python_operator_decorator' retrieved from /home/airflow/.local/lib/python3.12/site-packages/airflow/example_dags/example_branch_operator_decorator.py
[2026-06-29T22:04:14.365+0000] {logging_mixin.py:190} INFO - [2026-06-29T22:04:14.364+0000] {dag.py:3239} INFO - Sync 1 DAGs
[2026-06-29T22:04:14.432+0000] {logging_mixin.py:190} INFO - [2026-06-29T22:04:14.432+0000] {dag.py:4180} INFO - Setting next_dagrun for example_branch_python_operator_decorator to 2026-06-28 00:00:00+00:00, run_after=2026-06-29 00:00:00+00:00
[2026-06-29T22:04:14.496+0000] {processor.py:208} INFO - Processing /home/airflow/.local/lib/python3.12/site-packages/airflow/example_dags/example_branch_operator_decorator.py took 0.300 seconds
[2026-06-29T22:04:49.437+0000] {processor.py:186} INFO - Started process (PID=777) to work on /home/airflow/.local/lib/python3.12/site-packages/airflow/example_dags/example_branch_operator_decorator.py
[2026-06-29T22:04:49.442+0000] {processor.py:914} INFO - Processing file /home/airflow/.local/lib/python3.12/site-packages/airflow/example_dags/example_branch_operator_decorator.py for tasks to queue
[2026-06-29T22:04:49.452+0000] {logging_mixin.py:190} INFO - [2026-06-29T22:04:49.451+0000] {dagbag.py:588} INFO - Filling up the DagBag from /home/airflow/.local/lib/python3.12/site-packages/airflow/example_dags/example_branch_operator_decorator.py
[2026-06-29T22:04:49.499+0000] {processor.py:925} INFO - DAG(s) 'example_branch_python_operator_decorator' retrieved from /home/airflow/.local/lib/python3.12/site-packages/airflow/example_dags/example_branch_operator_decorator.py
[2026-06-29T22:04:49.635+0000] {logging_mixin.py:190} INFO - [2026-06-29T22:04:49.634+0000] {dag.py:3239} INFO - Sync 1 DAGs
[2026-06-29T22:04:49.741+0000] {logging_mixin.py:190} INFO - [2026-06-29T22:04:49.740+0000] {dag.py:4180} INFO - Setting next_dagrun for example_branch_python_operator_decorator to 2026-06-28 00:00:00+00:00, run_after=2026-06-29 00:00:00+00:00
[2026-06-29T22:04:49.848+0000] {processor.py:208} INFO - Processing /home/airflow/.local/lib/python3.12/site-packages/airflow/example_dags/example_branch_operator_decorator.py took 0.431 seconds
[2026-06-29T22:05:20.069+0000] {processor.py:186} INFO - Started process (PID=841) to work on /home/airflow/.local/lib/python3.12/site-packages/airflow/example_dags/example_branch_operator_decorator.py
[2026-06-29T22:05:20.071+0000] {processor.py:914} INFO - Processing file /home/airflow/.local/lib/python3.12/site-packages/airflow/example_dags/example_branch_operator_decorator.py for tasks to queue
[2026-06-29T22:05:20.074+0000] {logging_mixin.py:190} INFO - [2026-06-29T22:05:20.074+0000] {dagbag.py:588} INFO - Filling up the DagBag from /home/airflow/.local/lib/python3.12/site-packages/airflow/example_dags/example_branch_operator_decorator.py
[2026-06-29T22:05:20.103+0000] {processor.py:925} INFO - DAG(s) 'example_branch_python_operator_decorator' retrieved from /home/airflow/.local/lib/python3.12/site-packages/airflow/example_dags/example_branch_operator_decorator.py
[2026-06-29T22:05:20.136+0000] {logging_mixin.py:190} INFO - [2026-06-29T22:05:20.136+0000] {dag.py:3239} INFO - Sync 1 DAGs
[2026-06-29T22:05:20.165+0000] {logging_mixin.py:190} INFO - [2026-06-29T22:05:20.164+0000] {dag.py:4180} INFO - Setting next_dagrun for example_branch_python_operator_decorator to 2026-06-28 00:00:00+00:00, run_after=2026-06-29 00:00:00+00:00
[2026-06-29T22:05:20.192+0000] {processor.py:208} INFO - Processing /home/airflow/.local/lib/python3.12/site-packages/airflow/example_dags/example_branch_operator_decorator.py took 0.130 seconds
[2026-06-29T22:05:50.802+0000] {processor.py:186} INFO - Started process (PID=906) to work on /home/airflow/.local/lib/python3.12/site-packages/airflow/example_dags/example_branch_operator_decorator.py
[2026-06-29T22:05:50.803+0000] {processor.py:914} INFO - Processing file /home/airflow/.local/lib/python3.12/site-packages/airflow/example_dags/example_branch_operator_decorator.py for tasks to queue
[2026-06-29T22:05:50.806+0000] {logging_mixin.py:190} INFO - [2026-06-29T22:05:50.806+0000] {dagbag.py:588} INFO - Filling up the DagBag from /home/airflow/.local/lib/python3.12/site-packages/airflow/example_dags/example_branch_operator_decorator.py
[2026-06-29T22:05:50.833+0000] {processor.py:925} INFO - DAG(s) 'example_branch_python_operator_decorator' retrieved from /home/airflow/.local/lib/python3.12/site-packages/airflow/example_dags/example_branch_operator_decorator.py
[2026-06-29T22:05:50.860+0000] {logging_mixin.py:190} INFO - [2026-06-29T22:05:50.860+0000] {dag.py:3239} INFO - Sync 1 DAGs
[2026-06-29T22:05:50.884+0000] {logging_mixin.py:190} INFO - [2026-06-29T22:05:50.883+0000] {dag.py:4180} INFO - Setting next_dagrun for example_branch_python_operator_decorator to 2026-06-28 00:00:00+00:00, run_after=2026-06-29 00:00:00+00:00
[2026-06-29T22:05:50.906+0000] {processor.py:208} INFO - Processing /home/airflow/.local/lib/python3.12/site-packages/airflow/example_dags/example_branch_operator_decorator.py took 0.111 seconds
[2026-06-29T22:08:19.299+0000] {processor.py:186} INFO - Started process (PID=91) to work on /home/airflow/.local/lib/python3.12/site-packages/airflow/example_dags/example_branch_operator_decorator.py
[2026-06-29T22:08:19.302+0000] {processor.py:914} INFO - Processing file /home/airflow/.local/lib/python3.12/site-packages/airflow/example_dags/example_branch_operator_decorator.py for tasks to queue
[2026-06-29T22:08:19.308+0000] {logging_mixin.py:190} INFO - [2026-06-29T22:08:19.307+0000] {dagbag.py:588} INFO - Filling up the DagBag from /home/airflow/.local/lib/python3.12/site-packages/airflow/example_dags/example_branch_operator_decorator.py
[2026-06-29T22:08:19.346+0000] {processor.py:925} INFO - DAG(s) 'example_branch_python_operator_decorator' retrieved from /home/airflow/.local/lib/python3.12/site-packages/airflow/example_dags/example_branch_operator_decorator.py
[2026-06-29T22:08:19.625+0000] {logging_mixin.py:190} INFO - [2026-06-29T22:08:19.625+0000] {dag.py:3239} INFO - Sync 1 DAGs
[2026-06-29T22:08:19.672+0000] {logging_mixin.py:190} INFO - [2026-06-29T22:08:19.671+0000] {dag.py:4180} INFO - Setting next_dagrun for example_branch_python_operator_decorator to 2026-06-28 00:00:00+00:00, run_after=2026-06-29 00:00:00+00:00
[2026-06-29T22:08:19.747+0000] {processor.py:208} INFO - Processing /home/airflow/.local/lib/python3.12/site-packages/airflow/example_dags/example_branch_operator_decorator.py took 0.458 seconds
[2026-06-29T22:08:52.779+0000] {processor.py:186} INFO - Started process (PID=155) to work on /home/airflow/.local/lib/python3.12/site-packages/airflow/example_dags/example_branch_operator_decorator.py
[2026-06-29T22:08:52.784+0000] {processor.py:914} INFO - Processing file /home/airflow/.local/lib/python3.12/site-packages/airflow/example_dags/example_branch_operator_decorator.py for tasks to queue
[2026-06-29T22:08:52.818+0000] {logging_mixin.py:190} INFO - [2026-06-29T22:08:52.817+0000] {dagbag.py:588} INFO - Filling up the DagBag from /home/airflow/.local/lib/python3.12/site-packages/airflow/example_dags/example_branch_operator_decorator.py
[2026-06-29T22:08:52.939+0000] {processor.py:925} INFO - DAG(s) 'example_branch_python_operator_decorator' retrieved from /home/airflow/.local/lib/python3.12/site-packages/airflow/example_dags/example_branch_operator_decorator.py
[2026-06-29T22:08:53.117+0000] {logging_mixin.py:190} INFO - [2026-06-29T22:08:53.116+0000] {dag.py:3239} INFO - Sync 1 DAGs
[2026-06-29T22:08:53.229+0000] {logging_mixin.py:190} INFO - [2026-06-29T22:08:53.229+0000] {dag.py:4180} INFO - Setting next_dagrun for example_branch_python_operator_decorator to 2026-06-28 00:00:00+00:00, run_after=2026-06-29 00:00:00+00:00
[2026-06-29T22:08:53.297+0000] {processor.py:208} INFO - Processing /home/airflow/.local/lib/python3.12/site-packages/airflow/example_dags/example_branch_operator_decorator.py took 0.550 seconds
[2026-06-29T22:09:24.099+0000] {processor.py:186} INFO - Started process (PID=219) to work on /home/airflow/.local/lib/python3.12/site-packages/airflow/example_dags/example_branch_operator_decorator.py
[2026-06-29T22:09:24.109+0000] {processor.py:914} INFO - Processing file /home/airflow/.local/lib/python3.12/site-packages/airflow/example_dags/example_branch_operator_decorator.py for tasks to queue
[2026-06-29T22:09:24.161+0000] {logging_mixin.py:190} INFO - [2026-06-29T22:09:24.154+0000] {dagbag.py:588} INFO - Filling up the DagBag from /home/airflow/.local/lib/python3.12/site-packages/airflow/example_dags/example_branch_operator_decorator.py
[2026-06-29T22:09:24.230+0000] {processor.py:925} INFO - DAG(s) 'example_branch_python_operator_decorator' retrieved from /home/airflow/.local/lib/python3.12/site-packages/airflow/example_dags/example_branch_operator_decorator.py
[2026-06-29T22:09:24.339+0000] {logging_mixin.py:190} INFO - [2026-06-29T22:09:24.338+0000] {dag.py:3239} INFO - Sync 1 DAGs
[2026-06-29T22:09:24.587+0000] {logging_mixin.py:190} INFO - [2026-06-29T22:09:24.586+0000] {dag.py:4180} INFO - Setting next_dagrun for example_branch_python_operator_decorator to 2026-06-28 00:00:00+00:00, run_after=2026-06-29 00:00:00+00:00
[2026-06-29T22:09:24.703+0000] {processor.py:208} INFO - Processing /home/airflow/.local/lib/python3.12/site-packages/airflow/example_dags/example_branch_operator_decorator.py took 0.639 seconds
[2026-06-29T22:09:55.402+0000] {processor.py:186} INFO - Started process (PID=283) to work on /home/airflow/.local/lib/python3.12/site-packages/airflow/example_dags/example_branch_operator_decorator.py
[2026-06-29T22:09:55.405+0000] {processor.py:914} INFO - Processing file /home/airflow/.local/lib/python3.12/site-packages/airflow/example_dags/example_branch_operator_decorator.py for tasks to queue
[2026-06-29T22:09:55.409+0000] {logging_mixin.py:190} INFO - [2026-06-29T22:09:55.409+0000] {dagbag.py:588} INFO - Filling up the DagBag from /home/airflow/.local/lib/python3.12/site-packages/airflow/example_dags/example_branch_operator_decorator.py
[2026-06-29T22:09:55.440+0000] {processor.py:925} INFO - DAG(s) 'example_branch_python_operator_decorator' retrieved from /home/airflow/.local/lib/python3.12/site-packages/airflow/example_dags/example_branch_operator_decorator.py
[2026-06-29T22:09:55.486+0000] {logging_mixin.py:190} INFO - [2026-06-29T22:09:55.485+0000] {dag.py:3239} INFO - Sync 1 DAGs
[2026-06-29T22:09:55.529+0000] {logging_mixin.py:190} INFO - [2026-06-29T22:09:55.528+0000] {dag.py:4180} INFO - Setting next_dagrun for example_branch_python_operator_decorator to 2026-06-28 00:00:00+00:00, run_after=2026-06-29 00:00:00+00:00
[2026-06-29T22:09:55.581+0000] {processor.py:208} INFO - Processing /home/airflow/.local/lib/python3.12/site-packages/airflow/example_dags/example_branch_operator_decorator.py took 0.190 seconds
[2026-06-29T22:10:26.145+0000] {processor.py:186} INFO - Started process (PID=348) to work on /home/airflow/.local/lib/python3.12/site-packages/airflow/example_dags/example_branch_operator_decorator.py
[2026-06-29T22:10:26.149+0000] {processor.py:914} INFO - Processing file /home/airflow/.local/lib/python3.12/site-packages/airflow/example_dags/example_branch_operator_decorator.py for tasks to queue
[2026-06-29T22:10:26.161+0000] {logging_mixin.py:190} INFO - [2026-06-29T22:10:26.161+0000] {dagbag.py:588} INFO - Filling up the DagBag from /home/airflow/.local/lib/python3.12/site-packages/airflow/example_dags/example_branch_operator_decorator.py
[2026-06-29T22:10:26.201+0000] {processor.py:925} INFO - DAG(s) 'example_branch_python_operator_decorator' retrieved from /home/airflow/.local/lib/python3.12/site-packages/airflow/example_dags/example_branch_operator_decorator.py
[2026-06-29T22:10:26.240+0000] {logging_mixin.py:190} INFO - [2026-06-29T22:10:26.240+0000] {dag.py:3239} INFO - Sync 1 DAGs
[2026-06-29T22:10:26.279+0000] {logging_mixin.py:190} INFO - [2026-06-29T22:10:26.279+0000] {dag.py:4180} INFO - Setting next_dagrun for example_branch_python_operator_decorator to 2026-06-28 00:00:00+00:00, run_after=2026-06-29 00:00:00+00:00
[2026-06-29T22:10:26.332+0000] {processor.py:208} INFO - Processing /home/airflow/.local/lib/python3.12/site-packages/airflow/example_dags/example_branch_operator_decorator.py took 0.200 seconds
[2026-06-29T22:10:56.475+0000] {processor.py:186} INFO - Started process (PID=412) to work on /home/airflow/.local/lib/python3.12/site-packages/airflow/example_dags/example_branch_operator_decorator.py
[2026-06-29T22:10:56.477+0000] {processor.py:914} INFO - Processing file /home/airflow/.local/lib/python3.12/site-packages/airflow/example_dags/example_branch_operator_decorator.py for tasks to queue
[2026-06-29T22:10:56.480+0000] {logging_mixin.py:190} INFO - [2026-06-29T22:10:56.479+0000] {dagbag.py:588} INFO - Filling up the DagBag from /home/airflow/.local/lib/python3.12/site-packages/airflow/example_dags/example_branch_operator_decorator.py
[2026-06-29T22:10:56.515+0000] {processor.py:925} INFO - DAG(s) 'example_branch_python_operator_decorator' retrieved from /home/airflow/.local/lib/python3.12/site-packages/airflow/example_dags/example_branch_operator_decorator.py
[2026-06-29T22:10:56.577+0000] {logging_mixin.py:190} INFO - [2026-06-29T22:10:56.576+0000] {dag.py:3239} INFO - Sync 1 DAGs
[2026-06-29T22:10:56.629+0000] {logging_mixin.py:190} INFO - [2026-06-29T22:10:56.628+0000] {dag.py:4180} INFO - Setting next_dagrun for example_branch_python_operator_decorator to 2026-06-28 00:00:00+00:00, run_after=2026-06-29 00:00:00+00:00
[2026-06-29T22:10:56.687+0000] {processor.py:208} INFO - Processing /home/airflow/.local/lib/python3.12/site-packages/airflow/example_dags/example_branch_operator_decorator.py took 0.221 seconds
[2026-06-29T22:11:27.017+0000] {processor.py:186} INFO - Started process (PID=476) to work on /home/airflow/.local/lib/python3.12/site-packages/airflow/example_dags/example_branch_operator_decorator.py
[2026-06-29T22:11:27.020+0000] {processor.py:914} INFO - Processing file /home/airflow/.local/lib/python3.12/site-packages/airflow/example_dags/example_branch_operator_decorator.py for tasks to queue
[2026-06-29T22:11:27.027+0000] {logging_mixin.py:190} INFO - [2026-06-29T22:11:27.027+0000] {dagbag.py:588} INFO - Filling up the DagBag from /home/airflow/.local/lib/python3.12/site-packages/airflow/example_dags/example_branch_operator_decorator.py
[2026-06-29T22:11:27.077+0000] {processor.py:925} INFO - DAG(s) 'example_branch_python_operator_decorator' retrieved from /home/airflow/.local/lib/python3.12/site-packages/airflow/example_dags/example_branch_operator_decorator.py
[2026-06-29T22:11:27.150+0000] {logging_mixin.py:190} INFO - [2026-06-29T22:11:27.149+0000] {dag.py:3239} INFO - Sync 1 DAGs
[2026-06-29T22:11:27.210+0000] {logging_mixin.py:190} INFO - [2026-06-29T22:11:27.210+0000] {dag.py:4180} INFO - Setting next_dagrun for example_branch_python_operator_decorator to 2026-06-28 00:00:00+00:00, run_after=2026-06-29 00:00:00+00:00
[2026-06-29T22:11:27.267+0000] {processor.py:208} INFO - Processing /home/airflow/.local/lib/python3.12/site-packages/airflow/example_dags/example_branch_operator_decorator.py took 0.265 seconds
[2026-06-29T22:11:57.396+0000] {processor.py:186} INFO - Started process (PID=540) to work on /home/airflow/.local/lib/python3.12/site-packages/airflow/example_dags/example_branch_operator_decorator.py
[2026-06-29T22:11:57.398+0000] {processor.py:914} INFO - Processing file /home/airflow/.local/lib/python3.12/site-packages/airflow/example_dags/example_branch_operator_decorator.py for tasks to queue
[2026-06-29T22:11:57.404+0000] {logging_mixin.py:190} INFO - [2026-06-29T22:11:57.403+0000] {dagbag.py:588} INFO - Filling up the DagBag from /home/airflow/.local/lib/python3.12/site-packages/airflow/example_dags/example_branch_operator_decorator.py
[2026-06-29T22:11:57.444+0000] {processor.py:925} INFO - DAG(s) 'example_branch_python_operator_decorator' retrieved from /home/airflow/.local/lib/python3.12/site-packages/airflow/example_dags/example_branch_operator_decorator.py
[2026-06-29T22:11:57.488+0000] {logging_mixin.py:190} INFO - [2026-06-29T22:11:57.488+0000] {dag.py:3239} INFO - Sync 1 DAGs
[2026-06-29T22:11:57.539+0000] {logging_mixin.py:190} INFO - [2026-06-29T22:11:57.539+0000] {dag.py:4180} INFO - Setting next_dagrun for example_branch_python_operator_decorator to 2026-06-28 00:00:00+00:00, run_after=2026-06-29 00:00:00+00:00
[2026-06-29T22:11:57.567+0000] {processor.py:208} INFO - Processing /home/airflow/.local/lib/python3.12/site-packages/airflow/example_dags/example_branch_operator_decorator.py took 0.180 seconds
[2026-06-29T22:12:33.638+0000] {processor.py:186} INFO - Started process (PID=602) to work on /home/airflow/.local/lib/python3.12/site-packages/airflow/example_dags/example_branch_operator_decorator.py
[2026-06-29T22:12:33.648+0000] {processor.py:914} INFO - Processing file /home/airflow/.local/lib/python3.12/site-packages/airflow/example_dags/example_branch_operator_decorator.py for tasks to queue
[2026-06-29T22:12:33.664+0000] {logging_mixin.py:190} INFO - [2026-06-29T22:12:33.663+0000] {dagbag.py:588} INFO - Filling up the DagBag from /home/airflow/.local/lib/python3.12/site-packages/airflow/example_dags/example_branch_operator_decorator.py
[2026-06-29T22:12:33.838+0000] {processor.py:925} INFO - DAG(s) 'example_branch_python_operator_decorator' retrieved from /home/airflow/.local/lib/python3.12/site-packages/airflow/example_dags/example_branch_operator_decorator.py
[2026-06-29T22:12:33.990+0000] {logging_mixin.py:190} INFO - [2026-06-29T22:12:33.988+0000] {dag.py:3239} INFO - Sync 1 DAGs
[2026-06-29T22:12:34.075+0000] {logging_mixin.py:190} INFO - [2026-06-29T22:12:34.074+0000] {dag.py:4180} INFO - Setting next_dagrun for example_branch_python_operator_decorator to 2026-06-28 00:00:00+00:00, run_after=2026-06-29 00:00:00+00:00
[2026-06-29T22:12:34.229+0000] {processor.py:208} INFO - Processing /home/airflow/.local/lib/python3.12/site-packages/airflow/example_dags/example_branch_operator_decorator.py took 0.613 seconds
[2026-06-29T22:13:05.233+0000] {processor.py:186} INFO - Started process (PID=666) to work on /home/airflow/.local/lib/python3.12/site-packages/airflow/example_dags/example_branch_operator_decorator.py
[2026-06-29T22:13:05.235+0000] {processor.py:914} INFO - Processing file /home/airflow/.local/lib/python3.12/site-packages/airflow/example_dags/example_branch_operator_decorator.py for tasks to queue
[2026-06-29T22:13:05.238+0000] {logging_mixin.py:190} INFO - [2026-06-29T22:13:05.238+0000] {dagbag.py:588} INFO - Filling up the DagBag from /home/airflow/.local/lib/python3.12/site-packages/airflow/example_dags/example_branch_operator_decorator.py
[2026-06-29T22:13:05.266+0000] {processor.py:925} INFO - DAG(s) 'example_branch_python_operator_decorator' retrieved from /home/airflow/.local/lib/python3.12/site-packages/airflow/example_dags/example_branch_operator_decorator.py
[2026-06-29T22:13:05.294+0000] {logging_mixin.py:190} INFO - [2026-06-29T22:13:05.294+0000] {dag.py:3239} INFO - Sync 1 DAGs
[2026-06-29T22:13:05.318+0000] {logging_mixin.py:190} INFO - [2026-06-29T22:13:05.318+0000] {dag.py:4180} INFO - Setting next_dagrun for example_branch_python_operator_decorator to 2026-06-28 00:00:00+00:00, run_after=2026-06-29 00:00:00+00:00
[2026-06-29T22:13:05.340+0000] {processor.py:208} INFO - Processing /home/airflow/.local/lib/python3.12/site-packages/airflow/example_dags/example_branch_operator_decorator.py took 0.115 seconds
[2026-06-29T22:13:36.449+0000] {processor.py:186} INFO - Started process (PID=730) to work on /home/airflow/.local/lib/python3.12/site-packages/airflow/example_dags/example_branch_operator_decorator.py
[2026-06-29T22:13:36.452+0000] {processor.py:914} INFO - Processing file /home/airflow/.local/lib/python3.12/site-packages/airflow/example_dags/example_branch_operator_decorator.py for tasks to queue
[2026-06-29T22:13:36.463+0000] {logging_mixin.py:190} INFO - [2026-06-29T22:13:36.462+0000] {dagbag.py:588} INFO - Filling up the DagBag from /home/airflow/.local/lib/python3.12/site-packages/airflow/example_dags/example_branch_operator_decorator.py
[2026-06-29T22:13:36.545+0000] {processor.py:925} INFO - DAG(s) 'example_branch_python_operator_decorator' retrieved from /home/airflow/.local/lib/python3.12/site-packages/airflow/example_dags/example_branch_operator_decorator.py
[2026-06-29T22:13:36.692+0000] {logging_mixin.py:190} INFO - [2026-06-29T22:13:36.691+0000] {dag.py:3239} INFO - Sync 1 DAGs
[2026-06-29T22:13:36.777+0000] {logging_mixin.py:190} INFO - [2026-06-29T22:13:36.775+0000] {dag.py:4180} INFO - Setting next_dagrun for example_branch_python_operator_decorator to 2026-06-28 00:00:00+00:00, run_after=2026-06-29 00:00:00+00:00
[2026-06-29T22:13:36.840+0000] {processor.py:208} INFO - Processing /home/airflow/.local/lib/python3.12/site-packages/airflow/example_dags/example_branch_operator_decorator.py took 0.411 seconds
[2026-06-29T22:14:07.447+0000] {processor.py:186} INFO - Started process (PID=801) to work on /home/airflow/.local/lib/python3.12/site-packages/airflow/example_dags/example_branch_operator_decorator.py
[2026-06-29T22:14:07.449+0000] {processor.py:914} INFO - Processing file /home/airflow/.local/lib/python3.12/site-packages/airflow/example_dags/example_branch_operator_decorator.py for tasks to queue
[2026-06-29T22:14:07.455+0000] {logging_mixin.py:190} INFO - [2026-06-29T22:14:07.454+0000] {dagbag.py:588} INFO - Filling up the DagBag from /home/airflow/.local/lib/python3.12/site-packages/airflow/example_dags/example_branch_operator_decorator.py
[2026-06-29T22:14:07.501+0000] {processor.py:925} INFO - DAG(s) 'example_branch_python_operator_decorator' retrieved from /home/airflow/.local/lib/python3.12/site-packages/airflow/example_dags/example_branch_operator_decorator.py
[2026-06-29T22:14:07.580+0000] {logging_mixin.py:190} INFO - [2026-06-29T22:14:07.579+0000] {dag.py:3239} INFO - Sync 1 DAGs
[2026-06-29T22:14:07.638+0000] {logging_mixin.py:190} INFO - [2026-06-29T22:14:07.638+0000] {dag.py:4180} INFO - Setting next_dagrun for example_branch_python_operator_decorator to 2026-06-28 00:00:00+00:00, run_after=2026-06-29 00:00:00+00:00
[2026-06-29T22:14:07.703+0000] {processor.py:208} INFO - Processing /home/airflow/.local/lib/python3.12/site-packages/airflow/example_dags/example_branch_operator_decorator.py took 0.269 seconds
[2026-06-29T22:14:38.424+0000] {processor.py:186} INFO - Started process (PID=865) to work on /home/airflow/.local/lib/python3.12/site-packages/airflow/example_dags/example_branch_operator_decorator.py
[2026-06-29T22:14:38.426+0000] {processor.py:914} INFO - Processing file /home/airflow/.local/lib/python3.12/site-packages/airflow/example_dags/example_branch_operator_decorator.py for tasks to queue
[2026-06-29T22:14:38.433+0000] {logging_mixin.py:190} INFO - [2026-06-29T22:14:38.432+0000] {dagbag.py:588} INFO - Filling up the DagBag from /home/airflow/.local/lib/python3.12/site-packages/airflow/example_dags/example_branch_operator_decorator.py
[2026-06-29T22:14:38.459+0000] {processor.py:925} INFO - DAG(s) 'example_branch_python_operator_decorator' retrieved from /home/airflow/.local/lib/python3.12/site-packages/airflow/example_dags/example_branch_operator_decorator.py
[2026-06-29T22:14:38.496+0000] {logging_mixin.py:190} INFO - [2026-06-29T22:14:38.496+0000] {dag.py:3239} INFO - Sync 1 DAGs
[2026-06-29T22:14:38.524+0000] {logging_mixin.py:190} INFO - [2026-06-29T22:14:38.524+0000] {dag.py:4180} INFO - Setting next_dagrun for example_branch_python_operator_decorator to 2026-06-28 00:00:00+00:00, run_after=2026-06-29 00:00:00+00:00
[2026-06-29T22:14:38.553+0000] {processor.py:208} INFO - Processing /home/airflow/.local/lib/python3.12/site-packages/airflow/example_dags/example_branch_operator_decorator.py took 0.138 seconds
[2026-06-29T22:15:09.231+0000] {processor.py:186} INFO - Started process (PID=928) to work on /home/airflow/.local/lib/python3.12/site-packages/airflow/example_dags/example_branch_operator_decorator.py
[2026-06-29T22:15:09.232+0000] {processor.py:914} INFO - Processing file /home/airflow/.local/lib/python3.12/site-packages/airflow/example_dags/example_branch_operator_decorator.py for tasks to queue
[2026-06-29T22:15:09.235+0000] {logging_mixin.py:190} INFO - [2026-06-29T22:15:09.235+0000] {dagbag.py:588} INFO - Filling up the DagBag from /home/airflow/.local/lib/python3.12/site-packages/airflow/example_dags/example_branch_operator_decorator.py
[2026-06-29T22:15:09.261+0000] {processor.py:925} INFO - DAG(s) 'example_branch_python_operator_decorator' retrieved from /home/airflow/.local/lib/python3.12/site-packages/airflow/example_dags/example_branch_operator_decorator.py
[2026-06-29T22:15:09.293+0000] {logging_mixin.py:190} INFO - [2026-06-29T22:15:09.293+0000] {dag.py:3239} INFO - Sync 1 DAGs
[2026-06-29T22:15:09.319+0000] {logging_mixin.py:190} INFO - [2026-06-29T22:15:09.319+0000] {dag.py:4180} INFO - Setting next_dagrun for example_branch_python_operator_decorator to 2026-06-28 00:00:00+00:00, run_after=2026-06-29 00:00:00+00:00
[2026-06-29T22:15:09.338+0000] {processor.py:208} INFO - Processing /home/airflow/.local/lib/python3.12/site-packages/airflow/example_dags/example_branch_operator_decorator.py took 0.114 seconds
[2026-06-29T22:15:39.697+0000] {processor.py:186} INFO - Started process (PID=992) to work on /home/airflow/.local/lib/python3.12/site-packages/airflow/example_dags/example_branch_operator_decorator.py
[2026-06-29T22:15:39.699+0000] {processor.py:914} INFO - Processing file /home/airflow/.local/lib/python3.12/site-packages/airflow/example_dags/example_branch_operator_decorator.py for tasks to queue
[2026-06-29T22:15:39.703+0000] {logging_mixin.py:190} INFO - [2026-06-29T22:15:39.702+0000] {dagbag.py:588} INFO - Filling up the DagBag from /home/airflow/.local/lib/python3.12/site-packages/airflow/example_dags/example_branch_operator_decorator.py
[2026-06-29T22:15:39.727+0000] {processor.py:925} INFO - DAG(s) 'example_branch_python_operator_decorator' retrieved from /home/airflow/.local/lib/python3.12/site-packages/airflow/example_dags/example_branch_operator_decorator.py
[2026-06-29T22:15:39.758+0000] {logging_mixin.py:190} INFO - [2026-06-29T22:15:39.758+0000] {dag.py:3239} INFO - Sync 1 DAGs
[2026-06-29T22:15:39.783+0000] {logging_mixin.py:190} INFO - [2026-06-29T22:15:39.783+0000] {dag.py:4180} INFO - Setting next_dagrun for example_branch_python_operator_decorator to 2026-06-28 00:00:00+00:00, run_after=2026-06-29 00:00:00+00:00
[2026-06-29T22:15:39.808+0000] {processor.py:208} INFO - Processing /home/airflow/.local/lib/python3.12/site-packages/airflow/example_dags/example_branch_operator_decorator.py took 0.120 seconds
[2026-06-29T22:16:09.943+0000] {processor.py:186} INFO - Started process (PID=1056) to work on /home/airflow/.local/lib/python3.12/site-packages/airflow/example_dags/example_branch_operator_decorator.py
[2026-06-29T22:16:09.946+0000] {processor.py:914} INFO - Processing file /home/airflow/.local/lib/python3.12/site-packages/airflow/example_dags/example_branch_operator_decorator.py for tasks to queue
[2026-06-29T22:16:09.956+0000] {logging_mixin.py:190} INFO - [2026-06-29T22:16:09.955+0000] {dagbag.py:588} INFO - Filling up the DagBag from /home/airflow/.local/lib/python3.12/site-packages/airflow/example_dags/example_branch_operator_decorator.py
[2026-06-29T22:16:09.998+0000] {processor.py:925} INFO - DAG(s) 'example_branch_python_operator_decorator' retrieved from /home/airflow/.local/lib/python3.12/site-packages/airflow/example_dags/example_branch_operator_decorator.py
[2026-06-29T22:16:10.060+0000] {logging_mixin.py:190} INFO - [2026-06-29T22:16:10.059+0000] {dag.py:3239} INFO - Sync 1 DAGs
[2026-06-29T22:16:10.146+0000] {logging_mixin.py:190} INFO - [2026-06-29T22:16:10.146+0000] {dag.py:4180} INFO - Setting next_dagrun for example_branch_python_operator_decorator to 2026-06-28 00:00:00+00:00, run_after=2026-06-29 00:00:00+00:00
[2026-06-29T22:16:10.243+0000] {processor.py:208} INFO - Processing /home/airflow/.local/lib/python3.12/site-packages/airflow/example_dags/example_branch_operator_decorator.py took 0.308 seconds
[2026-06-29T22:16:41.805+0000] {processor.py:186} INFO - Started process (PID=1119) to work on /home/airflow/.local/lib/python3.12/site-packages/airflow/example_dags/example_branch_operator_decorator.py
[2026-06-29T22:16:41.809+0000] {processor.py:914} INFO - Processing file /home/airflow/.local/lib/python3.12/site-packages/airflow/example_dags/example_branch_operator_decorator.py for tasks to queue
[2026-06-29T22:16:41.823+0000] {logging_mixin.py:190} INFO - [2026-06-29T22:16:41.821+0000] {dagbag.py:588} INFO - Filling up the DagBag from /home/airflow/.local/lib/python3.12/site-packages/airflow/example_dags/example_branch_operator_decorator.py
[2026-06-29T22:16:41.884+0000] {processor.py:925} INFO - DAG(s) 'example_branch_python_operator_decorator' retrieved from /home/airflow/.local/lib/python3.12/site-packages/airflow/example_dags/example_branch_operator_decorator.py
[2026-06-29T22:16:41.990+0000] {logging_mixin.py:190} INFO - [2026-06-29T22:16:41.989+0000] {dag.py:3239} INFO - Sync 1 DAGs
[2026-06-29T22:16:42.066+0000] {logging_mixin.py:190} INFO - [2026-06-29T22:16:42.065+0000] {dag.py:4180} INFO - Setting next_dagrun for example_branch_python_operator_decorator to 2026-06-28 00:00:00+00:00, run_after=2026-06-29 00:00:00+00:00
[2026-06-29T22:16:42.152+0000] {processor.py:208} INFO - Processing /home/airflow/.local/lib/python3.12/site-packages/airflow/example_dags/example_branch_operator_decorator.py took 0.371 seconds
[2026-06-29T22:17:12.911+0000] {processor.py:186} INFO - Started process (PID=1183) to work on /home/airflow/.local/lib/python3.12/site-packages/airflow/example_dags/example_branch_operator_decorator.py
[2026-06-29T22:17:12.914+0000] {processor.py:914} INFO - Processing file /home/airflow/.local/lib/python3.12/site-packages/airflow/example_dags/example_branch_operator_decorator.py for tasks to queue
[2026-06-29T22:17:12.919+0000] {logging_mixin.py:190} INFO - [2026-06-29T22:17:12.918+0000] {dagbag.py:588} INFO - Filling up the DagBag from /home/airflow/.local/lib/python3.12/site-packages/airflow/example_dags/example_branch_operator_decorator.py
[2026-06-29T22:17:12.960+0000] {processor.py:925} INFO - DAG(s) 'example_branch_python_operator_decorator' retrieved from /home/airflow/.local/lib/python3.12/site-packages/airflow/example_dags/example_branch_operator_decorator.py
[2026-06-29T22:17:13.002+0000] {logging_mixin.py:190} INFO - [2026-06-29T22:17:13.002+0000] {dag.py:3239} INFO - Sync 1 DAGs
[2026-06-29T22:17:13.041+0000] {logging_mixin.py:190} INFO - [2026-06-29T22:17:13.041+0000] {dag.py:4180} INFO - Setting next_dagrun for example_branch_python_operator_decorator to 2026-06-28 00:00:00+00:00, run_after=2026-06-29 00:00:00+00:00
[2026-06-29T22:17:13.076+0000] {processor.py:208} INFO - Processing /home/airflow/.local/lib/python3.12/site-packages/airflow/example_dags/example_branch_operator_decorator.py took 0.177 seconds
[2026-06-29T22:17:43.359+0000] {processor.py:186} INFO - Started process (PID=1247) to work on /home/airflow/.local/lib/python3.12/site-packages/airflow/example_dags/example_branch_operator_decorator.py
[2026-06-29T22:17:43.361+0000] {processor.py:914} INFO - Processing file /home/airflow/.local/lib/python3.12/site-packages/airflow/example_dags/example_branch_operator_decorator.py for tasks to queue
[2026-06-29T22:17:43.366+0000] {logging_mixin.py:190} INFO - [2026-06-29T22:17:43.365+0000] {dagbag.py:588} INFO - Filling up the DagBag from /home/airflow/.local/lib/python3.12/site-packages/airflow/example_dags/example_branch_operator_decorator.py
[2026-06-29T22:17:43.405+0000] {processor.py:925} INFO - DAG(s) 'example_branch_python_operator_decorator' retrieved from /home/airflow/.local/lib/python3.12/site-packages/airflow/example_dags/example_branch_operator_decorator.py
[2026-06-29T22:17:43.456+0000] {logging_mixin.py:190} INFO - [2026-06-29T22:17:43.456+0000] {dag.py:3239} INFO - Sync 1 DAGs
[2026-06-29T22:17:43.512+0000] {logging_mixin.py:190} INFO - [2026-06-29T22:17:43.511+0000] {dag.py:4180} INFO - Setting next_dagrun for example_branch_python_operator_decorator to 2026-06-28 00:00:00+00:00, run_after=2026-06-29 00:00:00+00:00
[2026-06-29T22:17:43.556+0000] {processor.py:208} INFO - Processing /home/airflow/.local/lib/python3.12/site-packages/airflow/example_dags/example_branch_operator_decorator.py took 0.210 seconds
[2026-06-29T22:18:14.189+0000] {processor.py:186} INFO - Started process (PID=1311) to work on /home/airflow/.local/lib/python3.12/site-packages/airflow/example_dags/example_branch_operator_decorator.py
[2026-06-29T22:18:14.191+0000] {processor.py:914} INFO - Processing file /home/airflow/.local/lib/python3.12/site-packages/airflow/example_dags/example_branch_operator_decorator.py for tasks to queue
[2026-06-29T22:18:14.194+0000] {logging_mixin.py:190} INFO - [2026-06-29T22:18:14.194+0000] {dagbag.py:588} INFO - Filling up the DagBag from /home/airflow/.local/lib/python3.12/site-packages/airflow/example_dags/example_branch_operator_decorator.py
[2026-06-29T22:18:14.220+0000] {processor.py:925} INFO - DAG(s) 'example_branch_python_operator_decorator' retrieved from /home/airflow/.local/lib/python3.12/site-packages/airflow/example_dags/example_branch_operator_decorator.py
[2026-06-29T22:18:14.257+0000] {logging_mixin.py:190} INFO - [2026-06-29T22:18:14.256+0000] {dag.py:3239} INFO - Sync 1 DAGs
[2026-06-29T22:18:14.286+0000] {logging_mixin.py:190} INFO - [2026-06-29T22:18:14.285+0000] {dag.py:4180} INFO - Setting next_dagrun for example_branch_python_operator_decorator to 2026-06-28 00:00:00+00:00, run_after=2026-06-29 00:00:00+00:00
[2026-06-29T22:18:14.314+0000] {processor.py:208} INFO - Processing /home/airflow/.local/lib/python3.12/site-packages/airflow/example_dags/example_branch_operator_decorator.py took 0.134 seconds
[2026-06-29T22:18:44.547+0000] {processor.py:186} INFO - Started process (PID=1375) to work on /home/airflow/.local/lib/python3.12/site-packages/airflow/example_dags/example_branch_operator_decorator.py
[2026-06-29T22:18:44.555+0000] {processor.py:914} INFO - Processing file /home/airflow/.local/lib/python3.12/site-packages/airflow/example_dags/example_branch_operator_decorator.py for tasks to queue
[2026-06-29T22:18:44.561+0000] {logging_mixin.py:190} INFO - [2026-06-29T22:18:44.561+0000] {dagbag.py:588} INFO - Filling up the DagBag from /home/airflow/.local/lib/python3.12/site-packages/airflow/example_dags/example_branch_operator_decorator.py
[2026-06-29T22:18:44.599+0000] {processor.py:925} INFO - DAG(s) 'example_branch_python_operator_decorator' retrieved from /home/airflow/.local/lib/python3.12/site-packages/airflow/example_dags/example_branch_operator_decorator.py
[2026-06-29T22:18:44.663+0000] {logging_mixin.py:190} INFO - [2026-06-29T22:18:44.663+0000] {dag.py:3239} INFO - Sync 1 DAGs
[2026-06-29T22:18:44.695+0000] {logging_mixin.py:190} INFO - [2026-06-29T22:18:44.695+0000] {dag.py:4180} INFO - Setting next_dagrun for example_branch_python_operator_decorator to 2026-06-28 00:00:00+00:00, run_after=2026-06-29 00:00:00+00:00
[2026-06-29T22:18:44.724+0000] {processor.py:208} INFO - Processing /home/airflow/.local/lib/python3.12/site-packages/airflow/example_dags/example_branch_operator_decorator.py took 0.187 seconds
[2026-06-29T22:19:15.231+0000] {processor.py:186} INFO - Started process (PID=1439) to work on /home/airflow/.local/lib/python3.12/site-packages/airflow/example_dags/example_branch_operator_decorator.py
[2026-06-29T22:19:15.233+0000] {processor.py:914} INFO - Processing file /home/airflow/.local/lib/python3.12/site-packages/airflow/example_dags/example_branch_operator_decorator.py for tasks to queue
[2026-06-29T22:19:15.236+0000] {logging_mixin.py:190} INFO - [2026-06-29T22:19:15.235+0000] {dagbag.py:588} INFO - Filling up the DagBag from /home/airflow/.local/lib/python3.12/site-packages/airflow/example_dags/example_branch_operator_decorator.py
[2026-06-29T22:19:15.262+0000] {processor.py:925} INFO - DAG(s) 'example_branch_python_operator_decorator' retrieved from /home/airflow/.local/lib/python3.12/site-packages/airflow/example_dags/example_branch_operator_decorator.py
[2026-06-29T22:19:15.292+0000] {logging_mixin.py:190} INFO - [2026-06-29T22:19:15.292+0000] {dag.py:3239} INFO - Sync 1 DAGs
[2026-06-29T22:19:15.316+0000] {logging_mixin.py:190} INFO - [2026-06-29T22:19:15.316+0000] {dag.py:4180} INFO - Setting next_dagrun for example_branch_python_operator_decorator to 2026-06-28 00:00:00+00:00, run_after=2026-06-29 00:00:00+00:00
[2026-06-29T22:19:15.337+0000] {processor.py:208} INFO - Processing /home/airflow/.local/lib/python3.12/site-packages/airflow/example_dags/example_branch_operator_decorator.py took 0.113 seconds
[2026-06-29T22:19:45.509+0000] {processor.py:186} INFO - Started process (PID=1503) to work on /home/airflow/.local/lib/python3.12/site-packages/airflow/example_dags/example_branch_operator_decorator.py
[2026-06-29T22:19:45.511+0000] {processor.py:914} INFO - Processing file /home/airflow/.local/lib/python3.12/site-packages/airflow/example_dags/example_branch_operator_decorator.py for tasks to queue
[2026-06-29T22:19:45.519+0000] {logging_mixin.py:190} INFO - [2026-06-29T22:19:45.519+0000] {dagbag.py:588} INFO - Filling up the DagBag from /home/airflow/.local/lib/python3.12/site-packages/airflow/example_dags/example_branch_operator_decorator.py
[2026-06-29T22:19:45.557+0000] {processor.py:925} INFO - DAG(s) 'example_branch_python_operator_decorator' retrieved from /home/airflow/.local/lib/python3.12/site-packages/airflow/example_dags/example_branch_operator_decorator.py
[2026-06-29T22:19:45.600+0000] {logging_mixin.py:190} INFO - [2026-06-29T22:19:45.600+0000] {dag.py:3239} INFO - Sync 1 DAGs
[2026-06-29T22:19:45.629+0000] {logging_mixin.py:190} INFO - [2026-06-29T22:19:45.629+0000] {dag.py:4180} INFO - Setting next_dagrun for example_branch_python_operator_decorator to 2026-06-28 00:00:00+00:00, run_after=2026-06-29 00:00:00+00:00
[2026-06-29T22:19:45.657+0000] {processor.py:208} INFO - Processing /home/airflow/.local/lib/python3.12/site-packages/airflow/example_dags/example_branch_operator_decorator.py took 0.157 seconds
[2026-06-29T22:20:17.735+0000] {processor.py:186} INFO - Started process (PID=1563) to work on /home/airflow/.local/lib/python3.12/site-packages/airflow/example_dags/example_branch_operator_decorator.py
[2026-06-29T22:20:17.738+0000] {processor.py:914} INFO - Processing file /home/airflow/.local/lib/python3.12/site-packages/airflow/example_dags/example_branch_operator_decorator.py for tasks to queue
[2026-06-29T22:20:17.746+0000] {logging_mixin.py:190} INFO - [2026-06-29T22:20:17.744+0000] {dagbag.py:588} INFO - Filling up the DagBag from /home/airflow/.local/lib/python3.12/site-packages/airflow/example_dags/example_branch_operator_decorator.py
[2026-06-29T22:20:17.806+0000] {processor.py:925} INFO - DAG(s) 'example_branch_python_operator_decorator' retrieved from /home/airflow/.local/lib/python3.12/site-packages/airflow/example_dags/example_branch_operator_decorator.py
[2026-06-29T22:20:17.889+0000] {logging_mixin.py:190} INFO - [2026-06-29T22:20:17.889+0000] {dag.py:3239} INFO - Sync 1 DAGs
[2026-06-29T22:20:17.975+0000] {logging_mixin.py:190} INFO - [2026-06-29T22:20:17.974+0000] {dag.py:4180} INFO - Setting next_dagrun for example_branch_python_operator_decorator to 2026-06-28 00:00:00+00:00, run_after=2026-06-29 00:00:00+00:00
[2026-06-29T22:20:18.026+0000] {processor.py:208} INFO - Processing /home/airflow/.local/lib/python3.12/site-packages/airflow/example_dags/example_branch_operator_decorator.py took 0.312 seconds
[2026-06-29T22:20:50.195+0000] {processor.py:186} INFO - Started process (PID=1624) to work on /home/airflow/.local/lib/python3.12/site-packages/airflow/example_dags/example_branch_operator_decorator.py
[2026-06-29T22:20:50.199+0000] {processor.py:914} INFO - Processing file /home/airflow/.local/lib/python3.12/site-packages/airflow/example_dags/example_branch_operator_decorator.py for tasks to queue
[2026-06-29T22:20:50.211+0000] {logging_mixin.py:190} INFO - [2026-06-29T22:20:50.209+0000] {dagbag.py:588} INFO - Filling up the DagBag from /home/airflow/.local/lib/python3.12/site-packages/airflow/example_dags/example_branch_operator_decorator.py
[2026-06-29T22:20:50.263+0000] {processor.py:925} INFO - DAG(s) 'example_branch_python_operator_decorator' retrieved from /home/airflow/.local/lib/python3.12/site-packages/airflow/example_dags/example_branch_operator_decorator.py
[2026-06-29T22:20:50.329+0000] {logging_mixin.py:190} INFO - [2026-06-29T22:20:50.328+0000] {dag.py:3239} INFO - Sync 1 DAGs
[2026-06-29T22:20:50.431+0000] {logging_mixin.py:190} INFO - [2026-06-29T22:20:50.431+0000] {dag.py:4180} INFO - Setting next_dagrun for example_branch_python_operator_decorator to 2026-06-28 00:00:00+00:00, run_after=2026-06-29 00:00:00+00:00
[2026-06-29T22:20:50.504+0000] {processor.py:208} INFO - Processing /home/airflow/.local/lib/python3.12/site-packages/airflow/example_dags/example_branch_operator_decorator.py took 0.326 seconds
[2026-06-29T22:21:22.069+0000] {processor.py:186} INFO - Started process (PID=1688) to work on /home/airflow/.local/lib/python3.12/site-packages/airflow/example_dags/example_branch_operator_decorator.py
[2026-06-29T22:21:22.071+0000] {processor.py:914} INFO - Processing file /home/airflow/.local/lib/python3.12/site-packages/airflow/example_dags/example_branch_operator_decorator.py for tasks to queue
[2026-06-29T22:21:22.080+0000] {logging_mixin.py:190} INFO - [2026-06-29T22:21:22.079+0000] {dagbag.py:588} INFO - Filling up the DagBag from /home/airflow/.local/lib/python3.12/site-packages/airflow/example_dags/example_branch_operator_decorator.py
[2026-06-29T22:21:22.125+0000] {processor.py:925} INFO - DAG(s) 'example_branch_python_operator_decorator' retrieved from /home/airflow/.local/lib/python3.12/site-packages/airflow/example_dags/example_branch_operator_decorator.py
[2026-06-29T22:21:22.205+0000] {logging_mixin.py:190} INFO - [2026-06-29T22:21:22.204+0000] {dag.py:3239} INFO - Sync 1 DAGs
[2026-06-29T22:21:22.258+0000] {logging_mixin.py:190} INFO - [2026-06-29T22:21:22.257+0000] {dag.py:4180} INFO - Setting next_dagrun for example_branch_python_operator_decorator to 2026-06-28 00:00:00+00:00, run_after=2026-06-29 00:00:00+00:00
[2026-06-29T22:21:22.305+0000] {processor.py:208} INFO - Processing /home/airflow/.local/lib/python3.12/site-packages/airflow/example_dags/example_branch_operator_decorator.py took 0.249 seconds
[2026-06-29T22:21:52.629+0000] {processor.py:186} INFO - Started process (PID=1752) to work on /home/airflow/.local/lib/python3.12/site-packages/airflow/example_dags/example_branch_operator_decorator.py
[2026-06-29T22:21:52.631+0000] {processor.py:914} INFO - Processing file /home/airflow/.local/lib/python3.12/site-packages/airflow/example_dags/example_branch_operator_decorator.py for tasks to queue
[2026-06-29T22:21:52.636+0000] {logging_mixin.py:190} INFO - [2026-06-29T22:21:52.635+0000] {dagbag.py:588} INFO - Filling up the DagBag from /home/airflow/.local/lib/python3.12/site-packages/airflow/example_dags/example_branch_operator_decorator.py
[2026-06-29T22:21:52.663+0000] {processor.py:925} INFO - DAG(s) 'example_branch_python_operator_decorator' retrieved from /home/airflow/.local/lib/python3.12/site-packages/airflow/example_dags/example_branch_operator_decorator.py
[2026-06-29T22:21:52.714+0000] {logging_mixin.py:190} INFO - [2026-06-29T22:21:52.714+0000] {dag.py:3239} INFO - Sync 1 DAGs
[2026-06-29T22:21:52.744+0000] {logging_mixin.py:190} INFO - [2026-06-29T22:21:52.744+0000] {dag.py:4180} INFO - Setting next_dagrun for example_branch_python_operator_decorator to 2026-06-28 00:00:00+00:00, run_after=2026-06-29 00:00:00+00:00
[2026-06-29T22:21:52.766+0000] {processor.py:208} INFO - Processing /home/airflow/.local/lib/python3.12/site-packages/airflow/example_dags/example_branch_operator_decorator.py took 0.143 seconds
[2026-06-29T22:22:23.550+0000] {processor.py:186} INFO - Started process (PID=1815) to work on /home/airflow/.local/lib/python3.12/site-packages/airflow/example_dags/example_branch_operator_decorator.py
[2026-06-29T22:22:23.552+0000] {processor.py:914} INFO - Processing file /home/airflow/.local/lib/python3.12/site-packages/airflow/example_dags/example_branch_operator_decorator.py for tasks to queue
[2026-06-29T22:22:23.557+0000] {logging_mixin.py:190} INFO - [2026-06-29T22:22:23.556+0000] {dagbag.py:588} INFO - Filling up the DagBag from /home/airflow/.local/lib/python3.12/site-packages/airflow/example_dags/example_branch_operator_decorator.py
[2026-06-29T22:22:23.583+0000] {processor.py:925} INFO - DAG(s) 'example_branch_python_operator_decorator' retrieved from /home/airflow/.local/lib/python3.12/site-packages/airflow/example_dags/example_branch_operator_decorator.py
[2026-06-29T22:22:23.616+0000] {logging_mixin.py:190} INFO - [2026-06-29T22:22:23.615+0000] {dag.py:3239} INFO - Sync 1 DAGs
[2026-06-29T22:22:23.646+0000] {logging_mixin.py:190} INFO - [2026-06-29T22:22:23.646+0000] {dag.py:4180} INFO - Setting next_dagrun for example_branch_python_operator_decorator to 2026-06-28 00:00:00+00:00, run_after=2026-06-29 00:00:00+00:00
[2026-06-29T22:22:23.668+0000] {processor.py:208} INFO - Processing /home/airflow/.local/lib/python3.12/site-packages/airflow/example_dags/example_branch_operator_decorator.py took 0.127 seconds
[2026-06-29T22:22:53.786+0000] {processor.py:186} INFO - Started process (PID=1880) to work on /home/airflow/.local/lib/python3.12/site-packages/airflow/example_dags/example_branch_operator_decorator.py
[2026-06-29T22:22:53.787+0000] {processor.py:914} INFO - Processing file /home/airflow/.local/lib/python3.12/site-packages/airflow/example_dags/example_branch_operator_decorator.py for tasks to queue
[2026-06-29T22:22:53.792+0000] {logging_mixin.py:190} INFO - [2026-06-29T22:22:53.792+0000] {dagbag.py:588} INFO - Filling up the DagBag from /home/airflow/.local/lib/python3.12/site-packages/airflow/example_dags/example_branch_operator_decorator.py
[2026-06-29T22:22:53.814+0000] {processor.py:925} INFO - DAG(s) 'example_branch_python_operator_decorator' retrieved from /home/airflow/.local/lib/python3.12/site-packages/airflow/example_dags/example_branch_operator_decorator.py
[2026-06-29T22:22:53.843+0000] {logging_mixin.py:190} INFO - [2026-06-29T22:22:53.842+0000] {dag.py:3239} INFO - Sync 1 DAGs
[2026-06-29T22:22:53.867+0000] {logging_mixin.py:190} INFO - [2026-06-29T22:22:53.867+0000] {dag.py:4180} INFO - Setting next_dagrun for example_branch_python_operator_decorator to 2026-06-28 00:00:00+00:00, run_after=2026-06-29 00:00:00+00:00
[2026-06-29T22:22:53.890+0000] {processor.py:208} INFO - Processing /home/airflow/.local/lib/python3.12/site-packages/airflow/example_dags/example_branch_operator_decorator.py took 0.110 seconds
[2026-06-29T22:23:24.360+0000] {processor.py:186} INFO - Started process (PID=1943) to work on /home/airflow/.local/lib/python3.12/site-packages/airflow/example_dags/example_branch_operator_decorator.py
[2026-06-29T22:23:24.362+0000] {processor.py:914} INFO - Processing file /home/airflow/.local/lib/python3.12/site-packages/airflow/example_dags/example_branch_operator_decorator.py for tasks to queue
[2026-06-29T22:23:24.365+0000] {logging_mixin.py:190} INFO - [2026-06-29T22:23:24.365+0000] {dagbag.py:588} INFO - Filling up the DagBag from /home/airflow/.local/lib/python3.12/site-packages/airflow/example_dags/example_branch_operator_decorator.py
[2026-06-29T22:23:24.391+0000] {processor.py:925} INFO - DAG(s) 'example_branch_python_operator_decorator' retrieved from /home/airflow/.local/lib/python3.12/site-packages/airflow/example_dags/example_branch_operator_decorator.py
[2026-06-29T22:23:24.418+0000] {logging_mixin.py:190} INFO - [2026-06-29T22:23:24.418+0000] {dag.py:3239} INFO - Sync 1 DAGs
[2026-06-29T22:23:24.443+0000] {logging_mixin.py:190} INFO - [2026-06-29T22:23:24.443+0000] {dag.py:4180} INFO - Setting next_dagrun for example_branch_python_operator_decorator to 2026-06-28 00:00:00+00:00, run_after=2026-06-29 00:00:00+00:00
[2026-06-29T22:23:24.464+0000] {processor.py:208} INFO - Processing /home/airflow/.local/lib/python3.12/site-packages/airflow/example_dags/example_branch_operator_decorator.py took 0.113 seconds
[2026-06-29T22:23:55.180+0000] {processor.py:186} INFO - Started process (PID=2007) to work on /home/airflow/.local/lib/python3.12/site-packages/airflow/example_dags/example_branch_operator_decorator.py
[2026-06-29T22:23:55.182+0000] {processor.py:914} INFO - Processing file /home/airflow/.local/lib/python3.12/site-packages/airflow/example_dags/example_branch_operator_decorator.py for tasks to queue
[2026-06-29T22:23:55.185+0000] {logging_mixin.py:190} INFO - [2026-06-29T22:23:55.185+0000] {dagbag.py:588} INFO - Filling up the DagBag from /home/airflow/.local/lib/python3.12/site-packages/airflow/example_dags/example_branch_operator_decorator.py
[2026-06-29T22:23:55.213+0000] {processor.py:925} INFO - DAG(s) 'example_branch_python_operator_decorator' retrieved from /home/airflow/.local/lib/python3.12/site-packages/airflow/example_dags/example_branch_operator_decorator.py
[2026-06-29T22:23:55.242+0000] {logging_mixin.py:190} INFO - [2026-06-29T22:23:55.241+0000] {dag.py:3239} INFO - Sync 1 DAGs
[2026-06-29T22:23:55.267+0000] {logging_mixin.py:190} INFO - [2026-06-29T22:23:55.267+0000] {dag.py:4180} INFO - Setting next_dagrun for example_branch_python_operator_decorator to 2026-06-28 00:00:00+00:00, run_after=2026-06-29 00:00:00+00:00
[2026-06-29T22:23:55.289+0000] {processor.py:208} INFO - Processing /home/airflow/.local/lib/python3.12/site-packages/airflow/example_dags/example_branch_operator_decorator.py took 0.115 seconds
[2026-06-29T22:24:25.505+0000] {processor.py:186} INFO - Started process (PID=2071) to work on /home/airflow/.local/lib/python3.12/site-packages/airflow/example_dags/example_branch_operator_decorator.py
[2026-06-29T22:24:25.507+0000] {processor.py:914} INFO - Processing file /home/airflow/.local/lib/python3.12/site-packages/airflow/example_dags/example_branch_operator_decorator.py for tasks to queue
[2026-06-29T22:24:25.510+0000] {logging_mixin.py:190} INFO - [2026-06-29T22:24:25.510+0000] {dagbag.py:588} INFO - Filling up the DagBag from /home/airflow/.local/lib/python3.12/site-packages/airflow/example_dags/example_branch_operator_decorator.py
[2026-06-29T22:24:25.538+0000] {processor.py:925} INFO - DAG(s) 'example_branch_python_operator_decorator' retrieved from /home/airflow/.local/lib/python3.12/site-packages/airflow/example_dags/example_branch_operator_decorator.py
[2026-06-29T22:24:25.566+0000] {logging_mixin.py:190} INFO - [2026-06-29T22:24:25.566+0000] {dag.py:3239} INFO - Sync 1 DAGs
[2026-06-29T22:24:25.592+0000] {logging_mixin.py:190} INFO - [2026-06-29T22:24:25.591+0000] {dag.py:4180} INFO - Setting next_dagrun for example_branch_python_operator_decorator to 2026-06-28 00:00:00+00:00, run_after=2026-06-29 00:00:00+00:00
[2026-06-29T22:24:25.613+0000] {processor.py:208} INFO - Processing /home/airflow/.local/lib/python3.12/site-packages/airflow/example_dags/example_branch_operator_decorator.py took 0.119 seconds
[2026-06-29T22:24:56.140+0000] {processor.py:186} INFO - Started process (PID=2135) to work on /home/airflow/.local/lib/python3.12/site-packages/airflow/example_dags/example_branch_operator_decorator.py
[2026-06-29T22:24:56.142+0000] {processor.py:914} INFO - Processing file /home/airflow/.local/lib/python3.12/site-packages/airflow/example_dags/example_branch_operator_decorator.py for tasks to queue
[2026-06-29T22:24:56.147+0000] {logging_mixin.py:190} INFO - [2026-06-29T22:24:56.147+0000] {dagbag.py:588} INFO - Filling up the DagBag from /home/airflow/.local/lib/python3.12/site-packages/airflow/example_dags/example_branch_operator_decorator.py
[2026-06-29T22:24:56.173+0000] {processor.py:925} INFO - DAG(s) 'example_branch_python_operator_decorator' retrieved from /home/airflow/.local/lib/python3.12/site-packages/airflow/example_dags/example_branch_operator_decorator.py
[2026-06-29T22:24:56.207+0000] {logging_mixin.py:190} INFO - [2026-06-29T22:24:56.207+0000] {dag.py:3239} INFO - Sync 1 DAGs
[2026-06-29T22:24:56.235+0000] {logging_mixin.py:190} INFO - [2026-06-29T22:24:56.235+0000] {dag.py:4180} INFO - Setting next_dagrun for example_branch_python_operator_decorator to 2026-06-28 00:00:00+00:00, run_after=2026-06-29 00:00:00+00:00
[2026-06-29T22:24:56.263+0000] {processor.py:208} INFO - Processing /home/airflow/.local/lib/python3.12/site-packages/airflow/example_dags/example_branch_operator_decorator.py took 0.131 seconds
[2026-06-29T22:25:26.920+0000] {processor.py:186} INFO - Started process (PID=2199) to work on /home/airflow/.local/lib/python3.12/site-packages/airflow/example_dags/example_branch_operator_decorator.py
[2026-06-29T22:25:26.922+0000] {processor.py:914} INFO - Processing file /home/airflow/.local/lib/python3.12/site-packages/airflow/example_dags/example_branch_operator_decorator.py for tasks to queue
[2026-06-29T22:25:26.927+0000] {logging_mixin.py:190} INFO - [2026-06-29T22:25:26.926+0000] {dagbag.py:588} INFO - Filling up the DagBag from /home/airflow/.local/lib/python3.12/site-packages/airflow/example_dags/example_branch_operator_decorator.py
[2026-06-29T22:25:26.968+0000] {processor.py:925} INFO - DAG(s) 'example_branch_python_operator_decorator' retrieved from /home/airflow/.local/lib/python3.12/site-packages/airflow/example_dags/example_branch_operator_decorator.py
[2026-06-29T22:25:27.007+0000] {logging_mixin.py:190} INFO - [2026-06-29T22:25:27.006+0000] {dag.py:3239} INFO - Sync 1 DAGs
[2026-06-29T22:25:27.054+0000] {logging_mixin.py:190} INFO - [2026-06-29T22:25:27.054+0000] {dag.py:4180} INFO - Setting next_dagrun for example_branch_python_operator_decorator to 2026-06-28 00:00:00+00:00, run_after=2026-06-29 00:00:00+00:00
[2026-06-29T22:25:27.087+0000] {processor.py:208} INFO - Processing /home/airflow/.local/lib/python3.12/site-packages/airflow/example_dags/example_branch_operator_decorator.py took 0.176 seconds
[2026-06-29T22:25:57.390+0000] {processor.py:186} INFO - Started process (PID=2263) to work on /home/airflow/.local/lib/python3.12/site-packages/airflow/example_dags/example_branch_operator_decorator.py
[2026-06-29T22:25:57.392+0000] {processor.py:914} INFO - Processing file /home/airflow/.local/lib/python3.12/site-packages/airflow/example_dags/example_branch_operator_decorator.py for tasks to queue
[2026-06-29T22:25:57.397+0000] {logging_mixin.py:190} INFO - [2026-06-29T22:25:57.396+0000] {dagbag.py:588} INFO - Filling up the DagBag from /home/airflow/.local/lib/python3.12/site-packages/airflow/example_dags/example_branch_operator_decorator.py
[2026-06-29T22:25:57.432+0000] {processor.py:925} INFO - DAG(s) 'example_branch_python_operator_decorator' retrieved from /home/airflow/.local/lib/python3.12/site-packages/airflow/example_dags/example_branch_operator_decorator.py
[2026-06-29T22:25:57.475+0000] {logging_mixin.py:190} INFO - [2026-06-29T22:25:57.474+0000] {dag.py:3239} INFO - Sync 1 DAGs
[2026-06-29T22:25:57.519+0000] {logging_mixin.py:190} INFO - [2026-06-29T22:25:57.519+0000] {dag.py:4180} INFO - Setting next_dagrun for example_branch_python_operator_decorator to 2026-06-28 00:00:00+00:00, run_after=2026-06-29 00:00:00+00:00
[2026-06-29T22:25:57.558+0000] {processor.py:208} INFO - Processing /home/airflow/.local/lib/python3.12/site-packages/airflow/example_dags/example_branch_operator_decorator.py took 0.174 seconds
[2026-06-29T22:26:28.179+0000] {processor.py:186} INFO - Started process (PID=2327) to work on /home/airflow/.local/lib/python3.12/site-packages/airflow/example_dags/example_branch_operator_decorator.py
[2026-06-29T22:26:28.181+0000] {processor.py:914} INFO - Processing file /home/airflow/.local/lib/python3.12/site-packages/airflow/example_dags/example_branch_operator_decorator.py for tasks to queue
[2026-06-29T22:26:28.184+0000] {logging_mixin.py:190} INFO - [2026-06-29T22:26:28.183+0000] {dagbag.py:588} INFO - Filling up the DagBag from /home/airflow/.local/lib/python3.12/site-packages/airflow/example_dags/example_branch_operator_decorator.py
[2026-06-29T22:26:28.210+0000] {processor.py:925} INFO - DAG(s) 'example_branch_python_operator_decorator' retrieved from /home/airflow/.local/lib/python3.12/site-packages/airflow/example_dags/example_branch_operator_decorator.py
[2026-06-29T22:26:28.238+0000] {logging_mixin.py:190} INFO - [2026-06-29T22:26:28.237+0000] {dag.py:3239} INFO - Sync 1 DAGs
[2026-06-29T22:26:28.261+0000] {logging_mixin.py:190} INFO - [2026-06-29T22:26:28.261+0000] {dag.py:4180} INFO - Setting next_dagrun for example_branch_python_operator_decorator to 2026-06-28 00:00:00+00:00, run_after=2026-06-29 00:00:00+00:00
[2026-06-29T22:26:28.282+0000] {processor.py:208} INFO - Processing /home/airflow/.local/lib/python3.12/site-packages/airflow/example_dags/example_branch_operator_decorator.py took 0.112 seconds
[2026-06-29T22:26:58.416+0000] {processor.py:186} INFO - Started process (PID=2391) to work on /home/airflow/.local/lib/python3.12/site-packages/airflow/example_dags/example_branch_operator_decorator.py
[2026-06-29T22:26:58.417+0000] {processor.py:914} INFO - Processing file /home/airflow/.local/lib/python3.12/site-packages/airflow/example_dags/example_branch_operator_decorator.py for tasks to queue
[2026-06-29T22:26:58.420+0000] {logging_mixin.py:190} INFO - [2026-06-29T22:26:58.420+0000] {dagbag.py:588} INFO - Filling up the DagBag from /home/airflow/.local/lib/python3.12/site-packages/airflow/example_dags/example_branch_operator_decorator.py
[2026-06-29T22:26:58.443+0000] {processor.py:925} INFO - DAG(s) 'example_branch_python_operator_decorator' retrieved from /home/airflow/.local/lib/python3.12/site-packages/airflow/example_dags/example_branch_operator_decorator.py
[2026-06-29T22:26:58.473+0000] {logging_mixin.py:190} INFO - [2026-06-29T22:26:58.473+0000] {dag.py:3239} INFO - Sync 1 DAGs
[2026-06-29T22:26:58.500+0000] {logging_mixin.py:190} INFO - [2026-06-29T22:26:58.499+0000] {dag.py:4180} INFO - Setting next_dagrun for example_branch_python_operator_decorator to 2026-06-28 00:00:00+00:00, run_after=2026-06-29 00:00:00+00:00
[2026-06-29T22:26:58.526+0000] {processor.py:208} INFO - Processing /home/airflow/.local/lib/python3.12/site-packages/airflow/example_dags/example_branch_operator_decorator.py took 0.117 seconds
[2026-06-29T22:27:28.743+0000] {processor.py:186} INFO - Started process (PID=2455) to work on /home/airflow/.local/lib/python3.12/site-packages/airflow/example_dags/example_branch_operator_decorator.py
[2026-06-29T22:27:28.745+0000] {processor.py:914} INFO - Processing file /home/airflow/.local/lib/python3.12/site-packages/airflow/example_dags/example_branch_operator_decorator.py for tasks to queue
[2026-06-29T22:27:28.747+0000] {logging_mixin.py:190} INFO - [2026-06-29T22:27:28.747+0000] {dagbag.py:588} INFO - Filling up the DagBag from /home/airflow/.local/lib/python3.12/site-packages/airflow/example_dags/example_branch_operator_decorator.py
[2026-06-29T22:27:28.769+0000] {processor.py:925} INFO - DAG(s) 'example_branch_python_operator_decorator' retrieved from /home/airflow/.local/lib/python3.12/site-packages/airflow/example_dags/example_branch_operator_decorator.py
[2026-06-29T22:27:28.799+0000] {logging_mixin.py:190} INFO - [2026-06-29T22:27:28.799+0000] {dag.py:3239} INFO - Sync 1 DAGs
[2026-06-29T22:27:28.826+0000] {logging_mixin.py:190} INFO - [2026-06-29T22:27:28.825+0000] {dag.py:4180} INFO - Setting next_dagrun for example_branch_python_operator_decorator to 2026-06-28 00:00:00+00:00, run_after=2026-06-29 00:00:00+00:00
[2026-06-29T22:27:28.848+0000] {processor.py:208} INFO - Processing /home/airflow/.local/lib/python3.12/site-packages/airflow/example_dags/example_branch_operator_decorator.py took 0.112 seconds
[2026-06-29T22:27:59.712+0000] {processor.py:186} INFO - Started process (PID=2517) to work on /home/airflow/.local/lib/python3.12/site-packages/airflow/example_dags/example_branch_operator_decorator.py
[2026-06-29T22:27:59.715+0000] {processor.py:914} INFO - Processing file /home/airflow/.local/lib/python3.12/site-packages/airflow/example_dags/example_branch_operator_decorator.py for tasks to queue
[2026-06-29T22:27:59.723+0000] {logging_mixin.py:190} INFO - [2026-06-29T22:27:59.722+0000] {dagbag.py:588} INFO - Filling up the DagBag from /home/airflow/.local/lib/python3.12/site-packages/airflow/example_dags/example_branch_operator_decorator.py
[2026-06-29T22:27:59.758+0000] {processor.py:925} INFO - DAG(s) 'example_branch_python_operator_decorator' retrieved from /home/airflow/.local/lib/python3.12/site-packages/airflow/example_dags/example_branch_operator_decorator.py
[2026-06-29T22:27:59.798+0000] {logging_mixin.py:190} INFO - [2026-06-29T22:27:59.797+0000] {dag.py:3239} INFO - Sync 1 DAGs
[2026-06-29T22:27:59.836+0000] {logging_mixin.py:190} INFO - [2026-06-29T22:27:59.835+0000] {dag.py:4180} INFO - Setting next_dagrun for example_branch_python_operator_decorator to 2026-06-28 00:00:00+00:00, run_after=2026-06-29 00:00:00+00:00
[2026-06-29T22:27:59.880+0000] {processor.py:208} INFO - Processing /home/airflow/.local/lib/python3.12/site-packages/airflow/example_dags/example_branch_operator_decorator.py took 0.182 seconds
[2026-06-29T22:28:30.301+0000] {processor.py:186} INFO - Started process (PID=2578) to work on /home/airflow/.local/lib/python3.12/site-packages/airflow/example_dags/example_branch_operator_decorator.py
[2026-06-29T22:28:30.304+0000] {processor.py:914} INFO - Processing file /home/airflow/.local/lib/python3.12/site-packages/airflow/example_dags/example_branch_operator_decorator.py for tasks to queue
[2026-06-29T22:28:30.315+0000] {logging_mixin.py:190} INFO - [2026-06-29T22:28:30.313+0000] {dagbag.py:588} INFO - Filling up the DagBag from /home/airflow/.local/lib/python3.12/site-packages/airflow/example_dags/example_branch_operator_decorator.py
[2026-06-29T22:28:30.374+0000] {processor.py:925} INFO - DAG(s) 'example_branch_python_operator_decorator' retrieved from /home/airflow/.local/lib/python3.12/site-packages/airflow/example_dags/example_branch_operator_decorator.py
[2026-06-29T22:28:30.450+0000] {logging_mixin.py:190} INFO - [2026-06-29T22:28:30.449+0000] {dag.py:3239} INFO - Sync 1 DAGs
[2026-06-29T22:28:30.524+0000] {logging_mixin.py:190} INFO - [2026-06-29T22:28:30.524+0000] {dag.py:4180} INFO - Setting next_dagrun for example_branch_python_operator_decorator to 2026-06-28 00:00:00+00:00, run_after=2026-06-29 00:00:00+00:00
[2026-06-29T22:28:30.581+0000] {processor.py:208} INFO - Processing /home/airflow/.local/lib/python3.12/site-packages/airflow/example_dags/example_branch_operator_decorator.py took 0.297 seconds
[2026-06-29T22:29:01.475+0000] {processor.py:186} INFO - Started process (PID=2641) to work on /home/airflow/.local/lib/python3.12/site-packages/airflow/example_dags/example_branch_operator_decorator.py
[2026-06-29T22:29:01.477+0000] {processor.py:914} INFO - Processing file /home/airflow/.local/lib/python3.12/site-packages/airflow/example_dags/example_branch_operator_decorator.py for tasks to queue
[2026-06-29T22:29:01.483+0000] {logging_mixin.py:190} INFO - [2026-06-29T22:29:01.482+0000] {dagbag.py:588} INFO - Filling up the DagBag from /home/airflow/.local/lib/python3.12/site-packages/airflow/example_dags/example_branch_operator_decorator.py
[2026-06-29T22:29:01.526+0000] {processor.py:925} INFO - DAG(s) 'example_branch_python_operator_decorator' retrieved from /home/airflow/.local/lib/python3.12/site-packages/airflow/example_dags/example_branch_operator_decorator.py
[2026-06-29T22:29:01.589+0000] {logging_mixin.py:190} INFO - [2026-06-29T22:29:01.588+0000] {dag.py:3239} INFO - Sync 1 DAGs
[2026-06-29T22:29:01.627+0000] {logging_mixin.py:190} INFO - [2026-06-29T22:29:01.626+0000] {dag.py:4180} INFO - Setting next_dagrun for example_branch_python_operator_decorator to 2026-06-28 00:00:00+00:00, run_after=2026-06-29 00:00:00+00:00
[2026-06-29T22:29:01.665+0000] {processor.py:208} INFO - Processing /home/airflow/.local/lib/python3.12/site-packages/airflow/example_dags/example_branch_operator_decorator.py took 0.201 seconds
[2026-06-29T22:29:32.483+0000] {processor.py:186} INFO - Started process (PID=2705) to work on /home/airflow/.local/lib/python3.12/site-packages/airflow/example_dags/example_branch_operator_decorator.py
[2026-06-29T22:29:32.485+0000] {processor.py:914} INFO - Processing file /home/airflow/.local/lib/python3.12/site-packages/airflow/example_dags/example_branch_operator_decorator.py for tasks to queue
[2026-06-29T22:29:32.489+0000] {logging_mixin.py:190} INFO - [2026-06-29T22:29:32.488+0000] {dagbag.py:588} INFO - Filling up the DagBag from /home/airflow/.local/lib/python3.12/site-packages/airflow/example_dags/example_branch_operator_decorator.py
[2026-06-29T22:29:32.524+0000] {processor.py:925} INFO - DAG(s) 'example_branch_python_operator_decorator' retrieved from /home/airflow/.local/lib/python3.12/site-packages/airflow/example_dags/example_branch_operator_decorator.py
[2026-06-29T22:29:32.558+0000] {logging_mixin.py:190} INFO - [2026-06-29T22:29:32.558+0000] {dag.py:3239} INFO - Sync 1 DAGs
[2026-06-29T22:29:32.588+0000] {logging_mixin.py:190} INFO - [2026-06-29T22:29:32.587+0000] {dag.py:4180} INFO - Setting next_dagrun for example_branch_python_operator_decorator to 2026-06-28 00:00:00+00:00, run_after=2026-06-29 00:00:00+00:00
[2026-06-29T22:29:32.612+0000] {processor.py:208} INFO - Processing /home/airflow/.local/lib/python3.12/site-packages/airflow/example_dags/example_branch_operator_decorator.py took 0.137 seconds
[2026-06-29T22:30:03.311+0000] {processor.py:186} INFO - Started process (PID=2769) to work on /home/airflow/.local/lib/python3.12/site-packages/airflow/example_dags/example_branch_operator_decorator.py
[2026-06-29T22:30:03.314+0000] {processor.py:914} INFO - Processing file /home/airflow/.local/lib/python3.12/site-packages/airflow/example_dags/example_branch_operator_decorator.py for tasks to queue
[2026-06-29T22:30:03.319+0000] {logging_mixin.py:190} INFO - [2026-06-29T22:30:03.319+0000] {dagbag.py:588} INFO - Filling up the DagBag from /home/airflow/.local/lib/python3.12/site-packages/airflow/example_dags/example_branch_operator_decorator.py
[2026-06-29T22:30:03.370+0000] {processor.py:925} INFO - DAG(s) 'example_branch_python_operator_decorator' retrieved from /home/airflow/.local/lib/python3.12/site-packages/airflow/example_dags/example_branch_operator_decorator.py
[2026-06-29T22:30:03.440+0000] {logging_mixin.py:190} INFO - [2026-06-29T22:30:03.439+0000] {dag.py:3239} INFO - Sync 1 DAGs
[2026-06-29T22:30:03.503+0000] {logging_mixin.py:190} INFO - [2026-06-29T22:30:03.502+0000] {dag.py:4180} INFO - Setting next_dagrun for example_branch_python_operator_decorator to 2026-06-28 00:00:00+00:00, run_after=2026-06-29 00:00:00+00:00
[2026-06-29T22:30:03.551+0000] {processor.py:208} INFO - Processing /home/airflow/.local/lib/python3.12/site-packages/airflow/example_dags/example_branch_operator_decorator.py took 0.265 seconds
[2026-06-29T22:30:34.535+0000] {processor.py:186} INFO - Started process (PID=2833) to work on /home/airflow/.local/lib/python3.12/site-packages/airflow/example_dags/example_branch_operator_decorator.py
[2026-06-29T22:30:34.539+0000] {processor.py:914} INFO - Processing file /home/airflow/.local/lib/python3.12/site-packages/airflow/example_dags/example_branch_operator_decorator.py for tasks to queue
[2026-06-29T22:30:34.553+0000] {logging_mixin.py:190} INFO - [2026-06-29T22:30:34.551+0000] {dagbag.py:588} INFO - Filling up the DagBag from /home/airflow/.local/lib/python3.12/site-packages/airflow/example_dags/example_branch_operator_decorator.py
[2026-06-29T22:30:34.690+0000] {processor.py:925} INFO - DAG(s) 'example_branch_python_operator_decorator' retrieved from /home/airflow/.local/lib/python3.12/site-packages/airflow/example_dags/example_branch_operator_decorator.py
[2026-06-29T22:30:34.919+0000] {logging_mixin.py:190} INFO - [2026-06-29T22:30:34.918+0000] {dag.py:3239} INFO - Sync 1 DAGs
[2026-06-29T22:30:35.095+0000] {logging_mixin.py:190} INFO - [2026-06-29T22:30:35.095+0000] {dag.py:4180} INFO - Setting next_dagrun for example_branch_python_operator_decorator to 2026-06-28 00:00:00+00:00, run_after=2026-06-29 00:00:00+00:00
[2026-06-29T22:30:35.197+0000] {processor.py:208} INFO - Processing /home/airflow/.local/lib/python3.12/site-packages/airflow/example_dags/example_branch_operator_decorator.py took 0.706 seconds
[2026-06-29T22:31:05.857+0000] {processor.py:186} INFO - Started process (PID=2897) to work on /home/airflow/.local/lib/python3.12/site-packages/airflow/example_dags/example_branch_operator_decorator.py
[2026-06-29T22:31:05.859+0000] {processor.py:914} INFO - Processing file /home/airflow/.local/lib/python3.12/site-packages/airflow/example_dags/example_branch_operator_decorator.py for tasks to queue
[2026-06-29T22:31:05.864+0000] {logging_mixin.py:190} INFO - [2026-06-29T22:31:05.864+0000] {dagbag.py:588} INFO - Filling up the DagBag from /home/airflow/.local/lib/python3.12/site-packages/airflow/example_dags/example_branch_operator_decorator.py
[2026-06-29T22:31:05.899+0000] {processor.py:925} INFO - DAG(s) 'example_branch_python_operator_decorator' retrieved from /home/airflow/.local/lib/python3.12/site-packages/airflow/example_dags/example_branch_operator_decorator.py
[2026-06-29T22:31:05.940+0000] {logging_mixin.py:190} INFO - [2026-06-29T22:31:05.940+0000] {dag.py:3239} INFO - Sync 1 DAGs
[2026-06-29T22:31:05.982+0000] {logging_mixin.py:190} INFO - [2026-06-29T22:31:05.981+0000] {dag.py:4180} INFO - Setting next_dagrun for example_branch_python_operator_decorator to 2026-06-28 00:00:00+00:00, run_after=2026-06-29 00:00:00+00:00
[2026-06-29T22:31:06.017+0000] {processor.py:208} INFO - Processing /home/airflow/.local/lib/python3.12/site-packages/airflow/example_dags/example_branch_operator_decorator.py took 0.169 seconds
[2026-06-29T22:31:36.234+0000] {processor.py:186} INFO - Started process (PID=2967) to work on /home/airflow/.local/lib/python3.12/site-packages/airflow/example_dags/example_branch_operator_decorator.py
[2026-06-29T22:31:36.236+0000] {processor.py:914} INFO - Processing file /home/airflow/.local/lib/python3.12/site-packages/airflow/example_dags/example_branch_operator_decorator.py for tasks to queue
[2026-06-29T22:31:36.241+0000] {logging_mixin.py:190} INFO - [2026-06-29T22:31:36.241+0000] {dagbag.py:588} INFO - Filling up the DagBag from /home/airflow/.local/lib/python3.12/site-packages/airflow/example_dags/example_branch_operator_decorator.py
[2026-06-29T22:31:36.281+0000] {processor.py:925} INFO - DAG(s) 'example_branch_python_operator_decorator' retrieved from /home/airflow/.local/lib/python3.12/site-packages/airflow/example_dags/example_branch_operator_decorator.py
[2026-06-29T22:31:36.330+0000] {logging_mixin.py:190} INFO - [2026-06-29T22:31:36.330+0000] {dag.py:3239} INFO - Sync 1 DAGs
[2026-06-29T22:31:36.368+0000] {logging_mixin.py:190} INFO - [2026-06-29T22:31:36.368+0000] {dag.py:4180} INFO - Setting next_dagrun for example_branch_python_operator_decorator to 2026-06-28 00:00:00+00:00, run_after=2026-06-29 00:00:00+00:00
[2026-06-29T22:31:36.405+0000] {processor.py:208} INFO - Processing /home/airflow/.local/lib/python3.12/site-packages/airflow/example_dags/example_branch_operator_decorator.py took 0.185 seconds
[2026-06-29T22:32:07.106+0000] {processor.py:186} INFO - Started process (PID=3085) to work on /home/airflow/.local/lib/python3.12/site-packages/airflow/example_dags/example_branch_operator_decorator.py
[2026-06-29T22:32:07.110+0000] {processor.py:914} INFO - Processing file /home/airflow/.local/lib/python3.12/site-packages/airflow/example_dags/example_branch_operator_decorator.py for tasks to queue
[2026-06-29T22:32:07.118+0000] {logging_mixin.py:190} INFO - [2026-06-29T22:32:07.117+0000] {dagbag.py:588} INFO - Filling up the DagBag from /home/airflow/.local/lib/python3.12/site-packages/airflow/example_dags/example_branch_operator_decorator.py
[2026-06-29T22:32:07.184+0000] {processor.py:925} INFO - DAG(s) 'example_branch_python_operator_decorator' retrieved from /home/airflow/.local/lib/python3.12/site-packages/airflow/example_dags/example_branch_operator_decorator.py
[2026-06-29T22:32:07.280+0000] {logging_mixin.py:190} INFO - [2026-06-29T22:32:07.279+0000] {dag.py:3239} INFO - Sync 1 DAGs
[2026-06-29T22:32:07.371+0000] {logging_mixin.py:190} INFO - [2026-06-29T22:32:07.370+0000] {dag.py:4180} INFO - Setting next_dagrun for example_branch_python_operator_decorator to 2026-06-28 00:00:00+00:00, run_after=2026-06-29 00:00:00+00:00
[2026-06-29T22:32:07.432+0000] {processor.py:208} INFO - Processing /home/airflow/.local/lib/python3.12/site-packages/airflow/example_dags/example_branch_operator_decorator.py took 0.347 seconds
[2026-06-29T22:32:38.225+0000] {processor.py:186} INFO - Started process (PID=3191) to work on /home/airflow/.local/lib/python3.12/site-packages/airflow/example_dags/example_branch_operator_decorator.py
[2026-06-29T22:32:38.228+0000] {processor.py:914} INFO - Processing file /home/airflow/.local/lib/python3.12/site-packages/airflow/example_dags/example_branch_operator_decorator.py for tasks to queue
[2026-06-29T22:32:38.234+0000] {logging_mixin.py:190} INFO - [2026-06-29T22:32:38.234+0000] {dagbag.py:588} INFO - Filling up the DagBag from /home/airflow/.local/lib/python3.12/site-packages/airflow/example_dags/example_branch_operator_decorator.py
[2026-06-29T22:32:38.296+0000] {processor.py:925} INFO - DAG(s) 'example_branch_python_operator_decorator' retrieved from /home/airflow/.local/lib/python3.12/site-packages/airflow/example_dags/example_branch_operator_decorator.py
[2026-06-29T22:32:38.379+0000] {logging_mixin.py:190} INFO - [2026-06-29T22:32:38.378+0000] {dag.py:3239} INFO - Sync 1 DAGs
[2026-06-29T22:32:38.454+0000] {logging_mixin.py:190} INFO - [2026-06-29T22:32:38.454+0000] {dag.py:4180} INFO - Setting next_dagrun for example_branch_python_operator_decorator to 2026-06-28 00:00:00+00:00, run_after=2026-06-29 00:00:00+00:00
[2026-06-29T22:32:38.530+0000] {processor.py:208} INFO - Processing /home/airflow/.local/lib/python3.12/site-packages/airflow/example_dags/example_branch_operator_decorator.py took 0.319 seconds
[2026-06-29T22:33:08.660+0000] {processor.py:186} INFO - Started process (PID=3266) to work on /home/airflow/.local/lib/python3.12/site-packages/airflow/example_dags/example_branch_operator_decorator.py
[2026-06-29T22:33:08.663+0000] {processor.py:914} INFO - Processing file /home/airflow/.local/lib/python3.12/site-packages/airflow/example_dags/example_branch_operator_decorator.py for tasks to queue
[2026-06-29T22:33:08.668+0000] {logging_mixin.py:190} INFO - [2026-06-29T22:33:08.667+0000] {dagbag.py:588} INFO - Filling up the DagBag from /home/airflow/.local/lib/python3.12/site-packages/airflow/example_dags/example_branch_operator_decorator.py
[2026-06-29T22:33:08.711+0000] {processor.py:925} INFO - DAG(s) 'example_branch_python_operator_decorator' retrieved from /home/airflow/.local/lib/python3.12/site-packages/airflow/example_dags/example_branch_operator_decorator.py
[2026-06-29T22:33:08.756+0000] {logging_mixin.py:190} INFO - [2026-06-29T22:33:08.755+0000] {dag.py:3239} INFO - Sync 1 DAGs
[2026-06-29T22:33:08.797+0000] {logging_mixin.py:190} INFO - [2026-06-29T22:33:08.796+0000] {dag.py:4180} INFO - Setting next_dagrun for example_branch_python_operator_decorator to 2026-06-28 00:00:00+00:00, run_after=2026-06-29 00:00:00+00:00
[2026-06-29T22:33:08.830+0000] {processor.py:208} INFO - Processing /home/airflow/.local/lib/python3.12/site-packages/airflow/example_dags/example_branch_operator_decorator.py took 0.190 seconds
[2026-06-29T22:33:39.632+0000] {processor.py:186} INFO - Started process (PID=3330) to work on /home/airflow/.local/lib/python3.12/site-packages/airflow/example_dags/example_branch_operator_decorator.py
[2026-06-29T22:33:39.635+0000] {processor.py:914} INFO - Processing file /home/airflow/.local/lib/python3.12/site-packages/airflow/example_dags/example_branch_operator_decorator.py for tasks to queue
[2026-06-29T22:33:39.642+0000] {logging_mixin.py:190} INFO - [2026-06-29T22:33:39.641+0000] {dagbag.py:588} INFO - Filling up the DagBag from /home/airflow/.local/lib/python3.12/site-packages/airflow/example_dags/example_branch_operator_decorator.py
[2026-06-29T22:33:39.679+0000] {processor.py:925} INFO - DAG(s) 'example_branch_python_operator_decorator' retrieved from /home/airflow/.local/lib/python3.12/site-packages/airflow/example_dags/example_branch_operator_decorator.py
[2026-06-29T22:33:39.732+0000] {logging_mixin.py:190} INFO - [2026-06-29T22:33:39.731+0000] {dag.py:3239} INFO - Sync 1 DAGs
[2026-06-29T22:33:39.778+0000] {logging_mixin.py:190} INFO - [2026-06-29T22:33:39.777+0000] {dag.py:4180} INFO - Setting next_dagrun for example_branch_python_operator_decorator to 2026-06-28 00:00:00+00:00, run_after=2026-06-29 00:00:00+00:00
[2026-06-29T22:33:39.814+0000] {processor.py:208} INFO - Processing /home/airflow/.local/lib/python3.12/site-packages/airflow/example_dags/example_branch_operator_decorator.py took 0.199 seconds
[2026-06-29T22:34:10.268+0000] {processor.py:186} INFO - Started process (PID=3394) to work on /home/airflow/.local/lib/python3.12/site-packages/airflow/example_dags/example_branch_operator_decorator.py
[2026-06-29T22:34:10.270+0000] {processor.py:914} INFO - Processing file /home/airflow/.local/lib/python3.12/site-packages/airflow/example_dags/example_branch_operator_decorator.py for tasks to queue
[2026-06-29T22:34:10.274+0000] {logging_mixin.py:190} INFO - [2026-06-29T22:34:10.274+0000] {dagbag.py:588} INFO - Filling up the DagBag from /home/airflow/.local/lib/python3.12/site-packages/airflow/example_dags/example_branch_operator_decorator.py
[2026-06-29T22:34:10.296+0000] {processor.py:925} INFO - DAG(s) 'example_branch_python_operator_decorator' retrieved from /home/airflow/.local/lib/python3.12/site-packages/airflow/example_dags/example_branch_operator_decorator.py
[2026-06-29T22:34:10.326+0000] {logging_mixin.py:190} INFO - [2026-06-29T22:34:10.326+0000] {dag.py:3239} INFO - Sync 1 DAGs
[2026-06-29T22:34:10.351+0000] {logging_mixin.py:190} INFO - [2026-06-29T22:34:10.351+0000] {dag.py:4180} INFO - Setting next_dagrun for example_branch_python_operator_decorator to 2026-06-28 00:00:00+00:00, run_after=2026-06-29 00:00:00+00:00
[2026-06-29T22:34:10.374+0000] {processor.py:208} INFO - Processing /home/airflow/.local/lib/python3.12/site-packages/airflow/example_dags/example_branch_operator_decorator.py took 0.116 seconds
[2026-06-29T22:34:42.193+0000] {processor.py:186} INFO - Started process (PID=3458) to work on /home/airflow/.local/lib/python3.12/site-packages/airflow/example_dags/example_branch_operator_decorator.py
[2026-06-29T22:34:42.198+0000] {processor.py:914} INFO - Processing file /home/airflow/.local/lib/python3.12/site-packages/airflow/example_dags/example_branch_operator_decorator.py for tasks to queue
[2026-06-29T22:34:42.210+0000] {logging_mixin.py:190} INFO - [2026-06-29T22:34:42.209+0000] {dagbag.py:588} INFO - Filling up the DagBag from /home/airflow/.local/lib/python3.12/site-packages/airflow/example_dags/example_branch_operator_decorator.py
[2026-06-29T22:34:42.287+0000] {processor.py:925} INFO - DAG(s) 'example_branch_python_operator_decorator' retrieved from /home/airflow/.local/lib/python3.12/site-packages/airflow/example_dags/example_branch_operator_decorator.py
[2026-06-29T22:34:42.393+0000] {logging_mixin.py:190} INFO - [2026-06-29T22:34:42.393+0000] {dag.py:3239} INFO - Sync 1 DAGs
[2026-06-29T22:34:42.458+0000] {logging_mixin.py:190} INFO - [2026-06-29T22:34:42.457+0000] {dag.py:4180} INFO - Setting next_dagrun for example_branch_python_operator_decorator to 2026-06-28 00:00:00+00:00, run_after=2026-06-29 00:00:00+00:00
[2026-06-29T22:34:42.518+0000] {processor.py:208} INFO - Processing /home/airflow/.local/lib/python3.12/site-packages/airflow/example_dags/example_branch_operator_decorator.py took 0.346 seconds
[2026-06-29T22:35:12.925+0000] {processor.py:186} INFO - Started process (PID=3520) to work on /home/airflow/.local/lib/python3.12/site-packages/airflow/example_dags/example_branch_operator_decorator.py
[2026-06-29T22:35:12.926+0000] {processor.py:914} INFO - Processing file /home/airflow/.local/lib/python3.12/site-packages/airflow/example_dags/example_branch_operator_decorator.py for tasks to queue
[2026-06-29T22:35:12.930+0000] {logging_mixin.py:190} INFO - [2026-06-29T22:35:12.929+0000] {dagbag.py:588} INFO - Filling up the DagBag from /home/airflow/.local/lib/python3.12/site-packages/airflow/example_dags/example_branch_operator_decorator.py
[2026-06-29T22:35:12.954+0000] {processor.py:925} INFO - DAG(s) 'example_branch_python_operator_decorator' retrieved from /home/airflow/.local/lib/python3.12/site-packages/airflow/example_dags/example_branch_operator_decorator.py
[2026-06-29T22:35:12.988+0000] {logging_mixin.py:190} INFO - [2026-06-29T22:35:12.987+0000] {dag.py:3239} INFO - Sync 1 DAGs
[2026-06-29T22:35:13.023+0000] {logging_mixin.py:190} INFO - [2026-06-29T22:35:13.023+0000] {dag.py:4180} INFO - Setting next_dagrun for example_branch_python_operator_decorator to 2026-06-28 00:00:00+00:00, run_after=2026-06-29 00:00:00+00:00
[2026-06-29T22:35:13.052+0000] {processor.py:208} INFO - Processing /home/airflow/.local/lib/python3.12/site-packages/airflow/example_dags/example_branch_operator_decorator.py took 0.136 seconds
[2026-06-29T22:35:43.813+0000] {processor.py:186} INFO - Started process (PID=3584) to work on /home/airflow/.local/lib/python3.12/site-packages/airflow/example_dags/example_branch_operator_decorator.py
[2026-06-29T22:35:43.815+0000] {processor.py:914} INFO - Processing file /home/airflow/.local/lib/python3.12/site-packages/airflow/example_dags/example_branch_operator_decorator.py for tasks to queue
[2026-06-29T22:35:43.819+0000] {logging_mixin.py:190} INFO - [2026-06-29T22:35:43.818+0000] {dagbag.py:588} INFO - Filling up the DagBag from /home/airflow/.local/lib/python3.12/site-packages/airflow/example_dags/example_branch_operator_decorator.py
[2026-06-29T22:35:43.840+0000] {processor.py:925} INFO - DAG(s) 'example_branch_python_operator_decorator' retrieved from /home/airflow/.local/lib/python3.12/site-packages/airflow/example_dags/example_branch_operator_decorator.py
[2026-06-29T22:35:43.869+0000] {logging_mixin.py:190} INFO - [2026-06-29T22:35:43.868+0000] {dag.py:3239} INFO - Sync 1 DAGs
[2026-06-29T22:35:43.895+0000] {logging_mixin.py:190} INFO - [2026-06-29T22:35:43.895+0000] {dag.py:4180} INFO - Setting next_dagrun for example_branch_python_operator_decorator to 2026-06-28 00:00:00+00:00, run_after=2026-06-29 00:00:00+00:00
[2026-06-29T22:35:43.919+0000] {processor.py:208} INFO - Processing /home/airflow/.local/lib/python3.12/site-packages/airflow/example_dags/example_branch_operator_decorator.py took 0.116 seconds
[2026-06-29T22:36:14.390+0000] {processor.py:186} INFO - Started process (PID=3648) to work on /home/airflow/.local/lib/python3.12/site-packages/airflow/example_dags/example_branch_operator_decorator.py
[2026-06-29T22:36:14.392+0000] {processor.py:914} INFO - Processing file /home/airflow/.local/lib/python3.12/site-packages/airflow/example_dags/example_branch_operator_decorator.py for tasks to queue
[2026-06-29T22:36:14.395+0000] {logging_mixin.py:190} INFO - [2026-06-29T22:36:14.395+0000] {dagbag.py:588} INFO - Filling up the DagBag from /home/airflow/.local/lib/python3.12/site-packages/airflow/example_dags/example_branch_operator_decorator.py
[2026-06-29T22:36:14.418+0000] {processor.py:925} INFO - DAG(s) 'example_branch_python_operator_decorator' retrieved from /home/airflow/.local/lib/python3.12/site-packages/airflow/example_dags/example_branch_operator_decorator.py
[2026-06-29T22:36:14.447+0000] {logging_mixin.py:190} INFO - [2026-06-29T22:36:14.447+0000] {dag.py:3239} INFO - Sync 1 DAGs
[2026-06-29T22:36:14.471+0000] {logging_mixin.py:190} INFO - [2026-06-29T22:36:14.471+0000] {dag.py:4180} INFO - Setting next_dagrun for example_branch_python_operator_decorator to 2026-06-28 00:00:00+00:00, run_after=2026-06-29 00:00:00+00:00
[2026-06-29T22:36:14.494+0000] {processor.py:208} INFO - Processing /home/airflow/.local/lib/python3.12/site-packages/airflow/example_dags/example_branch_operator_decorator.py took 0.113 seconds
[2026-06-29T22:36:44.700+0000] {processor.py:186} INFO - Started process (PID=3711) to work on /home/airflow/.local/lib/python3.12/site-packages/airflow/example_dags/example_branch_operator_decorator.py
[2026-06-29T22:36:44.704+0000] {processor.py:914} INFO - Processing file /home/airflow/.local/lib/python3.12/site-packages/airflow/example_dags/example_branch_operator_decorator.py for tasks to queue
[2026-06-29T22:36:44.718+0000] {logging_mixin.py:190} INFO - [2026-06-29T22:36:44.716+0000] {dagbag.py:588} INFO - Filling up the DagBag from /home/airflow/.local/lib/python3.12/site-packages/airflow/example_dags/example_branch_operator_decorator.py
[2026-06-29T22:36:44.777+0000] {processor.py:925} INFO - DAG(s) 'example_branch_python_operator_decorator' retrieved from /home/airflow/.local/lib/python3.12/site-packages/airflow/example_dags/example_branch_operator_decorator.py
[2026-06-29T22:36:44.849+0000] {logging_mixin.py:190} INFO - [2026-06-29T22:36:44.848+0000] {dag.py:3239} INFO - Sync 1 DAGs
[2026-06-29T22:36:45.167+0000] {logging_mixin.py:190} INFO - [2026-06-29T22:36:45.167+0000] {dag.py:4180} INFO - Setting next_dagrun for example_branch_python_operator_decorator to 2026-06-28 00:00:00+00:00, run_after=2026-06-29 00:00:00+00:00
[2026-06-29T22:36:45.202+0000] {processor.py:208} INFO - Processing /home/airflow/.local/lib/python3.12/site-packages/airflow/example_dags/example_branch_operator_decorator.py took 0.525 seconds
[2026-06-29T22:37:15.324+0000] {processor.py:186} INFO - Started process (PID=3781) to work on /home/airflow/.local/lib/python3.12/site-packages/airflow/example_dags/example_branch_operator_decorator.py
[2026-06-29T22:37:15.326+0000] {processor.py:914} INFO - Processing file /home/airflow/.local/lib/python3.12/site-packages/airflow/example_dags/example_branch_operator_decorator.py for tasks to queue
[2026-06-29T22:37:15.330+0000] {logging_mixin.py:190} INFO - [2026-06-29T22:37:15.330+0000] {dagbag.py:588} INFO - Filling up the DagBag from /home/airflow/.local/lib/python3.12/site-packages/airflow/example_dags/example_branch_operator_decorator.py
[2026-06-29T22:37:15.364+0000] {processor.py:925} INFO - DAG(s) 'example_branch_python_operator_decorator' retrieved from /home/airflow/.local/lib/python3.12/site-packages/airflow/example_dags/example_branch_operator_decorator.py
[2026-06-29T22:37:15.410+0000] {logging_mixin.py:190} INFO - [2026-06-29T22:37:15.409+0000] {dag.py:3239} INFO - Sync 1 DAGs
[2026-06-29T22:37:15.455+0000] {logging_mixin.py:190} INFO - [2026-06-29T22:37:15.455+0000] {dag.py:4180} INFO - Setting next_dagrun for example_branch_python_operator_decorator to 2026-06-28 00:00:00+00:00, run_after=2026-06-29 00:00:00+00:00
[2026-06-29T22:37:15.758+0000] {processor.py:208} INFO - Processing /home/airflow/.local/lib/python3.12/site-packages/airflow/example_dags/example_branch_operator_decorator.py took 0.446 seconds
[2026-06-29T22:37:45.964+0000] {processor.py:186} INFO - Started process (PID=3847) to work on /home/airflow/.local/lib/python3.12/site-packages/airflow/example_dags/example_branch_operator_decorator.py
[2026-06-29T22:37:45.966+0000] {processor.py:914} INFO - Processing file /home/airflow/.local/lib/python3.12/site-packages/airflow/example_dags/example_branch_operator_decorator.py for tasks to queue
[2026-06-29T22:37:45.969+0000] {logging_mixin.py:190} INFO - [2026-06-29T22:37:45.968+0000] {dagbag.py:588} INFO - Filling up the DagBag from /home/airflow/.local/lib/python3.12/site-packages/airflow/example_dags/example_branch_operator_decorator.py
[2026-06-29T22:37:45.991+0000] {processor.py:925} INFO - DAG(s) 'example_branch_python_operator_decorator' retrieved from /home/airflow/.local/lib/python3.12/site-packages/airflow/example_dags/example_branch_operator_decorator.py
[2026-06-29T22:37:46.022+0000] {logging_mixin.py:190} INFO - [2026-06-29T22:37:46.022+0000] {dag.py:3239} INFO - Sync 1 DAGs
[2026-06-29T22:37:46.053+0000] {logging_mixin.py:190} INFO - [2026-06-29T22:37:46.052+0000] {dag.py:4180} INFO - Setting next_dagrun for example_branch_python_operator_decorator to 2026-06-28 00:00:00+00:00, run_after=2026-06-29 00:00:00+00:00
[2026-06-29T22:37:46.078+0000] {processor.py:208} INFO - Processing /home/airflow/.local/lib/python3.12/site-packages/airflow/example_dags/example_branch_operator_decorator.py took 0.125 seconds
[2026-06-29T22:38:16.195+0000] {processor.py:186} INFO - Started process (PID=3907) to work on /home/airflow/.local/lib/python3.12/site-packages/airflow/example_dags/example_branch_operator_decorator.py
[2026-06-29T22:38:16.197+0000] {processor.py:914} INFO - Processing file /home/airflow/.local/lib/python3.12/site-packages/airflow/example_dags/example_branch_operator_decorator.py for tasks to queue
[2026-06-29T22:38:16.201+0000] {logging_mixin.py:190} INFO - [2026-06-29T22:38:16.201+0000] {dagbag.py:588} INFO - Filling up the DagBag from /home/airflow/.local/lib/python3.12/site-packages/airflow/example_dags/example_branch_operator_decorator.py
[2026-06-29T22:38:16.223+0000] {processor.py:925} INFO - DAG(s) 'example_branch_python_operator_decorator' retrieved from /home/airflow/.local/lib/python3.12/site-packages/airflow/example_dags/example_branch_operator_decorator.py
[2026-06-29T22:38:16.252+0000] {logging_mixin.py:190} INFO - [2026-06-29T22:38:16.251+0000] {dag.py:3239} INFO - Sync 1 DAGs
[2026-06-29T22:38:16.278+0000] {logging_mixin.py:190} INFO - [2026-06-29T22:38:16.278+0000] {dag.py:4180} INFO - Setting next_dagrun for example_branch_python_operator_decorator to 2026-06-28 00:00:00+00:00, run_after=2026-06-29 00:00:00+00:00
[2026-06-29T22:38:16.301+0000] {processor.py:208} INFO - Processing /home/airflow/.local/lib/python3.12/site-packages/airflow/example_dags/example_branch_operator_decorator.py took 0.116 seconds
[2026-06-29T22:38:46.961+0000] {processor.py:186} INFO - Started process (PID=3971) to work on /home/airflow/.local/lib/python3.12/site-packages/airflow/example_dags/example_branch_operator_decorator.py
[2026-06-29T22:38:46.963+0000] {processor.py:914} INFO - Processing file /home/airflow/.local/lib/python3.12/site-packages/airflow/example_dags/example_branch_operator_decorator.py for tasks to queue
[2026-06-29T22:38:46.969+0000] {logging_mixin.py:190} INFO - [2026-06-29T22:38:46.969+0000] {dagbag.py:588} INFO - Filling up the DagBag from /home/airflow/.local/lib/python3.12/site-packages/airflow/example_dags/example_branch_operator_decorator.py
[2026-06-29T22:38:47.025+0000] {processor.py:925} INFO - DAG(s) 'example_branch_python_operator_decorator' retrieved from /home/airflow/.local/lib/python3.12/site-packages/airflow/example_dags/example_branch_operator_decorator.py
[2026-06-29T22:38:47.074+0000] {logging_mixin.py:190} INFO - [2026-06-29T22:38:47.074+0000] {dag.py:3239} INFO - Sync 1 DAGs
[2026-06-29T22:38:47.114+0000] {logging_mixin.py:190} INFO - [2026-06-29T22:38:47.113+0000] {dag.py:4180} INFO - Setting next_dagrun for example_branch_python_operator_decorator to 2026-06-28 00:00:00+00:00, run_after=2026-06-29 00:00:00+00:00
[2026-06-29T22:38:47.153+0000] {processor.py:208} INFO - Processing /home/airflow/.local/lib/python3.12/site-packages/airflow/example_dags/example_branch_operator_decorator.py took 0.213 seconds
[2026-06-29T22:39:17.278+0000] {processor.py:186} INFO - Started process (PID=4035) to work on /home/airflow/.local/lib/python3.12/site-packages/airflow/example_dags/example_branch_operator_decorator.py
[2026-06-29T22:39:17.280+0000] {processor.py:914} INFO - Processing file /home/airflow/.local/lib/python3.12/site-packages/airflow/example_dags/example_branch_operator_decorator.py for tasks to queue
[2026-06-29T22:39:17.283+0000] {logging_mixin.py:190} INFO - [2026-06-29T22:39:17.283+0000] {dagbag.py:588} INFO - Filling up the DagBag from /home/airflow/.local/lib/python3.12/site-packages/airflow/example_dags/example_branch_operator_decorator.py
[2026-06-29T22:39:17.310+0000] {processor.py:925} INFO - DAG(s) 'example_branch_python_operator_decorator' retrieved from /home/airflow/.local/lib/python3.12/site-packages/airflow/example_dags/example_branch_operator_decorator.py
[2026-06-29T22:39:17.525+0000] {logging_mixin.py:190} INFO - [2026-06-29T22:39:17.525+0000] {dag.py:3239} INFO - Sync 1 DAGs
[2026-06-29T22:39:17.549+0000] {logging_mixin.py:190} INFO - [2026-06-29T22:39:17.548+0000] {dag.py:4180} INFO - Setting next_dagrun for example_branch_python_operator_decorator to 2026-06-28 00:00:00+00:00, run_after=2026-06-29 00:00:00+00:00
[2026-06-29T22:39:17.568+0000] {processor.py:208} INFO - Processing /home/airflow/.local/lib/python3.12/site-packages/airflow/example_dags/example_branch_operator_decorator.py took 0.305 seconds
[2026-06-29T22:39:48.645+0000] {processor.py:186} INFO - Started process (PID=4099) to work on /home/airflow/.local/lib/python3.12/site-packages/airflow/example_dags/example_branch_operator_decorator.py
[2026-06-29T22:39:48.648+0000] {processor.py:914} INFO - Processing file /home/airflow/.local/lib/python3.12/site-packages/airflow/example_dags/example_branch_operator_decorator.py for tasks to queue
[2026-06-29T22:39:48.654+0000] {logging_mixin.py:190} INFO - [2026-06-29T22:39:48.653+0000] {dagbag.py:588} INFO - Filling up the DagBag from /home/airflow/.local/lib/python3.12/site-packages/airflow/example_dags/example_branch_operator_decorator.py
[2026-06-29T22:39:48.695+0000] {processor.py:925} INFO - DAG(s) 'example_branch_python_operator_decorator' retrieved from /home/airflow/.local/lib/python3.12/site-packages/airflow/example_dags/example_branch_operator_decorator.py
[2026-06-29T22:39:48.752+0000] {logging_mixin.py:190} INFO - [2026-06-29T22:39:48.751+0000] {dag.py:3239} INFO - Sync 1 DAGs
[2026-06-29T22:39:49.071+0000] {logging_mixin.py:190} INFO - [2026-06-29T22:39:49.070+0000] {dag.py:4180} INFO - Setting next_dagrun for example_branch_python_operator_decorator to 2026-06-28 00:00:00+00:00, run_after=2026-06-29 00:00:00+00:00
[2026-06-29T22:39:49.112+0000] {processor.py:208} INFO - Processing /home/airflow/.local/lib/python3.12/site-packages/airflow/example_dags/example_branch_operator_decorator.py took 0.485 seconds
[2026-06-29T22:41:22.339+0000] {processor.py:186} INFO - Started process (PID=91) to work on /home/airflow/.local/lib/python3.12/site-packages/airflow/example_dags/example_branch_operator_decorator.py
[2026-06-29T22:41:22.342+0000] {processor.py:914} INFO - Processing file /home/airflow/.local/lib/python3.12/site-packages/airflow/example_dags/example_branch_operator_decorator.py for tasks to queue
[2026-06-29T22:41:22.346+0000] {logging_mixin.py:190} INFO - [2026-06-29T22:41:22.346+0000] {dagbag.py:588} INFO - Filling up the DagBag from /home/airflow/.local/lib/python3.12/site-packages/airflow/example_dags/example_branch_operator_decorator.py
[2026-06-29T22:41:22.394+0000] {processor.py:925} INFO - DAG(s) 'example_branch_python_operator_decorator' retrieved from /home/airflow/.local/lib/python3.12/site-packages/airflow/example_dags/example_branch_operator_decorator.py
[2026-06-29T22:41:22.657+0000] {logging_mixin.py:190} INFO - [2026-06-29T22:41:22.656+0000] {dag.py:3239} INFO - Sync 1 DAGs
[2026-06-29T22:41:22.719+0000] {logging_mixin.py:190} INFO - [2026-06-29T22:41:22.719+0000] {dag.py:4180} INFO - Setting next_dagrun for example_branch_python_operator_decorator to 2026-06-28 00:00:00+00:00, run_after=2026-06-29 00:00:00+00:00
[2026-06-29T22:41:22.787+0000] {processor.py:208} INFO - Processing /home/airflow/.local/lib/python3.12/site-packages/airflow/example_dags/example_branch_operator_decorator.py took 0.460 seconds
[2026-06-29T22:41:53.341+0000] {processor.py:186} INFO - Started process (PID=155) to work on /home/airflow/.local/lib/python3.12/site-packages/airflow/example_dags/example_branch_operator_decorator.py
[2026-06-29T22:41:53.345+0000] {processor.py:914} INFO - Processing file /home/airflow/.local/lib/python3.12/site-packages/airflow/example_dags/example_branch_operator_decorator.py for tasks to queue
[2026-06-29T22:41:53.356+0000] {logging_mixin.py:190} INFO - [2026-06-29T22:41:53.354+0000] {dagbag.py:588} INFO - Filling up the DagBag from /home/airflow/.local/lib/python3.12/site-packages/airflow/example_dags/example_branch_operator_decorator.py
[2026-06-29T22:41:53.420+0000] {processor.py:925} INFO - DAG(s) 'example_branch_python_operator_decorator' retrieved from /home/airflow/.local/lib/python3.12/site-packages/airflow/example_dags/example_branch_operator_decorator.py
[2026-06-29T22:41:53.551+0000] {logging_mixin.py:190} INFO - [2026-06-29T22:41:53.549+0000] {dag.py:3239} INFO - Sync 1 DAGs
[2026-06-29T22:41:53.627+0000] {logging_mixin.py:190} INFO - [2026-06-29T22:41:53.626+0000] {dag.py:4180} INFO - Setting next_dagrun for example_branch_python_operator_decorator to 2026-06-28 00:00:00+00:00, run_after=2026-06-29 00:00:00+00:00
[2026-06-29T22:41:53.705+0000] {processor.py:208} INFO - Processing /home/airflow/.local/lib/python3.12/site-packages/airflow/example_dags/example_branch_operator_decorator.py took 0.390 seconds
[2026-06-29T22:42:24.456+0000] {processor.py:186} INFO - Started process (PID=219) to work on /home/airflow/.local/lib/python3.12/site-packages/airflow/example_dags/example_branch_operator_decorator.py
[2026-06-29T22:42:24.459+0000] {processor.py:914} INFO - Processing file /home/airflow/.local/lib/python3.12/site-packages/airflow/example_dags/example_branch_operator_decorator.py for tasks to queue
[2026-06-29T22:42:24.477+0000] {logging_mixin.py:190} INFO - [2026-06-29T22:42:24.476+0000] {dagbag.py:588} INFO - Filling up the DagBag from /home/airflow/.local/lib/python3.12/site-packages/airflow/example_dags/example_branch_operator_decorator.py
[2026-06-29T22:42:24.575+0000] {processor.py:925} INFO - DAG(s) 'example_branch_python_operator_decorator' retrieved from /home/airflow/.local/lib/python3.12/site-packages/airflow/example_dags/example_branch_operator_decorator.py
[2026-06-29T22:42:24.672+0000] {logging_mixin.py:190} INFO - [2026-06-29T22:42:24.672+0000] {dag.py:3239} INFO - Sync 1 DAGs
[2026-06-29T22:42:24.730+0000] {logging_mixin.py:190} INFO - [2026-06-29T22:42:24.730+0000] {dag.py:4180} INFO - Setting next_dagrun for example_branch_python_operator_decorator to 2026-06-28 00:00:00+00:00, run_after=2026-06-29 00:00:00+00:00
[2026-06-29T22:42:24.793+0000] {processor.py:208} INFO - Processing /home/airflow/.local/lib/python3.12/site-packages/airflow/example_dags/example_branch_operator_decorator.py took 0.352 seconds
[2026-06-29T22:42:55.006+0000] {processor.py:186} INFO - Started process (PID=283) to work on /home/airflow/.local/lib/python3.12/site-packages/airflow/example_dags/example_branch_operator_decorator.py
[2026-06-29T22:42:55.007+0000] {processor.py:914} INFO - Processing file /home/airflow/.local/lib/python3.12/site-packages/airflow/example_dags/example_branch_operator_decorator.py for tasks to queue
[2026-06-29T22:42:55.011+0000] {logging_mixin.py:190} INFO - [2026-06-29T22:42:55.011+0000] {dagbag.py:588} INFO - Filling up the DagBag from /home/airflow/.local/lib/python3.12/site-packages/airflow/example_dags/example_branch_operator_decorator.py
[2026-06-29T22:42:55.046+0000] {processor.py:925} INFO - DAG(s) 'example_branch_python_operator_decorator' retrieved from /home/airflow/.local/lib/python3.12/site-packages/airflow/example_dags/example_branch_operator_decorator.py
[2026-06-29T22:42:55.088+0000] {logging_mixin.py:190} INFO - [2026-06-29T22:42:55.088+0000] {dag.py:3239} INFO - Sync 1 DAGs
[2026-06-29T22:42:55.125+0000] {logging_mixin.py:190} INFO - [2026-06-29T22:42:55.124+0000] {dag.py:4180} INFO - Setting next_dagrun for example_branch_python_operator_decorator to 2026-06-28 00:00:00+00:00, run_after=2026-06-29 00:00:00+00:00
[2026-06-29T22:42:55.158+0000] {processor.py:208} INFO - Processing /home/airflow/.local/lib/python3.12/site-packages/airflow/example_dags/example_branch_operator_decorator.py took 0.162 seconds
[2026-06-29T22:43:25.324+0000] {processor.py:186} INFO - Started process (PID=347) to work on /home/airflow/.local/lib/python3.12/site-packages/airflow/example_dags/example_branch_operator_decorator.py
[2026-06-29T22:43:25.325+0000] {processor.py:914} INFO - Processing file /home/airflow/.local/lib/python3.12/site-packages/airflow/example_dags/example_branch_operator_decorator.py for tasks to queue
[2026-06-29T22:43:25.328+0000] {logging_mixin.py:190} INFO - [2026-06-29T22:43:25.328+0000] {dagbag.py:588} INFO - Filling up the DagBag from /home/airflow/.local/lib/python3.12/site-packages/airflow/example_dags/example_branch_operator_decorator.py
[2026-06-29T22:43:25.351+0000] {processor.py:925} INFO - DAG(s) 'example_branch_python_operator_decorator' retrieved from /home/airflow/.local/lib/python3.12/site-packages/airflow/example_dags/example_branch_operator_decorator.py
[2026-06-29T22:43:25.382+0000] {logging_mixin.py:190} INFO - [2026-06-29T22:43:25.381+0000] {dag.py:3239} INFO - Sync 1 DAGs
[2026-06-29T22:43:25.407+0000] {logging_mixin.py:190} INFO - [2026-06-29T22:43:25.407+0000] {dag.py:4180} INFO - Setting next_dagrun for example_branch_python_operator_decorator to 2026-06-28 00:00:00+00:00, run_after=2026-06-29 00:00:00+00:00
[2026-06-29T22:43:25.428+0000] {processor.py:208} INFO - Processing /home/airflow/.local/lib/python3.12/site-packages/airflow/example_dags/example_branch_operator_decorator.py took 0.112 seconds
[2026-06-29T22:43:56.396+0000] {processor.py:186} INFO - Started process (PID=412) to work on /home/airflow/.local/lib/python3.12/site-packages/airflow/example_dags/example_branch_operator_decorator.py
[2026-06-29T22:43:56.398+0000] {processor.py:914} INFO - Processing file /home/airflow/.local/lib/python3.12/site-packages/airflow/example_dags/example_branch_operator_decorator.py for tasks to queue
[2026-06-29T22:43:56.404+0000] {logging_mixin.py:190} INFO - [2026-06-29T22:43:56.404+0000] {dagbag.py:588} INFO - Filling up the DagBag from /home/airflow/.local/lib/python3.12/site-packages/airflow/example_dags/example_branch_operator_decorator.py
[2026-06-29T22:43:56.451+0000] {processor.py:925} INFO - DAG(s) 'example_branch_python_operator_decorator' retrieved from /home/airflow/.local/lib/python3.12/site-packages/airflow/example_dags/example_branch_operator_decorator.py
[2026-06-29T22:43:56.509+0000] {logging_mixin.py:190} INFO - [2026-06-29T22:43:56.508+0000] {dag.py:3239} INFO - Sync 1 DAGs
[2026-06-29T22:43:56.559+0000] {logging_mixin.py:190} INFO - [2026-06-29T22:43:56.559+0000] {dag.py:4180} INFO - Setting next_dagrun for example_branch_python_operator_decorator to 2026-06-28 00:00:00+00:00, run_after=2026-06-29 00:00:00+00:00
[2026-06-29T22:43:56.611+0000] {processor.py:208} INFO - Processing /home/airflow/.local/lib/python3.12/site-packages/airflow/example_dags/example_branch_operator_decorator.py took 0.226 seconds
[2026-06-29T22:44:27.343+0000] {processor.py:186} INFO - Started process (PID=476) to work on /home/airflow/.local/lib/python3.12/site-packages/airflow/example_dags/example_branch_operator_decorator.py
[2026-06-29T22:44:27.345+0000] {processor.py:914} INFO - Processing file /home/airflow/.local/lib/python3.12/site-packages/airflow/example_dags/example_branch_operator_decorator.py for tasks to queue
[2026-06-29T22:44:27.349+0000] {logging_mixin.py:190} INFO - [2026-06-29T22:44:27.349+0000] {dagbag.py:588} INFO - Filling up the DagBag from /home/airflow/.local/lib/python3.12/site-packages/airflow/example_dags/example_branch_operator_decorator.py
[2026-06-29T22:44:27.384+0000] {processor.py:925} INFO - DAG(s) 'example_branch_python_operator_decorator' retrieved from /home/airflow/.local/lib/python3.12/site-packages/airflow/example_dags/example_branch_operator_decorator.py
[2026-06-29T22:44:27.433+0000] {logging_mixin.py:190} INFO - [2026-06-29T22:44:27.433+0000] {dag.py:3239} INFO - Sync 1 DAGs
[2026-06-29T22:44:27.476+0000] {logging_mixin.py:190} INFO - [2026-06-29T22:44:27.476+0000] {dag.py:4180} INFO - Setting next_dagrun for example_branch_python_operator_decorator to 2026-06-28 00:00:00+00:00, run_after=2026-06-29 00:00:00+00:00
[2026-06-29T22:44:27.533+0000] {processor.py:208} INFO - Processing /home/airflow/.local/lib/python3.12/site-packages/airflow/example_dags/example_branch_operator_decorator.py took 0.201 seconds
[2026-06-29T22:44:57.979+0000] {processor.py:186} INFO - Started process (PID=541) to work on /home/airflow/.local/lib/python3.12/site-packages/airflow/example_dags/example_branch_operator_decorator.py
[2026-06-29T22:44:57.981+0000] {processor.py:914} INFO - Processing file /home/airflow/.local/lib/python3.12/site-packages/airflow/example_dags/example_branch_operator_decorator.py for tasks to queue
[2026-06-29T22:44:57.990+0000] {logging_mixin.py:190} INFO - [2026-06-29T22:44:57.989+0000] {dagbag.py:588} INFO - Filling up the DagBag from /home/airflow/.local/lib/python3.12/site-packages/airflow/example_dags/example_branch_operator_decorator.py
[2026-06-29T22:44:58.034+0000] {processor.py:925} INFO - DAG(s) 'example_branch_python_operator_decorator' retrieved from /home/airflow/.local/lib/python3.12/site-packages/airflow/example_dags/example_branch_operator_decorator.py
[2026-06-29T22:44:58.083+0000] {logging_mixin.py:190} INFO - [2026-06-29T22:44:58.082+0000] {dag.py:3239} INFO - Sync 1 DAGs
[2026-06-29T22:44:58.118+0000] {logging_mixin.py:190} INFO - [2026-06-29T22:44:58.118+0000] {dag.py:4180} INFO - Setting next_dagrun for example_branch_python_operator_decorator to 2026-06-28 00:00:00+00:00, run_after=2026-06-29 00:00:00+00:00
[2026-06-29T22:44:58.143+0000] {processor.py:208} INFO - Processing /home/airflow/.local/lib/python3.12/site-packages/airflow/example_dags/example_branch_operator_decorator.py took 0.176 seconds
[2026-06-29T22:45:28.484+0000] {processor.py:186} INFO - Started process (PID=604) to work on /home/airflow/.local/lib/python3.12/site-packages/airflow/example_dags/example_branch_operator_decorator.py
[2026-06-29T22:45:28.487+0000] {processor.py:914} INFO - Processing file /home/airflow/.local/lib/python3.12/site-packages/airflow/example_dags/example_branch_operator_decorator.py for tasks to queue
[2026-06-29T22:45:28.490+0000] {logging_mixin.py:190} INFO - [2026-06-29T22:45:28.489+0000] {dagbag.py:588} INFO - Filling up the DagBag from /home/airflow/.local/lib/python3.12/site-packages/airflow/example_dags/example_branch_operator_decorator.py
[2026-06-29T22:45:28.511+0000] {processor.py:925} INFO - DAG(s) 'example_branch_python_operator_decorator' retrieved from /home/airflow/.local/lib/python3.12/site-packages/airflow/example_dags/example_branch_operator_decorator.py
[2026-06-29T22:45:28.545+0000] {logging_mixin.py:190} INFO - [2026-06-29T22:45:28.545+0000] {dag.py:3239} INFO - Sync 1 DAGs
[2026-06-29T22:45:28.573+0000] {logging_mixin.py:190} INFO - [2026-06-29T22:45:28.573+0000] {dag.py:4180} INFO - Setting next_dagrun for example_branch_python_operator_decorator to 2026-06-28 00:00:00+00:00, run_after=2026-06-29 00:00:00+00:00
[2026-06-29T22:45:28.595+0000] {processor.py:208} INFO - Processing /home/airflow/.local/lib/python3.12/site-packages/airflow/example_dags/example_branch_operator_decorator.py took 0.117 seconds
[2026-06-29T22:45:58.721+0000] {processor.py:186} INFO - Started process (PID=668) to work on /home/airflow/.local/lib/python3.12/site-packages/airflow/example_dags/example_branch_operator_decorator.py
[2026-06-29T22:45:58.723+0000] {processor.py:914} INFO - Processing file /home/airflow/.local/lib/python3.12/site-packages/airflow/example_dags/example_branch_operator_decorator.py for tasks to queue
[2026-06-29T22:45:58.725+0000] {logging_mixin.py:190} INFO - [2026-06-29T22:45:58.725+0000] {dagbag.py:588} INFO - Filling up the DagBag from /home/airflow/.local/lib/python3.12/site-packages/airflow/example_dags/example_branch_operator_decorator.py
[2026-06-29T22:45:58.748+0000] {processor.py:925} INFO - DAG(s) 'example_branch_python_operator_decorator' retrieved from /home/airflow/.local/lib/python3.12/site-packages/airflow/example_dags/example_branch_operator_decorator.py
[2026-06-29T22:45:58.776+0000] {logging_mixin.py:190} INFO - [2026-06-29T22:45:58.776+0000] {dag.py:3239} INFO - Sync 1 DAGs
[2026-06-29T22:45:58.802+0000] {logging_mixin.py:190} INFO - [2026-06-29T22:45:58.802+0000] {dag.py:4180} INFO - Setting next_dagrun for example_branch_python_operator_decorator to 2026-06-28 00:00:00+00:00, run_after=2026-06-29 00:00:00+00:00
[2026-06-29T22:45:58.827+0000] {processor.py:208} INFO - Processing /home/airflow/.local/lib/python3.12/site-packages/airflow/example_dags/example_branch_operator_decorator.py took 0.115 seconds
[2026-06-29T22:46:29.279+0000] {processor.py:186} INFO - Started process (PID=732) to work on /home/airflow/.local/lib/python3.12/site-packages/airflow/example_dags/example_branch_operator_decorator.py
[2026-06-29T22:46:29.281+0000] {processor.py:914} INFO - Processing file /home/airflow/.local/lib/python3.12/site-packages/airflow/example_dags/example_branch_operator_decorator.py for tasks to queue
[2026-06-29T22:46:29.289+0000] {logging_mixin.py:190} INFO - [2026-06-29T22:46:29.288+0000] {dagbag.py:588} INFO - Filling up the DagBag from /home/airflow/.local/lib/python3.12/site-packages/airflow/example_dags/example_branch_operator_decorator.py
[2026-06-29T22:46:29.330+0000] {processor.py:925} INFO - DAG(s) 'example_branch_python_operator_decorator' retrieved from /home/airflow/.local/lib/python3.12/site-packages/airflow/example_dags/example_branch_operator_decorator.py
[2026-06-29T22:46:29.388+0000] {logging_mixin.py:190} INFO - [2026-06-29T22:46:29.387+0000] {dag.py:3239} INFO - Sync 1 DAGs
[2026-06-29T22:46:29.437+0000] {logging_mixin.py:190} INFO - [2026-06-29T22:46:29.437+0000] {dag.py:4180} INFO - Setting next_dagrun for example_branch_python_operator_decorator to 2026-06-28 00:00:00+00:00, run_after=2026-06-29 00:00:00+00:00
[2026-06-29T22:46:29.476+0000] {processor.py:208} INFO - Processing /home/airflow/.local/lib/python3.12/site-packages/airflow/example_dags/example_branch_operator_decorator.py took 0.206 seconds
