[2026-06-29T21:59:17.866+0000] {processor.py:186} INFO - Started process (PID=112) to work on /home/airflow/.local/lib/python3.12/site-packages/airflow/example_dags/example_branch_labels.py
[2026-06-29T21:59:17.872+0000] {processor.py:914} INFO - Processing file /home/airflow/.local/lib/python3.12/site-packages/airflow/example_dags/example_branch_labels.py for tasks to queue
[2026-06-29T21:59:17.879+0000] {logging_mixin.py:190} INFO - [2026-06-29T21:59:17.878+0000] {dagbag.py:588} INFO - Filling up the DagBag from /home/airflow/.local/lib/python3.12/site-packages/airflow/example_dags/example_branch_labels.py
[2026-06-29T21:59:17.900+0000] {processor.py:925} INFO - DAG(s) 'example_branch_labels' retrieved from /home/airflow/.local/lib/python3.12/site-packages/airflow/example_dags/example_branch_labels.py
[2026-06-29T21:59:18.095+0000] {logging_mixin.py:190} INFO - [2026-06-29T21:59:18.094+0000] {override.py:1912} INFO - Created Permission View: can read on DAG:example_branch_labels
[2026-06-29T21:59:18.120+0000] {logging_mixin.py:190} INFO - [2026-06-29T21:59:18.119+0000] {override.py:1912} INFO - Created Permission View: can delete on DAG:example_branch_labels
[2026-06-29T21:59:18.138+0000] {logging_mixin.py:190} INFO - [2026-06-29T21:59:18.138+0000] {override.py:1912} INFO - Created Permission View: can edit on DAG:example_branch_labels
[2026-06-29T21:59:18.164+0000] {logging_mixin.py:190} INFO - [2026-06-29T21:59:18.163+0000] {override.py:1912} INFO - Created Permission View: menu access on DAG Run:example_branch_labels
[2026-06-29T21:59:18.181+0000] {logging_mixin.py:190} INFO - [2026-06-29T21:59:18.180+0000] {override.py:1912} INFO - Created Permission View: can read on DAG Run:example_branch_labels
[2026-06-29T21:59:18.196+0000] {logging_mixin.py:190} INFO - [2026-06-29T21:59:18.196+0000] {override.py:1912} INFO - Created Permission View: can delete on DAG Run:example_branch_labels
[2026-06-29T21:59:18.219+0000] {logging_mixin.py:190} INFO - [2026-06-29T21:59:18.219+0000] {override.py:1912} INFO - Created Permission View: can create on DAG Run:example_branch_labels
[2026-06-29T21:59:18.222+0000] {logging_mixin.py:190} INFO - [2026-06-29T21:59:18.221+0000] {dag.py:3239} INFO - Sync 1 DAGs
[2026-06-29T21:59:18.249+0000] {logging_mixin.py:190} INFO - [2026-06-29T21:59:18.249+0000] {dag.py:3262} INFO - Creating ORM DAG for example_branch_labels
[2026-06-29T21:59:18.272+0000] {logging_mixin.py:190} INFO - [2026-06-29T21:59:18.271+0000] {dag.py:4180} INFO - Setting next_dagrun for example_branch_labels to 2026-06-28 00:00:00+00:00, run_after=2026-06-29 00:00:00+00:00
[2026-06-29T21:59:18.305+0000] {processor.py:208} INFO - Processing /home/airflow/.local/lib/python3.12/site-packages/airflow/example_dags/example_branch_labels.py took 0.452 seconds
[2026-06-29T21:59:48.741+0000] {processor.py:186} INFO - Started process (PID=175) to work on /home/airflow/.local/lib/python3.12/site-packages/airflow/example_dags/example_branch_labels.py
[2026-06-29T21:59:48.749+0000] {processor.py:914} INFO - Processing file /home/airflow/.local/lib/python3.12/site-packages/airflow/example_dags/example_branch_labels.py for tasks to queue
[2026-06-29T21:59:48.761+0000] {logging_mixin.py:190} INFO - [2026-06-29T21:59:48.761+0000] {dagbag.py:588} INFO - Filling up the DagBag from /home/airflow/.local/lib/python3.12/site-packages/airflow/example_dags/example_branch_labels.py
[2026-06-29T21:59:48.794+0000] {processor.py:925} INFO - DAG(s) 'example_branch_labels' retrieved from /home/airflow/.local/lib/python3.12/site-packages/airflow/example_dags/example_branch_labels.py
[2026-06-29T21:59:48.864+0000] {logging_mixin.py:190} INFO - [2026-06-29T21:59:48.863+0000] {dag.py:3239} INFO - Sync 1 DAGs
[2026-06-29T21:59:48.916+0000] {logging_mixin.py:190} INFO - [2026-06-29T21:59:48.915+0000] {dag.py:4180} INFO - Setting next_dagrun for example_branch_labels to 2026-06-28 00:00:00+00:00, run_after=2026-06-29 00:00:00+00:00
[2026-06-29T21:59:48.958+0000] {processor.py:208} INFO - Processing /home/airflow/.local/lib/python3.12/site-packages/airflow/example_dags/example_branch_labels.py took 0.227 seconds
[2026-06-29T22:00:19.186+0000] {processor.py:186} INFO - Started process (PID=238) to work on /home/airflow/.local/lib/python3.12/site-packages/airflow/example_dags/example_branch_labels.py
[2026-06-29T22:00:19.188+0000] {processor.py:914} INFO - Processing file /home/airflow/.local/lib/python3.12/site-packages/airflow/example_dags/example_branch_labels.py for tasks to queue
[2026-06-29T22:00:19.192+0000] {logging_mixin.py:190} INFO - [2026-06-29T22:00:19.191+0000] {dagbag.py:588} INFO - Filling up the DagBag from /home/airflow/.local/lib/python3.12/site-packages/airflow/example_dags/example_branch_labels.py
[2026-06-29T22:00:19.206+0000] {processor.py:925} INFO - DAG(s) 'example_branch_labels' retrieved from /home/airflow/.local/lib/python3.12/site-packages/airflow/example_dags/example_branch_labels.py
[2026-06-29T22:00:19.241+0000] {logging_mixin.py:190} INFO - [2026-06-29T22:00:19.241+0000] {dag.py:3239} INFO - Sync 1 DAGs
[2026-06-29T22:00:19.286+0000] {logging_mixin.py:190} INFO - [2026-06-29T22:00:19.286+0000] {dag.py:4180} INFO - Setting next_dagrun for example_branch_labels to 2026-06-28 00:00:00+00:00, run_after=2026-06-29 00:00:00+00:00
[2026-06-29T22:00:19.315+0000] {processor.py:208} INFO - Processing /home/airflow/.local/lib/python3.12/site-packages/airflow/example_dags/example_branch_labels.py took 0.134 seconds
[2026-06-29T22:00:49.485+0000] {processor.py:186} INFO - Started process (PID=302) to work on /home/airflow/.local/lib/python3.12/site-packages/airflow/example_dags/example_branch_labels.py
[2026-06-29T22:00:49.487+0000] {processor.py:914} INFO - Processing file /home/airflow/.local/lib/python3.12/site-packages/airflow/example_dags/example_branch_labels.py for tasks to queue
[2026-06-29T22:00:49.490+0000] {logging_mixin.py:190} INFO - [2026-06-29T22:00:49.489+0000] {dagbag.py:588} INFO - Filling up the DagBag from /home/airflow/.local/lib/python3.12/site-packages/airflow/example_dags/example_branch_labels.py
[2026-06-29T22:00:49.504+0000] {processor.py:925} INFO - DAG(s) 'example_branch_labels' retrieved from /home/airflow/.local/lib/python3.12/site-packages/airflow/example_dags/example_branch_labels.py
[2026-06-29T22:00:49.528+0000] {logging_mixin.py:190} INFO - [2026-06-29T22:00:49.527+0000] {dag.py:3239} INFO - Sync 1 DAGs
[2026-06-29T22:00:49.553+0000] {logging_mixin.py:190} INFO - [2026-06-29T22:00:49.552+0000] {dag.py:4180} INFO - Setting next_dagrun for example_branch_labels to 2026-06-28 00:00:00+00:00, run_after=2026-06-29 00:00:00+00:00
[2026-06-29T22:00:49.575+0000] {processor.py:208} INFO - Processing /home/airflow/.local/lib/python3.12/site-packages/airflow/example_dags/example_branch_labels.py took 0.096 seconds
[2026-06-29T22:01:21.391+0000] {processor.py:186} INFO - Started process (PID=365) to work on /home/airflow/.local/lib/python3.12/site-packages/airflow/example_dags/example_branch_labels.py
[2026-06-29T22:01:21.396+0000] {processor.py:914} INFO - Processing file /home/airflow/.local/lib/python3.12/site-packages/airflow/example_dags/example_branch_labels.py for tasks to queue
[2026-06-29T22:01:21.401+0000] {logging_mixin.py:190} INFO - [2026-06-29T22:01:21.400+0000] {dagbag.py:588} INFO - Filling up the DagBag from /home/airflow/.local/lib/python3.12/site-packages/airflow/example_dags/example_branch_labels.py
[2026-06-29T22:01:21.422+0000] {processor.py:925} INFO - DAG(s) 'example_branch_labels' retrieved from /home/airflow/.local/lib/python3.12/site-packages/airflow/example_dags/example_branch_labels.py
[2026-06-29T22:01:21.470+0000] {logging_mixin.py:190} INFO - [2026-06-29T22:01:21.469+0000] {dag.py:3239} INFO - Sync 1 DAGs
[2026-06-29T22:01:21.508+0000] {logging_mixin.py:190} INFO - [2026-06-29T22:01:21.507+0000] {dag.py:4180} INFO - Setting next_dagrun for example_branch_labels to 2026-06-28 00:00:00+00:00, run_after=2026-06-29 00:00:00+00:00
[2026-06-29T22:01:21.551+0000] {processor.py:208} INFO - Processing /home/airflow/.local/lib/python3.12/site-packages/airflow/example_dags/example_branch_labels.py took 0.176 seconds
[2026-06-29T22:01:52.260+0000] {processor.py:186} INFO - Started process (PID=428) to work on /home/airflow/.local/lib/python3.12/site-packages/airflow/example_dags/example_branch_labels.py
[2026-06-29T22:01:52.262+0000] {processor.py:914} INFO - Processing file /home/airflow/.local/lib/python3.12/site-packages/airflow/example_dags/example_branch_labels.py for tasks to queue
[2026-06-29T22:01:52.271+0000] {logging_mixin.py:190} INFO - [2026-06-29T22:01:52.270+0000] {dagbag.py:588} INFO - Filling up the DagBag from /home/airflow/.local/lib/python3.12/site-packages/airflow/example_dags/example_branch_labels.py
[2026-06-29T22:01:52.287+0000] {processor.py:925} INFO - DAG(s) 'example_branch_labels' retrieved from /home/airflow/.local/lib/python3.12/site-packages/airflow/example_dags/example_branch_labels.py
[2026-06-29T22:01:52.327+0000] {logging_mixin.py:190} INFO - [2026-06-29T22:01:52.327+0000] {dag.py:3239} INFO - Sync 1 DAGs
[2026-06-29T22:01:52.367+0000] {logging_mixin.py:190} INFO - [2026-06-29T22:01:52.367+0000] {dag.py:4180} INFO - Setting next_dagrun for example_branch_labels to 2026-06-28 00:00:00+00:00, run_after=2026-06-29 00:00:00+00:00
[2026-06-29T22:01:52.403+0000] {processor.py:208} INFO - Processing /home/airflow/.local/lib/python3.12/site-packages/airflow/example_dags/example_branch_labels.py took 0.151 seconds
[2026-06-29T22:02:23.517+0000] {processor.py:186} INFO - Started process (PID=492) to work on /home/airflow/.local/lib/python3.12/site-packages/airflow/example_dags/example_branch_labels.py
[2026-06-29T22:02:23.519+0000] {processor.py:914} INFO - Processing file /home/airflow/.local/lib/python3.12/site-packages/airflow/example_dags/example_branch_labels.py for tasks to queue
[2026-06-29T22:02:23.528+0000] {logging_mixin.py:190} INFO - [2026-06-29T22:02:23.527+0000] {dagbag.py:588} INFO - Filling up the DagBag from /home/airflow/.local/lib/python3.12/site-packages/airflow/example_dags/example_branch_labels.py
[2026-06-29T22:02:23.551+0000] {processor.py:925} INFO - DAG(s) 'example_branch_labels' retrieved from /home/airflow/.local/lib/python3.12/site-packages/airflow/example_dags/example_branch_labels.py
[2026-06-29T22:02:23.612+0000] {logging_mixin.py:190} INFO - [2026-06-29T22:02:23.611+0000] {dag.py:3239} INFO - Sync 1 DAGs
[2026-06-29T22:02:23.669+0000] {logging_mixin.py:190} INFO - [2026-06-29T22:02:23.668+0000] {dag.py:4180} INFO - Setting next_dagrun for example_branch_labels to 2026-06-28 00:00:00+00:00, run_after=2026-06-29 00:00:00+00:00
[2026-06-29T22:02:23.717+0000] {processor.py:208} INFO - Processing /home/airflow/.local/lib/python3.12/site-packages/airflow/example_dags/example_branch_labels.py took 0.215 seconds
[2026-06-29T22:02:59.633+0000] {processor.py:186} INFO - Started process (PID=555) to work on /home/airflow/.local/lib/python3.12/site-packages/airflow/example_dags/example_branch_labels.py
[2026-06-29T22:02:59.635+0000] {processor.py:914} INFO - Processing file /home/airflow/.local/lib/python3.12/site-packages/airflow/example_dags/example_branch_labels.py for tasks to queue
[2026-06-29T22:02:59.644+0000] {logging_mixin.py:190} INFO - [2026-06-29T22:02:59.643+0000] {dagbag.py:588} INFO - Filling up the DagBag from /home/airflow/.local/lib/python3.12/site-packages/airflow/example_dags/example_branch_labels.py
[2026-06-29T22:02:59.662+0000] {processor.py:925} INFO - DAG(s) 'example_branch_labels' retrieved from /home/airflow/.local/lib/python3.12/site-packages/airflow/example_dags/example_branch_labels.py
[2026-06-29T22:02:59.709+0000] {logging_mixin.py:190} INFO - [2026-06-29T22:02:59.707+0000] {dag.py:3239} INFO - Sync 1 DAGs
[2026-06-29T22:02:59.759+0000] {logging_mixin.py:190} INFO - [2026-06-29T22:02:59.759+0000] {dag.py:4180} INFO - Setting next_dagrun for example_branch_labels to 2026-06-28 00:00:00+00:00, run_after=2026-06-29 00:00:00+00:00
[2026-06-29T22:02:59.804+0000] {processor.py:208} INFO - Processing /home/airflow/.local/lib/python3.12/site-packages/airflow/example_dags/example_branch_labels.py took 0.181 seconds
[2026-06-29T22:03:32.702+0000] {processor.py:186} INFO - Started process (PID=619) to work on /home/airflow/.local/lib/python3.12/site-packages/airflow/example_dags/example_branch_labels.py
[2026-06-29T22:03:32.710+0000] {processor.py:914} INFO - Processing file /home/airflow/.local/lib/python3.12/site-packages/airflow/example_dags/example_branch_labels.py for tasks to queue
[2026-06-29T22:03:32.718+0000] {logging_mixin.py:190} INFO - [2026-06-29T22:03:32.718+0000] {dagbag.py:588} INFO - Filling up the DagBag from /home/airflow/.local/lib/python3.12/site-packages/airflow/example_dags/example_branch_labels.py
[2026-06-29T22:03:32.762+0000] {processor.py:925} INFO - DAG(s) 'example_branch_labels' retrieved from /home/airflow/.local/lib/python3.12/site-packages/airflow/example_dags/example_branch_labels.py
[2026-06-29T22:03:32.886+0000] {logging_mixin.py:190} INFO - [2026-06-29T22:03:32.885+0000] {dag.py:3239} INFO - Sync 1 DAGs
[2026-06-29T22:03:33.026+0000] {logging_mixin.py:190} INFO - [2026-06-29T22:03:33.024+0000] {dag.py:4180} INFO - Setting next_dagrun for example_branch_labels to 2026-06-28 00:00:00+00:00, run_after=2026-06-29 00:00:00+00:00
[2026-06-29T22:03:33.218+0000] {processor.py:208} INFO - Processing /home/airflow/.local/lib/python3.12/site-packages/airflow/example_dags/example_branch_labels.py took 0.536 seconds
[2026-06-29T22:04:03.883+0000] {processor.py:186} INFO - Started process (PID=688) to work on /home/airflow/.local/lib/python3.12/site-packages/airflow/example_dags/example_branch_labels.py
[2026-06-29T22:04:03.886+0000] {processor.py:914} INFO - Processing file /home/airflow/.local/lib/python3.12/site-packages/airflow/example_dags/example_branch_labels.py for tasks to queue
[2026-06-29T22:04:03.895+0000] {logging_mixin.py:190} INFO - [2026-06-29T22:04:03.894+0000] {dagbag.py:588} INFO - Filling up the DagBag from /home/airflow/.local/lib/python3.12/site-packages/airflow/example_dags/example_branch_labels.py
[2026-06-29T22:04:03.921+0000] {processor.py:925} INFO - DAG(s) 'example_branch_labels' retrieved from /home/airflow/.local/lib/python3.12/site-packages/airflow/example_dags/example_branch_labels.py
[2026-06-29T22:04:03.982+0000] {logging_mixin.py:190} INFO - [2026-06-29T22:04:03.981+0000] {dag.py:3239} INFO - Sync 1 DAGs
[2026-06-29T22:04:04.056+0000] {logging_mixin.py:190} INFO - [2026-06-29T22:04:04.055+0000] {dag.py:4180} INFO - Setting next_dagrun for example_branch_labels to 2026-06-28 00:00:00+00:00, run_after=2026-06-29 00:00:00+00:00
[2026-06-29T22:04:04.114+0000] {processor.py:208} INFO - Processing /home/airflow/.local/lib/python3.12/site-packages/airflow/example_dags/example_branch_labels.py took 0.249 seconds
[2026-06-29T22:04:39.920+0000] {processor.py:186} INFO - Started process (PID=754) to work on /home/airflow/.local/lib/python3.12/site-packages/airflow/example_dags/example_branch_labels.py
[2026-06-29T22:04:39.927+0000] {processor.py:914} INFO - Processing file /home/airflow/.local/lib/python3.12/site-packages/airflow/example_dags/example_branch_labels.py for tasks to queue
[2026-06-29T22:04:39.939+0000] {logging_mixin.py:190} INFO - [2026-06-29T22:04:39.938+0000] {dagbag.py:588} INFO - Filling up the DagBag from /home/airflow/.local/lib/python3.12/site-packages/airflow/example_dags/example_branch_labels.py
[2026-06-29T22:04:40.025+0000] {processor.py:925} INFO - DAG(s) 'example_branch_labels' retrieved from /home/airflow/.local/lib/python3.12/site-packages/airflow/example_dags/example_branch_labels.py
[2026-06-29T22:04:40.158+0000] {logging_mixin.py:190} INFO - [2026-06-29T22:04:40.155+0000] {dag.py:3239} INFO - Sync 1 DAGs
[2026-06-29T22:04:40.421+0000] {logging_mixin.py:190} INFO - [2026-06-29T22:04:40.421+0000] {dag.py:4180} INFO - Setting next_dagrun for example_branch_labels to 2026-06-28 00:00:00+00:00, run_after=2026-06-29 00:00:00+00:00
[2026-06-29T22:04:40.734+0000] {processor.py:208} INFO - Processing /home/airflow/.local/lib/python3.12/site-packages/airflow/example_dags/example_branch_labels.py took 0.840 seconds
[2026-06-29T22:05:11.057+0000] {processor.py:186} INFO - Started process (PID=818) to work on /home/airflow/.local/lib/python3.12/site-packages/airflow/example_dags/example_branch_labels.py
[2026-06-29T22:05:11.059+0000] {processor.py:914} INFO - Processing file /home/airflow/.local/lib/python3.12/site-packages/airflow/example_dags/example_branch_labels.py for tasks to queue
[2026-06-29T22:05:11.065+0000] {logging_mixin.py:190} INFO - [2026-06-29T22:05:11.064+0000] {dagbag.py:588} INFO - Filling up the DagBag from /home/airflow/.local/lib/python3.12/site-packages/airflow/example_dags/example_branch_labels.py
[2026-06-29T22:05:11.088+0000] {processor.py:925} INFO - DAG(s) 'example_branch_labels' retrieved from /home/airflow/.local/lib/python3.12/site-packages/airflow/example_dags/example_branch_labels.py
[2026-06-29T22:05:11.114+0000] {logging_mixin.py:190} INFO - [2026-06-29T22:05:11.113+0000] {dag.py:3239} INFO - Sync 1 DAGs
[2026-06-29T22:05:11.142+0000] {logging_mixin.py:190} INFO - [2026-06-29T22:05:11.142+0000] {dag.py:4180} INFO - Setting next_dagrun for example_branch_labels to 2026-06-28 00:00:00+00:00, run_after=2026-06-29 00:00:00+00:00
[2026-06-29T22:05:11.171+0000] {processor.py:208} INFO - Processing /home/airflow/.local/lib/python3.12/site-packages/airflow/example_dags/example_branch_labels.py took 0.126 seconds
[2026-06-29T22:05:41.902+0000] {processor.py:186} INFO - Started process (PID=883) to work on /home/airflow/.local/lib/python3.12/site-packages/airflow/example_dags/example_branch_labels.py
[2026-06-29T22:05:41.904+0000] {processor.py:914} INFO - Processing file /home/airflow/.local/lib/python3.12/site-packages/airflow/example_dags/example_branch_labels.py for tasks to queue
[2026-06-29T22:05:41.908+0000] {logging_mixin.py:190} INFO - [2026-06-29T22:05:41.908+0000] {dagbag.py:588} INFO - Filling up the DagBag from /home/airflow/.local/lib/python3.12/site-packages/airflow/example_dags/example_branch_labels.py
[2026-06-29T22:05:41.918+0000] {processor.py:925} INFO - DAG(s) 'example_branch_labels' retrieved from /home/airflow/.local/lib/python3.12/site-packages/airflow/example_dags/example_branch_labels.py
[2026-06-29T22:05:41.943+0000] {logging_mixin.py:190} INFO - [2026-06-29T22:05:41.943+0000] {dag.py:3239} INFO - Sync 1 DAGs
[2026-06-29T22:05:41.967+0000] {logging_mixin.py:190} INFO - [2026-06-29T22:05:41.966+0000] {dag.py:4180} INFO - Setting next_dagrun for example_branch_labels to 2026-06-28 00:00:00+00:00, run_after=2026-06-29 00:00:00+00:00
[2026-06-29T22:05:41.992+0000] {processor.py:208} INFO - Processing /home/airflow/.local/lib/python3.12/site-packages/airflow/example_dags/example_branch_labels.py took 0.095 seconds
[2026-06-29T22:06:12.598+0000] {processor.py:186} INFO - Started process (PID=947) to work on /home/airflow/.local/lib/python3.12/site-packages/airflow/example_dags/example_branch_labels.py
[2026-06-29T22:06:12.600+0000] {processor.py:914} INFO - Processing file /home/airflow/.local/lib/python3.12/site-packages/airflow/example_dags/example_branch_labels.py for tasks to queue
[2026-06-29T22:06:12.604+0000] {logging_mixin.py:190} INFO - [2026-06-29T22:06:12.603+0000] {dagbag.py:588} INFO - Filling up the DagBag from /home/airflow/.local/lib/python3.12/site-packages/airflow/example_dags/example_branch_labels.py
[2026-06-29T22:06:12.617+0000] {processor.py:925} INFO - DAG(s) 'example_branch_labels' retrieved from /home/airflow/.local/lib/python3.12/site-packages/airflow/example_dags/example_branch_labels.py
[2026-06-29T22:06:12.645+0000] {logging_mixin.py:190} INFO - [2026-06-29T22:06:12.645+0000] {dag.py:3239} INFO - Sync 1 DAGs
[2026-06-29T22:06:12.673+0000] {logging_mixin.py:190} INFO - [2026-06-29T22:06:12.673+0000] {dag.py:4180} INFO - Setting next_dagrun for example_branch_labels to 2026-06-28 00:00:00+00:00, run_after=2026-06-29 00:00:00+00:00
[2026-06-29T22:06:12.699+0000] {processor.py:208} INFO - Processing /home/airflow/.local/lib/python3.12/site-packages/airflow/example_dags/example_branch_labels.py took 0.106 seconds
[2026-06-29T22:08:28.274+0000] {processor.py:186} INFO - Started process (PID=120) to work on /home/airflow/.local/lib/python3.12/site-packages/airflow/example_dags/example_branch_labels.py
[2026-06-29T22:08:28.278+0000] {processor.py:914} INFO - Processing file /home/airflow/.local/lib/python3.12/site-packages/airflow/example_dags/example_branch_labels.py for tasks to queue
[2026-06-29T22:08:28.286+0000] {logging_mixin.py:190} INFO - [2026-06-29T22:08:28.285+0000] {dagbag.py:588} INFO - Filling up the DagBag from /home/airflow/.local/lib/python3.12/site-packages/airflow/example_dags/example_branch_labels.py
[2026-06-29T22:08:28.312+0000] {processor.py:925} INFO - DAG(s) 'example_branch_labels' retrieved from /home/airflow/.local/lib/python3.12/site-packages/airflow/example_dags/example_branch_labels.py
[2026-06-29T22:08:28.370+0000] {logging_mixin.py:190} INFO - [2026-06-29T22:08:28.369+0000] {dag.py:3239} INFO - Sync 1 DAGs
[2026-06-29T22:08:28.431+0000] {logging_mixin.py:190} INFO - [2026-06-29T22:08:28.430+0000] {dag.py:4180} INFO - Setting next_dagrun for example_branch_labels to 2026-06-28 00:00:00+00:00, run_after=2026-06-29 00:00:00+00:00
[2026-06-29T22:08:28.478+0000] {processor.py:208} INFO - Processing /home/airflow/.local/lib/python3.12/site-packages/airflow/example_dags/example_branch_labels.py took 0.216 seconds
[2026-06-29T22:09:04.903+0000] {processor.py:186} INFO - Started process (PID=184) to work on /home/airflow/.local/lib/python3.12/site-packages/airflow/example_dags/example_branch_labels.py
[2026-06-29T22:09:04.906+0000] {processor.py:914} INFO - Processing file /home/airflow/.local/lib/python3.12/site-packages/airflow/example_dags/example_branch_labels.py for tasks to queue
[2026-06-29T22:09:04.915+0000] {logging_mixin.py:190} INFO - [2026-06-29T22:09:04.915+0000] {dagbag.py:588} INFO - Filling up the DagBag from /home/airflow/.local/lib/python3.12/site-packages/airflow/example_dags/example_branch_labels.py
[2026-06-29T22:09:04.950+0000] {processor.py:925} INFO - DAG(s) 'example_branch_labels' retrieved from /home/airflow/.local/lib/python3.12/site-packages/airflow/example_dags/example_branch_labels.py
[2026-06-29T22:09:05.020+0000] {logging_mixin.py:190} INFO - [2026-06-29T22:09:05.019+0000] {dag.py:3239} INFO - Sync 1 DAGs
[2026-06-29T22:09:05.102+0000] {logging_mixin.py:190} INFO - [2026-06-29T22:09:05.101+0000] {dag.py:4180} INFO - Setting next_dagrun for example_branch_labels to 2026-06-28 00:00:00+00:00, run_after=2026-06-29 00:00:00+00:00
[2026-06-29T22:09:05.196+0000] {processor.py:208} INFO - Processing /home/airflow/.local/lib/python3.12/site-packages/airflow/example_dags/example_branch_labels.py took 0.306 seconds
[2026-06-29T22:09:37.967+0000] {processor.py:186} INFO - Started process (PID=254) to work on /home/airflow/.local/lib/python3.12/site-packages/airflow/example_dags/example_branch_labels.py
[2026-06-29T22:09:37.970+0000] {processor.py:914} INFO - Processing file /home/airflow/.local/lib/python3.12/site-packages/airflow/example_dags/example_branch_labels.py for tasks to queue
[2026-06-29T22:09:37.974+0000] {logging_mixin.py:190} INFO - [2026-06-29T22:09:37.974+0000] {dagbag.py:588} INFO - Filling up the DagBag from /home/airflow/.local/lib/python3.12/site-packages/airflow/example_dags/example_branch_labels.py
[2026-06-29T22:09:37.992+0000] {processor.py:925} INFO - DAG(s) 'example_branch_labels' retrieved from /home/airflow/.local/lib/python3.12/site-packages/airflow/example_dags/example_branch_labels.py
[2026-06-29T22:09:38.040+0000] {logging_mixin.py:190} INFO - [2026-06-29T22:09:38.040+0000] {dag.py:3239} INFO - Sync 1 DAGs
[2026-06-29T22:09:38.082+0000] {logging_mixin.py:190} INFO - [2026-06-29T22:09:38.082+0000] {dag.py:4180} INFO - Setting next_dagrun for example_branch_labels to 2026-06-28 00:00:00+00:00, run_after=2026-06-29 00:00:00+00:00
[2026-06-29T22:09:38.117+0000] {processor.py:208} INFO - Processing /home/airflow/.local/lib/python3.12/site-packages/airflow/example_dags/example_branch_labels.py took 0.159 seconds
[2026-06-29T22:10:14.832+0000] {processor.py:186} INFO - Started process (PID=319) to work on /home/airflow/.local/lib/python3.12/site-packages/airflow/example_dags/example_branch_labels.py
[2026-06-29T22:10:14.835+0000] {processor.py:914} INFO - Processing file /home/airflow/.local/lib/python3.12/site-packages/airflow/example_dags/example_branch_labels.py for tasks to queue
[2026-06-29T22:10:14.840+0000] {logging_mixin.py:190} INFO - [2026-06-29T22:10:14.839+0000] {dagbag.py:588} INFO - Filling up the DagBag from /home/airflow/.local/lib/python3.12/site-packages/airflow/example_dags/example_branch_labels.py
[2026-06-29T22:10:14.867+0000] {processor.py:925} INFO - DAG(s) 'example_branch_labels' retrieved from /home/airflow/.local/lib/python3.12/site-packages/airflow/example_dags/example_branch_labels.py
[2026-06-29T22:10:14.914+0000] {logging_mixin.py:190} INFO - [2026-06-29T22:10:14.913+0000] {dag.py:3239} INFO - Sync 1 DAGs
[2026-06-29T22:10:14.958+0000] {logging_mixin.py:190} INFO - [2026-06-29T22:10:14.958+0000] {dag.py:4180} INFO - Setting next_dagrun for example_branch_labels to 2026-06-28 00:00:00+00:00, run_after=2026-06-29 00:00:00+00:00
[2026-06-29T22:10:14.991+0000] {processor.py:208} INFO - Processing /home/airflow/.local/lib/python3.12/site-packages/airflow/example_dags/example_branch_labels.py took 0.186 seconds
[2026-06-29T22:10:45.747+0000] {processor.py:186} INFO - Started process (PID=383) to work on /home/airflow/.local/lib/python3.12/site-packages/airflow/example_dags/example_branch_labels.py
[2026-06-29T22:10:45.762+0000] {processor.py:914} INFO - Processing file /home/airflow/.local/lib/python3.12/site-packages/airflow/example_dags/example_branch_labels.py for tasks to queue
[2026-06-29T22:10:45.786+0000] {logging_mixin.py:190} INFO - [2026-06-29T22:10:45.784+0000] {dagbag.py:588} INFO - Filling up the DagBag from /home/airflow/.local/lib/python3.12/site-packages/airflow/example_dags/example_branch_labels.py
[2026-06-29T22:10:45.828+0000] {processor.py:925} INFO - DAG(s) 'example_branch_labels' retrieved from /home/airflow/.local/lib/python3.12/site-packages/airflow/example_dags/example_branch_labels.py
[2026-06-29T22:10:45.892+0000] {logging_mixin.py:190} INFO - [2026-06-29T22:10:45.891+0000] {dag.py:3239} INFO - Sync 1 DAGs
[2026-06-29T22:10:45.954+0000] {logging_mixin.py:190} INFO - [2026-06-29T22:10:45.953+0000] {dag.py:4180} INFO - Setting next_dagrun for example_branch_labels to 2026-06-28 00:00:00+00:00, run_after=2026-06-29 00:00:00+00:00
[2026-06-29T22:10:46.016+0000] {processor.py:208} INFO - Processing /home/airflow/.local/lib/python3.12/site-packages/airflow/example_dags/example_branch_labels.py took 0.309 seconds
[2026-06-29T22:11:16.670+0000] {processor.py:186} INFO - Started process (PID=447) to work on /home/airflow/.local/lib/python3.12/site-packages/airflow/example_dags/example_branch_labels.py
[2026-06-29T22:11:16.671+0000] {processor.py:914} INFO - Processing file /home/airflow/.local/lib/python3.12/site-packages/airflow/example_dags/example_branch_labels.py for tasks to queue
[2026-06-29T22:11:16.676+0000] {logging_mixin.py:190} INFO - [2026-06-29T22:11:16.675+0000] {dagbag.py:588} INFO - Filling up the DagBag from /home/airflow/.local/lib/python3.12/site-packages/airflow/example_dags/example_branch_labels.py
[2026-06-29T22:11:16.688+0000] {processor.py:925} INFO - DAG(s) 'example_branch_labels' retrieved from /home/airflow/.local/lib/python3.12/site-packages/airflow/example_dags/example_branch_labels.py
[2026-06-29T22:11:16.715+0000] {logging_mixin.py:190} INFO - [2026-06-29T22:11:16.715+0000] {dag.py:3239} INFO - Sync 1 DAGs
[2026-06-29T22:11:16.752+0000] {logging_mixin.py:190} INFO - [2026-06-29T22:11:16.752+0000] {dag.py:4180} INFO - Setting next_dagrun for example_branch_labels to 2026-06-28 00:00:00+00:00, run_after=2026-06-29 00:00:00+00:00
[2026-06-29T22:11:16.783+0000] {processor.py:208} INFO - Processing /home/airflow/.local/lib/python3.12/site-packages/airflow/example_dags/example_branch_labels.py took 0.121 seconds
[2026-06-29T22:11:47.581+0000] {processor.py:186} INFO - Started process (PID=511) to work on /home/airflow/.local/lib/python3.12/site-packages/airflow/example_dags/example_branch_labels.py
[2026-06-29T22:11:47.583+0000] {processor.py:914} INFO - Processing file /home/airflow/.local/lib/python3.12/site-packages/airflow/example_dags/example_branch_labels.py for tasks to queue
[2026-06-29T22:11:47.586+0000] {logging_mixin.py:190} INFO - [2026-06-29T22:11:47.586+0000] {dagbag.py:588} INFO - Filling up the DagBag from /home/airflow/.local/lib/python3.12/site-packages/airflow/example_dags/example_branch_labels.py
[2026-06-29T22:11:47.598+0000] {processor.py:925} INFO - DAG(s) 'example_branch_labels' retrieved from /home/airflow/.local/lib/python3.12/site-packages/airflow/example_dags/example_branch_labels.py
[2026-06-29T22:11:47.625+0000] {logging_mixin.py:190} INFO - [2026-06-29T22:11:47.625+0000] {dag.py:3239} INFO - Sync 1 DAGs
[2026-06-29T22:11:47.656+0000] {logging_mixin.py:190} INFO - [2026-06-29T22:11:47.656+0000] {dag.py:4180} INFO - Setting next_dagrun for example_branch_labels to 2026-06-28 00:00:00+00:00, run_after=2026-06-29 00:00:00+00:00
[2026-06-29T22:11:47.679+0000] {processor.py:208} INFO - Processing /home/airflow/.local/lib/python3.12/site-packages/airflow/example_dags/example_branch_labels.py took 0.105 seconds
[2026-06-29T22:12:18.334+0000] {processor.py:186} INFO - Started process (PID=575) to work on /home/airflow/.local/lib/python3.12/site-packages/airflow/example_dags/example_branch_labels.py
[2026-06-29T22:12:18.335+0000] {processor.py:914} INFO - Processing file /home/airflow/.local/lib/python3.12/site-packages/airflow/example_dags/example_branch_labels.py for tasks to queue
[2026-06-29T22:12:18.340+0000] {logging_mixin.py:190} INFO - [2026-06-29T22:12:18.339+0000] {dagbag.py:588} INFO - Filling up the DagBag from /home/airflow/.local/lib/python3.12/site-packages/airflow/example_dags/example_branch_labels.py
[2026-06-29T22:12:18.351+0000] {processor.py:925} INFO - DAG(s) 'example_branch_labels' retrieved from /home/airflow/.local/lib/python3.12/site-packages/airflow/example_dags/example_branch_labels.py
[2026-06-29T22:12:18.376+0000] {logging_mixin.py:190} INFO - [2026-06-29T22:12:18.375+0000] {dag.py:3239} INFO - Sync 1 DAGs
[2026-06-29T22:12:18.402+0000] {logging_mixin.py:190} INFO - [2026-06-29T22:12:18.401+0000] {dag.py:4180} INFO - Setting next_dagrun for example_branch_labels to 2026-06-28 00:00:00+00:00, run_after=2026-06-29 00:00:00+00:00
[2026-06-29T22:12:18.425+0000] {processor.py:208} INFO - Processing /home/airflow/.local/lib/python3.12/site-packages/airflow/example_dags/example_branch_labels.py took 0.098 seconds
[2026-06-29T22:12:49.212+0000] {processor.py:186} INFO - Started process (PID=639) to work on /home/airflow/.local/lib/python3.12/site-packages/airflow/example_dags/example_branch_labels.py
[2026-06-29T22:12:49.213+0000] {processor.py:914} INFO - Processing file /home/airflow/.local/lib/python3.12/site-packages/airflow/example_dags/example_branch_labels.py for tasks to queue
[2026-06-29T22:12:49.216+0000] {logging_mixin.py:190} INFO - [2026-06-29T22:12:49.216+0000] {dagbag.py:588} INFO - Filling up the DagBag from /home/airflow/.local/lib/python3.12/site-packages/airflow/example_dags/example_branch_labels.py
[2026-06-29T22:12:49.229+0000] {processor.py:925} INFO - DAG(s) 'example_branch_labels' retrieved from /home/airflow/.local/lib/python3.12/site-packages/airflow/example_dags/example_branch_labels.py
[2026-06-29T22:12:49.256+0000] {logging_mixin.py:190} INFO - [2026-06-29T22:12:49.255+0000] {dag.py:3239} INFO - Sync 1 DAGs
[2026-06-29T22:12:49.281+0000] {logging_mixin.py:190} INFO - [2026-06-29T22:12:49.281+0000] {dag.py:4180} INFO - Setting next_dagrun for example_branch_labels to 2026-06-28 00:00:00+00:00, run_after=2026-06-29 00:00:00+00:00
[2026-06-29T22:12:49.301+0000] {processor.py:208} INFO - Processing /home/airflow/.local/lib/python3.12/site-packages/airflow/example_dags/example_branch_labels.py took 0.101 seconds
[2026-06-29T22:13:21.330+0000] {processor.py:186} INFO - Started process (PID=703) to work on /home/airflow/.local/lib/python3.12/site-packages/airflow/example_dags/example_branch_labels.py
[2026-06-29T22:13:21.334+0000] {processor.py:914} INFO - Processing file /home/airflow/.local/lib/python3.12/site-packages/airflow/example_dags/example_branch_labels.py for tasks to queue
[2026-06-29T22:13:21.340+0000] {logging_mixin.py:190} INFO - [2026-06-29T22:13:21.339+0000] {dagbag.py:588} INFO - Filling up the DagBag from /home/airflow/.local/lib/python3.12/site-packages/airflow/example_dags/example_branch_labels.py
[2026-06-29T22:13:21.360+0000] {processor.py:925} INFO - DAG(s) 'example_branch_labels' retrieved from /home/airflow/.local/lib/python3.12/site-packages/airflow/example_dags/example_branch_labels.py
[2026-06-29T22:13:21.426+0000] {logging_mixin.py:190} INFO - [2026-06-29T22:13:21.425+0000] {dag.py:3239} INFO - Sync 1 DAGs
[2026-06-29T22:13:21.482+0000] {logging_mixin.py:190} INFO - [2026-06-29T22:13:21.482+0000] {dag.py:4180} INFO - Setting next_dagrun for example_branch_labels to 2026-06-28 00:00:00+00:00, run_after=2026-06-29 00:00:00+00:00
[2026-06-29T22:13:21.540+0000] {processor.py:208} INFO - Processing /home/airflow/.local/lib/python3.12/site-packages/airflow/example_dags/example_branch_labels.py took 0.224 seconds
[2026-06-29T22:13:51.994+0000] {processor.py:186} INFO - Started process (PID=768) to work on /home/airflow/.local/lib/python3.12/site-packages/airflow/example_dags/example_branch_labels.py
[2026-06-29T22:13:51.996+0000] {processor.py:914} INFO - Processing file /home/airflow/.local/lib/python3.12/site-packages/airflow/example_dags/example_branch_labels.py for tasks to queue
[2026-06-29T22:13:52.000+0000] {logging_mixin.py:190} INFO - [2026-06-29T22:13:51.999+0000] {dagbag.py:588} INFO - Filling up the DagBag from /home/airflow/.local/lib/python3.12/site-packages/airflow/example_dags/example_branch_labels.py
[2026-06-29T22:13:52.014+0000] {processor.py:925} INFO - DAG(s) 'example_branch_labels' retrieved from /home/airflow/.local/lib/python3.12/site-packages/airflow/example_dags/example_branch_labels.py
[2026-06-29T22:13:52.056+0000] {logging_mixin.py:190} INFO - [2026-06-29T22:13:52.056+0000] {dag.py:3239} INFO - Sync 1 DAGs
[2026-06-29T22:13:52.127+0000] {logging_mixin.py:190} INFO - [2026-06-29T22:13:52.127+0000] {dag.py:4180} INFO - Setting next_dagrun for example_branch_labels to 2026-06-28 00:00:00+00:00, run_after=2026-06-29 00:00:00+00:00
[2026-06-29T22:13:52.176+0000] {processor.py:208} INFO - Processing /home/airflow/.local/lib/python3.12/site-packages/airflow/example_dags/example_branch_labels.py took 0.189 seconds
[2026-06-29T22:14:25.392+0000] {processor.py:186} INFO - Started process (PID=832) to work on /home/airflow/.local/lib/python3.12/site-packages/airflow/example_dags/example_branch_labels.py
[2026-06-29T22:14:25.394+0000] {processor.py:914} INFO - Processing file /home/airflow/.local/lib/python3.12/site-packages/airflow/example_dags/example_branch_labels.py for tasks to queue
[2026-06-29T22:14:25.401+0000] {logging_mixin.py:190} INFO - [2026-06-29T22:14:25.400+0000] {dagbag.py:588} INFO - Filling up the DagBag from /home/airflow/.local/lib/python3.12/site-packages/airflow/example_dags/example_branch_labels.py
[2026-06-29T22:14:25.438+0000] {processor.py:925} INFO - DAG(s) 'example_branch_labels' retrieved from /home/airflow/.local/lib/python3.12/site-packages/airflow/example_dags/example_branch_labels.py
[2026-06-29T22:14:25.487+0000] {logging_mixin.py:190} INFO - [2026-06-29T22:14:25.486+0000] {dag.py:3239} INFO - Sync 1 DAGs
[2026-06-29T22:14:25.538+0000] {logging_mixin.py:190} INFO - [2026-06-29T22:14:25.538+0000] {dag.py:4180} INFO - Setting next_dagrun for example_branch_labels to 2026-06-28 00:00:00+00:00, run_after=2026-06-29 00:00:00+00:00
[2026-06-29T22:14:25.574+0000] {processor.py:208} INFO - Processing /home/airflow/.local/lib/python3.12/site-packages/airflow/example_dags/example_branch_labels.py took 0.202 seconds
[2026-06-29T22:14:55.940+0000] {processor.py:186} INFO - Started process (PID=896) to work on /home/airflow/.local/lib/python3.12/site-packages/airflow/example_dags/example_branch_labels.py
[2026-06-29T22:14:55.944+0000] {processor.py:914} INFO - Processing file /home/airflow/.local/lib/python3.12/site-packages/airflow/example_dags/example_branch_labels.py for tasks to queue
[2026-06-29T22:14:55.949+0000] {logging_mixin.py:190} INFO - [2026-06-29T22:14:55.948+0000] {dagbag.py:588} INFO - Filling up the DagBag from /home/airflow/.local/lib/python3.12/site-packages/airflow/example_dags/example_branch_labels.py
[2026-06-29T22:14:55.975+0000] {processor.py:925} INFO - DAG(s) 'example_branch_labels' retrieved from /home/airflow/.local/lib/python3.12/site-packages/airflow/example_dags/example_branch_labels.py
[2026-06-29T22:14:56.025+0000] {logging_mixin.py:190} INFO - [2026-06-29T22:14:56.024+0000] {dag.py:3239} INFO - Sync 1 DAGs
[2026-06-29T22:14:56.079+0000] {logging_mixin.py:190} INFO - [2026-06-29T22:14:56.078+0000] {dag.py:4180} INFO - Setting next_dagrun for example_branch_labels to 2026-06-28 00:00:00+00:00, run_after=2026-06-29 00:00:00+00:00
[2026-06-29T22:14:56.135+0000] {processor.py:208} INFO - Processing /home/airflow/.local/lib/python3.12/site-packages/airflow/example_dags/example_branch_labels.py took 0.208 seconds
[2026-06-29T22:15:27.150+0000] {processor.py:186} INFO - Started process (PID=960) to work on /home/airflow/.local/lib/python3.12/site-packages/airflow/example_dags/example_branch_labels.py
[2026-06-29T22:15:27.152+0000] {processor.py:914} INFO - Processing file /home/airflow/.local/lib/python3.12/site-packages/airflow/example_dags/example_branch_labels.py for tasks to queue
[2026-06-29T22:15:27.163+0000] {logging_mixin.py:190} INFO - [2026-06-29T22:15:27.161+0000] {dagbag.py:588} INFO - Filling up the DagBag from /home/airflow/.local/lib/python3.12/site-packages/airflow/example_dags/example_branch_labels.py
[2026-06-29T22:15:27.182+0000] {processor.py:925} INFO - DAG(s) 'example_branch_labels' retrieved from /home/airflow/.local/lib/python3.12/site-packages/airflow/example_dags/example_branch_labels.py
[2026-06-29T22:15:27.218+0000] {logging_mixin.py:190} INFO - [2026-06-29T22:15:27.218+0000] {dag.py:3239} INFO - Sync 1 DAGs
[2026-06-29T22:15:27.262+0000] {logging_mixin.py:190} INFO - [2026-06-29T22:15:27.262+0000] {dag.py:4180} INFO - Setting next_dagrun for example_branch_labels to 2026-06-28 00:00:00+00:00, run_after=2026-06-29 00:00:00+00:00
[2026-06-29T22:15:27.288+0000] {processor.py:208} INFO - Processing /home/airflow/.local/lib/python3.12/site-packages/airflow/example_dags/example_branch_labels.py took 0.148 seconds
[2026-06-29T22:15:58.788+0000] {processor.py:186} INFO - Started process (PID=1024) to work on /home/airflow/.local/lib/python3.12/site-packages/airflow/example_dags/example_branch_labels.py
[2026-06-29T22:15:58.790+0000] {processor.py:914} INFO - Processing file /home/airflow/.local/lib/python3.12/site-packages/airflow/example_dags/example_branch_labels.py for tasks to queue
[2026-06-29T22:15:58.797+0000] {logging_mixin.py:190} INFO - [2026-06-29T22:15:58.796+0000] {dagbag.py:588} INFO - Filling up the DagBag from /home/airflow/.local/lib/python3.12/site-packages/airflow/example_dags/example_branch_labels.py
[2026-06-29T22:15:58.815+0000] {processor.py:925} INFO - DAG(s) 'example_branch_labels' retrieved from /home/airflow/.local/lib/python3.12/site-packages/airflow/example_dags/example_branch_labels.py
[2026-06-29T22:15:58.864+0000] {logging_mixin.py:190} INFO - [2026-06-29T22:15:58.864+0000] {dag.py:3239} INFO - Sync 1 DAGs
[2026-06-29T22:15:58.913+0000] {logging_mixin.py:190} INFO - [2026-06-29T22:15:58.913+0000] {dag.py:4180} INFO - Setting next_dagrun for example_branch_labels to 2026-06-28 00:00:00+00:00, run_after=2026-06-29 00:00:00+00:00
[2026-06-29T22:15:58.955+0000] {processor.py:208} INFO - Processing /home/airflow/.local/lib/python3.12/site-packages/airflow/example_dags/example_branch_labels.py took 0.180 seconds
[2026-06-29T22:16:29.685+0000] {processor.py:186} INFO - Started process (PID=1088) to work on /home/airflow/.local/lib/python3.12/site-packages/airflow/example_dags/example_branch_labels.py
[2026-06-29T22:16:29.687+0000] {processor.py:914} INFO - Processing file /home/airflow/.local/lib/python3.12/site-packages/airflow/example_dags/example_branch_labels.py for tasks to queue
[2026-06-29T22:16:29.694+0000] {logging_mixin.py:190} INFO - [2026-06-29T22:16:29.693+0000] {dagbag.py:588} INFO - Filling up the DagBag from /home/airflow/.local/lib/python3.12/site-packages/airflow/example_dags/example_branch_labels.py
[2026-06-29T22:16:29.712+0000] {processor.py:925} INFO - DAG(s) 'example_branch_labels' retrieved from /home/airflow/.local/lib/python3.12/site-packages/airflow/example_dags/example_branch_labels.py
[2026-06-29T22:16:29.743+0000] {logging_mixin.py:190} INFO - [2026-06-29T22:16:29.743+0000] {dag.py:3239} INFO - Sync 1 DAGs
[2026-06-29T22:16:29.778+0000] {logging_mixin.py:190} INFO - [2026-06-29T22:16:29.778+0000] {dag.py:4180} INFO - Setting next_dagrun for example_branch_labels to 2026-06-28 00:00:00+00:00, run_after=2026-06-29 00:00:00+00:00
[2026-06-29T22:16:29.804+0000] {processor.py:208} INFO - Processing /home/airflow/.local/lib/python3.12/site-packages/airflow/example_dags/example_branch_labels.py took 0.126 seconds
[2026-06-29T22:17:01.241+0000] {processor.py:186} INFO - Started process (PID=1152) to work on /home/airflow/.local/lib/python3.12/site-packages/airflow/example_dags/example_branch_labels.py
[2026-06-29T22:17:01.243+0000] {processor.py:914} INFO - Processing file /home/airflow/.local/lib/python3.12/site-packages/airflow/example_dags/example_branch_labels.py for tasks to queue
[2026-06-29T22:17:01.246+0000] {logging_mixin.py:190} INFO - [2026-06-29T22:17:01.246+0000] {dagbag.py:588} INFO - Filling up the DagBag from /home/airflow/.local/lib/python3.12/site-packages/airflow/example_dags/example_branch_labels.py
[2026-06-29T22:17:01.262+0000] {processor.py:925} INFO - DAG(s) 'example_branch_labels' retrieved from /home/airflow/.local/lib/python3.12/site-packages/airflow/example_dags/example_branch_labels.py
[2026-06-29T22:17:01.296+0000] {logging_mixin.py:190} INFO - [2026-06-29T22:17:01.295+0000] {dag.py:3239} INFO - Sync 1 DAGs
[2026-06-29T22:17:01.332+0000] {logging_mixin.py:190} INFO - [2026-06-29T22:17:01.331+0000] {dag.py:4180} INFO - Setting next_dagrun for example_branch_labels to 2026-06-28 00:00:00+00:00, run_after=2026-06-29 00:00:00+00:00
[2026-06-29T22:17:01.361+0000] {processor.py:208} INFO - Processing /home/airflow/.local/lib/python3.12/site-packages/airflow/example_dags/example_branch_labels.py took 0.130 seconds
[2026-06-29T22:17:34.331+0000] {processor.py:186} INFO - Started process (PID=1216) to work on /home/airflow/.local/lib/python3.12/site-packages/airflow/example_dags/example_branch_labels.py
[2026-06-29T22:17:34.334+0000] {processor.py:914} INFO - Processing file /home/airflow/.local/lib/python3.12/site-packages/airflow/example_dags/example_branch_labels.py for tasks to queue
[2026-06-29T22:17:34.342+0000] {logging_mixin.py:190} INFO - [2026-06-29T22:17:34.342+0000] {dagbag.py:588} INFO - Filling up the DagBag from /home/airflow/.local/lib/python3.12/site-packages/airflow/example_dags/example_branch_labels.py
[2026-06-29T22:17:34.374+0000] {processor.py:925} INFO - DAG(s) 'example_branch_labels' retrieved from /home/airflow/.local/lib/python3.12/site-packages/airflow/example_dags/example_branch_labels.py
[2026-06-29T22:17:34.419+0000] {logging_mixin.py:190} INFO - [2026-06-29T22:17:34.418+0000] {dag.py:3239} INFO - Sync 1 DAGs
[2026-06-29T22:17:34.472+0000] {logging_mixin.py:190} INFO - [2026-06-29T22:17:34.472+0000] {dag.py:4180} INFO - Setting next_dagrun for example_branch_labels to 2026-06-28 00:00:00+00:00, run_after=2026-06-29 00:00:00+00:00
[2026-06-29T22:17:34.530+0000] {processor.py:208} INFO - Processing /home/airflow/.local/lib/python3.12/site-packages/airflow/example_dags/example_branch_labels.py took 0.220 seconds
[2026-06-29T22:18:04.757+0000] {processor.py:186} INFO - Started process (PID=1280) to work on /home/airflow/.local/lib/python3.12/site-packages/airflow/example_dags/example_branch_labels.py
[2026-06-29T22:18:04.759+0000] {processor.py:914} INFO - Processing file /home/airflow/.local/lib/python3.12/site-packages/airflow/example_dags/example_branch_labels.py for tasks to queue
[2026-06-29T22:18:04.764+0000] {logging_mixin.py:190} INFO - [2026-06-29T22:18:04.764+0000] {dagbag.py:588} INFO - Filling up the DagBag from /home/airflow/.local/lib/python3.12/site-packages/airflow/example_dags/example_branch_labels.py
[2026-06-29T22:18:04.778+0000] {processor.py:925} INFO - DAG(s) 'example_branch_labels' retrieved from /home/airflow/.local/lib/python3.12/site-packages/airflow/example_dags/example_branch_labels.py
[2026-06-29T22:18:04.804+0000] {logging_mixin.py:190} INFO - [2026-06-29T22:18:04.804+0000] {dag.py:3239} INFO - Sync 1 DAGs
[2026-06-29T22:18:04.833+0000] {logging_mixin.py:190} INFO - [2026-06-29T22:18:04.832+0000] {dag.py:4180} INFO - Setting next_dagrun for example_branch_labels to 2026-06-28 00:00:00+00:00, run_after=2026-06-29 00:00:00+00:00
[2026-06-29T22:18:04.855+0000] {processor.py:208} INFO - Processing /home/airflow/.local/lib/python3.12/site-packages/airflow/example_dags/example_branch_labels.py took 0.106 seconds
[2026-06-29T22:18:37.229+0000] {processor.py:186} INFO - Started process (PID=1344) to work on /home/airflow/.local/lib/python3.12/site-packages/airflow/example_dags/example_branch_labels.py
[2026-06-29T22:18:37.237+0000] {processor.py:914} INFO - Processing file /home/airflow/.local/lib/python3.12/site-packages/airflow/example_dags/example_branch_labels.py for tasks to queue
[2026-06-29T22:18:37.292+0000] {logging_mixin.py:190} INFO - [2026-06-29T22:18:37.288+0000] {dagbag.py:588} INFO - Filling up the DagBag from /home/airflow/.local/lib/python3.12/site-packages/airflow/example_dags/example_branch_labels.py
[2026-06-29T22:18:37.343+0000] {processor.py:925} INFO - DAG(s) 'example_branch_labels' retrieved from /home/airflow/.local/lib/python3.12/site-packages/airflow/example_dags/example_branch_labels.py
[2026-06-29T22:18:37.400+0000] {logging_mixin.py:190} INFO - [2026-06-29T22:18:37.398+0000] {dag.py:3239} INFO - Sync 1 DAGs
[2026-06-29T22:18:37.456+0000] {logging_mixin.py:190} INFO - [2026-06-29T22:18:37.455+0000] {dag.py:4180} INFO - Setting next_dagrun for example_branch_labels to 2026-06-28 00:00:00+00:00, run_after=2026-06-29 00:00:00+00:00
[2026-06-29T22:18:37.504+0000] {processor.py:208} INFO - Processing /home/airflow/.local/lib/python3.12/site-packages/airflow/example_dags/example_branch_labels.py took 0.401 seconds
[2026-06-29T22:19:07.665+0000] {processor.py:186} INFO - Started process (PID=1408) to work on /home/airflow/.local/lib/python3.12/site-packages/airflow/example_dags/example_branch_labels.py
[2026-06-29T22:19:07.667+0000] {processor.py:914} INFO - Processing file /home/airflow/.local/lib/python3.12/site-packages/airflow/example_dags/example_branch_labels.py for tasks to queue
[2026-06-29T22:19:07.671+0000] {logging_mixin.py:190} INFO - [2026-06-29T22:19:07.671+0000] {dagbag.py:588} INFO - Filling up the DagBag from /home/airflow/.local/lib/python3.12/site-packages/airflow/example_dags/example_branch_labels.py
[2026-06-29T22:19:07.687+0000] {processor.py:925} INFO - DAG(s) 'example_branch_labels' retrieved from /home/airflow/.local/lib/python3.12/site-packages/airflow/example_dags/example_branch_labels.py
[2026-06-29T22:19:07.722+0000] {logging_mixin.py:190} INFO - [2026-06-29T22:19:07.722+0000] {dag.py:3239} INFO - Sync 1 DAGs
[2026-06-29T22:19:07.763+0000] {logging_mixin.py:190} INFO - [2026-06-29T22:19:07.763+0000] {dag.py:4180} INFO - Setting next_dagrun for example_branch_labels to 2026-06-28 00:00:00+00:00, run_after=2026-06-29 00:00:00+00:00
[2026-06-29T22:19:07.794+0000] {processor.py:208} INFO - Processing /home/airflow/.local/lib/python3.12/site-packages/airflow/example_dags/example_branch_labels.py took 0.140 seconds
[2026-06-29T22:19:41.182+0000] {processor.py:186} INFO - Started process (PID=1480) to work on /home/airflow/.local/lib/python3.12/site-packages/airflow/example_dags/example_branch_labels.py
[2026-06-29T22:19:41.188+0000] {processor.py:914} INFO - Processing file /home/airflow/.local/lib/python3.12/site-packages/airflow/example_dags/example_branch_labels.py for tasks to queue
[2026-06-29T22:19:41.203+0000] {logging_mixin.py:190} INFO - [2026-06-29T22:19:41.202+0000] {dagbag.py:588} INFO - Filling up the DagBag from /home/airflow/.local/lib/python3.12/site-packages/airflow/example_dags/example_branch_labels.py
[2026-06-29T22:19:41.242+0000] {processor.py:925} INFO - DAG(s) 'example_branch_labels' retrieved from /home/airflow/.local/lib/python3.12/site-packages/airflow/example_dags/example_branch_labels.py
[2026-06-29T22:19:41.308+0000] {logging_mixin.py:190} INFO - [2026-06-29T22:19:41.307+0000] {dag.py:3239} INFO - Sync 1 DAGs
[2026-06-29T22:19:41.371+0000] {logging_mixin.py:190} INFO - [2026-06-29T22:19:41.371+0000] {dag.py:4180} INFO - Setting next_dagrun for example_branch_labels to 2026-06-28 00:00:00+00:00, run_after=2026-06-29 00:00:00+00:00
[2026-06-29T22:19:41.448+0000] {processor.py:208} INFO - Processing /home/airflow/.local/lib/python3.12/site-packages/airflow/example_dags/example_branch_labels.py took 0.302 seconds
[2026-06-29T22:20:14.000+0000] {processor.py:186} INFO - Started process (PID=1545) to work on /home/airflow/.local/lib/python3.12/site-packages/airflow/example_dags/example_branch_labels.py
[2026-06-29T22:20:14.003+0000] {processor.py:914} INFO - Processing file /home/airflow/.local/lib/python3.12/site-packages/airflow/example_dags/example_branch_labels.py for tasks to queue
[2026-06-29T22:20:14.008+0000] {logging_mixin.py:190} INFO - [2026-06-29T22:20:14.007+0000] {dagbag.py:588} INFO - Filling up the DagBag from /home/airflow/.local/lib/python3.12/site-packages/airflow/example_dags/example_branch_labels.py
[2026-06-29T22:20:14.035+0000] {processor.py:925} INFO - DAG(s) 'example_branch_labels' retrieved from /home/airflow/.local/lib/python3.12/site-packages/airflow/example_dags/example_branch_labels.py
[2026-06-29T22:20:14.083+0000] {logging_mixin.py:190} INFO - [2026-06-29T22:20:14.083+0000] {dag.py:3239} INFO - Sync 1 DAGs
[2026-06-29T22:20:14.144+0000] {logging_mixin.py:190} INFO - [2026-06-29T22:20:14.143+0000] {dag.py:4180} INFO - Setting next_dagrun for example_branch_labels to 2026-06-28 00:00:00+00:00, run_after=2026-06-29 00:00:00+00:00
[2026-06-29T22:20:14.196+0000] {processor.py:208} INFO - Processing /home/airflow/.local/lib/python3.12/site-packages/airflow/example_dags/example_branch_labels.py took 0.206 seconds
[2026-06-29T22:20:46.487+0000] {processor.py:186} INFO - Started process (PID=1610) to work on /home/airflow/.local/lib/python3.12/site-packages/airflow/example_dags/example_branch_labels.py
[2026-06-29T22:20:46.489+0000] {processor.py:914} INFO - Processing file /home/airflow/.local/lib/python3.12/site-packages/airflow/example_dags/example_branch_labels.py for tasks to queue
[2026-06-29T22:20:46.492+0000] {logging_mixin.py:190} INFO - [2026-06-29T22:20:46.492+0000] {dagbag.py:588} INFO - Filling up the DagBag from /home/airflow/.local/lib/python3.12/site-packages/airflow/example_dags/example_branch_labels.py
[2026-06-29T22:20:46.506+0000] {processor.py:925} INFO - DAG(s) 'example_branch_labels' retrieved from /home/airflow/.local/lib/python3.12/site-packages/airflow/example_dags/example_branch_labels.py
[2026-06-29T22:20:46.551+0000] {logging_mixin.py:190} INFO - [2026-06-29T22:20:46.551+0000] {dag.py:3239} INFO - Sync 1 DAGs
[2026-06-29T22:20:46.590+0000] {logging_mixin.py:190} INFO - [2026-06-29T22:20:46.590+0000] {dag.py:4180} INFO - Setting next_dagrun for example_branch_labels to 2026-06-28 00:00:00+00:00, run_after=2026-06-29 00:00:00+00:00
[2026-06-29T22:20:46.643+0000] {processor.py:208} INFO - Processing /home/airflow/.local/lib/python3.12/site-packages/airflow/example_dags/example_branch_labels.py took 0.166 seconds
[2026-06-29T22:21:17.589+0000] {processor.py:186} INFO - Started process (PID=1674) to work on /home/airflow/.local/lib/python3.12/site-packages/airflow/example_dags/example_branch_labels.py
[2026-06-29T22:21:17.593+0000] {processor.py:914} INFO - Processing file /home/airflow/.local/lib/python3.12/site-packages/airflow/example_dags/example_branch_labels.py for tasks to queue
[2026-06-29T22:21:17.601+0000] {logging_mixin.py:190} INFO - [2026-06-29T22:21:17.601+0000] {dagbag.py:588} INFO - Filling up the DagBag from /home/airflow/.local/lib/python3.12/site-packages/airflow/example_dags/example_branch_labels.py
[2026-06-29T22:21:17.627+0000] {processor.py:925} INFO - DAG(s) 'example_branch_labels' retrieved from /home/airflow/.local/lib/python3.12/site-packages/airflow/example_dags/example_branch_labels.py
[2026-06-29T22:21:17.697+0000] {logging_mixin.py:190} INFO - [2026-06-29T22:21:17.696+0000] {dag.py:3239} INFO - Sync 1 DAGs
[2026-06-29T22:21:17.754+0000] {logging_mixin.py:190} INFO - [2026-06-29T22:21:17.754+0000] {dag.py:4180} INFO - Setting next_dagrun for example_branch_labels to 2026-06-28 00:00:00+00:00, run_after=2026-06-29 00:00:00+00:00
[2026-06-29T22:21:17.800+0000] {processor.py:208} INFO - Processing /home/airflow/.local/lib/python3.12/site-packages/airflow/example_dags/example_branch_labels.py took 0.226 seconds
[2026-06-29T22:21:48.150+0000] {processor.py:186} INFO - Started process (PID=1738) to work on /home/airflow/.local/lib/python3.12/site-packages/airflow/example_dags/example_branch_labels.py
[2026-06-29T22:21:48.151+0000] {processor.py:914} INFO - Processing file /home/airflow/.local/lib/python3.12/site-packages/airflow/example_dags/example_branch_labels.py for tasks to queue
[2026-06-29T22:21:48.154+0000] {logging_mixin.py:190} INFO - [2026-06-29T22:21:48.153+0000] {dagbag.py:588} INFO - Filling up the DagBag from /home/airflow/.local/lib/python3.12/site-packages/airflow/example_dags/example_branch_labels.py
[2026-06-29T22:21:48.166+0000] {processor.py:925} INFO - DAG(s) 'example_branch_labels' retrieved from /home/airflow/.local/lib/python3.12/site-packages/airflow/example_dags/example_branch_labels.py
[2026-06-29T22:21:48.199+0000] {logging_mixin.py:190} INFO - [2026-06-29T22:21:48.199+0000] {dag.py:3239} INFO - Sync 1 DAGs
[2026-06-29T22:21:48.228+0000] {logging_mixin.py:190} INFO - [2026-06-29T22:21:48.228+0000] {dag.py:4180} INFO - Setting next_dagrun for example_branch_labels to 2026-06-28 00:00:00+00:00, run_after=2026-06-29 00:00:00+00:00
[2026-06-29T22:21:48.256+0000] {processor.py:208} INFO - Processing /home/airflow/.local/lib/python3.12/site-packages/airflow/example_dags/example_branch_labels.py took 0.113 seconds
[2026-06-29T22:22:18.984+0000] {processor.py:186} INFO - Started process (PID=1802) to work on /home/airflow/.local/lib/python3.12/site-packages/airflow/example_dags/example_branch_labels.py
[2026-06-29T22:22:18.986+0000] {processor.py:914} INFO - Processing file /home/airflow/.local/lib/python3.12/site-packages/airflow/example_dags/example_branch_labels.py for tasks to queue
[2026-06-29T22:22:18.989+0000] {logging_mixin.py:190} INFO - [2026-06-29T22:22:18.989+0000] {dagbag.py:588} INFO - Filling up the DagBag from /home/airflow/.local/lib/python3.12/site-packages/airflow/example_dags/example_branch_labels.py
[2026-06-29T22:22:19.003+0000] {processor.py:925} INFO - DAG(s) 'example_branch_labels' retrieved from /home/airflow/.local/lib/python3.12/site-packages/airflow/example_dags/example_branch_labels.py
[2026-06-29T22:22:19.035+0000] {logging_mixin.py:190} INFO - [2026-06-29T22:22:19.034+0000] {dag.py:3239} INFO - Sync 1 DAGs
[2026-06-29T22:22:19.070+0000] {logging_mixin.py:190} INFO - [2026-06-29T22:22:19.070+0000] {dag.py:4180} INFO - Setting next_dagrun for example_branch_labels to 2026-06-28 00:00:00+00:00, run_after=2026-06-29 00:00:00+00:00
[2026-06-29T22:22:19.097+0000] {processor.py:208} INFO - Processing /home/airflow/.local/lib/python3.12/site-packages/airflow/example_dags/example_branch_labels.py took 0.120 seconds
[2026-06-29T22:22:49.445+0000] {processor.py:186} INFO - Started process (PID=1867) to work on /home/airflow/.local/lib/python3.12/site-packages/airflow/example_dags/example_branch_labels.py
[2026-06-29T22:22:49.448+0000] {processor.py:914} INFO - Processing file /home/airflow/.local/lib/python3.12/site-packages/airflow/example_dags/example_branch_labels.py for tasks to queue
[2026-06-29T22:22:49.451+0000] {logging_mixin.py:190} INFO - [2026-06-29T22:22:49.451+0000] {dagbag.py:588} INFO - Filling up the DagBag from /home/airflow/.local/lib/python3.12/site-packages/airflow/example_dags/example_branch_labels.py
[2026-06-29T22:22:49.466+0000] {processor.py:925} INFO - DAG(s) 'example_branch_labels' retrieved from /home/airflow/.local/lib/python3.12/site-packages/airflow/example_dags/example_branch_labels.py
[2026-06-29T22:22:49.493+0000] {logging_mixin.py:190} INFO - [2026-06-29T22:22:49.493+0000] {dag.py:3239} INFO - Sync 1 DAGs
[2026-06-29T22:22:49.526+0000] {logging_mixin.py:190} INFO - [2026-06-29T22:22:49.526+0000] {dag.py:4180} INFO - Setting next_dagrun for example_branch_labels to 2026-06-28 00:00:00+00:00, run_after=2026-06-29 00:00:00+00:00
[2026-06-29T22:22:49.552+0000] {processor.py:208} INFO - Processing /home/airflow/.local/lib/python3.12/site-packages/airflow/example_dags/example_branch_labels.py took 0.114 seconds
[2026-06-29T22:23:20.169+0000] {processor.py:186} INFO - Started process (PID=1930) to work on /home/airflow/.local/lib/python3.12/site-packages/airflow/example_dags/example_branch_labels.py
[2026-06-29T22:23:20.171+0000] {processor.py:914} INFO - Processing file /home/airflow/.local/lib/python3.12/site-packages/airflow/example_dags/example_branch_labels.py for tasks to queue
[2026-06-29T22:23:20.176+0000] {logging_mixin.py:190} INFO - [2026-06-29T22:23:20.175+0000] {dagbag.py:588} INFO - Filling up the DagBag from /home/airflow/.local/lib/python3.12/site-packages/airflow/example_dags/example_branch_labels.py
[2026-06-29T22:23:20.189+0000] {processor.py:925} INFO - DAG(s) 'example_branch_labels' retrieved from /home/airflow/.local/lib/python3.12/site-packages/airflow/example_dags/example_branch_labels.py
[2026-06-29T22:23:20.213+0000] {logging_mixin.py:190} INFO - [2026-06-29T22:23:20.212+0000] {dag.py:3239} INFO - Sync 1 DAGs
[2026-06-29T22:23:20.238+0000] {logging_mixin.py:190} INFO - [2026-06-29T22:23:20.237+0000] {dag.py:4180} INFO - Setting next_dagrun for example_branch_labels to 2026-06-28 00:00:00+00:00, run_after=2026-06-29 00:00:00+00:00
[2026-06-29T22:23:20.258+0000] {processor.py:208} INFO - Processing /home/airflow/.local/lib/python3.12/site-packages/airflow/example_dags/example_branch_labels.py took 0.097 seconds
[2026-06-29T22:23:50.413+0000] {processor.py:186} INFO - Started process (PID=1994) to work on /home/airflow/.local/lib/python3.12/site-packages/airflow/example_dags/example_branch_labels.py
[2026-06-29T22:23:50.415+0000] {processor.py:914} INFO - Processing file /home/airflow/.local/lib/python3.12/site-packages/airflow/example_dags/example_branch_labels.py for tasks to queue
[2026-06-29T22:23:50.421+0000] {logging_mixin.py:190} INFO - [2026-06-29T22:23:50.420+0000] {dagbag.py:588} INFO - Filling up the DagBag from /home/airflow/.local/lib/python3.12/site-packages/airflow/example_dags/example_branch_labels.py
[2026-06-29T22:23:50.444+0000] {processor.py:925} INFO - DAG(s) 'example_branch_labels' retrieved from /home/airflow/.local/lib/python3.12/site-packages/airflow/example_dags/example_branch_labels.py
[2026-06-29T22:23:50.499+0000] {logging_mixin.py:190} INFO - [2026-06-29T22:23:50.499+0000] {dag.py:3239} INFO - Sync 1 DAGs
[2026-06-29T22:23:50.579+0000] {logging_mixin.py:190} INFO - [2026-06-29T22:23:50.578+0000] {dag.py:4180} INFO - Setting next_dagrun for example_branch_labels to 2026-06-28 00:00:00+00:00, run_after=2026-06-29 00:00:00+00:00
[2026-06-29T22:23:50.639+0000] {processor.py:208} INFO - Processing /home/airflow/.local/lib/python3.12/site-packages/airflow/example_dags/example_branch_labels.py took 0.237 seconds
[2026-06-29T22:24:21.253+0000] {processor.py:186} INFO - Started process (PID=2057) to work on /home/airflow/.local/lib/python3.12/site-packages/airflow/example_dags/example_branch_labels.py
[2026-06-29T22:24:21.254+0000] {processor.py:914} INFO - Processing file /home/airflow/.local/lib/python3.12/site-packages/airflow/example_dags/example_branch_labels.py for tasks to queue
[2026-06-29T22:24:21.258+0000] {logging_mixin.py:190} INFO - [2026-06-29T22:24:21.258+0000] {dagbag.py:588} INFO - Filling up the DagBag from /home/airflow/.local/lib/python3.12/site-packages/airflow/example_dags/example_branch_labels.py
[2026-06-29T22:24:21.271+0000] {processor.py:925} INFO - DAG(s) 'example_branch_labels' retrieved from /home/airflow/.local/lib/python3.12/site-packages/airflow/example_dags/example_branch_labels.py
[2026-06-29T22:24:21.297+0000] {logging_mixin.py:190} INFO - [2026-06-29T22:24:21.297+0000] {dag.py:3239} INFO - Sync 1 DAGs
[2026-06-29T22:24:21.331+0000] {logging_mixin.py:190} INFO - [2026-06-29T22:24:21.331+0000] {dag.py:4180} INFO - Setting next_dagrun for example_branch_labels to 2026-06-28 00:00:00+00:00, run_after=2026-06-29 00:00:00+00:00
[2026-06-29T22:24:21.355+0000] {processor.py:208} INFO - Processing /home/airflow/.local/lib/python3.12/site-packages/airflow/example_dags/example_branch_labels.py took 0.110 seconds
[2026-06-29T22:24:51.873+0000] {processor.py:186} INFO - Started process (PID=2121) to work on /home/airflow/.local/lib/python3.12/site-packages/airflow/example_dags/example_branch_labels.py
[2026-06-29T22:24:51.875+0000] {processor.py:914} INFO - Processing file /home/airflow/.local/lib/python3.12/site-packages/airflow/example_dags/example_branch_labels.py for tasks to queue
[2026-06-29T22:24:51.882+0000] {logging_mixin.py:190} INFO - [2026-06-29T22:24:51.881+0000] {dagbag.py:588} INFO - Filling up the DagBag from /home/airflow/.local/lib/python3.12/site-packages/airflow/example_dags/example_branch_labels.py
[2026-06-29T22:24:51.901+0000] {processor.py:925} INFO - DAG(s) 'example_branch_labels' retrieved from /home/airflow/.local/lib/python3.12/site-packages/airflow/example_dags/example_branch_labels.py
[2026-06-29T22:24:51.947+0000] {logging_mixin.py:190} INFO - [2026-06-29T22:24:51.947+0000] {dag.py:3239} INFO - Sync 1 DAGs
[2026-06-29T22:24:52.001+0000] {logging_mixin.py:190} INFO - [2026-06-29T22:24:52.001+0000] {dag.py:4180} INFO - Setting next_dagrun for example_branch_labels to 2026-06-28 00:00:00+00:00, run_after=2026-06-29 00:00:00+00:00
[2026-06-29T22:24:52.036+0000] {processor.py:208} INFO - Processing /home/airflow/.local/lib/python3.12/site-packages/airflow/example_dags/example_branch_labels.py took 0.173 seconds
[2026-06-29T22:25:22.960+0000] {processor.py:186} INFO - Started process (PID=2185) to work on /home/airflow/.local/lib/python3.12/site-packages/airflow/example_dags/example_branch_labels.py
[2026-06-29T22:25:22.963+0000] {processor.py:914} INFO - Processing file /home/airflow/.local/lib/python3.12/site-packages/airflow/example_dags/example_branch_labels.py for tasks to queue
[2026-06-29T22:25:22.967+0000] {logging_mixin.py:190} INFO - [2026-06-29T22:25:22.966+0000] {dagbag.py:588} INFO - Filling up the DagBag from /home/airflow/.local/lib/python3.12/site-packages/airflow/example_dags/example_branch_labels.py
[2026-06-29T22:25:22.979+0000] {processor.py:925} INFO - DAG(s) 'example_branch_labels' retrieved from /home/airflow/.local/lib/python3.12/site-packages/airflow/example_dags/example_branch_labels.py
[2026-06-29T22:25:23.004+0000] {logging_mixin.py:190} INFO - [2026-06-29T22:25:23.004+0000] {dag.py:3239} INFO - Sync 1 DAGs
[2026-06-29T22:25:23.034+0000] {logging_mixin.py:190} INFO - [2026-06-29T22:25:23.034+0000] {dag.py:4180} INFO - Setting next_dagrun for example_branch_labels to 2026-06-28 00:00:00+00:00, run_after=2026-06-29 00:00:00+00:00
[2026-06-29T22:25:23.057+0000] {processor.py:208} INFO - Processing /home/airflow/.local/lib/python3.12/site-packages/airflow/example_dags/example_branch_labels.py took 0.104 seconds
[2026-06-29T22:25:53.494+0000] {processor.py:186} INFO - Started process (PID=2248) to work on /home/airflow/.local/lib/python3.12/site-packages/airflow/example_dags/example_branch_labels.py
[2026-06-29T22:25:53.496+0000] {processor.py:914} INFO - Processing file /home/airflow/.local/lib/python3.12/site-packages/airflow/example_dags/example_branch_labels.py for tasks to queue
[2026-06-29T22:25:53.502+0000] {logging_mixin.py:190} INFO - [2026-06-29T22:25:53.502+0000] {dagbag.py:588} INFO - Filling up the DagBag from /home/airflow/.local/lib/python3.12/site-packages/airflow/example_dags/example_branch_labels.py
[2026-06-29T22:25:53.516+0000] {processor.py:925} INFO - DAG(s) 'example_branch_labels' retrieved from /home/airflow/.local/lib/python3.12/site-packages/airflow/example_dags/example_branch_labels.py
[2026-06-29T22:25:53.538+0000] {logging_mixin.py:190} INFO - [2026-06-29T22:25:53.538+0000] {dag.py:3239} INFO - Sync 1 DAGs
[2026-06-29T22:25:53.561+0000] {logging_mixin.py:190} INFO - [2026-06-29T22:25:53.561+0000] {dag.py:4180} INFO - Setting next_dagrun for example_branch_labels to 2026-06-28 00:00:00+00:00, run_after=2026-06-29 00:00:00+00:00
[2026-06-29T22:25:53.583+0000] {processor.py:208} INFO - Processing /home/airflow/.local/lib/python3.12/site-packages/airflow/example_dags/example_branch_labels.py took 0.097 seconds
[2026-06-29T22:26:23.968+0000] {processor.py:186} INFO - Started process (PID=2312) to work on /home/airflow/.local/lib/python3.12/site-packages/airflow/example_dags/example_branch_labels.py
[2026-06-29T22:26:23.970+0000] {processor.py:914} INFO - Processing file /home/airflow/.local/lib/python3.12/site-packages/airflow/example_dags/example_branch_labels.py for tasks to queue
[2026-06-29T22:26:23.973+0000] {logging_mixin.py:190} INFO - [2026-06-29T22:26:23.972+0000] {dagbag.py:588} INFO - Filling up the DagBag from /home/airflow/.local/lib/python3.12/site-packages/airflow/example_dags/example_branch_labels.py
[2026-06-29T22:26:23.983+0000] {processor.py:925} INFO - DAG(s) 'example_branch_labels' retrieved from /home/airflow/.local/lib/python3.12/site-packages/airflow/example_dags/example_branch_labels.py
[2026-06-29T22:26:24.007+0000] {logging_mixin.py:190} INFO - [2026-06-29T22:26:24.006+0000] {dag.py:3239} INFO - Sync 1 DAGs
[2026-06-29T22:26:24.032+0000] {logging_mixin.py:190} INFO - [2026-06-29T22:26:24.032+0000] {dag.py:4180} INFO - Setting next_dagrun for example_branch_labels to 2026-06-28 00:00:00+00:00, run_after=2026-06-29 00:00:00+00:00
[2026-06-29T22:26:24.051+0000] {processor.py:208} INFO - Processing /home/airflow/.local/lib/python3.12/site-packages/airflow/example_dags/example_branch_labels.py took 0.090 seconds
[2026-06-29T22:26:54.764+0000] {processor.py:186} INFO - Started process (PID=2376) to work on /home/airflow/.local/lib/python3.12/site-packages/airflow/example_dags/example_branch_labels.py
[2026-06-29T22:26:54.773+0000] {processor.py:914} INFO - Processing file /home/airflow/.local/lib/python3.12/site-packages/airflow/example_dags/example_branch_labels.py for tasks to queue
[2026-06-29T22:26:54.784+0000] {logging_mixin.py:190} INFO - [2026-06-29T22:26:54.783+0000] {dagbag.py:588} INFO - Filling up the DagBag from /home/airflow/.local/lib/python3.12/site-packages/airflow/example_dags/example_branch_labels.py
[2026-06-29T22:26:54.798+0000] {processor.py:925} INFO - DAG(s) 'example_branch_labels' retrieved from /home/airflow/.local/lib/python3.12/site-packages/airflow/example_dags/example_branch_labels.py
[2026-06-29T22:26:54.821+0000] {logging_mixin.py:190} INFO - [2026-06-29T22:26:54.821+0000] {dag.py:3239} INFO - Sync 1 DAGs
[2026-06-29T22:26:54.850+0000] {logging_mixin.py:190} INFO - [2026-06-29T22:26:54.849+0000] {dag.py:4180} INFO - Setting next_dagrun for example_branch_labels to 2026-06-28 00:00:00+00:00, run_after=2026-06-29 00:00:00+00:00
[2026-06-29T22:26:54.868+0000] {processor.py:208} INFO - Processing /home/airflow/.local/lib/python3.12/site-packages/airflow/example_dags/example_branch_labels.py took 0.118 seconds
[2026-06-29T22:27:25.325+0000] {processor.py:186} INFO - Started process (PID=2440) to work on /home/airflow/.local/lib/python3.12/site-packages/airflow/example_dags/example_branch_labels.py
[2026-06-29T22:27:25.327+0000] {processor.py:914} INFO - Processing file /home/airflow/.local/lib/python3.12/site-packages/airflow/example_dags/example_branch_labels.py for tasks to queue
[2026-06-29T22:27:25.331+0000] {logging_mixin.py:190} INFO - [2026-06-29T22:27:25.330+0000] {dagbag.py:588} INFO - Filling up the DagBag from /home/airflow/.local/lib/python3.12/site-packages/airflow/example_dags/example_branch_labels.py
[2026-06-29T22:27:25.346+0000] {processor.py:925} INFO - DAG(s) 'example_branch_labels' retrieved from /home/airflow/.local/lib/python3.12/site-packages/airflow/example_dags/example_branch_labels.py
[2026-06-29T22:27:25.379+0000] {logging_mixin.py:190} INFO - [2026-06-29T22:27:25.379+0000] {dag.py:3239} INFO - Sync 1 DAGs
[2026-06-29T22:27:25.418+0000] {logging_mixin.py:190} INFO - [2026-06-29T22:27:25.418+0000] {dag.py:4180} INFO - Setting next_dagrun for example_branch_labels to 2026-06-28 00:00:00+00:00, run_after=2026-06-29 00:00:00+00:00
[2026-06-29T22:27:25.447+0000] {processor.py:208} INFO - Processing /home/airflow/.local/lib/python3.12/site-packages/airflow/example_dags/example_branch_labels.py took 0.131 seconds
[2026-06-29T22:27:56.426+0000] {processor.py:186} INFO - Started process (PID=2503) to work on /home/airflow/.local/lib/python3.12/site-packages/airflow/example_dags/example_branch_labels.py
[2026-06-29T22:27:56.429+0000] {processor.py:914} INFO - Processing file /home/airflow/.local/lib/python3.12/site-packages/airflow/example_dags/example_branch_labels.py for tasks to queue
[2026-06-29T22:27:56.433+0000] {logging_mixin.py:190} INFO - [2026-06-29T22:27:56.432+0000] {dagbag.py:588} INFO - Filling up the DagBag from /home/airflow/.local/lib/python3.12/site-packages/airflow/example_dags/example_branch_labels.py
[2026-06-29T22:27:56.448+0000] {processor.py:925} INFO - DAG(s) 'example_branch_labels' retrieved from /home/airflow/.local/lib/python3.12/site-packages/airflow/example_dags/example_branch_labels.py
[2026-06-29T22:27:56.477+0000] {logging_mixin.py:190} INFO - [2026-06-29T22:27:56.476+0000] {dag.py:3239} INFO - Sync 1 DAGs
[2026-06-29T22:27:56.510+0000] {logging_mixin.py:190} INFO - [2026-06-29T22:27:56.509+0000] {dag.py:4180} INFO - Setting next_dagrun for example_branch_labels to 2026-06-28 00:00:00+00:00, run_after=2026-06-29 00:00:00+00:00
[2026-06-29T22:27:56.534+0000] {processor.py:208} INFO - Processing /home/airflow/.local/lib/python3.12/site-packages/airflow/example_dags/example_branch_labels.py took 0.116 seconds
[2026-06-29T22:28:26.817+0000] {processor.py:186} INFO - Started process (PID=2567) to work on /home/airflow/.local/lib/python3.12/site-packages/airflow/example_dags/example_branch_labels.py
[2026-06-29T22:28:26.819+0000] {processor.py:914} INFO - Processing file /home/airflow/.local/lib/python3.12/site-packages/airflow/example_dags/example_branch_labels.py for tasks to queue
[2026-06-29T22:28:26.825+0000] {logging_mixin.py:190} INFO - [2026-06-29T22:28:26.824+0000] {dagbag.py:588} INFO - Filling up the DagBag from /home/airflow/.local/lib/python3.12/site-packages/airflow/example_dags/example_branch_labels.py
[2026-06-29T22:28:26.845+0000] {processor.py:925} INFO - DAG(s) 'example_branch_labels' retrieved from /home/airflow/.local/lib/python3.12/site-packages/airflow/example_dags/example_branch_labels.py
[2026-06-29T22:28:26.886+0000] {logging_mixin.py:190} INFO - [2026-06-29T22:28:26.885+0000] {dag.py:3239} INFO - Sync 1 DAGs
[2026-06-29T22:28:26.936+0000] {logging_mixin.py:190} INFO - [2026-06-29T22:28:26.936+0000] {dag.py:4180} INFO - Setting next_dagrun for example_branch_labels to 2026-06-28 00:00:00+00:00, run_after=2026-06-29 00:00:00+00:00
[2026-06-29T22:28:26.978+0000] {processor.py:208} INFO - Processing /home/airflow/.local/lib/python3.12/site-packages/airflow/example_dags/example_branch_labels.py took 0.174 seconds
[2026-06-29T22:28:57.182+0000] {processor.py:186} INFO - Started process (PID=2631) to work on /home/airflow/.local/lib/python3.12/site-packages/airflow/example_dags/example_branch_labels.py
[2026-06-29T22:28:57.187+0000] {processor.py:914} INFO - Processing file /home/airflow/.local/lib/python3.12/site-packages/airflow/example_dags/example_branch_labels.py for tasks to queue
[2026-06-29T22:28:57.193+0000] {logging_mixin.py:190} INFO - [2026-06-29T22:28:57.192+0000] {dagbag.py:588} INFO - Filling up the DagBag from /home/airflow/.local/lib/python3.12/site-packages/airflow/example_dags/example_branch_labels.py
[2026-06-29T22:28:57.214+0000] {processor.py:925} INFO - DAG(s) 'example_branch_labels' retrieved from /home/airflow/.local/lib/python3.12/site-packages/airflow/example_dags/example_branch_labels.py
[2026-06-29T22:28:57.258+0000] {logging_mixin.py:190} INFO - [2026-06-29T22:28:57.257+0000] {dag.py:3239} INFO - Sync 1 DAGs
[2026-06-29T22:28:57.311+0000] {logging_mixin.py:190} INFO - [2026-06-29T22:28:57.310+0000] {dag.py:4180} INFO - Setting next_dagrun for example_branch_labels to 2026-06-28 00:00:00+00:00, run_after=2026-06-29 00:00:00+00:00
[2026-06-29T22:28:57.353+0000] {processor.py:208} INFO - Processing /home/airflow/.local/lib/python3.12/site-packages/airflow/example_dags/example_branch_labels.py took 0.184 seconds
[2026-06-29T22:29:27.605+0000] {processor.py:186} INFO - Started process (PID=2694) to work on /home/airflow/.local/lib/python3.12/site-packages/airflow/example_dags/example_branch_labels.py
[2026-06-29T22:29:27.606+0000] {processor.py:914} INFO - Processing file /home/airflow/.local/lib/python3.12/site-packages/airflow/example_dags/example_branch_labels.py for tasks to queue
[2026-06-29T22:29:27.610+0000] {logging_mixin.py:190} INFO - [2026-06-29T22:29:27.609+0000] {dagbag.py:588} INFO - Filling up the DagBag from /home/airflow/.local/lib/python3.12/site-packages/airflow/example_dags/example_branch_labels.py
[2026-06-29T22:29:27.621+0000] {processor.py:925} INFO - DAG(s) 'example_branch_labels' retrieved from /home/airflow/.local/lib/python3.12/site-packages/airflow/example_dags/example_branch_labels.py
[2026-06-29T22:29:27.649+0000] {logging_mixin.py:190} INFO - [2026-06-29T22:29:27.648+0000] {dag.py:3239} INFO - Sync 1 DAGs
[2026-06-29T22:29:27.675+0000] {logging_mixin.py:190} INFO - [2026-06-29T22:29:27.675+0000] {dag.py:4180} INFO - Setting next_dagrun for example_branch_labels to 2026-06-28 00:00:00+00:00, run_after=2026-06-29 00:00:00+00:00
[2026-06-29T22:29:27.695+0000] {processor.py:208} INFO - Processing /home/airflow/.local/lib/python3.12/site-packages/airflow/example_dags/example_branch_labels.py took 0.099 seconds
[2026-06-29T22:29:57.937+0000] {processor.py:186} INFO - Started process (PID=2758) to work on /home/airflow/.local/lib/python3.12/site-packages/airflow/example_dags/example_branch_labels.py
[2026-06-29T22:29:57.940+0000] {processor.py:914} INFO - Processing file /home/airflow/.local/lib/python3.12/site-packages/airflow/example_dags/example_branch_labels.py for tasks to queue
[2026-06-29T22:29:57.946+0000] {logging_mixin.py:190} INFO - [2026-06-29T22:29:57.944+0000] {dagbag.py:588} INFO - Filling up the DagBag from /home/airflow/.local/lib/python3.12/site-packages/airflow/example_dags/example_branch_labels.py
[2026-06-29T22:29:57.981+0000] {processor.py:925} INFO - DAG(s) 'example_branch_labels' retrieved from /home/airflow/.local/lib/python3.12/site-packages/airflow/example_dags/example_branch_labels.py
[2026-06-29T22:29:58.057+0000] {logging_mixin.py:190} INFO - [2026-06-29T22:29:58.056+0000] {dag.py:3239} INFO - Sync 1 DAGs
[2026-06-29T22:29:58.196+0000] {logging_mixin.py:190} INFO - [2026-06-29T22:29:58.195+0000] {dag.py:4180} INFO - Setting next_dagrun for example_branch_labels to 2026-06-28 00:00:00+00:00, run_after=2026-06-29 00:00:00+00:00
[2026-06-29T22:29:58.278+0000] {processor.py:208} INFO - Processing /home/airflow/.local/lib/python3.12/site-packages/airflow/example_dags/example_branch_labels.py took 0.359 seconds
[2026-06-29T22:30:29.037+0000] {processor.py:186} INFO - Started process (PID=2823) to work on /home/airflow/.local/lib/python3.12/site-packages/airflow/example_dags/example_branch_labels.py
[2026-06-29T22:30:29.042+0000] {processor.py:914} INFO - Processing file /home/airflow/.local/lib/python3.12/site-packages/airflow/example_dags/example_branch_labels.py for tasks to queue
[2026-06-29T22:30:29.051+0000] {logging_mixin.py:190} INFO - [2026-06-29T22:30:29.050+0000] {dagbag.py:588} INFO - Filling up the DagBag from /home/airflow/.local/lib/python3.12/site-packages/airflow/example_dags/example_branch_labels.py
[2026-06-29T22:30:29.097+0000] {processor.py:925} INFO - DAG(s) 'example_branch_labels' retrieved from /home/airflow/.local/lib/python3.12/site-packages/airflow/example_dags/example_branch_labels.py
[2026-06-29T22:30:29.164+0000] {logging_mixin.py:190} INFO - [2026-06-29T22:30:29.164+0000] {dag.py:3239} INFO - Sync 1 DAGs
[2026-06-29T22:30:29.212+0000] {logging_mixin.py:190} INFO - [2026-06-29T22:30:29.212+0000] {dag.py:4180} INFO - Setting next_dagrun for example_branch_labels to 2026-06-28 00:00:00+00:00, run_after=2026-06-29 00:00:00+00:00
[2026-06-29T22:30:29.254+0000] {processor.py:208} INFO - Processing /home/airflow/.local/lib/python3.12/site-packages/airflow/example_dags/example_branch_labels.py took 0.233 seconds
[2026-06-29T22:30:59.549+0000] {processor.py:186} INFO - Started process (PID=2887) to work on /home/airflow/.local/lib/python3.12/site-packages/airflow/example_dags/example_branch_labels.py
[2026-06-29T22:30:59.551+0000] {processor.py:914} INFO - Processing file /home/airflow/.local/lib/python3.12/site-packages/airflow/example_dags/example_branch_labels.py for tasks to queue
[2026-06-29T22:30:59.559+0000] {logging_mixin.py:190} INFO - [2026-06-29T22:30:59.557+0000] {dagbag.py:588} INFO - Filling up the DagBag from /home/airflow/.local/lib/python3.12/site-packages/airflow/example_dags/example_branch_labels.py
[2026-06-29T22:30:59.582+0000] {processor.py:925} INFO - DAG(s) 'example_branch_labels' retrieved from /home/airflow/.local/lib/python3.12/site-packages/airflow/example_dags/example_branch_labels.py
[2026-06-29T22:30:59.631+0000] {logging_mixin.py:190} INFO - [2026-06-29T22:30:59.631+0000] {dag.py:3239} INFO - Sync 1 DAGs
[2026-06-29T22:30:59.677+0000] {logging_mixin.py:190} INFO - [2026-06-29T22:30:59.677+0000] {dag.py:4180} INFO - Setting next_dagrun for example_branch_labels to 2026-06-28 00:00:00+00:00, run_after=2026-06-29 00:00:00+00:00
[2026-06-29T22:30:59.721+0000] {processor.py:208} INFO - Processing /home/airflow/.local/lib/python3.12/site-packages/airflow/example_dags/example_branch_labels.py took 0.181 seconds
[2026-06-29T22:31:30.389+0000] {processor.py:186} INFO - Started process (PID=2959) to work on /home/airflow/.local/lib/python3.12/site-packages/airflow/example_dags/example_branch_labels.py
[2026-06-29T22:31:30.392+0000] {processor.py:914} INFO - Processing file /home/airflow/.local/lib/python3.12/site-packages/airflow/example_dags/example_branch_labels.py for tasks to queue
[2026-06-29T22:31:30.400+0000] {logging_mixin.py:190} INFO - [2026-06-29T22:31:30.399+0000] {dagbag.py:588} INFO - Filling up the DagBag from /home/airflow/.local/lib/python3.12/site-packages/airflow/example_dags/example_branch_labels.py
[2026-06-29T22:31:30.447+0000] {processor.py:925} INFO - DAG(s) 'example_branch_labels' retrieved from /home/airflow/.local/lib/python3.12/site-packages/airflow/example_dags/example_branch_labels.py
[2026-06-29T22:31:30.551+0000] {logging_mixin.py:190} INFO - [2026-06-29T22:31:30.550+0000] {dag.py:3239} INFO - Sync 1 DAGs
[2026-06-29T22:31:30.631+0000] {logging_mixin.py:190} INFO - [2026-06-29T22:31:30.631+0000] {dag.py:4180} INFO - Setting next_dagrun for example_branch_labels to 2026-06-28 00:00:00+00:00, run_after=2026-06-29 00:00:00+00:00
[2026-06-29T22:31:30.686+0000] {processor.py:208} INFO - Processing /home/airflow/.local/lib/python3.12/site-packages/airflow/example_dags/example_branch_labels.py took 0.315 seconds
[2026-06-29T22:32:04.155+0000] {processor.py:186} INFO - Started process (PID=3061) to work on /home/airflow/.local/lib/python3.12/site-packages/airflow/example_dags/example_branch_labels.py
[2026-06-29T22:32:04.161+0000] {processor.py:914} INFO - Processing file /home/airflow/.local/lib/python3.12/site-packages/airflow/example_dags/example_branch_labels.py for tasks to queue
[2026-06-29T22:32:04.166+0000] {logging_mixin.py:190} INFO - [2026-06-29T22:32:04.166+0000] {dagbag.py:588} INFO - Filling up the DagBag from /home/airflow/.local/lib/python3.12/site-packages/airflow/example_dags/example_branch_labels.py
[2026-06-29T22:32:04.210+0000] {processor.py:925} INFO - DAG(s) 'example_branch_labels' retrieved from /home/airflow/.local/lib/python3.12/site-packages/airflow/example_dags/example_branch_labels.py
[2026-06-29T22:32:04.282+0000] {logging_mixin.py:190} INFO - [2026-06-29T22:32:04.281+0000] {dag.py:3239} INFO - Sync 1 DAGs
[2026-06-29T22:32:04.392+0000] {logging_mixin.py:190} INFO - [2026-06-29T22:32:04.391+0000] {dag.py:4180} INFO - Setting next_dagrun for example_branch_labels to 2026-06-28 00:00:00+00:00, run_after=2026-06-29 00:00:00+00:00
[2026-06-29T22:32:04.494+0000] {processor.py:208} INFO - Processing /home/airflow/.local/lib/python3.12/site-packages/airflow/example_dags/example_branch_labels.py took 0.352 seconds
[2026-06-29T22:32:35.614+0000] {processor.py:186} INFO - Started process (PID=3181) to work on /home/airflow/.local/lib/python3.12/site-packages/airflow/example_dags/example_branch_labels.py
[2026-06-29T22:32:35.616+0000] {processor.py:914} INFO - Processing file /home/airflow/.local/lib/python3.12/site-packages/airflow/example_dags/example_branch_labels.py for tasks to queue
[2026-06-29T22:32:35.627+0000] {logging_mixin.py:190} INFO - [2026-06-29T22:32:35.624+0000] {dagbag.py:588} INFO - Filling up the DagBag from /home/airflow/.local/lib/python3.12/site-packages/airflow/example_dags/example_branch_labels.py
[2026-06-29T22:32:35.655+0000] {processor.py:925} INFO - DAG(s) 'example_branch_labels' retrieved from /home/airflow/.local/lib/python3.12/site-packages/airflow/example_dags/example_branch_labels.py
[2026-06-29T22:32:35.738+0000] {logging_mixin.py:190} INFO - [2026-06-29T22:32:35.738+0000] {dag.py:3239} INFO - Sync 1 DAGs
[2026-06-29T22:32:35.819+0000] {logging_mixin.py:190} INFO - [2026-06-29T22:32:35.819+0000] {dag.py:4180} INFO - Setting next_dagrun for example_branch_labels to 2026-06-28 00:00:00+00:00, run_after=2026-06-29 00:00:00+00:00
[2026-06-29T22:32:35.883+0000] {processor.py:208} INFO - Processing /home/airflow/.local/lib/python3.12/site-packages/airflow/example_dags/example_branch_labels.py took 0.294 seconds
[2026-06-29T22:33:06.280+0000] {processor.py:186} INFO - Started process (PID=3258) to work on /home/airflow/.local/lib/python3.12/site-packages/airflow/example_dags/example_branch_labels.py
[2026-06-29T22:33:06.283+0000] {processor.py:914} INFO - Processing file /home/airflow/.local/lib/python3.12/site-packages/airflow/example_dags/example_branch_labels.py for tasks to queue
[2026-06-29T22:33:06.292+0000] {logging_mixin.py:190} INFO - [2026-06-29T22:33:06.291+0000] {dagbag.py:588} INFO - Filling up the DagBag from /home/airflow/.local/lib/python3.12/site-packages/airflow/example_dags/example_branch_labels.py
[2026-06-29T22:33:06.314+0000] {processor.py:925} INFO - DAG(s) 'example_branch_labels' retrieved from /home/airflow/.local/lib/python3.12/site-packages/airflow/example_dags/example_branch_labels.py
[2026-06-29T22:33:06.352+0000] {logging_mixin.py:190} INFO - [2026-06-29T22:33:06.352+0000] {dag.py:3239} INFO - Sync 1 DAGs
[2026-06-29T22:33:06.394+0000] {logging_mixin.py:190} INFO - [2026-06-29T22:33:06.394+0000] {dag.py:4180} INFO - Setting next_dagrun for example_branch_labels to 2026-06-28 00:00:00+00:00, run_after=2026-06-29 00:00:00+00:00
[2026-06-29T22:33:06.425+0000] {processor.py:208} INFO - Processing /home/airflow/.local/lib/python3.12/site-packages/airflow/example_dags/example_branch_labels.py took 0.159 seconds
[2026-06-29T22:33:37.621+0000] {processor.py:186} INFO - Started process (PID=3322) to work on /home/airflow/.local/lib/python3.12/site-packages/airflow/example_dags/example_branch_labels.py
[2026-06-29T22:33:37.624+0000] {processor.py:914} INFO - Processing file /home/airflow/.local/lib/python3.12/site-packages/airflow/example_dags/example_branch_labels.py for tasks to queue
[2026-06-29T22:33:37.628+0000] {logging_mixin.py:190} INFO - [2026-06-29T22:33:37.628+0000] {dagbag.py:588} INFO - Filling up the DagBag from /home/airflow/.local/lib/python3.12/site-packages/airflow/example_dags/example_branch_labels.py
[2026-06-29T22:33:37.641+0000] {processor.py:925} INFO - DAG(s) 'example_branch_labels' retrieved from /home/airflow/.local/lib/python3.12/site-packages/airflow/example_dags/example_branch_labels.py
[2026-06-29T22:33:37.672+0000] {logging_mixin.py:190} INFO - [2026-06-29T22:33:37.672+0000] {dag.py:3239} INFO - Sync 1 DAGs
[2026-06-29T22:33:37.702+0000] {logging_mixin.py:190} INFO - [2026-06-29T22:33:37.702+0000] {dag.py:4180} INFO - Setting next_dagrun for example_branch_labels to 2026-06-28 00:00:00+00:00, run_after=2026-06-29 00:00:00+00:00
[2026-06-29T22:33:37.736+0000] {processor.py:208} INFO - Processing /home/airflow/.local/lib/python3.12/site-packages/airflow/example_dags/example_branch_labels.py took 0.128 seconds
[2026-06-29T22:34:07.966+0000] {processor.py:186} INFO - Started process (PID=3385) to work on /home/airflow/.local/lib/python3.12/site-packages/airflow/example_dags/example_branch_labels.py
[2026-06-29T22:34:07.968+0000] {processor.py:914} INFO - Processing file /home/airflow/.local/lib/python3.12/site-packages/airflow/example_dags/example_branch_labels.py for tasks to queue
[2026-06-29T22:34:07.974+0000] {logging_mixin.py:190} INFO - [2026-06-29T22:34:07.973+0000] {dagbag.py:588} INFO - Filling up the DagBag from /home/airflow/.local/lib/python3.12/site-packages/airflow/example_dags/example_branch_labels.py
[2026-06-29T22:34:07.992+0000] {processor.py:925} INFO - DAG(s) 'example_branch_labels' retrieved from /home/airflow/.local/lib/python3.12/site-packages/airflow/example_dags/example_branch_labels.py
[2026-06-29T22:34:08.030+0000] {logging_mixin.py:190} INFO - [2026-06-29T22:34:08.029+0000] {dag.py:3239} INFO - Sync 1 DAGs
[2026-06-29T22:34:08.071+0000] {logging_mixin.py:190} INFO - [2026-06-29T22:34:08.070+0000] {dag.py:4180} INFO - Setting next_dagrun for example_branch_labels to 2026-06-28 00:00:00+00:00, run_after=2026-06-29 00:00:00+00:00
[2026-06-29T22:34:08.108+0000] {processor.py:208} INFO - Processing /home/airflow/.local/lib/python3.12/site-packages/airflow/example_dags/example_branch_labels.py took 0.155 seconds
[2026-06-29T22:34:39.467+0000] {processor.py:186} INFO - Started process (PID=3449) to work on /home/airflow/.local/lib/python3.12/site-packages/airflow/example_dags/example_branch_labels.py
[2026-06-29T22:34:39.475+0000] {processor.py:914} INFO - Processing file /home/airflow/.local/lib/python3.12/site-packages/airflow/example_dags/example_branch_labels.py for tasks to queue
[2026-06-29T22:34:39.484+0000] {logging_mixin.py:190} INFO - [2026-06-29T22:34:39.484+0000] {dagbag.py:588} INFO - Filling up the DagBag from /home/airflow/.local/lib/python3.12/site-packages/airflow/example_dags/example_branch_labels.py
[2026-06-29T22:34:39.512+0000] {processor.py:925} INFO - DAG(s) 'example_branch_labels' retrieved from /home/airflow/.local/lib/python3.12/site-packages/airflow/example_dags/example_branch_labels.py
[2026-06-29T22:34:39.603+0000] {logging_mixin.py:190} INFO - [2026-06-29T22:34:39.602+0000] {dag.py:3239} INFO - Sync 1 DAGs
[2026-06-29T22:34:39.679+0000] {logging_mixin.py:190} INFO - [2026-06-29T22:34:39.679+0000] {dag.py:4180} INFO - Setting next_dagrun for example_branch_labels to 2026-06-28 00:00:00+00:00, run_after=2026-06-29 00:00:00+00:00
[2026-06-29T22:34:39.775+0000] {processor.py:208} INFO - Processing /home/airflow/.local/lib/python3.12/site-packages/airflow/example_dags/example_branch_labels.py took 0.328 seconds
[2026-06-29T22:35:10.193+0000] {processor.py:186} INFO - Started process (PID=3512) to work on /home/airflow/.local/lib/python3.12/site-packages/airflow/example_dags/example_branch_labels.py
[2026-06-29T22:35:10.195+0000] {processor.py:914} INFO - Processing file /home/airflow/.local/lib/python3.12/site-packages/airflow/example_dags/example_branch_labels.py for tasks to queue
[2026-06-29T22:35:10.199+0000] {logging_mixin.py:190} INFO - [2026-06-29T22:35:10.199+0000] {dagbag.py:588} INFO - Filling up the DagBag from /home/airflow/.local/lib/python3.12/site-packages/airflow/example_dags/example_branch_labels.py
[2026-06-29T22:35:10.211+0000] {processor.py:925} INFO - DAG(s) 'example_branch_labels' retrieved from /home/airflow/.local/lib/python3.12/site-packages/airflow/example_dags/example_branch_labels.py
[2026-06-29T22:35:10.235+0000] {logging_mixin.py:190} INFO - [2026-06-29T22:35:10.235+0000] {dag.py:3239} INFO - Sync 1 DAGs
[2026-06-29T22:35:10.258+0000] {logging_mixin.py:190} INFO - [2026-06-29T22:35:10.258+0000] {dag.py:4180} INFO - Setting next_dagrun for example_branch_labels to 2026-06-28 00:00:00+00:00, run_after=2026-06-29 00:00:00+00:00
[2026-06-29T22:35:10.280+0000] {processor.py:208} INFO - Processing /home/airflow/.local/lib/python3.12/site-packages/airflow/example_dags/example_branch_labels.py took 0.099 seconds
[2026-06-29T22:35:40.455+0000] {processor.py:186} INFO - Started process (PID=3576) to work on /home/airflow/.local/lib/python3.12/site-packages/airflow/example_dags/example_branch_labels.py
[2026-06-29T22:35:40.457+0000] {processor.py:914} INFO - Processing file /home/airflow/.local/lib/python3.12/site-packages/airflow/example_dags/example_branch_labels.py for tasks to queue
[2026-06-29T22:35:40.460+0000] {logging_mixin.py:190} INFO - [2026-06-29T22:35:40.460+0000] {dagbag.py:588} INFO - Filling up the DagBag from /home/airflow/.local/lib/python3.12/site-packages/airflow/example_dags/example_branch_labels.py
[2026-06-29T22:35:40.472+0000] {processor.py:925} INFO - DAG(s) 'example_branch_labels' retrieved from /home/airflow/.local/lib/python3.12/site-packages/airflow/example_dags/example_branch_labels.py
[2026-06-29T22:35:40.499+0000] {logging_mixin.py:190} INFO - [2026-06-29T22:35:40.498+0000] {dag.py:3239} INFO - Sync 1 DAGs
[2026-06-29T22:35:40.529+0000] {logging_mixin.py:190} INFO - [2026-06-29T22:35:40.529+0000] {dag.py:4180} INFO - Setting next_dagrun for example_branch_labels to 2026-06-28 00:00:00+00:00, run_after=2026-06-29 00:00:00+00:00
[2026-06-29T22:35:40.552+0000] {processor.py:208} INFO - Processing /home/airflow/.local/lib/python3.12/site-packages/airflow/example_dags/example_branch_labels.py took 0.108 seconds
[2026-06-29T22:36:10.986+0000] {processor.py:186} INFO - Started process (PID=3640) to work on /home/airflow/.local/lib/python3.12/site-packages/airflow/example_dags/example_branch_labels.py
[2026-06-29T22:36:10.988+0000] {processor.py:914} INFO - Processing file /home/airflow/.local/lib/python3.12/site-packages/airflow/example_dags/example_branch_labels.py for tasks to queue
[2026-06-29T22:36:10.992+0000] {logging_mixin.py:190} INFO - [2026-06-29T22:36:10.991+0000] {dagbag.py:588} INFO - Filling up the DagBag from /home/airflow/.local/lib/python3.12/site-packages/airflow/example_dags/example_branch_labels.py
[2026-06-29T22:36:11.004+0000] {processor.py:925} INFO - DAG(s) 'example_branch_labels' retrieved from /home/airflow/.local/lib/python3.12/site-packages/airflow/example_dags/example_branch_labels.py
[2026-06-29T22:36:11.033+0000] {logging_mixin.py:190} INFO - [2026-06-29T22:36:11.032+0000] {dag.py:3239} INFO - Sync 1 DAGs
[2026-06-29T22:36:11.061+0000] {logging_mixin.py:190} INFO - [2026-06-29T22:36:11.060+0000] {dag.py:4180} INFO - Setting next_dagrun for example_branch_labels to 2026-06-28 00:00:00+00:00, run_after=2026-06-29 00:00:00+00:00
[2026-06-29T22:36:11.087+0000] {processor.py:208} INFO - Processing /home/airflow/.local/lib/python3.12/site-packages/airflow/example_dags/example_branch_labels.py took 0.117 seconds
[2026-06-29T22:36:41.817+0000] {processor.py:186} INFO - Started process (PID=3704) to work on /home/airflow/.local/lib/python3.12/site-packages/airflow/example_dags/example_branch_labels.py
[2026-06-29T22:36:41.821+0000] {processor.py:914} INFO - Processing file /home/airflow/.local/lib/python3.12/site-packages/airflow/example_dags/example_branch_labels.py for tasks to queue
[2026-06-29T22:36:41.831+0000] {logging_mixin.py:190} INFO - [2026-06-29T22:36:41.830+0000] {dagbag.py:588} INFO - Filling up the DagBag from /home/airflow/.local/lib/python3.12/site-packages/airflow/example_dags/example_branch_labels.py
[2026-06-29T22:36:41.853+0000] {processor.py:925} INFO - DAG(s) 'example_branch_labels' retrieved from /home/airflow/.local/lib/python3.12/site-packages/airflow/example_dags/example_branch_labels.py
[2026-06-29T22:36:41.910+0000] {logging_mixin.py:190} INFO - [2026-06-29T22:36:41.909+0000] {dag.py:3239} INFO - Sync 1 DAGs
[2026-06-29T22:36:41.970+0000] {logging_mixin.py:190} INFO - [2026-06-29T22:36:41.969+0000] {dag.py:4180} INFO - Setting next_dagrun for example_branch_labels to 2026-06-28 00:00:00+00:00, run_after=2026-06-29 00:00:00+00:00
[2026-06-29T22:36:42.023+0000] {processor.py:208} INFO - Processing /home/airflow/.local/lib/python3.12/site-packages/airflow/example_dags/example_branch_labels.py took 0.225 seconds
[2026-06-29T22:37:12.652+0000] {processor.py:186} INFO - Started process (PID=3768) to work on /home/airflow/.local/lib/python3.12/site-packages/airflow/example_dags/example_branch_labels.py
[2026-06-29T22:37:12.653+0000] {processor.py:914} INFO - Processing file /home/airflow/.local/lib/python3.12/site-packages/airflow/example_dags/example_branch_labels.py for tasks to queue
[2026-06-29T22:37:12.657+0000] {logging_mixin.py:190} INFO - [2026-06-29T22:37:12.656+0000] {dagbag.py:588} INFO - Filling up the DagBag from /home/airflow/.local/lib/python3.12/site-packages/airflow/example_dags/example_branch_labels.py
[2026-06-29T22:37:12.668+0000] {processor.py:925} INFO - DAG(s) 'example_branch_labels' retrieved from /home/airflow/.local/lib/python3.12/site-packages/airflow/example_dags/example_branch_labels.py
[2026-06-29T22:37:12.692+0000] {logging_mixin.py:190} INFO - [2026-06-29T22:37:12.691+0000] {dag.py:3239} INFO - Sync 1 DAGs
[2026-06-29T22:37:12.725+0000] {logging_mixin.py:190} INFO - [2026-06-29T22:37:12.725+0000] {dag.py:4180} INFO - Setting next_dagrun for example_branch_labels to 2026-06-28 00:00:00+00:00, run_after=2026-06-29 00:00:00+00:00
[2026-06-29T22:37:12.747+0000] {processor.py:208} INFO - Processing /home/airflow/.local/lib/python3.12/site-packages/airflow/example_dags/example_branch_labels.py took 0.115 seconds
[2026-06-29T22:37:43.057+0000] {processor.py:186} INFO - Started process (PID=3832) to work on /home/airflow/.local/lib/python3.12/site-packages/airflow/example_dags/example_branch_labels.py
[2026-06-29T22:37:43.059+0000] {processor.py:914} INFO - Processing file /home/airflow/.local/lib/python3.12/site-packages/airflow/example_dags/example_branch_labels.py for tasks to queue
[2026-06-29T22:37:43.062+0000] {logging_mixin.py:190} INFO - [2026-06-29T22:37:43.062+0000] {dagbag.py:588} INFO - Filling up the DagBag from /home/airflow/.local/lib/python3.12/site-packages/airflow/example_dags/example_branch_labels.py
[2026-06-29T22:37:43.074+0000] {processor.py:925} INFO - DAG(s) 'example_branch_labels' retrieved from /home/airflow/.local/lib/python3.12/site-packages/airflow/example_dags/example_branch_labels.py
[2026-06-29T22:37:43.098+0000] {logging_mixin.py:190} INFO - [2026-06-29T22:37:43.098+0000] {dag.py:3239} INFO - Sync 1 DAGs
[2026-06-29T22:37:43.124+0000] {logging_mixin.py:190} INFO - [2026-06-29T22:37:43.124+0000] {dag.py:4180} INFO - Setting next_dagrun for example_branch_labels to 2026-06-28 00:00:00+00:00, run_after=2026-06-29 00:00:00+00:00
[2026-06-29T22:37:43.148+0000] {processor.py:208} INFO - Processing /home/airflow/.local/lib/python3.12/site-packages/airflow/example_dags/example_branch_labels.py took 0.100 seconds
[2026-06-29T22:38:13.954+0000] {processor.py:186} INFO - Started process (PID=3896) to work on /home/airflow/.local/lib/python3.12/site-packages/airflow/example_dags/example_branch_labels.py
[2026-06-29T22:38:13.956+0000] {processor.py:914} INFO - Processing file /home/airflow/.local/lib/python3.12/site-packages/airflow/example_dags/example_branch_labels.py for tasks to queue
[2026-06-29T22:38:13.960+0000] {logging_mixin.py:190} INFO - [2026-06-29T22:38:13.959+0000] {dagbag.py:588} INFO - Filling up the DagBag from /home/airflow/.local/lib/python3.12/site-packages/airflow/example_dags/example_branch_labels.py
[2026-06-29T22:38:13.976+0000] {processor.py:925} INFO - DAG(s) 'example_branch_labels' retrieved from /home/airflow/.local/lib/python3.12/site-packages/airflow/example_dags/example_branch_labels.py
[2026-06-29T22:38:14.004+0000] {logging_mixin.py:190} INFO - [2026-06-29T22:38:14.003+0000] {dag.py:3239} INFO - Sync 1 DAGs
[2026-06-29T22:38:14.036+0000] {logging_mixin.py:190} INFO - [2026-06-29T22:38:14.035+0000] {dag.py:4180} INFO - Setting next_dagrun for example_branch_labels to 2026-06-28 00:00:00+00:00, run_after=2026-06-29 00:00:00+00:00
[2026-06-29T22:38:14.066+0000] {processor.py:208} INFO - Processing /home/airflow/.local/lib/python3.12/site-packages/airflow/example_dags/example_branch_labels.py took 0.121 seconds
[2026-06-29T22:38:44.644+0000] {processor.py:186} INFO - Started process (PID=3960) to work on /home/airflow/.local/lib/python3.12/site-packages/airflow/example_dags/example_branch_labels.py
[2026-06-29T22:38:44.647+0000] {processor.py:914} INFO - Processing file /home/airflow/.local/lib/python3.12/site-packages/airflow/example_dags/example_branch_labels.py for tasks to queue
[2026-06-29T22:38:44.653+0000] {logging_mixin.py:190} INFO - [2026-06-29T22:38:44.653+0000] {dagbag.py:588} INFO - Filling up the DagBag from /home/airflow/.local/lib/python3.12/site-packages/airflow/example_dags/example_branch_labels.py
[2026-06-29T22:38:44.671+0000] {processor.py:925} INFO - DAG(s) 'example_branch_labels' retrieved from /home/airflow/.local/lib/python3.12/site-packages/airflow/example_dags/example_branch_labels.py
[2026-06-29T22:38:44.718+0000] {logging_mixin.py:190} INFO - [2026-06-29T22:38:44.718+0000] {dag.py:3239} INFO - Sync 1 DAGs
[2026-06-29T22:38:44.778+0000] {logging_mixin.py:190} INFO - [2026-06-29T22:38:44.778+0000] {dag.py:4180} INFO - Setting next_dagrun for example_branch_labels to 2026-06-28 00:00:00+00:00, run_after=2026-06-29 00:00:00+00:00
[2026-06-29T22:38:44.825+0000] {processor.py:208} INFO - Processing /home/airflow/.local/lib/python3.12/site-packages/airflow/example_dags/example_branch_labels.py took 0.202 seconds
[2026-06-29T22:39:15.568+0000] {processor.py:186} INFO - Started process (PID=4030) to work on /home/airflow/.local/lib/python3.12/site-packages/airflow/example_dags/example_branch_labels.py
[2026-06-29T22:39:15.570+0000] {processor.py:914} INFO - Processing file /home/airflow/.local/lib/python3.12/site-packages/airflow/example_dags/example_branch_labels.py for tasks to queue
[2026-06-29T22:39:15.575+0000] {logging_mixin.py:190} INFO - [2026-06-29T22:39:15.574+0000] {dagbag.py:588} INFO - Filling up the DagBag from /home/airflow/.local/lib/python3.12/site-packages/airflow/example_dags/example_branch_labels.py
[2026-06-29T22:39:15.586+0000] {processor.py:925} INFO - DAG(s) 'example_branch_labels' retrieved from /home/airflow/.local/lib/python3.12/site-packages/airflow/example_dags/example_branch_labels.py
[2026-06-29T22:39:15.610+0000] {logging_mixin.py:190} INFO - [2026-06-29T22:39:15.610+0000] {dag.py:3239} INFO - Sync 1 DAGs
[2026-06-29T22:39:15.813+0000] {logging_mixin.py:190} INFO - [2026-06-29T22:39:15.813+0000] {dag.py:4180} INFO - Setting next_dagrun for example_branch_labels to 2026-06-28 00:00:00+00:00, run_after=2026-06-29 00:00:00+00:00
[2026-06-29T22:39:15.832+0000] {processor.py:208} INFO - Processing /home/airflow/.local/lib/python3.12/site-packages/airflow/example_dags/example_branch_labels.py took 0.276 seconds
[2026-06-29T22:39:46.925+0000] {processor.py:186} INFO - Started process (PID=4097) to work on /home/airflow/.local/lib/python3.12/site-packages/airflow/example_dags/example_branch_labels.py
[2026-06-29T22:39:46.928+0000] {processor.py:914} INFO - Processing file /home/airflow/.local/lib/python3.12/site-packages/airflow/example_dags/example_branch_labels.py for tasks to queue
[2026-06-29T22:39:46.936+0000] {logging_mixin.py:190} INFO - [2026-06-29T22:39:46.934+0000] {dagbag.py:588} INFO - Filling up the DagBag from /home/airflow/.local/lib/python3.12/site-packages/airflow/example_dags/example_branch_labels.py
[2026-06-29T22:39:46.963+0000] {processor.py:925} INFO - DAG(s) 'example_branch_labels' retrieved from /home/airflow/.local/lib/python3.12/site-packages/airflow/example_dags/example_branch_labels.py
[2026-06-29T22:39:47.024+0000] {logging_mixin.py:190} INFO - [2026-06-29T22:39:47.022+0000] {dag.py:3239} INFO - Sync 1 DAGs
[2026-06-29T22:39:47.098+0000] {logging_mixin.py:190} INFO - [2026-06-29T22:39:47.098+0000] {dag.py:4180} INFO - Setting next_dagrun for example_branch_labels to 2026-06-28 00:00:00+00:00, run_after=2026-06-29 00:00:00+00:00
[2026-06-29T22:39:47.484+0000] {processor.py:208} INFO - Processing /home/airflow/.local/lib/python3.12/site-packages/airflow/example_dags/example_branch_labels.py took 0.574 seconds
[2026-06-29T22:41:31.164+0000] {processor.py:186} INFO - Started process (PID=120) to work on /home/airflow/.local/lib/python3.12/site-packages/airflow/example_dags/example_branch_labels.py
[2026-06-29T22:41:31.168+0000] {processor.py:914} INFO - Processing file /home/airflow/.local/lib/python3.12/site-packages/airflow/example_dags/example_branch_labels.py for tasks to queue
[2026-06-29T22:41:31.182+0000] {logging_mixin.py:190} INFO - [2026-06-29T22:41:31.181+0000] {dagbag.py:588} INFO - Filling up the DagBag from /home/airflow/.local/lib/python3.12/site-packages/airflow/example_dags/example_branch_labels.py
[2026-06-29T22:41:31.235+0000] {processor.py:925} INFO - DAG(s) 'example_branch_labels' retrieved from /home/airflow/.local/lib/python3.12/site-packages/airflow/example_dags/example_branch_labels.py
[2026-06-29T22:41:31.308+0000] {logging_mixin.py:190} INFO - [2026-06-29T22:41:31.307+0000] {dag.py:3239} INFO - Sync 1 DAGs
[2026-06-29T22:41:31.375+0000] {logging_mixin.py:190} INFO - [2026-06-29T22:41:31.374+0000] {dag.py:4180} INFO - Setting next_dagrun for example_branch_labels to 2026-06-28 00:00:00+00:00, run_after=2026-06-29 00:00:00+00:00
[2026-06-29T22:41:31.441+0000] {processor.py:208} INFO - Processing /home/airflow/.local/lib/python3.12/site-packages/airflow/example_dags/example_branch_labels.py took 0.291 seconds
[2026-06-29T22:42:02.215+0000] {processor.py:186} INFO - Started process (PID=184) to work on /home/airflow/.local/lib/python3.12/site-packages/airflow/example_dags/example_branch_labels.py
[2026-06-29T22:42:02.218+0000] {processor.py:914} INFO - Processing file /home/airflow/.local/lib/python3.12/site-packages/airflow/example_dags/example_branch_labels.py for tasks to queue
[2026-06-29T22:42:02.225+0000] {logging_mixin.py:190} INFO - [2026-06-29T22:42:02.223+0000] {dagbag.py:588} INFO - Filling up the DagBag from /home/airflow/.local/lib/python3.12/site-packages/airflow/example_dags/example_branch_labels.py
[2026-06-29T22:42:02.248+0000] {processor.py:925} INFO - DAG(s) 'example_branch_labels' retrieved from /home/airflow/.local/lib/python3.12/site-packages/airflow/example_dags/example_branch_labels.py
[2026-06-29T22:42:02.306+0000] {logging_mixin.py:190} INFO - [2026-06-29T22:42:02.306+0000] {dag.py:3239} INFO - Sync 1 DAGs
[2026-06-29T22:42:02.368+0000] {logging_mixin.py:190} INFO - [2026-06-29T22:42:02.368+0000] {dag.py:4180} INFO - Setting next_dagrun for example_branch_labels to 2026-06-28 00:00:00+00:00, run_after=2026-06-29 00:00:00+00:00
[2026-06-29T22:42:02.416+0000] {processor.py:208} INFO - Processing /home/airflow/.local/lib/python3.12/site-packages/airflow/example_dags/example_branch_labels.py took 0.213 seconds
[2026-06-29T22:42:34.750+0000] {processor.py:186} INFO - Started process (PID=248) to work on /home/airflow/.local/lib/python3.12/site-packages/airflow/example_dags/example_branch_labels.py
[2026-06-29T22:42:34.754+0000] {processor.py:914} INFO - Processing file /home/airflow/.local/lib/python3.12/site-packages/airflow/example_dags/example_branch_labels.py for tasks to queue
[2026-06-29T22:42:34.761+0000] {logging_mixin.py:190} INFO - [2026-06-29T22:42:34.760+0000] {dagbag.py:588} INFO - Filling up the DagBag from /home/airflow/.local/lib/python3.12/site-packages/airflow/example_dags/example_branch_labels.py
[2026-06-29T22:42:34.792+0000] {processor.py:925} INFO - DAG(s) 'example_branch_labels' retrieved from /home/airflow/.local/lib/python3.12/site-packages/airflow/example_dags/example_branch_labels.py
[2026-06-29T22:42:34.845+0000] {logging_mixin.py:190} INFO - [2026-06-29T22:42:34.844+0000] {dag.py:3239} INFO - Sync 1 DAGs
[2026-06-29T22:42:34.892+0000] {logging_mixin.py:190} INFO - [2026-06-29T22:42:34.892+0000] {dag.py:4180} INFO - Setting next_dagrun for example_branch_labels to 2026-06-28 00:00:00+00:00, run_after=2026-06-29 00:00:00+00:00
[2026-06-29T22:42:34.928+0000] {processor.py:208} INFO - Processing /home/airflow/.local/lib/python3.12/site-packages/airflow/example_dags/example_branch_labels.py took 0.196 seconds
[2026-06-29T22:43:08.996+0000] {processor.py:186} INFO - Started process (PID=312) to work on /home/airflow/.local/lib/python3.12/site-packages/airflow/example_dags/example_branch_labels.py
[2026-06-29T22:43:09.001+0000] {processor.py:914} INFO - Processing file /home/airflow/.local/lib/python3.12/site-packages/airflow/example_dags/example_branch_labels.py for tasks to queue
[2026-06-29T22:43:09.007+0000] {logging_mixin.py:190} INFO - [2026-06-29T22:43:09.006+0000] {dagbag.py:588} INFO - Filling up the DagBag from /home/airflow/.local/lib/python3.12/site-packages/airflow/example_dags/example_branch_labels.py
[2026-06-29T22:43:09.036+0000] {processor.py:925} INFO - DAG(s) 'example_branch_labels' retrieved from /home/airflow/.local/lib/python3.12/site-packages/airflow/example_dags/example_branch_labels.py
[2026-06-29T22:43:09.110+0000] {logging_mixin.py:190} INFO - [2026-06-29T22:43:09.109+0000] {dag.py:3239} INFO - Sync 1 DAGs
[2026-06-29T22:43:09.181+0000] {logging_mixin.py:190} INFO - [2026-06-29T22:43:09.181+0000] {dag.py:4180} INFO - Setting next_dagrun for example_branch_labels to 2026-06-28 00:00:00+00:00, run_after=2026-06-29 00:00:00+00:00
[2026-06-29T22:43:09.231+0000] {processor.py:208} INFO - Processing /home/airflow/.local/lib/python3.12/site-packages/airflow/example_dags/example_branch_labels.py took 0.257 seconds
[2026-06-29T22:43:40.000+0000] {processor.py:186} INFO - Started process (PID=376) to work on /home/airflow/.local/lib/python3.12/site-packages/airflow/example_dags/example_branch_labels.py
[2026-06-29T22:43:40.002+0000] {processor.py:914} INFO - Processing file /home/airflow/.local/lib/python3.12/site-packages/airflow/example_dags/example_branch_labels.py for tasks to queue
[2026-06-29T22:43:40.006+0000] {logging_mixin.py:190} INFO - [2026-06-29T22:43:40.006+0000] {dagbag.py:588} INFO - Filling up the DagBag from /home/airflow/.local/lib/python3.12/site-packages/airflow/example_dags/example_branch_labels.py
[2026-06-29T22:43:40.028+0000] {processor.py:925} INFO - DAG(s) 'example_branch_labels' retrieved from /home/airflow/.local/lib/python3.12/site-packages/airflow/example_dags/example_branch_labels.py
[2026-06-29T22:43:40.075+0000] {logging_mixin.py:190} INFO - [2026-06-29T22:43:40.074+0000] {dag.py:3239} INFO - Sync 1 DAGs
[2026-06-29T22:43:40.130+0000] {logging_mixin.py:190} INFO - [2026-06-29T22:43:40.129+0000] {dag.py:4180} INFO - Setting next_dagrun for example_branch_labels to 2026-06-28 00:00:00+00:00, run_after=2026-06-29 00:00:00+00:00
[2026-06-29T22:43:40.174+0000] {processor.py:208} INFO - Processing /home/airflow/.local/lib/python3.12/site-packages/airflow/example_dags/example_branch_labels.py took 0.188 seconds
[2026-06-29T22:44:10.448+0000] {processor.py:186} INFO - Started process (PID=441) to work on /home/airflow/.local/lib/python3.12/site-packages/airflow/example_dags/example_branch_labels.py
[2026-06-29T22:44:10.449+0000] {processor.py:914} INFO - Processing file /home/airflow/.local/lib/python3.12/site-packages/airflow/example_dags/example_branch_labels.py for tasks to queue
[2026-06-29T22:44:10.453+0000] {logging_mixin.py:190} INFO - [2026-06-29T22:44:10.452+0000] {dagbag.py:588} INFO - Filling up the DagBag from /home/airflow/.local/lib/python3.12/site-packages/airflow/example_dags/example_branch_labels.py
[2026-06-29T22:44:10.464+0000] {processor.py:925} INFO - DAG(s) 'example_branch_labels' retrieved from /home/airflow/.local/lib/python3.12/site-packages/airflow/example_dags/example_branch_labels.py
[2026-06-29T22:44:10.487+0000] {logging_mixin.py:190} INFO - [2026-06-29T22:44:10.487+0000] {dag.py:3239} INFO - Sync 1 DAGs
[2026-06-29T22:44:10.514+0000] {logging_mixin.py:190} INFO - [2026-06-29T22:44:10.513+0000] {dag.py:4180} INFO - Setting next_dagrun for example_branch_labels to 2026-06-28 00:00:00+00:00, run_after=2026-06-29 00:00:00+00:00
[2026-06-29T22:44:10.537+0000] {processor.py:208} INFO - Processing /home/airflow/.local/lib/python3.12/site-packages/airflow/example_dags/example_branch_labels.py took 0.095 seconds
[2026-06-29T22:44:40.974+0000] {processor.py:186} INFO - Started process (PID=506) to work on /home/airflow/.local/lib/python3.12/site-packages/airflow/example_dags/example_branch_labels.py
[2026-06-29T22:44:40.977+0000] {processor.py:914} INFO - Processing file /home/airflow/.local/lib/python3.12/site-packages/airflow/example_dags/example_branch_labels.py for tasks to queue
[2026-06-29T22:44:40.984+0000] {logging_mixin.py:190} INFO - [2026-06-29T22:44:40.983+0000] {dagbag.py:588} INFO - Filling up the DagBag from /home/airflow/.local/lib/python3.12/site-packages/airflow/example_dags/example_branch_labels.py
[2026-06-29T22:44:41.013+0000] {processor.py:925} INFO - DAG(s) 'example_branch_labels' retrieved from /home/airflow/.local/lib/python3.12/site-packages/airflow/example_dags/example_branch_labels.py
[2026-06-29T22:44:41.088+0000] {logging_mixin.py:190} INFO - [2026-06-29T22:44:41.087+0000] {dag.py:3239} INFO - Sync 1 DAGs
[2026-06-29T22:44:41.178+0000] {logging_mixin.py:190} INFO - [2026-06-29T22:44:41.178+0000] {dag.py:4180} INFO - Setting next_dagrun for example_branch_labels to 2026-06-28 00:00:00+00:00, run_after=2026-06-29 00:00:00+00:00
[2026-06-29T22:44:41.250+0000] {processor.py:208} INFO - Processing /home/airflow/.local/lib/python3.12/site-packages/airflow/example_dags/example_branch_labels.py took 0.290 seconds
[2026-06-29T22:45:12.515+0000] {processor.py:186} INFO - Started process (PID=575) to work on /home/airflow/.local/lib/python3.12/site-packages/airflow/example_dags/example_branch_labels.py
[2026-06-29T22:45:12.518+0000] {processor.py:914} INFO - Processing file /home/airflow/.local/lib/python3.12/site-packages/airflow/example_dags/example_branch_labels.py for tasks to queue
[2026-06-29T22:45:12.524+0000] {logging_mixin.py:190} INFO - [2026-06-29T22:45:12.523+0000] {dagbag.py:588} INFO - Filling up the DagBag from /home/airflow/.local/lib/python3.12/site-packages/airflow/example_dags/example_branch_labels.py
[2026-06-29T22:45:12.548+0000] {processor.py:925} INFO - DAG(s) 'example_branch_labels' retrieved from /home/airflow/.local/lib/python3.12/site-packages/airflow/example_dags/example_branch_labels.py
[2026-06-29T22:45:12.600+0000] {logging_mixin.py:190} INFO - [2026-06-29T22:45:12.599+0000] {dag.py:3239} INFO - Sync 1 DAGs
[2026-06-29T22:45:12.641+0000] {logging_mixin.py:190} INFO - [2026-06-29T22:45:12.641+0000] {dag.py:4180} INFO - Setting next_dagrun for example_branch_labels to 2026-06-28 00:00:00+00:00, run_after=2026-06-29 00:00:00+00:00
[2026-06-29T22:45:12.674+0000] {processor.py:208} INFO - Processing /home/airflow/.local/lib/python3.12/site-packages/airflow/example_dags/example_branch_labels.py took 0.176 seconds
[2026-06-29T22:45:43.025+0000] {processor.py:186} INFO - Started process (PID=639) to work on /home/airflow/.local/lib/python3.12/site-packages/airflow/example_dags/example_branch_labels.py
[2026-06-29T22:45:43.027+0000] {processor.py:914} INFO - Processing file /home/airflow/.local/lib/python3.12/site-packages/airflow/example_dags/example_branch_labels.py for tasks to queue
[2026-06-29T22:45:43.030+0000] {logging_mixin.py:190} INFO - [2026-06-29T22:45:43.029+0000] {dagbag.py:588} INFO - Filling up the DagBag from /home/airflow/.local/lib/python3.12/site-packages/airflow/example_dags/example_branch_labels.py
[2026-06-29T22:45:43.045+0000] {processor.py:925} INFO - DAG(s) 'example_branch_labels' retrieved from /home/airflow/.local/lib/python3.12/site-packages/airflow/example_dags/example_branch_labels.py
[2026-06-29T22:45:43.082+0000] {logging_mixin.py:190} INFO - [2026-06-29T22:45:43.081+0000] {dag.py:3239} INFO - Sync 1 DAGs
[2026-06-29T22:45:43.129+0000] {logging_mixin.py:190} INFO - [2026-06-29T22:45:43.129+0000] {dag.py:4180} INFO - Setting next_dagrun for example_branch_labels to 2026-06-28 00:00:00+00:00, run_after=2026-06-29 00:00:00+00:00
[2026-06-29T22:45:43.164+0000] {processor.py:208} INFO - Processing /home/airflow/.local/lib/python3.12/site-packages/airflow/example_dags/example_branch_labels.py took 0.147 seconds
[2026-06-29T22:46:13.251+0000] {processor.py:186} INFO - Started process (PID=702) to work on /home/airflow/.local/lib/python3.12/site-packages/airflow/example_dags/example_branch_labels.py
[2026-06-29T22:46:13.253+0000] {processor.py:914} INFO - Processing file /home/airflow/.local/lib/python3.12/site-packages/airflow/example_dags/example_branch_labels.py for tasks to queue
[2026-06-29T22:46:13.260+0000] {logging_mixin.py:190} INFO - [2026-06-29T22:46:13.260+0000] {dagbag.py:588} INFO - Filling up the DagBag from /home/airflow/.local/lib/python3.12/site-packages/airflow/example_dags/example_branch_labels.py
[2026-06-29T22:46:13.275+0000] {processor.py:925} INFO - DAG(s) 'example_branch_labels' retrieved from /home/airflow/.local/lib/python3.12/site-packages/airflow/example_dags/example_branch_labels.py
[2026-06-29T22:46:13.314+0000] {logging_mixin.py:190} INFO - [2026-06-29T22:46:13.313+0000] {dag.py:3239} INFO - Sync 1 DAGs
[2026-06-29T22:46:13.352+0000] {logging_mixin.py:190} INFO - [2026-06-29T22:46:13.352+0000] {dag.py:4180} INFO - Setting next_dagrun for example_branch_labels to 2026-06-28 00:00:00+00:00, run_after=2026-06-29 00:00:00+00:00
[2026-06-29T22:46:13.379+0000] {processor.py:208} INFO - Processing /home/airflow/.local/lib/python3.12/site-packages/airflow/example_dags/example_branch_labels.py took 0.139 seconds
[2026-06-29T22:46:43.929+0000] {processor.py:186} INFO - Started process (PID=766) to work on /home/airflow/.local/lib/python3.12/site-packages/airflow/example_dags/example_branch_labels.py
[2026-06-29T22:46:43.932+0000] {processor.py:914} INFO - Processing file /home/airflow/.local/lib/python3.12/site-packages/airflow/example_dags/example_branch_labels.py for tasks to queue
[2026-06-29T22:46:43.938+0000] {logging_mixin.py:190} INFO - [2026-06-29T22:46:43.938+0000] {dagbag.py:588} INFO - Filling up the DagBag from /home/airflow/.local/lib/python3.12/site-packages/airflow/example_dags/example_branch_labels.py
[2026-06-29T22:46:43.957+0000] {processor.py:925} INFO - DAG(s) 'example_branch_labels' retrieved from /home/airflow/.local/lib/python3.12/site-packages/airflow/example_dags/example_branch_labels.py
[2026-06-29T22:46:44.000+0000] {logging_mixin.py:190} INFO - [2026-06-29T22:46:43.999+0000] {dag.py:3239} INFO - Sync 1 DAGs
[2026-06-29T22:46:44.068+0000] {logging_mixin.py:190} INFO - [2026-06-29T22:46:44.067+0000] {dag.py:4180} INFO - Setting next_dagrun for example_branch_labels to 2026-06-28 00:00:00+00:00, run_after=2026-06-29 00:00:00+00:00
[2026-06-29T22:46:44.115+0000] {processor.py:208} INFO - Processing /home/airflow/.local/lib/python3.12/site-packages/airflow/example_dags/example_branch_labels.py took 0.198 seconds
