[2026-06-29T21:56:59.294+0000] {processor.py:186} INFO - Started process (PID=88) to work on /home/airflow/.local/lib/python3.12/site-packages/airflow/example_dags/example_xcom.py
[2026-06-29T21:56:59.297+0000] {processor.py:914} INFO - Processing file /home/airflow/.local/lib/python3.12/site-packages/airflow/example_dags/example_xcom.py for tasks to queue
[2026-06-29T21:56:59.306+0000] {logging_mixin.py:190} INFO - [2026-06-29T21:56:59.305+0000] {dagbag.py:588} INFO - Filling up the DagBag from /home/airflow/.local/lib/python3.12/site-packages/airflow/example_dags/example_xcom.py
[2026-06-29T21:56:59.325+0000] {processor.py:925} INFO - DAG(s) 'example_xcom' retrieved from /home/airflow/.local/lib/python3.12/site-packages/airflow/example_dags/example_xcom.py
[2026-06-29T21:56:59.568+0000] {logging_mixin.py:190} INFO - [2026-06-29T21:56:59.567+0000] {override.py:1912} INFO - Created Permission View: can edit on DAG:example_xcom
[2026-06-29T21:56:59.593+0000] {logging_mixin.py:190} INFO - [2026-06-29T21:56:59.593+0000] {override.py:1912} INFO - Created Permission View: can read on DAG:example_xcom
[2026-06-29T21:56:59.608+0000] {logging_mixin.py:190} INFO - [2026-06-29T21:56:59.607+0000] {override.py:1912} INFO - Created Permission View: can delete on DAG:example_xcom
[2026-06-29T21:56:59.628+0000] {logging_mixin.py:190} INFO - [2026-06-29T21:56:59.627+0000] {override.py:1912} INFO - Created Permission View: can create on DAG Run:example_xcom
[2026-06-29T21:56:59.645+0000] {logging_mixin.py:190} INFO - [2026-06-29T21:56:59.644+0000] {override.py:1912} INFO - Created Permission View: can read on DAG Run:example_xcom
[2026-06-29T21:56:59.665+0000] {logging_mixin.py:190} INFO - [2026-06-29T21:56:59.664+0000] {override.py:1912} INFO - Created Permission View: can delete on DAG Run:example_xcom
[2026-06-29T21:56:59.683+0000] {logging_mixin.py:190} INFO - [2026-06-29T21:56:59.682+0000] {override.py:1912} INFO - Created Permission View: menu access on DAG Run:example_xcom
[2026-06-29T21:56:59.685+0000] {logging_mixin.py:190} INFO - [2026-06-29T21:56:59.684+0000] {dag.py:3239} INFO - Sync 1 DAGs
[2026-06-29T21:56:59.707+0000] {logging_mixin.py:190} INFO - [2026-06-29T21:56:59.707+0000] {dag.py:3262} INFO - Creating ORM DAG for example_xcom
[2026-06-29T21:56:59.724+0000] {logging_mixin.py:190} INFO - [2026-06-29T21:56:59.724+0000] {dag.py:4180} INFO - Setting next_dagrun for example_xcom to 2021-01-01 00:00:00+00:00, run_after=2021-01-01 00:00:00+00:00
[2026-06-29T21:56:59.765+0000] {processor.py:208} INFO - Processing /home/airflow/.local/lib/python3.12/site-packages/airflow/example_dags/example_xcom.py took 0.486 seconds
[2026-06-29T21:59:06.367+0000] {processor.py:186} INFO - Started process (PID=88) to work on /home/airflow/.local/lib/python3.12/site-packages/airflow/example_dags/example_xcom.py
[2026-06-29T21:59:06.374+0000] {processor.py:914} INFO - Processing file /home/airflow/.local/lib/python3.12/site-packages/airflow/example_dags/example_xcom.py for tasks to queue
[2026-06-29T21:59:06.393+0000] {logging_mixin.py:190} INFO - [2026-06-29T21:59:06.391+0000] {dagbag.py:588} INFO - Filling up the DagBag from /home/airflow/.local/lib/python3.12/site-packages/airflow/example_dags/example_xcom.py
[2026-06-29T21:59:06.438+0000] {processor.py:925} INFO - DAG(s) 'example_xcom' retrieved from /home/airflow/.local/lib/python3.12/site-packages/airflow/example_dags/example_xcom.py
[2026-06-29T21:59:06.590+0000] {logging_mixin.py:190} INFO - [2026-06-29T21:59:06.589+0000] {dag.py:3239} INFO - Sync 1 DAGs
[2026-06-29T21:59:06.722+0000] {logging_mixin.py:190} INFO - [2026-06-29T21:59:06.721+0000] {dag.py:4180} INFO - Setting next_dagrun for example_xcom to 2021-01-01 00:00:00+00:00, run_after=2021-01-01 00:00:00+00:00
[2026-06-29T21:59:06.832+0000] {processor.py:208} INFO - Processing /home/airflow/.local/lib/python3.12/site-packages/airflow/example_dags/example_xcom.py took 0.478 seconds
[2026-06-29T21:59:36.949+0000] {processor.py:186} INFO - Started process (PID=150) to work on /home/airflow/.local/lib/python3.12/site-packages/airflow/example_dags/example_xcom.py
[2026-06-29T21:59:36.951+0000] {processor.py:914} INFO - Processing file /home/airflow/.local/lib/python3.12/site-packages/airflow/example_dags/example_xcom.py for tasks to queue
[2026-06-29T21:59:36.953+0000] {logging_mixin.py:190} INFO - [2026-06-29T21:59:36.953+0000] {dagbag.py:588} INFO - Filling up the DagBag from /home/airflow/.local/lib/python3.12/site-packages/airflow/example_dags/example_xcom.py
[2026-06-29T21:59:36.964+0000] {processor.py:925} INFO - DAG(s) 'example_xcom' retrieved from /home/airflow/.local/lib/python3.12/site-packages/airflow/example_dags/example_xcom.py
[2026-06-29T21:59:36.985+0000] {logging_mixin.py:190} INFO - [2026-06-29T21:59:36.984+0000] {dag.py:3239} INFO - Sync 1 DAGs
[2026-06-29T21:59:37.007+0000] {logging_mixin.py:190} INFO - [2026-06-29T21:59:37.007+0000] {dag.py:4180} INFO - Setting next_dagrun for example_xcom to 2021-01-01 00:00:00+00:00, run_after=2021-01-01 00:00:00+00:00
[2026-06-29T21:59:37.025+0000] {processor.py:208} INFO - Processing /home/airflow/.local/lib/python3.12/site-packages/airflow/example_dags/example_xcom.py took 0.083 seconds
[2026-06-29T22:00:07.894+0000] {processor.py:186} INFO - Started process (PID=213) to work on /home/airflow/.local/lib/python3.12/site-packages/airflow/example_dags/example_xcom.py
[2026-06-29T22:00:07.896+0000] {processor.py:914} INFO - Processing file /home/airflow/.local/lib/python3.12/site-packages/airflow/example_dags/example_xcom.py for tasks to queue
[2026-06-29T22:00:07.900+0000] {logging_mixin.py:190} INFO - [2026-06-29T22:00:07.900+0000] {dagbag.py:588} INFO - Filling up the DagBag from /home/airflow/.local/lib/python3.12/site-packages/airflow/example_dags/example_xcom.py
[2026-06-29T22:00:07.924+0000] {processor.py:925} INFO - DAG(s) 'example_xcom' retrieved from /home/airflow/.local/lib/python3.12/site-packages/airflow/example_dags/example_xcom.py
[2026-06-29T22:00:07.965+0000] {logging_mixin.py:190} INFO - [2026-06-29T22:00:07.965+0000] {dag.py:3239} INFO - Sync 1 DAGs
[2026-06-29T22:00:08.006+0000] {logging_mixin.py:190} INFO - [2026-06-29T22:00:08.005+0000] {dag.py:4180} INFO - Setting next_dagrun for example_xcom to 2021-01-01 00:00:00+00:00, run_after=2021-01-01 00:00:00+00:00
[2026-06-29T22:00:08.052+0000] {processor.py:208} INFO - Processing /home/airflow/.local/lib/python3.12/site-packages/airflow/example_dags/example_xcom.py took 0.170 seconds
[2026-06-29T22:00:38.428+0000] {processor.py:186} INFO - Started process (PID=277) to work on /home/airflow/.local/lib/python3.12/site-packages/airflow/example_dags/example_xcom.py
[2026-06-29T22:00:38.430+0000] {processor.py:914} INFO - Processing file /home/airflow/.local/lib/python3.12/site-packages/airflow/example_dags/example_xcom.py for tasks to queue
[2026-06-29T22:00:38.433+0000] {logging_mixin.py:190} INFO - [2026-06-29T22:00:38.433+0000] {dagbag.py:588} INFO - Filling up the DagBag from /home/airflow/.local/lib/python3.12/site-packages/airflow/example_dags/example_xcom.py
[2026-06-29T22:00:38.444+0000] {processor.py:925} INFO - DAG(s) 'example_xcom' retrieved from /home/airflow/.local/lib/python3.12/site-packages/airflow/example_dags/example_xcom.py
[2026-06-29T22:00:38.468+0000] {logging_mixin.py:190} INFO - [2026-06-29T22:00:38.468+0000] {dag.py:3239} INFO - Sync 1 DAGs
[2026-06-29T22:00:38.491+0000] {logging_mixin.py:190} INFO - [2026-06-29T22:00:38.490+0000] {dag.py:4180} INFO - Setting next_dagrun for example_xcom to 2021-01-01 00:00:00+00:00, run_after=2021-01-01 00:00:00+00:00
[2026-06-29T22:00:38.511+0000] {processor.py:208} INFO - Processing /home/airflow/.local/lib/python3.12/site-packages/airflow/example_dags/example_xcom.py took 0.091 seconds
[2026-06-29T22:01:09.281+0000] {processor.py:186} INFO - Started process (PID=340) to work on /home/airflow/.local/lib/python3.12/site-packages/airflow/example_dags/example_xcom.py
[2026-06-29T22:01:09.283+0000] {processor.py:914} INFO - Processing file /home/airflow/.local/lib/python3.12/site-packages/airflow/example_dags/example_xcom.py for tasks to queue
[2026-06-29T22:01:09.285+0000] {logging_mixin.py:190} INFO - [2026-06-29T22:01:09.285+0000] {dagbag.py:588} INFO - Filling up the DagBag from /home/airflow/.local/lib/python3.12/site-packages/airflow/example_dags/example_xcom.py
[2026-06-29T22:01:09.297+0000] {processor.py:925} INFO - DAG(s) 'example_xcom' retrieved from /home/airflow/.local/lib/python3.12/site-packages/airflow/example_dags/example_xcom.py
[2026-06-29T22:01:09.323+0000] {logging_mixin.py:190} INFO - [2026-06-29T22:01:09.323+0000] {dag.py:3239} INFO - Sync 1 DAGs
[2026-06-29T22:01:09.351+0000] {logging_mixin.py:190} INFO - [2026-06-29T22:01:09.351+0000] {dag.py:4180} INFO - Setting next_dagrun for example_xcom to 2021-01-01 00:00:00+00:00, run_after=2021-01-01 00:00:00+00:00
[2026-06-29T22:01:09.384+0000] {processor.py:208} INFO - Processing /home/airflow/.local/lib/python3.12/site-packages/airflow/example_dags/example_xcom.py took 0.108 seconds
[2026-06-29T22:01:39.826+0000] {processor.py:186} INFO - Started process (PID=403) to work on /home/airflow/.local/lib/python3.12/site-packages/airflow/example_dags/example_xcom.py
[2026-06-29T22:01:39.828+0000] {processor.py:914} INFO - Processing file /home/airflow/.local/lib/python3.12/site-packages/airflow/example_dags/example_xcom.py for tasks to queue
[2026-06-29T22:01:39.833+0000] {logging_mixin.py:190} INFO - [2026-06-29T22:01:39.833+0000] {dagbag.py:588} INFO - Filling up the DagBag from /home/airflow/.local/lib/python3.12/site-packages/airflow/example_dags/example_xcom.py
[2026-06-29T22:01:39.850+0000] {processor.py:925} INFO - DAG(s) 'example_xcom' retrieved from /home/airflow/.local/lib/python3.12/site-packages/airflow/example_dags/example_xcom.py
[2026-06-29T22:01:39.892+0000] {logging_mixin.py:190} INFO - [2026-06-29T22:01:39.891+0000] {dag.py:3239} INFO - Sync 1 DAGs
[2026-06-29T22:01:39.947+0000] {logging_mixin.py:190} INFO - [2026-06-29T22:01:39.947+0000] {dag.py:4180} INFO - Setting next_dagrun for example_xcom to 2021-01-01 00:00:00+00:00, run_after=2021-01-01 00:00:00+00:00
[2026-06-29T22:01:39.990+0000] {processor.py:208} INFO - Processing /home/airflow/.local/lib/python3.12/site-packages/airflow/example_dags/example_xcom.py took 0.171 seconds
[2026-06-29T22:02:10.131+0000] {processor.py:186} INFO - Started process (PID=467) to work on /home/airflow/.local/lib/python3.12/site-packages/airflow/example_dags/example_xcom.py
[2026-06-29T22:02:10.133+0000] {processor.py:914} INFO - Processing file /home/airflow/.local/lib/python3.12/site-packages/airflow/example_dags/example_xcom.py for tasks to queue
[2026-06-29T22:02:10.141+0000] {logging_mixin.py:190} INFO - [2026-06-29T22:02:10.140+0000] {dagbag.py:588} INFO - Filling up the DagBag from /home/airflow/.local/lib/python3.12/site-packages/airflow/example_dags/example_xcom.py
[2026-06-29T22:02:10.167+0000] {processor.py:925} INFO - DAG(s) 'example_xcom' retrieved from /home/airflow/.local/lib/python3.12/site-packages/airflow/example_dags/example_xcom.py
[2026-06-29T22:02:10.225+0000] {logging_mixin.py:190} INFO - [2026-06-29T22:02:10.225+0000] {dag.py:3239} INFO - Sync 1 DAGs
[2026-06-29T22:02:10.285+0000] {logging_mixin.py:190} INFO - [2026-06-29T22:02:10.284+0000] {dag.py:4180} INFO - Setting next_dagrun for example_xcom to 2021-01-01 00:00:00+00:00, run_after=2021-01-01 00:00:00+00:00
[2026-06-29T22:02:10.339+0000] {processor.py:208} INFO - Processing /home/airflow/.local/lib/python3.12/site-packages/airflow/example_dags/example_xcom.py took 0.224 seconds
[2026-06-29T22:02:44.552+0000] {processor.py:186} INFO - Started process (PID=530) to work on /home/airflow/.local/lib/python3.12/site-packages/airflow/example_dags/example_xcom.py
[2026-06-29T22:02:44.557+0000] {processor.py:914} INFO - Processing file /home/airflow/.local/lib/python3.12/site-packages/airflow/example_dags/example_xcom.py for tasks to queue
[2026-06-29T22:02:44.568+0000] {logging_mixin.py:190} INFO - [2026-06-29T22:02:44.567+0000] {dagbag.py:588} INFO - Filling up the DagBag from /home/airflow/.local/lib/python3.12/site-packages/airflow/example_dags/example_xcom.py
[2026-06-29T22:02:44.605+0000] {processor.py:925} INFO - DAG(s) 'example_xcom' retrieved from /home/airflow/.local/lib/python3.12/site-packages/airflow/example_dags/example_xcom.py
[2026-06-29T22:02:44.664+0000] {logging_mixin.py:190} INFO - [2026-06-29T22:02:44.663+0000] {dag.py:3239} INFO - Sync 1 DAGs
[2026-06-29T22:02:44.712+0000] {logging_mixin.py:190} INFO - [2026-06-29T22:02:44.712+0000] {dag.py:4180} INFO - Setting next_dagrun for example_xcom to 2021-01-01 00:00:00+00:00, run_after=2021-01-01 00:00:00+00:00
[2026-06-29T22:02:44.766+0000] {processor.py:208} INFO - Processing /home/airflow/.local/lib/python3.12/site-packages/airflow/example_dags/example_xcom.py took 0.231 seconds
[2026-06-29T22:03:15.692+0000] {processor.py:186} INFO - Started process (PID=594) to work on /home/airflow/.local/lib/python3.12/site-packages/airflow/example_dags/example_xcom.py
[2026-06-29T22:03:15.695+0000] {processor.py:914} INFO - Processing file /home/airflow/.local/lib/python3.12/site-packages/airflow/example_dags/example_xcom.py for tasks to queue
[2026-06-29T22:03:15.703+0000] {logging_mixin.py:190} INFO - [2026-06-29T22:03:15.702+0000] {dagbag.py:588} INFO - Filling up the DagBag from /home/airflow/.local/lib/python3.12/site-packages/airflow/example_dags/example_xcom.py
[2026-06-29T22:03:15.733+0000] {processor.py:925} INFO - DAG(s) 'example_xcom' retrieved from /home/airflow/.local/lib/python3.12/site-packages/airflow/example_dags/example_xcom.py
[2026-06-29T22:03:15.794+0000] {logging_mixin.py:190} INFO - [2026-06-29T22:03:15.793+0000] {dag.py:3239} INFO - Sync 1 DAGs
[2026-06-29T22:03:15.884+0000] {logging_mixin.py:190} INFO - [2026-06-29T22:03:15.883+0000] {dag.py:4180} INFO - Setting next_dagrun for example_xcom to 2021-01-01 00:00:00+00:00, run_after=2021-01-01 00:00:00+00:00
[2026-06-29T22:03:15.959+0000] {processor.py:208} INFO - Processing /home/airflow/.local/lib/python3.12/site-packages/airflow/example_dags/example_xcom.py took 0.289 seconds
[2026-06-29T22:03:46.083+0000] {processor.py:186} INFO - Started process (PID=655) to work on /home/airflow/.local/lib/python3.12/site-packages/airflow/example_dags/example_xcom.py
[2026-06-29T22:03:46.086+0000] {processor.py:914} INFO - Processing file /home/airflow/.local/lib/python3.12/site-packages/airflow/example_dags/example_xcom.py for tasks to queue
[2026-06-29T22:03:46.095+0000] {logging_mixin.py:190} INFO - [2026-06-29T22:03:46.094+0000] {dagbag.py:588} INFO - Filling up the DagBag from /home/airflow/.local/lib/python3.12/site-packages/airflow/example_dags/example_xcom.py
[2026-06-29T22:03:46.108+0000] {processor.py:925} INFO - DAG(s) 'example_xcom' retrieved from /home/airflow/.local/lib/python3.12/site-packages/airflow/example_dags/example_xcom.py
[2026-06-29T22:03:46.162+0000] {logging_mixin.py:190} INFO - [2026-06-29T22:03:46.161+0000] {dag.py:3239} INFO - Sync 1 DAGs
[2026-06-29T22:03:46.208+0000] {logging_mixin.py:190} INFO - [2026-06-29T22:03:46.208+0000] {dag.py:4180} INFO - Setting next_dagrun for example_xcom to 2021-01-01 00:00:00+00:00, run_after=2021-01-01 00:00:00+00:00
[2026-06-29T22:03:46.256+0000] {processor.py:208} INFO - Processing /home/airflow/.local/lib/python3.12/site-packages/airflow/example_dags/example_xcom.py took 0.180 seconds
[2026-06-29T22:04:16.667+0000] {processor.py:186} INFO - Started process (PID=719) to work on /home/airflow/.local/lib/python3.12/site-packages/airflow/example_dags/example_xcom.py
[2026-06-29T22:04:16.670+0000] {processor.py:914} INFO - Processing file /home/airflow/.local/lib/python3.12/site-packages/airflow/example_dags/example_xcom.py for tasks to queue
[2026-06-29T22:04:16.676+0000] {logging_mixin.py:190} INFO - [2026-06-29T22:04:16.675+0000] {dagbag.py:588} INFO - Filling up the DagBag from /home/airflow/.local/lib/python3.12/site-packages/airflow/example_dags/example_xcom.py
[2026-06-29T22:04:16.694+0000] {processor.py:925} INFO - DAG(s) 'example_xcom' retrieved from /home/airflow/.local/lib/python3.12/site-packages/airflow/example_dags/example_xcom.py
[2026-06-29T22:04:16.735+0000] {logging_mixin.py:190} INFO - [2026-06-29T22:04:16.735+0000] {dag.py:3239} INFO - Sync 1 DAGs
[2026-06-29T22:04:16.780+0000] {logging_mixin.py:190} INFO - [2026-06-29T22:04:16.779+0000] {dag.py:4180} INFO - Setting next_dagrun for example_xcom to 2021-01-01 00:00:00+00:00, run_after=2021-01-01 00:00:00+00:00
[2026-06-29T22:04:16.821+0000] {processor.py:208} INFO - Processing /home/airflow/.local/lib/python3.12/site-packages/airflow/example_dags/example_xcom.py took 0.169 seconds
[2026-06-29T22:04:50.297+0000] {processor.py:186} INFO - Started process (PID=781) to work on /home/airflow/.local/lib/python3.12/site-packages/airflow/example_dags/example_xcom.py
[2026-06-29T22:04:50.300+0000] {processor.py:914} INFO - Processing file /home/airflow/.local/lib/python3.12/site-packages/airflow/example_dags/example_xcom.py for tasks to queue
[2026-06-29T22:04:50.309+0000] {logging_mixin.py:190} INFO - [2026-06-29T22:04:50.308+0000] {dagbag.py:588} INFO - Filling up the DagBag from /home/airflow/.local/lib/python3.12/site-packages/airflow/example_dags/example_xcom.py
[2026-06-29T22:04:50.346+0000] {processor.py:925} INFO - DAG(s) 'example_xcom' retrieved from /home/airflow/.local/lib/python3.12/site-packages/airflow/example_dags/example_xcom.py
[2026-06-29T22:04:50.441+0000] {logging_mixin.py:190} INFO - [2026-06-29T22:04:50.441+0000] {dag.py:3239} INFO - Sync 1 DAGs
[2026-06-29T22:04:50.509+0000] {logging_mixin.py:190} INFO - [2026-06-29T22:04:50.509+0000] {dag.py:4180} INFO - Setting next_dagrun for example_xcom to 2021-01-01 00:00:00+00:00, run_after=2021-01-01 00:00:00+00:00
[2026-06-29T22:04:50.605+0000] {processor.py:208} INFO - Processing /home/airflow/.local/lib/python3.12/site-packages/airflow/example_dags/example_xcom.py took 0.321 seconds
[2026-06-29T22:05:21.287+0000] {processor.py:186} INFO - Started process (PID=845) to work on /home/airflow/.local/lib/python3.12/site-packages/airflow/example_dags/example_xcom.py
[2026-06-29T22:05:21.288+0000] {processor.py:914} INFO - Processing file /home/airflow/.local/lib/python3.12/site-packages/airflow/example_dags/example_xcom.py for tasks to queue
[2026-06-29T22:05:21.292+0000] {logging_mixin.py:190} INFO - [2026-06-29T22:05:21.291+0000] {dagbag.py:588} INFO - Filling up the DagBag from /home/airflow/.local/lib/python3.12/site-packages/airflow/example_dags/example_xcom.py
[2026-06-29T22:05:21.309+0000] {processor.py:925} INFO - DAG(s) 'example_xcom' retrieved from /home/airflow/.local/lib/python3.12/site-packages/airflow/example_dags/example_xcom.py
[2026-06-29T22:05:21.341+0000] {logging_mixin.py:190} INFO - [2026-06-29T22:05:21.340+0000] {dag.py:3239} INFO - Sync 1 DAGs
[2026-06-29T22:05:21.374+0000] {logging_mixin.py:190} INFO - [2026-06-29T22:05:21.374+0000] {dag.py:4180} INFO - Setting next_dagrun for example_xcom to 2021-01-01 00:00:00+00:00, run_after=2021-01-01 00:00:00+00:00
[2026-06-29T22:05:21.406+0000] {processor.py:208} INFO - Processing /home/airflow/.local/lib/python3.12/site-packages/airflow/example_dags/example_xcom.py took 0.126 seconds
[2026-06-29T22:05:51.984+0000] {processor.py:186} INFO - Started process (PID=910) to work on /home/airflow/.local/lib/python3.12/site-packages/airflow/example_dags/example_xcom.py
[2026-06-29T22:05:51.986+0000] {processor.py:914} INFO - Processing file /home/airflow/.local/lib/python3.12/site-packages/airflow/example_dags/example_xcom.py for tasks to queue
[2026-06-29T22:05:51.989+0000] {logging_mixin.py:190} INFO - [2026-06-29T22:05:51.989+0000] {dagbag.py:588} INFO - Filling up the DagBag from /home/airflow/.local/lib/python3.12/site-packages/airflow/example_dags/example_xcom.py
[2026-06-29T22:05:52.000+0000] {processor.py:925} INFO - DAG(s) 'example_xcom' retrieved from /home/airflow/.local/lib/python3.12/site-packages/airflow/example_dags/example_xcom.py
[2026-06-29T22:05:52.023+0000] {logging_mixin.py:190} INFO - [2026-06-29T22:05:52.022+0000] {dag.py:3239} INFO - Sync 1 DAGs
[2026-06-29T22:05:52.048+0000] {logging_mixin.py:190} INFO - [2026-06-29T22:05:52.048+0000] {dag.py:4180} INFO - Setting next_dagrun for example_xcom to 2021-01-01 00:00:00+00:00, run_after=2021-01-01 00:00:00+00:00
[2026-06-29T22:05:52.076+0000] {processor.py:208} INFO - Processing /home/airflow/.local/lib/python3.12/site-packages/airflow/example_dags/example_xcom.py took 0.100 seconds
[2026-06-29T22:08:20.603+0000] {processor.py:186} INFO - Started process (PID=96) to work on /home/airflow/.local/lib/python3.12/site-packages/airflow/example_dags/example_xcom.py
[2026-06-29T22:08:20.605+0000] {processor.py:914} INFO - Processing file /home/airflow/.local/lib/python3.12/site-packages/airflow/example_dags/example_xcom.py for tasks to queue
[2026-06-29T22:08:20.613+0000] {logging_mixin.py:190} INFO - [2026-06-29T22:08:20.612+0000] {dagbag.py:588} INFO - Filling up the DagBag from /home/airflow/.local/lib/python3.12/site-packages/airflow/example_dags/example_xcom.py
[2026-06-29T22:08:20.635+0000] {processor.py:925} INFO - DAG(s) 'example_xcom' retrieved from /home/airflow/.local/lib/python3.12/site-packages/airflow/example_dags/example_xcom.py
[2026-06-29T22:08:20.701+0000] {logging_mixin.py:190} INFO - [2026-06-29T22:08:20.700+0000] {dag.py:3239} INFO - Sync 1 DAGs
[2026-06-29T22:08:20.775+0000] {logging_mixin.py:190} INFO - [2026-06-29T22:08:20.775+0000] {dag.py:4180} INFO - Setting next_dagrun for example_xcom to 2021-01-01 00:00:00+00:00, run_after=2021-01-01 00:00:00+00:00
[2026-06-29T22:08:20.818+0000] {processor.py:208} INFO - Processing /home/airflow/.local/lib/python3.12/site-packages/airflow/example_dags/example_xcom.py took 0.226 seconds
[2026-06-29T22:08:54.591+0000] {processor.py:186} INFO - Started process (PID=159) to work on /home/airflow/.local/lib/python3.12/site-packages/airflow/example_dags/example_xcom.py
[2026-06-29T22:08:54.597+0000] {processor.py:914} INFO - Processing file /home/airflow/.local/lib/python3.12/site-packages/airflow/example_dags/example_xcom.py for tasks to queue
[2026-06-29T22:08:54.634+0000] {logging_mixin.py:190} INFO - [2026-06-29T22:08:54.618+0000] {dagbag.py:588} INFO - Filling up the DagBag from /home/airflow/.local/lib/python3.12/site-packages/airflow/example_dags/example_xcom.py
[2026-06-29T22:08:54.790+0000] {processor.py:925} INFO - DAG(s) 'example_xcom' retrieved from /home/airflow/.local/lib/python3.12/site-packages/airflow/example_dags/example_xcom.py
[2026-06-29T22:08:55.063+0000] {logging_mixin.py:190} INFO - [2026-06-29T22:08:55.061+0000] {dag.py:3239} INFO - Sync 1 DAGs
[2026-06-29T22:08:55.277+0000] {logging_mixin.py:190} INFO - [2026-06-29T22:08:55.275+0000] {dag.py:4180} INFO - Setting next_dagrun for example_xcom to 2021-01-01 00:00:00+00:00, run_after=2021-01-01 00:00:00+00:00
[2026-06-29T22:08:55.419+0000] {processor.py:208} INFO - Processing /home/airflow/.local/lib/python3.12/site-packages/airflow/example_dags/example_xcom.py took 0.938 seconds
[2026-06-29T22:09:26.423+0000] {processor.py:186} INFO - Started process (PID=223) to work on /home/airflow/.local/lib/python3.12/site-packages/airflow/example_dags/example_xcom.py
[2026-06-29T22:09:26.429+0000] {processor.py:914} INFO - Processing file /home/airflow/.local/lib/python3.12/site-packages/airflow/example_dags/example_xcom.py for tasks to queue
[2026-06-29T22:09:26.447+0000] {logging_mixin.py:190} INFO - [2026-06-29T22:09:26.446+0000] {dagbag.py:588} INFO - Filling up the DagBag from /home/airflow/.local/lib/python3.12/site-packages/airflow/example_dags/example_xcom.py
[2026-06-29T22:09:26.474+0000] {processor.py:925} INFO - DAG(s) 'example_xcom' retrieved from /home/airflow/.local/lib/python3.12/site-packages/airflow/example_dags/example_xcom.py
[2026-06-29T22:09:26.564+0000] {logging_mixin.py:190} INFO - [2026-06-29T22:09:26.564+0000] {dag.py:3239} INFO - Sync 1 DAGs
[2026-06-29T22:09:26.649+0000] {logging_mixin.py:190} INFO - [2026-06-29T22:09:26.648+0000] {dag.py:4180} INFO - Setting next_dagrun for example_xcom to 2021-01-01 00:00:00+00:00, run_after=2021-01-01 00:00:00+00:00
[2026-06-29T22:09:26.782+0000] {processor.py:208} INFO - Processing /home/airflow/.local/lib/python3.12/site-packages/airflow/example_dags/example_xcom.py took 0.376 seconds
[2026-06-29T22:09:56.995+0000] {processor.py:186} INFO - Started process (PID=287) to work on /home/airflow/.local/lib/python3.12/site-packages/airflow/example_dags/example_xcom.py
[2026-06-29T22:09:56.998+0000] {processor.py:914} INFO - Processing file /home/airflow/.local/lib/python3.12/site-packages/airflow/example_dags/example_xcom.py for tasks to queue
[2026-06-29T22:09:57.003+0000] {logging_mixin.py:190} INFO - [2026-06-29T22:09:57.003+0000] {dagbag.py:588} INFO - Filling up the DagBag from /home/airflow/.local/lib/python3.12/site-packages/airflow/example_dags/example_xcom.py
[2026-06-29T22:09:57.021+0000] {processor.py:925} INFO - DAG(s) 'example_xcom' retrieved from /home/airflow/.local/lib/python3.12/site-packages/airflow/example_dags/example_xcom.py
[2026-06-29T22:09:57.060+0000] {logging_mixin.py:190} INFO - [2026-06-29T22:09:57.059+0000] {dag.py:3239} INFO - Sync 1 DAGs
[2026-06-29T22:09:57.105+0000] {logging_mixin.py:190} INFO - [2026-06-29T22:09:57.105+0000] {dag.py:4180} INFO - Setting next_dagrun for example_xcom to 2021-01-01 00:00:00+00:00, run_after=2021-01-01 00:00:00+00:00
[2026-06-29T22:09:57.138+0000] {processor.py:208} INFO - Processing /home/airflow/.local/lib/python3.12/site-packages/airflow/example_dags/example_xcom.py took 0.156 seconds
[2026-06-29T22:10:27.458+0000] {processor.py:186} INFO - Started process (PID=352) to work on /home/airflow/.local/lib/python3.12/site-packages/airflow/example_dags/example_xcom.py
[2026-06-29T22:10:27.460+0000] {processor.py:914} INFO - Processing file /home/airflow/.local/lib/python3.12/site-packages/airflow/example_dags/example_xcom.py for tasks to queue
[2026-06-29T22:10:27.466+0000] {logging_mixin.py:190} INFO - [2026-06-29T22:10:27.465+0000] {dagbag.py:588} INFO - Filling up the DagBag from /home/airflow/.local/lib/python3.12/site-packages/airflow/example_dags/example_xcom.py
[2026-06-29T22:10:27.486+0000] {processor.py:925} INFO - DAG(s) 'example_xcom' retrieved from /home/airflow/.local/lib/python3.12/site-packages/airflow/example_dags/example_xcom.py
[2026-06-29T22:10:27.536+0000] {logging_mixin.py:190} INFO - [2026-06-29T22:10:27.535+0000] {dag.py:3239} INFO - Sync 1 DAGs
[2026-06-29T22:10:27.586+0000] {logging_mixin.py:190} INFO - [2026-06-29T22:10:27.585+0000] {dag.py:4180} INFO - Setting next_dagrun for example_xcom to 2021-01-01 00:00:00+00:00, run_after=2021-01-01 00:00:00+00:00
[2026-06-29T22:10:27.630+0000] {processor.py:208} INFO - Processing /home/airflow/.local/lib/python3.12/site-packages/airflow/example_dags/example_xcom.py took 0.188 seconds
[2026-06-29T22:10:57.972+0000] {processor.py:186} INFO - Started process (PID=416) to work on /home/airflow/.local/lib/python3.12/site-packages/airflow/example_dags/example_xcom.py
[2026-06-29T22:10:58.007+0000] {processor.py:914} INFO - Processing file /home/airflow/.local/lib/python3.12/site-packages/airflow/example_dags/example_xcom.py for tasks to queue
[2026-06-29T22:10:58.029+0000] {logging_mixin.py:190} INFO - [2026-06-29T22:10:58.028+0000] {dagbag.py:588} INFO - Filling up the DagBag from /home/airflow/.local/lib/python3.12/site-packages/airflow/example_dags/example_xcom.py
[2026-06-29T22:10:58.058+0000] {processor.py:925} INFO - DAG(s) 'example_xcom' retrieved from /home/airflow/.local/lib/python3.12/site-packages/airflow/example_dags/example_xcom.py
[2026-06-29T22:10:58.154+0000] {logging_mixin.py:190} INFO - [2026-06-29T22:10:58.153+0000] {dag.py:3239} INFO - Sync 1 DAGs
[2026-06-29T22:10:58.218+0000] {logging_mixin.py:190} INFO - [2026-06-29T22:10:58.218+0000] {dag.py:4180} INFO - Setting next_dagrun for example_xcom to 2021-01-01 00:00:00+00:00, run_after=2021-01-01 00:00:00+00:00
[2026-06-29T22:10:58.314+0000] {processor.py:208} INFO - Processing /home/airflow/.local/lib/python3.12/site-packages/airflow/example_dags/example_xcom.py took 0.362 seconds
[2026-06-29T22:11:28.519+0000] {processor.py:186} INFO - Started process (PID=480) to work on /home/airflow/.local/lib/python3.12/site-packages/airflow/example_dags/example_xcom.py
[2026-06-29T22:11:28.521+0000] {processor.py:914} INFO - Processing file /home/airflow/.local/lib/python3.12/site-packages/airflow/example_dags/example_xcom.py for tasks to queue
[2026-06-29T22:11:28.524+0000] {logging_mixin.py:190} INFO - [2026-06-29T22:11:28.524+0000] {dagbag.py:588} INFO - Filling up the DagBag from /home/airflow/.local/lib/python3.12/site-packages/airflow/example_dags/example_xcom.py
[2026-06-29T22:11:28.535+0000] {processor.py:925} INFO - DAG(s) 'example_xcom' retrieved from /home/airflow/.local/lib/python3.12/site-packages/airflow/example_dags/example_xcom.py
[2026-06-29T22:11:28.558+0000] {logging_mixin.py:190} INFO - [2026-06-29T22:11:28.557+0000] {dag.py:3239} INFO - Sync 1 DAGs
[2026-06-29T22:11:28.583+0000] {logging_mixin.py:190} INFO - [2026-06-29T22:11:28.583+0000] {dag.py:4180} INFO - Setting next_dagrun for example_xcom to 2021-01-01 00:00:00+00:00, run_after=2021-01-01 00:00:00+00:00
[2026-06-29T22:11:28.607+0000] {processor.py:208} INFO - Processing /home/airflow/.local/lib/python3.12/site-packages/airflow/example_dags/example_xcom.py took 0.095 seconds
[2026-06-29T22:11:58.992+0000] {processor.py:186} INFO - Started process (PID=544) to work on /home/airflow/.local/lib/python3.12/site-packages/airflow/example_dags/example_xcom.py
[2026-06-29T22:11:58.998+0000] {processor.py:914} INFO - Processing file /home/airflow/.local/lib/python3.12/site-packages/airflow/example_dags/example_xcom.py for tasks to queue
[2026-06-29T22:11:59.010+0000] {logging_mixin.py:190} INFO - [2026-06-29T22:11:59.008+0000] {dagbag.py:588} INFO - Filling up the DagBag from /home/airflow/.local/lib/python3.12/site-packages/airflow/example_dags/example_xcom.py
[2026-06-29T22:11:59.047+0000] {processor.py:925} INFO - DAG(s) 'example_xcom' retrieved from /home/airflow/.local/lib/python3.12/site-packages/airflow/example_dags/example_xcom.py
[2026-06-29T22:11:59.121+0000] {logging_mixin.py:190} INFO - [2026-06-29T22:11:59.119+0000] {dag.py:3239} INFO - Sync 1 DAGs
[2026-06-29T22:11:59.185+0000] {logging_mixin.py:190} INFO - [2026-06-29T22:11:59.184+0000] {dag.py:4180} INFO - Setting next_dagrun for example_xcom to 2021-01-01 00:00:00+00:00, run_after=2021-01-01 00:00:00+00:00
[2026-06-29T22:11:59.240+0000] {processor.py:208} INFO - Processing /home/airflow/.local/lib/python3.12/site-packages/airflow/example_dags/example_xcom.py took 0.267 seconds
[2026-06-29T22:12:35.516+0000] {processor.py:186} INFO - Started process (PID=608) to work on /home/airflow/.local/lib/python3.12/site-packages/airflow/example_dags/example_xcom.py
[2026-06-29T22:12:35.524+0000] {processor.py:914} INFO - Processing file /home/airflow/.local/lib/python3.12/site-packages/airflow/example_dags/example_xcom.py for tasks to queue
[2026-06-29T22:12:35.531+0000] {logging_mixin.py:190} INFO - [2026-06-29T22:12:35.530+0000] {dagbag.py:588} INFO - Filling up the DagBag from /home/airflow/.local/lib/python3.12/site-packages/airflow/example_dags/example_xcom.py
[2026-06-29T22:12:35.576+0000] {processor.py:925} INFO - DAG(s) 'example_xcom' retrieved from /home/airflow/.local/lib/python3.12/site-packages/airflow/example_dags/example_xcom.py
[2026-06-29T22:12:35.659+0000] {logging_mixin.py:190} INFO - [2026-06-29T22:12:35.659+0000] {dag.py:3239} INFO - Sync 1 DAGs
[2026-06-29T22:12:35.764+0000] {logging_mixin.py:190} INFO - [2026-06-29T22:12:35.763+0000] {dag.py:4180} INFO - Setting next_dagrun for example_xcom to 2021-01-01 00:00:00+00:00, run_after=2021-01-01 00:00:00+00:00
[2026-06-29T22:12:35.887+0000] {processor.py:208} INFO - Processing /home/airflow/.local/lib/python3.12/site-packages/airflow/example_dags/example_xcom.py took 0.382 seconds
[2026-06-29T22:13:06.495+0000] {processor.py:186} INFO - Started process (PID=672) to work on /home/airflow/.local/lib/python3.12/site-packages/airflow/example_dags/example_xcom.py
[2026-06-29T22:13:06.497+0000] {processor.py:914} INFO - Processing file /home/airflow/.local/lib/python3.12/site-packages/airflow/example_dags/example_xcom.py for tasks to queue
[2026-06-29T22:13:06.501+0000] {logging_mixin.py:190} INFO - [2026-06-29T22:13:06.501+0000] {dagbag.py:588} INFO - Filling up the DagBag from /home/airflow/.local/lib/python3.12/site-packages/airflow/example_dags/example_xcom.py
[2026-06-29T22:13:06.515+0000] {processor.py:925} INFO - DAG(s) 'example_xcom' retrieved from /home/airflow/.local/lib/python3.12/site-packages/airflow/example_dags/example_xcom.py
[2026-06-29T22:13:06.545+0000] {logging_mixin.py:190} INFO - [2026-06-29T22:13:06.545+0000] {dag.py:3239} INFO - Sync 1 DAGs
[2026-06-29T22:13:06.580+0000] {logging_mixin.py:190} INFO - [2026-06-29T22:13:06.580+0000] {dag.py:4180} INFO - Setting next_dagrun for example_xcom to 2021-01-01 00:00:00+00:00, run_after=2021-01-01 00:00:00+00:00
[2026-06-29T22:13:06.609+0000] {processor.py:208} INFO - Processing /home/airflow/.local/lib/python3.12/site-packages/airflow/example_dags/example_xcom.py took 0.121 seconds
[2026-06-29T22:13:37.554+0000] {processor.py:186} INFO - Started process (PID=743) to work on /home/airflow/.local/lib/python3.12/site-packages/airflow/example_dags/example_xcom.py
[2026-06-29T22:13:37.558+0000] {processor.py:914} INFO - Processing file /home/airflow/.local/lib/python3.12/site-packages/airflow/example_dags/example_xcom.py for tasks to queue
[2026-06-29T22:13:37.569+0000] {logging_mixin.py:190} INFO - [2026-06-29T22:13:37.565+0000] {dagbag.py:588} INFO - Filling up the DagBag from /home/airflow/.local/lib/python3.12/site-packages/airflow/example_dags/example_xcom.py
[2026-06-29T22:13:37.604+0000] {processor.py:925} INFO - DAG(s) 'example_xcom' retrieved from /home/airflow/.local/lib/python3.12/site-packages/airflow/example_dags/example_xcom.py
[2026-06-29T22:13:37.682+0000] {logging_mixin.py:190} INFO - [2026-06-29T22:13:37.681+0000] {dag.py:3239} INFO - Sync 1 DAGs
[2026-06-29T22:13:37.763+0000] {logging_mixin.py:190} INFO - [2026-06-29T22:13:37.760+0000] {dag.py:4180} INFO - Setting next_dagrun for example_xcom to 2021-01-01 00:00:00+00:00, run_after=2021-01-01 00:00:00+00:00
[2026-06-29T22:13:37.854+0000] {processor.py:208} INFO - Processing /home/airflow/.local/lib/python3.12/site-packages/airflow/example_dags/example_xcom.py took 0.310 seconds
[2026-06-29T22:14:08.060+0000] {processor.py:186} INFO - Started process (PID=806) to work on /home/airflow/.local/lib/python3.12/site-packages/airflow/example_dags/example_xcom.py
[2026-06-29T22:14:08.064+0000] {processor.py:914} INFO - Processing file /home/airflow/.local/lib/python3.12/site-packages/airflow/example_dags/example_xcom.py for tasks to queue
[2026-06-29T22:14:08.073+0000] {logging_mixin.py:190} INFO - [2026-06-29T22:14:08.072+0000] {dagbag.py:588} INFO - Filling up the DagBag from /home/airflow/.local/lib/python3.12/site-packages/airflow/example_dags/example_xcom.py
[2026-06-29T22:14:08.099+0000] {processor.py:925} INFO - DAG(s) 'example_xcom' retrieved from /home/airflow/.local/lib/python3.12/site-packages/airflow/example_dags/example_xcom.py
[2026-06-29T22:14:08.155+0000] {logging_mixin.py:190} INFO - [2026-06-29T22:14:08.154+0000] {dag.py:3239} INFO - Sync 1 DAGs
[2026-06-29T22:14:08.212+0000] {logging_mixin.py:190} INFO - [2026-06-29T22:14:08.210+0000] {dag.py:4180} INFO - Setting next_dagrun for example_xcom to 2021-01-01 00:00:00+00:00, run_after=2021-01-01 00:00:00+00:00
[2026-06-29T22:14:08.269+0000] {processor.py:208} INFO - Processing /home/airflow/.local/lib/python3.12/site-packages/airflow/example_dags/example_xcom.py took 0.228 seconds
[2026-06-29T22:14:38.785+0000] {processor.py:186} INFO - Started process (PID=869) to work on /home/airflow/.local/lib/python3.12/site-packages/airflow/example_dags/example_xcom.py
[2026-06-29T22:14:38.788+0000] {processor.py:914} INFO - Processing file /home/airflow/.local/lib/python3.12/site-packages/airflow/example_dags/example_xcom.py for tasks to queue
[2026-06-29T22:14:38.797+0000] {logging_mixin.py:190} INFO - [2026-06-29T22:14:38.796+0000] {dagbag.py:588} INFO - Filling up the DagBag from /home/airflow/.local/lib/python3.12/site-packages/airflow/example_dags/example_xcom.py
[2026-06-29T22:14:38.825+0000] {processor.py:925} INFO - DAG(s) 'example_xcom' retrieved from /home/airflow/.local/lib/python3.12/site-packages/airflow/example_dags/example_xcom.py
[2026-06-29T22:14:38.872+0000] {logging_mixin.py:190} INFO - [2026-06-29T22:14:38.872+0000] {dag.py:3239} INFO - Sync 1 DAGs
[2026-06-29T22:14:38.922+0000] {logging_mixin.py:190} INFO - [2026-06-29T22:14:38.921+0000] {dag.py:4180} INFO - Setting next_dagrun for example_xcom to 2021-01-01 00:00:00+00:00, run_after=2021-01-01 00:00:00+00:00
[2026-06-29T22:14:38.967+0000] {processor.py:208} INFO - Processing /home/airflow/.local/lib/python3.12/site-packages/airflow/example_dags/example_xcom.py took 0.194 seconds
[2026-06-29T22:15:09.678+0000] {processor.py:186} INFO - Started process (PID=932) to work on /home/airflow/.local/lib/python3.12/site-packages/airflow/example_dags/example_xcom.py
[2026-06-29T22:15:09.680+0000] {processor.py:914} INFO - Processing file /home/airflow/.local/lib/python3.12/site-packages/airflow/example_dags/example_xcom.py for tasks to queue
[2026-06-29T22:15:09.685+0000] {logging_mixin.py:190} INFO - [2026-06-29T22:15:09.684+0000] {dagbag.py:588} INFO - Filling up the DagBag from /home/airflow/.local/lib/python3.12/site-packages/airflow/example_dags/example_xcom.py
[2026-06-29T22:15:09.703+0000] {processor.py:925} INFO - DAG(s) 'example_xcom' retrieved from /home/airflow/.local/lib/python3.12/site-packages/airflow/example_dags/example_xcom.py
[2026-06-29T22:15:09.745+0000] {logging_mixin.py:190} INFO - [2026-06-29T22:15:09.744+0000] {dag.py:3239} INFO - Sync 1 DAGs
[2026-06-29T22:15:09.790+0000] {logging_mixin.py:190} INFO - [2026-06-29T22:15:09.789+0000] {dag.py:4180} INFO - Setting next_dagrun for example_xcom to 2021-01-01 00:00:00+00:00, run_after=2021-01-01 00:00:00+00:00
[2026-06-29T22:15:09.836+0000] {processor.py:208} INFO - Processing /home/airflow/.local/lib/python3.12/site-packages/airflow/example_dags/example_xcom.py took 0.169 seconds
[2026-06-29T22:15:39.988+0000] {processor.py:186} INFO - Started process (PID=996) to work on /home/airflow/.local/lib/python3.12/site-packages/airflow/example_dags/example_xcom.py
[2026-06-29T22:15:39.990+0000] {processor.py:914} INFO - Processing file /home/airflow/.local/lib/python3.12/site-packages/airflow/example_dags/example_xcom.py for tasks to queue
[2026-06-29T22:15:39.998+0000] {logging_mixin.py:190} INFO - [2026-06-29T22:15:39.997+0000] {dagbag.py:588} INFO - Filling up the DagBag from /home/airflow/.local/lib/python3.12/site-packages/airflow/example_dags/example_xcom.py
[2026-06-29T22:15:40.017+0000] {processor.py:925} INFO - DAG(s) 'example_xcom' retrieved from /home/airflow/.local/lib/python3.12/site-packages/airflow/example_dags/example_xcom.py
[2026-06-29T22:15:40.071+0000] {logging_mixin.py:190} INFO - [2026-06-29T22:15:40.069+0000] {dag.py:3239} INFO - Sync 1 DAGs
[2026-06-29T22:15:40.170+0000] {logging_mixin.py:190} INFO - [2026-06-29T22:15:40.168+0000] {dag.py:4180} INFO - Setting next_dagrun for example_xcom to 2021-01-01 00:00:00+00:00, run_after=2021-01-01 00:00:00+00:00
[2026-06-29T22:15:40.247+0000] {processor.py:208} INFO - Processing /home/airflow/.local/lib/python3.12/site-packages/airflow/example_dags/example_xcom.py took 0.266 seconds
[2026-06-29T22:16:11.215+0000] {processor.py:186} INFO - Started process (PID=1060) to work on /home/airflow/.local/lib/python3.12/site-packages/airflow/example_dags/example_xcom.py
[2026-06-29T22:16:11.217+0000] {processor.py:914} INFO - Processing file /home/airflow/.local/lib/python3.12/site-packages/airflow/example_dags/example_xcom.py for tasks to queue
[2026-06-29T22:16:11.222+0000] {logging_mixin.py:190} INFO - [2026-06-29T22:16:11.221+0000] {dagbag.py:588} INFO - Filling up the DagBag from /home/airflow/.local/lib/python3.12/site-packages/airflow/example_dags/example_xcom.py
[2026-06-29T22:16:11.242+0000] {processor.py:925} INFO - DAG(s) 'example_xcom' retrieved from /home/airflow/.local/lib/python3.12/site-packages/airflow/example_dags/example_xcom.py
[2026-06-29T22:16:11.295+0000] {logging_mixin.py:190} INFO - [2026-06-29T22:16:11.295+0000] {dag.py:3239} INFO - Sync 1 DAGs
[2026-06-29T22:16:11.336+0000] {logging_mixin.py:190} INFO - [2026-06-29T22:16:11.335+0000] {dag.py:4180} INFO - Setting next_dagrun for example_xcom to 2021-01-01 00:00:00+00:00, run_after=2021-01-01 00:00:00+00:00
[2026-06-29T22:16:11.377+0000] {processor.py:208} INFO - Processing /home/airflow/.local/lib/python3.12/site-packages/airflow/example_dags/example_xcom.py took 0.177 seconds
[2026-06-29T22:16:42.710+0000] {processor.py:186} INFO - Started process (PID=1123) to work on /home/airflow/.local/lib/python3.12/site-packages/airflow/example_dags/example_xcom.py
[2026-06-29T22:16:42.714+0000] {processor.py:914} INFO - Processing file /home/airflow/.local/lib/python3.12/site-packages/airflow/example_dags/example_xcom.py for tasks to queue
[2026-06-29T22:16:42.720+0000] {logging_mixin.py:190} INFO - [2026-06-29T22:16:42.719+0000] {dagbag.py:588} INFO - Filling up the DagBag from /home/airflow/.local/lib/python3.12/site-packages/airflow/example_dags/example_xcom.py
[2026-06-29T22:16:42.757+0000] {processor.py:925} INFO - DAG(s) 'example_xcom' retrieved from /home/airflow/.local/lib/python3.12/site-packages/airflow/example_dags/example_xcom.py
[2026-06-29T22:16:42.837+0000] {logging_mixin.py:190} INFO - [2026-06-29T22:16:42.836+0000] {dag.py:3239} INFO - Sync 1 DAGs
[2026-06-29T22:16:42.930+0000] {logging_mixin.py:190} INFO - [2026-06-29T22:16:42.929+0000] {dag.py:4180} INFO - Setting next_dagrun for example_xcom to 2021-01-01 00:00:00+00:00, run_after=2021-01-01 00:00:00+00:00
[2026-06-29T22:16:43.001+0000] {processor.py:208} INFO - Processing /home/airflow/.local/lib/python3.12/site-packages/airflow/example_dags/example_xcom.py took 0.306 seconds
[2026-06-29T22:17:13.634+0000] {processor.py:186} INFO - Started process (PID=1187) to work on /home/airflow/.local/lib/python3.12/site-packages/airflow/example_dags/example_xcom.py
[2026-06-29T22:17:13.636+0000] {processor.py:914} INFO - Processing file /home/airflow/.local/lib/python3.12/site-packages/airflow/example_dags/example_xcom.py for tasks to queue
[2026-06-29T22:17:13.642+0000] {logging_mixin.py:190} INFO - [2026-06-29T22:17:13.641+0000] {dagbag.py:588} INFO - Filling up the DagBag from /home/airflow/.local/lib/python3.12/site-packages/airflow/example_dags/example_xcom.py
[2026-06-29T22:17:13.659+0000] {processor.py:925} INFO - DAG(s) 'example_xcom' retrieved from /home/airflow/.local/lib/python3.12/site-packages/airflow/example_dags/example_xcom.py
[2026-06-29T22:17:13.694+0000] {logging_mixin.py:190} INFO - [2026-06-29T22:17:13.694+0000] {dag.py:3239} INFO - Sync 1 DAGs
[2026-06-29T22:17:13.730+0000] {logging_mixin.py:190} INFO - [2026-06-29T22:17:13.730+0000] {dag.py:4180} INFO - Setting next_dagrun for example_xcom to 2021-01-01 00:00:00+00:00, run_after=2021-01-01 00:00:00+00:00
[2026-06-29T22:17:13.767+0000] {processor.py:208} INFO - Processing /home/airflow/.local/lib/python3.12/site-packages/airflow/example_dags/example_xcom.py took 0.142 seconds
[2026-06-29T22:17:44.175+0000] {processor.py:186} INFO - Started process (PID=1251) to work on /home/airflow/.local/lib/python3.12/site-packages/airflow/example_dags/example_xcom.py
[2026-06-29T22:17:44.177+0000] {processor.py:914} INFO - Processing file /home/airflow/.local/lib/python3.12/site-packages/airflow/example_dags/example_xcom.py for tasks to queue
[2026-06-29T22:17:44.184+0000] {logging_mixin.py:190} INFO - [2026-06-29T22:17:44.183+0000] {dagbag.py:588} INFO - Filling up the DagBag from /home/airflow/.local/lib/python3.12/site-packages/airflow/example_dags/example_xcom.py
[2026-06-29T22:17:44.210+0000] {processor.py:925} INFO - DAG(s) 'example_xcom' retrieved from /home/airflow/.local/lib/python3.12/site-packages/airflow/example_dags/example_xcom.py
[2026-06-29T22:17:44.262+0000] {logging_mixin.py:190} INFO - [2026-06-29T22:17:44.262+0000] {dag.py:3239} INFO - Sync 1 DAGs
[2026-06-29T22:17:44.304+0000] {logging_mixin.py:190} INFO - [2026-06-29T22:17:44.303+0000] {dag.py:4180} INFO - Setting next_dagrun for example_xcom to 2021-01-01 00:00:00+00:00, run_after=2021-01-01 00:00:00+00:00
[2026-06-29T22:17:44.354+0000] {processor.py:208} INFO - Processing /home/airflow/.local/lib/python3.12/site-packages/airflow/example_dags/example_xcom.py took 0.190 seconds
[2026-06-29T22:18:14.833+0000] {processor.py:186} INFO - Started process (PID=1315) to work on /home/airflow/.local/lib/python3.12/site-packages/airflow/example_dags/example_xcom.py
[2026-06-29T22:18:14.835+0000] {processor.py:914} INFO - Processing file /home/airflow/.local/lib/python3.12/site-packages/airflow/example_dags/example_xcom.py for tasks to queue
[2026-06-29T22:18:14.845+0000] {logging_mixin.py:190} INFO - [2026-06-29T22:18:14.844+0000] {dagbag.py:588} INFO - Filling up the DagBag from /home/airflow/.local/lib/python3.12/site-packages/airflow/example_dags/example_xcom.py
[2026-06-29T22:18:14.873+0000] {processor.py:925} INFO - DAG(s) 'example_xcom' retrieved from /home/airflow/.local/lib/python3.12/site-packages/airflow/example_dags/example_xcom.py
[2026-06-29T22:18:14.913+0000] {logging_mixin.py:190} INFO - [2026-06-29T22:18:14.913+0000] {dag.py:3239} INFO - Sync 1 DAGs
[2026-06-29T22:18:14.953+0000] {logging_mixin.py:190} INFO - [2026-06-29T22:18:14.953+0000] {dag.py:4180} INFO - Setting next_dagrun for example_xcom to 2021-01-01 00:00:00+00:00, run_after=2021-01-01 00:00:00+00:00
[2026-06-29T22:18:14.984+0000] {processor.py:208} INFO - Processing /home/airflow/.local/lib/python3.12/site-packages/airflow/example_dags/example_xcom.py took 0.158 seconds
[2026-06-29T22:18:45.164+0000] {processor.py:186} INFO - Started process (PID=1379) to work on /home/airflow/.local/lib/python3.12/site-packages/airflow/example_dags/example_xcom.py
[2026-06-29T22:18:45.167+0000] {processor.py:914} INFO - Processing file /home/airflow/.local/lib/python3.12/site-packages/airflow/example_dags/example_xcom.py for tasks to queue
[2026-06-29T22:18:45.172+0000] {logging_mixin.py:190} INFO - [2026-06-29T22:18:45.172+0000] {dagbag.py:588} INFO - Filling up the DagBag from /home/airflow/.local/lib/python3.12/site-packages/airflow/example_dags/example_xcom.py
[2026-06-29T22:18:45.191+0000] {processor.py:925} INFO - DAG(s) 'example_xcom' retrieved from /home/airflow/.local/lib/python3.12/site-packages/airflow/example_dags/example_xcom.py
[2026-06-29T22:18:45.224+0000] {logging_mixin.py:190} INFO - [2026-06-29T22:18:45.223+0000] {dag.py:3239} INFO - Sync 1 DAGs
[2026-06-29T22:18:45.273+0000] {logging_mixin.py:190} INFO - [2026-06-29T22:18:45.273+0000] {dag.py:4180} INFO - Setting next_dagrun for example_xcom to 2021-01-01 00:00:00+00:00, run_after=2021-01-01 00:00:00+00:00
[2026-06-29T22:18:45.315+0000] {processor.py:208} INFO - Processing /home/airflow/.local/lib/python3.12/site-packages/airflow/example_dags/example_xcom.py took 0.161 seconds
[2026-06-29T22:19:15.662+0000] {processor.py:186} INFO - Started process (PID=1443) to work on /home/airflow/.local/lib/python3.12/site-packages/airflow/example_dags/example_xcom.py
[2026-06-29T22:19:15.663+0000] {processor.py:914} INFO - Processing file /home/airflow/.local/lib/python3.12/site-packages/airflow/example_dags/example_xcom.py for tasks to queue
[2026-06-29T22:19:15.667+0000] {logging_mixin.py:190} INFO - [2026-06-29T22:19:15.667+0000] {dagbag.py:588} INFO - Filling up the DagBag from /home/airflow/.local/lib/python3.12/site-packages/airflow/example_dags/example_xcom.py
[2026-06-29T22:19:15.678+0000] {processor.py:925} INFO - DAG(s) 'example_xcom' retrieved from /home/airflow/.local/lib/python3.12/site-packages/airflow/example_dags/example_xcom.py
[2026-06-29T22:19:15.705+0000] {logging_mixin.py:190} INFO - [2026-06-29T22:19:15.704+0000] {dag.py:3239} INFO - Sync 1 DAGs
[2026-06-29T22:19:15.730+0000] {logging_mixin.py:190} INFO - [2026-06-29T22:19:15.730+0000] {dag.py:4180} INFO - Setting next_dagrun for example_xcom to 2021-01-01 00:00:00+00:00, run_after=2021-01-01 00:00:00+00:00
[2026-06-29T22:19:15.759+0000] {processor.py:208} INFO - Processing /home/airflow/.local/lib/python3.12/site-packages/airflow/example_dags/example_xcom.py took 0.104 seconds
[2026-06-29T22:19:45.888+0000] {processor.py:186} INFO - Started process (PID=1507) to work on /home/airflow/.local/lib/python3.12/site-packages/airflow/example_dags/example_xcom.py
[2026-06-29T22:19:45.889+0000] {processor.py:914} INFO - Processing file /home/airflow/.local/lib/python3.12/site-packages/airflow/example_dags/example_xcom.py for tasks to queue
[2026-06-29T22:19:45.893+0000] {logging_mixin.py:190} INFO - [2026-06-29T22:19:45.892+0000] {dagbag.py:588} INFO - Filling up the DagBag from /home/airflow/.local/lib/python3.12/site-packages/airflow/example_dags/example_xcom.py
[2026-06-29T22:19:45.905+0000] {processor.py:925} INFO - DAG(s) 'example_xcom' retrieved from /home/airflow/.local/lib/python3.12/site-packages/airflow/example_dags/example_xcom.py
[2026-06-29T22:19:45.938+0000] {logging_mixin.py:190} INFO - [2026-06-29T22:19:45.938+0000] {dag.py:3239} INFO - Sync 1 DAGs
[2026-06-29T22:19:45.969+0000] {logging_mixin.py:190} INFO - [2026-06-29T22:19:45.968+0000] {dag.py:4180} INFO - Setting next_dagrun for example_xcom to 2021-01-01 00:00:00+00:00, run_after=2021-01-01 00:00:00+00:00
[2026-06-29T22:19:46.003+0000] {processor.py:208} INFO - Processing /home/airflow/.local/lib/python3.12/site-packages/airflow/example_dags/example_xcom.py took 0.124 seconds
[2026-06-29T22:20:18.364+0000] {processor.py:186} INFO - Started process (PID=1567) to work on /home/airflow/.local/lib/python3.12/site-packages/airflow/example_dags/example_xcom.py
[2026-06-29T22:20:18.368+0000] {processor.py:914} INFO - Processing file /home/airflow/.local/lib/python3.12/site-packages/airflow/example_dags/example_xcom.py for tasks to queue
[2026-06-29T22:20:18.377+0000] {logging_mixin.py:190} INFO - [2026-06-29T22:20:18.375+0000] {dagbag.py:588} INFO - Filling up the DagBag from /home/airflow/.local/lib/python3.12/site-packages/airflow/example_dags/example_xcom.py
[2026-06-29T22:20:18.410+0000] {processor.py:925} INFO - DAG(s) 'example_xcom' retrieved from /home/airflow/.local/lib/python3.12/site-packages/airflow/example_dags/example_xcom.py
[2026-06-29T22:20:18.466+0000] {logging_mixin.py:190} INFO - [2026-06-29T22:20:18.465+0000] {dag.py:3239} INFO - Sync 1 DAGs
[2026-06-29T22:20:18.523+0000] {logging_mixin.py:190} INFO - [2026-06-29T22:20:18.522+0000] {dag.py:4180} INFO - Setting next_dagrun for example_xcom to 2021-01-01 00:00:00+00:00, run_after=2021-01-01 00:00:00+00:00
[2026-06-29T22:20:18.585+0000] {processor.py:208} INFO - Processing /home/airflow/.local/lib/python3.12/site-packages/airflow/example_dags/example_xcom.py took 0.236 seconds
[2026-06-29T22:20:52.785+0000] {processor.py:186} INFO - Started process (PID=1628) to work on /home/airflow/.local/lib/python3.12/site-packages/airflow/example_dags/example_xcom.py
[2026-06-29T22:20:52.788+0000] {processor.py:914} INFO - Processing file /home/airflow/.local/lib/python3.12/site-packages/airflow/example_dags/example_xcom.py for tasks to queue
[2026-06-29T22:20:52.793+0000] {logging_mixin.py:190} INFO - [2026-06-29T22:20:52.793+0000] {dagbag.py:588} INFO - Filling up the DagBag from /home/airflow/.local/lib/python3.12/site-packages/airflow/example_dags/example_xcom.py
[2026-06-29T22:20:52.823+0000] {processor.py:925} INFO - DAG(s) 'example_xcom' retrieved from /home/airflow/.local/lib/python3.12/site-packages/airflow/example_dags/example_xcom.py
[2026-06-29T22:20:52.889+0000] {logging_mixin.py:190} INFO - [2026-06-29T22:20:52.889+0000] {dag.py:3239} INFO - Sync 1 DAGs
[2026-06-29T22:20:52.944+0000] {logging_mixin.py:190} INFO - [2026-06-29T22:20:52.944+0000] {dag.py:4180} INFO - Setting next_dagrun for example_xcom to 2021-01-01 00:00:00+00:00, run_after=2021-01-01 00:00:00+00:00
[2026-06-29T22:20:53.020+0000] {processor.py:208} INFO - Processing /home/airflow/.local/lib/python3.12/site-packages/airflow/example_dags/example_xcom.py took 0.248 seconds
[2026-06-29T22:21:23.673+0000] {processor.py:186} INFO - Started process (PID=1692) to work on /home/airflow/.local/lib/python3.12/site-packages/airflow/example_dags/example_xcom.py
[2026-06-29T22:21:23.680+0000] {processor.py:914} INFO - Processing file /home/airflow/.local/lib/python3.12/site-packages/airflow/example_dags/example_xcom.py for tasks to queue
[2026-06-29T22:21:23.687+0000] {logging_mixin.py:190} INFO - [2026-06-29T22:21:23.686+0000] {dagbag.py:588} INFO - Filling up the DagBag from /home/airflow/.local/lib/python3.12/site-packages/airflow/example_dags/example_xcom.py
[2026-06-29T22:21:23.720+0000] {processor.py:925} INFO - DAG(s) 'example_xcom' retrieved from /home/airflow/.local/lib/python3.12/site-packages/airflow/example_dags/example_xcom.py
[2026-06-29T22:21:23.788+0000] {logging_mixin.py:190} INFO - [2026-06-29T22:21:23.787+0000] {dag.py:3239} INFO - Sync 1 DAGs
[2026-06-29T22:21:23.857+0000] {logging_mixin.py:190} INFO - [2026-06-29T22:21:23.856+0000] {dag.py:4180} INFO - Setting next_dagrun for example_xcom to 2021-01-01 00:00:00+00:00, run_after=2021-01-01 00:00:00+00:00
[2026-06-29T22:21:23.915+0000] {processor.py:208} INFO - Processing /home/airflow/.local/lib/python3.12/site-packages/airflow/example_dags/example_xcom.py took 0.263 seconds
[2026-06-29T22:21:53.990+0000] {processor.py:186} INFO - Started process (PID=1756) to work on /home/airflow/.local/lib/python3.12/site-packages/airflow/example_dags/example_xcom.py
[2026-06-29T22:21:53.992+0000] {processor.py:914} INFO - Processing file /home/airflow/.local/lib/python3.12/site-packages/airflow/example_dags/example_xcom.py for tasks to queue
[2026-06-29T22:21:53.995+0000] {logging_mixin.py:190} INFO - [2026-06-29T22:21:53.994+0000] {dagbag.py:588} INFO - Filling up the DagBag from /home/airflow/.local/lib/python3.12/site-packages/airflow/example_dags/example_xcom.py
[2026-06-29T22:21:54.006+0000] {processor.py:925} INFO - DAG(s) 'example_xcom' retrieved from /home/airflow/.local/lib/python3.12/site-packages/airflow/example_dags/example_xcom.py
[2026-06-29T22:21:54.031+0000] {logging_mixin.py:190} INFO - [2026-06-29T22:21:54.031+0000] {dag.py:3239} INFO - Sync 1 DAGs
[2026-06-29T22:21:54.054+0000] {logging_mixin.py:190} INFO - [2026-06-29T22:21:54.054+0000] {dag.py:4180} INFO - Setting next_dagrun for example_xcom to 2021-01-01 00:00:00+00:00, run_after=2021-01-01 00:00:00+00:00
[2026-06-29T22:21:54.077+0000] {processor.py:208} INFO - Processing /home/airflow/.local/lib/python3.12/site-packages/airflow/example_dags/example_xcom.py took 0.093 seconds
[2026-06-29T22:22:24.989+0000] {processor.py:186} INFO - Started process (PID=1820) to work on /home/airflow/.local/lib/python3.12/site-packages/airflow/example_dags/example_xcom.py
[2026-06-29T22:22:24.991+0000] {processor.py:914} INFO - Processing file /home/airflow/.local/lib/python3.12/site-packages/airflow/example_dags/example_xcom.py for tasks to queue
[2026-06-29T22:22:24.997+0000] {logging_mixin.py:190} INFO - [2026-06-29T22:22:24.996+0000] {dagbag.py:588} INFO - Filling up the DagBag from /home/airflow/.local/lib/python3.12/site-packages/airflow/example_dags/example_xcom.py
[2026-06-29T22:22:25.010+0000] {processor.py:925} INFO - DAG(s) 'example_xcom' retrieved from /home/airflow/.local/lib/python3.12/site-packages/airflow/example_dags/example_xcom.py
[2026-06-29T22:22:25.033+0000] {logging_mixin.py:190} INFO - [2026-06-29T22:22:25.032+0000] {dag.py:3239} INFO - Sync 1 DAGs
[2026-06-29T22:22:25.056+0000] {logging_mixin.py:190} INFO - [2026-06-29T22:22:25.056+0000] {dag.py:4180} INFO - Setting next_dagrun for example_xcom to 2021-01-01 00:00:00+00:00, run_after=2021-01-01 00:00:00+00:00
[2026-06-29T22:22:25.077+0000] {processor.py:208} INFO - Processing /home/airflow/.local/lib/python3.12/site-packages/airflow/example_dags/example_xcom.py took 0.094 seconds
[2026-06-29T22:22:55.277+0000] {processor.py:186} INFO - Started process (PID=1885) to work on /home/airflow/.local/lib/python3.12/site-packages/airflow/example_dags/example_xcom.py
[2026-06-29T22:22:55.279+0000] {processor.py:914} INFO - Processing file /home/airflow/.local/lib/python3.12/site-packages/airflow/example_dags/example_xcom.py for tasks to queue
[2026-06-29T22:22:55.283+0000] {logging_mixin.py:190} INFO - [2026-06-29T22:22:55.282+0000] {dagbag.py:588} INFO - Filling up the DagBag from /home/airflow/.local/lib/python3.12/site-packages/airflow/example_dags/example_xcom.py
[2026-06-29T22:22:55.297+0000] {processor.py:925} INFO - DAG(s) 'example_xcom' retrieved from /home/airflow/.local/lib/python3.12/site-packages/airflow/example_dags/example_xcom.py
[2026-06-29T22:22:55.321+0000] {logging_mixin.py:190} INFO - [2026-06-29T22:22:55.321+0000] {dag.py:3239} INFO - Sync 1 DAGs
[2026-06-29T22:22:55.345+0000] {logging_mixin.py:190} INFO - [2026-06-29T22:22:55.344+0000] {dag.py:4180} INFO - Setting next_dagrun for example_xcom to 2021-01-01 00:00:00+00:00, run_after=2021-01-01 00:00:00+00:00
[2026-06-29T22:22:55.365+0000] {processor.py:208} INFO - Processing /home/airflow/.local/lib/python3.12/site-packages/airflow/example_dags/example_xcom.py took 0.097 seconds
[2026-06-29T22:23:25.699+0000] {processor.py:186} INFO - Started process (PID=1948) to work on /home/airflow/.local/lib/python3.12/site-packages/airflow/example_dags/example_xcom.py
[2026-06-29T22:23:25.701+0000] {processor.py:914} INFO - Processing file /home/airflow/.local/lib/python3.12/site-packages/airflow/example_dags/example_xcom.py for tasks to queue
[2026-06-29T22:23:25.704+0000] {logging_mixin.py:190} INFO - [2026-06-29T22:23:25.704+0000] {dagbag.py:588} INFO - Filling up the DagBag from /home/airflow/.local/lib/python3.12/site-packages/airflow/example_dags/example_xcom.py
[2026-06-29T22:23:25.714+0000] {processor.py:925} INFO - DAG(s) 'example_xcom' retrieved from /home/airflow/.local/lib/python3.12/site-packages/airflow/example_dags/example_xcom.py
[2026-06-29T22:23:25.736+0000] {logging_mixin.py:190} INFO - [2026-06-29T22:23:25.736+0000] {dag.py:3239} INFO - Sync 1 DAGs
[2026-06-29T22:23:25.758+0000] {logging_mixin.py:190} INFO - [2026-06-29T22:23:25.758+0000] {dag.py:4180} INFO - Setting next_dagrun for example_xcom to 2021-01-01 00:00:00+00:00, run_after=2021-01-01 00:00:00+00:00
[2026-06-29T22:23:25.779+0000] {processor.py:208} INFO - Processing /home/airflow/.local/lib/python3.12/site-packages/airflow/example_dags/example_xcom.py took 0.086 seconds
[2026-06-29T22:23:56.611+0000] {processor.py:186} INFO - Started process (PID=2012) to work on /home/airflow/.local/lib/python3.12/site-packages/airflow/example_dags/example_xcom.py
[2026-06-29T22:23:56.613+0000] {processor.py:914} INFO - Processing file /home/airflow/.local/lib/python3.12/site-packages/airflow/example_dags/example_xcom.py for tasks to queue
[2026-06-29T22:23:56.617+0000] {logging_mixin.py:190} INFO - [2026-06-29T22:23:56.617+0000] {dagbag.py:588} INFO - Filling up the DagBag from /home/airflow/.local/lib/python3.12/site-packages/airflow/example_dags/example_xcom.py
[2026-06-29T22:23:56.629+0000] {processor.py:925} INFO - DAG(s) 'example_xcom' retrieved from /home/airflow/.local/lib/python3.12/site-packages/airflow/example_dags/example_xcom.py
[2026-06-29T22:23:56.653+0000] {logging_mixin.py:190} INFO - [2026-06-29T22:23:56.653+0000] {dag.py:3239} INFO - Sync 1 DAGs
[2026-06-29T22:23:56.677+0000] {logging_mixin.py:190} INFO - [2026-06-29T22:23:56.677+0000] {dag.py:4180} INFO - Setting next_dagrun for example_xcom to 2021-01-01 00:00:00+00:00, run_after=2021-01-01 00:00:00+00:00
[2026-06-29T22:23:56.697+0000] {processor.py:208} INFO - Processing /home/airflow/.local/lib/python3.12/site-packages/airflow/example_dags/example_xcom.py took 0.094 seconds
[2026-06-29T22:24:26.944+0000] {processor.py:186} INFO - Started process (PID=2076) to work on /home/airflow/.local/lib/python3.12/site-packages/airflow/example_dags/example_xcom.py
[2026-06-29T22:24:26.946+0000] {processor.py:914} INFO - Processing file /home/airflow/.local/lib/python3.12/site-packages/airflow/example_dags/example_xcom.py for tasks to queue
[2026-06-29T22:24:26.950+0000] {logging_mixin.py:190} INFO - [2026-06-29T22:24:26.950+0000] {dagbag.py:588} INFO - Filling up the DagBag from /home/airflow/.local/lib/python3.12/site-packages/airflow/example_dags/example_xcom.py
[2026-06-29T22:24:26.964+0000] {processor.py:925} INFO - DAG(s) 'example_xcom' retrieved from /home/airflow/.local/lib/python3.12/site-packages/airflow/example_dags/example_xcom.py
[2026-06-29T22:24:26.990+0000] {logging_mixin.py:190} INFO - [2026-06-29T22:24:26.990+0000] {dag.py:3239} INFO - Sync 1 DAGs
[2026-06-29T22:24:27.013+0000] {logging_mixin.py:190} INFO - [2026-06-29T22:24:27.013+0000] {dag.py:4180} INFO - Setting next_dagrun for example_xcom to 2021-01-01 00:00:00+00:00, run_after=2021-01-01 00:00:00+00:00
[2026-06-29T22:24:27.034+0000] {processor.py:208} INFO - Processing /home/airflow/.local/lib/python3.12/site-packages/airflow/example_dags/example_xcom.py took 0.101 seconds
[2026-06-29T22:24:57.583+0000] {processor.py:186} INFO - Started process (PID=2140) to work on /home/airflow/.local/lib/python3.12/site-packages/airflow/example_dags/example_xcom.py
[2026-06-29T22:24:57.585+0000] {processor.py:914} INFO - Processing file /home/airflow/.local/lib/python3.12/site-packages/airflow/example_dags/example_xcom.py for tasks to queue
[2026-06-29T22:24:57.588+0000] {logging_mixin.py:190} INFO - [2026-06-29T22:24:57.587+0000] {dagbag.py:588} INFO - Filling up the DagBag from /home/airflow/.local/lib/python3.12/site-packages/airflow/example_dags/example_xcom.py
[2026-06-29T22:24:57.600+0000] {processor.py:925} INFO - DAG(s) 'example_xcom' retrieved from /home/airflow/.local/lib/python3.12/site-packages/airflow/example_dags/example_xcom.py
[2026-06-29T22:24:57.623+0000] {logging_mixin.py:190} INFO - [2026-06-29T22:24:57.622+0000] {dag.py:3239} INFO - Sync 1 DAGs
[2026-06-29T22:24:57.646+0000] {logging_mixin.py:190} INFO - [2026-06-29T22:24:57.646+0000] {dag.py:4180} INFO - Setting next_dagrun for example_xcom to 2021-01-01 00:00:00+00:00, run_after=2021-01-01 00:00:00+00:00
[2026-06-29T22:24:57.666+0000] {processor.py:208} INFO - Processing /home/airflow/.local/lib/python3.12/site-packages/airflow/example_dags/example_xcom.py took 0.089 seconds
[2026-06-29T22:25:28.326+0000] {processor.py:186} INFO - Started process (PID=2204) to work on /home/airflow/.local/lib/python3.12/site-packages/airflow/example_dags/example_xcom.py
[2026-06-29T22:25:28.328+0000] {processor.py:914} INFO - Processing file /home/airflow/.local/lib/python3.12/site-packages/airflow/example_dags/example_xcom.py for tasks to queue
[2026-06-29T22:25:28.331+0000] {logging_mixin.py:190} INFO - [2026-06-29T22:25:28.331+0000] {dagbag.py:588} INFO - Filling up the DagBag from /home/airflow/.local/lib/python3.12/site-packages/airflow/example_dags/example_xcom.py
[2026-06-29T22:25:28.341+0000] {processor.py:925} INFO - DAG(s) 'example_xcom' retrieved from /home/airflow/.local/lib/python3.12/site-packages/airflow/example_dags/example_xcom.py
[2026-06-29T22:25:28.365+0000] {logging_mixin.py:190} INFO - [2026-06-29T22:25:28.365+0000] {dag.py:3239} INFO - Sync 1 DAGs
[2026-06-29T22:25:28.387+0000] {logging_mixin.py:190} INFO - [2026-06-29T22:25:28.387+0000] {dag.py:4180} INFO - Setting next_dagrun for example_xcom to 2021-01-01 00:00:00+00:00, run_after=2021-01-01 00:00:00+00:00
[2026-06-29T22:25:28.407+0000] {processor.py:208} INFO - Processing /home/airflow/.local/lib/python3.12/site-packages/airflow/example_dags/example_xcom.py took 0.087 seconds
[2026-06-29T22:25:58.833+0000] {processor.py:186} INFO - Started process (PID=2268) to work on /home/airflow/.local/lib/python3.12/site-packages/airflow/example_dags/example_xcom.py
[2026-06-29T22:25:58.835+0000] {processor.py:914} INFO - Processing file /home/airflow/.local/lib/python3.12/site-packages/airflow/example_dags/example_xcom.py for tasks to queue
[2026-06-29T22:25:58.839+0000] {logging_mixin.py:190} INFO - [2026-06-29T22:25:58.839+0000] {dagbag.py:588} INFO - Filling up the DagBag from /home/airflow/.local/lib/python3.12/site-packages/airflow/example_dags/example_xcom.py
[2026-06-29T22:25:58.855+0000] {processor.py:925} INFO - DAG(s) 'example_xcom' retrieved from /home/airflow/.local/lib/python3.12/site-packages/airflow/example_dags/example_xcom.py
[2026-06-29T22:25:58.890+0000] {logging_mixin.py:190} INFO - [2026-06-29T22:25:58.890+0000] {dag.py:3239} INFO - Sync 1 DAGs
[2026-06-29T22:25:58.923+0000] {logging_mixin.py:190} INFO - [2026-06-29T22:25:58.922+0000] {dag.py:4180} INFO - Setting next_dagrun for example_xcom to 2021-01-01 00:00:00+00:00, run_after=2021-01-01 00:00:00+00:00
[2026-06-29T22:25:58.955+0000] {processor.py:208} INFO - Processing /home/airflow/.local/lib/python3.12/site-packages/airflow/example_dags/example_xcom.py took 0.130 seconds
[2026-06-29T22:26:29.616+0000] {processor.py:186} INFO - Started process (PID=2332) to work on /home/airflow/.local/lib/python3.12/site-packages/airflow/example_dags/example_xcom.py
[2026-06-29T22:26:29.617+0000] {processor.py:914} INFO - Processing file /home/airflow/.local/lib/python3.12/site-packages/airflow/example_dags/example_xcom.py for tasks to queue
[2026-06-29T22:26:29.621+0000] {logging_mixin.py:190} INFO - [2026-06-29T22:26:29.620+0000] {dagbag.py:588} INFO - Filling up the DagBag from /home/airflow/.local/lib/python3.12/site-packages/airflow/example_dags/example_xcom.py
[2026-06-29T22:26:29.632+0000] {processor.py:925} INFO - DAG(s) 'example_xcom' retrieved from /home/airflow/.local/lib/python3.12/site-packages/airflow/example_dags/example_xcom.py
[2026-06-29T22:26:29.657+0000] {logging_mixin.py:190} INFO - [2026-06-29T22:26:29.657+0000] {dag.py:3239} INFO - Sync 1 DAGs
[2026-06-29T22:26:29.680+0000] {logging_mixin.py:190} INFO - [2026-06-29T22:26:29.679+0000] {dag.py:4180} INFO - Setting next_dagrun for example_xcom to 2021-01-01 00:00:00+00:00, run_after=2021-01-01 00:00:00+00:00
[2026-06-29T22:26:29.705+0000] {processor.py:208} INFO - Processing /home/airflow/.local/lib/python3.12/site-packages/airflow/example_dags/example_xcom.py took 0.095 seconds
[2026-06-29T22:26:59.879+0000] {processor.py:186} INFO - Started process (PID=2396) to work on /home/airflow/.local/lib/python3.12/site-packages/airflow/example_dags/example_xcom.py
[2026-06-29T22:26:59.881+0000] {processor.py:914} INFO - Processing file /home/airflow/.local/lib/python3.12/site-packages/airflow/example_dags/example_xcom.py for tasks to queue
[2026-06-29T22:26:59.885+0000] {logging_mixin.py:190} INFO - [2026-06-29T22:26:59.885+0000] {dagbag.py:588} INFO - Filling up the DagBag from /home/airflow/.local/lib/python3.12/site-packages/airflow/example_dags/example_xcom.py
[2026-06-29T22:26:59.898+0000] {processor.py:925} INFO - DAG(s) 'example_xcom' retrieved from /home/airflow/.local/lib/python3.12/site-packages/airflow/example_dags/example_xcom.py
[2026-06-29T22:26:59.922+0000] {logging_mixin.py:190} INFO - [2026-06-29T22:26:59.922+0000] {dag.py:3239} INFO - Sync 1 DAGs
[2026-06-29T22:26:59.945+0000] {logging_mixin.py:190} INFO - [2026-06-29T22:26:59.944+0000] {dag.py:4180} INFO - Setting next_dagrun for example_xcom to 2021-01-01 00:00:00+00:00, run_after=2021-01-01 00:00:00+00:00
[2026-06-29T22:26:59.964+0000] {processor.py:208} INFO - Processing /home/airflow/.local/lib/python3.12/site-packages/airflow/example_dags/example_xcom.py took 0.093 seconds
[2026-06-29T22:27:30.314+0000] {processor.py:186} INFO - Started process (PID=2460) to work on /home/airflow/.local/lib/python3.12/site-packages/airflow/example_dags/example_xcom.py
[2026-06-29T22:27:30.316+0000] {processor.py:914} INFO - Processing file /home/airflow/.local/lib/python3.12/site-packages/airflow/example_dags/example_xcom.py for tasks to queue
[2026-06-29T22:27:30.319+0000] {logging_mixin.py:190} INFO - [2026-06-29T22:27:30.319+0000] {dagbag.py:588} INFO - Filling up the DagBag from /home/airflow/.local/lib/python3.12/site-packages/airflow/example_dags/example_xcom.py
[2026-06-29T22:27:30.332+0000] {processor.py:925} INFO - DAG(s) 'example_xcom' retrieved from /home/airflow/.local/lib/python3.12/site-packages/airflow/example_dags/example_xcom.py
[2026-06-29T22:27:30.359+0000] {logging_mixin.py:190} INFO - [2026-06-29T22:27:30.359+0000] {dag.py:3239} INFO - Sync 1 DAGs
[2026-06-29T22:27:30.383+0000] {logging_mixin.py:190} INFO - [2026-06-29T22:27:30.383+0000] {dag.py:4180} INFO - Setting next_dagrun for example_xcom to 2021-01-01 00:00:00+00:00, run_after=2021-01-01 00:00:00+00:00
[2026-06-29T22:27:30.403+0000] {processor.py:208} INFO - Processing /home/airflow/.local/lib/python3.12/site-packages/airflow/example_dags/example_xcom.py took 0.096 seconds
[2026-06-29T22:28:01.453+0000] {processor.py:186} INFO - Started process (PID=2523) to work on /home/airflow/.local/lib/python3.12/site-packages/airflow/example_dags/example_xcom.py
[2026-06-29T22:28:01.456+0000] {processor.py:914} INFO - Processing file /home/airflow/.local/lib/python3.12/site-packages/airflow/example_dags/example_xcom.py for tasks to queue
[2026-06-29T22:28:01.459+0000] {logging_mixin.py:190} INFO - [2026-06-29T22:28:01.459+0000] {dagbag.py:588} INFO - Filling up the DagBag from /home/airflow/.local/lib/python3.12/site-packages/airflow/example_dags/example_xcom.py
[2026-06-29T22:28:01.473+0000] {processor.py:925} INFO - DAG(s) 'example_xcom' retrieved from /home/airflow/.local/lib/python3.12/site-packages/airflow/example_dags/example_xcom.py
[2026-06-29T22:28:01.499+0000] {logging_mixin.py:190} INFO - [2026-06-29T22:28:01.498+0000] {dag.py:3239} INFO - Sync 1 DAGs
[2026-06-29T22:28:01.526+0000] {logging_mixin.py:190} INFO - [2026-06-29T22:28:01.525+0000] {dag.py:4180} INFO - Setting next_dagrun for example_xcom to 2021-01-01 00:00:00+00:00, run_after=2021-01-01 00:00:00+00:00
[2026-06-29T22:28:01.550+0000] {processor.py:208} INFO - Processing /home/airflow/.local/lib/python3.12/site-packages/airflow/example_dags/example_xcom.py took 0.105 seconds
[2026-06-29T22:28:32.696+0000] {processor.py:186} INFO - Started process (PID=2586) to work on /home/airflow/.local/lib/python3.12/site-packages/airflow/example_dags/example_xcom.py
[2026-06-29T22:28:32.700+0000] {processor.py:914} INFO - Processing file /home/airflow/.local/lib/python3.12/site-packages/airflow/example_dags/example_xcom.py for tasks to queue
[2026-06-29T22:28:32.710+0000] {logging_mixin.py:190} INFO - [2026-06-29T22:28:32.708+0000] {dagbag.py:588} INFO - Filling up the DagBag from /home/airflow/.local/lib/python3.12/site-packages/airflow/example_dags/example_xcom.py
[2026-06-29T22:28:32.733+0000] {processor.py:925} INFO - DAG(s) 'example_xcom' retrieved from /home/airflow/.local/lib/python3.12/site-packages/airflow/example_dags/example_xcom.py
[2026-06-29T22:28:32.781+0000] {logging_mixin.py:190} INFO - [2026-06-29T22:28:32.781+0000] {dag.py:3239} INFO - Sync 1 DAGs
[2026-06-29T22:28:32.829+0000] {logging_mixin.py:190} INFO - [2026-06-29T22:28:32.828+0000] {dag.py:4180} INFO - Setting next_dagrun for example_xcom to 2021-01-01 00:00:00+00:00, run_after=2021-01-01 00:00:00+00:00
[2026-06-29T22:28:32.872+0000] {processor.py:208} INFO - Processing /home/airflow/.local/lib/python3.12/site-packages/airflow/example_dags/example_xcom.py took 0.199 seconds
[2026-06-29T22:29:04.170+0000] {processor.py:186} INFO - Started process (PID=2650) to work on /home/airflow/.local/lib/python3.12/site-packages/airflow/example_dags/example_xcom.py
[2026-06-29T22:29:04.172+0000] {processor.py:914} INFO - Processing file /home/airflow/.local/lib/python3.12/site-packages/airflow/example_dags/example_xcom.py for tasks to queue
[2026-06-29T22:29:04.175+0000] {logging_mixin.py:190} INFO - [2026-06-29T22:29:04.175+0000] {dagbag.py:588} INFO - Filling up the DagBag from /home/airflow/.local/lib/python3.12/site-packages/airflow/example_dags/example_xcom.py
[2026-06-29T22:29:04.188+0000] {processor.py:925} INFO - DAG(s) 'example_xcom' retrieved from /home/airflow/.local/lib/python3.12/site-packages/airflow/example_dags/example_xcom.py
[2026-06-29T22:29:04.226+0000] {logging_mixin.py:190} INFO - [2026-06-29T22:29:04.226+0000] {dag.py:3239} INFO - Sync 1 DAGs
[2026-06-29T22:29:04.257+0000] {logging_mixin.py:190} INFO - [2026-06-29T22:29:04.257+0000] {dag.py:4180} INFO - Setting next_dagrun for example_xcom to 2021-01-01 00:00:00+00:00, run_after=2021-01-01 00:00:00+00:00
[2026-06-29T22:29:04.282+0000] {processor.py:208} INFO - Processing /home/airflow/.local/lib/python3.12/site-packages/airflow/example_dags/example_xcom.py took 0.120 seconds
[2026-06-29T22:29:34.555+0000] {processor.py:186} INFO - Started process (PID=2711) to work on /home/airflow/.local/lib/python3.12/site-packages/airflow/example_dags/example_xcom.py
[2026-06-29T22:29:34.558+0000] {processor.py:914} INFO - Processing file /home/airflow/.local/lib/python3.12/site-packages/airflow/example_dags/example_xcom.py for tasks to queue
[2026-06-29T22:29:34.568+0000] {logging_mixin.py:190} INFO - [2026-06-29T22:29:34.567+0000] {dagbag.py:588} INFO - Filling up the DagBag from /home/airflow/.local/lib/python3.12/site-packages/airflow/example_dags/example_xcom.py
[2026-06-29T22:29:34.596+0000] {processor.py:925} INFO - DAG(s) 'example_xcom' retrieved from /home/airflow/.local/lib/python3.12/site-packages/airflow/example_dags/example_xcom.py
[2026-06-29T22:29:34.652+0000] {logging_mixin.py:190} INFO - [2026-06-29T22:29:34.652+0000] {dag.py:3239} INFO - Sync 1 DAGs
[2026-06-29T22:29:34.712+0000] {logging_mixin.py:190} INFO - [2026-06-29T22:29:34.711+0000] {dag.py:4180} INFO - Setting next_dagrun for example_xcom to 2021-01-01 00:00:00+00:00, run_after=2021-01-01 00:00:00+00:00
[2026-06-29T22:29:34.763+0000] {processor.py:208} INFO - Processing /home/airflow/.local/lib/python3.12/site-packages/airflow/example_dags/example_xcom.py took 0.221 seconds
[2026-06-29T22:30:05.433+0000] {processor.py:186} INFO - Started process (PID=2775) to work on /home/airflow/.local/lib/python3.12/site-packages/airflow/example_dags/example_xcom.py
[2026-06-29T22:30:05.435+0000] {processor.py:914} INFO - Processing file /home/airflow/.local/lib/python3.12/site-packages/airflow/example_dags/example_xcom.py for tasks to queue
[2026-06-29T22:30:05.439+0000] {logging_mixin.py:190} INFO - [2026-06-29T22:30:05.439+0000] {dagbag.py:588} INFO - Filling up the DagBag from /home/airflow/.local/lib/python3.12/site-packages/airflow/example_dags/example_xcom.py
[2026-06-29T22:30:05.457+0000] {processor.py:925} INFO - DAG(s) 'example_xcom' retrieved from /home/airflow/.local/lib/python3.12/site-packages/airflow/example_dags/example_xcom.py
[2026-06-29T22:30:05.517+0000] {logging_mixin.py:190} INFO - [2026-06-29T22:30:05.516+0000] {dag.py:3239} INFO - Sync 1 DAGs
[2026-06-29T22:30:05.565+0000] {logging_mixin.py:190} INFO - [2026-06-29T22:30:05.565+0000] {dag.py:4180} INFO - Setting next_dagrun for example_xcom to 2021-01-01 00:00:00+00:00, run_after=2021-01-01 00:00:00+00:00
[2026-06-29T22:30:05.604+0000] {processor.py:208} INFO - Processing /home/airflow/.local/lib/python3.12/site-packages/airflow/example_dags/example_xcom.py took 0.180 seconds
[2026-06-29T22:30:37.293+0000] {processor.py:186} INFO - Started process (PID=2839) to work on /home/airflow/.local/lib/python3.12/site-packages/airflow/example_dags/example_xcom.py
[2026-06-29T22:30:37.303+0000] {processor.py:914} INFO - Processing file /home/airflow/.local/lib/python3.12/site-packages/airflow/example_dags/example_xcom.py for tasks to queue
[2026-06-29T22:30:37.318+0000] {logging_mixin.py:190} INFO - [2026-06-29T22:30:37.311+0000] {dagbag.py:588} INFO - Filling up the DagBag from /home/airflow/.local/lib/python3.12/site-packages/airflow/example_dags/example_xcom.py
[2026-06-29T22:30:37.358+0000] {processor.py:925} INFO - DAG(s) 'example_xcom' retrieved from /home/airflow/.local/lib/python3.12/site-packages/airflow/example_dags/example_xcom.py
[2026-06-29T22:30:37.555+0000] {logging_mixin.py:190} INFO - [2026-06-29T22:30:37.554+0000] {dag.py:3239} INFO - Sync 1 DAGs
[2026-06-29T22:30:37.712+0000] {logging_mixin.py:190} INFO - [2026-06-29T22:30:37.711+0000] {dag.py:4180} INFO - Setting next_dagrun for example_xcom to 2021-01-01 00:00:00+00:00, run_after=2021-01-01 00:00:00+00:00
[2026-06-29T22:30:37.785+0000] {processor.py:208} INFO - Processing /home/airflow/.local/lib/python3.12/site-packages/airflow/example_dags/example_xcom.py took 0.530 seconds
[2026-06-29T22:31:07.871+0000] {processor.py:186} INFO - Started process (PID=2903) to work on /home/airflow/.local/lib/python3.12/site-packages/airflow/example_dags/example_xcom.py
[2026-06-29T22:31:07.873+0000] {processor.py:914} INFO - Processing file /home/airflow/.local/lib/python3.12/site-packages/airflow/example_dags/example_xcom.py for tasks to queue
[2026-06-29T22:31:07.876+0000] {logging_mixin.py:190} INFO - [2026-06-29T22:31:07.876+0000] {dagbag.py:588} INFO - Filling up the DagBag from /home/airflow/.local/lib/python3.12/site-packages/airflow/example_dags/example_xcom.py
[2026-06-29T22:31:07.888+0000] {processor.py:925} INFO - DAG(s) 'example_xcom' retrieved from /home/airflow/.local/lib/python3.12/site-packages/airflow/example_dags/example_xcom.py
[2026-06-29T22:31:07.910+0000] {logging_mixin.py:190} INFO - [2026-06-29T22:31:07.910+0000] {dag.py:3239} INFO - Sync 1 DAGs
[2026-06-29T22:31:07.938+0000] {logging_mixin.py:190} INFO - [2026-06-29T22:31:07.938+0000] {dag.py:4180} INFO - Setting next_dagrun for example_xcom to 2021-01-01 00:00:00+00:00, run_after=2021-01-01 00:00:00+00:00
[2026-06-29T22:31:07.961+0000] {processor.py:208} INFO - Processing /home/airflow/.local/lib/python3.12/site-packages/airflow/example_dags/example_xcom.py took 0.096 seconds
[2026-06-29T22:31:38.555+0000] {processor.py:186} INFO - Started process (PID=2974) to work on /home/airflow/.local/lib/python3.12/site-packages/airflow/example_dags/example_xcom.py
[2026-06-29T22:31:38.557+0000] {processor.py:914} INFO - Processing file /home/airflow/.local/lib/python3.12/site-packages/airflow/example_dags/example_xcom.py for tasks to queue
[2026-06-29T22:31:38.560+0000] {logging_mixin.py:190} INFO - [2026-06-29T22:31:38.560+0000] {dagbag.py:588} INFO - Filling up the DagBag from /home/airflow/.local/lib/python3.12/site-packages/airflow/example_dags/example_xcom.py
[2026-06-29T22:31:38.571+0000] {processor.py:925} INFO - DAG(s) 'example_xcom' retrieved from /home/airflow/.local/lib/python3.12/site-packages/airflow/example_dags/example_xcom.py
[2026-06-29T22:31:38.595+0000] {logging_mixin.py:190} INFO - [2026-06-29T22:31:38.594+0000] {dag.py:3239} INFO - Sync 1 DAGs
[2026-06-29T22:31:38.621+0000] {logging_mixin.py:190} INFO - [2026-06-29T22:31:38.620+0000] {dag.py:4180} INFO - Setting next_dagrun for example_xcom to 2021-01-01 00:00:00+00:00, run_after=2021-01-01 00:00:00+00:00
[2026-06-29T22:31:38.644+0000] {processor.py:208} INFO - Processing /home/airflow/.local/lib/python3.12/site-packages/airflow/example_dags/example_xcom.py took 0.095 seconds
[2026-06-29T22:32:09.848+0000] {processor.py:186} INFO - Started process (PID=3091) to work on /home/airflow/.local/lib/python3.12/site-packages/airflow/example_dags/example_xcom.py
[2026-06-29T22:32:09.852+0000] {processor.py:914} INFO - Processing file /home/airflow/.local/lib/python3.12/site-packages/airflow/example_dags/example_xcom.py for tasks to queue
[2026-06-29T22:32:09.859+0000] {logging_mixin.py:190} INFO - [2026-06-29T22:32:09.858+0000] {dagbag.py:588} INFO - Filling up the DagBag from /home/airflow/.local/lib/python3.12/site-packages/airflow/example_dags/example_xcom.py
[2026-06-29T22:32:09.884+0000] {processor.py:925} INFO - DAG(s) 'example_xcom' retrieved from /home/airflow/.local/lib/python3.12/site-packages/airflow/example_dags/example_xcom.py
[2026-06-29T22:32:09.966+0000] {logging_mixin.py:190} INFO - [2026-06-29T22:32:09.965+0000] {dag.py:3239} INFO - Sync 1 DAGs
[2026-06-29T22:32:10.045+0000] {logging_mixin.py:190} INFO - [2026-06-29T22:32:10.044+0000] {dag.py:4180} INFO - Setting next_dagrun for example_xcom to 2021-01-01 00:00:00+00:00, run_after=2021-01-01 00:00:00+00:00
[2026-06-29T22:32:10.111+0000] {processor.py:208} INFO - Processing /home/airflow/.local/lib/python3.12/site-packages/airflow/example_dags/example_xcom.py took 0.288 seconds
[2026-06-29T22:32:40.568+0000] {processor.py:186} INFO - Started process (PID=3197) to work on /home/airflow/.local/lib/python3.12/site-packages/airflow/example_dags/example_xcom.py
[2026-06-29T22:32:40.572+0000] {processor.py:914} INFO - Processing file /home/airflow/.local/lib/python3.12/site-packages/airflow/example_dags/example_xcom.py for tasks to queue
[2026-06-29T22:32:40.583+0000] {logging_mixin.py:190} INFO - [2026-06-29T22:32:40.582+0000] {dagbag.py:588} INFO - Filling up the DagBag from /home/airflow/.local/lib/python3.12/site-packages/airflow/example_dags/example_xcom.py
[2026-06-29T22:32:40.612+0000] {processor.py:925} INFO - DAG(s) 'example_xcom' retrieved from /home/airflow/.local/lib/python3.12/site-packages/airflow/example_dags/example_xcom.py
[2026-06-29T22:32:40.704+0000] {logging_mixin.py:190} INFO - [2026-06-29T22:32:40.703+0000] {dag.py:3239} INFO - Sync 1 DAGs
[2026-06-29T22:32:40.810+0000] {logging_mixin.py:190} INFO - [2026-06-29T22:32:40.809+0000] {dag.py:4180} INFO - Setting next_dagrun for example_xcom to 2021-01-01 00:00:00+00:00, run_after=2021-01-01 00:00:00+00:00
[2026-06-29T22:32:40.929+0000] {processor.py:208} INFO - Processing /home/airflow/.local/lib/python3.12/site-packages/airflow/example_dags/example_xcom.py took 0.380 seconds
[2026-06-29T22:33:11.028+0000] {processor.py:186} INFO - Started process (PID=3271) to work on /home/airflow/.local/lib/python3.12/site-packages/airflow/example_dags/example_xcom.py
[2026-06-29T22:33:11.029+0000] {processor.py:914} INFO - Processing file /home/airflow/.local/lib/python3.12/site-packages/airflow/example_dags/example_xcom.py for tasks to queue
[2026-06-29T22:33:11.033+0000] {logging_mixin.py:190} INFO - [2026-06-29T22:33:11.032+0000] {dagbag.py:588} INFO - Filling up the DagBag from /home/airflow/.local/lib/python3.12/site-packages/airflow/example_dags/example_xcom.py
[2026-06-29T22:33:11.048+0000] {processor.py:925} INFO - DAG(s) 'example_xcom' retrieved from /home/airflow/.local/lib/python3.12/site-packages/airflow/example_dags/example_xcom.py
[2026-06-29T22:33:11.082+0000] {logging_mixin.py:190} INFO - [2026-06-29T22:33:11.082+0000] {dag.py:3239} INFO - Sync 1 DAGs
[2026-06-29T22:33:11.113+0000] {logging_mixin.py:190} INFO - [2026-06-29T22:33:11.112+0000] {dag.py:4180} INFO - Setting next_dagrun for example_xcom to 2021-01-01 00:00:00+00:00, run_after=2021-01-01 00:00:00+00:00
[2026-06-29T22:33:11.136+0000] {processor.py:208} INFO - Processing /home/airflow/.local/lib/python3.12/site-packages/airflow/example_dags/example_xcom.py took 0.123 seconds
[2026-06-29T22:33:41.292+0000] {processor.py:186} INFO - Started process (PID=3335) to work on /home/airflow/.local/lib/python3.12/site-packages/airflow/example_dags/example_xcom.py
[2026-06-29T22:33:41.295+0000] {processor.py:914} INFO - Processing file /home/airflow/.local/lib/python3.12/site-packages/airflow/example_dags/example_xcom.py for tasks to queue
[2026-06-29T22:33:41.304+0000] {logging_mixin.py:190} INFO - [2026-06-29T22:33:41.303+0000] {dagbag.py:588} INFO - Filling up the DagBag from /home/airflow/.local/lib/python3.12/site-packages/airflow/example_dags/example_xcom.py
[2026-06-29T22:33:41.338+0000] {processor.py:925} INFO - DAG(s) 'example_xcom' retrieved from /home/airflow/.local/lib/python3.12/site-packages/airflow/example_dags/example_xcom.py
[2026-06-29T22:33:41.430+0000] {logging_mixin.py:190} INFO - [2026-06-29T22:33:41.429+0000] {dag.py:3239} INFO - Sync 1 DAGs
[2026-06-29T22:33:41.497+0000] {logging_mixin.py:190} INFO - [2026-06-29T22:33:41.496+0000] {dag.py:4180} INFO - Setting next_dagrun for example_xcom to 2021-01-01 00:00:00+00:00, run_after=2021-01-01 00:00:00+00:00
[2026-06-29T22:33:41.554+0000] {processor.py:208} INFO - Processing /home/airflow/.local/lib/python3.12/site-packages/airflow/example_dags/example_xcom.py took 0.287 seconds
[2026-06-29T22:34:12.551+0000] {processor.py:186} INFO - Started process (PID=3399) to work on /home/airflow/.local/lib/python3.12/site-packages/airflow/example_dags/example_xcom.py
[2026-06-29T22:34:12.553+0000] {processor.py:914} INFO - Processing file /home/airflow/.local/lib/python3.12/site-packages/airflow/example_dags/example_xcom.py for tasks to queue
[2026-06-29T22:34:12.556+0000] {logging_mixin.py:190} INFO - [2026-06-29T22:34:12.555+0000] {dagbag.py:588} INFO - Filling up the DagBag from /home/airflow/.local/lib/python3.12/site-packages/airflow/example_dags/example_xcom.py
[2026-06-29T22:34:12.565+0000] {processor.py:925} INFO - DAG(s) 'example_xcom' retrieved from /home/airflow/.local/lib/python3.12/site-packages/airflow/example_dags/example_xcom.py
[2026-06-29T22:34:12.590+0000] {logging_mixin.py:190} INFO - [2026-06-29T22:34:12.589+0000] {dag.py:3239} INFO - Sync 1 DAGs
[2026-06-29T22:34:12.614+0000] {logging_mixin.py:190} INFO - [2026-06-29T22:34:12.614+0000] {dag.py:4180} INFO - Setting next_dagrun for example_xcom to 2021-01-01 00:00:00+00:00, run_after=2021-01-01 00:00:00+00:00
[2026-06-29T22:34:12.634+0000] {processor.py:208} INFO - Processing /home/airflow/.local/lib/python3.12/site-packages/airflow/example_dags/example_xcom.py took 0.091 seconds
[2026-06-29T22:34:43.583+0000] {processor.py:186} INFO - Started process (PID=3463) to work on /home/airflow/.local/lib/python3.12/site-packages/airflow/example_dags/example_xcom.py
[2026-06-29T22:34:43.587+0000] {processor.py:914} INFO - Processing file /home/airflow/.local/lib/python3.12/site-packages/airflow/example_dags/example_xcom.py for tasks to queue
[2026-06-29T22:34:43.594+0000] {logging_mixin.py:190} INFO - [2026-06-29T22:34:43.594+0000] {dagbag.py:588} INFO - Filling up the DagBag from /home/airflow/.local/lib/python3.12/site-packages/airflow/example_dags/example_xcom.py
[2026-06-29T22:34:43.622+0000] {processor.py:925} INFO - DAG(s) 'example_xcom' retrieved from /home/airflow/.local/lib/python3.12/site-packages/airflow/example_dags/example_xcom.py
[2026-06-29T22:34:43.677+0000] {logging_mixin.py:190} INFO - [2026-06-29T22:34:43.676+0000] {dag.py:3239} INFO - Sync 1 DAGs
[2026-06-29T22:34:43.735+0000] {logging_mixin.py:190} INFO - [2026-06-29T22:34:43.735+0000] {dag.py:4180} INFO - Setting next_dagrun for example_xcom to 2021-01-01 00:00:00+00:00, run_after=2021-01-01 00:00:00+00:00
[2026-06-29T22:34:43.784+0000] {processor.py:208} INFO - Processing /home/airflow/.local/lib/python3.12/site-packages/airflow/example_dags/example_xcom.py took 0.217 seconds
[2026-06-29T22:35:14.204+0000] {processor.py:186} INFO - Started process (PID=3526) to work on /home/airflow/.local/lib/python3.12/site-packages/airflow/example_dags/example_xcom.py
[2026-06-29T22:35:14.206+0000] {processor.py:914} INFO - Processing file /home/airflow/.local/lib/python3.12/site-packages/airflow/example_dags/example_xcom.py for tasks to queue
[2026-06-29T22:35:14.209+0000] {logging_mixin.py:190} INFO - [2026-06-29T22:35:14.208+0000] {dagbag.py:588} INFO - Filling up the DagBag from /home/airflow/.local/lib/python3.12/site-packages/airflow/example_dags/example_xcom.py
[2026-06-29T22:35:14.223+0000] {processor.py:925} INFO - DAG(s) 'example_xcom' retrieved from /home/airflow/.local/lib/python3.12/site-packages/airflow/example_dags/example_xcom.py
[2026-06-29T22:35:14.248+0000] {logging_mixin.py:190} INFO - [2026-06-29T22:35:14.248+0000] {dag.py:3239} INFO - Sync 1 DAGs
[2026-06-29T22:35:14.270+0000] {logging_mixin.py:190} INFO - [2026-06-29T22:35:14.270+0000] {dag.py:4180} INFO - Setting next_dagrun for example_xcom to 2021-01-01 00:00:00+00:00, run_after=2021-01-01 00:00:00+00:00
[2026-06-29T22:35:14.292+0000] {processor.py:208} INFO - Processing /home/airflow/.local/lib/python3.12/site-packages/airflow/example_dags/example_xcom.py took 0.098 seconds
[2026-06-29T22:35:45.103+0000] {processor.py:186} INFO - Started process (PID=3595) to work on /home/airflow/.local/lib/python3.12/site-packages/airflow/example_dags/example_xcom.py
[2026-06-29T22:35:45.105+0000] {processor.py:914} INFO - Processing file /home/airflow/.local/lib/python3.12/site-packages/airflow/example_dags/example_xcom.py for tasks to queue
[2026-06-29T22:35:45.110+0000] {logging_mixin.py:190} INFO - [2026-06-29T22:35:45.110+0000] {dagbag.py:588} INFO - Filling up the DagBag from /home/airflow/.local/lib/python3.12/site-packages/airflow/example_dags/example_xcom.py
[2026-06-29T22:35:45.123+0000] {processor.py:925} INFO - DAG(s) 'example_xcom' retrieved from /home/airflow/.local/lib/python3.12/site-packages/airflow/example_dags/example_xcom.py
[2026-06-29T22:35:45.148+0000] {logging_mixin.py:190} INFO - [2026-06-29T22:35:45.148+0000] {dag.py:3239} INFO - Sync 1 DAGs
[2026-06-29T22:35:45.176+0000] {logging_mixin.py:190} INFO - [2026-06-29T22:35:45.175+0000] {dag.py:4180} INFO - Setting next_dagrun for example_xcom to 2021-01-01 00:00:00+00:00, run_after=2021-01-01 00:00:00+00:00
[2026-06-29T22:35:45.207+0000] {processor.py:208} INFO - Processing /home/airflow/.local/lib/python3.12/site-packages/airflow/example_dags/example_xcom.py took 0.114 seconds
[2026-06-29T22:36:15.676+0000] {processor.py:186} INFO - Started process (PID=3659) to work on /home/airflow/.local/lib/python3.12/site-packages/airflow/example_dags/example_xcom.py
[2026-06-29T22:36:15.678+0000] {processor.py:914} INFO - Processing file /home/airflow/.local/lib/python3.12/site-packages/airflow/example_dags/example_xcom.py for tasks to queue
[2026-06-29T22:36:15.682+0000] {logging_mixin.py:190} INFO - [2026-06-29T22:36:15.681+0000] {dagbag.py:588} INFO - Filling up the DagBag from /home/airflow/.local/lib/python3.12/site-packages/airflow/example_dags/example_xcom.py
[2026-06-29T22:36:15.692+0000] {processor.py:925} INFO - DAG(s) 'example_xcom' retrieved from /home/airflow/.local/lib/python3.12/site-packages/airflow/example_dags/example_xcom.py
[2026-06-29T22:36:15.715+0000] {logging_mixin.py:190} INFO - [2026-06-29T22:36:15.714+0000] {dag.py:3239} INFO - Sync 1 DAGs
[2026-06-29T22:36:15.737+0000] {logging_mixin.py:190} INFO - [2026-06-29T22:36:15.737+0000] {dag.py:4180} INFO - Setting next_dagrun for example_xcom to 2021-01-01 00:00:00+00:00, run_after=2021-01-01 00:00:00+00:00
[2026-06-29T22:36:15.758+0000] {processor.py:208} INFO - Processing /home/airflow/.local/lib/python3.12/site-packages/airflow/example_dags/example_xcom.py took 0.090 seconds
[2026-06-29T22:36:46.490+0000] {processor.py:186} INFO - Started process (PID=3723) to work on /home/airflow/.local/lib/python3.12/site-packages/airflow/example_dags/example_xcom.py
[2026-06-29T22:36:46.492+0000] {processor.py:914} INFO - Processing file /home/airflow/.local/lib/python3.12/site-packages/airflow/example_dags/example_xcom.py for tasks to queue
[2026-06-29T22:36:46.499+0000] {logging_mixin.py:190} INFO - [2026-06-29T22:36:46.498+0000] {dagbag.py:588} INFO - Filling up the DagBag from /home/airflow/.local/lib/python3.12/site-packages/airflow/example_dags/example_xcom.py
[2026-06-29T22:36:46.517+0000] {processor.py:925} INFO - DAG(s) 'example_xcom' retrieved from /home/airflow/.local/lib/python3.12/site-packages/airflow/example_dags/example_xcom.py
[2026-06-29T22:36:46.556+0000] {logging_mixin.py:190} INFO - [2026-06-29T22:36:46.555+0000] {dag.py:3239} INFO - Sync 1 DAGs
[2026-06-29T22:36:46.593+0000] {logging_mixin.py:190} INFO - [2026-06-29T22:36:46.593+0000] {dag.py:4180} INFO - Setting next_dagrun for example_xcom to 2021-01-01 00:00:00+00:00, run_after=2021-01-01 00:00:00+00:00
[2026-06-29T22:36:46.934+0000] {processor.py:208} INFO - Processing /home/airflow/.local/lib/python3.12/site-packages/airflow/example_dags/example_xcom.py took 0.458 seconds
[2026-06-29T22:37:17.295+0000] {processor.py:186} INFO - Started process (PID=3787) to work on /home/airflow/.local/lib/python3.12/site-packages/airflow/example_dags/example_xcom.py
[2026-06-29T22:37:17.297+0000] {processor.py:914} INFO - Processing file /home/airflow/.local/lib/python3.12/site-packages/airflow/example_dags/example_xcom.py for tasks to queue
[2026-06-29T22:37:17.304+0000] {logging_mixin.py:190} INFO - [2026-06-29T22:37:17.303+0000] {dagbag.py:588} INFO - Filling up the DagBag from /home/airflow/.local/lib/python3.12/site-packages/airflow/example_dags/example_xcom.py
[2026-06-29T22:37:17.321+0000] {processor.py:925} INFO - DAG(s) 'example_xcom' retrieved from /home/airflow/.local/lib/python3.12/site-packages/airflow/example_dags/example_xcom.py
[2026-06-29T22:37:17.356+0000] {logging_mixin.py:190} INFO - [2026-06-29T22:37:17.355+0000] {dag.py:3239} INFO - Sync 1 DAGs
[2026-06-29T22:37:17.393+0000] {logging_mixin.py:190} INFO - [2026-06-29T22:37:17.392+0000] {dag.py:4180} INFO - Setting next_dagrun for example_xcom to 2021-01-01 00:00:00+00:00, run_after=2021-01-01 00:00:00+00:00
[2026-06-29T22:37:17.623+0000] {processor.py:208} INFO - Processing /home/airflow/.local/lib/python3.12/site-packages/airflow/example_dags/example_xcom.py took 0.345 seconds
[2026-06-29T22:37:47.987+0000] {processor.py:186} INFO - Started process (PID=3849) to work on /home/airflow/.local/lib/python3.12/site-packages/airflow/example_dags/example_xcom.py
[2026-06-29T22:37:47.989+0000] {processor.py:914} INFO - Processing file /home/airflow/.local/lib/python3.12/site-packages/airflow/example_dags/example_xcom.py for tasks to queue
[2026-06-29T22:37:47.993+0000] {logging_mixin.py:190} INFO - [2026-06-29T22:37:47.992+0000] {dagbag.py:588} INFO - Filling up the DagBag from /home/airflow/.local/lib/python3.12/site-packages/airflow/example_dags/example_xcom.py
[2026-06-29T22:37:48.011+0000] {processor.py:925} INFO - DAG(s) 'example_xcom' retrieved from /home/airflow/.local/lib/python3.12/site-packages/airflow/example_dags/example_xcom.py
[2026-06-29T22:37:48.042+0000] {logging_mixin.py:190} INFO - [2026-06-29T22:37:48.042+0000] {dag.py:3239} INFO - Sync 1 DAGs
[2026-06-29T22:37:48.069+0000] {logging_mixin.py:190} INFO - [2026-06-29T22:37:48.068+0000] {dag.py:4180} INFO - Setting next_dagrun for example_xcom to 2021-01-01 00:00:00+00:00, run_after=2021-01-01 00:00:00+00:00
[2026-06-29T22:37:48.092+0000] {processor.py:208} INFO - Processing /home/airflow/.local/lib/python3.12/site-packages/airflow/example_dags/example_xcom.py took 0.117 seconds
[2026-06-29T22:38:18.755+0000] {processor.py:186} INFO - Started process (PID=3913) to work on /home/airflow/.local/lib/python3.12/site-packages/airflow/example_dags/example_xcom.py
[2026-06-29T22:38:18.756+0000] {processor.py:914} INFO - Processing file /home/airflow/.local/lib/python3.12/site-packages/airflow/example_dags/example_xcom.py for tasks to queue
[2026-06-29T22:38:18.760+0000] {logging_mixin.py:190} INFO - [2026-06-29T22:38:18.759+0000] {dagbag.py:588} INFO - Filling up the DagBag from /home/airflow/.local/lib/python3.12/site-packages/airflow/example_dags/example_xcom.py
[2026-06-29T22:38:18.770+0000] {processor.py:925} INFO - DAG(s) 'example_xcom' retrieved from /home/airflow/.local/lib/python3.12/site-packages/airflow/example_dags/example_xcom.py
[2026-06-29T22:38:18.793+0000] {logging_mixin.py:190} INFO - [2026-06-29T22:38:18.792+0000] {dag.py:3239} INFO - Sync 1 DAGs
[2026-06-29T22:38:18.814+0000] {logging_mixin.py:190} INFO - [2026-06-29T22:38:18.814+0000] {dag.py:4180} INFO - Setting next_dagrun for example_xcom to 2021-01-01 00:00:00+00:00, run_after=2021-01-01 00:00:00+00:00
[2026-06-29T22:38:18.835+0000] {processor.py:208} INFO - Processing /home/airflow/.local/lib/python3.12/site-packages/airflow/example_dags/example_xcom.py took 0.089 seconds
[2026-06-29T22:38:49.659+0000] {processor.py:186} INFO - Started process (PID=3977) to work on /home/airflow/.local/lib/python3.12/site-packages/airflow/example_dags/example_xcom.py
[2026-06-29T22:38:49.662+0000] {processor.py:914} INFO - Processing file /home/airflow/.local/lib/python3.12/site-packages/airflow/example_dags/example_xcom.py for tasks to queue
[2026-06-29T22:38:49.666+0000] {logging_mixin.py:190} INFO - [2026-06-29T22:38:49.665+0000] {dagbag.py:588} INFO - Filling up the DagBag from /home/airflow/.local/lib/python3.12/site-packages/airflow/example_dags/example_xcom.py
[2026-06-29T22:38:49.677+0000] {processor.py:925} INFO - DAG(s) 'example_xcom' retrieved from /home/airflow/.local/lib/python3.12/site-packages/airflow/example_dags/example_xcom.py
[2026-06-29T22:38:49.702+0000] {logging_mixin.py:190} INFO - [2026-06-29T22:38:49.702+0000] {dag.py:3239} INFO - Sync 1 DAGs
[2026-06-29T22:38:49.731+0000] {logging_mixin.py:190} INFO - [2026-06-29T22:38:49.731+0000] {dag.py:4180} INFO - Setting next_dagrun for example_xcom to 2021-01-01 00:00:00+00:00, run_after=2021-01-01 00:00:00+00:00
[2026-06-29T22:38:49.755+0000] {processor.py:208} INFO - Processing /home/airflow/.local/lib/python3.12/site-packages/airflow/example_dags/example_xcom.py took 0.108 seconds
[2026-06-29T22:39:20.303+0000] {processor.py:186} INFO - Started process (PID=4041) to work on /home/airflow/.local/lib/python3.12/site-packages/airflow/example_dags/example_xcom.py
[2026-06-29T22:39:20.305+0000] {processor.py:914} INFO - Processing file /home/airflow/.local/lib/python3.12/site-packages/airflow/example_dags/example_xcom.py for tasks to queue
[2026-06-29T22:39:20.309+0000] {logging_mixin.py:190} INFO - [2026-06-29T22:39:20.308+0000] {dagbag.py:588} INFO - Filling up the DagBag from /home/airflow/.local/lib/python3.12/site-packages/airflow/example_dags/example_xcom.py
[2026-06-29T22:39:20.318+0000] {processor.py:925} INFO - DAG(s) 'example_xcom' retrieved from /home/airflow/.local/lib/python3.12/site-packages/airflow/example_dags/example_xcom.py
[2026-06-29T22:39:20.527+0000] {logging_mixin.py:190} INFO - [2026-06-29T22:39:20.527+0000] {dag.py:3239} INFO - Sync 1 DAGs
[2026-06-29T22:39:20.553+0000] {logging_mixin.py:190} INFO - [2026-06-29T22:39:20.553+0000] {dag.py:4180} INFO - Setting next_dagrun for example_xcom to 2021-01-01 00:00:00+00:00, run_after=2021-01-01 00:00:00+00:00
[2026-06-29T22:39:20.576+0000] {processor.py:208} INFO - Processing /home/airflow/.local/lib/python3.12/site-packages/airflow/example_dags/example_xcom.py took 0.283 seconds
[2026-06-29T22:39:50.990+0000] {processor.py:186} INFO - Started process (PID=4105) to work on /home/airflow/.local/lib/python3.12/site-packages/airflow/example_dags/example_xcom.py
[2026-06-29T22:39:50.992+0000] {processor.py:914} INFO - Processing file /home/airflow/.local/lib/python3.12/site-packages/airflow/example_dags/example_xcom.py for tasks to queue
[2026-06-29T22:39:50.999+0000] {logging_mixin.py:190} INFO - [2026-06-29T22:39:50.998+0000] {dagbag.py:588} INFO - Filling up the DagBag from /home/airflow/.local/lib/python3.12/site-packages/airflow/example_dags/example_xcom.py
[2026-06-29T22:39:51.031+0000] {processor.py:925} INFO - DAG(s) 'example_xcom' retrieved from /home/airflow/.local/lib/python3.12/site-packages/airflow/example_dags/example_xcom.py
[2026-06-29T22:39:51.087+0000] {logging_mixin.py:190} INFO - [2026-06-29T22:39:51.086+0000] {dag.py:3239} INFO - Sync 1 DAGs
[2026-06-29T22:39:51.504+0000] {logging_mixin.py:190} INFO - [2026-06-29T22:39:51.504+0000] {dag.py:4180} INFO - Setting next_dagrun for example_xcom to 2021-01-01 00:00:00+00:00, run_after=2021-01-01 00:00:00+00:00
[2026-06-29T22:39:51.571+0000] {processor.py:208} INFO - Processing /home/airflow/.local/lib/python3.12/site-packages/airflow/example_dags/example_xcom.py took 0.603 seconds
[2026-06-29T22:41:23.556+0000] {processor.py:186} INFO - Started process (PID=96) to work on /home/airflow/.local/lib/python3.12/site-packages/airflow/example_dags/example_xcom.py
[2026-06-29T22:41:23.558+0000] {processor.py:914} INFO - Processing file /home/airflow/.local/lib/python3.12/site-packages/airflow/example_dags/example_xcom.py for tasks to queue
[2026-06-29T22:41:23.567+0000] {logging_mixin.py:190} INFO - [2026-06-29T22:41:23.566+0000] {dagbag.py:588} INFO - Filling up the DagBag from /home/airflow/.local/lib/python3.12/site-packages/airflow/example_dags/example_xcom.py
[2026-06-29T22:41:23.591+0000] {processor.py:925} INFO - DAG(s) 'example_xcom' retrieved from /home/airflow/.local/lib/python3.12/site-packages/airflow/example_dags/example_xcom.py
[2026-06-29T22:41:23.681+0000] {logging_mixin.py:190} INFO - [2026-06-29T22:41:23.680+0000] {dag.py:3239} INFO - Sync 1 DAGs
[2026-06-29T22:41:23.747+0000] {logging_mixin.py:190} INFO - [2026-06-29T22:41:23.746+0000] {dag.py:4180} INFO - Setting next_dagrun for example_xcom to 2021-01-01 00:00:00+00:00, run_after=2021-01-01 00:00:00+00:00
[2026-06-29T22:41:23.802+0000] {processor.py:208} INFO - Processing /home/airflow/.local/lib/python3.12/site-packages/airflow/example_dags/example_xcom.py took 0.271 seconds
[2026-06-29T22:41:54.408+0000] {processor.py:186} INFO - Started process (PID=159) to work on /home/airflow/.local/lib/python3.12/site-packages/airflow/example_dags/example_xcom.py
[2026-06-29T22:41:54.413+0000] {processor.py:914} INFO - Processing file /home/airflow/.local/lib/python3.12/site-packages/airflow/example_dags/example_xcom.py for tasks to queue
[2026-06-29T22:41:54.426+0000] {logging_mixin.py:190} INFO - [2026-06-29T22:41:54.424+0000] {dagbag.py:588} INFO - Filling up the DagBag from /home/airflow/.local/lib/python3.12/site-packages/airflow/example_dags/example_xcom.py
[2026-06-29T22:41:54.450+0000] {processor.py:925} INFO - DAG(s) 'example_xcom' retrieved from /home/airflow/.local/lib/python3.12/site-packages/airflow/example_dags/example_xcom.py
[2026-06-29T22:41:54.528+0000] {logging_mixin.py:190} INFO - [2026-06-29T22:41:54.528+0000] {dag.py:3239} INFO - Sync 1 DAGs
[2026-06-29T22:41:54.579+0000] {logging_mixin.py:190} INFO - [2026-06-29T22:41:54.579+0000] {dag.py:4180} INFO - Setting next_dagrun for example_xcom to 2021-01-01 00:00:00+00:00, run_after=2021-01-01 00:00:00+00:00
[2026-06-29T22:41:54.653+0000] {processor.py:208} INFO - Processing /home/airflow/.local/lib/python3.12/site-packages/airflow/example_dags/example_xcom.py took 0.257 seconds
[2026-06-29T22:42:25.170+0000] {processor.py:186} INFO - Started process (PID=223) to work on /home/airflow/.local/lib/python3.12/site-packages/airflow/example_dags/example_xcom.py
[2026-06-29T22:42:25.172+0000] {processor.py:914} INFO - Processing file /home/airflow/.local/lib/python3.12/site-packages/airflow/example_dags/example_xcom.py for tasks to queue
[2026-06-29T22:42:25.180+0000] {logging_mixin.py:190} INFO - [2026-06-29T22:42:25.179+0000] {dagbag.py:588} INFO - Filling up the DagBag from /home/airflow/.local/lib/python3.12/site-packages/airflow/example_dags/example_xcom.py
[2026-06-29T22:42:25.206+0000] {processor.py:925} INFO - DAG(s) 'example_xcom' retrieved from /home/airflow/.local/lib/python3.12/site-packages/airflow/example_dags/example_xcom.py
[2026-06-29T22:42:25.266+0000] {logging_mixin.py:190} INFO - [2026-06-29T22:42:25.265+0000] {dag.py:3239} INFO - Sync 1 DAGs
[2026-06-29T22:42:25.329+0000] {logging_mixin.py:190} INFO - [2026-06-29T22:42:25.328+0000] {dag.py:4180} INFO - Setting next_dagrun for example_xcom to 2021-01-01 00:00:00+00:00, run_after=2021-01-01 00:00:00+00:00
[2026-06-29T22:42:25.383+0000] {processor.py:208} INFO - Processing /home/airflow/.local/lib/python3.12/site-packages/airflow/example_dags/example_xcom.py took 0.223 seconds
[2026-06-29T22:42:55.558+0000] {processor.py:186} INFO - Started process (PID=287) to work on /home/airflow/.local/lib/python3.12/site-packages/airflow/example_dags/example_xcom.py
[2026-06-29T22:42:55.559+0000] {processor.py:914} INFO - Processing file /home/airflow/.local/lib/python3.12/site-packages/airflow/example_dags/example_xcom.py for tasks to queue
[2026-06-29T22:42:55.563+0000] {logging_mixin.py:190} INFO - [2026-06-29T22:42:55.562+0000] {dagbag.py:588} INFO - Filling up the DagBag from /home/airflow/.local/lib/python3.12/site-packages/airflow/example_dags/example_xcom.py
[2026-06-29T22:42:55.576+0000] {processor.py:925} INFO - DAG(s) 'example_xcom' retrieved from /home/airflow/.local/lib/python3.12/site-packages/airflow/example_dags/example_xcom.py
[2026-06-29T22:42:55.609+0000] {logging_mixin.py:190} INFO - [2026-06-29T22:42:55.608+0000] {dag.py:3239} INFO - Sync 1 DAGs
[2026-06-29T22:42:55.641+0000] {logging_mixin.py:190} INFO - [2026-06-29T22:42:55.641+0000] {dag.py:4180} INFO - Setting next_dagrun for example_xcom to 2021-01-01 00:00:00+00:00, run_after=2021-01-01 00:00:00+00:00
[2026-06-29T22:42:55.669+0000] {processor.py:208} INFO - Processing /home/airflow/.local/lib/python3.12/site-packages/airflow/example_dags/example_xcom.py took 0.119 seconds
[2026-06-29T22:43:25.814+0000] {processor.py:186} INFO - Started process (PID=351) to work on /home/airflow/.local/lib/python3.12/site-packages/airflow/example_dags/example_xcom.py
[2026-06-29T22:43:25.816+0000] {processor.py:914} INFO - Processing file /home/airflow/.local/lib/python3.12/site-packages/airflow/example_dags/example_xcom.py for tasks to queue
[2026-06-29T22:43:25.820+0000] {logging_mixin.py:190} INFO - [2026-06-29T22:43:25.820+0000] {dagbag.py:588} INFO - Filling up the DagBag from /home/airflow/.local/lib/python3.12/site-packages/airflow/example_dags/example_xcom.py
[2026-06-29T22:43:25.832+0000] {processor.py:925} INFO - DAG(s) 'example_xcom' retrieved from /home/airflow/.local/lib/python3.12/site-packages/airflow/example_dags/example_xcom.py
[2026-06-29T22:43:25.861+0000] {logging_mixin.py:190} INFO - [2026-06-29T22:43:25.861+0000] {dag.py:3239} INFO - Sync 1 DAGs
[2026-06-29T22:43:25.891+0000] {logging_mixin.py:190} INFO - [2026-06-29T22:43:25.891+0000] {dag.py:4180} INFO - Setting next_dagrun for example_xcom to 2021-01-01 00:00:00+00:00, run_after=2021-01-01 00:00:00+00:00
[2026-06-29T22:43:25.920+0000] {processor.py:208} INFO - Processing /home/airflow/.local/lib/python3.12/site-packages/airflow/example_dags/example_xcom.py took 0.112 seconds
[2026-06-29T22:43:57.636+0000] {processor.py:186} INFO - Started process (PID=416) to work on /home/airflow/.local/lib/python3.12/site-packages/airflow/example_dags/example_xcom.py
[2026-06-29T22:43:57.639+0000] {processor.py:914} INFO - Processing file /home/airflow/.local/lib/python3.12/site-packages/airflow/example_dags/example_xcom.py for tasks to queue
[2026-06-29T22:43:57.645+0000] {logging_mixin.py:190} INFO - [2026-06-29T22:43:57.644+0000] {dagbag.py:588} INFO - Filling up the DagBag from /home/airflow/.local/lib/python3.12/site-packages/airflow/example_dags/example_xcom.py
[2026-06-29T22:43:57.670+0000] {processor.py:925} INFO - DAG(s) 'example_xcom' retrieved from /home/airflow/.local/lib/python3.12/site-packages/airflow/example_dags/example_xcom.py
[2026-06-29T22:43:57.718+0000] {logging_mixin.py:190} INFO - [2026-06-29T22:43:57.717+0000] {dag.py:3239} INFO - Sync 1 DAGs
[2026-06-29T22:43:57.761+0000] {logging_mixin.py:190} INFO - [2026-06-29T22:43:57.760+0000] {dag.py:4180} INFO - Setting next_dagrun for example_xcom to 2021-01-01 00:00:00+00:00, run_after=2021-01-01 00:00:00+00:00
[2026-06-29T22:43:57.795+0000] {processor.py:208} INFO - Processing /home/airflow/.local/lib/python3.12/site-packages/airflow/example_dags/example_xcom.py took 0.173 seconds
[2026-06-29T22:44:28.130+0000] {processor.py:186} INFO - Started process (PID=480) to work on /home/airflow/.local/lib/python3.12/site-packages/airflow/example_dags/example_xcom.py
[2026-06-29T22:44:28.132+0000] {processor.py:914} INFO - Processing file /home/airflow/.local/lib/python3.12/site-packages/airflow/example_dags/example_xcom.py for tasks to queue
[2026-06-29T22:44:28.136+0000] {logging_mixin.py:190} INFO - [2026-06-29T22:44:28.135+0000] {dagbag.py:588} INFO - Filling up the DagBag from /home/airflow/.local/lib/python3.12/site-packages/airflow/example_dags/example_xcom.py
[2026-06-29T22:44:28.151+0000] {processor.py:925} INFO - DAG(s) 'example_xcom' retrieved from /home/airflow/.local/lib/python3.12/site-packages/airflow/example_dags/example_xcom.py
[2026-06-29T22:44:28.181+0000] {logging_mixin.py:190} INFO - [2026-06-29T22:44:28.180+0000] {dag.py:3239} INFO - Sync 1 DAGs
[2026-06-29T22:44:28.210+0000] {logging_mixin.py:190} INFO - [2026-06-29T22:44:28.209+0000] {dag.py:4180} INFO - Setting next_dagrun for example_xcom to 2021-01-01 00:00:00+00:00, run_after=2021-01-01 00:00:00+00:00
[2026-06-29T22:44:28.234+0000] {processor.py:208} INFO - Processing /home/airflow/.local/lib/python3.12/site-packages/airflow/example_dags/example_xcom.py took 0.111 seconds
[2026-06-29T22:44:58.548+0000] {processor.py:186} INFO - Started process (PID=545) to work on /home/airflow/.local/lib/python3.12/site-packages/airflow/example_dags/example_xcom.py
[2026-06-29T22:44:58.555+0000] {processor.py:914} INFO - Processing file /home/airflow/.local/lib/python3.12/site-packages/airflow/example_dags/example_xcom.py for tasks to queue
[2026-06-29T22:44:58.565+0000] {logging_mixin.py:190} INFO - [2026-06-29T22:44:58.565+0000] {dagbag.py:588} INFO - Filling up the DagBag from /home/airflow/.local/lib/python3.12/site-packages/airflow/example_dags/example_xcom.py
[2026-06-29T22:44:58.582+0000] {processor.py:925} INFO - DAG(s) 'example_xcom' retrieved from /home/airflow/.local/lib/python3.12/site-packages/airflow/example_dags/example_xcom.py
[2026-06-29T22:44:58.667+0000] {logging_mixin.py:190} INFO - [2026-06-29T22:44:58.665+0000] {dag.py:3239} INFO - Sync 1 DAGs
[2026-06-29T22:44:58.759+0000] {logging_mixin.py:190} INFO - [2026-06-29T22:44:58.757+0000] {dag.py:4180} INFO - Setting next_dagrun for example_xcom to 2021-01-01 00:00:00+00:00, run_after=2021-01-01 00:00:00+00:00
[2026-06-29T22:44:58.848+0000] {processor.py:208} INFO - Processing /home/airflow/.local/lib/python3.12/site-packages/airflow/example_dags/example_xcom.py took 0.308 seconds
[2026-06-29T22:45:29.664+0000] {processor.py:186} INFO - Started process (PID=608) to work on /home/airflow/.local/lib/python3.12/site-packages/airflow/example_dags/example_xcom.py
[2026-06-29T22:45:29.666+0000] {processor.py:914} INFO - Processing file /home/airflow/.local/lib/python3.12/site-packages/airflow/example_dags/example_xcom.py for tasks to queue
[2026-06-29T22:45:29.671+0000] {logging_mixin.py:190} INFO - [2026-06-29T22:45:29.670+0000] {dagbag.py:588} INFO - Filling up the DagBag from /home/airflow/.local/lib/python3.12/site-packages/airflow/example_dags/example_xcom.py
[2026-06-29T22:45:29.687+0000] {processor.py:925} INFO - DAG(s) 'example_xcom' retrieved from /home/airflow/.local/lib/python3.12/site-packages/airflow/example_dags/example_xcom.py
[2026-06-29T22:45:29.723+0000] {logging_mixin.py:190} INFO - [2026-06-29T22:45:29.722+0000] {dag.py:3239} INFO - Sync 1 DAGs
[2026-06-29T22:45:29.759+0000] {logging_mixin.py:190} INFO - [2026-06-29T22:45:29.759+0000] {dag.py:4180} INFO - Setting next_dagrun for example_xcom to 2021-01-01 00:00:00+00:00, run_after=2021-01-01 00:00:00+00:00
[2026-06-29T22:45:29.790+0000] {processor.py:208} INFO - Processing /home/airflow/.local/lib/python3.12/site-packages/airflow/example_dags/example_xcom.py took 0.136 seconds
[2026-06-29T22:46:00.146+0000] {processor.py:186} INFO - Started process (PID=672) to work on /home/airflow/.local/lib/python3.12/site-packages/airflow/example_dags/example_xcom.py
[2026-06-29T22:46:00.148+0000] {processor.py:914} INFO - Processing file /home/airflow/.local/lib/python3.12/site-packages/airflow/example_dags/example_xcom.py for tasks to queue
[2026-06-29T22:46:00.152+0000] {logging_mixin.py:190} INFO - [2026-06-29T22:46:00.152+0000] {dagbag.py:588} INFO - Filling up the DagBag from /home/airflow/.local/lib/python3.12/site-packages/airflow/example_dags/example_xcom.py
[2026-06-29T22:46:00.164+0000] {processor.py:925} INFO - DAG(s) 'example_xcom' retrieved from /home/airflow/.local/lib/python3.12/site-packages/airflow/example_dags/example_xcom.py
[2026-06-29T22:46:00.195+0000] {logging_mixin.py:190} INFO - [2026-06-29T22:46:00.195+0000] {dag.py:3239} INFO - Sync 1 DAGs
[2026-06-29T22:46:00.224+0000] {logging_mixin.py:190} INFO - [2026-06-29T22:46:00.224+0000] {dag.py:4180} INFO - Setting next_dagrun for example_xcom to 2021-01-01 00:00:00+00:00, run_after=2021-01-01 00:00:00+00:00
[2026-06-29T22:46:00.244+0000] {processor.py:208} INFO - Processing /home/airflow/.local/lib/python3.12/site-packages/airflow/example_dags/example_xcom.py took 0.105 seconds
[2026-06-29T22:46:30.782+0000] {processor.py:186} INFO - Started process (PID=736) to work on /home/airflow/.local/lib/python3.12/site-packages/airflow/example_dags/example_xcom.py
[2026-06-29T22:46:30.787+0000] {processor.py:914} INFO - Processing file /home/airflow/.local/lib/python3.12/site-packages/airflow/example_dags/example_xcom.py for tasks to queue
[2026-06-29T22:46:30.795+0000] {logging_mixin.py:190} INFO - [2026-06-29T22:46:30.794+0000] {dagbag.py:588} INFO - Filling up the DagBag from /home/airflow/.local/lib/python3.12/site-packages/airflow/example_dags/example_xcom.py
[2026-06-29T22:46:30.830+0000] {processor.py:925} INFO - DAG(s) 'example_xcom' retrieved from /home/airflow/.local/lib/python3.12/site-packages/airflow/example_dags/example_xcom.py
[2026-06-29T22:46:30.906+0000] {logging_mixin.py:190} INFO - [2026-06-29T22:46:30.904+0000] {dag.py:3239} INFO - Sync 1 DAGs
[2026-06-29T22:46:30.960+0000] {logging_mixin.py:190} INFO - [2026-06-29T22:46:30.959+0000] {dag.py:4180} INFO - Setting next_dagrun for example_xcom to 2021-01-01 00:00:00+00:00, run_after=2021-01-01 00:00:00+00:00
[2026-06-29T22:46:31.021+0000] {processor.py:208} INFO - Processing /home/airflow/.local/lib/python3.12/site-packages/airflow/example_dags/example_xcom.py took 0.259 seconds
