[2026-06-29T21:56:54.842+0000] {processor.py:186} INFO - Started process (PID=82) to work on /home/airflow/.local/lib/python3.12/site-packages/airflow/example_dags/example_task_group_decorator.py
[2026-06-29T21:56:54.844+0000] {processor.py:914} INFO - Processing file /home/airflow/.local/lib/python3.12/site-packages/airflow/example_dags/example_task_group_decorator.py for tasks to queue
[2026-06-29T21:56:54.849+0000] {logging_mixin.py:190} INFO - [2026-06-29T21:56:54.848+0000] {dagbag.py:588} INFO - Filling up the DagBag from /home/airflow/.local/lib/python3.12/site-packages/airflow/example_dags/example_task_group_decorator.py
[2026-06-29T21:56:54.882+0000] {processor.py:925} INFO - DAG(s) 'example_task_group_decorator' retrieved from /home/airflow/.local/lib/python3.12/site-packages/airflow/example_dags/example_task_group_decorator.py
[2026-06-29T21:56:55.032+0000] {logging_mixin.py:190} INFO - [2026-06-29T21:56:55.031+0000] {override.py:1912} INFO - Created Permission View: can edit on DAG:example_task_group_decorator
[2026-06-29T21:56:55.049+0000] {logging_mixin.py:190} INFO - [2026-06-29T21:56:55.049+0000] {override.py:1912} INFO - Created Permission View: can read on DAG:example_task_group_decorator
[2026-06-29T21:56:55.061+0000] {logging_mixin.py:190} INFO - [2026-06-29T21:56:55.060+0000] {override.py:1912} INFO - Created Permission View: can delete on DAG:example_task_group_decorator
[2026-06-29T21:56:55.075+0000] {logging_mixin.py:190} INFO - [2026-06-29T21:56:55.075+0000] {override.py:1912} INFO - Created Permission View: can create on DAG Run:example_task_group_decorator
[2026-06-29T21:56:55.086+0000] {logging_mixin.py:190} INFO - [2026-06-29T21:56:55.085+0000] {override.py:1912} INFO - Created Permission View: can read on DAG Run:example_task_group_decorator
[2026-06-29T21:56:55.097+0000] {logging_mixin.py:190} INFO - [2026-06-29T21:56:55.096+0000] {override.py:1912} INFO - Created Permission View: can delete on DAG Run:example_task_group_decorator
[2026-06-29T21:56:55.105+0000] {logging_mixin.py:190} INFO - [2026-06-29T21:56:55.105+0000] {override.py:1912} INFO - Created Permission View: menu access on DAG Run:example_task_group_decorator
[2026-06-29T21:56:55.106+0000] {logging_mixin.py:190} INFO - [2026-06-29T21:56:55.106+0000] {dag.py:3239} INFO - Sync 1 DAGs
[2026-06-29T21:56:55.126+0000] {logging_mixin.py:190} INFO - [2026-06-29T21:56:55.126+0000] {dag.py:3262} INFO - Creating ORM DAG for example_task_group_decorator
[2026-06-29T21:56:55.129+0000] {logging_mixin.py:190} INFO - [2026-06-29T21:56:55.128+0000] {dag.py:4180} INFO - Setting next_dagrun for example_task_group_decorator to None, run_after=None
[2026-06-29T21:56:55.151+0000] {processor.py:208} INFO - Processing /home/airflow/.local/lib/python3.12/site-packages/airflow/example_dags/example_task_group_decorator.py took 0.317 seconds
[2026-06-29T21:59:03.495+0000] {processor.py:186} INFO - Started process (PID=82) to work on /home/airflow/.local/lib/python3.12/site-packages/airflow/example_dags/example_task_group_decorator.py
[2026-06-29T21:59:03.515+0000] {processor.py:914} INFO - Processing file /home/airflow/.local/lib/python3.12/site-packages/airflow/example_dags/example_task_group_decorator.py for tasks to queue
[2026-06-29T21:59:03.556+0000] {logging_mixin.py:190} INFO - [2026-06-29T21:59:03.553+0000] {dagbag.py:588} INFO - Filling up the DagBag from /home/airflow/.local/lib/python3.12/site-packages/airflow/example_dags/example_task_group_decorator.py
[2026-06-29T21:59:03.619+0000] {processor.py:925} INFO - DAG(s) 'example_task_group_decorator' retrieved from /home/airflow/.local/lib/python3.12/site-packages/airflow/example_dags/example_task_group_decorator.py
[2026-06-29T21:59:03.745+0000] {logging_mixin.py:190} INFO - [2026-06-29T21:59:03.744+0000] {dag.py:3239} INFO - Sync 1 DAGs
[2026-06-29T21:59:03.829+0000] {logging_mixin.py:190} INFO - [2026-06-29T21:59:03.828+0000] {dag.py:4180} INFO - Setting next_dagrun for example_task_group_decorator to None, run_after=None
[2026-06-29T21:59:04.018+0000] {processor.py:208} INFO - Processing /home/airflow/.local/lib/python3.12/site-packages/airflow/example_dags/example_task_group_decorator.py took 0.547 seconds
[2026-06-29T21:59:34.555+0000] {processor.py:186} INFO - Started process (PID=145) to work on /home/airflow/.local/lib/python3.12/site-packages/airflow/example_dags/example_task_group_decorator.py
[2026-06-29T21:59:34.562+0000] {processor.py:914} INFO - Processing file /home/airflow/.local/lib/python3.12/site-packages/airflow/example_dags/example_task_group_decorator.py for tasks to queue
[2026-06-29T21:59:34.569+0000] {logging_mixin.py:190} INFO - [2026-06-29T21:59:34.568+0000] {dagbag.py:588} INFO - Filling up the DagBag from /home/airflow/.local/lib/python3.12/site-packages/airflow/example_dags/example_task_group_decorator.py
[2026-06-29T21:59:34.606+0000] {processor.py:925} INFO - DAG(s) 'example_task_group_decorator' retrieved from /home/airflow/.local/lib/python3.12/site-packages/airflow/example_dags/example_task_group_decorator.py
[2026-06-29T21:59:34.661+0000] {logging_mixin.py:190} INFO - [2026-06-29T21:59:34.660+0000] {dag.py:3239} INFO - Sync 1 DAGs
[2026-06-29T21:59:34.696+0000] {logging_mixin.py:190} INFO - [2026-06-29T21:59:34.695+0000] {dag.py:4180} INFO - Setting next_dagrun for example_task_group_decorator to None, run_after=None
[2026-06-29T21:59:34.747+0000] {processor.py:208} INFO - Processing /home/airflow/.local/lib/python3.12/site-packages/airflow/example_dags/example_task_group_decorator.py took 0.209 seconds
[2026-06-29T22:00:05.372+0000] {processor.py:186} INFO - Started process (PID=208) to work on /home/airflow/.local/lib/python3.12/site-packages/airflow/example_dags/example_task_group_decorator.py
[2026-06-29T22:00:05.374+0000] {processor.py:914} INFO - Processing file /home/airflow/.local/lib/python3.12/site-packages/airflow/example_dags/example_task_group_decorator.py for tasks to queue
[2026-06-29T22:00:05.379+0000] {logging_mixin.py:190} INFO - [2026-06-29T22:00:05.378+0000] {dagbag.py:588} INFO - Filling up the DagBag from /home/airflow/.local/lib/python3.12/site-packages/airflow/example_dags/example_task_group_decorator.py
[2026-06-29T22:00:05.417+0000] {processor.py:925} INFO - DAG(s) 'example_task_group_decorator' retrieved from /home/airflow/.local/lib/python3.12/site-packages/airflow/example_dags/example_task_group_decorator.py
[2026-06-29T22:00:05.488+0000] {logging_mixin.py:190} INFO - [2026-06-29T22:00:05.488+0000] {dag.py:3239} INFO - Sync 1 DAGs
[2026-06-29T22:00:05.531+0000] {logging_mixin.py:190} INFO - [2026-06-29T22:00:05.531+0000] {dag.py:4180} INFO - Setting next_dagrun for example_task_group_decorator to None, run_after=None
[2026-06-29T22:00:05.590+0000] {processor.py:208} INFO - Processing /home/airflow/.local/lib/python3.12/site-packages/airflow/example_dags/example_task_group_decorator.py took 0.228 seconds
[2026-06-29T22:00:36.080+0000] {processor.py:186} INFO - Started process (PID=272) to work on /home/airflow/.local/lib/python3.12/site-packages/airflow/example_dags/example_task_group_decorator.py
[2026-06-29T22:00:36.082+0000] {processor.py:914} INFO - Processing file /home/airflow/.local/lib/python3.12/site-packages/airflow/example_dags/example_task_group_decorator.py for tasks to queue
[2026-06-29T22:00:36.090+0000] {logging_mixin.py:190} INFO - [2026-06-29T22:00:36.089+0000] {dagbag.py:588} INFO - Filling up the DagBag from /home/airflow/.local/lib/python3.12/site-packages/airflow/example_dags/example_task_group_decorator.py
[2026-06-29T22:00:36.123+0000] {processor.py:925} INFO - DAG(s) 'example_task_group_decorator' retrieved from /home/airflow/.local/lib/python3.12/site-packages/airflow/example_dags/example_task_group_decorator.py
[2026-06-29T22:00:36.186+0000] {logging_mixin.py:190} INFO - [2026-06-29T22:00:36.185+0000] {dag.py:3239} INFO - Sync 1 DAGs
[2026-06-29T22:00:36.233+0000] {logging_mixin.py:190} INFO - [2026-06-29T22:00:36.233+0000] {dag.py:4180} INFO - Setting next_dagrun for example_task_group_decorator to None, run_after=None
[2026-06-29T22:00:36.282+0000] {processor.py:208} INFO - Processing /home/airflow/.local/lib/python3.12/site-packages/airflow/example_dags/example_task_group_decorator.py took 0.212 seconds
[2026-06-29T22:01:06.950+0000] {processor.py:186} INFO - Started process (PID=335) to work on /home/airflow/.local/lib/python3.12/site-packages/airflow/example_dags/example_task_group_decorator.py
[2026-06-29T22:01:06.953+0000] {processor.py:914} INFO - Processing file /home/airflow/.local/lib/python3.12/site-packages/airflow/example_dags/example_task_group_decorator.py for tasks to queue
[2026-06-29T22:01:06.961+0000] {logging_mixin.py:190} INFO - [2026-06-29T22:01:06.960+0000] {dagbag.py:588} INFO - Filling up the DagBag from /home/airflow/.local/lib/python3.12/site-packages/airflow/example_dags/example_task_group_decorator.py
[2026-06-29T22:01:07.006+0000] {processor.py:925} INFO - DAG(s) 'example_task_group_decorator' retrieved from /home/airflow/.local/lib/python3.12/site-packages/airflow/example_dags/example_task_group_decorator.py
[2026-06-29T22:01:07.053+0000] {logging_mixin.py:190} INFO - [2026-06-29T22:01:07.053+0000] {dag.py:3239} INFO - Sync 1 DAGs
[2026-06-29T22:01:07.082+0000] {logging_mixin.py:190} INFO - [2026-06-29T22:01:07.081+0000] {dag.py:4180} INFO - Setting next_dagrun for example_task_group_decorator to None, run_after=None
[2026-06-29T22:01:07.125+0000] {processor.py:208} INFO - Processing /home/airflow/.local/lib/python3.12/site-packages/airflow/example_dags/example_task_group_decorator.py took 0.186 seconds
[2026-06-29T22:01:37.810+0000] {processor.py:186} INFO - Started process (PID=398) to work on /home/airflow/.local/lib/python3.12/site-packages/airflow/example_dags/example_task_group_decorator.py
[2026-06-29T22:01:37.814+0000] {processor.py:914} INFO - Processing file /home/airflow/.local/lib/python3.12/site-packages/airflow/example_dags/example_task_group_decorator.py for tasks to queue
[2026-06-29T22:01:37.830+0000] {logging_mixin.py:190} INFO - [2026-06-29T22:01:37.830+0000] {dagbag.py:588} INFO - Filling up the DagBag from /home/airflow/.local/lib/python3.12/site-packages/airflow/example_dags/example_task_group_decorator.py
[2026-06-29T22:01:37.892+0000] {processor.py:925} INFO - DAG(s) 'example_task_group_decorator' retrieved from /home/airflow/.local/lib/python3.12/site-packages/airflow/example_dags/example_task_group_decorator.py
[2026-06-29T22:01:38.048+0000] {logging_mixin.py:190} INFO - [2026-06-29T22:01:38.047+0000] {dag.py:3239} INFO - Sync 1 DAGs
[2026-06-29T22:01:38.119+0000] {logging_mixin.py:190} INFO - [2026-06-29T22:01:38.119+0000] {dag.py:4180} INFO - Setting next_dagrun for example_task_group_decorator to None, run_after=None
[2026-06-29T22:01:38.216+0000] {processor.py:208} INFO - Processing /home/airflow/.local/lib/python3.12/site-packages/airflow/example_dags/example_task_group_decorator.py took 0.417 seconds
[2026-06-29T22:02:09.286+0000] {processor.py:186} INFO - Started process (PID=462) to work on /home/airflow/.local/lib/python3.12/site-packages/airflow/example_dags/example_task_group_decorator.py
[2026-06-29T22:02:09.289+0000] {processor.py:914} INFO - Processing file /home/airflow/.local/lib/python3.12/site-packages/airflow/example_dags/example_task_group_decorator.py for tasks to queue
[2026-06-29T22:02:09.300+0000] {logging_mixin.py:190} INFO - [2026-06-29T22:02:09.300+0000] {dagbag.py:588} INFO - Filling up the DagBag from /home/airflow/.local/lib/python3.12/site-packages/airflow/example_dags/example_task_group_decorator.py
[2026-06-29T22:02:09.347+0000] {processor.py:925} INFO - DAG(s) 'example_task_group_decorator' retrieved from /home/airflow/.local/lib/python3.12/site-packages/airflow/example_dags/example_task_group_decorator.py
[2026-06-29T22:02:09.403+0000] {logging_mixin.py:190} INFO - [2026-06-29T22:02:09.403+0000] {dag.py:3239} INFO - Sync 1 DAGs
[2026-06-29T22:02:09.442+0000] {logging_mixin.py:190} INFO - [2026-06-29T22:02:09.442+0000] {dag.py:4180} INFO - Setting next_dagrun for example_task_group_decorator to None, run_after=None
[2026-06-29T22:02:09.481+0000] {processor.py:208} INFO - Processing /home/airflow/.local/lib/python3.12/site-packages/airflow/example_dags/example_task_group_decorator.py took 0.210 seconds
[2026-06-29T22:02:39.998+0000] {processor.py:186} INFO - Started process (PID=524) to work on /home/airflow/.local/lib/python3.12/site-packages/airflow/example_dags/example_task_group_decorator.py
[2026-06-29T22:02:40.004+0000] {processor.py:914} INFO - Processing file /home/airflow/.local/lib/python3.12/site-packages/airflow/example_dags/example_task_group_decorator.py for tasks to queue
[2026-06-29T22:02:40.023+0000] {logging_mixin.py:190} INFO - [2026-06-29T22:02:40.022+0000] {dagbag.py:588} INFO - Filling up the DagBag from /home/airflow/.local/lib/python3.12/site-packages/airflow/example_dags/example_task_group_decorator.py
[2026-06-29T22:02:40.223+0000] {processor.py:925} INFO - DAG(s) 'example_task_group_decorator' retrieved from /home/airflow/.local/lib/python3.12/site-packages/airflow/example_dags/example_task_group_decorator.py
[2026-06-29T22:02:40.639+0000] {logging_mixin.py:190} INFO - [2026-06-29T22:02:40.635+0000] {dag.py:3239} INFO - Sync 1 DAGs
[2026-06-29T22:02:40.786+0000] {logging_mixin.py:190} INFO - [2026-06-29T22:02:40.786+0000] {dag.py:4180} INFO - Setting next_dagrun for example_task_group_decorator to None, run_after=None
[2026-06-29T22:02:40.954+0000] {processor.py:208} INFO - Processing /home/airflow/.local/lib/python3.12/site-packages/airflow/example_dags/example_task_group_decorator.py took 1.009 seconds
[2026-06-29T22:03:11.211+0000] {processor.py:186} INFO - Started process (PID=588) to work on /home/airflow/.local/lib/python3.12/site-packages/airflow/example_dags/example_task_group_decorator.py
[2026-06-29T22:03:11.215+0000] {processor.py:914} INFO - Processing file /home/airflow/.local/lib/python3.12/site-packages/airflow/example_dags/example_task_group_decorator.py for tasks to queue
[2026-06-29T22:03:11.222+0000] {logging_mixin.py:190} INFO - [2026-06-29T22:03:11.221+0000] {dagbag.py:588} INFO - Filling up the DagBag from /home/airflow/.local/lib/python3.12/site-packages/airflow/example_dags/example_task_group_decorator.py
[2026-06-29T22:03:11.241+0000] {processor.py:925} INFO - DAG(s) 'example_task_group_decorator' retrieved from /home/airflow/.local/lib/python3.12/site-packages/airflow/example_dags/example_task_group_decorator.py
[2026-06-29T22:03:11.271+0000] {logging_mixin.py:190} INFO - [2026-06-29T22:03:11.271+0000] {dag.py:3239} INFO - Sync 1 DAGs
[2026-06-29T22:03:11.291+0000] {logging_mixin.py:190} INFO - [2026-06-29T22:03:11.291+0000] {dag.py:4180} INFO - Setting next_dagrun for example_task_group_decorator to None, run_after=None
[2026-06-29T22:03:11.319+0000] {processor.py:208} INFO - Processing /home/airflow/.local/lib/python3.12/site-packages/airflow/example_dags/example_task_group_decorator.py took 0.118 seconds
[2026-06-29T22:03:41.688+0000] {processor.py:186} INFO - Started process (PID=650) to work on /home/airflow/.local/lib/python3.12/site-packages/airflow/example_dags/example_task_group_decorator.py
[2026-06-29T22:03:41.690+0000] {processor.py:914} INFO - Processing file /home/airflow/.local/lib/python3.12/site-packages/airflow/example_dags/example_task_group_decorator.py for tasks to queue
[2026-06-29T22:03:41.693+0000] {logging_mixin.py:190} INFO - [2026-06-29T22:03:41.693+0000] {dagbag.py:588} INFO - Filling up the DagBag from /home/airflow/.local/lib/python3.12/site-packages/airflow/example_dags/example_task_group_decorator.py
[2026-06-29T22:03:41.717+0000] {processor.py:925} INFO - DAG(s) 'example_task_group_decorator' retrieved from /home/airflow/.local/lib/python3.12/site-packages/airflow/example_dags/example_task_group_decorator.py
[2026-06-29T22:03:41.758+0000] {logging_mixin.py:190} INFO - [2026-06-29T22:03:41.758+0000] {dag.py:3239} INFO - Sync 1 DAGs
[2026-06-29T22:03:41.780+0000] {logging_mixin.py:190} INFO - [2026-06-29T22:03:41.780+0000] {dag.py:4180} INFO - Setting next_dagrun for example_task_group_decorator to None, run_after=None
[2026-06-29T22:03:41.822+0000] {processor.py:208} INFO - Processing /home/airflow/.local/lib/python3.12/site-packages/airflow/example_dags/example_task_group_decorator.py took 0.141 seconds
[2026-06-29T22:04:12.203+0000] {processor.py:186} INFO - Started process (PID=713) to work on /home/airflow/.local/lib/python3.12/site-packages/airflow/example_dags/example_task_group_decorator.py
[2026-06-29T22:04:12.207+0000] {processor.py:914} INFO - Processing file /home/airflow/.local/lib/python3.12/site-packages/airflow/example_dags/example_task_group_decorator.py for tasks to queue
[2026-06-29T22:04:12.215+0000] {logging_mixin.py:190} INFO - [2026-06-29T22:04:12.215+0000] {dagbag.py:588} INFO - Filling up the DagBag from /home/airflow/.local/lib/python3.12/site-packages/airflow/example_dags/example_task_group_decorator.py
[2026-06-29T22:04:12.274+0000] {processor.py:925} INFO - DAG(s) 'example_task_group_decorator' retrieved from /home/airflow/.local/lib/python3.12/site-packages/airflow/example_dags/example_task_group_decorator.py
[2026-06-29T22:04:12.342+0000] {logging_mixin.py:190} INFO - [2026-06-29T22:04:12.342+0000] {dag.py:3239} INFO - Sync 1 DAGs
[2026-06-29T22:04:12.370+0000] {logging_mixin.py:190} INFO - [2026-06-29T22:04:12.369+0000] {dag.py:4180} INFO - Setting next_dagrun for example_task_group_decorator to None, run_after=None
[2026-06-29T22:04:12.415+0000] {processor.py:208} INFO - Processing /home/airflow/.local/lib/python3.12/site-packages/airflow/example_dags/example_task_group_decorator.py took 0.233 seconds
[2026-06-29T22:04:49.114+0000] {processor.py:186} INFO - Started process (PID=776) to work on /home/airflow/.local/lib/python3.12/site-packages/airflow/example_dags/example_task_group_decorator.py
[2026-06-29T22:04:49.118+0000] {processor.py:914} INFO - Processing file /home/airflow/.local/lib/python3.12/site-packages/airflow/example_dags/example_task_group_decorator.py for tasks to queue
[2026-06-29T22:04:49.127+0000] {logging_mixin.py:190} INFO - [2026-06-29T22:04:49.126+0000] {dagbag.py:588} INFO - Filling up the DagBag from /home/airflow/.local/lib/python3.12/site-packages/airflow/example_dags/example_task_group_decorator.py
[2026-06-29T22:04:49.187+0000] {processor.py:925} INFO - DAG(s) 'example_task_group_decorator' retrieved from /home/airflow/.local/lib/python3.12/site-packages/airflow/example_dags/example_task_group_decorator.py
[2026-06-29T22:04:49.345+0000] {logging_mixin.py:190} INFO - [2026-06-29T22:04:49.343+0000] {dag.py:3239} INFO - Sync 1 DAGs
[2026-06-29T22:04:49.395+0000] {logging_mixin.py:190} INFO - [2026-06-29T22:04:49.395+0000] {dag.py:4180} INFO - Setting next_dagrun for example_task_group_decorator to None, run_after=None
[2026-06-29T22:04:49.506+0000] {processor.py:208} INFO - Processing /home/airflow/.local/lib/python3.12/site-packages/airflow/example_dags/example_task_group_decorator.py took 0.404 seconds
[2026-06-29T22:05:19.910+0000] {processor.py:186} INFO - Started process (PID=840) to work on /home/airflow/.local/lib/python3.12/site-packages/airflow/example_dags/example_task_group_decorator.py
[2026-06-29T22:05:19.912+0000] {processor.py:914} INFO - Processing file /home/airflow/.local/lib/python3.12/site-packages/airflow/example_dags/example_task_group_decorator.py for tasks to queue
[2026-06-29T22:05:19.916+0000] {logging_mixin.py:190} INFO - [2026-06-29T22:05:19.916+0000] {dagbag.py:588} INFO - Filling up the DagBag from /home/airflow/.local/lib/python3.12/site-packages/airflow/example_dags/example_task_group_decorator.py
[2026-06-29T22:05:19.932+0000] {processor.py:925} INFO - DAG(s) 'example_task_group_decorator' retrieved from /home/airflow/.local/lib/python3.12/site-packages/airflow/example_dags/example_task_group_decorator.py
[2026-06-29T22:05:19.961+0000] {logging_mixin.py:190} INFO - [2026-06-29T22:05:19.961+0000] {dag.py:3239} INFO - Sync 1 DAGs
[2026-06-29T22:05:19.978+0000] {logging_mixin.py:190} INFO - [2026-06-29T22:05:19.977+0000] {dag.py:4180} INFO - Setting next_dagrun for example_task_group_decorator to None, run_after=None
[2026-06-29T22:05:20.004+0000] {processor.py:208} INFO - Processing /home/airflow/.local/lib/python3.12/site-packages/airflow/example_dags/example_task_group_decorator.py took 0.100 seconds
[2026-06-29T22:05:50.802+0000] {processor.py:186} INFO - Started process (PID=905) to work on /home/airflow/.local/lib/python3.12/site-packages/airflow/example_dags/example_task_group_decorator.py
[2026-06-29T22:05:50.803+0000] {processor.py:914} INFO - Processing file /home/airflow/.local/lib/python3.12/site-packages/airflow/example_dags/example_task_group_decorator.py for tasks to queue
[2026-06-29T22:05:50.806+0000] {logging_mixin.py:190} INFO - [2026-06-29T22:05:50.806+0000] {dagbag.py:588} INFO - Filling up the DagBag from /home/airflow/.local/lib/python3.12/site-packages/airflow/example_dags/example_task_group_decorator.py
[2026-06-29T22:05:50.834+0000] {processor.py:925} INFO - DAG(s) 'example_task_group_decorator' retrieved from /home/airflow/.local/lib/python3.12/site-packages/airflow/example_dags/example_task_group_decorator.py
[2026-06-29T22:05:50.858+0000] {logging_mixin.py:190} INFO - [2026-06-29T22:05:50.858+0000] {dag.py:3239} INFO - Sync 1 DAGs
[2026-06-29T22:05:50.871+0000] {logging_mixin.py:190} INFO - [2026-06-29T22:05:50.871+0000] {dag.py:4180} INFO - Setting next_dagrun for example_task_group_decorator to None, run_after=None
[2026-06-29T22:05:50.893+0000] {processor.py:208} INFO - Processing /home/airflow/.local/lib/python3.12/site-packages/airflow/example_dags/example_task_group_decorator.py took 0.098 seconds
[2026-06-29T22:08:19.028+0000] {processor.py:186} INFO - Started process (PID=90) to work on /home/airflow/.local/lib/python3.12/site-packages/airflow/example_dags/example_task_group_decorator.py
[2026-06-29T22:08:19.031+0000] {processor.py:914} INFO - Processing file /home/airflow/.local/lib/python3.12/site-packages/airflow/example_dags/example_task_group_decorator.py for tasks to queue
[2026-06-29T22:08:19.041+0000] {logging_mixin.py:190} INFO - [2026-06-29T22:08:19.040+0000] {dagbag.py:588} INFO - Filling up the DagBag from /home/airflow/.local/lib/python3.12/site-packages/airflow/example_dags/example_task_group_decorator.py
[2026-06-29T22:08:19.087+0000] {processor.py:925} INFO - DAG(s) 'example_task_group_decorator' retrieved from /home/airflow/.local/lib/python3.12/site-packages/airflow/example_dags/example_task_group_decorator.py
[2026-06-29T22:08:19.182+0000] {logging_mixin.py:190} INFO - [2026-06-29T22:08:19.181+0000] {dag.py:3239} INFO - Sync 1 DAGs
[2026-06-29T22:08:19.217+0000] {logging_mixin.py:190} INFO - [2026-06-29T22:08:19.216+0000] {dag.py:4180} INFO - Setting next_dagrun for example_task_group_decorator to None, run_after=None
[2026-06-29T22:08:19.262+0000] {processor.py:208} INFO - Processing /home/airflow/.local/lib/python3.12/site-packages/airflow/example_dags/example_task_group_decorator.py took 0.268 seconds
[2026-06-29T22:08:52.307+0000] {processor.py:186} INFO - Started process (PID=154) to work on /home/airflow/.local/lib/python3.12/site-packages/airflow/example_dags/example_task_group_decorator.py
[2026-06-29T22:08:52.321+0000] {processor.py:914} INFO - Processing file /home/airflow/.local/lib/python3.12/site-packages/airflow/example_dags/example_task_group_decorator.py for tasks to queue
[2026-06-29T22:08:52.335+0000] {logging_mixin.py:190} INFO - [2026-06-29T22:08:52.334+0000] {dagbag.py:588} INFO - Filling up the DagBag from /home/airflow/.local/lib/python3.12/site-packages/airflow/example_dags/example_task_group_decorator.py
[2026-06-29T22:08:52.398+0000] {processor.py:925} INFO - DAG(s) 'example_task_group_decorator' retrieved from /home/airflow/.local/lib/python3.12/site-packages/airflow/example_dags/example_task_group_decorator.py
[2026-06-29T22:08:52.671+0000] {logging_mixin.py:190} INFO - [2026-06-29T22:08:52.670+0000] {dag.py:3239} INFO - Sync 1 DAGs
[2026-06-29T22:08:52.806+0000] {logging_mixin.py:190} INFO - [2026-06-29T22:08:52.805+0000] {dag.py:4180} INFO - Setting next_dagrun for example_task_group_decorator to None, run_after=None
[2026-06-29T22:08:52.915+0000] {processor.py:208} INFO - Processing /home/airflow/.local/lib/python3.12/site-packages/airflow/example_dags/example_task_group_decorator.py took 0.669 seconds
[2026-06-29T22:09:23.355+0000] {processor.py:186} INFO - Started process (PID=218) to work on /home/airflow/.local/lib/python3.12/site-packages/airflow/example_dags/example_task_group_decorator.py
[2026-06-29T22:09:23.358+0000] {processor.py:914} INFO - Processing file /home/airflow/.local/lib/python3.12/site-packages/airflow/example_dags/example_task_group_decorator.py for tasks to queue
[2026-06-29T22:09:23.367+0000] {logging_mixin.py:190} INFO - [2026-06-29T22:09:23.366+0000] {dagbag.py:588} INFO - Filling up the DagBag from /home/airflow/.local/lib/python3.12/site-packages/airflow/example_dags/example_task_group_decorator.py
[2026-06-29T22:09:23.591+0000] {processor.py:925} INFO - DAG(s) 'example_task_group_decorator' retrieved from /home/airflow/.local/lib/python3.12/site-packages/airflow/example_dags/example_task_group_decorator.py
[2026-06-29T22:09:23.730+0000] {logging_mixin.py:190} INFO - [2026-06-29T22:09:23.729+0000] {dag.py:3239} INFO - Sync 1 DAGs
[2026-06-29T22:09:23.765+0000] {logging_mixin.py:190} INFO - [2026-06-29T22:09:23.765+0000] {dag.py:4180} INFO - Setting next_dagrun for example_task_group_decorator to None, run_after=None
[2026-06-29T22:09:23.826+0000] {processor.py:208} INFO - Processing /home/airflow/.local/lib/python3.12/site-packages/airflow/example_dags/example_task_group_decorator.py took 0.484 seconds
[2026-06-29T22:09:54.397+0000] {processor.py:186} INFO - Started process (PID=282) to work on /home/airflow/.local/lib/python3.12/site-packages/airflow/example_dags/example_task_group_decorator.py
[2026-06-29T22:09:54.402+0000] {processor.py:914} INFO - Processing file /home/airflow/.local/lib/python3.12/site-packages/airflow/example_dags/example_task_group_decorator.py for tasks to queue
[2026-06-29T22:09:54.408+0000] {logging_mixin.py:190} INFO - [2026-06-29T22:09:54.406+0000] {dagbag.py:588} INFO - Filling up the DagBag from /home/airflow/.local/lib/python3.12/site-packages/airflow/example_dags/example_task_group_decorator.py
[2026-06-29T22:09:54.447+0000] {processor.py:925} INFO - DAG(s) 'example_task_group_decorator' retrieved from /home/airflow/.local/lib/python3.12/site-packages/airflow/example_dags/example_task_group_decorator.py
[2026-06-29T22:09:54.501+0000] {logging_mixin.py:190} INFO - [2026-06-29T22:09:54.500+0000] {dag.py:3239} INFO - Sync 1 DAGs
[2026-06-29T22:09:54.522+0000] {logging_mixin.py:190} INFO - [2026-06-29T22:09:54.522+0000] {dag.py:4180} INFO - Setting next_dagrun for example_task_group_decorator to None, run_after=None
[2026-06-29T22:09:54.567+0000] {processor.py:208} INFO - Processing /home/airflow/.local/lib/python3.12/site-packages/airflow/example_dags/example_task_group_decorator.py took 0.189 seconds
[2026-06-29T22:10:24.940+0000] {processor.py:186} INFO - Started process (PID=347) to work on /home/airflow/.local/lib/python3.12/site-packages/airflow/example_dags/example_task_group_decorator.py
[2026-06-29T22:10:24.942+0000] {processor.py:914} INFO - Processing file /home/airflow/.local/lib/python3.12/site-packages/airflow/example_dags/example_task_group_decorator.py for tasks to queue
[2026-06-29T22:10:24.946+0000] {logging_mixin.py:190} INFO - [2026-06-29T22:10:24.945+0000] {dagbag.py:588} INFO - Filling up the DagBag from /home/airflow/.local/lib/python3.12/site-packages/airflow/example_dags/example_task_group_decorator.py
[2026-06-29T22:10:24.964+0000] {processor.py:925} INFO - DAG(s) 'example_task_group_decorator' retrieved from /home/airflow/.local/lib/python3.12/site-packages/airflow/example_dags/example_task_group_decorator.py
[2026-06-29T22:10:24.995+0000] {logging_mixin.py:190} INFO - [2026-06-29T22:10:24.994+0000] {dag.py:3239} INFO - Sync 1 DAGs
[2026-06-29T22:10:25.019+0000] {logging_mixin.py:190} INFO - [2026-06-29T22:10:25.018+0000] {dag.py:4180} INFO - Setting next_dagrun for example_task_group_decorator to None, run_after=None
[2026-06-29T22:10:25.046+0000] {processor.py:208} INFO - Processing /home/airflow/.local/lib/python3.12/site-packages/airflow/example_dags/example_task_group_decorator.py took 0.113 seconds
[2026-06-29T22:10:55.233+0000] {processor.py:186} INFO - Started process (PID=411) to work on /home/airflow/.local/lib/python3.12/site-packages/airflow/example_dags/example_task_group_decorator.py
[2026-06-29T22:10:55.236+0000] {processor.py:914} INFO - Processing file /home/airflow/.local/lib/python3.12/site-packages/airflow/example_dags/example_task_group_decorator.py for tasks to queue
[2026-06-29T22:10:55.245+0000] {logging_mixin.py:190} INFO - [2026-06-29T22:10:55.244+0000] {dagbag.py:588} INFO - Filling up the DagBag from /home/airflow/.local/lib/python3.12/site-packages/airflow/example_dags/example_task_group_decorator.py
[2026-06-29T22:10:55.266+0000] {processor.py:925} INFO - DAG(s) 'example_task_group_decorator' retrieved from /home/airflow/.local/lib/python3.12/site-packages/airflow/example_dags/example_task_group_decorator.py
[2026-06-29T22:10:55.305+0000] {logging_mixin.py:190} INFO - [2026-06-29T22:10:55.304+0000] {dag.py:3239} INFO - Sync 1 DAGs
[2026-06-29T22:10:55.344+0000] {logging_mixin.py:190} INFO - [2026-06-29T22:10:55.344+0000] {dag.py:4180} INFO - Setting next_dagrun for example_task_group_decorator to None, run_after=None
[2026-06-29T22:10:55.381+0000] {processor.py:208} INFO - Processing /home/airflow/.local/lib/python3.12/site-packages/airflow/example_dags/example_task_group_decorator.py took 0.156 seconds
[2026-06-29T22:11:25.982+0000] {processor.py:186} INFO - Started process (PID=475) to work on /home/airflow/.local/lib/python3.12/site-packages/airflow/example_dags/example_task_group_decorator.py
[2026-06-29T22:11:25.984+0000] {processor.py:914} INFO - Processing file /home/airflow/.local/lib/python3.12/site-packages/airflow/example_dags/example_task_group_decorator.py for tasks to queue
[2026-06-29T22:11:25.991+0000] {logging_mixin.py:190} INFO - [2026-06-29T22:11:25.991+0000] {dagbag.py:588} INFO - Filling up the DagBag from /home/airflow/.local/lib/python3.12/site-packages/airflow/example_dags/example_task_group_decorator.py
[2026-06-29T22:11:26.025+0000] {processor.py:925} INFO - DAG(s) 'example_task_group_decorator' retrieved from /home/airflow/.local/lib/python3.12/site-packages/airflow/example_dags/example_task_group_decorator.py
[2026-06-29T22:11:26.078+0000] {logging_mixin.py:190} INFO - [2026-06-29T22:11:26.078+0000] {dag.py:3239} INFO - Sync 1 DAGs
[2026-06-29T22:11:26.104+0000] {logging_mixin.py:190} INFO - [2026-06-29T22:11:26.104+0000] {dag.py:4180} INFO - Setting next_dagrun for example_task_group_decorator to None, run_after=None
[2026-06-29T22:11:26.152+0000] {processor.py:208} INFO - Processing /home/airflow/.local/lib/python3.12/site-packages/airflow/example_dags/example_task_group_decorator.py took 0.180 seconds
[2026-06-29T22:11:57.228+0000] {processor.py:186} INFO - Started process (PID=539) to work on /home/airflow/.local/lib/python3.12/site-packages/airflow/example_dags/example_task_group_decorator.py
[2026-06-29T22:11:57.230+0000] {processor.py:914} INFO - Processing file /home/airflow/.local/lib/python3.12/site-packages/airflow/example_dags/example_task_group_decorator.py for tasks to queue
[2026-06-29T22:11:57.233+0000] {logging_mixin.py:190} INFO - [2026-06-29T22:11:57.233+0000] {dagbag.py:588} INFO - Filling up the DagBag from /home/airflow/.local/lib/python3.12/site-packages/airflow/example_dags/example_task_group_decorator.py
[2026-06-29T22:11:57.256+0000] {processor.py:925} INFO - DAG(s) 'example_task_group_decorator' retrieved from /home/airflow/.local/lib/python3.12/site-packages/airflow/example_dags/example_task_group_decorator.py
[2026-06-29T22:11:57.293+0000] {logging_mixin.py:190} INFO - [2026-06-29T22:11:57.293+0000] {dag.py:3239} INFO - Sync 1 DAGs
[2026-06-29T22:11:57.314+0000] {logging_mixin.py:190} INFO - [2026-06-29T22:11:57.313+0000] {dag.py:4180} INFO - Setting next_dagrun for example_task_group_decorator to None, run_after=None
[2026-06-29T22:11:57.343+0000] {processor.py:208} INFO - Processing /home/airflow/.local/lib/python3.12/site-packages/airflow/example_dags/example_task_group_decorator.py took 0.124 seconds
[2026-06-29T22:12:33.187+0000] {processor.py:186} INFO - Started process (PID=601) to work on /home/airflow/.local/lib/python3.12/site-packages/airflow/example_dags/example_task_group_decorator.py
[2026-06-29T22:12:33.197+0000] {processor.py:914} INFO - Processing file /home/airflow/.local/lib/python3.12/site-packages/airflow/example_dags/example_task_group_decorator.py for tasks to queue
[2026-06-29T22:12:33.212+0000] {logging_mixin.py:190} INFO - [2026-06-29T22:12:33.211+0000] {dagbag.py:588} INFO - Filling up the DagBag from /home/airflow/.local/lib/python3.12/site-packages/airflow/example_dags/example_task_group_decorator.py
[2026-06-29T22:12:33.295+0000] {processor.py:925} INFO - DAG(s) 'example_task_group_decorator' retrieved from /home/airflow/.local/lib/python3.12/site-packages/airflow/example_dags/example_task_group_decorator.py
[2026-06-29T22:12:33.493+0000] {logging_mixin.py:190} INFO - [2026-06-29T22:12:33.478+0000] {dag.py:3239} INFO - Sync 1 DAGs
[2026-06-29T22:12:33.614+0000] {logging_mixin.py:190} INFO - [2026-06-29T22:12:33.612+0000] {dag.py:4180} INFO - Setting next_dagrun for example_task_group_decorator to None, run_after=None
[2026-06-29T22:12:33.831+0000] {processor.py:208} INFO - Processing /home/airflow/.local/lib/python3.12/site-packages/airflow/example_dags/example_task_group_decorator.py took 0.668 seconds
[2026-06-29T22:13:04.059+0000] {processor.py:186} INFO - Started process (PID=665) to work on /home/airflow/.local/lib/python3.12/site-packages/airflow/example_dags/example_task_group_decorator.py
[2026-06-29T22:13:04.061+0000] {processor.py:914} INFO - Processing file /home/airflow/.local/lib/python3.12/site-packages/airflow/example_dags/example_task_group_decorator.py for tasks to queue
[2026-06-29T22:13:04.065+0000] {logging_mixin.py:190} INFO - [2026-06-29T22:13:04.064+0000] {dagbag.py:588} INFO - Filling up the DagBag from /home/airflow/.local/lib/python3.12/site-packages/airflow/example_dags/example_task_group_decorator.py
[2026-06-29T22:13:04.085+0000] {processor.py:925} INFO - DAG(s) 'example_task_group_decorator' retrieved from /home/airflow/.local/lib/python3.12/site-packages/airflow/example_dags/example_task_group_decorator.py
[2026-06-29T22:13:04.113+0000] {logging_mixin.py:190} INFO - [2026-06-29T22:13:04.113+0000] {dag.py:3239} INFO - Sync 1 DAGs
[2026-06-29T22:13:04.129+0000] {logging_mixin.py:190} INFO - [2026-06-29T22:13:04.129+0000] {dag.py:4180} INFO - Setting next_dagrun for example_task_group_decorator to None, run_after=None
[2026-06-29T22:13:04.154+0000] {processor.py:208} INFO - Processing /home/airflow/.local/lib/python3.12/site-packages/airflow/example_dags/example_task_group_decorator.py took 0.104 seconds
[2026-06-29T22:13:35.969+0000] {processor.py:186} INFO - Started process (PID=729) to work on /home/airflow/.local/lib/python3.12/site-packages/airflow/example_dags/example_task_group_decorator.py
[2026-06-29T22:13:35.975+0000] {processor.py:914} INFO - Processing file /home/airflow/.local/lib/python3.12/site-packages/airflow/example_dags/example_task_group_decorator.py for tasks to queue
[2026-06-29T22:13:35.992+0000] {logging_mixin.py:190} INFO - [2026-06-29T22:13:35.991+0000] {dagbag.py:588} INFO - Filling up the DagBag from /home/airflow/.local/lib/python3.12/site-packages/airflow/example_dags/example_task_group_decorator.py
[2026-06-29T22:13:36.028+0000] {processor.py:925} INFO - DAG(s) 'example_task_group_decorator' retrieved from /home/airflow/.local/lib/python3.12/site-packages/airflow/example_dags/example_task_group_decorator.py
[2026-06-29T22:13:36.109+0000] {logging_mixin.py:190} INFO - [2026-06-29T22:13:36.108+0000] {dag.py:3239} INFO - Sync 1 DAGs
[2026-06-29T22:13:36.148+0000] {logging_mixin.py:190} INFO - [2026-06-29T22:13:36.148+0000] {dag.py:4180} INFO - Setting next_dagrun for example_task_group_decorator to None, run_after=None
[2026-06-29T22:13:36.239+0000] {processor.py:208} INFO - Processing /home/airflow/.local/lib/python3.12/site-packages/airflow/example_dags/example_task_group_decorator.py took 0.292 seconds
[2026-06-29T22:14:06.351+0000] {processor.py:186} INFO - Started process (PID=794) to work on /home/airflow/.local/lib/python3.12/site-packages/airflow/example_dags/example_task_group_decorator.py
[2026-06-29T22:14:06.354+0000] {processor.py:914} INFO - Processing file /home/airflow/.local/lib/python3.12/site-packages/airflow/example_dags/example_task_group_decorator.py for tasks to queue
[2026-06-29T22:14:06.359+0000] {logging_mixin.py:190} INFO - [2026-06-29T22:14:06.358+0000] {dagbag.py:588} INFO - Filling up the DagBag from /home/airflow/.local/lib/python3.12/site-packages/airflow/example_dags/example_task_group_decorator.py
[2026-06-29T22:14:06.386+0000] {processor.py:925} INFO - DAG(s) 'example_task_group_decorator' retrieved from /home/airflow/.local/lib/python3.12/site-packages/airflow/example_dags/example_task_group_decorator.py
[2026-06-29T22:14:06.432+0000] {logging_mixin.py:190} INFO - [2026-06-29T22:14:06.431+0000] {dag.py:3239} INFO - Sync 1 DAGs
[2026-06-29T22:14:06.454+0000] {logging_mixin.py:190} INFO - [2026-06-29T22:14:06.453+0000] {dag.py:4180} INFO - Setting next_dagrun for example_task_group_decorator to None, run_after=None
[2026-06-29T22:14:06.502+0000] {processor.py:208} INFO - Processing /home/airflow/.local/lib/python3.12/site-packages/airflow/example_dags/example_task_group_decorator.py took 0.163 seconds
[2026-06-29T22:14:38.378+0000] {processor.py:186} INFO - Started process (PID=864) to work on /home/airflow/.local/lib/python3.12/site-packages/airflow/example_dags/example_task_group_decorator.py
[2026-06-29T22:14:38.381+0000] {processor.py:914} INFO - Processing file /home/airflow/.local/lib/python3.12/site-packages/airflow/example_dags/example_task_group_decorator.py for tasks to queue
[2026-06-29T22:14:38.387+0000] {logging_mixin.py:190} INFO - [2026-06-29T22:14:38.387+0000] {dagbag.py:588} INFO - Filling up the DagBag from /home/airflow/.local/lib/python3.12/site-packages/airflow/example_dags/example_task_group_decorator.py
[2026-06-29T22:14:38.407+0000] {processor.py:925} INFO - DAG(s) 'example_task_group_decorator' retrieved from /home/airflow/.local/lib/python3.12/site-packages/airflow/example_dags/example_task_group_decorator.py
[2026-06-29T22:14:38.436+0000] {logging_mixin.py:190} INFO - [2026-06-29T22:14:38.436+0000] {dag.py:3239} INFO - Sync 1 DAGs
[2026-06-29T22:14:38.456+0000] {logging_mixin.py:190} INFO - [2026-06-29T22:14:38.455+0000] {dag.py:4180} INFO - Setting next_dagrun for example_task_group_decorator to None, run_after=None
[2026-06-29T22:14:38.483+0000] {processor.py:208} INFO - Processing /home/airflow/.local/lib/python3.12/site-packages/airflow/example_dags/example_task_group_decorator.py took 0.129 seconds
[2026-06-29T22:15:09.080+0000] {processor.py:186} INFO - Started process (PID=927) to work on /home/airflow/.local/lib/python3.12/site-packages/airflow/example_dags/example_task_group_decorator.py
[2026-06-29T22:15:09.082+0000] {processor.py:914} INFO - Processing file /home/airflow/.local/lib/python3.12/site-packages/airflow/example_dags/example_task_group_decorator.py for tasks to queue
[2026-06-29T22:15:09.085+0000] {logging_mixin.py:190} INFO - [2026-06-29T22:15:09.085+0000] {dagbag.py:588} INFO - Filling up the DagBag from /home/airflow/.local/lib/python3.12/site-packages/airflow/example_dags/example_task_group_decorator.py
[2026-06-29T22:15:09.103+0000] {processor.py:925} INFO - DAG(s) 'example_task_group_decorator' retrieved from /home/airflow/.local/lib/python3.12/site-packages/airflow/example_dags/example_task_group_decorator.py
[2026-06-29T22:15:09.134+0000] {logging_mixin.py:190} INFO - [2026-06-29T22:15:09.134+0000] {dag.py:3239} INFO - Sync 1 DAGs
[2026-06-29T22:15:09.151+0000] {logging_mixin.py:190} INFO - [2026-06-29T22:15:09.151+0000] {dag.py:4180} INFO - Setting next_dagrun for example_task_group_decorator to None, run_after=None
[2026-06-29T22:15:09.174+0000] {processor.py:208} INFO - Processing /home/airflow/.local/lib/python3.12/site-packages/airflow/example_dags/example_task_group_decorator.py took 0.103 seconds
[2026-06-29T22:15:39.565+0000] {processor.py:186} INFO - Started process (PID=991) to work on /home/airflow/.local/lib/python3.12/site-packages/airflow/example_dags/example_task_group_decorator.py
[2026-06-29T22:15:39.567+0000] {processor.py:914} INFO - Processing file /home/airflow/.local/lib/python3.12/site-packages/airflow/example_dags/example_task_group_decorator.py for tasks to queue
[2026-06-29T22:15:39.570+0000] {logging_mixin.py:190} INFO - [2026-06-29T22:15:39.570+0000] {dagbag.py:588} INFO - Filling up the DagBag from /home/airflow/.local/lib/python3.12/site-packages/airflow/example_dags/example_task_group_decorator.py
[2026-06-29T22:15:39.587+0000] {processor.py:925} INFO - DAG(s) 'example_task_group_decorator' retrieved from /home/airflow/.local/lib/python3.12/site-packages/airflow/example_dags/example_task_group_decorator.py
[2026-06-29T22:15:39.614+0000] {logging_mixin.py:190} INFO - [2026-06-29T22:15:39.614+0000] {dag.py:3239} INFO - Sync 1 DAGs
[2026-06-29T22:15:39.629+0000] {logging_mixin.py:190} INFO - [2026-06-29T22:15:39.629+0000] {dag.py:4180} INFO - Setting next_dagrun for example_task_group_decorator to None, run_after=None
[2026-06-29T22:15:39.651+0000] {processor.py:208} INFO - Processing /home/airflow/.local/lib/python3.12/site-packages/airflow/example_dags/example_task_group_decorator.py took 0.095 seconds
[2026-06-29T22:16:09.777+0000] {processor.py:186} INFO - Started process (PID=1054) to work on /home/airflow/.local/lib/python3.12/site-packages/airflow/example_dags/example_task_group_decorator.py
[2026-06-29T22:16:09.779+0000] {processor.py:914} INFO - Processing file /home/airflow/.local/lib/python3.12/site-packages/airflow/example_dags/example_task_group_decorator.py for tasks to queue
[2026-06-29T22:16:09.782+0000] {logging_mixin.py:190} INFO - [2026-06-29T22:16:09.782+0000] {dagbag.py:588} INFO - Filling up the DagBag from /home/airflow/.local/lib/python3.12/site-packages/airflow/example_dags/example_task_group_decorator.py
[2026-06-29T22:16:09.799+0000] {processor.py:925} INFO - DAG(s) 'example_task_group_decorator' retrieved from /home/airflow/.local/lib/python3.12/site-packages/airflow/example_dags/example_task_group_decorator.py
[2026-06-29T22:16:09.828+0000] {logging_mixin.py:190} INFO - [2026-06-29T22:16:09.827+0000] {dag.py:3239} INFO - Sync 1 DAGs
[2026-06-29T22:16:09.842+0000] {logging_mixin.py:190} INFO - [2026-06-29T22:16:09.841+0000] {dag.py:4180} INFO - Setting next_dagrun for example_task_group_decorator to None, run_after=None
[2026-06-29T22:16:09.867+0000] {processor.py:208} INFO - Processing /home/airflow/.local/lib/python3.12/site-packages/airflow/example_dags/example_task_group_decorator.py took 0.099 seconds
[2026-06-29T22:16:41.263+0000] {processor.py:186} INFO - Started process (PID=1118) to work on /home/airflow/.local/lib/python3.12/site-packages/airflow/example_dags/example_task_group_decorator.py
[2026-06-29T22:16:41.269+0000] {processor.py:914} INFO - Processing file /home/airflow/.local/lib/python3.12/site-packages/airflow/example_dags/example_task_group_decorator.py for tasks to queue
[2026-06-29T22:16:41.283+0000] {logging_mixin.py:190} INFO - [2026-06-29T22:16:41.282+0000] {dagbag.py:588} INFO - Filling up the DagBag from /home/airflow/.local/lib/python3.12/site-packages/airflow/example_dags/example_task_group_decorator.py
[2026-06-29T22:16:41.361+0000] {processor.py:925} INFO - DAG(s) 'example_task_group_decorator' retrieved from /home/airflow/.local/lib/python3.12/site-packages/airflow/example_dags/example_task_group_decorator.py
[2026-06-29T22:16:41.487+0000] {logging_mixin.py:190} INFO - [2026-06-29T22:16:41.486+0000] {dag.py:3239} INFO - Sync 1 DAGs
[2026-06-29T22:16:41.547+0000] {logging_mixin.py:190} INFO - [2026-06-29T22:16:41.546+0000] {dag.py:4180} INFO - Setting next_dagrun for example_task_group_decorator to None, run_after=None
[2026-06-29T22:16:41.635+0000] {processor.py:208} INFO - Processing /home/airflow/.local/lib/python3.12/site-packages/airflow/example_dags/example_task_group_decorator.py took 0.391 seconds
[2026-06-29T22:17:12.475+0000] {processor.py:186} INFO - Started process (PID=1182) to work on /home/airflow/.local/lib/python3.12/site-packages/airflow/example_dags/example_task_group_decorator.py
[2026-06-29T22:17:12.477+0000] {processor.py:914} INFO - Processing file /home/airflow/.local/lib/python3.12/site-packages/airflow/example_dags/example_task_group_decorator.py for tasks to queue
[2026-06-29T22:17:12.484+0000] {logging_mixin.py:190} INFO - [2026-06-29T22:17:12.483+0000] {dagbag.py:588} INFO - Filling up the DagBag from /home/airflow/.local/lib/python3.12/site-packages/airflow/example_dags/example_task_group_decorator.py
[2026-06-29T22:17:12.517+0000] {processor.py:925} INFO - DAG(s) 'example_task_group_decorator' retrieved from /home/airflow/.local/lib/python3.12/site-packages/airflow/example_dags/example_task_group_decorator.py
[2026-06-29T22:17:12.588+0000] {logging_mixin.py:190} INFO - [2026-06-29T22:17:12.587+0000] {dag.py:3239} INFO - Sync 1 DAGs
[2026-06-29T22:17:12.711+0000] {logging_mixin.py:190} INFO - [2026-06-29T22:17:12.710+0000] {dag.py:4180} INFO - Setting next_dagrun for example_task_group_decorator to None, run_after=None
[2026-06-29T22:17:12.797+0000] {processor.py:208} INFO - Processing /home/airflow/.local/lib/python3.12/site-packages/airflow/example_dags/example_task_group_decorator.py took 0.342 seconds
[2026-06-29T22:17:43.077+0000] {processor.py:186} INFO - Started process (PID=1246) to work on /home/airflow/.local/lib/python3.12/site-packages/airflow/example_dags/example_task_group_decorator.py
[2026-06-29T22:17:43.079+0000] {processor.py:914} INFO - Processing file /home/airflow/.local/lib/python3.12/site-packages/airflow/example_dags/example_task_group_decorator.py for tasks to queue
[2026-06-29T22:17:43.086+0000] {logging_mixin.py:190} INFO - [2026-06-29T22:17:43.085+0000] {dagbag.py:588} INFO - Filling up the DagBag from /home/airflow/.local/lib/python3.12/site-packages/airflow/example_dags/example_task_group_decorator.py
[2026-06-29T22:17:43.123+0000] {processor.py:925} INFO - DAG(s) 'example_task_group_decorator' retrieved from /home/airflow/.local/lib/python3.12/site-packages/airflow/example_dags/example_task_group_decorator.py
[2026-06-29T22:17:43.182+0000] {logging_mixin.py:190} INFO - [2026-06-29T22:17:43.181+0000] {dag.py:3239} INFO - Sync 1 DAGs
[2026-06-29T22:17:43.211+0000] {logging_mixin.py:190} INFO - [2026-06-29T22:17:43.210+0000] {dag.py:4180} INFO - Setting next_dagrun for example_task_group_decorator to None, run_after=None
[2026-06-29T22:17:43.265+0000] {processor.py:208} INFO - Processing /home/airflow/.local/lib/python3.12/site-packages/airflow/example_dags/example_task_group_decorator.py took 0.206 seconds
[2026-06-29T22:18:13.978+0000] {processor.py:186} INFO - Started process (PID=1310) to work on /home/airflow/.local/lib/python3.12/site-packages/airflow/example_dags/example_task_group_decorator.py
[2026-06-29T22:18:13.980+0000] {processor.py:914} INFO - Processing file /home/airflow/.local/lib/python3.12/site-packages/airflow/example_dags/example_task_group_decorator.py for tasks to queue
[2026-06-29T22:18:13.984+0000] {logging_mixin.py:190} INFO - [2026-06-29T22:18:13.984+0000] {dagbag.py:588} INFO - Filling up the DagBag from /home/airflow/.local/lib/python3.12/site-packages/airflow/example_dags/example_task_group_decorator.py
[2026-06-29T22:18:14.013+0000] {processor.py:925} INFO - DAG(s) 'example_task_group_decorator' retrieved from /home/airflow/.local/lib/python3.12/site-packages/airflow/example_dags/example_task_group_decorator.py
[2026-06-29T22:18:14.050+0000] {logging_mixin.py:190} INFO - [2026-06-29T22:18:14.050+0000] {dag.py:3239} INFO - Sync 1 DAGs
[2026-06-29T22:18:14.069+0000] {logging_mixin.py:190} INFO - [2026-06-29T22:18:14.069+0000] {dag.py:4180} INFO - Setting next_dagrun for example_task_group_decorator to None, run_after=None
[2026-06-29T22:18:14.102+0000] {processor.py:208} INFO - Processing /home/airflow/.local/lib/python3.12/site-packages/airflow/example_dags/example_task_group_decorator.py took 0.132 seconds
[2026-06-29T22:18:44.340+0000] {processor.py:186} INFO - Started process (PID=1373) to work on /home/airflow/.local/lib/python3.12/site-packages/airflow/example_dags/example_task_group_decorator.py
[2026-06-29T22:18:44.342+0000] {processor.py:914} INFO - Processing file /home/airflow/.local/lib/python3.12/site-packages/airflow/example_dags/example_task_group_decorator.py for tasks to queue
[2026-06-29T22:18:44.345+0000] {logging_mixin.py:190} INFO - [2026-06-29T22:18:44.345+0000] {dagbag.py:588} INFO - Filling up the DagBag from /home/airflow/.local/lib/python3.12/site-packages/airflow/example_dags/example_task_group_decorator.py
[2026-06-29T22:18:44.381+0000] {processor.py:925} INFO - DAG(s) 'example_task_group_decorator' retrieved from /home/airflow/.local/lib/python3.12/site-packages/airflow/example_dags/example_task_group_decorator.py
[2026-06-29T22:18:44.419+0000] {logging_mixin.py:190} INFO - [2026-06-29T22:18:44.418+0000] {dag.py:3239} INFO - Sync 1 DAGs
[2026-06-29T22:18:44.438+0000] {logging_mixin.py:190} INFO - [2026-06-29T22:18:44.438+0000] {dag.py:4180} INFO - Setting next_dagrun for example_task_group_decorator to None, run_after=None
[2026-06-29T22:18:44.464+0000] {processor.py:208} INFO - Processing /home/airflow/.local/lib/python3.12/site-packages/airflow/example_dags/example_task_group_decorator.py took 0.136 seconds
[2026-06-29T22:19:15.231+0000] {processor.py:186} INFO - Started process (PID=1438) to work on /home/airflow/.local/lib/python3.12/site-packages/airflow/example_dags/example_task_group_decorator.py
[2026-06-29T22:19:15.233+0000] {processor.py:914} INFO - Processing file /home/airflow/.local/lib/python3.12/site-packages/airflow/example_dags/example_task_group_decorator.py for tasks to queue
[2026-06-29T22:19:15.236+0000] {logging_mixin.py:190} INFO - [2026-06-29T22:19:15.235+0000] {dagbag.py:588} INFO - Filling up the DagBag from /home/airflow/.local/lib/python3.12/site-packages/airflow/example_dags/example_task_group_decorator.py
[2026-06-29T22:19:15.257+0000] {processor.py:925} INFO - DAG(s) 'example_task_group_decorator' retrieved from /home/airflow/.local/lib/python3.12/site-packages/airflow/example_dags/example_task_group_decorator.py
[2026-06-29T22:19:15.283+0000] {logging_mixin.py:190} INFO - [2026-06-29T22:19:15.283+0000] {dag.py:3239} INFO - Sync 1 DAGs
[2026-06-29T22:19:15.297+0000] {logging_mixin.py:190} INFO - [2026-06-29T22:19:15.296+0000] {dag.py:4180} INFO - Setting next_dagrun for example_task_group_decorator to None, run_after=None
[2026-06-29T22:19:15.318+0000] {processor.py:208} INFO - Processing /home/airflow/.local/lib/python3.12/site-packages/airflow/example_dags/example_task_group_decorator.py took 0.093 seconds
[2026-06-29T22:19:45.486+0000] {processor.py:186} INFO - Started process (PID=1502) to work on /home/airflow/.local/lib/python3.12/site-packages/airflow/example_dags/example_task_group_decorator.py
[2026-06-29T22:19:45.487+0000] {processor.py:914} INFO - Processing file /home/airflow/.local/lib/python3.12/site-packages/airflow/example_dags/example_task_group_decorator.py for tasks to queue
[2026-06-29T22:19:45.491+0000] {logging_mixin.py:190} INFO - [2026-06-29T22:19:45.490+0000] {dagbag.py:588} INFO - Filling up the DagBag from /home/airflow/.local/lib/python3.12/site-packages/airflow/example_dags/example_task_group_decorator.py
[2026-06-29T22:19:45.522+0000] {processor.py:925} INFO - DAG(s) 'example_task_group_decorator' retrieved from /home/airflow/.local/lib/python3.12/site-packages/airflow/example_dags/example_task_group_decorator.py
[2026-06-29T22:19:45.571+0000] {logging_mixin.py:190} INFO - [2026-06-29T22:19:45.571+0000] {dag.py:3239} INFO - Sync 1 DAGs
[2026-06-29T22:19:45.591+0000] {logging_mixin.py:190} INFO - [2026-06-29T22:19:45.591+0000] {dag.py:4180} INFO - Setting next_dagrun for example_task_group_decorator to None, run_after=None
[2026-06-29T22:19:45.622+0000] {processor.py:208} INFO - Processing /home/airflow/.local/lib/python3.12/site-packages/airflow/example_dags/example_task_group_decorator.py took 0.144 seconds
[2026-06-29T22:20:17.385+0000] {processor.py:186} INFO - Started process (PID=1562) to work on /home/airflow/.local/lib/python3.12/site-packages/airflow/example_dags/example_task_group_decorator.py
[2026-06-29T22:20:17.390+0000] {processor.py:914} INFO - Processing file /home/airflow/.local/lib/python3.12/site-packages/airflow/example_dags/example_task_group_decorator.py for tasks to queue
[2026-06-29T22:20:17.400+0000] {logging_mixin.py:190} INFO - [2026-06-29T22:20:17.399+0000] {dagbag.py:588} INFO - Filling up the DagBag from /home/airflow/.local/lib/python3.12/site-packages/airflow/example_dags/example_task_group_decorator.py
[2026-06-29T22:20:17.432+0000] {processor.py:925} INFO - DAG(s) 'example_task_group_decorator' retrieved from /home/airflow/.local/lib/python3.12/site-packages/airflow/example_dags/example_task_group_decorator.py
[2026-06-29T22:20:17.506+0000] {logging_mixin.py:190} INFO - [2026-06-29T22:20:17.505+0000] {dag.py:3239} INFO - Sync 1 DAGs
[2026-06-29T22:20:17.541+0000] {logging_mixin.py:190} INFO - [2026-06-29T22:20:17.540+0000] {dag.py:4180} INFO - Setting next_dagrun for example_task_group_decorator to None, run_after=None
[2026-06-29T22:20:17.615+0000] {processor.py:208} INFO - Processing /home/airflow/.local/lib/python3.12/site-packages/airflow/example_dags/example_task_group_decorator.py took 0.250 seconds
[2026-06-29T22:20:50.196+0000] {processor.py:186} INFO - Started process (PID=1623) to work on /home/airflow/.local/lib/python3.12/site-packages/airflow/example_dags/example_task_group_decorator.py
[2026-06-29T22:20:50.200+0000] {processor.py:914} INFO - Processing file /home/airflow/.local/lib/python3.12/site-packages/airflow/example_dags/example_task_group_decorator.py for tasks to queue
[2026-06-29T22:20:50.208+0000] {logging_mixin.py:190} INFO - [2026-06-29T22:20:50.207+0000] {dagbag.py:588} INFO - Filling up the DagBag from /home/airflow/.local/lib/python3.12/site-packages/airflow/example_dags/example_task_group_decorator.py
[2026-06-29T22:20:50.255+0000] {processor.py:925} INFO - DAG(s) 'example_task_group_decorator' retrieved from /home/airflow/.local/lib/python3.12/site-packages/airflow/example_dags/example_task_group_decorator.py
[2026-06-29T22:20:50.311+0000] {logging_mixin.py:190} INFO - [2026-06-29T22:20:50.310+0000] {dag.py:3239} INFO - Sync 1 DAGs
[2026-06-29T22:20:50.405+0000] {logging_mixin.py:190} INFO - [2026-06-29T22:20:50.404+0000] {dag.py:4180} INFO - Setting next_dagrun for example_task_group_decorator to None, run_after=None
[2026-06-29T22:20:50.516+0000] {processor.py:208} INFO - Processing /home/airflow/.local/lib/python3.12/site-packages/airflow/example_dags/example_task_group_decorator.py took 0.338 seconds
[2026-06-29T22:21:21.737+0000] {processor.py:186} INFO - Started process (PID=1687) to work on /home/airflow/.local/lib/python3.12/site-packages/airflow/example_dags/example_task_group_decorator.py
[2026-06-29T22:21:21.741+0000] {processor.py:914} INFO - Processing file /home/airflow/.local/lib/python3.12/site-packages/airflow/example_dags/example_task_group_decorator.py for tasks to queue
[2026-06-29T22:21:21.752+0000] {logging_mixin.py:190} INFO - [2026-06-29T22:21:21.750+0000] {dagbag.py:588} INFO - Filling up the DagBag from /home/airflow/.local/lib/python3.12/site-packages/airflow/example_dags/example_task_group_decorator.py
[2026-06-29T22:21:21.786+0000] {processor.py:925} INFO - DAG(s) 'example_task_group_decorator' retrieved from /home/airflow/.local/lib/python3.12/site-packages/airflow/example_dags/example_task_group_decorator.py
[2026-06-29T22:21:21.859+0000] {logging_mixin.py:190} INFO - [2026-06-29T22:21:21.858+0000] {dag.py:3239} INFO - Sync 1 DAGs
[2026-06-29T22:21:21.901+0000] {logging_mixin.py:190} INFO - [2026-06-29T22:21:21.901+0000] {dag.py:4180} INFO - Setting next_dagrun for example_task_group_decorator to None, run_after=None
[2026-06-29T22:21:21.958+0000] {processor.py:208} INFO - Processing /home/airflow/.local/lib/python3.12/site-packages/airflow/example_dags/example_task_group_decorator.py took 0.233 seconds
[2026-06-29T22:21:52.455+0000] {processor.py:186} INFO - Started process (PID=1750) to work on /home/airflow/.local/lib/python3.12/site-packages/airflow/example_dags/example_task_group_decorator.py
[2026-06-29T22:21:52.457+0000] {processor.py:914} INFO - Processing file /home/airflow/.local/lib/python3.12/site-packages/airflow/example_dags/example_task_group_decorator.py for tasks to queue
[2026-06-29T22:21:52.460+0000] {logging_mixin.py:190} INFO - [2026-06-29T22:21:52.460+0000] {dagbag.py:588} INFO - Filling up the DagBag from /home/airflow/.local/lib/python3.12/site-packages/airflow/example_dags/example_task_group_decorator.py
[2026-06-29T22:21:52.481+0000] {processor.py:925} INFO - DAG(s) 'example_task_group_decorator' retrieved from /home/airflow/.local/lib/python3.12/site-packages/airflow/example_dags/example_task_group_decorator.py
[2026-06-29T22:21:52.530+0000] {logging_mixin.py:190} INFO - [2026-06-29T22:21:52.530+0000] {dag.py:3239} INFO - Sync 1 DAGs
[2026-06-29T22:21:52.555+0000] {logging_mixin.py:190} INFO - [2026-06-29T22:21:52.555+0000] {dag.py:4180} INFO - Setting next_dagrun for example_task_group_decorator to None, run_after=None
[2026-06-29T22:21:52.584+0000] {processor.py:208} INFO - Processing /home/airflow/.local/lib/python3.12/site-packages/airflow/example_dags/example_task_group_decorator.py took 0.136 seconds
[2026-06-29T22:22:23.550+0000] {processor.py:186} INFO - Started process (PID=1814) to work on /home/airflow/.local/lib/python3.12/site-packages/airflow/example_dags/example_task_group_decorator.py
[2026-06-29T22:22:23.552+0000] {processor.py:914} INFO - Processing file /home/airflow/.local/lib/python3.12/site-packages/airflow/example_dags/example_task_group_decorator.py for tasks to queue
[2026-06-29T22:22:23.555+0000] {logging_mixin.py:190} INFO - [2026-06-29T22:22:23.555+0000] {dagbag.py:588} INFO - Filling up the DagBag from /home/airflow/.local/lib/python3.12/site-packages/airflow/example_dags/example_task_group_decorator.py
[2026-06-29T22:22:23.573+0000] {processor.py:925} INFO - DAG(s) 'example_task_group_decorator' retrieved from /home/airflow/.local/lib/python3.12/site-packages/airflow/example_dags/example_task_group_decorator.py
[2026-06-29T22:22:23.605+0000] {logging_mixin.py:190} INFO - [2026-06-29T22:22:23.604+0000] {dag.py:3239} INFO - Sync 1 DAGs
[2026-06-29T22:22:23.620+0000] {logging_mixin.py:190} INFO - [2026-06-29T22:22:23.620+0000] {dag.py:4180} INFO - Setting next_dagrun for example_task_group_decorator to None, run_after=None
[2026-06-29T22:22:23.644+0000] {processor.py:208} INFO - Processing /home/airflow/.local/lib/python3.12/site-packages/airflow/example_dags/example_task_group_decorator.py took 0.103 seconds
[2026-06-29T22:22:53.785+0000] {processor.py:186} INFO - Started process (PID=1879) to work on /home/airflow/.local/lib/python3.12/site-packages/airflow/example_dags/example_task_group_decorator.py
[2026-06-29T22:22:53.787+0000] {processor.py:914} INFO - Processing file /home/airflow/.local/lib/python3.12/site-packages/airflow/example_dags/example_task_group_decorator.py for tasks to queue
[2026-06-29T22:22:53.792+0000] {logging_mixin.py:190} INFO - [2026-06-29T22:22:53.792+0000] {dagbag.py:588} INFO - Filling up the DagBag from /home/airflow/.local/lib/python3.12/site-packages/airflow/example_dags/example_task_group_decorator.py
[2026-06-29T22:22:53.808+0000] {processor.py:925} INFO - DAG(s) 'example_task_group_decorator' retrieved from /home/airflow/.local/lib/python3.12/site-packages/airflow/example_dags/example_task_group_decorator.py
[2026-06-29T22:22:53.833+0000] {logging_mixin.py:190} INFO - [2026-06-29T22:22:53.833+0000] {dag.py:3239} INFO - Sync 1 DAGs
[2026-06-29T22:22:53.848+0000] {logging_mixin.py:190} INFO - [2026-06-29T22:22:53.848+0000] {dag.py:4180} INFO - Setting next_dagrun for example_task_group_decorator to None, run_after=None
[2026-06-29T22:22:53.868+0000] {processor.py:208} INFO - Processing /home/airflow/.local/lib/python3.12/site-packages/airflow/example_dags/example_task_group_decorator.py took 0.089 seconds
[2026-06-29T22:23:24.360+0000] {processor.py:186} INFO - Started process (PID=1942) to work on /home/airflow/.local/lib/python3.12/site-packages/airflow/example_dags/example_task_group_decorator.py
[2026-06-29T22:23:24.362+0000] {processor.py:914} INFO - Processing file /home/airflow/.local/lib/python3.12/site-packages/airflow/example_dags/example_task_group_decorator.py for tasks to queue
[2026-06-29T22:23:24.365+0000] {logging_mixin.py:190} INFO - [2026-06-29T22:23:24.365+0000] {dagbag.py:588} INFO - Filling up the DagBag from /home/airflow/.local/lib/python3.12/site-packages/airflow/example_dags/example_task_group_decorator.py
[2026-06-29T22:23:24.384+0000] {processor.py:925} INFO - DAG(s) 'example_task_group_decorator' retrieved from /home/airflow/.local/lib/python3.12/site-packages/airflow/example_dags/example_task_group_decorator.py
[2026-06-29T22:23:24.412+0000] {logging_mixin.py:190} INFO - [2026-06-29T22:23:24.411+0000] {dag.py:3239} INFO - Sync 1 DAGs
[2026-06-29T22:23:24.426+0000] {logging_mixin.py:190} INFO - [2026-06-29T22:23:24.426+0000] {dag.py:4180} INFO - Setting next_dagrun for example_task_group_decorator to None, run_after=None
[2026-06-29T22:23:24.448+0000] {processor.py:208} INFO - Processing /home/airflow/.local/lib/python3.12/site-packages/airflow/example_dags/example_task_group_decorator.py took 0.097 seconds
[2026-06-29T22:23:55.180+0000] {processor.py:186} INFO - Started process (PID=2006) to work on /home/airflow/.local/lib/python3.12/site-packages/airflow/example_dags/example_task_group_decorator.py
[2026-06-29T22:23:55.182+0000] {processor.py:914} INFO - Processing file /home/airflow/.local/lib/python3.12/site-packages/airflow/example_dags/example_task_group_decorator.py for tasks to queue
[2026-06-29T22:23:55.185+0000] {logging_mixin.py:190} INFO - [2026-06-29T22:23:55.184+0000] {dagbag.py:588} INFO - Filling up the DagBag from /home/airflow/.local/lib/python3.12/site-packages/airflow/example_dags/example_task_group_decorator.py
[2026-06-29T22:23:55.206+0000] {processor.py:925} INFO - DAG(s) 'example_task_group_decorator' retrieved from /home/airflow/.local/lib/python3.12/site-packages/airflow/example_dags/example_task_group_decorator.py
[2026-06-29T22:23:55.234+0000] {logging_mixin.py:190} INFO - [2026-06-29T22:23:55.234+0000] {dag.py:3239} INFO - Sync 1 DAGs
[2026-06-29T22:23:55.249+0000] {logging_mixin.py:190} INFO - [2026-06-29T22:23:55.249+0000] {dag.py:4180} INFO - Setting next_dagrun for example_task_group_decorator to None, run_after=None
[2026-06-29T22:23:55.273+0000] {processor.py:208} INFO - Processing /home/airflow/.local/lib/python3.12/site-packages/airflow/example_dags/example_task_group_decorator.py took 0.099 seconds
[2026-06-29T22:24:25.505+0000] {processor.py:186} INFO - Started process (PID=2070) to work on /home/airflow/.local/lib/python3.12/site-packages/airflow/example_dags/example_task_group_decorator.py
[2026-06-29T22:24:25.507+0000] {processor.py:914} INFO - Processing file /home/airflow/.local/lib/python3.12/site-packages/airflow/example_dags/example_task_group_decorator.py for tasks to queue
[2026-06-29T22:24:25.510+0000] {logging_mixin.py:190} INFO - [2026-06-29T22:24:25.510+0000] {dagbag.py:588} INFO - Filling up the DagBag from /home/airflow/.local/lib/python3.12/site-packages/airflow/example_dags/example_task_group_decorator.py
[2026-06-29T22:24:25.532+0000] {processor.py:925} INFO - DAG(s) 'example_task_group_decorator' retrieved from /home/airflow/.local/lib/python3.12/site-packages/airflow/example_dags/example_task_group_decorator.py
[2026-06-29T22:24:25.561+0000] {logging_mixin.py:190} INFO - [2026-06-29T22:24:25.560+0000] {dag.py:3239} INFO - Sync 1 DAGs
[2026-06-29T22:24:25.576+0000] {logging_mixin.py:190} INFO - [2026-06-29T22:24:25.575+0000] {dag.py:4180} INFO - Setting next_dagrun for example_task_group_decorator to None, run_after=None
[2026-06-29T22:24:25.596+0000] {processor.py:208} INFO - Processing /home/airflow/.local/lib/python3.12/site-packages/airflow/example_dags/example_task_group_decorator.py took 0.101 seconds
[2026-06-29T22:24:56.135+0000] {processor.py:186} INFO - Started process (PID=2134) to work on /home/airflow/.local/lib/python3.12/site-packages/airflow/example_dags/example_task_group_decorator.py
[2026-06-29T22:24:56.137+0000] {processor.py:914} INFO - Processing file /home/airflow/.local/lib/python3.12/site-packages/airflow/example_dags/example_task_group_decorator.py for tasks to queue
[2026-06-29T22:24:56.140+0000] {logging_mixin.py:190} INFO - [2026-06-29T22:24:56.139+0000] {dagbag.py:588} INFO - Filling up the DagBag from /home/airflow/.local/lib/python3.12/site-packages/airflow/example_dags/example_task_group_decorator.py
[2026-06-29T22:24:56.156+0000] {processor.py:925} INFO - DAG(s) 'example_task_group_decorator' retrieved from /home/airflow/.local/lib/python3.12/site-packages/airflow/example_dags/example_task_group_decorator.py
[2026-06-29T22:24:56.183+0000] {logging_mixin.py:190} INFO - [2026-06-29T22:24:56.183+0000] {dag.py:3239} INFO - Sync 1 DAGs
[2026-06-29T22:24:56.202+0000] {logging_mixin.py:190} INFO - [2026-06-29T22:24:56.202+0000] {dag.py:4180} INFO - Setting next_dagrun for example_task_group_decorator to None, run_after=None
[2026-06-29T22:24:56.225+0000] {processor.py:208} INFO - Processing /home/airflow/.local/lib/python3.12/site-packages/airflow/example_dags/example_task_group_decorator.py took 0.096 seconds
[2026-06-29T22:25:26.740+0000] {processor.py:186} INFO - Started process (PID=2198) to work on /home/airflow/.local/lib/python3.12/site-packages/airflow/example_dags/example_task_group_decorator.py
[2026-06-29T22:25:26.742+0000] {processor.py:914} INFO - Processing file /home/airflow/.local/lib/python3.12/site-packages/airflow/example_dags/example_task_group_decorator.py for tasks to queue
[2026-06-29T22:25:26.746+0000] {logging_mixin.py:190} INFO - [2026-06-29T22:25:26.746+0000] {dagbag.py:588} INFO - Filling up the DagBag from /home/airflow/.local/lib/python3.12/site-packages/airflow/example_dags/example_task_group_decorator.py
[2026-06-29T22:25:26.771+0000] {processor.py:925} INFO - DAG(s) 'example_task_group_decorator' retrieved from /home/airflow/.local/lib/python3.12/site-packages/airflow/example_dags/example_task_group_decorator.py
[2026-06-29T22:25:26.832+0000] {logging_mixin.py:190} INFO - [2026-06-29T22:25:26.831+0000] {dag.py:3239} INFO - Sync 1 DAGs
[2026-06-29T22:25:26.866+0000] {logging_mixin.py:190} INFO - [2026-06-29T22:25:26.866+0000] {dag.py:4180} INFO - Setting next_dagrun for example_task_group_decorator to None, run_after=None
[2026-06-29T22:25:26.901+0000] {processor.py:208} INFO - Processing /home/airflow/.local/lib/python3.12/site-packages/airflow/example_dags/example_task_group_decorator.py took 0.175 seconds
[2026-06-29T22:25:57.228+0000] {processor.py:186} INFO - Started process (PID=2262) to work on /home/airflow/.local/lib/python3.12/site-packages/airflow/example_dags/example_task_group_decorator.py
[2026-06-29T22:25:57.230+0000] {processor.py:914} INFO - Processing file /home/airflow/.local/lib/python3.12/site-packages/airflow/example_dags/example_task_group_decorator.py for tasks to queue
[2026-06-29T22:25:57.235+0000] {logging_mixin.py:190} INFO - [2026-06-29T22:25:57.234+0000] {dagbag.py:588} INFO - Filling up the DagBag from /home/airflow/.local/lib/python3.12/site-packages/airflow/example_dags/example_task_group_decorator.py
[2026-06-29T22:25:57.253+0000] {processor.py:925} INFO - DAG(s) 'example_task_group_decorator' retrieved from /home/airflow/.local/lib/python3.12/site-packages/airflow/example_dags/example_task_group_decorator.py
[2026-06-29T22:25:57.285+0000] {logging_mixin.py:190} INFO - [2026-06-29T22:25:57.284+0000] {dag.py:3239} INFO - Sync 1 DAGs
[2026-06-29T22:25:57.303+0000] {logging_mixin.py:190} INFO - [2026-06-29T22:25:57.303+0000] {dag.py:4180} INFO - Setting next_dagrun for example_task_group_decorator to None, run_after=None
[2026-06-29T22:25:57.325+0000] {processor.py:208} INFO - Processing /home/airflow/.local/lib/python3.12/site-packages/airflow/example_dags/example_task_group_decorator.py took 0.104 seconds
[2026-06-29T22:26:28.179+0000] {processor.py:186} INFO - Started process (PID=2326) to work on /home/airflow/.local/lib/python3.12/site-packages/airflow/example_dags/example_task_group_decorator.py
[2026-06-29T22:26:28.181+0000] {processor.py:914} INFO - Processing file /home/airflow/.local/lib/python3.12/site-packages/airflow/example_dags/example_task_group_decorator.py for tasks to queue
[2026-06-29T22:26:28.184+0000] {logging_mixin.py:190} INFO - [2026-06-29T22:26:28.184+0000] {dagbag.py:588} INFO - Filling up the DagBag from /home/airflow/.local/lib/python3.12/site-packages/airflow/example_dags/example_task_group_decorator.py
[2026-06-29T22:26:28.203+0000] {processor.py:925} INFO - DAG(s) 'example_task_group_decorator' retrieved from /home/airflow/.local/lib/python3.12/site-packages/airflow/example_dags/example_task_group_decorator.py
[2026-06-29T22:26:28.231+0000] {logging_mixin.py:190} INFO - [2026-06-29T22:26:28.230+0000] {dag.py:3239} INFO - Sync 1 DAGs
[2026-06-29T22:26:28.245+0000] {logging_mixin.py:190} INFO - [2026-06-29T22:26:28.245+0000] {dag.py:4180} INFO - Setting next_dagrun for example_task_group_decorator to None, run_after=None
[2026-06-29T22:26:28.266+0000] {processor.py:208} INFO - Processing /home/airflow/.local/lib/python3.12/site-packages/airflow/example_dags/example_task_group_decorator.py took 0.095 seconds
[2026-06-29T22:26:58.415+0000] {processor.py:186} INFO - Started process (PID=2390) to work on /home/airflow/.local/lib/python3.12/site-packages/airflow/example_dags/example_task_group_decorator.py
[2026-06-29T22:26:58.417+0000] {processor.py:914} INFO - Processing file /home/airflow/.local/lib/python3.12/site-packages/airflow/example_dags/example_task_group_decorator.py for tasks to queue
[2026-06-29T22:26:58.420+0000] {logging_mixin.py:190} INFO - [2026-06-29T22:26:58.419+0000] {dagbag.py:588} INFO - Filling up the DagBag from /home/airflow/.local/lib/python3.12/site-packages/airflow/example_dags/example_task_group_decorator.py
[2026-06-29T22:26:58.436+0000] {processor.py:925} INFO - DAG(s) 'example_task_group_decorator' retrieved from /home/airflow/.local/lib/python3.12/site-packages/airflow/example_dags/example_task_group_decorator.py
[2026-06-29T22:26:58.464+0000] {logging_mixin.py:190} INFO - [2026-06-29T22:26:58.464+0000] {dag.py:3239} INFO - Sync 1 DAGs
[2026-06-29T22:26:58.479+0000] {logging_mixin.py:190} INFO - [2026-06-29T22:26:58.479+0000] {dag.py:4180} INFO - Setting next_dagrun for example_task_group_decorator to None, run_after=None
[2026-06-29T22:26:58.501+0000] {processor.py:208} INFO - Processing /home/airflow/.local/lib/python3.12/site-packages/airflow/example_dags/example_task_group_decorator.py took 0.092 seconds
[2026-06-29T22:27:28.618+0000] {processor.py:186} INFO - Started process (PID=2454) to work on /home/airflow/.local/lib/python3.12/site-packages/airflow/example_dags/example_task_group_decorator.py
[2026-06-29T22:27:28.619+0000] {processor.py:914} INFO - Processing file /home/airflow/.local/lib/python3.12/site-packages/airflow/example_dags/example_task_group_decorator.py for tasks to queue
[2026-06-29T22:27:28.623+0000] {logging_mixin.py:190} INFO - [2026-06-29T22:27:28.622+0000] {dagbag.py:588} INFO - Filling up the DagBag from /home/airflow/.local/lib/python3.12/site-packages/airflow/example_dags/example_task_group_decorator.py
[2026-06-29T22:27:28.638+0000] {processor.py:925} INFO - DAG(s) 'example_task_group_decorator' retrieved from /home/airflow/.local/lib/python3.12/site-packages/airflow/example_dags/example_task_group_decorator.py
[2026-06-29T22:27:28.664+0000] {logging_mixin.py:190} INFO - [2026-06-29T22:27:28.664+0000] {dag.py:3239} INFO - Sync 1 DAGs
[2026-06-29T22:27:28.679+0000] {logging_mixin.py:190} INFO - [2026-06-29T22:27:28.678+0000] {dag.py:4180} INFO - Setting next_dagrun for example_task_group_decorator to None, run_after=None
[2026-06-29T22:27:28.700+0000] {processor.py:208} INFO - Processing /home/airflow/.local/lib/python3.12/site-packages/airflow/example_dags/example_task_group_decorator.py took 0.088 seconds
[2026-06-29T22:27:59.173+0000] {processor.py:186} INFO - Started process (PID=2513) to work on /home/airflow/.local/lib/python3.12/site-packages/airflow/example_dags/example_task_group_decorator.py
[2026-06-29T22:27:59.175+0000] {processor.py:914} INFO - Processing file /home/airflow/.local/lib/python3.12/site-packages/airflow/example_dags/example_task_group_decorator.py for tasks to queue
[2026-06-29T22:27:59.180+0000] {logging_mixin.py:190} INFO - [2026-06-29T22:27:59.179+0000] {dagbag.py:588} INFO - Filling up the DagBag from /home/airflow/.local/lib/python3.12/site-packages/airflow/example_dags/example_task_group_decorator.py
[2026-06-29T22:27:59.206+0000] {processor.py:925} INFO - DAG(s) 'example_task_group_decorator' retrieved from /home/airflow/.local/lib/python3.12/site-packages/airflow/example_dags/example_task_group_decorator.py
[2026-06-29T22:27:59.263+0000] {logging_mixin.py:190} INFO - [2026-06-29T22:27:59.262+0000] {dag.py:3239} INFO - Sync 1 DAGs
[2026-06-29T22:27:59.284+0000] {logging_mixin.py:190} INFO - [2026-06-29T22:27:59.284+0000] {dag.py:4180} INFO - Setting next_dagrun for example_task_group_decorator to None, run_after=None
[2026-06-29T22:27:59.323+0000] {processor.py:208} INFO - Processing /home/airflow/.local/lib/python3.12/site-packages/airflow/example_dags/example_task_group_decorator.py took 0.162 seconds
[2026-06-29T22:28:29.970+0000] {processor.py:186} INFO - Started process (PID=2576) to work on /home/airflow/.local/lib/python3.12/site-packages/airflow/example_dags/example_task_group_decorator.py
[2026-06-29T22:28:29.974+0000] {processor.py:914} INFO - Processing file /home/airflow/.local/lib/python3.12/site-packages/airflow/example_dags/example_task_group_decorator.py for tasks to queue
[2026-06-29T22:28:29.981+0000] {logging_mixin.py:190} INFO - [2026-06-29T22:28:29.980+0000] {dagbag.py:588} INFO - Filling up the DagBag from /home/airflow/.local/lib/python3.12/site-packages/airflow/example_dags/example_task_group_decorator.py
[2026-06-29T22:28:30.037+0000] {processor.py:925} INFO - DAG(s) 'example_task_group_decorator' retrieved from /home/airflow/.local/lib/python3.12/site-packages/airflow/example_dags/example_task_group_decorator.py
[2026-06-29T22:28:30.110+0000] {logging_mixin.py:190} INFO - [2026-06-29T22:28:30.110+0000] {dag.py:3239} INFO - Sync 1 DAGs
[2026-06-29T22:28:30.145+0000] {logging_mixin.py:190} INFO - [2026-06-29T22:28:30.145+0000] {dag.py:4180} INFO - Setting next_dagrun for example_task_group_decorator to None, run_after=None
[2026-06-29T22:28:30.197+0000] {processor.py:208} INFO - Processing /home/airflow/.local/lib/python3.12/site-packages/airflow/example_dags/example_task_group_decorator.py took 0.251 seconds
[2026-06-29T22:29:00.446+0000] {processor.py:186} INFO - Started process (PID=2640) to work on /home/airflow/.local/lib/python3.12/site-packages/airflow/example_dags/example_task_group_decorator.py
[2026-06-29T22:29:00.448+0000] {processor.py:914} INFO - Processing file /home/airflow/.local/lib/python3.12/site-packages/airflow/example_dags/example_task_group_decorator.py for tasks to queue
[2026-06-29T22:29:00.454+0000] {logging_mixin.py:190} INFO - [2026-06-29T22:29:00.453+0000] {dagbag.py:588} INFO - Filling up the DagBag from /home/airflow/.local/lib/python3.12/site-packages/airflow/example_dags/example_task_group_decorator.py
[2026-06-29T22:29:00.471+0000] {processor.py:925} INFO - DAG(s) 'example_task_group_decorator' retrieved from /home/airflow/.local/lib/python3.12/site-packages/airflow/example_dags/example_task_group_decorator.py
[2026-06-29T22:29:00.499+0000] {logging_mixin.py:190} INFO - [2026-06-29T22:29:00.498+0000] {dag.py:3239} INFO - Sync 1 DAGs
[2026-06-29T22:29:00.517+0000] {logging_mixin.py:190} INFO - [2026-06-29T22:29:00.517+0000] {dag.py:4180} INFO - Setting next_dagrun for example_task_group_decorator to None, run_after=None
[2026-06-29T22:29:00.541+0000] {processor.py:208} INFO - Processing /home/airflow/.local/lib/python3.12/site-packages/airflow/example_dags/example_task_group_decorator.py took 0.100 seconds
[2026-06-29T22:29:31.483+0000] {processor.py:186} INFO - Started process (PID=2704) to work on /home/airflow/.local/lib/python3.12/site-packages/airflow/example_dags/example_task_group_decorator.py
[2026-06-29T22:29:31.487+0000] {processor.py:914} INFO - Processing file /home/airflow/.local/lib/python3.12/site-packages/airflow/example_dags/example_task_group_decorator.py for tasks to queue
[2026-06-29T22:29:31.495+0000] {logging_mixin.py:190} INFO - [2026-06-29T22:29:31.494+0000] {dagbag.py:588} INFO - Filling up the DagBag from /home/airflow/.local/lib/python3.12/site-packages/airflow/example_dags/example_task_group_decorator.py
[2026-06-29T22:29:31.526+0000] {processor.py:925} INFO - DAG(s) 'example_task_group_decorator' retrieved from /home/airflow/.local/lib/python3.12/site-packages/airflow/example_dags/example_task_group_decorator.py
[2026-06-29T22:29:31.560+0000] {logging_mixin.py:190} INFO - [2026-06-29T22:29:31.559+0000] {dag.py:3239} INFO - Sync 1 DAGs
[2026-06-29T22:29:31.578+0000] {logging_mixin.py:190} INFO - [2026-06-29T22:29:31.578+0000] {dag.py:4180} INFO - Setting next_dagrun for example_task_group_decorator to None, run_after=None
[2026-06-29T22:29:31.604+0000] {processor.py:208} INFO - Processing /home/airflow/.local/lib/python3.12/site-packages/airflow/example_dags/example_task_group_decorator.py took 0.135 seconds
[2026-06-29T22:30:02.297+0000] {processor.py:186} INFO - Started process (PID=2768) to work on /home/airflow/.local/lib/python3.12/site-packages/airflow/example_dags/example_task_group_decorator.py
[2026-06-29T22:30:02.301+0000] {processor.py:914} INFO - Processing file /home/airflow/.local/lib/python3.12/site-packages/airflow/example_dags/example_task_group_decorator.py for tasks to queue
[2026-06-29T22:30:02.311+0000] {logging_mixin.py:190} INFO - [2026-06-29T22:30:02.310+0000] {dagbag.py:588} INFO - Filling up the DagBag from /home/airflow/.local/lib/python3.12/site-packages/airflow/example_dags/example_task_group_decorator.py
[2026-06-29T22:30:02.350+0000] {processor.py:925} INFO - DAG(s) 'example_task_group_decorator' retrieved from /home/airflow/.local/lib/python3.12/site-packages/airflow/example_dags/example_task_group_decorator.py
[2026-06-29T22:30:02.403+0000] {logging_mixin.py:190} INFO - [2026-06-29T22:30:02.403+0000] {dag.py:3239} INFO - Sync 1 DAGs
[2026-06-29T22:30:02.430+0000] {logging_mixin.py:190} INFO - [2026-06-29T22:30:02.430+0000] {dag.py:4180} INFO - Setting next_dagrun for example_task_group_decorator to None, run_after=None
[2026-06-29T22:30:02.477+0000] {processor.py:208} INFO - Processing /home/airflow/.local/lib/python3.12/site-packages/airflow/example_dags/example_task_group_decorator.py took 0.200 seconds
[2026-06-29T22:30:34.026+0000] {processor.py:186} INFO - Started process (PID=2832) to work on /home/airflow/.local/lib/python3.12/site-packages/airflow/example_dags/example_task_group_decorator.py
[2026-06-29T22:30:34.035+0000] {processor.py:914} INFO - Processing file /home/airflow/.local/lib/python3.12/site-packages/airflow/example_dags/example_task_group_decorator.py for tasks to queue
[2026-06-29T22:30:34.054+0000] {logging_mixin.py:190} INFO - [2026-06-29T22:30:34.043+0000] {dagbag.py:588} INFO - Filling up the DagBag from /home/airflow/.local/lib/python3.12/site-packages/airflow/example_dags/example_task_group_decorator.py
[2026-06-29T22:30:34.167+0000] {processor.py:925} INFO - DAG(s) 'example_task_group_decorator' retrieved from /home/airflow/.local/lib/python3.12/site-packages/airflow/example_dags/example_task_group_decorator.py
[2026-06-29T22:30:34.331+0000] {logging_mixin.py:190} INFO - [2026-06-29T22:30:34.330+0000] {dag.py:3239} INFO - Sync 1 DAGs
[2026-06-29T22:30:34.411+0000] {logging_mixin.py:190} INFO - [2026-06-29T22:30:34.410+0000] {dag.py:4180} INFO - Setting next_dagrun for example_task_group_decorator to None, run_after=None
[2026-06-29T22:30:34.578+0000] {processor.py:208} INFO - Processing /home/airflow/.local/lib/python3.12/site-packages/airflow/example_dags/example_task_group_decorator.py took 0.573 seconds
[2026-06-29T22:31:04.690+0000] {processor.py:186} INFO - Started process (PID=2895) to work on /home/airflow/.local/lib/python3.12/site-packages/airflow/example_dags/example_task_group_decorator.py
[2026-06-29T22:31:04.691+0000] {processor.py:914} INFO - Processing file /home/airflow/.local/lib/python3.12/site-packages/airflow/example_dags/example_task_group_decorator.py for tasks to queue
[2026-06-29T22:31:04.697+0000] {logging_mixin.py:190} INFO - [2026-06-29T22:31:04.696+0000] {dagbag.py:588} INFO - Filling up the DagBag from /home/airflow/.local/lib/python3.12/site-packages/airflow/example_dags/example_task_group_decorator.py
[2026-06-29T22:31:04.730+0000] {processor.py:925} INFO - DAG(s) 'example_task_group_decorator' retrieved from /home/airflow/.local/lib/python3.12/site-packages/airflow/example_dags/example_task_group_decorator.py
[2026-06-29T22:31:04.798+0000] {logging_mixin.py:190} INFO - [2026-06-29T22:31:04.797+0000] {dag.py:3239} INFO - Sync 1 DAGs
[2026-06-29T22:31:04.830+0000] {logging_mixin.py:190} INFO - [2026-06-29T22:31:04.830+0000] {dag.py:4180} INFO - Setting next_dagrun for example_task_group_decorator to None, run_after=None
[2026-06-29T22:31:04.872+0000] {processor.py:208} INFO - Processing /home/airflow/.local/lib/python3.12/site-packages/airflow/example_dags/example_task_group_decorator.py took 0.190 seconds
[2026-06-29T22:31:34.980+0000] {processor.py:186} INFO - Started process (PID=2966) to work on /home/airflow/.local/lib/python3.12/site-packages/airflow/example_dags/example_task_group_decorator.py
[2026-06-29T22:31:34.982+0000] {processor.py:914} INFO - Processing file /home/airflow/.local/lib/python3.12/site-packages/airflow/example_dags/example_task_group_decorator.py for tasks to queue
[2026-06-29T22:31:34.986+0000] {logging_mixin.py:190} INFO - [2026-06-29T22:31:34.986+0000] {dagbag.py:588} INFO - Filling up the DagBag from /home/airflow/.local/lib/python3.12/site-packages/airflow/example_dags/example_task_group_decorator.py
[2026-06-29T22:31:35.017+0000] {processor.py:925} INFO - DAG(s) 'example_task_group_decorator' retrieved from /home/airflow/.local/lib/python3.12/site-packages/airflow/example_dags/example_task_group_decorator.py
[2026-06-29T22:31:35.060+0000] {logging_mixin.py:190} INFO - [2026-06-29T22:31:35.060+0000] {dag.py:3239} INFO - Sync 1 DAGs
[2026-06-29T22:31:35.091+0000] {logging_mixin.py:190} INFO - [2026-06-29T22:31:35.091+0000] {dag.py:4180} INFO - Setting next_dagrun for example_task_group_decorator to None, run_after=None
[2026-06-29T22:31:35.130+0000] {processor.py:208} INFO - Processing /home/airflow/.local/lib/python3.12/site-packages/airflow/example_dags/example_task_group_decorator.py took 0.165 seconds
[2026-06-29T22:32:05.969+0000] {processor.py:186} INFO - Started process (PID=3068) to work on /home/airflow/.local/lib/python3.12/site-packages/airflow/example_dags/example_task_group_decorator.py
[2026-06-29T22:32:05.972+0000] {processor.py:914} INFO - Processing file /home/airflow/.local/lib/python3.12/site-packages/airflow/example_dags/example_task_group_decorator.py for tasks to queue
[2026-06-29T22:32:05.978+0000] {logging_mixin.py:190} INFO - [2026-06-29T22:32:05.977+0000] {dagbag.py:588} INFO - Filling up the DagBag from /home/airflow/.local/lib/python3.12/site-packages/airflow/example_dags/example_task_group_decorator.py
[2026-06-29T22:32:06.036+0000] {processor.py:925} INFO - DAG(s) 'example_task_group_decorator' retrieved from /home/airflow/.local/lib/python3.12/site-packages/airflow/example_dags/example_task_group_decorator.py
[2026-06-29T22:32:06.112+0000] {logging_mixin.py:190} INFO - [2026-06-29T22:32:06.111+0000] {dag.py:3239} INFO - Sync 1 DAGs
[2026-06-29T22:32:06.150+0000] {logging_mixin.py:190} INFO - [2026-06-29T22:32:06.149+0000] {dag.py:4180} INFO - Setting next_dagrun for example_task_group_decorator to None, run_after=None
[2026-06-29T22:32:06.234+0000] {processor.py:208} INFO - Processing /home/airflow/.local/lib/python3.12/site-packages/airflow/example_dags/example_task_group_decorator.py took 0.277 seconds
[2026-06-29T22:32:37.130+0000] {processor.py:186} INFO - Started process (PID=3189) to work on /home/airflow/.local/lib/python3.12/site-packages/airflow/example_dags/example_task_group_decorator.py
[2026-06-29T22:32:37.136+0000] {processor.py:914} INFO - Processing file /home/airflow/.local/lib/python3.12/site-packages/airflow/example_dags/example_task_group_decorator.py for tasks to queue
[2026-06-29T22:32:37.144+0000] {logging_mixin.py:190} INFO - [2026-06-29T22:32:37.143+0000] {dagbag.py:588} INFO - Filling up the DagBag from /home/airflow/.local/lib/python3.12/site-packages/airflow/example_dags/example_task_group_decorator.py
[2026-06-29T22:32:37.205+0000] {processor.py:925} INFO - DAG(s) 'example_task_group_decorator' retrieved from /home/airflow/.local/lib/python3.12/site-packages/airflow/example_dags/example_task_group_decorator.py
[2026-06-29T22:32:37.287+0000] {logging_mixin.py:190} INFO - [2026-06-29T22:32:37.287+0000] {dag.py:3239} INFO - Sync 1 DAGs
[2026-06-29T22:32:37.333+0000] {logging_mixin.py:190} INFO - [2026-06-29T22:32:37.333+0000] {dag.py:4180} INFO - Setting next_dagrun for example_task_group_decorator to None, run_after=None
[2026-06-29T22:32:37.389+0000] {processor.py:208} INFO - Processing /home/airflow/.local/lib/python3.12/site-packages/airflow/example_dags/example_task_group_decorator.py took 0.281 seconds
[2026-06-29T22:33:07.617+0000] {processor.py:186} INFO - Started process (PID=3265) to work on /home/airflow/.local/lib/python3.12/site-packages/airflow/example_dags/example_task_group_decorator.py
[2026-06-29T22:33:07.620+0000] {processor.py:914} INFO - Processing file /home/airflow/.local/lib/python3.12/site-packages/airflow/example_dags/example_task_group_decorator.py for tasks to queue
[2026-06-29T22:33:07.626+0000] {logging_mixin.py:190} INFO - [2026-06-29T22:33:07.625+0000] {dagbag.py:588} INFO - Filling up the DagBag from /home/airflow/.local/lib/python3.12/site-packages/airflow/example_dags/example_task_group_decorator.py
[2026-06-29T22:33:07.660+0000] {processor.py:925} INFO - DAG(s) 'example_task_group_decorator' retrieved from /home/airflow/.local/lib/python3.12/site-packages/airflow/example_dags/example_task_group_decorator.py
[2026-06-29T22:33:07.711+0000] {logging_mixin.py:190} INFO - [2026-06-29T22:33:07.711+0000] {dag.py:3239} INFO - Sync 1 DAGs
[2026-06-29T22:33:07.736+0000] {logging_mixin.py:190} INFO - [2026-06-29T22:33:07.735+0000] {dag.py:4180} INFO - Setting next_dagrun for example_task_group_decorator to None, run_after=None
[2026-06-29T22:33:07.772+0000] {processor.py:208} INFO - Processing /home/airflow/.local/lib/python3.12/site-packages/airflow/example_dags/example_task_group_decorator.py took 0.174 seconds
[2026-06-29T22:33:38.363+0000] {processor.py:186} INFO - Started process (PID=3328) to work on /home/airflow/.local/lib/python3.12/site-packages/airflow/example_dags/example_task_group_decorator.py
[2026-06-29T22:33:38.365+0000] {processor.py:914} INFO - Processing file /home/airflow/.local/lib/python3.12/site-packages/airflow/example_dags/example_task_group_decorator.py for tasks to queue
[2026-06-29T22:33:38.370+0000] {logging_mixin.py:190} INFO - [2026-06-29T22:33:38.369+0000] {dagbag.py:588} INFO - Filling up the DagBag from /home/airflow/.local/lib/python3.12/site-packages/airflow/example_dags/example_task_group_decorator.py
[2026-06-29T22:33:38.394+0000] {processor.py:925} INFO - DAG(s) 'example_task_group_decorator' retrieved from /home/airflow/.local/lib/python3.12/site-packages/airflow/example_dags/example_task_group_decorator.py
[2026-06-29T22:33:38.433+0000] {logging_mixin.py:190} INFO - [2026-06-29T22:33:38.433+0000] {dag.py:3239} INFO - Sync 1 DAGs
[2026-06-29T22:33:38.454+0000] {logging_mixin.py:190} INFO - [2026-06-29T22:33:38.454+0000] {dag.py:4180} INFO - Setting next_dagrun for example_task_group_decorator to None, run_after=None
[2026-06-29T22:33:38.493+0000] {processor.py:208} INFO - Processing /home/airflow/.local/lib/python3.12/site-packages/airflow/example_dags/example_task_group_decorator.py took 0.145 seconds
[2026-06-29T22:34:09.077+0000] {processor.py:186} INFO - Started process (PID=3392) to work on /home/airflow/.local/lib/python3.12/site-packages/airflow/example_dags/example_task_group_decorator.py
[2026-06-29T22:34:09.079+0000] {processor.py:914} INFO - Processing file /home/airflow/.local/lib/python3.12/site-packages/airflow/example_dags/example_task_group_decorator.py for tasks to queue
[2026-06-29T22:34:09.084+0000] {logging_mixin.py:190} INFO - [2026-06-29T22:34:09.083+0000] {dagbag.py:588} INFO - Filling up the DagBag from /home/airflow/.local/lib/python3.12/site-packages/airflow/example_dags/example_task_group_decorator.py
[2026-06-29T22:34:09.104+0000] {processor.py:925} INFO - DAG(s) 'example_task_group_decorator' retrieved from /home/airflow/.local/lib/python3.12/site-packages/airflow/example_dags/example_task_group_decorator.py
[2026-06-29T22:34:09.137+0000] {logging_mixin.py:190} INFO - [2026-06-29T22:34:09.136+0000] {dag.py:3239} INFO - Sync 1 DAGs
[2026-06-29T22:34:09.156+0000] {logging_mixin.py:190} INFO - [2026-06-29T22:34:09.156+0000] {dag.py:4180} INFO - Setting next_dagrun for example_task_group_decorator to None, run_after=None
[2026-06-29T22:34:09.180+0000] {processor.py:208} INFO - Processing /home/airflow/.local/lib/python3.12/site-packages/airflow/example_dags/example_task_group_decorator.py took 0.115 seconds
[2026-06-29T22:34:40.417+0000] {processor.py:186} INFO - Started process (PID=3453) to work on /home/airflow/.local/lib/python3.12/site-packages/airflow/example_dags/example_task_group_decorator.py
[2026-06-29T22:34:40.426+0000] {processor.py:914} INFO - Processing file /home/airflow/.local/lib/python3.12/site-packages/airflow/example_dags/example_task_group_decorator.py for tasks to queue
[2026-06-29T22:34:40.433+0000] {logging_mixin.py:190} INFO - [2026-06-29T22:34:40.432+0000] {dagbag.py:588} INFO - Filling up the DagBag from /home/airflow/.local/lib/python3.12/site-packages/airflow/example_dags/example_task_group_decorator.py
[2026-06-29T22:34:40.475+0000] {processor.py:925} INFO - DAG(s) 'example_task_group_decorator' retrieved from /home/airflow/.local/lib/python3.12/site-packages/airflow/example_dags/example_task_group_decorator.py
[2026-06-29T22:34:40.556+0000] {logging_mixin.py:190} INFO - [2026-06-29T22:34:40.555+0000] {dag.py:3239} INFO - Sync 1 DAGs
[2026-06-29T22:34:40.614+0000] {logging_mixin.py:190} INFO - [2026-06-29T22:34:40.613+0000] {dag.py:4180} INFO - Setting next_dagrun for example_task_group_decorator to None, run_after=None
[2026-06-29T22:34:40.685+0000] {processor.py:208} INFO - Processing /home/airflow/.local/lib/python3.12/site-packages/airflow/example_dags/example_task_group_decorator.py took 0.294 seconds
[2026-06-29T22:35:11.559+0000] {processor.py:186} INFO - Started process (PID=3517) to work on /home/airflow/.local/lib/python3.12/site-packages/airflow/example_dags/example_task_group_decorator.py
[2026-06-29T22:35:11.561+0000] {processor.py:914} INFO - Processing file /home/airflow/.local/lib/python3.12/site-packages/airflow/example_dags/example_task_group_decorator.py for tasks to queue
[2026-06-29T22:35:11.565+0000] {logging_mixin.py:190} INFO - [2026-06-29T22:35:11.564+0000] {dagbag.py:588} INFO - Filling up the DagBag from /home/airflow/.local/lib/python3.12/site-packages/airflow/example_dags/example_task_group_decorator.py
[2026-06-29T22:35:11.587+0000] {processor.py:925} INFO - DAG(s) 'example_task_group_decorator' retrieved from /home/airflow/.local/lib/python3.12/site-packages/airflow/example_dags/example_task_group_decorator.py
[2026-06-29T22:35:11.620+0000] {logging_mixin.py:190} INFO - [2026-06-29T22:35:11.619+0000] {dag.py:3239} INFO - Sync 1 DAGs
[2026-06-29T22:35:11.637+0000] {logging_mixin.py:190} INFO - [2026-06-29T22:35:11.637+0000] {dag.py:4180} INFO - Setting next_dagrun for example_task_group_decorator to None, run_after=None
[2026-06-29T22:35:11.662+0000] {processor.py:208} INFO - Processing /home/airflow/.local/lib/python3.12/site-packages/airflow/example_dags/example_task_group_decorator.py took 0.120 seconds
[2026-06-29T22:35:42.658+0000] {processor.py:186} INFO - Started process (PID=3581) to work on /home/airflow/.local/lib/python3.12/site-packages/airflow/example_dags/example_task_group_decorator.py
[2026-06-29T22:35:42.660+0000] {processor.py:914} INFO - Processing file /home/airflow/.local/lib/python3.12/site-packages/airflow/example_dags/example_task_group_decorator.py for tasks to queue
[2026-06-29T22:35:42.663+0000] {logging_mixin.py:190} INFO - [2026-06-29T22:35:42.662+0000] {dagbag.py:588} INFO - Filling up the DagBag from /home/airflow/.local/lib/python3.12/site-packages/airflow/example_dags/example_task_group_decorator.py
[2026-06-29T22:35:42.679+0000] {processor.py:925} INFO - DAG(s) 'example_task_group_decorator' retrieved from /home/airflow/.local/lib/python3.12/site-packages/airflow/example_dags/example_task_group_decorator.py
[2026-06-29T22:35:42.706+0000] {logging_mixin.py:190} INFO - [2026-06-29T22:35:42.705+0000] {dag.py:3239} INFO - Sync 1 DAGs
[2026-06-29T22:35:42.720+0000] {logging_mixin.py:190} INFO - [2026-06-29T22:35:42.720+0000] {dag.py:4180} INFO - Setting next_dagrun for example_task_group_decorator to None, run_after=None
[2026-06-29T22:35:42.742+0000] {processor.py:208} INFO - Processing /home/airflow/.local/lib/python3.12/site-packages/airflow/example_dags/example_task_group_decorator.py took 0.094 seconds
[2026-06-29T22:36:13.327+0000] {processor.py:186} INFO - Started process (PID=3644) to work on /home/airflow/.local/lib/python3.12/site-packages/airflow/example_dags/example_task_group_decorator.py
[2026-06-29T22:36:13.329+0000] {processor.py:914} INFO - Processing file /home/airflow/.local/lib/python3.12/site-packages/airflow/example_dags/example_task_group_decorator.py for tasks to queue
[2026-06-29T22:36:13.333+0000] {logging_mixin.py:190} INFO - [2026-06-29T22:36:13.333+0000] {dagbag.py:588} INFO - Filling up the DagBag from /home/airflow/.local/lib/python3.12/site-packages/airflow/example_dags/example_task_group_decorator.py
[2026-06-29T22:36:13.350+0000] {processor.py:925} INFO - DAG(s) 'example_task_group_decorator' retrieved from /home/airflow/.local/lib/python3.12/site-packages/airflow/example_dags/example_task_group_decorator.py
[2026-06-29T22:36:13.378+0000] {logging_mixin.py:190} INFO - [2026-06-29T22:36:13.377+0000] {dag.py:3239} INFO - Sync 1 DAGs
[2026-06-29T22:36:13.396+0000] {logging_mixin.py:190} INFO - [2026-06-29T22:36:13.395+0000] {dag.py:4180} INFO - Setting next_dagrun for example_task_group_decorator to None, run_after=None
[2026-06-29T22:36:13.423+0000] {processor.py:208} INFO - Processing /home/airflow/.local/lib/python3.12/site-packages/airflow/example_dags/example_task_group_decorator.py took 0.104 seconds
[2026-06-29T22:36:44.187+0000] {processor.py:186} INFO - Started process (PID=3708) to work on /home/airflow/.local/lib/python3.12/site-packages/airflow/example_dags/example_task_group_decorator.py
[2026-06-29T22:36:44.190+0000] {processor.py:914} INFO - Processing file /home/airflow/.local/lib/python3.12/site-packages/airflow/example_dags/example_task_group_decorator.py for tasks to queue
[2026-06-29T22:36:44.197+0000] {logging_mixin.py:190} INFO - [2026-06-29T22:36:44.195+0000] {dagbag.py:588} INFO - Filling up the DagBag from /home/airflow/.local/lib/python3.12/site-packages/airflow/example_dags/example_task_group_decorator.py
[2026-06-29T22:36:44.224+0000] {processor.py:925} INFO - DAG(s) 'example_task_group_decorator' retrieved from /home/airflow/.local/lib/python3.12/site-packages/airflow/example_dags/example_task_group_decorator.py
[2026-06-29T22:36:44.268+0000] {logging_mixin.py:190} INFO - [2026-06-29T22:36:44.267+0000] {dag.py:3239} INFO - Sync 1 DAGs
[2026-06-29T22:36:44.291+0000] {logging_mixin.py:190} INFO - [2026-06-29T22:36:44.291+0000] {dag.py:4180} INFO - Setting next_dagrun for example_task_group_decorator to None, run_after=None
[2026-06-29T22:36:44.330+0000] {processor.py:208} INFO - Processing /home/airflow/.local/lib/python3.12/site-packages/airflow/example_dags/example_task_group_decorator.py took 0.160 seconds
[2026-06-29T22:37:14.952+0000] {processor.py:186} INFO - Started process (PID=3778) to work on /home/airflow/.local/lib/python3.12/site-packages/airflow/example_dags/example_task_group_decorator.py
[2026-06-29T22:37:14.954+0000] {processor.py:914} INFO - Processing file /home/airflow/.local/lib/python3.12/site-packages/airflow/example_dags/example_task_group_decorator.py for tasks to queue
[2026-06-29T22:37:14.958+0000] {logging_mixin.py:190} INFO - [2026-06-29T22:37:14.958+0000] {dagbag.py:588} INFO - Filling up the DagBag from /home/airflow/.local/lib/python3.12/site-packages/airflow/example_dags/example_task_group_decorator.py
[2026-06-29T22:37:14.976+0000] {processor.py:925} INFO - DAG(s) 'example_task_group_decorator' retrieved from /home/airflow/.local/lib/python3.12/site-packages/airflow/example_dags/example_task_group_decorator.py
[2026-06-29T22:37:15.006+0000] {logging_mixin.py:190} INFO - [2026-06-29T22:37:15.006+0000] {dag.py:3239} INFO - Sync 1 DAGs
[2026-06-29T22:37:15.021+0000] {logging_mixin.py:190} INFO - [2026-06-29T22:37:15.021+0000] {dag.py:4180} INFO - Setting next_dagrun for example_task_group_decorator to None, run_after=None
[2026-06-29T22:37:15.048+0000] {processor.py:208} INFO - Processing /home/airflow/.local/lib/python3.12/site-packages/airflow/example_dags/example_task_group_decorator.py took 0.106 seconds
[2026-06-29T22:37:45.362+0000] {processor.py:186} INFO - Started process (PID=3842) to work on /home/airflow/.local/lib/python3.12/site-packages/airflow/example_dags/example_task_group_decorator.py
[2026-06-29T22:37:45.364+0000] {processor.py:914} INFO - Processing file /home/airflow/.local/lib/python3.12/site-packages/airflow/example_dags/example_task_group_decorator.py for tasks to queue
[2026-06-29T22:37:45.369+0000] {logging_mixin.py:190} INFO - [2026-06-29T22:37:45.369+0000] {dagbag.py:588} INFO - Filling up the DagBag from /home/airflow/.local/lib/python3.12/site-packages/airflow/example_dags/example_task_group_decorator.py
[2026-06-29T22:37:45.386+0000] {processor.py:925} INFO - DAG(s) 'example_task_group_decorator' retrieved from /home/airflow/.local/lib/python3.12/site-packages/airflow/example_dags/example_task_group_decorator.py
[2026-06-29T22:37:45.415+0000] {logging_mixin.py:190} INFO - [2026-06-29T22:37:45.414+0000] {dag.py:3239} INFO - Sync 1 DAGs
[2026-06-29T22:37:45.430+0000] {logging_mixin.py:190} INFO - [2026-06-29T22:37:45.429+0000] {dag.py:4180} INFO - Setting next_dagrun for example_task_group_decorator to None, run_after=None
[2026-06-29T22:37:45.450+0000] {processor.py:208} INFO - Processing /home/airflow/.local/lib/python3.12/site-packages/airflow/example_dags/example_task_group_decorator.py took 0.096 seconds
[2026-06-29T22:38:16.195+0000] {processor.py:186} INFO - Started process (PID=3906) to work on /home/airflow/.local/lib/python3.12/site-packages/airflow/example_dags/example_task_group_decorator.py
[2026-06-29T22:38:16.197+0000] {processor.py:914} INFO - Processing file /home/airflow/.local/lib/python3.12/site-packages/airflow/example_dags/example_task_group_decorator.py for tasks to queue
[2026-06-29T22:38:16.201+0000] {logging_mixin.py:190} INFO - [2026-06-29T22:38:16.200+0000] {dagbag.py:588} INFO - Filling up the DagBag from /home/airflow/.local/lib/python3.12/site-packages/airflow/example_dags/example_task_group_decorator.py
[2026-06-29T22:38:16.217+0000] {processor.py:925} INFO - DAG(s) 'example_task_group_decorator' retrieved from /home/airflow/.local/lib/python3.12/site-packages/airflow/example_dags/example_task_group_decorator.py
[2026-06-29T22:38:16.245+0000] {logging_mixin.py:190} INFO - [2026-06-29T22:38:16.244+0000] {dag.py:3239} INFO - Sync 1 DAGs
[2026-06-29T22:38:16.260+0000] {logging_mixin.py:190} INFO - [2026-06-29T22:38:16.260+0000] {dag.py:4180} INFO - Setting next_dagrun for example_task_group_decorator to None, run_after=None
[2026-06-29T22:38:16.281+0000] {processor.py:208} INFO - Processing /home/airflow/.local/lib/python3.12/site-packages/airflow/example_dags/example_task_group_decorator.py took 0.097 seconds
[2026-06-29T22:38:46.961+0000] {processor.py:186} INFO - Started process (PID=3970) to work on /home/airflow/.local/lib/python3.12/site-packages/airflow/example_dags/example_task_group_decorator.py
[2026-06-29T22:38:46.964+0000] {processor.py:914} INFO - Processing file /home/airflow/.local/lib/python3.12/site-packages/airflow/example_dags/example_task_group_decorator.py for tasks to queue
[2026-06-29T22:38:46.969+0000] {logging_mixin.py:190} INFO - [2026-06-29T22:38:46.969+0000] {dagbag.py:588} INFO - Filling up the DagBag from /home/airflow/.local/lib/python3.12/site-packages/airflow/example_dags/example_task_group_decorator.py
[2026-06-29T22:38:47.012+0000] {processor.py:925} INFO - DAG(s) 'example_task_group_decorator' retrieved from /home/airflow/.local/lib/python3.12/site-packages/airflow/example_dags/example_task_group_decorator.py
[2026-06-29T22:38:47.061+0000] {logging_mixin.py:190} INFO - [2026-06-29T22:38:47.060+0000] {dag.py:3239} INFO - Sync 1 DAGs
[2026-06-29T22:38:47.087+0000] {logging_mixin.py:190} INFO - [2026-06-29T22:38:47.087+0000] {dag.py:4180} INFO - Setting next_dagrun for example_task_group_decorator to None, run_after=None
[2026-06-29T22:38:47.126+0000] {processor.py:208} INFO - Processing /home/airflow/.local/lib/python3.12/site-packages/airflow/example_dags/example_task_group_decorator.py took 0.185 seconds
[2026-06-29T22:39:17.276+0000] {processor.py:186} INFO - Started process (PID=4034) to work on /home/airflow/.local/lib/python3.12/site-packages/airflow/example_dags/example_task_group_decorator.py
[2026-06-29T22:39:17.279+0000] {processor.py:914} INFO - Processing file /home/airflow/.local/lib/python3.12/site-packages/airflow/example_dags/example_task_group_decorator.py for tasks to queue
[2026-06-29T22:39:17.282+0000] {logging_mixin.py:190} INFO - [2026-06-29T22:39:17.282+0000] {dagbag.py:588} INFO - Filling up the DagBag from /home/airflow/.local/lib/python3.12/site-packages/airflow/example_dags/example_task_group_decorator.py
[2026-06-29T22:39:17.300+0000] {processor.py:925} INFO - DAG(s) 'example_task_group_decorator' retrieved from /home/airflow/.local/lib/python3.12/site-packages/airflow/example_dags/example_task_group_decorator.py
[2026-06-29T22:39:17.330+0000] {logging_mixin.py:190} INFO - [2026-06-29T22:39:17.329+0000] {dag.py:3239} INFO - Sync 1 DAGs
[2026-06-29T22:39:17.532+0000] {logging_mixin.py:190} INFO - [2026-06-29T22:39:17.532+0000] {dag.py:4180} INFO - Setting next_dagrun for example_task_group_decorator to None, run_after=None
[2026-06-29T22:39:17.552+0000] {processor.py:208} INFO - Processing /home/airflow/.local/lib/python3.12/site-packages/airflow/example_dags/example_task_group_decorator.py took 0.290 seconds
[2026-06-29T22:39:48.645+0000] {processor.py:186} INFO - Started process (PID=4098) to work on /home/airflow/.local/lib/python3.12/site-packages/airflow/example_dags/example_task_group_decorator.py
[2026-06-29T22:39:48.647+0000] {processor.py:914} INFO - Processing file /home/airflow/.local/lib/python3.12/site-packages/airflow/example_dags/example_task_group_decorator.py for tasks to queue
[2026-06-29T22:39:48.653+0000] {logging_mixin.py:190} INFO - [2026-06-29T22:39:48.652+0000] {dagbag.py:588} INFO - Filling up the DagBag from /home/airflow/.local/lib/python3.12/site-packages/airflow/example_dags/example_task_group_decorator.py
[2026-06-29T22:39:48.682+0000] {processor.py:925} INFO - DAG(s) 'example_task_group_decorator' retrieved from /home/airflow/.local/lib/python3.12/site-packages/airflow/example_dags/example_task_group_decorator.py
[2026-06-29T22:39:48.738+0000] {logging_mixin.py:190} INFO - [2026-06-29T22:39:48.738+0000] {dag.py:3239} INFO - Sync 1 DAGs
[2026-06-29T22:39:48.776+0000] {logging_mixin.py:190} INFO - [2026-06-29T22:39:48.776+0000] {dag.py:4180} INFO - Setting next_dagrun for example_task_group_decorator to None, run_after=None
[2026-06-29T22:39:49.092+0000] {processor.py:208} INFO - Processing /home/airflow/.local/lib/python3.12/site-packages/airflow/example_dags/example_task_group_decorator.py took 0.464 seconds
[2026-06-29T22:41:22.195+0000] {processor.py:186} INFO - Started process (PID=90) to work on /home/airflow/.local/lib/python3.12/site-packages/airflow/example_dags/example_task_group_decorator.py
[2026-06-29T22:41:22.198+0000] {processor.py:914} INFO - Processing file /home/airflow/.local/lib/python3.12/site-packages/airflow/example_dags/example_task_group_decorator.py for tasks to queue
[2026-06-29T22:41:22.205+0000] {logging_mixin.py:190} INFO - [2026-06-29T22:41:22.204+0000] {dagbag.py:588} INFO - Filling up the DagBag from /home/airflow/.local/lib/python3.12/site-packages/airflow/example_dags/example_task_group_decorator.py
[2026-06-29T22:41:22.241+0000] {processor.py:925} INFO - DAG(s) 'example_task_group_decorator' retrieved from /home/airflow/.local/lib/python3.12/site-packages/airflow/example_dags/example_task_group_decorator.py
[2026-06-29T22:41:22.329+0000] {logging_mixin.py:190} INFO - [2026-06-29T22:41:22.328+0000] {dag.py:3239} INFO - Sync 1 DAGs
[2026-06-29T22:41:22.375+0000] {logging_mixin.py:190} INFO - [2026-06-29T22:41:22.375+0000] {dag.py:4180} INFO - Setting next_dagrun for example_task_group_decorator to None, run_after=None
[2026-06-29T22:41:22.426+0000] {processor.py:208} INFO - Processing /home/airflow/.local/lib/python3.12/site-packages/airflow/example_dags/example_task_group_decorator.py took 0.245 seconds
[2026-06-29T22:41:53.003+0000] {processor.py:186} INFO - Started process (PID=154) to work on /home/airflow/.local/lib/python3.12/site-packages/airflow/example_dags/example_task_group_decorator.py
[2026-06-29T22:41:53.010+0000] {processor.py:914} INFO - Processing file /home/airflow/.local/lib/python3.12/site-packages/airflow/example_dags/example_task_group_decorator.py for tasks to queue
[2026-06-29T22:41:53.031+0000] {logging_mixin.py:190} INFO - [2026-06-29T22:41:53.030+0000] {dagbag.py:588} INFO - Filling up the DagBag from /home/airflow/.local/lib/python3.12/site-packages/airflow/example_dags/example_task_group_decorator.py
[2026-06-29T22:41:53.069+0000] {processor.py:925} INFO - DAG(s) 'example_task_group_decorator' retrieved from /home/airflow/.local/lib/python3.12/site-packages/airflow/example_dags/example_task_group_decorator.py
[2026-06-29T22:41:53.173+0000] {logging_mixin.py:190} INFO - [2026-06-29T22:41:53.173+0000] {dag.py:3239} INFO - Sync 1 DAGs
[2026-06-29T22:41:53.222+0000] {logging_mixin.py:190} INFO - [2026-06-29T22:41:53.222+0000] {dag.py:4180} INFO - Setting next_dagrun for example_task_group_decorator to None, run_after=None
[2026-06-29T22:41:53.313+0000] {processor.py:208} INFO - Processing /home/airflow/.local/lib/python3.12/site-packages/airflow/example_dags/example_task_group_decorator.py took 0.332 seconds
[2026-06-29T22:42:24.124+0000] {processor.py:186} INFO - Started process (PID=218) to work on /home/airflow/.local/lib/python3.12/site-packages/airflow/example_dags/example_task_group_decorator.py
[2026-06-29T22:42:24.126+0000] {processor.py:914} INFO - Processing file /home/airflow/.local/lib/python3.12/site-packages/airflow/example_dags/example_task_group_decorator.py for tasks to queue
[2026-06-29T22:42:24.130+0000] {logging_mixin.py:190} INFO - [2026-06-29T22:42:24.129+0000] {dagbag.py:588} INFO - Filling up the DagBag from /home/airflow/.local/lib/python3.12/site-packages/airflow/example_dags/example_task_group_decorator.py
[2026-06-29T22:42:24.161+0000] {processor.py:925} INFO - DAG(s) 'example_task_group_decorator' retrieved from /home/airflow/.local/lib/python3.12/site-packages/airflow/example_dags/example_task_group_decorator.py
[2026-06-29T22:42:24.222+0000] {logging_mixin.py:190} INFO - [2026-06-29T22:42:24.222+0000] {dag.py:3239} INFO - Sync 1 DAGs
[2026-06-29T22:42:24.298+0000] {logging_mixin.py:190} INFO - [2026-06-29T22:42:24.297+0000] {dag.py:4180} INFO - Setting next_dagrun for example_task_group_decorator to None, run_after=None
[2026-06-29T22:42:24.405+0000] {processor.py:208} INFO - Processing /home/airflow/.local/lib/python3.12/site-packages/airflow/example_dags/example_task_group_decorator.py took 0.293 seconds
[2026-06-29T22:42:54.792+0000] {processor.py:186} INFO - Started process (PID=282) to work on /home/airflow/.local/lib/python3.12/site-packages/airflow/example_dags/example_task_group_decorator.py
[2026-06-29T22:42:54.794+0000] {processor.py:914} INFO - Processing file /home/airflow/.local/lib/python3.12/site-packages/airflow/example_dags/example_task_group_decorator.py for tasks to queue
[2026-06-29T22:42:54.800+0000] {logging_mixin.py:190} INFO - [2026-06-29T22:42:54.799+0000] {dagbag.py:588} INFO - Filling up the DagBag from /home/airflow/.local/lib/python3.12/site-packages/airflow/example_dags/example_task_group_decorator.py
[2026-06-29T22:42:54.824+0000] {processor.py:925} INFO - DAG(s) 'example_task_group_decorator' retrieved from /home/airflow/.local/lib/python3.12/site-packages/airflow/example_dags/example_task_group_decorator.py
[2026-06-29T22:42:54.867+0000] {logging_mixin.py:190} INFO - [2026-06-29T22:42:54.867+0000] {dag.py:3239} INFO - Sync 1 DAGs
[2026-06-29T22:42:54.890+0000] {logging_mixin.py:190} INFO - [2026-06-29T22:42:54.890+0000] {dag.py:4180} INFO - Setting next_dagrun for example_task_group_decorator to None, run_after=None
[2026-06-29T22:42:54.925+0000] {processor.py:208} INFO - Processing /home/airflow/.local/lib/python3.12/site-packages/airflow/example_dags/example_task_group_decorator.py took 0.139 seconds
[2026-06-29T22:43:25.170+0000] {processor.py:186} INFO - Started process (PID=346) to work on /home/airflow/.local/lib/python3.12/site-packages/airflow/example_dags/example_task_group_decorator.py
[2026-06-29T22:43:25.172+0000] {processor.py:914} INFO - Processing file /home/airflow/.local/lib/python3.12/site-packages/airflow/example_dags/example_task_group_decorator.py for tasks to queue
[2026-06-29T22:43:25.175+0000] {logging_mixin.py:190} INFO - [2026-06-29T22:43:25.175+0000] {dagbag.py:588} INFO - Filling up the DagBag from /home/airflow/.local/lib/python3.12/site-packages/airflow/example_dags/example_task_group_decorator.py
[2026-06-29T22:43:25.190+0000] {processor.py:925} INFO - DAG(s) 'example_task_group_decorator' retrieved from /home/airflow/.local/lib/python3.12/site-packages/airflow/example_dags/example_task_group_decorator.py
[2026-06-29T22:43:25.221+0000] {logging_mixin.py:190} INFO - [2026-06-29T22:43:25.221+0000] {dag.py:3239} INFO - Sync 1 DAGs
[2026-06-29T22:43:25.240+0000] {logging_mixin.py:190} INFO - [2026-06-29T22:43:25.239+0000] {dag.py:4180} INFO - Setting next_dagrun for example_task_group_decorator to None, run_after=None
[2026-06-29T22:43:25.263+0000] {processor.py:208} INFO - Processing /home/airflow/.local/lib/python3.12/site-packages/airflow/example_dags/example_task_group_decorator.py took 0.101 seconds
[2026-06-29T22:43:56.038+0000] {processor.py:186} INFO - Started process (PID=411) to work on /home/airflow/.local/lib/python3.12/site-packages/airflow/example_dags/example_task_group_decorator.py
[2026-06-29T22:43:56.042+0000] {processor.py:914} INFO - Processing file /home/airflow/.local/lib/python3.12/site-packages/airflow/example_dags/example_task_group_decorator.py for tasks to queue
[2026-06-29T22:43:56.051+0000] {logging_mixin.py:190} INFO - [2026-06-29T22:43:56.050+0000] {dagbag.py:588} INFO - Filling up the DagBag from /home/airflow/.local/lib/python3.12/site-packages/airflow/example_dags/example_task_group_decorator.py
[2026-06-29T22:43:56.109+0000] {processor.py:925} INFO - DAG(s) 'example_task_group_decorator' retrieved from /home/airflow/.local/lib/python3.12/site-packages/airflow/example_dags/example_task_group_decorator.py
[2026-06-29T22:43:56.183+0000] {logging_mixin.py:190} INFO - [2026-06-29T22:43:56.182+0000] {dag.py:3239} INFO - Sync 1 DAGs
[2026-06-29T22:43:56.221+0000] {logging_mixin.py:190} INFO - [2026-06-29T22:43:56.221+0000] {dag.py:4180} INFO - Setting next_dagrun for example_task_group_decorator to None, run_after=None
[2026-06-29T22:43:56.278+0000] {processor.py:208} INFO - Processing /home/airflow/.local/lib/python3.12/site-packages/airflow/example_dags/example_task_group_decorator.py took 0.254 seconds
[2026-06-29T22:44:27.047+0000] {processor.py:186} INFO - Started process (PID=475) to work on /home/airflow/.local/lib/python3.12/site-packages/airflow/example_dags/example_task_group_decorator.py
[2026-06-29T22:44:27.050+0000] {processor.py:914} INFO - Processing file /home/airflow/.local/lib/python3.12/site-packages/airflow/example_dags/example_task_group_decorator.py for tasks to queue
[2026-06-29T22:44:27.060+0000] {logging_mixin.py:190} INFO - [2026-06-29T22:44:27.059+0000] {dagbag.py:588} INFO - Filling up the DagBag from /home/airflow/.local/lib/python3.12/site-packages/airflow/example_dags/example_task_group_decorator.py
[2026-06-29T22:44:27.095+0000] {processor.py:925} INFO - DAG(s) 'example_task_group_decorator' retrieved from /home/airflow/.local/lib/python3.12/site-packages/airflow/example_dags/example_task_group_decorator.py
[2026-06-29T22:44:27.152+0000] {logging_mixin.py:190} INFO - [2026-06-29T22:44:27.151+0000] {dag.py:3239} INFO - Sync 1 DAGs
[2026-06-29T22:44:27.192+0000] {logging_mixin.py:190} INFO - [2026-06-29T22:44:27.192+0000] {dag.py:4180} INFO - Setting next_dagrun for example_task_group_decorator to None, run_after=None
[2026-06-29T22:44:27.248+0000] {processor.py:208} INFO - Processing /home/airflow/.local/lib/python3.12/site-packages/airflow/example_dags/example_task_group_decorator.py took 0.217 seconds
[2026-06-29T22:44:57.626+0000] {processor.py:186} INFO - Started process (PID=540) to work on /home/airflow/.local/lib/python3.12/site-packages/airflow/example_dags/example_task_group_decorator.py
[2026-06-29T22:44:57.628+0000] {processor.py:914} INFO - Processing file /home/airflow/.local/lib/python3.12/site-packages/airflow/example_dags/example_task_group_decorator.py for tasks to queue
[2026-06-29T22:44:57.637+0000] {logging_mixin.py:190} INFO - [2026-06-29T22:44:57.636+0000] {dagbag.py:588} INFO - Filling up the DagBag from /home/airflow/.local/lib/python3.12/site-packages/airflow/example_dags/example_task_group_decorator.py
[2026-06-29T22:44:57.677+0000] {processor.py:925} INFO - DAG(s) 'example_task_group_decorator' retrieved from /home/airflow/.local/lib/python3.12/site-packages/airflow/example_dags/example_task_group_decorator.py
[2026-06-29T22:44:57.739+0000] {logging_mixin.py:190} INFO - [2026-06-29T22:44:57.738+0000] {dag.py:3239} INFO - Sync 1 DAGs
[2026-06-29T22:44:57.788+0000] {logging_mixin.py:190} INFO - [2026-06-29T22:44:57.787+0000] {dag.py:4180} INFO - Setting next_dagrun for example_task_group_decorator to None, run_after=None
[2026-06-29T22:44:57.841+0000] {processor.py:208} INFO - Processing /home/airflow/.local/lib/python3.12/site-packages/airflow/example_dags/example_task_group_decorator.py took 0.232 seconds
[2026-06-29T22:45:28.326+0000] {processor.py:186} INFO - Started process (PID=603) to work on /home/airflow/.local/lib/python3.12/site-packages/airflow/example_dags/example_task_group_decorator.py
[2026-06-29T22:45:28.328+0000] {processor.py:914} INFO - Processing file /home/airflow/.local/lib/python3.12/site-packages/airflow/example_dags/example_task_group_decorator.py for tasks to queue
[2026-06-29T22:45:28.332+0000] {logging_mixin.py:190} INFO - [2026-06-29T22:45:28.331+0000] {dagbag.py:588} INFO - Filling up the DagBag from /home/airflow/.local/lib/python3.12/site-packages/airflow/example_dags/example_task_group_decorator.py
[2026-06-29T22:45:28.358+0000] {processor.py:925} INFO - DAG(s) 'example_task_group_decorator' retrieved from /home/airflow/.local/lib/python3.12/site-packages/airflow/example_dags/example_task_group_decorator.py
[2026-06-29T22:45:28.389+0000] {logging_mixin.py:190} INFO - [2026-06-29T22:45:28.389+0000] {dag.py:3239} INFO - Sync 1 DAGs
[2026-06-29T22:45:28.405+0000] {logging_mixin.py:190} INFO - [2026-06-29T22:45:28.405+0000] {dag.py:4180} INFO - Setting next_dagrun for example_task_group_decorator to None, run_after=None
[2026-06-29T22:45:28.428+0000] {processor.py:208} INFO - Processing /home/airflow/.local/lib/python3.12/site-packages/airflow/example_dags/example_task_group_decorator.py took 0.114 seconds
[2026-06-29T22:45:58.721+0000] {processor.py:186} INFO - Started process (PID=667) to work on /home/airflow/.local/lib/python3.12/site-packages/airflow/example_dags/example_task_group_decorator.py
[2026-06-29T22:45:58.723+0000] {processor.py:914} INFO - Processing file /home/airflow/.local/lib/python3.12/site-packages/airflow/example_dags/example_task_group_decorator.py for tasks to queue
[2026-06-29T22:45:58.725+0000] {logging_mixin.py:190} INFO - [2026-06-29T22:45:58.725+0000] {dagbag.py:588} INFO - Filling up the DagBag from /home/airflow/.local/lib/python3.12/site-packages/airflow/example_dags/example_task_group_decorator.py
[2026-06-29T22:45:58.748+0000] {processor.py:925} INFO - DAG(s) 'example_task_group_decorator' retrieved from /home/airflow/.local/lib/python3.12/site-packages/airflow/example_dags/example_task_group_decorator.py
[2026-06-29T22:45:58.775+0000] {logging_mixin.py:190} INFO - [2026-06-29T22:45:58.774+0000] {dag.py:3239} INFO - Sync 1 DAGs
[2026-06-29T22:45:58.792+0000] {logging_mixin.py:190} INFO - [2026-06-29T22:45:58.791+0000] {dag.py:4180} INFO - Setting next_dagrun for example_task_group_decorator to None, run_after=None
[2026-06-29T22:45:58.815+0000] {processor.py:208} INFO - Processing /home/airflow/.local/lib/python3.12/site-packages/airflow/example_dags/example_task_group_decorator.py took 0.103 seconds
[2026-06-29T22:46:29.287+0000] {processor.py:186} INFO - Started process (PID=731) to work on /home/airflow/.local/lib/python3.12/site-packages/airflow/example_dags/example_task_group_decorator.py
[2026-06-29T22:46:29.289+0000] {processor.py:914} INFO - Processing file /home/airflow/.local/lib/python3.12/site-packages/airflow/example_dags/example_task_group_decorator.py for tasks to queue
[2026-06-29T22:46:29.297+0000] {logging_mixin.py:190} INFO - [2026-06-29T22:46:29.296+0000] {dagbag.py:588} INFO - Filling up the DagBag from /home/airflow/.local/lib/python3.12/site-packages/airflow/example_dags/example_task_group_decorator.py
[2026-06-29T22:46:29.323+0000] {processor.py:925} INFO - DAG(s) 'example_task_group_decorator' retrieved from /home/airflow/.local/lib/python3.12/site-packages/airflow/example_dags/example_task_group_decorator.py
[2026-06-29T22:46:29.373+0000] {logging_mixin.py:190} INFO - [2026-06-29T22:46:29.373+0000] {dag.py:3239} INFO - Sync 1 DAGs
[2026-06-29T22:46:29.404+0000] {logging_mixin.py:190} INFO - [2026-06-29T22:46:29.404+0000] {dag.py:4180} INFO - Setting next_dagrun for example_task_group_decorator to None, run_after=None
[2026-06-29T22:46:29.447+0000] {processor.py:208} INFO - Processing /home/airflow/.local/lib/python3.12/site-packages/airflow/example_dags/example_task_group_decorator.py took 0.176 seconds
