[2026-06-29T21:59:27.183+0000] {processor.py:186} INFO - Started process (PID=125) to work on /home/airflow/.local/lib/python3.12/site-packages/airflow/example_dags/example_dataset_alias.py
[2026-06-29T21:59:27.186+0000] {processor.py:914} INFO - Processing file /home/airflow/.local/lib/python3.12/site-packages/airflow/example_dags/example_dataset_alias.py for tasks to queue
[2026-06-29T21:59:27.200+0000] {logging_mixin.py:190} INFO - [2026-06-29T21:59:27.199+0000] {dagbag.py:588} INFO - Filling up the DagBag from /home/airflow/.local/lib/python3.12/site-packages/airflow/example_dags/example_dataset_alias.py
[2026-06-29T21:59:28.474+0000] {processor.py:925} INFO - DAG(s) 'dataset_alias_example_alias_producer', 'dataset_alias_example_alias_consumer', 'dataset_s3_bucket_producer', 'dataset_s3_bucket_consumer' retrieved from /home/airflow/.local/lib/python3.12/site-packages/airflow/example_dags/example_dataset_alias.py
[2026-06-29T21:59:28.637+0000] {logging_mixin.py:190} INFO - [2026-06-29T21:59:28.636+0000] {override.py:1912} INFO - Created Permission View: can read on DAG:dataset_alias_example_alias_producer
[2026-06-29T21:59:28.662+0000] {logging_mixin.py:190} INFO - [2026-06-29T21:59:28.662+0000] {override.py:1912} INFO - Created Permission View: can delete on DAG:dataset_alias_example_alias_producer
[2026-06-29T21:59:28.680+0000] {logging_mixin.py:190} INFO - [2026-06-29T21:59:28.679+0000] {override.py:1912} INFO - Created Permission View: can edit on DAG:dataset_alias_example_alias_producer
[2026-06-29T21:59:28.699+0000] {logging_mixin.py:190} INFO - [2026-06-29T21:59:28.699+0000] {override.py:1912} INFO - Created Permission View: menu access on DAG Run:dataset_alias_example_alias_producer
[2026-06-29T21:59:28.714+0000] {logging_mixin.py:190} INFO - [2026-06-29T21:59:28.713+0000] {override.py:1912} INFO - Created Permission View: can read on DAG Run:dataset_alias_example_alias_producer
[2026-06-29T21:59:28.729+0000] {logging_mixin.py:190} INFO - [2026-06-29T21:59:28.729+0000] {override.py:1912} INFO - Created Permission View: can delete on DAG Run:dataset_alias_example_alias_producer
[2026-06-29T21:59:28.745+0000] {logging_mixin.py:190} INFO - [2026-06-29T21:59:28.745+0000] {override.py:1912} INFO - Created Permission View: can create on DAG Run:dataset_alias_example_alias_producer
[2026-06-29T21:59:28.774+0000] {logging_mixin.py:190} INFO - [2026-06-29T21:59:28.773+0000] {override.py:1912} INFO - Created Permission View: can read on DAG:dataset_alias_example_alias_consumer
[2026-06-29T21:59:28.787+0000] {logging_mixin.py:190} INFO - [2026-06-29T21:59:28.787+0000] {override.py:1912} INFO - Created Permission View: can delete on DAG:dataset_alias_example_alias_consumer
[2026-06-29T21:59:28.802+0000] {logging_mixin.py:190} INFO - [2026-06-29T21:59:28.801+0000] {override.py:1912} INFO - Created Permission View: can edit on DAG:dataset_alias_example_alias_consumer
[2026-06-29T21:59:28.817+0000] {logging_mixin.py:190} INFO - [2026-06-29T21:59:28.817+0000] {override.py:1912} INFO - Created Permission View: menu access on DAG Run:dataset_alias_example_alias_consumer
[2026-06-29T21:59:28.830+0000] {logging_mixin.py:190} INFO - [2026-06-29T21:59:28.830+0000] {override.py:1912} INFO - Created Permission View: can read on DAG Run:dataset_alias_example_alias_consumer
[2026-06-29T21:59:28.843+0000] {logging_mixin.py:190} INFO - [2026-06-29T21:59:28.842+0000] {override.py:1912} INFO - Created Permission View: can delete on DAG Run:dataset_alias_example_alias_consumer
[2026-06-29T21:59:28.860+0000] {logging_mixin.py:190} INFO - [2026-06-29T21:59:28.859+0000] {override.py:1912} INFO - Created Permission View: can create on DAG Run:dataset_alias_example_alias_consumer
[2026-06-29T21:59:28.887+0000] {logging_mixin.py:190} INFO - [2026-06-29T21:59:28.886+0000] {override.py:1912} INFO - Created Permission View: can read on DAG:dataset_s3_bucket_producer
[2026-06-29T21:59:28.904+0000] {logging_mixin.py:190} INFO - [2026-06-29T21:59:28.903+0000] {override.py:1912} INFO - Created Permission View: can delete on DAG:dataset_s3_bucket_producer
[2026-06-29T21:59:28.924+0000] {logging_mixin.py:190} INFO - [2026-06-29T21:59:28.924+0000] {override.py:1912} INFO - Created Permission View: can edit on DAG:dataset_s3_bucket_producer
[2026-06-29T21:59:28.945+0000] {logging_mixin.py:190} INFO - [2026-06-29T21:59:28.945+0000] {override.py:1912} INFO - Created Permission View: menu access on DAG Run:dataset_s3_bucket_producer
[2026-06-29T21:59:28.962+0000] {logging_mixin.py:190} INFO - [2026-06-29T21:59:28.961+0000] {override.py:1912} INFO - Created Permission View: can read on DAG Run:dataset_s3_bucket_producer
[2026-06-29T21:59:28.979+0000] {logging_mixin.py:190} INFO - [2026-06-29T21:59:28.978+0000] {override.py:1912} INFO - Created Permission View: can delete on DAG Run:dataset_s3_bucket_producer
[2026-06-29T21:59:28.994+0000] {logging_mixin.py:190} INFO - [2026-06-29T21:59:28.994+0000] {override.py:1912} INFO - Created Permission View: can create on DAG Run:dataset_s3_bucket_producer
[2026-06-29T21:59:29.020+0000] {logging_mixin.py:190} INFO - [2026-06-29T21:59:29.019+0000] {override.py:1912} INFO - Created Permission View: can read on DAG:dataset_s3_bucket_consumer
[2026-06-29T21:59:29.037+0000] {logging_mixin.py:190} INFO - [2026-06-29T21:59:29.036+0000] {override.py:1912} INFO - Created Permission View: can delete on DAG:dataset_s3_bucket_consumer
[2026-06-29T21:59:29.053+0000] {logging_mixin.py:190} INFO - [2026-06-29T21:59:29.053+0000] {override.py:1912} INFO - Created Permission View: can edit on DAG:dataset_s3_bucket_consumer
[2026-06-29T21:59:29.069+0000] {logging_mixin.py:190} INFO - [2026-06-29T21:59:29.069+0000] {override.py:1912} INFO - Created Permission View: menu access on DAG Run:dataset_s3_bucket_consumer
[2026-06-29T21:59:29.081+0000] {logging_mixin.py:190} INFO - [2026-06-29T21:59:29.081+0000] {override.py:1912} INFO - Created Permission View: can read on DAG Run:dataset_s3_bucket_consumer
[2026-06-29T21:59:29.095+0000] {logging_mixin.py:190} INFO - [2026-06-29T21:59:29.094+0000] {override.py:1912} INFO - Created Permission View: can delete on DAG Run:dataset_s3_bucket_consumer
[2026-06-29T21:59:29.107+0000] {logging_mixin.py:190} INFO - [2026-06-29T21:59:29.106+0000] {override.py:1912} INFO - Created Permission View: can create on DAG Run:dataset_s3_bucket_consumer
[2026-06-29T21:59:29.109+0000] {logging_mixin.py:190} INFO - [2026-06-29T21:59:29.108+0000] {dag.py:3239} INFO - Sync 4 DAGs
[2026-06-29T21:59:29.130+0000] {logging_mixin.py:190} INFO - [2026-06-29T21:59:29.129+0000] {dag.py:3262} INFO - Creating ORM DAG for dataset_alias_example_alias_consumer
[2026-06-29T21:59:29.133+0000] {logging_mixin.py:190} INFO - [2026-06-29T21:59:29.133+0000] {dag.py:3262} INFO - Creating ORM DAG for dataset_s3_bucket_consumer
[2026-06-29T21:59:29.135+0000] {logging_mixin.py:190} INFO - [2026-06-29T21:59:29.135+0000] {dag.py:3262} INFO - Creating ORM DAG for dataset_alias_example_alias_producer
[2026-06-29T21:59:29.137+0000] {logging_mixin.py:190} INFO - [2026-06-29T21:59:29.137+0000] {dag.py:3262} INFO - Creating ORM DAG for dataset_s3_bucket_producer
[2026-06-29T21:59:29.197+0000] {logging_mixin.py:190} INFO - [2026-06-29T21:59:29.196+0000] {dag.py:4180} INFO - Setting next_dagrun for dataset_alias_example_alias_consumer to None, run_after=None
[2026-06-29T21:59:29.201+0000] {logging_mixin.py:190} INFO - [2026-06-29T21:59:29.201+0000] {dag.py:4180} INFO - Setting next_dagrun for dataset_alias_example_alias_producer to None, run_after=None
[2026-06-29T21:59:29.210+0000] {logging_mixin.py:190} INFO - [2026-06-29T21:59:29.209+0000] {dag.py:4180} INFO - Setting next_dagrun for dataset_s3_bucket_consumer to None, run_after=None
[2026-06-29T21:59:29.213+0000] {logging_mixin.py:190} INFO - [2026-06-29T21:59:29.213+0000] {dag.py:4180} INFO - Setting next_dagrun for dataset_s3_bucket_producer to None, run_after=None
[2026-06-29T21:59:29.348+0000] {processor.py:208} INFO - Processing /home/airflow/.local/lib/python3.12/site-packages/airflow/example_dags/example_dataset_alias.py took 2.177 seconds
[2026-06-29T21:59:59.961+0000] {processor.py:186} INFO - Started process (PID=193) to work on /home/airflow/.local/lib/python3.12/site-packages/airflow/example_dags/example_dataset_alias.py
[2026-06-29T21:59:59.964+0000] {processor.py:914} INFO - Processing file /home/airflow/.local/lib/python3.12/site-packages/airflow/example_dags/example_dataset_alias.py for tasks to queue
[2026-06-29T21:59:59.969+0000] {logging_mixin.py:190} INFO - [2026-06-29T21:59:59.968+0000] {dagbag.py:588} INFO - Filling up the DagBag from /home/airflow/.local/lib/python3.12/site-packages/airflow/example_dags/example_dataset_alias.py
[2026-06-29T22:00:01.072+0000] {processor.py:925} INFO - DAG(s) 'dataset_s3_bucket_producer', 'dataset_alias_example_alias_consumer', 'dataset_alias_example_alias_producer', 'dataset_s3_bucket_consumer' retrieved from /home/airflow/.local/lib/python3.12/site-packages/airflow/example_dags/example_dataset_alias.py
[2026-06-29T22:00:01.133+0000] {logging_mixin.py:190} INFO - [2026-06-29T22:00:01.131+0000] {dag.py:3239} INFO - Sync 4 DAGs
[2026-06-29T22:00:01.204+0000] {logging_mixin.py:190} INFO - [2026-06-29T22:00:01.203+0000] {dag.py:4180} INFO - Setting next_dagrun for dataset_alias_example_alias_consumer to None, run_after=None
[2026-06-29T22:00:01.218+0000] {logging_mixin.py:190} INFO - [2026-06-29T22:00:01.217+0000] {dag.py:4180} INFO - Setting next_dagrun for dataset_alias_example_alias_producer to None, run_after=None
[2026-06-29T22:00:01.225+0000] {logging_mixin.py:190} INFO - [2026-06-29T22:00:01.225+0000] {dag.py:4180} INFO - Setting next_dagrun for dataset_s3_bucket_consumer to None, run_after=None
[2026-06-29T22:00:01.231+0000] {logging_mixin.py:190} INFO - [2026-06-29T22:00:01.231+0000] {dag.py:4180} INFO - Setting next_dagrun for dataset_s3_bucket_producer to None, run_after=None
[2026-06-29T22:00:01.322+0000] {processor.py:208} INFO - Processing /home/airflow/.local/lib/python3.12/site-packages/airflow/example_dags/example_dataset_alias.py took 1.373 seconds
[2026-06-29T22:00:31.918+0000] {processor.py:186} INFO - Started process (PID=263) to work on /home/airflow/.local/lib/python3.12/site-packages/airflow/example_dags/example_dataset_alias.py
[2026-06-29T22:00:31.922+0000] {processor.py:914} INFO - Processing file /home/airflow/.local/lib/python3.12/site-packages/airflow/example_dags/example_dataset_alias.py for tasks to queue
[2026-06-29T22:00:31.933+0000] {logging_mixin.py:190} INFO - [2026-06-29T22:00:31.931+0000] {dagbag.py:588} INFO - Filling up the DagBag from /home/airflow/.local/lib/python3.12/site-packages/airflow/example_dags/example_dataset_alias.py
[2026-06-29T22:00:32.776+0000] {processor.py:925} INFO - DAG(s) 'dataset_s3_bucket_producer', 'dataset_alias_example_alias_producer', 'dataset_alias_example_alias_consumer', 'dataset_s3_bucket_consumer' retrieved from /home/airflow/.local/lib/python3.12/site-packages/airflow/example_dags/example_dataset_alias.py
[2026-06-29T22:00:32.810+0000] {logging_mixin.py:190} INFO - [2026-06-29T22:00:32.809+0000] {dag.py:3239} INFO - Sync 4 DAGs
[2026-06-29T22:00:32.843+0000] {logging_mixin.py:190} INFO - [2026-06-29T22:00:32.842+0000] {dag.py:4180} INFO - Setting next_dagrun for dataset_alias_example_alias_consumer to None, run_after=None
[2026-06-29T22:00:32.849+0000] {logging_mixin.py:190} INFO - [2026-06-29T22:00:32.849+0000] {dag.py:4180} INFO - Setting next_dagrun for dataset_alias_example_alias_producer to None, run_after=None
[2026-06-29T22:00:32.853+0000] {logging_mixin.py:190} INFO - [2026-06-29T22:00:32.852+0000] {dag.py:4180} INFO - Setting next_dagrun for dataset_s3_bucket_consumer to None, run_after=None
[2026-06-29T22:00:32.856+0000] {logging_mixin.py:190} INFO - [2026-06-29T22:00:32.855+0000] {dag.py:4180} INFO - Setting next_dagrun for dataset_s3_bucket_producer to None, run_after=None
[2026-06-29T22:00:32.910+0000] {processor.py:208} INFO - Processing /home/airflow/.local/lib/python3.12/site-packages/airflow/example_dags/example_dataset_alias.py took 1.010 seconds
[2026-06-29T22:01:03.981+0000] {processor.py:186} INFO - Started process (PID=328) to work on /home/airflow/.local/lib/python3.12/site-packages/airflow/example_dags/example_dataset_alias.py
[2026-06-29T22:01:03.984+0000] {processor.py:914} INFO - Processing file /home/airflow/.local/lib/python3.12/site-packages/airflow/example_dags/example_dataset_alias.py for tasks to queue
[2026-06-29T22:01:03.991+0000] {logging_mixin.py:190} INFO - [2026-06-29T22:01:03.990+0000] {dagbag.py:588} INFO - Filling up the DagBag from /home/airflow/.local/lib/python3.12/site-packages/airflow/example_dags/example_dataset_alias.py
[2026-06-29T22:01:05.181+0000] {processor.py:925} INFO - DAG(s) 'dataset_s3_bucket_producer', 'dataset_alias_example_alias_producer', 'dataset_alias_example_alias_consumer', 'dataset_s3_bucket_consumer' retrieved from /home/airflow/.local/lib/python3.12/site-packages/airflow/example_dags/example_dataset_alias.py
[2026-06-29T22:01:05.250+0000] {logging_mixin.py:190} INFO - [2026-06-29T22:01:05.249+0000] {dag.py:3239} INFO - Sync 4 DAGs
[2026-06-29T22:01:05.311+0000] {logging_mixin.py:190} INFO - [2026-06-29T22:01:05.310+0000] {dag.py:4180} INFO - Setting next_dagrun for dataset_alias_example_alias_consumer to None, run_after=None
[2026-06-29T22:01:05.321+0000] {logging_mixin.py:190} INFO - [2026-06-29T22:01:05.321+0000] {dag.py:4180} INFO - Setting next_dagrun for dataset_alias_example_alias_producer to None, run_after=None
[2026-06-29T22:01:05.328+0000] {logging_mixin.py:190} INFO - [2026-06-29T22:01:05.327+0000] {dag.py:4180} INFO - Setting next_dagrun for dataset_s3_bucket_consumer to None, run_after=None
[2026-06-29T22:01:05.333+0000] {logging_mixin.py:190} INFO - [2026-06-29T22:01:05.332+0000] {dag.py:4180} INFO - Setting next_dagrun for dataset_s3_bucket_producer to None, run_after=None
[2026-06-29T22:01:05.387+0000] {processor.py:208} INFO - Processing /home/airflow/.local/lib/python3.12/site-packages/airflow/example_dags/example_dataset_alias.py took 1.419 seconds
[2026-06-29T22:01:35.656+0000] {processor.py:186} INFO - Started process (PID=393) to work on /home/airflow/.local/lib/python3.12/site-packages/airflow/example_dags/example_dataset_alias.py
[2026-06-29T22:01:35.658+0000] {processor.py:914} INFO - Processing file /home/airflow/.local/lib/python3.12/site-packages/airflow/example_dags/example_dataset_alias.py for tasks to queue
[2026-06-29T22:01:35.669+0000] {logging_mixin.py:190} INFO - [2026-06-29T22:01:35.668+0000] {dagbag.py:588} INFO - Filling up the DagBag from /home/airflow/.local/lib/python3.12/site-packages/airflow/example_dags/example_dataset_alias.py
[2026-06-29T22:01:37.596+0000] {processor.py:925} INFO - DAG(s) 'dataset_alias_example_alias_consumer', 'dataset_s3_bucket_producer', 'dataset_alias_example_alias_producer', 'dataset_s3_bucket_consumer' retrieved from /home/airflow/.local/lib/python3.12/site-packages/airflow/example_dags/example_dataset_alias.py
[2026-06-29T22:01:37.682+0000] {logging_mixin.py:190} INFO - [2026-06-29T22:01:37.677+0000] {dag.py:3239} INFO - Sync 4 DAGs
[2026-06-29T22:01:37.756+0000] {logging_mixin.py:190} INFO - [2026-06-29T22:01:37.756+0000] {dag.py:4180} INFO - Setting next_dagrun for dataset_alias_example_alias_consumer to None, run_after=None
[2026-06-29T22:01:37.766+0000] {logging_mixin.py:190} INFO - [2026-06-29T22:01:37.766+0000] {dag.py:4180} INFO - Setting next_dagrun for dataset_alias_example_alias_producer to None, run_after=None
[2026-06-29T22:01:37.772+0000] {logging_mixin.py:190} INFO - [2026-06-29T22:01:37.771+0000] {dag.py:4180} INFO - Setting next_dagrun for dataset_s3_bucket_consumer to None, run_after=None
[2026-06-29T22:01:37.779+0000] {logging_mixin.py:190} INFO - [2026-06-29T22:01:37.779+0000] {dag.py:4180} INFO - Setting next_dagrun for dataset_s3_bucket_producer to None, run_after=None
[2026-06-29T22:01:37.954+0000] {processor.py:208} INFO - Processing /home/airflow/.local/lib/python3.12/site-packages/airflow/example_dags/example_dataset_alias.py took 2.314 seconds
[2026-06-29T22:02:08.351+0000] {processor.py:186} INFO - Started process (PID=461) to work on /home/airflow/.local/lib/python3.12/site-packages/airflow/example_dags/example_dataset_alias.py
[2026-06-29T22:02:08.353+0000] {processor.py:914} INFO - Processing file /home/airflow/.local/lib/python3.12/site-packages/airflow/example_dags/example_dataset_alias.py for tasks to queue
[2026-06-29T22:02:08.357+0000] {logging_mixin.py:190} INFO - [2026-06-29T22:02:08.356+0000] {dagbag.py:588} INFO - Filling up the DagBag from /home/airflow/.local/lib/python3.12/site-packages/airflow/example_dags/example_dataset_alias.py
[2026-06-29T22:02:09.428+0000] {processor.py:925} INFO - DAG(s) 'dataset_alias_example_alias_consumer', 'dataset_alias_example_alias_producer', 'dataset_s3_bucket_consumer', 'dataset_s3_bucket_producer' retrieved from /home/airflow/.local/lib/python3.12/site-packages/airflow/example_dags/example_dataset_alias.py
[2026-06-29T22:02:09.478+0000] {logging_mixin.py:190} INFO - [2026-06-29T22:02:09.477+0000] {dag.py:3239} INFO - Sync 4 DAGs
[2026-06-29T22:02:09.522+0000] {logging_mixin.py:190} INFO - [2026-06-29T22:02:09.522+0000] {dag.py:4180} INFO - Setting next_dagrun for dataset_alias_example_alias_consumer to None, run_after=None
[2026-06-29T22:02:09.530+0000] {logging_mixin.py:190} INFO - [2026-06-29T22:02:09.529+0000] {dag.py:4180} INFO - Setting next_dagrun for dataset_alias_example_alias_producer to None, run_after=None
[2026-06-29T22:02:09.535+0000] {logging_mixin.py:190} INFO - [2026-06-29T22:02:09.534+0000] {dag.py:4180} INFO - Setting next_dagrun for dataset_s3_bucket_consumer to None, run_after=None
[2026-06-29T22:02:09.539+0000] {logging_mixin.py:190} INFO - [2026-06-29T22:02:09.538+0000] {dag.py:4180} INFO - Setting next_dagrun for dataset_s3_bucket_producer to None, run_after=None
[2026-06-29T22:02:09.589+0000] {processor.py:208} INFO - Processing /home/airflow/.local/lib/python3.12/site-packages/airflow/example_dags/example_dataset_alias.py took 1.247 seconds
[2026-06-29T22:02:41.207+0000] {processor.py:186} INFO - Started process (PID=525) to work on /home/airflow/.local/lib/python3.12/site-packages/airflow/example_dags/example_dataset_alias.py
[2026-06-29T22:02:41.213+0000] {processor.py:914} INFO - Processing file /home/airflow/.local/lib/python3.12/site-packages/airflow/example_dags/example_dataset_alias.py for tasks to queue
[2026-06-29T22:02:41.228+0000] {logging_mixin.py:190} INFO - [2026-06-29T22:02:41.224+0000] {dagbag.py:588} INFO - Filling up the DagBag from /home/airflow/.local/lib/python3.12/site-packages/airflow/example_dags/example_dataset_alias.py
[2026-06-29T22:02:44.016+0000] {processor.py:925} INFO - DAG(s) 'dataset_alias_example_alias_producer', 'dataset_s3_bucket_consumer', 'dataset_s3_bucket_producer', 'dataset_alias_example_alias_consumer' retrieved from /home/airflow/.local/lib/python3.12/site-packages/airflow/example_dags/example_dataset_alias.py
[2026-06-29T22:02:44.104+0000] {logging_mixin.py:190} INFO - [2026-06-29T22:02:44.102+0000] {dag.py:3239} INFO - Sync 4 DAGs
[2026-06-29T22:02:44.199+0000] {logging_mixin.py:190} INFO - [2026-06-29T22:02:44.198+0000] {dag.py:4180} INFO - Setting next_dagrun for dataset_alias_example_alias_consumer to None, run_after=None
[2026-06-29T22:02:44.209+0000] {logging_mixin.py:190} INFO - [2026-06-29T22:02:44.208+0000] {dag.py:4180} INFO - Setting next_dagrun for dataset_alias_example_alias_producer to None, run_after=None
[2026-06-29T22:02:44.214+0000] {logging_mixin.py:190} INFO - [2026-06-29T22:02:44.213+0000] {dag.py:4180} INFO - Setting next_dagrun for dataset_s3_bucket_consumer to None, run_after=None
[2026-06-29T22:02:44.221+0000] {logging_mixin.py:190} INFO - [2026-06-29T22:02:44.219+0000] {dag.py:4180} INFO - Setting next_dagrun for dataset_s3_bucket_producer to None, run_after=None
[2026-06-29T22:02:44.292+0000] {processor.py:208} INFO - Processing /home/airflow/.local/lib/python3.12/site-packages/airflow/example_dags/example_dataset_alias.py took 3.123 seconds
[2026-06-29T22:03:14.736+0000] {processor.py:186} INFO - Started process (PID=593) to work on /home/airflow/.local/lib/python3.12/site-packages/airflow/example_dags/example_dataset_alias.py
[2026-06-29T22:03:14.738+0000] {processor.py:914} INFO - Processing file /home/airflow/.local/lib/python3.12/site-packages/airflow/example_dags/example_dataset_alias.py for tasks to queue
[2026-06-29T22:03:14.741+0000] {logging_mixin.py:190} INFO - [2026-06-29T22:03:14.741+0000] {dagbag.py:588} INFO - Filling up the DagBag from /home/airflow/.local/lib/python3.12/site-packages/airflow/example_dags/example_dataset_alias.py
[2026-06-29T22:03:15.670+0000] {processor.py:925} INFO - DAG(s) 'dataset_alias_example_alias_producer', 'dataset_s3_bucket_producer', 'dataset_alias_example_alias_consumer', 'dataset_s3_bucket_consumer' retrieved from /home/airflow/.local/lib/python3.12/site-packages/airflow/example_dags/example_dataset_alias.py
[2026-06-29T22:03:15.747+0000] {logging_mixin.py:190} INFO - [2026-06-29T22:03:15.743+0000] {dag.py:3239} INFO - Sync 4 DAGs
[2026-06-29T22:03:15.827+0000] {logging_mixin.py:190} INFO - [2026-06-29T22:03:15.826+0000] {dag.py:4180} INFO - Setting next_dagrun for dataset_alias_example_alias_consumer to None, run_after=None
[2026-06-29T22:03:15.836+0000] {logging_mixin.py:190} INFO - [2026-06-29T22:03:15.836+0000] {dag.py:4180} INFO - Setting next_dagrun for dataset_alias_example_alias_producer to None, run_after=None
[2026-06-29T22:03:15.841+0000] {logging_mixin.py:190} INFO - [2026-06-29T22:03:15.840+0000] {dag.py:4180} INFO - Setting next_dagrun for dataset_s3_bucket_consumer to None, run_after=None
[2026-06-29T22:03:15.847+0000] {logging_mixin.py:190} INFO - [2026-06-29T22:03:15.847+0000] {dag.py:4180} INFO - Setting next_dagrun for dataset_s3_bucket_producer to None, run_after=None
[2026-06-29T22:03:15.932+0000] {processor.py:208} INFO - Processing /home/airflow/.local/lib/python3.12/site-packages/airflow/example_dags/example_dataset_alias.py took 1.204 seconds
[2026-06-29T22:03:46.093+0000] {processor.py:186} INFO - Started process (PID=656) to work on /home/airflow/.local/lib/python3.12/site-packages/airflow/example_dags/example_dataset_alias.py
[2026-06-29T22:03:46.096+0000] {processor.py:914} INFO - Processing file /home/airflow/.local/lib/python3.12/site-packages/airflow/example_dags/example_dataset_alias.py for tasks to queue
[2026-06-29T22:03:46.109+0000] {logging_mixin.py:190} INFO - [2026-06-29T22:03:46.108+0000] {dagbag.py:588} INFO - Filling up the DagBag from /home/airflow/.local/lib/python3.12/site-packages/airflow/example_dags/example_dataset_alias.py
[2026-06-29T22:03:47.327+0000] {processor.py:925} INFO - DAG(s) 'dataset_s3_bucket_producer', 'dataset_alias_example_alias_consumer', 'dataset_s3_bucket_consumer', 'dataset_alias_example_alias_producer' retrieved from /home/airflow/.local/lib/python3.12/site-packages/airflow/example_dags/example_dataset_alias.py
[2026-06-29T22:03:47.388+0000] {logging_mixin.py:190} INFO - [2026-06-29T22:03:47.387+0000] {dag.py:3239} INFO - Sync 4 DAGs
[2026-06-29T22:03:47.447+0000] {logging_mixin.py:190} INFO - [2026-06-29T22:03:47.447+0000] {dag.py:4180} INFO - Setting next_dagrun for dataset_alias_example_alias_consumer to None, run_after=None
[2026-06-29T22:03:47.459+0000] {logging_mixin.py:190} INFO - [2026-06-29T22:03:47.458+0000] {dag.py:4180} INFO - Setting next_dagrun for dataset_alias_example_alias_producer to None, run_after=None
[2026-06-29T22:03:47.465+0000] {logging_mixin.py:190} INFO - [2026-06-29T22:03:47.464+0000] {dag.py:4180} INFO - Setting next_dagrun for dataset_s3_bucket_consumer to None, run_after=None
[2026-06-29T22:03:47.470+0000] {logging_mixin.py:190} INFO - [2026-06-29T22:03:47.470+0000] {dag.py:4180} INFO - Setting next_dagrun for dataset_s3_bucket_producer to None, run_after=None
[2026-06-29T22:03:47.522+0000] {processor.py:208} INFO - Processing /home/airflow/.local/lib/python3.12/site-packages/airflow/example_dags/example_dataset_alias.py took 1.439 seconds
[2026-06-29T22:04:17.661+0000] {processor.py:186} INFO - Started process (PID=721) to work on /home/airflow/.local/lib/python3.12/site-packages/airflow/example_dags/example_dataset_alias.py
[2026-06-29T22:04:17.664+0000] {processor.py:914} INFO - Processing file /home/airflow/.local/lib/python3.12/site-packages/airflow/example_dags/example_dataset_alias.py for tasks to queue
[2026-06-29T22:04:17.673+0000] {logging_mixin.py:190} INFO - [2026-06-29T22:04:17.672+0000] {dagbag.py:588} INFO - Filling up the DagBag from /home/airflow/.local/lib/python3.12/site-packages/airflow/example_dags/example_dataset_alias.py
[2026-06-29T22:04:18.646+0000] {processor.py:925} INFO - DAG(s) 'dataset_s3_bucket_producer', 'dataset_alias_example_alias_consumer', 'dataset_s3_bucket_consumer', 'dataset_alias_example_alias_producer' retrieved from /home/airflow/.local/lib/python3.12/site-packages/airflow/example_dags/example_dataset_alias.py
[2026-06-29T22:04:18.712+0000] {logging_mixin.py:190} INFO - [2026-06-29T22:04:18.711+0000] {dag.py:3239} INFO - Sync 4 DAGs
[2026-06-29T22:04:18.763+0000] {logging_mixin.py:190} INFO - [2026-06-29T22:04:18.763+0000] {dag.py:4180} INFO - Setting next_dagrun for dataset_alias_example_alias_consumer to None, run_after=None
[2026-06-29T22:04:18.769+0000] {logging_mixin.py:190} INFO - [2026-06-29T22:04:18.769+0000] {dag.py:4180} INFO - Setting next_dagrun for dataset_alias_example_alias_producer to None, run_after=None
[2026-06-29T22:04:18.780+0000] {logging_mixin.py:190} INFO - [2026-06-29T22:04:18.779+0000] {dag.py:4180} INFO - Setting next_dagrun for dataset_s3_bucket_consumer to None, run_after=None
[2026-06-29T22:04:18.784+0000] {logging_mixin.py:190} INFO - [2026-06-29T22:04:18.784+0000] {dag.py:4180} INFO - Setting next_dagrun for dataset_s3_bucket_producer to None, run_after=None
[2026-06-29T22:04:18.842+0000] {processor.py:208} INFO - Processing /home/airflow/.local/lib/python3.12/site-packages/airflow/example_dags/example_dataset_alias.py took 1.189 seconds
[2026-06-29T22:04:53.735+0000] {processor.py:186} INFO - Started process (PID=790) to work on /home/airflow/.local/lib/python3.12/site-packages/airflow/example_dags/example_dataset_alias.py
[2026-06-29T22:04:53.742+0000] {processor.py:914} INFO - Processing file /home/airflow/.local/lib/python3.12/site-packages/airflow/example_dags/example_dataset_alias.py for tasks to queue
[2026-06-29T22:04:53.750+0000] {logging_mixin.py:190} INFO - [2026-06-29T22:04:53.750+0000] {dagbag.py:588} INFO - Filling up the DagBag from /home/airflow/.local/lib/python3.12/site-packages/airflow/example_dags/example_dataset_alias.py
[2026-06-29T22:04:54.619+0000] {processor.py:925} INFO - DAG(s) 'dataset_alias_example_alias_consumer', 'dataset_s3_bucket_consumer', 'dataset_s3_bucket_producer', 'dataset_alias_example_alias_producer' retrieved from /home/airflow/.local/lib/python3.12/site-packages/airflow/example_dags/example_dataset_alias.py
[2026-06-29T22:04:54.648+0000] {logging_mixin.py:190} INFO - [2026-06-29T22:04:54.647+0000] {dag.py:3239} INFO - Sync 4 DAGs
[2026-06-29T22:04:54.680+0000] {logging_mixin.py:190} INFO - [2026-06-29T22:04:54.680+0000] {dag.py:4180} INFO - Setting next_dagrun for dataset_alias_example_alias_consumer to None, run_after=None
[2026-06-29T22:04:54.684+0000] {logging_mixin.py:190} INFO - [2026-06-29T22:04:54.684+0000] {dag.py:4180} INFO - Setting next_dagrun for dataset_alias_example_alias_producer to None, run_after=None
[2026-06-29T22:04:54.686+0000] {logging_mixin.py:190} INFO - [2026-06-29T22:04:54.686+0000] {dag.py:4180} INFO - Setting next_dagrun for dataset_s3_bucket_consumer to None, run_after=None
[2026-06-29T22:04:54.689+0000] {logging_mixin.py:190} INFO - [2026-06-29T22:04:54.688+0000] {dag.py:4180} INFO - Setting next_dagrun for dataset_s3_bucket_producer to None, run_after=None
[2026-06-29T22:04:54.718+0000] {processor.py:208} INFO - Processing /home/airflow/.local/lib/python3.12/site-packages/airflow/example_dags/example_dataset_alias.py took 0.998 seconds
[2026-06-29T22:05:25.478+0000] {processor.py:186} INFO - Started process (PID=855) to work on /home/airflow/.local/lib/python3.12/site-packages/airflow/example_dags/example_dataset_alias.py
[2026-06-29T22:05:25.480+0000] {processor.py:914} INFO - Processing file /home/airflow/.local/lib/python3.12/site-packages/airflow/example_dags/example_dataset_alias.py for tasks to queue
[2026-06-29T22:05:25.483+0000] {logging_mixin.py:190} INFO - [2026-06-29T22:05:25.483+0000] {dagbag.py:588} INFO - Filling up the DagBag from /home/airflow/.local/lib/python3.12/site-packages/airflow/example_dags/example_dataset_alias.py
[2026-06-29T22:05:26.007+0000] {processor.py:925} INFO - DAG(s) 'dataset_s3_bucket_producer', 'dataset_alias_example_alias_consumer', 'dataset_s3_bucket_consumer', 'dataset_alias_example_alias_producer' retrieved from /home/airflow/.local/lib/python3.12/site-packages/airflow/example_dags/example_dataset_alias.py
[2026-06-29T22:05:26.029+0000] {logging_mixin.py:190} INFO - [2026-06-29T22:05:26.029+0000] {dag.py:3239} INFO - Sync 4 DAGs
[2026-06-29T22:05:26.050+0000] {logging_mixin.py:190} INFO - [2026-06-29T22:05:26.050+0000] {dag.py:4180} INFO - Setting next_dagrun for dataset_alias_example_alias_consumer to None, run_after=None
[2026-06-29T22:05:26.053+0000] {logging_mixin.py:190} INFO - [2026-06-29T22:05:26.053+0000] {dag.py:4180} INFO - Setting next_dagrun for dataset_alias_example_alias_producer to None, run_after=None
[2026-06-29T22:05:26.057+0000] {logging_mixin.py:190} INFO - [2026-06-29T22:05:26.056+0000] {dag.py:4180} INFO - Setting next_dagrun for dataset_s3_bucket_consumer to None, run_after=None
[2026-06-29T22:05:26.059+0000] {logging_mixin.py:190} INFO - [2026-06-29T22:05:26.059+0000] {dag.py:4180} INFO - Setting next_dagrun for dataset_s3_bucket_producer to None, run_after=None
[2026-06-29T22:05:26.082+0000] {processor.py:208} INFO - Processing /home/airflow/.local/lib/python3.12/site-packages/airflow/example_dags/example_dataset_alias.py took 0.646 seconds
[2026-06-29T22:05:56.868+0000] {processor.py:186} INFO - Started process (PID=920) to work on /home/airflow/.local/lib/python3.12/site-packages/airflow/example_dags/example_dataset_alias.py
[2026-06-29T22:05:56.870+0000] {processor.py:914} INFO - Processing file /home/airflow/.local/lib/python3.12/site-packages/airflow/example_dags/example_dataset_alias.py for tasks to queue
[2026-06-29T22:05:56.874+0000] {logging_mixin.py:190} INFO - [2026-06-29T22:05:56.873+0000] {dagbag.py:588} INFO - Filling up the DagBag from /home/airflow/.local/lib/python3.12/site-packages/airflow/example_dags/example_dataset_alias.py
[2026-06-29T22:05:57.437+0000] {processor.py:925} INFO - DAG(s) 'dataset_s3_bucket_consumer', 'dataset_alias_example_alias_consumer', 'dataset_s3_bucket_producer', 'dataset_alias_example_alias_producer' retrieved from /home/airflow/.local/lib/python3.12/site-packages/airflow/example_dags/example_dataset_alias.py
[2026-06-29T22:05:57.460+0000] {logging_mixin.py:190} INFO - [2026-06-29T22:05:57.460+0000] {dag.py:3239} INFO - Sync 4 DAGs
[2026-06-29T22:05:57.485+0000] {logging_mixin.py:190} INFO - [2026-06-29T22:05:57.485+0000] {dag.py:4180} INFO - Setting next_dagrun for dataset_alias_example_alias_consumer to None, run_after=None
[2026-06-29T22:05:57.489+0000] {logging_mixin.py:190} INFO - [2026-06-29T22:05:57.489+0000] {dag.py:4180} INFO - Setting next_dagrun for dataset_alias_example_alias_producer to None, run_after=None
[2026-06-29T22:05:57.491+0000] {logging_mixin.py:190} INFO - [2026-06-29T22:05:57.491+0000] {dag.py:4180} INFO - Setting next_dagrun for dataset_s3_bucket_consumer to None, run_after=None
[2026-06-29T22:05:57.493+0000] {logging_mixin.py:190} INFO - [2026-06-29T22:05:57.493+0000] {dag.py:4180} INFO - Setting next_dagrun for dataset_s3_bucket_producer to None, run_after=None
[2026-06-29T22:05:57.515+0000] {processor.py:208} INFO - Processing /home/airflow/.local/lib/python3.12/site-packages/airflow/example_dags/example_dataset_alias.py took 0.654 seconds
[2026-06-29T22:08:31.613+0000] {processor.py:186} INFO - Started process (PID=133) to work on /home/airflow/.local/lib/python3.12/site-packages/airflow/example_dags/example_dataset_alias.py
[2026-06-29T22:08:31.617+0000] {processor.py:914} INFO - Processing file /home/airflow/.local/lib/python3.12/site-packages/airflow/example_dags/example_dataset_alias.py for tasks to queue
[2026-06-29T22:08:31.628+0000] {logging_mixin.py:190} INFO - [2026-06-29T22:08:31.626+0000] {dagbag.py:588} INFO - Filling up the DagBag from /home/airflow/.local/lib/python3.12/site-packages/airflow/example_dags/example_dataset_alias.py
[2026-06-29T22:08:35.926+0000] {processor.py:925} INFO - DAG(s) 'dataset_alias_example_alias_consumer', 'dataset_s3_bucket_consumer', 'dataset_s3_bucket_producer', 'dataset_alias_example_alias_producer' retrieved from /home/airflow/.local/lib/python3.12/site-packages/airflow/example_dags/example_dataset_alias.py
[2026-06-29T22:08:36.057+0000] {logging_mixin.py:190} INFO - [2026-06-29T22:08:36.056+0000] {dag.py:3239} INFO - Sync 4 DAGs
[2026-06-29T22:08:36.126+0000] {logging_mixin.py:190} INFO - [2026-06-29T22:08:36.126+0000] {dag.py:4180} INFO - Setting next_dagrun for dataset_alias_example_alias_consumer to None, run_after=None
[2026-06-29T22:08:36.143+0000] {logging_mixin.py:190} INFO - [2026-06-29T22:08:36.142+0000] {dag.py:4180} INFO - Setting next_dagrun for dataset_alias_example_alias_producer to None, run_after=None
[2026-06-29T22:08:36.153+0000] {logging_mixin.py:190} INFO - [2026-06-29T22:08:36.153+0000] {dag.py:4180} INFO - Setting next_dagrun for dataset_s3_bucket_consumer to None, run_after=None
[2026-06-29T22:08:36.158+0000] {logging_mixin.py:190} INFO - [2026-06-29T22:08:36.158+0000] {dag.py:4180} INFO - Setting next_dagrun for dataset_s3_bucket_producer to None, run_after=None
[2026-06-29T22:08:36.236+0000] {processor.py:208} INFO - Processing /home/airflow/.local/lib/python3.12/site-packages/airflow/example_dags/example_dataset_alias.py took 4.636 seconds
[2026-06-29T22:09:10.116+0000] {processor.py:186} INFO - Started process (PID=208) to work on /home/airflow/.local/lib/python3.12/site-packages/airflow/example_dags/example_dataset_alias.py
[2026-06-29T22:09:10.120+0000] {processor.py:914} INFO - Processing file /home/airflow/.local/lib/python3.12/site-packages/airflow/example_dags/example_dataset_alias.py for tasks to queue
[2026-06-29T22:09:10.143+0000] {logging_mixin.py:190} INFO - [2026-06-29T22:09:10.140+0000] {dagbag.py:588} INFO - Filling up the DagBag from /home/airflow/.local/lib/python3.12/site-packages/airflow/example_dags/example_dataset_alias.py
[2026-06-29T22:09:11.770+0000] {processor.py:925} INFO - DAG(s) 'dataset_alias_example_alias_consumer', 'dataset_alias_example_alias_producer', 'dataset_s3_bucket_consumer', 'dataset_s3_bucket_producer' retrieved from /home/airflow/.local/lib/python3.12/site-packages/airflow/example_dags/example_dataset_alias.py
[2026-06-29T22:09:11.814+0000] {logging_mixin.py:190} INFO - [2026-06-29T22:09:11.812+0000] {dag.py:3239} INFO - Sync 4 DAGs
[2026-06-29T22:09:11.854+0000] {logging_mixin.py:190} INFO - [2026-06-29T22:09:11.854+0000] {dag.py:4180} INFO - Setting next_dagrun for dataset_alias_example_alias_consumer to None, run_after=None
[2026-06-29T22:09:11.859+0000] {logging_mixin.py:190} INFO - [2026-06-29T22:09:11.858+0000] {dag.py:4180} INFO - Setting next_dagrun for dataset_alias_example_alias_producer to None, run_after=None
[2026-06-29T22:09:11.865+0000] {logging_mixin.py:190} INFO - [2026-06-29T22:09:11.865+0000] {dag.py:4180} INFO - Setting next_dagrun for dataset_s3_bucket_consumer to None, run_after=None
[2026-06-29T22:09:11.870+0000] {logging_mixin.py:190} INFO - [2026-06-29T22:09:11.870+0000] {dag.py:4180} INFO - Setting next_dagrun for dataset_s3_bucket_producer to None, run_after=None
[2026-06-29T22:09:11.943+0000] {processor.py:208} INFO - Processing /home/airflow/.local/lib/python3.12/site-packages/airflow/example_dags/example_dataset_alias.py took 1.852 seconds
[2026-06-29T22:09:42.600+0000] {processor.py:186} INFO - Started process (PID=272) to work on /home/airflow/.local/lib/python3.12/site-packages/airflow/example_dags/example_dataset_alias.py
[2026-06-29T22:09:42.602+0000] {processor.py:914} INFO - Processing file /home/airflow/.local/lib/python3.12/site-packages/airflow/example_dags/example_dataset_alias.py for tasks to queue
[2026-06-29T22:09:42.606+0000] {logging_mixin.py:190} INFO - [2026-06-29T22:09:42.605+0000] {dagbag.py:588} INFO - Filling up the DagBag from /home/airflow/.local/lib/python3.12/site-packages/airflow/example_dags/example_dataset_alias.py
[2026-06-29T22:09:43.581+0000] {processor.py:925} INFO - DAG(s) 'dataset_alias_example_alias_producer', 'dataset_s3_bucket_consumer', 'dataset_alias_example_alias_consumer', 'dataset_s3_bucket_producer' retrieved from /home/airflow/.local/lib/python3.12/site-packages/airflow/example_dags/example_dataset_alias.py
[2026-06-29T22:09:43.611+0000] {logging_mixin.py:190} INFO - [2026-06-29T22:09:43.610+0000] {dag.py:3239} INFO - Sync 4 DAGs
[2026-06-29T22:09:43.636+0000] {logging_mixin.py:190} INFO - [2026-06-29T22:09:43.636+0000] {dag.py:4180} INFO - Setting next_dagrun for dataset_alias_example_alias_consumer to None, run_after=None
[2026-06-29T22:09:43.639+0000] {logging_mixin.py:190} INFO - [2026-06-29T22:09:43.639+0000] {dag.py:4180} INFO - Setting next_dagrun for dataset_alias_example_alias_producer to None, run_after=None
[2026-06-29T22:09:43.641+0000] {logging_mixin.py:190} INFO - [2026-06-29T22:09:43.641+0000] {dag.py:4180} INFO - Setting next_dagrun for dataset_s3_bucket_consumer to None, run_after=None
[2026-06-29T22:09:43.644+0000] {logging_mixin.py:190} INFO - [2026-06-29T22:09:43.643+0000] {dag.py:4180} INFO - Setting next_dagrun for dataset_s3_bucket_producer to None, run_after=None
[2026-06-29T22:09:43.671+0000] {processor.py:208} INFO - Processing /home/airflow/.local/lib/python3.12/site-packages/airflow/example_dags/example_dataset_alias.py took 1.080 seconds
[2026-06-29T22:10:16.558+0000] {processor.py:186} INFO - Started process (PID=337) to work on /home/airflow/.local/lib/python3.12/site-packages/airflow/example_dags/example_dataset_alias.py
[2026-06-29T22:10:16.561+0000] {processor.py:914} INFO - Processing file /home/airflow/.local/lib/python3.12/site-packages/airflow/example_dags/example_dataset_alias.py for tasks to queue
[2026-06-29T22:10:16.565+0000] {logging_mixin.py:190} INFO - [2026-06-29T22:10:16.565+0000] {dagbag.py:588} INFO - Filling up the DagBag from /home/airflow/.local/lib/python3.12/site-packages/airflow/example_dags/example_dataset_alias.py
[2026-06-29T22:10:17.424+0000] {processor.py:925} INFO - DAG(s) 'dataset_alias_example_alias_consumer', 'dataset_s3_bucket_producer', 'dataset_alias_example_alias_producer', 'dataset_s3_bucket_consumer' retrieved from /home/airflow/.local/lib/python3.12/site-packages/airflow/example_dags/example_dataset_alias.py
[2026-06-29T22:10:17.455+0000] {logging_mixin.py:190} INFO - [2026-06-29T22:10:17.455+0000] {dag.py:3239} INFO - Sync 4 DAGs
[2026-06-29T22:10:17.487+0000] {logging_mixin.py:190} INFO - [2026-06-29T22:10:17.487+0000] {dag.py:4180} INFO - Setting next_dagrun for dataset_alias_example_alias_consumer to None, run_after=None
[2026-06-29T22:10:17.495+0000] {logging_mixin.py:190} INFO - [2026-06-29T22:10:17.493+0000] {dag.py:4180} INFO - Setting next_dagrun for dataset_alias_example_alias_producer to None, run_after=None
[2026-06-29T22:10:17.500+0000] {logging_mixin.py:190} INFO - [2026-06-29T22:10:17.500+0000] {dag.py:4180} INFO - Setting next_dagrun for dataset_s3_bucket_consumer to None, run_after=None
[2026-06-29T22:10:17.504+0000] {logging_mixin.py:190} INFO - [2026-06-29T22:10:17.504+0000] {dag.py:4180} INFO - Setting next_dagrun for dataset_s3_bucket_producer to None, run_after=None
[2026-06-29T22:10:17.542+0000] {processor.py:208} INFO - Processing /home/airflow/.local/lib/python3.12/site-packages/airflow/example_dags/example_dataset_alias.py took 0.991 seconds
[2026-06-29T22:10:49.138+0000] {processor.py:186} INFO - Started process (PID=397) to work on /home/airflow/.local/lib/python3.12/site-packages/airflow/example_dags/example_dataset_alias.py
[2026-06-29T22:10:49.142+0000] {processor.py:914} INFO - Processing file /home/airflow/.local/lib/python3.12/site-packages/airflow/example_dags/example_dataset_alias.py for tasks to queue
[2026-06-29T22:10:49.157+0000] {logging_mixin.py:190} INFO - [2026-06-29T22:10:49.155+0000] {dagbag.py:588} INFO - Filling up the DagBag from /home/airflow/.local/lib/python3.12/site-packages/airflow/example_dags/example_dataset_alias.py
[2026-06-29T22:10:51.233+0000] {processor.py:925} INFO - DAG(s) 'dataset_s3_bucket_producer', 'dataset_s3_bucket_consumer', 'dataset_alias_example_alias_consumer', 'dataset_alias_example_alias_producer' retrieved from /home/airflow/.local/lib/python3.12/site-packages/airflow/example_dags/example_dataset_alias.py
[2026-06-29T22:10:51.291+0000] {logging_mixin.py:190} INFO - [2026-06-29T22:10:51.290+0000] {dag.py:3239} INFO - Sync 4 DAGs
[2026-06-29T22:10:51.335+0000] {logging_mixin.py:190} INFO - [2026-06-29T22:10:51.334+0000] {dag.py:4180} INFO - Setting next_dagrun for dataset_alias_example_alias_consumer to None, run_after=None
[2026-06-29T22:10:51.342+0000] {logging_mixin.py:190} INFO - [2026-06-29T22:10:51.341+0000] {dag.py:4180} INFO - Setting next_dagrun for dataset_alias_example_alias_producer to None, run_after=None
[2026-06-29T22:10:51.348+0000] {logging_mixin.py:190} INFO - [2026-06-29T22:10:51.347+0000] {dag.py:4180} INFO - Setting next_dagrun for dataset_s3_bucket_consumer to None, run_after=None
[2026-06-29T22:10:51.352+0000] {logging_mixin.py:190} INFO - [2026-06-29T22:10:51.351+0000] {dag.py:4180} INFO - Setting next_dagrun for dataset_s3_bucket_producer to None, run_after=None
[2026-06-29T22:10:51.412+0000] {processor.py:208} INFO - Processing /home/airflow/.local/lib/python3.12/site-packages/airflow/example_dags/example_dataset_alias.py took 2.293 seconds
[2026-06-29T22:11:21.764+0000] {processor.py:186} INFO - Started process (PID=461) to work on /home/airflow/.local/lib/python3.12/site-packages/airflow/example_dags/example_dataset_alias.py
[2026-06-29T22:11:21.766+0000] {processor.py:914} INFO - Processing file /home/airflow/.local/lib/python3.12/site-packages/airflow/example_dags/example_dataset_alias.py for tasks to queue
[2026-06-29T22:11:21.774+0000] {logging_mixin.py:190} INFO - [2026-06-29T22:11:21.772+0000] {dagbag.py:588} INFO - Filling up the DagBag from /home/airflow/.local/lib/python3.12/site-packages/airflow/example_dags/example_dataset_alias.py
[2026-06-29T22:11:23.464+0000] {processor.py:925} INFO - DAG(s) 'dataset_alias_example_alias_producer', 'dataset_s3_bucket_producer', 'dataset_alias_example_alias_consumer', 'dataset_s3_bucket_consumer' retrieved from /home/airflow/.local/lib/python3.12/site-packages/airflow/example_dags/example_dataset_alias.py
[2026-06-29T22:11:23.526+0000] {logging_mixin.py:190} INFO - [2026-06-29T22:11:23.524+0000] {dag.py:3239} INFO - Sync 4 DAGs
[2026-06-29T22:11:23.584+0000] {logging_mixin.py:190} INFO - [2026-06-29T22:11:23.583+0000] {dag.py:4180} INFO - Setting next_dagrun for dataset_alias_example_alias_consumer to None, run_after=None
[2026-06-29T22:11:23.592+0000] {logging_mixin.py:190} INFO - [2026-06-29T22:11:23.592+0000] {dag.py:4180} INFO - Setting next_dagrun for dataset_alias_example_alias_producer to None, run_after=None
[2026-06-29T22:11:23.597+0000] {logging_mixin.py:190} INFO - [2026-06-29T22:11:23.597+0000] {dag.py:4180} INFO - Setting next_dagrun for dataset_s3_bucket_consumer to None, run_after=None
[2026-06-29T22:11:23.600+0000] {logging_mixin.py:190} INFO - [2026-06-29T22:11:23.600+0000] {dag.py:4180} INFO - Setting next_dagrun for dataset_s3_bucket_producer to None, run_after=None
[2026-06-29T22:11:23.652+0000] {processor.py:208} INFO - Processing /home/airflow/.local/lib/python3.12/site-packages/airflow/example_dags/example_dataset_alias.py took 1.900 seconds
[2026-06-29T22:11:54.878+0000] {processor.py:186} INFO - Started process (PID=526) to work on /home/airflow/.local/lib/python3.12/site-packages/airflow/example_dags/example_dataset_alias.py
[2026-06-29T22:11:54.881+0000] {processor.py:914} INFO - Processing file /home/airflow/.local/lib/python3.12/site-packages/airflow/example_dags/example_dataset_alias.py for tasks to queue
[2026-06-29T22:11:54.888+0000] {logging_mixin.py:190} INFO - [2026-06-29T22:11:54.887+0000] {dagbag.py:588} INFO - Filling up the DagBag from /home/airflow/.local/lib/python3.12/site-packages/airflow/example_dags/example_dataset_alias.py
[2026-06-29T22:11:55.998+0000] {processor.py:925} INFO - DAG(s) 'dataset_alias_example_alias_consumer', 'dataset_alias_example_alias_producer', 'dataset_s3_bucket_consumer', 'dataset_s3_bucket_producer' retrieved from /home/airflow/.local/lib/python3.12/site-packages/airflow/example_dags/example_dataset_alias.py
[2026-06-29T22:11:56.036+0000] {logging_mixin.py:190} INFO - [2026-06-29T22:11:56.035+0000] {dag.py:3239} INFO - Sync 4 DAGs
[2026-06-29T22:11:56.074+0000] {logging_mixin.py:190} INFO - [2026-06-29T22:11:56.074+0000] {dag.py:4180} INFO - Setting next_dagrun for dataset_alias_example_alias_consumer to None, run_after=None
[2026-06-29T22:11:56.079+0000] {logging_mixin.py:190} INFO - [2026-06-29T22:11:56.079+0000] {dag.py:4180} INFO - Setting next_dagrun for dataset_alias_example_alias_producer to None, run_after=None
[2026-06-29T22:11:56.083+0000] {logging_mixin.py:190} INFO - [2026-06-29T22:11:56.083+0000] {dag.py:4180} INFO - Setting next_dagrun for dataset_s3_bucket_consumer to None, run_after=None
[2026-06-29T22:11:56.088+0000] {logging_mixin.py:190} INFO - [2026-06-29T22:11:56.087+0000] {dag.py:4180} INFO - Setting next_dagrun for dataset_s3_bucket_producer to None, run_after=None
[2026-06-29T22:11:56.125+0000] {processor.py:208} INFO - Processing /home/airflow/.local/lib/python3.12/site-packages/airflow/example_dags/example_dataset_alias.py took 1.269 seconds
[2026-06-29T22:12:26.348+0000] {processor.py:186} INFO - Started process (PID=590) to work on /home/airflow/.local/lib/python3.12/site-packages/airflow/example_dags/example_dataset_alias.py
[2026-06-29T22:12:26.353+0000] {processor.py:914} INFO - Processing file /home/airflow/.local/lib/python3.12/site-packages/airflow/example_dags/example_dataset_alias.py for tasks to queue
[2026-06-29T22:12:26.367+0000] {logging_mixin.py:190} INFO - [2026-06-29T22:12:26.364+0000] {dagbag.py:588} INFO - Filling up the DagBag from /home/airflow/.local/lib/python3.12/site-packages/airflow/example_dags/example_dataset_alias.py
[2026-06-29T22:12:28.437+0000] {processor.py:925} INFO - DAG(s) 'dataset_s3_bucket_producer', 'dataset_alias_example_alias_producer', 'dataset_alias_example_alias_consumer', 'dataset_s3_bucket_consumer' retrieved from /home/airflow/.local/lib/python3.12/site-packages/airflow/example_dags/example_dataset_alias.py
[2026-06-29T22:12:28.630+0000] {logging_mixin.py:190} INFO - [2026-06-29T22:12:28.627+0000] {dag.py:3239} INFO - Sync 4 DAGs
[2026-06-29T22:12:28.720+0000] {logging_mixin.py:190} INFO - [2026-06-29T22:12:28.720+0000] {dag.py:4180} INFO - Setting next_dagrun for dataset_alias_example_alias_consumer to None, run_after=None
[2026-06-29T22:12:28.738+0000] {logging_mixin.py:190} INFO - [2026-06-29T22:12:28.736+0000] {dag.py:4180} INFO - Setting next_dagrun for dataset_alias_example_alias_producer to None, run_after=None
[2026-06-29T22:12:28.746+0000] {logging_mixin.py:190} INFO - [2026-06-29T22:12:28.745+0000] {dag.py:4180} INFO - Setting next_dagrun for dataset_s3_bucket_consumer to None, run_after=None
[2026-06-29T22:12:28.753+0000] {logging_mixin.py:190} INFO - [2026-06-29T22:12:28.753+0000] {dag.py:4180} INFO - Setting next_dagrun for dataset_s3_bucket_producer to None, run_after=None
[2026-06-29T22:12:28.845+0000] {processor.py:208} INFO - Processing /home/airflow/.local/lib/python3.12/site-packages/airflow/example_dags/example_dataset_alias.py took 2.509 seconds
[2026-06-29T22:12:59.285+0000] {processor.py:186} INFO - Started process (PID=654) to work on /home/airflow/.local/lib/python3.12/site-packages/airflow/example_dags/example_dataset_alias.py
[2026-06-29T22:12:59.287+0000] {processor.py:914} INFO - Processing file /home/airflow/.local/lib/python3.12/site-packages/airflow/example_dags/example_dataset_alias.py for tasks to queue
[2026-06-29T22:12:59.291+0000] {logging_mixin.py:190} INFO - [2026-06-29T22:12:59.290+0000] {dagbag.py:588} INFO - Filling up the DagBag from /home/airflow/.local/lib/python3.12/site-packages/airflow/example_dags/example_dataset_alias.py
[2026-06-29T22:13:00.082+0000] {processor.py:925} INFO - DAG(s) 'dataset_alias_example_alias_consumer', 'dataset_alias_example_alias_producer', 'dataset_s3_bucket_producer', 'dataset_s3_bucket_consumer' retrieved from /home/airflow/.local/lib/python3.12/site-packages/airflow/example_dags/example_dataset_alias.py
[2026-06-29T22:13:00.148+0000] {logging_mixin.py:190} INFO - [2026-06-29T22:13:00.147+0000] {dag.py:3239} INFO - Sync 4 DAGs
[2026-06-29T22:13:00.228+0000] {logging_mixin.py:190} INFO - [2026-06-29T22:13:00.227+0000] {dag.py:4180} INFO - Setting next_dagrun for dataset_alias_example_alias_consumer to None, run_after=None
[2026-06-29T22:13:00.238+0000] {logging_mixin.py:190} INFO - [2026-06-29T22:13:00.236+0000] {dag.py:4180} INFO - Setting next_dagrun for dataset_alias_example_alias_producer to None, run_after=None
[2026-06-29T22:13:00.244+0000] {logging_mixin.py:190} INFO - [2026-06-29T22:13:00.244+0000] {dag.py:4180} INFO - Setting next_dagrun for dataset_s3_bucket_consumer to None, run_after=None
[2026-06-29T22:13:00.249+0000] {logging_mixin.py:190} INFO - [2026-06-29T22:13:00.248+0000] {dag.py:4180} INFO - Setting next_dagrun for dataset_s3_bucket_producer to None, run_after=None
[2026-06-29T22:13:00.343+0000] {processor.py:208} INFO - Processing /home/airflow/.local/lib/python3.12/site-packages/airflow/example_dags/example_dataset_alias.py took 1.065 seconds
[2026-06-29T22:13:32.202+0000] {processor.py:186} INFO - Started process (PID=720) to work on /home/airflow/.local/lib/python3.12/site-packages/airflow/example_dags/example_dataset_alias.py
[2026-06-29T22:13:32.205+0000] {processor.py:914} INFO - Processing file /home/airflow/.local/lib/python3.12/site-packages/airflow/example_dags/example_dataset_alias.py for tasks to queue
[2026-06-29T22:13:32.214+0000] {logging_mixin.py:190} INFO - [2026-06-29T22:13:32.212+0000] {dagbag.py:588} INFO - Filling up the DagBag from /home/airflow/.local/lib/python3.12/site-packages/airflow/example_dags/example_dataset_alias.py
[2026-06-29T22:13:34.095+0000] {processor.py:925} INFO - DAG(s) 'dataset_alias_example_alias_consumer', 'dataset_s3_bucket_producer', 'dataset_s3_bucket_consumer', 'dataset_alias_example_alias_producer' retrieved from /home/airflow/.local/lib/python3.12/site-packages/airflow/example_dags/example_dataset_alias.py
[2026-06-29T22:13:34.175+0000] {logging_mixin.py:190} INFO - [2026-06-29T22:13:34.173+0000] {dag.py:3239} INFO - Sync 4 DAGs
[2026-06-29T22:13:34.250+0000] {logging_mixin.py:190} INFO - [2026-06-29T22:13:34.249+0000] {dag.py:4180} INFO - Setting next_dagrun for dataset_alias_example_alias_consumer to None, run_after=None
[2026-06-29T22:13:34.260+0000] {logging_mixin.py:190} INFO - [2026-06-29T22:13:34.259+0000] {dag.py:4180} INFO - Setting next_dagrun for dataset_alias_example_alias_producer to None, run_after=None
[2026-06-29T22:13:34.265+0000] {logging_mixin.py:190} INFO - [2026-06-29T22:13:34.263+0000] {dag.py:4180} INFO - Setting next_dagrun for dataset_s3_bucket_consumer to None, run_after=None
[2026-06-29T22:13:34.270+0000] {logging_mixin.py:190} INFO - [2026-06-29T22:13:34.270+0000] {dag.py:4180} INFO - Setting next_dagrun for dataset_s3_bucket_producer to None, run_after=None
[2026-06-29T22:13:34.327+0000] {processor.py:208} INFO - Processing /home/airflow/.local/lib/python3.12/site-packages/airflow/example_dags/example_dataset_alias.py took 2.140 seconds
[2026-06-29T22:14:04.547+0000] {processor.py:186} INFO - Started process (PID=786) to work on /home/airflow/.local/lib/python3.12/site-packages/airflow/example_dags/example_dataset_alias.py
[2026-06-29T22:14:04.549+0000] {processor.py:914} INFO - Processing file /home/airflow/.local/lib/python3.12/site-packages/airflow/example_dags/example_dataset_alias.py for tasks to queue
[2026-06-29T22:14:04.554+0000] {logging_mixin.py:190} INFO - [2026-06-29T22:14:04.553+0000] {dagbag.py:588} INFO - Filling up the DagBag from /home/airflow/.local/lib/python3.12/site-packages/airflow/example_dags/example_dataset_alias.py
[2026-06-29T22:14:05.898+0000] {processor.py:925} INFO - DAG(s) 'dataset_alias_example_alias_producer', 'dataset_alias_example_alias_consumer', 'dataset_s3_bucket_producer', 'dataset_s3_bucket_consumer' retrieved from /home/airflow/.local/lib/python3.12/site-packages/airflow/example_dags/example_dataset_alias.py
[2026-06-29T22:14:05.944+0000] {logging_mixin.py:190} INFO - [2026-06-29T22:14:05.944+0000] {dag.py:3239} INFO - Sync 4 DAGs
[2026-06-29T22:14:05.988+0000] {logging_mixin.py:190} INFO - [2026-06-29T22:14:05.987+0000] {dag.py:4180} INFO - Setting next_dagrun for dataset_alias_example_alias_consumer to None, run_after=None
[2026-06-29T22:14:05.996+0000] {logging_mixin.py:190} INFO - [2026-06-29T22:14:05.996+0000] {dag.py:4180} INFO - Setting next_dagrun for dataset_alias_example_alias_producer to None, run_after=None
[2026-06-29T22:14:06.001+0000] {logging_mixin.py:190} INFO - [2026-06-29T22:14:06.001+0000] {dag.py:4180} INFO - Setting next_dagrun for dataset_s3_bucket_consumer to None, run_after=None
[2026-06-29T22:14:06.004+0000] {logging_mixin.py:190} INFO - [2026-06-29T22:14:06.004+0000] {dag.py:4180} INFO - Setting next_dagrun for dataset_s3_bucket_producer to None, run_after=None
[2026-06-29T22:14:06.054+0000] {processor.py:208} INFO - Processing /home/airflow/.local/lib/python3.12/site-packages/airflow/example_dags/example_dataset_alias.py took 1.515 seconds
[2026-06-29T22:14:36.903+0000] {processor.py:186} INFO - Started process (PID=855) to work on /home/airflow/.local/lib/python3.12/site-packages/airflow/example_dags/example_dataset_alias.py
[2026-06-29T22:14:36.905+0000] {processor.py:914} INFO - Processing file /home/airflow/.local/lib/python3.12/site-packages/airflow/example_dags/example_dataset_alias.py for tasks to queue
[2026-06-29T22:14:36.912+0000] {logging_mixin.py:190} INFO - [2026-06-29T22:14:36.912+0000] {dagbag.py:588} INFO - Filling up the DagBag from /home/airflow/.local/lib/python3.12/site-packages/airflow/example_dags/example_dataset_alias.py
[2026-06-29T22:14:38.104+0000] {processor.py:925} INFO - DAG(s) 'dataset_s3_bucket_producer', 'dataset_s3_bucket_consumer', 'dataset_alias_example_alias_consumer', 'dataset_alias_example_alias_producer' retrieved from /home/airflow/.local/lib/python3.12/site-packages/airflow/example_dags/example_dataset_alias.py
[2026-06-29T22:14:38.180+0000] {logging_mixin.py:190} INFO - [2026-06-29T22:14:38.179+0000] {dag.py:3239} INFO - Sync 4 DAGs
[2026-06-29T22:14:38.243+0000] {logging_mixin.py:190} INFO - [2026-06-29T22:14:38.243+0000] {dag.py:4180} INFO - Setting next_dagrun for dataset_alias_example_alias_consumer to None, run_after=None
[2026-06-29T22:14:38.252+0000] {logging_mixin.py:190} INFO - [2026-06-29T22:14:38.251+0000] {dag.py:4180} INFO - Setting next_dagrun for dataset_alias_example_alias_producer to None, run_after=None
[2026-06-29T22:14:38.258+0000] {logging_mixin.py:190} INFO - [2026-06-29T22:14:38.257+0000] {dag.py:4180} INFO - Setting next_dagrun for dataset_s3_bucket_consumer to None, run_after=None
[2026-06-29T22:14:38.264+0000] {logging_mixin.py:190} INFO - [2026-06-29T22:14:38.263+0000] {dag.py:4180} INFO - Setting next_dagrun for dataset_s3_bucket_producer to None, run_after=None
[2026-06-29T22:14:38.334+0000] {processor.py:208} INFO - Processing /home/airflow/.local/lib/python3.12/site-packages/airflow/example_dags/example_dataset_alias.py took 1.442 seconds
[2026-06-29T22:15:09.679+0000] {processor.py:186} INFO - Started process (PID=933) to work on /home/airflow/.local/lib/python3.12/site-packages/airflow/example_dags/example_dataset_alias.py
[2026-06-29T22:15:09.681+0000] {processor.py:914} INFO - Processing file /home/airflow/.local/lib/python3.12/site-packages/airflow/example_dags/example_dataset_alias.py for tasks to queue
[2026-06-29T22:15:09.685+0000] {logging_mixin.py:190} INFO - [2026-06-29T22:15:09.684+0000] {dagbag.py:588} INFO - Filling up the DagBag from /home/airflow/.local/lib/python3.12/site-packages/airflow/example_dags/example_dataset_alias.py
[2026-06-29T22:15:10.938+0000] {processor.py:925} INFO - DAG(s) 'dataset_s3_bucket_producer', 'dataset_alias_example_alias_producer', 'dataset_s3_bucket_consumer', 'dataset_alias_example_alias_consumer' retrieved from /home/airflow/.local/lib/python3.12/site-packages/airflow/example_dags/example_dataset_alias.py
[2026-06-29T22:15:10.961+0000] {logging_mixin.py:190} INFO - [2026-06-29T22:15:10.961+0000] {dag.py:3239} INFO - Sync 4 DAGs
[2026-06-29T22:15:10.984+0000] {logging_mixin.py:190} INFO - [2026-06-29T22:15:10.983+0000] {dag.py:4180} INFO - Setting next_dagrun for dataset_alias_example_alias_consumer to None, run_after=None
[2026-06-29T22:15:10.987+0000] {logging_mixin.py:190} INFO - [2026-06-29T22:15:10.986+0000] {dag.py:4180} INFO - Setting next_dagrun for dataset_alias_example_alias_producer to None, run_after=None
[2026-06-29T22:15:10.989+0000] {logging_mixin.py:190} INFO - [2026-06-29T22:15:10.988+0000] {dag.py:4180} INFO - Setting next_dagrun for dataset_s3_bucket_consumer to None, run_after=None
[2026-06-29T22:15:10.992+0000] {logging_mixin.py:190} INFO - [2026-06-29T22:15:10.991+0000] {dag.py:4180} INFO - Setting next_dagrun for dataset_s3_bucket_producer to None, run_after=None
[2026-06-29T22:15:11.015+0000] {processor.py:208} INFO - Processing /home/airflow/.local/lib/python3.12/site-packages/airflow/example_dags/example_dataset_alias.py took 1.348 seconds
[2026-06-29T22:15:42.079+0000] {processor.py:186} INFO - Started process (PID=1003) to work on /home/airflow/.local/lib/python3.12/site-packages/airflow/example_dags/example_dataset_alias.py
[2026-06-29T22:15:42.081+0000] {processor.py:914} INFO - Processing file /home/airflow/.local/lib/python3.12/site-packages/airflow/example_dags/example_dataset_alias.py for tasks to queue
[2026-06-29T22:15:42.084+0000] {logging_mixin.py:190} INFO - [2026-06-29T22:15:42.084+0000] {dagbag.py:588} INFO - Filling up the DagBag from /home/airflow/.local/lib/python3.12/site-packages/airflow/example_dags/example_dataset_alias.py
[2026-06-29T22:15:42.801+0000] {processor.py:925} INFO - DAG(s) 'dataset_alias_example_alias_consumer', 'dataset_s3_bucket_consumer', 'dataset_alias_example_alias_producer', 'dataset_s3_bucket_producer' retrieved from /home/airflow/.local/lib/python3.12/site-packages/airflow/example_dags/example_dataset_alias.py
[2026-06-29T22:15:42.829+0000] {logging_mixin.py:190} INFO - [2026-06-29T22:15:42.828+0000] {dag.py:3239} INFO - Sync 4 DAGs
[2026-06-29T22:15:42.854+0000] {logging_mixin.py:190} INFO - [2026-06-29T22:15:42.854+0000] {dag.py:4180} INFO - Setting next_dagrun for dataset_alias_example_alias_consumer to None, run_after=None
[2026-06-29T22:15:42.858+0000] {logging_mixin.py:190} INFO - [2026-06-29T22:15:42.858+0000] {dag.py:4180} INFO - Setting next_dagrun for dataset_alias_example_alias_producer to None, run_after=None
[2026-06-29T22:15:42.861+0000] {logging_mixin.py:190} INFO - [2026-06-29T22:15:42.861+0000] {dag.py:4180} INFO - Setting next_dagrun for dataset_s3_bucket_consumer to None, run_after=None
[2026-06-29T22:15:42.863+0000] {logging_mixin.py:190} INFO - [2026-06-29T22:15:42.863+0000] {dag.py:4180} INFO - Setting next_dagrun for dataset_s3_bucket_producer to None, run_after=None
[2026-06-29T22:15:42.893+0000] {processor.py:208} INFO - Processing /home/airflow/.local/lib/python3.12/site-packages/airflow/example_dags/example_dataset_alias.py took 0.822 seconds
[2026-06-29T22:16:13.496+0000] {processor.py:186} INFO - Started process (PID=1070) to work on /home/airflow/.local/lib/python3.12/site-packages/airflow/example_dags/example_dataset_alias.py
[2026-06-29T22:16:13.498+0000] {processor.py:914} INFO - Processing file /home/airflow/.local/lib/python3.12/site-packages/airflow/example_dags/example_dataset_alias.py for tasks to queue
[2026-06-29T22:16:13.503+0000] {logging_mixin.py:190} INFO - [2026-06-29T22:16:13.502+0000] {dagbag.py:588} INFO - Filling up the DagBag from /home/airflow/.local/lib/python3.12/site-packages/airflow/example_dags/example_dataset_alias.py
[2026-06-29T22:16:14.182+0000] {processor.py:925} INFO - DAG(s) 'dataset_alias_example_alias_consumer', 'dataset_s3_bucket_consumer', 'dataset_alias_example_alias_producer', 'dataset_s3_bucket_producer' retrieved from /home/airflow/.local/lib/python3.12/site-packages/airflow/example_dags/example_dataset_alias.py
[2026-06-29T22:16:14.206+0000] {logging_mixin.py:190} INFO - [2026-06-29T22:16:14.206+0000] {dag.py:3239} INFO - Sync 4 DAGs
[2026-06-29T22:16:14.228+0000] {logging_mixin.py:190} INFO - [2026-06-29T22:16:14.228+0000] {dag.py:4180} INFO - Setting next_dagrun for dataset_alias_example_alias_consumer to None, run_after=None
[2026-06-29T22:16:14.232+0000] {logging_mixin.py:190} INFO - [2026-06-29T22:16:14.232+0000] {dag.py:4180} INFO - Setting next_dagrun for dataset_alias_example_alias_producer to None, run_after=None
[2026-06-29T22:16:14.234+0000] {logging_mixin.py:190} INFO - [2026-06-29T22:16:14.234+0000] {dag.py:4180} INFO - Setting next_dagrun for dataset_s3_bucket_consumer to None, run_after=None
[2026-06-29T22:16:14.237+0000] {logging_mixin.py:190} INFO - [2026-06-29T22:16:14.236+0000] {dag.py:4180} INFO - Setting next_dagrun for dataset_s3_bucket_producer to None, run_after=None
[2026-06-29T22:16:14.259+0000] {processor.py:208} INFO - Processing /home/airflow/.local/lib/python3.12/site-packages/airflow/example_dags/example_dataset_alias.py took 0.772 seconds
[2026-06-29T22:16:45.558+0000] {processor.py:186} INFO - Started process (PID=1134) to work on /home/airflow/.local/lib/python3.12/site-packages/airflow/example_dags/example_dataset_alias.py
[2026-06-29T22:16:45.561+0000] {processor.py:914} INFO - Processing file /home/airflow/.local/lib/python3.12/site-packages/airflow/example_dags/example_dataset_alias.py for tasks to queue
[2026-06-29T22:16:45.572+0000] {logging_mixin.py:190} INFO - [2026-06-29T22:16:45.571+0000] {dagbag.py:588} INFO - Filling up the DagBag from /home/airflow/.local/lib/python3.12/site-packages/airflow/example_dags/example_dataset_alias.py
[2026-06-29T22:16:47.128+0000] {processor.py:925} INFO - DAG(s) 'dataset_s3_bucket_consumer', 'dataset_alias_example_alias_producer', 'dataset_alias_example_alias_consumer', 'dataset_s3_bucket_producer' retrieved from /home/airflow/.local/lib/python3.12/site-packages/airflow/example_dags/example_dataset_alias.py
[2026-06-29T22:16:47.196+0000] {logging_mixin.py:190} INFO - [2026-06-29T22:16:47.195+0000] {dag.py:3239} INFO - Sync 4 DAGs
[2026-06-29T22:16:47.244+0000] {logging_mixin.py:190} INFO - [2026-06-29T22:16:47.243+0000] {dag.py:4180} INFO - Setting next_dagrun for dataset_alias_example_alias_consumer to None, run_after=None
[2026-06-29T22:16:47.253+0000] {logging_mixin.py:190} INFO - [2026-06-29T22:16:47.253+0000] {dag.py:4180} INFO - Setting next_dagrun for dataset_alias_example_alias_producer to None, run_after=None
[2026-06-29T22:16:47.260+0000] {logging_mixin.py:190} INFO - [2026-06-29T22:16:47.259+0000] {dag.py:4180} INFO - Setting next_dagrun for dataset_s3_bucket_consumer to None, run_after=None
[2026-06-29T22:16:47.265+0000] {logging_mixin.py:190} INFO - [2026-06-29T22:16:47.264+0000] {dag.py:4180} INFO - Setting next_dagrun for dataset_s3_bucket_producer to None, run_after=None
[2026-06-29T22:16:47.326+0000] {processor.py:208} INFO - Processing /home/airflow/.local/lib/python3.12/site-packages/airflow/example_dags/example_dataset_alias.py took 1.782 seconds
[2026-06-29T22:17:17.916+0000] {processor.py:186} INFO - Started process (PID=1198) to work on /home/airflow/.local/lib/python3.12/site-packages/airflow/example_dags/example_dataset_alias.py
[2026-06-29T22:17:17.918+0000] {processor.py:914} INFO - Processing file /home/airflow/.local/lib/python3.12/site-packages/airflow/example_dags/example_dataset_alias.py for tasks to queue
[2026-06-29T22:17:17.925+0000] {logging_mixin.py:190} INFO - [2026-06-29T22:17:17.924+0000] {dagbag.py:588} INFO - Filling up the DagBag from /home/airflow/.local/lib/python3.12/site-packages/airflow/example_dags/example_dataset_alias.py
[2026-06-29T22:17:19.358+0000] {processor.py:925} INFO - DAG(s) 'dataset_s3_bucket_consumer', 'dataset_s3_bucket_producer', 'dataset_alias_example_alias_consumer', 'dataset_alias_example_alias_producer' retrieved from /home/airflow/.local/lib/python3.12/site-packages/airflow/example_dags/example_dataset_alias.py
[2026-06-29T22:17:19.418+0000] {logging_mixin.py:190} INFO - [2026-06-29T22:17:19.417+0000] {dag.py:3239} INFO - Sync 4 DAGs
[2026-06-29T22:17:19.464+0000] {logging_mixin.py:190} INFO - [2026-06-29T22:17:19.463+0000] {dag.py:4180} INFO - Setting next_dagrun for dataset_alias_example_alias_consumer to None, run_after=None
[2026-06-29T22:17:19.470+0000] {logging_mixin.py:190} INFO - [2026-06-29T22:17:19.470+0000] {dag.py:4180} INFO - Setting next_dagrun for dataset_alias_example_alias_producer to None, run_after=None
[2026-06-29T22:17:19.475+0000] {logging_mixin.py:190} INFO - [2026-06-29T22:17:19.475+0000] {dag.py:4180} INFO - Setting next_dagrun for dataset_s3_bucket_consumer to None, run_after=None
[2026-06-29T22:17:19.480+0000] {logging_mixin.py:190} INFO - [2026-06-29T22:17:19.480+0000] {dag.py:4180} INFO - Setting next_dagrun for dataset_s3_bucket_producer to None, run_after=None
[2026-06-29T22:17:19.553+0000] {processor.py:208} INFO - Processing /home/airflow/.local/lib/python3.12/site-packages/airflow/example_dags/example_dataset_alias.py took 1.650 seconds
[2026-06-29T22:17:49.762+0000] {processor.py:186} INFO - Started process (PID=1264) to work on /home/airflow/.local/lib/python3.12/site-packages/airflow/example_dags/example_dataset_alias.py
[2026-06-29T22:17:49.765+0000] {processor.py:914} INFO - Processing file /home/airflow/.local/lib/python3.12/site-packages/airflow/example_dags/example_dataset_alias.py for tasks to queue
[2026-06-29T22:17:49.769+0000] {logging_mixin.py:190} INFO - [2026-06-29T22:17:49.769+0000] {dagbag.py:588} INFO - Filling up the DagBag from /home/airflow/.local/lib/python3.12/site-packages/airflow/example_dags/example_dataset_alias.py
[2026-06-29T22:17:50.965+0000] {processor.py:925} INFO - DAG(s) 'dataset_s3_bucket_consumer', 'dataset_alias_example_alias_producer', 'dataset_alias_example_alias_consumer', 'dataset_s3_bucket_producer' retrieved from /home/airflow/.local/lib/python3.12/site-packages/airflow/example_dags/example_dataset_alias.py
[2026-06-29T22:17:51.015+0000] {logging_mixin.py:190} INFO - [2026-06-29T22:17:51.014+0000] {dag.py:3239} INFO - Sync 4 DAGs
[2026-06-29T22:17:51.055+0000] {logging_mixin.py:190} INFO - [2026-06-29T22:17:51.055+0000] {dag.py:4180} INFO - Setting next_dagrun for dataset_alias_example_alias_consumer to None, run_after=None
[2026-06-29T22:17:51.061+0000] {logging_mixin.py:190} INFO - [2026-06-29T22:17:51.061+0000] {dag.py:4180} INFO - Setting next_dagrun for dataset_alias_example_alias_producer to None, run_after=None
[2026-06-29T22:17:51.064+0000] {logging_mixin.py:190} INFO - [2026-06-29T22:17:51.064+0000] {dag.py:4180} INFO - Setting next_dagrun for dataset_s3_bucket_consumer to None, run_after=None
[2026-06-29T22:17:51.067+0000] {logging_mixin.py:190} INFO - [2026-06-29T22:17:51.067+0000] {dag.py:4180} INFO - Setting next_dagrun for dataset_s3_bucket_producer to None, run_after=None
[2026-06-29T22:17:51.109+0000] {processor.py:208} INFO - Processing /home/airflow/.local/lib/python3.12/site-packages/airflow/example_dags/example_dataset_alias.py took 1.358 seconds
[2026-06-29T22:18:21.328+0000] {processor.py:186} INFO - Started process (PID=1329) to work on /home/airflow/.local/lib/python3.12/site-packages/airflow/example_dags/example_dataset_alias.py
[2026-06-29T22:18:21.330+0000] {processor.py:914} INFO - Processing file /home/airflow/.local/lib/python3.12/site-packages/airflow/example_dags/example_dataset_alias.py for tasks to queue
[2026-06-29T22:18:21.334+0000] {logging_mixin.py:190} INFO - [2026-06-29T22:18:21.333+0000] {dagbag.py:588} INFO - Filling up the DagBag from /home/airflow/.local/lib/python3.12/site-packages/airflow/example_dags/example_dataset_alias.py
[2026-06-29T22:18:22.084+0000] {processor.py:925} INFO - DAG(s) 'dataset_s3_bucket_consumer', 'dataset_alias_example_alias_consumer', 'dataset_alias_example_alias_producer', 'dataset_s3_bucket_producer' retrieved from /home/airflow/.local/lib/python3.12/site-packages/airflow/example_dags/example_dataset_alias.py
[2026-06-29T22:18:22.114+0000] {logging_mixin.py:190} INFO - [2026-06-29T22:18:22.114+0000] {dag.py:3239} INFO - Sync 4 DAGs
[2026-06-29T22:18:22.142+0000] {logging_mixin.py:190} INFO - [2026-06-29T22:18:22.142+0000] {dag.py:4180} INFO - Setting next_dagrun for dataset_alias_example_alias_consumer to None, run_after=None
[2026-06-29T22:18:22.146+0000] {logging_mixin.py:190} INFO - [2026-06-29T22:18:22.146+0000] {dag.py:4180} INFO - Setting next_dagrun for dataset_alias_example_alias_producer to None, run_after=None
[2026-06-29T22:18:22.148+0000] {logging_mixin.py:190} INFO - [2026-06-29T22:18:22.148+0000] {dag.py:4180} INFO - Setting next_dagrun for dataset_s3_bucket_consumer to None, run_after=None
[2026-06-29T22:18:22.150+0000] {logging_mixin.py:190} INFO - [2026-06-29T22:18:22.150+0000] {dag.py:4180} INFO - Setting next_dagrun for dataset_s3_bucket_producer to None, run_after=None
[2026-06-29T22:18:22.179+0000] {processor.py:208} INFO - Processing /home/airflow/.local/lib/python3.12/site-packages/airflow/example_dags/example_dataset_alias.py took 0.857 seconds
[2026-06-29T22:18:52.627+0000] {processor.py:186} INFO - Started process (PID=1393) to work on /home/airflow/.local/lib/python3.12/site-packages/airflow/example_dags/example_dataset_alias.py
[2026-06-29T22:18:52.629+0000] {processor.py:914} INFO - Processing file /home/airflow/.local/lib/python3.12/site-packages/airflow/example_dags/example_dataset_alias.py for tasks to queue
[2026-06-29T22:18:52.633+0000] {logging_mixin.py:190} INFO - [2026-06-29T22:18:52.632+0000] {dagbag.py:588} INFO - Filling up the DagBag from /home/airflow/.local/lib/python3.12/site-packages/airflow/example_dags/example_dataset_alias.py
[2026-06-29T22:18:53.130+0000] {processor.py:925} INFO - DAG(s) 'dataset_alias_example_alias_consumer', 'dataset_alias_example_alias_producer', 'dataset_s3_bucket_consumer', 'dataset_s3_bucket_producer' retrieved from /home/airflow/.local/lib/python3.12/site-packages/airflow/example_dags/example_dataset_alias.py
[2026-06-29T22:18:53.149+0000] {logging_mixin.py:190} INFO - [2026-06-29T22:18:53.149+0000] {dag.py:3239} INFO - Sync 4 DAGs
[2026-06-29T22:18:53.172+0000] {logging_mixin.py:190} INFO - [2026-06-29T22:18:53.171+0000] {dag.py:4180} INFO - Setting next_dagrun for dataset_alias_example_alias_consumer to None, run_after=None
[2026-06-29T22:18:53.175+0000] {logging_mixin.py:190} INFO - [2026-06-29T22:18:53.175+0000] {dag.py:4180} INFO - Setting next_dagrun for dataset_alias_example_alias_producer to None, run_after=None
[2026-06-29T22:18:53.177+0000] {logging_mixin.py:190} INFO - [2026-06-29T22:18:53.177+0000] {dag.py:4180} INFO - Setting next_dagrun for dataset_s3_bucket_consumer to None, run_after=None
[2026-06-29T22:18:53.180+0000] {logging_mixin.py:190} INFO - [2026-06-29T22:18:53.180+0000] {dag.py:4180} INFO - Setting next_dagrun for dataset_s3_bucket_producer to None, run_after=None
[2026-06-29T22:18:53.206+0000] {processor.py:208} INFO - Processing /home/airflow/.local/lib/python3.12/site-packages/airflow/example_dags/example_dataset_alias.py took 0.587 seconds
[2026-06-29T22:19:23.392+0000] {processor.py:186} INFO - Started process (PID=1457) to work on /home/airflow/.local/lib/python3.12/site-packages/airflow/example_dags/example_dataset_alias.py
[2026-06-29T22:19:23.393+0000] {processor.py:914} INFO - Processing file /home/airflow/.local/lib/python3.12/site-packages/airflow/example_dags/example_dataset_alias.py for tasks to queue
[2026-06-29T22:19:23.396+0000] {logging_mixin.py:190} INFO - [2026-06-29T22:19:23.395+0000] {dagbag.py:588} INFO - Filling up the DagBag from /home/airflow/.local/lib/python3.12/site-packages/airflow/example_dags/example_dataset_alias.py
[2026-06-29T22:19:23.910+0000] {processor.py:925} INFO - DAG(s) 'dataset_s3_bucket_consumer', 'dataset_alias_example_alias_producer', 'dataset_alias_example_alias_consumer', 'dataset_s3_bucket_producer' retrieved from /home/airflow/.local/lib/python3.12/site-packages/airflow/example_dags/example_dataset_alias.py
[2026-06-29T22:19:23.929+0000] {logging_mixin.py:190} INFO - [2026-06-29T22:19:23.929+0000] {dag.py:3239} INFO - Sync 4 DAGs
[2026-06-29T22:19:23.949+0000] {logging_mixin.py:190} INFO - [2026-06-29T22:19:23.948+0000] {dag.py:4180} INFO - Setting next_dagrun for dataset_alias_example_alias_consumer to None, run_after=None
[2026-06-29T22:19:23.952+0000] {logging_mixin.py:190} INFO - [2026-06-29T22:19:23.951+0000] {dag.py:4180} INFO - Setting next_dagrun for dataset_alias_example_alias_producer to None, run_after=None
[2026-06-29T22:19:23.954+0000] {logging_mixin.py:190} INFO - [2026-06-29T22:19:23.954+0000] {dag.py:4180} INFO - Setting next_dagrun for dataset_s3_bucket_consumer to None, run_after=None
[2026-06-29T22:19:23.956+0000] {logging_mixin.py:190} INFO - [2026-06-29T22:19:23.956+0000] {dag.py:4180} INFO - Setting next_dagrun for dataset_s3_bucket_producer to None, run_after=None
[2026-06-29T22:19:23.976+0000] {processor.py:208} INFO - Processing /home/airflow/.local/lib/python3.12/site-packages/airflow/example_dags/example_dataset_alias.py took 0.590 seconds
[2026-06-29T22:19:54.494+0000] {processor.py:186} INFO - Started process (PID=1521) to work on /home/airflow/.local/lib/python3.12/site-packages/airflow/example_dags/example_dataset_alias.py
[2026-06-29T22:19:54.498+0000] {processor.py:914} INFO - Processing file /home/airflow/.local/lib/python3.12/site-packages/airflow/example_dags/example_dataset_alias.py for tasks to queue
[2026-06-29T22:19:54.508+0000] {logging_mixin.py:190} INFO - [2026-06-29T22:19:54.507+0000] {dagbag.py:588} INFO - Filling up the DagBag from /home/airflow/.local/lib/python3.12/site-packages/airflow/example_dags/example_dataset_alias.py
[2026-06-29T22:19:55.847+0000] {processor.py:925} INFO - DAG(s) 'dataset_alias_example_alias_producer', 'dataset_alias_example_alias_consumer', 'dataset_s3_bucket_producer', 'dataset_s3_bucket_consumer' retrieved from /home/airflow/.local/lib/python3.12/site-packages/airflow/example_dags/example_dataset_alias.py
[2026-06-29T22:19:55.883+0000] {logging_mixin.py:190} INFO - [2026-06-29T22:19:55.883+0000] {dag.py:3239} INFO - Sync 4 DAGs
[2026-06-29T22:19:55.923+0000] {logging_mixin.py:190} INFO - [2026-06-29T22:19:55.922+0000] {dag.py:4180} INFO - Setting next_dagrun for dataset_alias_example_alias_consumer to None, run_after=None
[2026-06-29T22:19:55.929+0000] {logging_mixin.py:190} INFO - [2026-06-29T22:19:55.929+0000] {dag.py:4180} INFO - Setting next_dagrun for dataset_alias_example_alias_producer to None, run_after=None
[2026-06-29T22:19:55.934+0000] {logging_mixin.py:190} INFO - [2026-06-29T22:19:55.934+0000] {dag.py:4180} INFO - Setting next_dagrun for dataset_s3_bucket_consumer to None, run_after=None
[2026-06-29T22:19:55.938+0000] {logging_mixin.py:190} INFO - [2026-06-29T22:19:55.938+0000] {dag.py:4180} INFO - Setting next_dagrun for dataset_s3_bucket_producer to None, run_after=None
[2026-06-29T22:19:55.974+0000] {processor.py:208} INFO - Processing /home/airflow/.local/lib/python3.12/site-packages/airflow/example_dags/example_dataset_alias.py took 1.497 seconds
[2026-06-29T22:20:26.374+0000] {processor.py:186} INFO - Started process (PID=1585) to work on /home/airflow/.local/lib/python3.12/site-packages/airflow/example_dags/example_dataset_alias.py
[2026-06-29T22:20:26.376+0000] {processor.py:914} INFO - Processing file /home/airflow/.local/lib/python3.12/site-packages/airflow/example_dags/example_dataset_alias.py for tasks to queue
[2026-06-29T22:20:26.383+0000] {logging_mixin.py:190} INFO - [2026-06-29T22:20:26.383+0000] {dagbag.py:588} INFO - Filling up the DagBag from /home/airflow/.local/lib/python3.12/site-packages/airflow/example_dags/example_dataset_alias.py
[2026-06-29T22:20:27.007+0000] {processor.py:925} INFO - DAG(s) 'dataset_alias_example_alias_producer', 'dataset_alias_example_alias_consumer', 'dataset_s3_bucket_consumer', 'dataset_s3_bucket_producer' retrieved from /home/airflow/.local/lib/python3.12/site-packages/airflow/example_dags/example_dataset_alias.py
[2026-06-29T22:20:27.032+0000] {logging_mixin.py:190} INFO - [2026-06-29T22:20:27.031+0000] {dag.py:3239} INFO - Sync 4 DAGs
[2026-06-29T22:20:27.064+0000] {logging_mixin.py:190} INFO - [2026-06-29T22:20:27.063+0000] {dag.py:4180} INFO - Setting next_dagrun for dataset_alias_example_alias_consumer to None, run_after=None
[2026-06-29T22:20:27.071+0000] {logging_mixin.py:190} INFO - [2026-06-29T22:20:27.070+0000] {dag.py:4180} INFO - Setting next_dagrun for dataset_alias_example_alias_producer to None, run_after=None
[2026-06-29T22:20:27.076+0000] {logging_mixin.py:190} INFO - [2026-06-29T22:20:27.076+0000] {dag.py:4180} INFO - Setting next_dagrun for dataset_s3_bucket_consumer to None, run_after=None
[2026-06-29T22:20:27.083+0000] {logging_mixin.py:190} INFO - [2026-06-29T22:20:27.083+0000] {dag.py:4180} INFO - Setting next_dagrun for dataset_s3_bucket_producer to None, run_after=None
[2026-06-29T22:20:27.122+0000] {processor.py:208} INFO - Processing /home/airflow/.local/lib/python3.12/site-packages/airflow/example_dags/example_dataset_alias.py took 0.756 seconds
[2026-06-29T22:20:57.432+0000] {processor.py:186} INFO - Started process (PID=1649) to work on /home/airflow/.local/lib/python3.12/site-packages/airflow/example_dags/example_dataset_alias.py
[2026-06-29T22:20:57.437+0000] {processor.py:914} INFO - Processing file /home/airflow/.local/lib/python3.12/site-packages/airflow/example_dags/example_dataset_alias.py for tasks to queue
[2026-06-29T22:20:57.445+0000] {logging_mixin.py:190} INFO - [2026-06-29T22:20:57.444+0000] {dagbag.py:588} INFO - Filling up the DagBag from /home/airflow/.local/lib/python3.12/site-packages/airflow/example_dags/example_dataset_alias.py
[2026-06-29T22:20:58.507+0000] {processor.py:925} INFO - DAG(s) 'dataset_alias_example_alias_producer', 'dataset_s3_bucket_producer', 'dataset_s3_bucket_consumer', 'dataset_alias_example_alias_consumer' retrieved from /home/airflow/.local/lib/python3.12/site-packages/airflow/example_dags/example_dataset_alias.py
[2026-06-29T22:20:58.548+0000] {logging_mixin.py:190} INFO - [2026-06-29T22:20:58.547+0000] {dag.py:3239} INFO - Sync 4 DAGs
[2026-06-29T22:20:58.585+0000] {logging_mixin.py:190} INFO - [2026-06-29T22:20:58.585+0000] {dag.py:4180} INFO - Setting next_dagrun for dataset_alias_example_alias_consumer to None, run_after=None
[2026-06-29T22:20:58.593+0000] {logging_mixin.py:190} INFO - [2026-06-29T22:20:58.593+0000] {dag.py:4180} INFO - Setting next_dagrun for dataset_alias_example_alias_producer to None, run_after=None
[2026-06-29T22:20:58.597+0000] {logging_mixin.py:190} INFO - [2026-06-29T22:20:58.597+0000] {dag.py:4180} INFO - Setting next_dagrun for dataset_s3_bucket_consumer to None, run_after=None
[2026-06-29T22:20:58.601+0000] {logging_mixin.py:190} INFO - [2026-06-29T22:20:58.601+0000] {dag.py:4180} INFO - Setting next_dagrun for dataset_s3_bucket_producer to None, run_after=None
[2026-06-29T22:20:58.663+0000] {processor.py:208} INFO - Processing /home/airflow/.local/lib/python3.12/site-packages/airflow/example_dags/example_dataset_alias.py took 1.244 seconds
[2026-06-29T22:21:28.875+0000] {processor.py:186} INFO - Started process (PID=1713) to work on /home/airflow/.local/lib/python3.12/site-packages/airflow/example_dags/example_dataset_alias.py
[2026-06-29T22:21:28.878+0000] {processor.py:914} INFO - Processing file /home/airflow/.local/lib/python3.12/site-packages/airflow/example_dags/example_dataset_alias.py for tasks to queue
[2026-06-29T22:21:28.884+0000] {logging_mixin.py:190} INFO - [2026-06-29T22:21:28.883+0000] {dagbag.py:588} INFO - Filling up the DagBag from /home/airflow/.local/lib/python3.12/site-packages/airflow/example_dags/example_dataset_alias.py
[2026-06-29T22:21:29.877+0000] {processor.py:925} INFO - DAG(s) 'dataset_s3_bucket_producer', 'dataset_alias_example_alias_consumer', 'dataset_s3_bucket_consumer', 'dataset_alias_example_alias_producer' retrieved from /home/airflow/.local/lib/python3.12/site-packages/airflow/example_dags/example_dataset_alias.py
[2026-06-29T22:21:29.919+0000] {logging_mixin.py:190} INFO - [2026-06-29T22:21:29.918+0000] {dag.py:3239} INFO - Sync 4 DAGs
[2026-06-29T22:21:29.952+0000] {logging_mixin.py:190} INFO - [2026-06-29T22:21:29.952+0000] {dag.py:4180} INFO - Setting next_dagrun for dataset_alias_example_alias_consumer to None, run_after=None
[2026-06-29T22:21:29.959+0000] {logging_mixin.py:190} INFO - [2026-06-29T22:21:29.958+0000] {dag.py:4180} INFO - Setting next_dagrun for dataset_alias_example_alias_producer to None, run_after=None
[2026-06-29T22:21:29.964+0000] {logging_mixin.py:190} INFO - [2026-06-29T22:21:29.963+0000] {dag.py:4180} INFO - Setting next_dagrun for dataset_s3_bucket_consumer to None, run_after=None
[2026-06-29T22:21:29.967+0000] {logging_mixin.py:190} INFO - [2026-06-29T22:21:29.967+0000] {dag.py:4180} INFO - Setting next_dagrun for dataset_s3_bucket_producer to None, run_after=None
[2026-06-29T22:21:30.005+0000] {processor.py:208} INFO - Processing /home/airflow/.local/lib/python3.12/site-packages/airflow/example_dags/example_dataset_alias.py took 1.142 seconds
[2026-06-29T22:22:00.397+0000] {processor.py:186} INFO - Started process (PID=1777) to work on /home/airflow/.local/lib/python3.12/site-packages/airflow/example_dags/example_dataset_alias.py
[2026-06-29T22:22:00.398+0000] {processor.py:914} INFO - Processing file /home/airflow/.local/lib/python3.12/site-packages/airflow/example_dags/example_dataset_alias.py for tasks to queue
[2026-06-29T22:22:00.402+0000] {logging_mixin.py:190} INFO - [2026-06-29T22:22:00.401+0000] {dagbag.py:588} INFO - Filling up the DagBag from /home/airflow/.local/lib/python3.12/site-packages/airflow/example_dags/example_dataset_alias.py
[2026-06-29T22:22:01.050+0000] {processor.py:925} INFO - DAG(s) 'dataset_alias_example_alias_consumer', 'dataset_s3_bucket_producer', 'dataset_s3_bucket_consumer', 'dataset_alias_example_alias_producer' retrieved from /home/airflow/.local/lib/python3.12/site-packages/airflow/example_dags/example_dataset_alias.py
[2026-06-29T22:22:01.072+0000] {logging_mixin.py:190} INFO - [2026-06-29T22:22:01.071+0000] {dag.py:3239} INFO - Sync 4 DAGs
[2026-06-29T22:22:01.092+0000] {logging_mixin.py:190} INFO - [2026-06-29T22:22:01.092+0000] {dag.py:4180} INFO - Setting next_dagrun for dataset_alias_example_alias_consumer to None, run_after=None
[2026-06-29T22:22:01.096+0000] {logging_mixin.py:190} INFO - [2026-06-29T22:22:01.096+0000] {dag.py:4180} INFO - Setting next_dagrun for dataset_alias_example_alias_producer to None, run_after=None
[2026-06-29T22:22:01.098+0000] {logging_mixin.py:190} INFO - [2026-06-29T22:22:01.098+0000] {dag.py:4180} INFO - Setting next_dagrun for dataset_s3_bucket_consumer to None, run_after=None
[2026-06-29T22:22:01.100+0000] {logging_mixin.py:190} INFO - [2026-06-29T22:22:01.099+0000] {dag.py:4180} INFO - Setting next_dagrun for dataset_s3_bucket_producer to None, run_after=None
[2026-06-29T22:22:01.126+0000] {processor.py:208} INFO - Processing /home/airflow/.local/lib/python3.12/site-packages/airflow/example_dags/example_dataset_alias.py took 0.739 seconds
[2026-06-29T22:22:31.308+0000] {processor.py:186} INFO - Started process (PID=1841) to work on /home/airflow/.local/lib/python3.12/site-packages/airflow/example_dags/example_dataset_alias.py
[2026-06-29T22:22:31.310+0000] {processor.py:914} INFO - Processing file /home/airflow/.local/lib/python3.12/site-packages/airflow/example_dags/example_dataset_alias.py for tasks to queue
[2026-06-29T22:22:31.315+0000] {logging_mixin.py:190} INFO - [2026-06-29T22:22:31.314+0000] {dagbag.py:588} INFO - Filling up the DagBag from /home/airflow/.local/lib/python3.12/site-packages/airflow/example_dags/example_dataset_alias.py
[2026-06-29T22:22:31.926+0000] {processor.py:925} INFO - DAG(s) 'dataset_s3_bucket_producer', 'dataset_alias_example_alias_producer', 'dataset_alias_example_alias_consumer', 'dataset_s3_bucket_consumer' retrieved from /home/airflow/.local/lib/python3.12/site-packages/airflow/example_dags/example_dataset_alias.py
[2026-06-29T22:22:31.948+0000] {logging_mixin.py:190} INFO - [2026-06-29T22:22:31.948+0000] {dag.py:3239} INFO - Sync 4 DAGs
[2026-06-29T22:22:31.971+0000] {logging_mixin.py:190} INFO - [2026-06-29T22:22:31.971+0000] {dag.py:4180} INFO - Setting next_dagrun for dataset_alias_example_alias_consumer to None, run_after=None
[2026-06-29T22:22:31.975+0000] {logging_mixin.py:190} INFO - [2026-06-29T22:22:31.974+0000] {dag.py:4180} INFO - Setting next_dagrun for dataset_alias_example_alias_producer to None, run_after=None
[2026-06-29T22:22:31.977+0000] {logging_mixin.py:190} INFO - [2026-06-29T22:22:31.977+0000] {dag.py:4180} INFO - Setting next_dagrun for dataset_s3_bucket_consumer to None, run_after=None
[2026-06-29T22:22:31.980+0000] {logging_mixin.py:190} INFO - [2026-06-29T22:22:31.979+0000] {dag.py:4180} INFO - Setting next_dagrun for dataset_s3_bucket_producer to None, run_after=None
[2026-06-29T22:22:32.010+0000] {processor.py:208} INFO - Processing /home/airflow/.local/lib/python3.12/site-packages/airflow/example_dags/example_dataset_alias.py took 0.715 seconds
[2026-06-29T22:23:02.096+0000] {processor.py:186} INFO - Started process (PID=1906) to work on /home/airflow/.local/lib/python3.12/site-packages/airflow/example_dags/example_dataset_alias.py
[2026-06-29T22:23:02.098+0000] {processor.py:914} INFO - Processing file /home/airflow/.local/lib/python3.12/site-packages/airflow/example_dags/example_dataset_alias.py for tasks to queue
[2026-06-29T22:23:02.105+0000] {logging_mixin.py:190} INFO - [2026-06-29T22:23:02.104+0000] {dagbag.py:588} INFO - Filling up the DagBag from /home/airflow/.local/lib/python3.12/site-packages/airflow/example_dags/example_dataset_alias.py
[2026-06-29T22:23:02.959+0000] {processor.py:925} INFO - DAG(s) 'dataset_s3_bucket_consumer', 'dataset_s3_bucket_producer', 'dataset_alias_example_alias_producer', 'dataset_alias_example_alias_consumer' retrieved from /home/airflow/.local/lib/python3.12/site-packages/airflow/example_dags/example_dataset_alias.py
[2026-06-29T22:23:02.991+0000] {logging_mixin.py:190} INFO - [2026-06-29T22:23:02.991+0000] {dag.py:3239} INFO - Sync 4 DAGs
[2026-06-29T22:23:03.020+0000] {logging_mixin.py:190} INFO - [2026-06-29T22:23:03.020+0000] {dag.py:4180} INFO - Setting next_dagrun for dataset_alias_example_alias_consumer to None, run_after=None
[2026-06-29T22:23:03.024+0000] {logging_mixin.py:190} INFO - [2026-06-29T22:23:03.023+0000] {dag.py:4180} INFO - Setting next_dagrun for dataset_alias_example_alias_producer to None, run_after=None
[2026-06-29T22:23:03.026+0000] {logging_mixin.py:190} INFO - [2026-06-29T22:23:03.026+0000] {dag.py:4180} INFO - Setting next_dagrun for dataset_s3_bucket_consumer to None, run_after=None
[2026-06-29T22:23:03.029+0000] {logging_mixin.py:190} INFO - [2026-06-29T22:23:03.029+0000] {dag.py:4180} INFO - Setting next_dagrun for dataset_s3_bucket_producer to None, run_after=None
[2026-06-29T22:23:03.060+0000] {processor.py:208} INFO - Processing /home/airflow/.local/lib/python3.12/site-packages/airflow/example_dags/example_dataset_alias.py took 0.974 seconds
[2026-06-29T22:23:33.344+0000] {processor.py:186} INFO - Started process (PID=1969) to work on /home/airflow/.local/lib/python3.12/site-packages/airflow/example_dags/example_dataset_alias.py
[2026-06-29T22:23:33.345+0000] {processor.py:914} INFO - Processing file /home/airflow/.local/lib/python3.12/site-packages/airflow/example_dags/example_dataset_alias.py for tasks to queue
[2026-06-29T22:23:33.349+0000] {logging_mixin.py:190} INFO - [2026-06-29T22:23:33.349+0000] {dagbag.py:588} INFO - Filling up the DagBag from /home/airflow/.local/lib/python3.12/site-packages/airflow/example_dags/example_dataset_alias.py
[2026-06-29T22:23:34.237+0000] {processor.py:925} INFO - DAG(s) 'dataset_s3_bucket_consumer', 'dataset_alias_example_alias_producer', 'dataset_s3_bucket_producer', 'dataset_alias_example_alias_consumer' retrieved from /home/airflow/.local/lib/python3.12/site-packages/airflow/example_dags/example_dataset_alias.py
[2026-06-29T22:23:34.283+0000] {logging_mixin.py:190} INFO - [2026-06-29T22:23:34.282+0000] {dag.py:3239} INFO - Sync 4 DAGs
[2026-06-29T22:23:34.324+0000] {logging_mixin.py:190} INFO - [2026-06-29T22:23:34.324+0000] {dag.py:4180} INFO - Setting next_dagrun for dataset_alias_example_alias_consumer to None, run_after=None
[2026-06-29T22:23:34.331+0000] {logging_mixin.py:190} INFO - [2026-06-29T22:23:34.331+0000] {dag.py:4180} INFO - Setting next_dagrun for dataset_alias_example_alias_producer to None, run_after=None
[2026-06-29T22:23:34.336+0000] {logging_mixin.py:190} INFO - [2026-06-29T22:23:34.335+0000] {dag.py:4180} INFO - Setting next_dagrun for dataset_s3_bucket_consumer to None, run_after=None
[2026-06-29T22:23:34.339+0000] {logging_mixin.py:190} INFO - [2026-06-29T22:23:34.339+0000] {dag.py:4180} INFO - Setting next_dagrun for dataset_s3_bucket_producer to None, run_after=None
[2026-06-29T22:23:34.376+0000] {processor.py:208} INFO - Processing /home/airflow/.local/lib/python3.12/site-packages/airflow/example_dags/example_dataset_alias.py took 1.042 seconds
[2026-06-29T22:24:05.120+0000] {processor.py:186} INFO - Started process (PID=2033) to work on /home/airflow/.local/lib/python3.12/site-packages/airflow/example_dags/example_dataset_alias.py
[2026-06-29T22:24:05.122+0000] {processor.py:914} INFO - Processing file /home/airflow/.local/lib/python3.12/site-packages/airflow/example_dags/example_dataset_alias.py for tasks to queue
[2026-06-29T22:24:05.126+0000] {logging_mixin.py:190} INFO - [2026-06-29T22:24:05.125+0000] {dagbag.py:588} INFO - Filling up the DagBag from /home/airflow/.local/lib/python3.12/site-packages/airflow/example_dags/example_dataset_alias.py
[2026-06-29T22:24:05.808+0000] {processor.py:925} INFO - DAG(s) 'dataset_alias_example_alias_producer', 'dataset_alias_example_alias_consumer', 'dataset_s3_bucket_producer', 'dataset_s3_bucket_consumer' retrieved from /home/airflow/.local/lib/python3.12/site-packages/airflow/example_dags/example_dataset_alias.py
[2026-06-29T22:24:05.849+0000] {logging_mixin.py:190} INFO - [2026-06-29T22:24:05.848+0000] {dag.py:3239} INFO - Sync 4 DAGs
[2026-06-29T22:24:05.884+0000] {logging_mixin.py:190} INFO - [2026-06-29T22:24:05.884+0000] {dag.py:4180} INFO - Setting next_dagrun for dataset_alias_example_alias_consumer to None, run_after=None
[2026-06-29T22:24:05.889+0000] {logging_mixin.py:190} INFO - [2026-06-29T22:24:05.888+0000] {dag.py:4180} INFO - Setting next_dagrun for dataset_alias_example_alias_producer to None, run_after=None
[2026-06-29T22:24:05.892+0000] {logging_mixin.py:190} INFO - [2026-06-29T22:24:05.892+0000] {dag.py:4180} INFO - Setting next_dagrun for dataset_s3_bucket_consumer to None, run_after=None
[2026-06-29T22:24:05.895+0000] {logging_mixin.py:190} INFO - [2026-06-29T22:24:05.895+0000] {dag.py:4180} INFO - Setting next_dagrun for dataset_s3_bucket_producer to None, run_after=None
[2026-06-29T22:24:05.933+0000] {processor.py:208} INFO - Processing /home/airflow/.local/lib/python3.12/site-packages/airflow/example_dags/example_dataset_alias.py took 0.822 seconds
[2026-06-29T22:24:36.455+0000] {processor.py:186} INFO - Started process (PID=2097) to work on /home/airflow/.local/lib/python3.12/site-packages/airflow/example_dags/example_dataset_alias.py
[2026-06-29T22:24:36.457+0000] {processor.py:914} INFO - Processing file /home/airflow/.local/lib/python3.12/site-packages/airflow/example_dags/example_dataset_alias.py for tasks to queue
[2026-06-29T22:24:36.461+0000] {logging_mixin.py:190} INFO - [2026-06-29T22:24:36.460+0000] {dagbag.py:588} INFO - Filling up the DagBag from /home/airflow/.local/lib/python3.12/site-packages/airflow/example_dags/example_dataset_alias.py
[2026-06-29T22:24:37.127+0000] {processor.py:925} INFO - DAG(s) 'dataset_s3_bucket_producer', 'dataset_alias_example_alias_producer', 'dataset_s3_bucket_consumer', 'dataset_alias_example_alias_consumer' retrieved from /home/airflow/.local/lib/python3.12/site-packages/airflow/example_dags/example_dataset_alias.py
[2026-06-29T22:24:37.152+0000] {logging_mixin.py:190} INFO - [2026-06-29T22:24:37.152+0000] {dag.py:3239} INFO - Sync 4 DAGs
[2026-06-29T22:24:37.175+0000] {logging_mixin.py:190} INFO - [2026-06-29T22:24:37.175+0000] {dag.py:4180} INFO - Setting next_dagrun for dataset_alias_example_alias_consumer to None, run_after=None
[2026-06-29T22:24:37.178+0000] {logging_mixin.py:190} INFO - [2026-06-29T22:24:37.178+0000] {dag.py:4180} INFO - Setting next_dagrun for dataset_alias_example_alias_producer to None, run_after=None
[2026-06-29T22:24:37.181+0000] {logging_mixin.py:190} INFO - [2026-06-29T22:24:37.180+0000] {dag.py:4180} INFO - Setting next_dagrun for dataset_s3_bucket_consumer to None, run_after=None
[2026-06-29T22:24:37.184+0000] {logging_mixin.py:190} INFO - [2026-06-29T22:24:37.183+0000] {dag.py:4180} INFO - Setting next_dagrun for dataset_s3_bucket_producer to None, run_after=None
[2026-06-29T22:24:37.208+0000] {processor.py:208} INFO - Processing /home/airflow/.local/lib/python3.12/site-packages/airflow/example_dags/example_dataset_alias.py took 0.759 seconds
[2026-06-29T22:25:07.323+0000] {processor.py:186} INFO - Started process (PID=2161) to work on /home/airflow/.local/lib/python3.12/site-packages/airflow/example_dags/example_dataset_alias.py
[2026-06-29T22:25:07.324+0000] {processor.py:914} INFO - Processing file /home/airflow/.local/lib/python3.12/site-packages/airflow/example_dags/example_dataset_alias.py for tasks to queue
[2026-06-29T22:25:07.329+0000] {logging_mixin.py:190} INFO - [2026-06-29T22:25:07.328+0000] {dagbag.py:588} INFO - Filling up the DagBag from /home/airflow/.local/lib/python3.12/site-packages/airflow/example_dags/example_dataset_alias.py
[2026-06-29T22:25:07.942+0000] {processor.py:925} INFO - DAG(s) 'dataset_alias_example_alias_producer', 'dataset_s3_bucket_consumer', 'dataset_alias_example_alias_consumer', 'dataset_s3_bucket_producer' retrieved from /home/airflow/.local/lib/python3.12/site-packages/airflow/example_dags/example_dataset_alias.py
[2026-06-29T22:25:07.966+0000] {logging_mixin.py:190} INFO - [2026-06-29T22:25:07.966+0000] {dag.py:3239} INFO - Sync 4 DAGs
[2026-06-29T22:25:07.988+0000] {logging_mixin.py:190} INFO - [2026-06-29T22:25:07.988+0000] {dag.py:4180} INFO - Setting next_dagrun for dataset_alias_example_alias_consumer to None, run_after=None
[2026-06-29T22:25:07.991+0000] {logging_mixin.py:190} INFO - [2026-06-29T22:25:07.991+0000] {dag.py:4180} INFO - Setting next_dagrun for dataset_alias_example_alias_producer to None, run_after=None
[2026-06-29T22:25:07.993+0000] {logging_mixin.py:190} INFO - [2026-06-29T22:25:07.993+0000] {dag.py:4180} INFO - Setting next_dagrun for dataset_s3_bucket_consumer to None, run_after=None
[2026-06-29T22:25:07.995+0000] {logging_mixin.py:190} INFO - [2026-06-29T22:25:07.995+0000] {dag.py:4180} INFO - Setting next_dagrun for dataset_s3_bucket_producer to None, run_after=None
[2026-06-29T22:25:08.021+0000] {processor.py:208} INFO - Processing /home/airflow/.local/lib/python3.12/site-packages/airflow/example_dags/example_dataset_alias.py took 0.704 seconds
[2026-06-29T22:25:38.765+0000] {processor.py:186} INFO - Started process (PID=2225) to work on /home/airflow/.local/lib/python3.12/site-packages/airflow/example_dags/example_dataset_alias.py
[2026-06-29T22:25:38.767+0000] {processor.py:914} INFO - Processing file /home/airflow/.local/lib/python3.12/site-packages/airflow/example_dags/example_dataset_alias.py for tasks to queue
[2026-06-29T22:25:38.770+0000] {logging_mixin.py:190} INFO - [2026-06-29T22:25:38.770+0000] {dagbag.py:588} INFO - Filling up the DagBag from /home/airflow/.local/lib/python3.12/site-packages/airflow/example_dags/example_dataset_alias.py
[2026-06-29T22:25:39.366+0000] {processor.py:925} INFO - DAG(s) 'dataset_s3_bucket_consumer', 'dataset_s3_bucket_producer', 'dataset_alias_example_alias_producer', 'dataset_alias_example_alias_consumer' retrieved from /home/airflow/.local/lib/python3.12/site-packages/airflow/example_dags/example_dataset_alias.py
[2026-06-29T22:25:39.388+0000] {logging_mixin.py:190} INFO - [2026-06-29T22:25:39.388+0000] {dag.py:3239} INFO - Sync 4 DAGs
[2026-06-29T22:25:39.410+0000] {logging_mixin.py:190} INFO - [2026-06-29T22:25:39.410+0000] {dag.py:4180} INFO - Setting next_dagrun for dataset_alias_example_alias_consumer to None, run_after=None
[2026-06-29T22:25:39.414+0000] {logging_mixin.py:190} INFO - [2026-06-29T22:25:39.414+0000] {dag.py:4180} INFO - Setting next_dagrun for dataset_alias_example_alias_producer to None, run_after=None
[2026-06-29T22:25:39.416+0000] {logging_mixin.py:190} INFO - [2026-06-29T22:25:39.416+0000] {dag.py:4180} INFO - Setting next_dagrun for dataset_s3_bucket_consumer to None, run_after=None
[2026-06-29T22:25:39.418+0000] {logging_mixin.py:190} INFO - [2026-06-29T22:25:39.418+0000] {dag.py:4180} INFO - Setting next_dagrun for dataset_s3_bucket_producer to None, run_after=None
[2026-06-29T22:25:39.441+0000] {processor.py:208} INFO - Processing /home/airflow/.local/lib/python3.12/site-packages/airflow/example_dags/example_dataset_alias.py took 0.683 seconds
[2026-06-29T22:26:10.499+0000] {processor.py:186} INFO - Started process (PID=2289) to work on /home/airflow/.local/lib/python3.12/site-packages/airflow/example_dags/example_dataset_alias.py
[2026-06-29T22:26:10.501+0000] {processor.py:914} INFO - Processing file /home/airflow/.local/lib/python3.12/site-packages/airflow/example_dags/example_dataset_alias.py for tasks to queue
[2026-06-29T22:26:10.506+0000] {logging_mixin.py:190} INFO - [2026-06-29T22:26:10.505+0000] {dagbag.py:588} INFO - Filling up the DagBag from /home/airflow/.local/lib/python3.12/site-packages/airflow/example_dags/example_dataset_alias.py
[2026-06-29T22:26:11.448+0000] {processor.py:925} INFO - DAG(s) 'dataset_alias_example_alias_producer', 'dataset_s3_bucket_producer', 'dataset_alias_example_alias_consumer', 'dataset_s3_bucket_consumer' retrieved from /home/airflow/.local/lib/python3.12/site-packages/airflow/example_dags/example_dataset_alias.py
[2026-06-29T22:26:11.475+0000] {logging_mixin.py:190} INFO - [2026-06-29T22:26:11.474+0000] {dag.py:3239} INFO - Sync 4 DAGs
[2026-06-29T22:26:11.503+0000] {logging_mixin.py:190} INFO - [2026-06-29T22:26:11.502+0000] {dag.py:4180} INFO - Setting next_dagrun for dataset_alias_example_alias_consumer to None, run_after=None
[2026-06-29T22:26:11.506+0000] {logging_mixin.py:190} INFO - [2026-06-29T22:26:11.506+0000] {dag.py:4180} INFO - Setting next_dagrun for dataset_alias_example_alias_producer to None, run_after=None
[2026-06-29T22:26:11.508+0000] {logging_mixin.py:190} INFO - [2026-06-29T22:26:11.508+0000] {dag.py:4180} INFO - Setting next_dagrun for dataset_s3_bucket_consumer to None, run_after=None
[2026-06-29T22:26:11.510+0000] {logging_mixin.py:190} INFO - [2026-06-29T22:26:11.510+0000] {dag.py:4180} INFO - Setting next_dagrun for dataset_s3_bucket_producer to None, run_after=None
[2026-06-29T22:26:11.537+0000] {processor.py:208} INFO - Processing /home/airflow/.local/lib/python3.12/site-packages/airflow/example_dags/example_dataset_alias.py took 1.048 seconds
[2026-06-29T22:26:41.933+0000] {processor.py:186} INFO - Started process (PID=2359) to work on /home/airflow/.local/lib/python3.12/site-packages/airflow/example_dags/example_dataset_alias.py
[2026-06-29T22:26:41.937+0000] {processor.py:914} INFO - Processing file /home/airflow/.local/lib/python3.12/site-packages/airflow/example_dags/example_dataset_alias.py for tasks to queue
[2026-06-29T22:26:41.946+0000] {logging_mixin.py:190} INFO - [2026-06-29T22:26:41.945+0000] {dagbag.py:588} INFO - Filling up the DagBag from /home/airflow/.local/lib/python3.12/site-packages/airflow/example_dags/example_dataset_alias.py
[2026-06-29T22:26:42.594+0000] {processor.py:925} INFO - DAG(s) 'dataset_s3_bucket_producer', 'dataset_alias_example_alias_consumer', 'dataset_s3_bucket_consumer', 'dataset_alias_example_alias_producer' retrieved from /home/airflow/.local/lib/python3.12/site-packages/airflow/example_dags/example_dataset_alias.py
[2026-06-29T22:26:42.625+0000] {logging_mixin.py:190} INFO - [2026-06-29T22:26:42.624+0000] {dag.py:3239} INFO - Sync 4 DAGs
[2026-06-29T22:26:42.656+0000] {logging_mixin.py:190} INFO - [2026-06-29T22:26:42.655+0000] {dag.py:4180} INFO - Setting next_dagrun for dataset_alias_example_alias_consumer to None, run_after=None
[2026-06-29T22:26:42.661+0000] {logging_mixin.py:190} INFO - [2026-06-29T22:26:42.660+0000] {dag.py:4180} INFO - Setting next_dagrun for dataset_alias_example_alias_producer to None, run_after=None
[2026-06-29T22:26:42.663+0000] {logging_mixin.py:190} INFO - [2026-06-29T22:26:42.663+0000] {dag.py:4180} INFO - Setting next_dagrun for dataset_s3_bucket_consumer to None, run_after=None
[2026-06-29T22:26:42.665+0000] {logging_mixin.py:190} INFO - [2026-06-29T22:26:42.665+0000] {dag.py:4180} INFO - Setting next_dagrun for dataset_s3_bucket_producer to None, run_after=None
[2026-06-29T22:26:42.708+0000] {processor.py:208} INFO - Processing /home/airflow/.local/lib/python3.12/site-packages/airflow/example_dags/example_dataset_alias.py took 0.787 seconds
[2026-06-29T22:27:13.436+0000] {processor.py:186} INFO - Started process (PID=2423) to work on /home/airflow/.local/lib/python3.12/site-packages/airflow/example_dags/example_dataset_alias.py
[2026-06-29T22:27:13.437+0000] {processor.py:914} INFO - Processing file /home/airflow/.local/lib/python3.12/site-packages/airflow/example_dags/example_dataset_alias.py for tasks to queue
[2026-06-29T22:27:13.440+0000] {logging_mixin.py:190} INFO - [2026-06-29T22:27:13.440+0000] {dagbag.py:588} INFO - Filling up the DagBag from /home/airflow/.local/lib/python3.12/site-packages/airflow/example_dags/example_dataset_alias.py
[2026-06-29T22:27:14.046+0000] {processor.py:925} INFO - DAG(s) 'dataset_s3_bucket_consumer', 'dataset_alias_example_alias_producer', 'dataset_alias_example_alias_consumer', 'dataset_s3_bucket_producer' retrieved from /home/airflow/.local/lib/python3.12/site-packages/airflow/example_dags/example_dataset_alias.py
[2026-06-29T22:27:14.072+0000] {logging_mixin.py:190} INFO - [2026-06-29T22:27:14.071+0000] {dag.py:3239} INFO - Sync 4 DAGs
[2026-06-29T22:27:14.097+0000] {logging_mixin.py:190} INFO - [2026-06-29T22:27:14.097+0000] {dag.py:4180} INFO - Setting next_dagrun for dataset_alias_example_alias_consumer to None, run_after=None
[2026-06-29T22:27:14.101+0000] {logging_mixin.py:190} INFO - [2026-06-29T22:27:14.101+0000] {dag.py:4180} INFO - Setting next_dagrun for dataset_alias_example_alias_producer to None, run_after=None
[2026-06-29T22:27:14.103+0000] {logging_mixin.py:190} INFO - [2026-06-29T22:27:14.103+0000] {dag.py:4180} INFO - Setting next_dagrun for dataset_s3_bucket_consumer to None, run_after=None
[2026-06-29T22:27:14.105+0000] {logging_mixin.py:190} INFO - [2026-06-29T22:27:14.105+0000] {dag.py:4180} INFO - Setting next_dagrun for dataset_s3_bucket_producer to None, run_after=None
[2026-06-29T22:27:14.133+0000] {processor.py:208} INFO - Processing /home/airflow/.local/lib/python3.12/site-packages/airflow/example_dags/example_dataset_alias.py took 0.703 seconds
[2026-06-29T22:27:44.938+0000] {processor.py:186} INFO - Started process (PID=2486) to work on /home/airflow/.local/lib/python3.12/site-packages/airflow/example_dags/example_dataset_alias.py
[2026-06-29T22:27:44.940+0000] {processor.py:914} INFO - Processing file /home/airflow/.local/lib/python3.12/site-packages/airflow/example_dags/example_dataset_alias.py for tasks to queue
[2026-06-29T22:27:44.944+0000] {logging_mixin.py:190} INFO - [2026-06-29T22:27:44.944+0000] {dagbag.py:588} INFO - Filling up the DagBag from /home/airflow/.local/lib/python3.12/site-packages/airflow/example_dags/example_dataset_alias.py
[2026-06-29T22:27:45.691+0000] {processor.py:925} INFO - DAG(s) 'dataset_s3_bucket_consumer', 'dataset_alias_example_alias_producer', 'dataset_s3_bucket_producer', 'dataset_alias_example_alias_consumer' retrieved from /home/airflow/.local/lib/python3.12/site-packages/airflow/example_dags/example_dataset_alias.py
[2026-06-29T22:27:45.723+0000] {logging_mixin.py:190} INFO - [2026-06-29T22:27:45.722+0000] {dag.py:3239} INFO - Sync 4 DAGs
[2026-06-29T22:27:45.755+0000] {logging_mixin.py:190} INFO - [2026-06-29T22:27:45.754+0000] {dag.py:4180} INFO - Setting next_dagrun for dataset_alias_example_alias_consumer to None, run_after=None
[2026-06-29T22:27:45.759+0000] {logging_mixin.py:190} INFO - [2026-06-29T22:27:45.759+0000] {dag.py:4180} INFO - Setting next_dagrun for dataset_alias_example_alias_producer to None, run_after=None
[2026-06-29T22:27:45.762+0000] {logging_mixin.py:190} INFO - [2026-06-29T22:27:45.762+0000] {dag.py:4180} INFO - Setting next_dagrun for dataset_s3_bucket_consumer to None, run_after=None
[2026-06-29T22:27:45.764+0000] {logging_mixin.py:190} INFO - [2026-06-29T22:27:45.764+0000] {dag.py:4180} INFO - Setting next_dagrun for dataset_s3_bucket_producer to None, run_after=None
[2026-06-29T22:27:45.796+0000] {processor.py:208} INFO - Processing /home/airflow/.local/lib/python3.12/site-packages/airflow/example_dags/example_dataset_alias.py took 0.865 seconds
[2026-06-29T22:28:16.000+0000] {processor.py:186} INFO - Started process (PID=2550) to work on /home/airflow/.local/lib/python3.12/site-packages/airflow/example_dags/example_dataset_alias.py
[2026-06-29T22:28:16.002+0000] {processor.py:914} INFO - Processing file /home/airflow/.local/lib/python3.12/site-packages/airflow/example_dags/example_dataset_alias.py for tasks to queue
[2026-06-29T22:28:16.009+0000] {logging_mixin.py:190} INFO - [2026-06-29T22:28:16.008+0000] {dagbag.py:588} INFO - Filling up the DagBag from /home/airflow/.local/lib/python3.12/site-packages/airflow/example_dags/example_dataset_alias.py
[2026-06-29T22:28:16.635+0000] {processor.py:925} INFO - DAG(s) 'dataset_alias_example_alias_consumer', 'dataset_s3_bucket_producer', 'dataset_alias_example_alias_producer', 'dataset_s3_bucket_consumer' retrieved from /home/airflow/.local/lib/python3.12/site-packages/airflow/example_dags/example_dataset_alias.py
[2026-06-29T22:28:16.662+0000] {logging_mixin.py:190} INFO - [2026-06-29T22:28:16.662+0000] {dag.py:3239} INFO - Sync 4 DAGs
[2026-06-29T22:28:16.687+0000] {logging_mixin.py:190} INFO - [2026-06-29T22:28:16.687+0000] {dag.py:4180} INFO - Setting next_dagrun for dataset_alias_example_alias_consumer to None, run_after=None
[2026-06-29T22:28:16.691+0000] {logging_mixin.py:190} INFO - [2026-06-29T22:28:16.691+0000] {dag.py:4180} INFO - Setting next_dagrun for dataset_alias_example_alias_producer to None, run_after=None
[2026-06-29T22:28:16.694+0000] {logging_mixin.py:190} INFO - [2026-06-29T22:28:16.693+0000] {dag.py:4180} INFO - Setting next_dagrun for dataset_s3_bucket_consumer to None, run_after=None
[2026-06-29T22:28:16.696+0000] {logging_mixin.py:190} INFO - [2026-06-29T22:28:16.695+0000] {dag.py:4180} INFO - Setting next_dagrun for dataset_s3_bucket_producer to None, run_after=None
[2026-06-29T22:28:16.724+0000] {processor.py:208} INFO - Processing /home/airflow/.local/lib/python3.12/site-packages/airflow/example_dags/example_dataset_alias.py took 0.732 seconds
[2026-06-29T22:28:47.013+0000] {processor.py:186} INFO - Started process (PID=2614) to work on /home/airflow/.local/lib/python3.12/site-packages/airflow/example_dags/example_dataset_alias.py
[2026-06-29T22:28:47.015+0000] {processor.py:914} INFO - Processing file /home/airflow/.local/lib/python3.12/site-packages/airflow/example_dags/example_dataset_alias.py for tasks to queue
[2026-06-29T22:28:47.020+0000] {logging_mixin.py:190} INFO - [2026-06-29T22:28:47.019+0000] {dagbag.py:588} INFO - Filling up the DagBag from /home/airflow/.local/lib/python3.12/site-packages/airflow/example_dags/example_dataset_alias.py
[2026-06-29T22:28:48.147+0000] {processor.py:925} INFO - DAG(s) 'dataset_s3_bucket_consumer', 'dataset_alias_example_alias_consumer', 'dataset_alias_example_alias_producer', 'dataset_s3_bucket_producer' retrieved from /home/airflow/.local/lib/python3.12/site-packages/airflow/example_dags/example_dataset_alias.py
[2026-06-29T22:28:48.234+0000] {logging_mixin.py:190} INFO - [2026-06-29T22:28:48.234+0000] {dag.py:3239} INFO - Sync 4 DAGs
[2026-06-29T22:28:48.350+0000] {logging_mixin.py:190} INFO - [2026-06-29T22:28:48.347+0000] {dag.py:4180} INFO - Setting next_dagrun for dataset_alias_example_alias_consumer to None, run_after=None
[2026-06-29T22:28:48.362+0000] {logging_mixin.py:190} INFO - [2026-06-29T22:28:48.362+0000] {dag.py:4180} INFO - Setting next_dagrun for dataset_alias_example_alias_producer to None, run_after=None
[2026-06-29T22:28:48.374+0000] {logging_mixin.py:190} INFO - [2026-06-29T22:28:48.373+0000] {dag.py:4180} INFO - Setting next_dagrun for dataset_s3_bucket_consumer to None, run_after=None
[2026-06-29T22:28:48.382+0000] {logging_mixin.py:190} INFO - [2026-06-29T22:28:48.382+0000] {dag.py:4180} INFO - Setting next_dagrun for dataset_s3_bucket_producer to None, run_after=None
[2026-06-29T22:28:48.492+0000] {processor.py:208} INFO - Processing /home/airflow/.local/lib/python3.12/site-packages/airflow/example_dags/example_dataset_alias.py took 1.493 seconds
[2026-06-29T22:29:18.955+0000] {processor.py:186} INFO - Started process (PID=2678) to work on /home/airflow/.local/lib/python3.12/site-packages/airflow/example_dags/example_dataset_alias.py
[2026-06-29T22:29:18.957+0000] {processor.py:914} INFO - Processing file /home/airflow/.local/lib/python3.12/site-packages/airflow/example_dags/example_dataset_alias.py for tasks to queue
[2026-06-29T22:29:18.961+0000] {logging_mixin.py:190} INFO - [2026-06-29T22:29:18.960+0000] {dagbag.py:588} INFO - Filling up the DagBag from /home/airflow/.local/lib/python3.12/site-packages/airflow/example_dags/example_dataset_alias.py
[2026-06-29T22:29:19.701+0000] {processor.py:925} INFO - DAG(s) 'dataset_s3_bucket_producer', 'dataset_alias_example_alias_producer', 'dataset_s3_bucket_consumer', 'dataset_alias_example_alias_consumer' retrieved from /home/airflow/.local/lib/python3.12/site-packages/airflow/example_dags/example_dataset_alias.py
[2026-06-29T22:29:19.745+0000] {logging_mixin.py:190} INFO - [2026-06-29T22:29:19.743+0000] {dag.py:3239} INFO - Sync 4 DAGs
[2026-06-29T22:29:19.790+0000] {logging_mixin.py:190} INFO - [2026-06-29T22:29:19.789+0000] {dag.py:4180} INFO - Setting next_dagrun for dataset_alias_example_alias_consumer to None, run_after=None
[2026-06-29T22:29:19.797+0000] {logging_mixin.py:190} INFO - [2026-06-29T22:29:19.797+0000] {dag.py:4180} INFO - Setting next_dagrun for dataset_alias_example_alias_producer to None, run_after=None
[2026-06-29T22:29:19.802+0000] {logging_mixin.py:190} INFO - [2026-06-29T22:29:19.801+0000] {dag.py:4180} INFO - Setting next_dagrun for dataset_s3_bucket_consumer to None, run_after=None
[2026-06-29T22:29:19.804+0000] {logging_mixin.py:190} INFO - [2026-06-29T22:29:19.804+0000] {dag.py:4180} INFO - Setting next_dagrun for dataset_s3_bucket_producer to None, run_after=None
[2026-06-29T22:29:19.855+0000] {processor.py:208} INFO - Processing /home/airflow/.local/lib/python3.12/site-packages/airflow/example_dags/example_dataset_alias.py took 0.907 seconds
[2026-06-29T22:29:50.048+0000] {processor.py:186} INFO - Started process (PID=2742) to work on /home/airflow/.local/lib/python3.12/site-packages/airflow/example_dags/example_dataset_alias.py
[2026-06-29T22:29:50.050+0000] {processor.py:914} INFO - Processing file /home/airflow/.local/lib/python3.12/site-packages/airflow/example_dags/example_dataset_alias.py for tasks to queue
[2026-06-29T22:29:50.054+0000] {logging_mixin.py:190} INFO - [2026-06-29T22:29:50.054+0000] {dagbag.py:588} INFO - Filling up the DagBag from /home/airflow/.local/lib/python3.12/site-packages/airflow/example_dags/example_dataset_alias.py
[2026-06-29T22:29:51.943+0000] {processor.py:925} INFO - DAG(s) 'dataset_alias_example_alias_consumer', 'dataset_s3_bucket_producer', 'dataset_alias_example_alias_producer', 'dataset_s3_bucket_consumer' retrieved from /home/airflow/.local/lib/python3.12/site-packages/airflow/example_dags/example_dataset_alias.py
[2026-06-29T22:29:52.023+0000] {logging_mixin.py:190} INFO - [2026-06-29T22:29:52.022+0000] {dag.py:3239} INFO - Sync 4 DAGs
[2026-06-29T22:29:52.120+0000] {logging_mixin.py:190} INFO - [2026-06-29T22:29:52.119+0000] {dag.py:4180} INFO - Setting next_dagrun for dataset_alias_example_alias_consumer to None, run_after=None
[2026-06-29T22:29:52.141+0000] {logging_mixin.py:190} INFO - [2026-06-29T22:29:52.138+0000] {dag.py:4180} INFO - Setting next_dagrun for dataset_alias_example_alias_producer to None, run_after=None
[2026-06-29T22:29:52.157+0000] {logging_mixin.py:190} INFO - [2026-06-29T22:29:52.156+0000] {dag.py:4180} INFO - Setting next_dagrun for dataset_s3_bucket_consumer to None, run_after=None
[2026-06-29T22:29:52.167+0000] {logging_mixin.py:190} INFO - [2026-06-29T22:29:52.167+0000] {dag.py:4180} INFO - Setting next_dagrun for dataset_s3_bucket_producer to None, run_after=None
[2026-06-29T22:29:52.271+0000] {processor.py:208} INFO - Processing /home/airflow/.local/lib/python3.12/site-packages/airflow/example_dags/example_dataset_alias.py took 2.230 seconds
[2026-06-29T22:30:22.735+0000] {processor.py:186} INFO - Started process (PID=2806) to work on /home/airflow/.local/lib/python3.12/site-packages/airflow/example_dags/example_dataset_alias.py
[2026-06-29T22:30:22.737+0000] {processor.py:914} INFO - Processing file /home/airflow/.local/lib/python3.12/site-packages/airflow/example_dags/example_dataset_alias.py for tasks to queue
[2026-06-29T22:30:22.741+0000] {logging_mixin.py:190} INFO - [2026-06-29T22:30:22.741+0000] {dagbag.py:588} INFO - Filling up the DagBag from /home/airflow/.local/lib/python3.12/site-packages/airflow/example_dags/example_dataset_alias.py
[2026-06-29T22:30:23.970+0000] {processor.py:925} INFO - DAG(s) 'dataset_s3_bucket_consumer', 'dataset_alias_example_alias_producer', 'dataset_alias_example_alias_consumer', 'dataset_s3_bucket_producer' retrieved from /home/airflow/.local/lib/python3.12/site-packages/airflow/example_dags/example_dataset_alias.py
[2026-06-29T22:30:24.016+0000] {logging_mixin.py:190} INFO - [2026-06-29T22:30:24.016+0000] {dag.py:3239} INFO - Sync 4 DAGs
[2026-06-29T22:30:24.065+0000] {logging_mixin.py:190} INFO - [2026-06-29T22:30:24.064+0000] {dag.py:4180} INFO - Setting next_dagrun for dataset_alias_example_alias_consumer to None, run_after=None
[2026-06-29T22:30:24.071+0000] {logging_mixin.py:190} INFO - [2026-06-29T22:30:24.070+0000] {dag.py:4180} INFO - Setting next_dagrun for dataset_alias_example_alias_producer to None, run_after=None
[2026-06-29T22:30:24.075+0000] {logging_mixin.py:190} INFO - [2026-06-29T22:30:24.074+0000] {dag.py:4180} INFO - Setting next_dagrun for dataset_s3_bucket_consumer to None, run_after=None
[2026-06-29T22:30:24.079+0000] {logging_mixin.py:190} INFO - [2026-06-29T22:30:24.078+0000] {dag.py:4180} INFO - Setting next_dagrun for dataset_s3_bucket_producer to None, run_after=None
[2026-06-29T22:30:24.123+0000] {processor.py:208} INFO - Processing /home/airflow/.local/lib/python3.12/site-packages/airflow/example_dags/example_dataset_alias.py took 1.396 seconds
[2026-06-29T22:30:54.347+0000] {processor.py:186} INFO - Started process (PID=2870) to work on /home/airflow/.local/lib/python3.12/site-packages/airflow/example_dags/example_dataset_alias.py
[2026-06-29T22:30:54.350+0000] {processor.py:914} INFO - Processing file /home/airflow/.local/lib/python3.12/site-packages/airflow/example_dags/example_dataset_alias.py for tasks to queue
[2026-06-29T22:30:54.359+0000] {logging_mixin.py:190} INFO - [2026-06-29T22:30:54.358+0000] {dagbag.py:588} INFO - Filling up the DagBag from /home/airflow/.local/lib/python3.12/site-packages/airflow/example_dags/example_dataset_alias.py
[2026-06-29T22:30:55.739+0000] {processor.py:925} INFO - DAG(s) 'dataset_s3_bucket_consumer', 'dataset_s3_bucket_producer', 'dataset_alias_example_alias_producer', 'dataset_alias_example_alias_consumer' retrieved from /home/airflow/.local/lib/python3.12/site-packages/airflow/example_dags/example_dataset_alias.py
[2026-06-29T22:30:55.800+0000] {logging_mixin.py:190} INFO - [2026-06-29T22:30:55.799+0000] {dag.py:3239} INFO - Sync 4 DAGs
[2026-06-29T22:30:55.852+0000] {logging_mixin.py:190} INFO - [2026-06-29T22:30:55.851+0000] {dag.py:4180} INFO - Setting next_dagrun for dataset_alias_example_alias_consumer to None, run_after=None
[2026-06-29T22:30:55.861+0000] {logging_mixin.py:190} INFO - [2026-06-29T22:30:55.860+0000] {dag.py:4180} INFO - Setting next_dagrun for dataset_alias_example_alias_producer to None, run_after=None
[2026-06-29T22:30:55.866+0000] {logging_mixin.py:190} INFO - [2026-06-29T22:30:55.865+0000] {dag.py:4180} INFO - Setting next_dagrun for dataset_s3_bucket_consumer to None, run_after=None
[2026-06-29T22:30:55.871+0000] {logging_mixin.py:190} INFO - [2026-06-29T22:30:55.870+0000] {dag.py:4180} INFO - Setting next_dagrun for dataset_s3_bucket_producer to None, run_after=None
[2026-06-29T22:30:55.950+0000] {processor.py:208} INFO - Processing /home/airflow/.local/lib/python3.12/site-packages/airflow/example_dags/example_dataset_alias.py took 1.625 seconds
[2026-06-29T22:31:26.776+0000] {processor.py:186} INFO - Started process (PID=2942) to work on /home/airflow/.local/lib/python3.12/site-packages/airflow/example_dags/example_dataset_alias.py
[2026-06-29T22:31:26.777+0000] {processor.py:914} INFO - Processing file /home/airflow/.local/lib/python3.12/site-packages/airflow/example_dags/example_dataset_alias.py for tasks to queue
[2026-06-29T22:31:26.780+0000] {logging_mixin.py:190} INFO - [2026-06-29T22:31:26.780+0000] {dagbag.py:588} INFO - Filling up the DagBag from /home/airflow/.local/lib/python3.12/site-packages/airflow/example_dags/example_dataset_alias.py
[2026-06-29T22:31:27.737+0000] {processor.py:925} INFO - DAG(s) 'dataset_alias_example_alias_consumer', 'dataset_s3_bucket_consumer', 'dataset_s3_bucket_producer', 'dataset_alias_example_alias_producer' retrieved from /home/airflow/.local/lib/python3.12/site-packages/airflow/example_dags/example_dataset_alias.py
[2026-06-29T22:31:27.776+0000] {logging_mixin.py:190} INFO - [2026-06-29T22:31:27.775+0000] {dag.py:3239} INFO - Sync 4 DAGs
[2026-06-29T22:31:27.813+0000] {logging_mixin.py:190} INFO - [2026-06-29T22:31:27.813+0000] {dag.py:4180} INFO - Setting next_dagrun for dataset_alias_example_alias_consumer to None, run_after=None
[2026-06-29T22:31:27.820+0000] {logging_mixin.py:190} INFO - [2026-06-29T22:31:27.819+0000] {dag.py:4180} INFO - Setting next_dagrun for dataset_alias_example_alias_producer to None, run_after=None
[2026-06-29T22:31:27.824+0000] {logging_mixin.py:190} INFO - [2026-06-29T22:31:27.823+0000] {dag.py:4180} INFO - Setting next_dagrun for dataset_s3_bucket_consumer to None, run_after=None
[2026-06-29T22:31:27.827+0000] {logging_mixin.py:190} INFO - [2026-06-29T22:31:27.827+0000] {dag.py:4180} INFO - Setting next_dagrun for dataset_s3_bucket_producer to None, run_after=None
[2026-06-29T22:31:27.865+0000] {processor.py:208} INFO - Processing /home/airflow/.local/lib/python3.12/site-packages/airflow/example_dags/example_dataset_alias.py took 1.097 seconds
[2026-06-29T22:31:59.406+0000] {processor.py:186} INFO - Started process (PID=3043) to work on /home/airflow/.local/lib/python3.12/site-packages/airflow/example_dags/example_dataset_alias.py
[2026-06-29T22:31:59.409+0000] {processor.py:914} INFO - Processing file /home/airflow/.local/lib/python3.12/site-packages/airflow/example_dags/example_dataset_alias.py for tasks to queue
[2026-06-29T22:31:59.418+0000] {logging_mixin.py:190} INFO - [2026-06-29T22:31:59.417+0000] {dagbag.py:588} INFO - Filling up the DagBag from /home/airflow/.local/lib/python3.12/site-packages/airflow/example_dags/example_dataset_alias.py
[2026-06-29T22:32:00.806+0000] {processor.py:925} INFO - DAG(s) 'dataset_s3_bucket_consumer', 'dataset_alias_example_alias_producer', 'dataset_s3_bucket_producer', 'dataset_alias_example_alias_consumer' retrieved from /home/airflow/.local/lib/python3.12/site-packages/airflow/example_dags/example_dataset_alias.py
[2026-06-29T22:32:00.908+0000] {logging_mixin.py:190} INFO - [2026-06-29T22:32:00.906+0000] {dag.py:3239} INFO - Sync 4 DAGs
[2026-06-29T22:32:01.011+0000] {logging_mixin.py:190} INFO - [2026-06-29T22:32:01.007+0000] {dag.py:4180} INFO - Setting next_dagrun for dataset_alias_example_alias_consumer to None, run_after=None
[2026-06-29T22:32:01.028+0000] {logging_mixin.py:190} INFO - [2026-06-29T22:32:01.024+0000] {dag.py:4180} INFO - Setting next_dagrun for dataset_alias_example_alias_producer to None, run_after=None
[2026-06-29T22:32:01.037+0000] {logging_mixin.py:190} INFO - [2026-06-29T22:32:01.036+0000] {dag.py:4180} INFO - Setting next_dagrun for dataset_s3_bucket_consumer to None, run_after=None
[2026-06-29T22:32:01.054+0000] {logging_mixin.py:190} INFO - [2026-06-29T22:32:01.050+0000] {dag.py:4180} INFO - Setting next_dagrun for dataset_s3_bucket_producer to None, run_after=None
[2026-06-29T22:32:01.224+0000] {processor.py:208} INFO - Processing /home/airflow/.local/lib/python3.12/site-packages/airflow/example_dags/example_dataset_alias.py took 1.829 seconds
[2026-06-29T22:32:32.373+0000] {processor.py:186} INFO - Started process (PID=3166) to work on /home/airflow/.local/lib/python3.12/site-packages/airflow/example_dags/example_dataset_alias.py
[2026-06-29T22:32:32.378+0000] {processor.py:914} INFO - Processing file /home/airflow/.local/lib/python3.12/site-packages/airflow/example_dags/example_dataset_alias.py for tasks to queue
[2026-06-29T22:32:32.385+0000] {logging_mixin.py:190} INFO - [2026-06-29T22:32:32.384+0000] {dagbag.py:588} INFO - Filling up the DagBag from /home/airflow/.local/lib/python3.12/site-packages/airflow/example_dags/example_dataset_alias.py
[2026-06-29T22:32:33.817+0000] {processor.py:925} INFO - DAG(s) 'dataset_s3_bucket_consumer', 'dataset_s3_bucket_producer', 'dataset_alias_example_alias_consumer', 'dataset_alias_example_alias_producer' retrieved from /home/airflow/.local/lib/python3.12/site-packages/airflow/example_dags/example_dataset_alias.py
[2026-06-29T22:32:33.871+0000] {logging_mixin.py:190} INFO - [2026-06-29T22:32:33.870+0000] {dag.py:3239} INFO - Sync 4 DAGs
[2026-06-29T22:32:33.931+0000] {logging_mixin.py:190} INFO - [2026-06-29T22:32:33.930+0000] {dag.py:4180} INFO - Setting next_dagrun for dataset_alias_example_alias_consumer to None, run_after=None
[2026-06-29T22:32:33.940+0000] {logging_mixin.py:190} INFO - [2026-06-29T22:32:33.940+0000] {dag.py:4180} INFO - Setting next_dagrun for dataset_alias_example_alias_producer to None, run_after=None
[2026-06-29T22:32:33.946+0000] {logging_mixin.py:190} INFO - [2026-06-29T22:32:33.946+0000] {dag.py:4180} INFO - Setting next_dagrun for dataset_s3_bucket_consumer to None, run_after=None
[2026-06-29T22:32:33.952+0000] {logging_mixin.py:190} INFO - [2026-06-29T22:32:33.951+0000] {dag.py:4180} INFO - Setting next_dagrun for dataset_s3_bucket_producer to None, run_after=None
[2026-06-29T22:32:34.021+0000] {processor.py:208} INFO - Processing /home/airflow/.local/lib/python3.12/site-packages/airflow/example_dags/example_dataset_alias.py took 1.682 seconds
[2026-06-29T22:33:04.734+0000] {processor.py:186} INFO - Started process (PID=3248) to work on /home/airflow/.local/lib/python3.12/site-packages/airflow/example_dags/example_dataset_alias.py
[2026-06-29T22:33:04.736+0000] {processor.py:914} INFO - Processing file /home/airflow/.local/lib/python3.12/site-packages/airflow/example_dags/example_dataset_alias.py for tasks to queue
[2026-06-29T22:33:04.742+0000] {logging_mixin.py:190} INFO - [2026-06-29T22:33:04.741+0000] {dagbag.py:588} INFO - Filling up the DagBag from /home/airflow/.local/lib/python3.12/site-packages/airflow/example_dags/example_dataset_alias.py
[2026-06-29T22:33:05.682+0000] {processor.py:925} INFO - DAG(s) 'dataset_alias_example_alias_producer', 'dataset_alias_example_alias_consumer', 'dataset_s3_bucket_producer', 'dataset_s3_bucket_consumer' retrieved from /home/airflow/.local/lib/python3.12/site-packages/airflow/example_dags/example_dataset_alias.py
[2026-06-29T22:33:05.723+0000] {logging_mixin.py:190} INFO - [2026-06-29T22:33:05.721+0000] {dag.py:3239} INFO - Sync 4 DAGs
[2026-06-29T22:33:05.777+0000] {logging_mixin.py:190} INFO - [2026-06-29T22:33:05.776+0000] {dag.py:4180} INFO - Setting next_dagrun for dataset_alias_example_alias_consumer to None, run_after=None
[2026-06-29T22:33:05.783+0000] {logging_mixin.py:190} INFO - [2026-06-29T22:33:05.783+0000] {dag.py:4180} INFO - Setting next_dagrun for dataset_alias_example_alias_producer to None, run_after=None
[2026-06-29T22:33:05.790+0000] {logging_mixin.py:190} INFO - [2026-06-29T22:33:05.789+0000] {dag.py:4180} INFO - Setting next_dagrun for dataset_s3_bucket_consumer to None, run_after=None
[2026-06-29T22:33:05.795+0000] {logging_mixin.py:190} INFO - [2026-06-29T22:33:05.794+0000] {dag.py:4180} INFO - Setting next_dagrun for dataset_s3_bucket_producer to None, run_after=None
[2026-06-29T22:33:05.845+0000] {processor.py:208} INFO - Processing /home/airflow/.local/lib/python3.12/site-packages/airflow/example_dags/example_dataset_alias.py took 1.126 seconds
[2026-06-29T22:33:36.920+0000] {processor.py:186} INFO - Started process (PID=3318) to work on /home/airflow/.local/lib/python3.12/site-packages/airflow/example_dags/example_dataset_alias.py
[2026-06-29T22:33:36.922+0000] {processor.py:914} INFO - Processing file /home/airflow/.local/lib/python3.12/site-packages/airflow/example_dags/example_dataset_alias.py for tasks to queue
[2026-06-29T22:33:36.927+0000] {logging_mixin.py:190} INFO - [2026-06-29T22:33:36.927+0000] {dagbag.py:588} INFO - Filling up the DagBag from /home/airflow/.local/lib/python3.12/site-packages/airflow/example_dags/example_dataset_alias.py
[2026-06-29T22:33:37.765+0000] {processor.py:925} INFO - DAG(s) 'dataset_s3_bucket_consumer', 'dataset_alias_example_alias_producer', 'dataset_s3_bucket_producer', 'dataset_alias_example_alias_consumer' retrieved from /home/airflow/.local/lib/python3.12/site-packages/airflow/example_dags/example_dataset_alias.py
[2026-06-29T22:33:37.806+0000] {logging_mixin.py:190} INFO - [2026-06-29T22:33:37.805+0000] {dag.py:3239} INFO - Sync 4 DAGs
[2026-06-29T22:33:37.842+0000] {logging_mixin.py:190} INFO - [2026-06-29T22:33:37.842+0000] {dag.py:4180} INFO - Setting next_dagrun for dataset_alias_example_alias_consumer to None, run_after=None
[2026-06-29T22:33:37.847+0000] {logging_mixin.py:190} INFO - [2026-06-29T22:33:37.846+0000] {dag.py:4180} INFO - Setting next_dagrun for dataset_alias_example_alias_producer to None, run_after=None
[2026-06-29T22:33:37.850+0000] {logging_mixin.py:190} INFO - [2026-06-29T22:33:37.849+0000] {dag.py:4180} INFO - Setting next_dagrun for dataset_s3_bucket_consumer to None, run_after=None
[2026-06-29T22:33:37.853+0000] {logging_mixin.py:190} INFO - [2026-06-29T22:33:37.852+0000] {dag.py:4180} INFO - Setting next_dagrun for dataset_s3_bucket_producer to None, run_after=None
[2026-06-29T22:33:37.884+0000] {processor.py:208} INFO - Processing /home/airflow/.local/lib/python3.12/site-packages/airflow/example_dags/example_dataset_alias.py took 0.981 seconds
[2026-06-29T22:34:08.170+0000] {processor.py:186} INFO - Started process (PID=3387) to work on /home/airflow/.local/lib/python3.12/site-packages/airflow/example_dags/example_dataset_alias.py
[2026-06-29T22:34:08.172+0000] {processor.py:914} INFO - Processing file /home/airflow/.local/lib/python3.12/site-packages/airflow/example_dags/example_dataset_alias.py for tasks to queue
[2026-06-29T22:34:08.176+0000] {logging_mixin.py:190} INFO - [2026-06-29T22:34:08.176+0000] {dagbag.py:588} INFO - Filling up the DagBag from /home/airflow/.local/lib/python3.12/site-packages/airflow/example_dags/example_dataset_alias.py
[2026-06-29T22:34:08.950+0000] {processor.py:925} INFO - DAG(s) 'dataset_s3_bucket_consumer', 'dataset_s3_bucket_producer', 'dataset_alias_example_alias_producer', 'dataset_alias_example_alias_consumer' retrieved from /home/airflow/.local/lib/python3.12/site-packages/airflow/example_dags/example_dataset_alias.py
[2026-06-29T22:34:08.977+0000] {logging_mixin.py:190} INFO - [2026-06-29T22:34:08.977+0000] {dag.py:3239} INFO - Sync 4 DAGs
[2026-06-29T22:34:09.005+0000] {logging_mixin.py:190} INFO - [2026-06-29T22:34:09.005+0000] {dag.py:4180} INFO - Setting next_dagrun for dataset_alias_example_alias_consumer to None, run_after=None
[2026-06-29T22:34:09.011+0000] {logging_mixin.py:190} INFO - [2026-06-29T22:34:09.011+0000] {dag.py:4180} INFO - Setting next_dagrun for dataset_alias_example_alias_producer to None, run_after=None
[2026-06-29T22:34:09.014+0000] {logging_mixin.py:190} INFO - [2026-06-29T22:34:09.013+0000] {dag.py:4180} INFO - Setting next_dagrun for dataset_s3_bucket_consumer to None, run_after=None
[2026-06-29T22:34:09.016+0000] {logging_mixin.py:190} INFO - [2026-06-29T22:34:09.015+0000] {dag.py:4180} INFO - Setting next_dagrun for dataset_s3_bucket_producer to None, run_after=None
[2026-06-29T22:34:09.047+0000] {processor.py:208} INFO - Processing /home/airflow/.local/lib/python3.12/site-packages/airflow/example_dags/example_dataset_alias.py took 0.889 seconds
[2026-06-29T22:34:41.669+0000] {processor.py:186} INFO - Started process (PID=3457) to work on /home/airflow/.local/lib/python3.12/site-packages/airflow/example_dags/example_dataset_alias.py
[2026-06-29T22:34:41.673+0000] {processor.py:914} INFO - Processing file /home/airflow/.local/lib/python3.12/site-packages/airflow/example_dags/example_dataset_alias.py for tasks to queue
[2026-06-29T22:34:41.682+0000] {logging_mixin.py:190} INFO - [2026-06-29T22:34:41.680+0000] {dagbag.py:588} INFO - Filling up the DagBag from /home/airflow/.local/lib/python3.12/site-packages/airflow/example_dags/example_dataset_alias.py
[2026-06-29T22:34:43.099+0000] {processor.py:925} INFO - DAG(s) 'dataset_alias_example_alias_consumer', 'dataset_alias_example_alias_producer', 'dataset_s3_bucket_producer', 'dataset_s3_bucket_consumer' retrieved from /home/airflow/.local/lib/python3.12/site-packages/airflow/example_dags/example_dataset_alias.py
[2026-06-29T22:34:43.158+0000] {logging_mixin.py:190} INFO - [2026-06-29T22:34:43.156+0000] {dag.py:3239} INFO - Sync 4 DAGs
[2026-06-29T22:34:43.207+0000] {logging_mixin.py:190} INFO - [2026-06-29T22:34:43.207+0000] {dag.py:4180} INFO - Setting next_dagrun for dataset_alias_example_alias_consumer to None, run_after=None
[2026-06-29T22:34:43.217+0000] {logging_mixin.py:190} INFO - [2026-06-29T22:34:43.216+0000] {dag.py:4180} INFO - Setting next_dagrun for dataset_alias_example_alias_producer to None, run_after=None
[2026-06-29T22:34:43.222+0000] {logging_mixin.py:190} INFO - [2026-06-29T22:34:43.222+0000] {dag.py:4180} INFO - Setting next_dagrun for dataset_s3_bucket_consumer to None, run_after=None
[2026-06-29T22:34:43.227+0000] {logging_mixin.py:190} INFO - [2026-06-29T22:34:43.226+0000] {dag.py:4180} INFO - Setting next_dagrun for dataset_s3_bucket_producer to None, run_after=None
[2026-06-29T22:34:43.295+0000] {processor.py:208} INFO - Processing /home/airflow/.local/lib/python3.12/site-packages/airflow/example_dags/example_dataset_alias.py took 1.664 seconds
[2026-06-29T22:35:13.431+0000] {processor.py:186} INFO - Started process (PID=3524) to work on /home/airflow/.local/lib/python3.12/site-packages/airflow/example_dags/example_dataset_alias.py
[2026-06-29T22:35:13.433+0000] {processor.py:914} INFO - Processing file /home/airflow/.local/lib/python3.12/site-packages/airflow/example_dags/example_dataset_alias.py for tasks to queue
[2026-06-29T22:35:13.437+0000] {logging_mixin.py:190} INFO - [2026-06-29T22:35:13.437+0000] {dagbag.py:588} INFO - Filling up the DagBag from /home/airflow/.local/lib/python3.12/site-packages/airflow/example_dags/example_dataset_alias.py
[2026-06-29T22:35:14.057+0000] {processor.py:925} INFO - DAG(s) 'dataset_s3_bucket_consumer', 'dataset_alias_example_alias_producer', 'dataset_alias_example_alias_consumer', 'dataset_s3_bucket_producer' retrieved from /home/airflow/.local/lib/python3.12/site-packages/airflow/example_dags/example_dataset_alias.py
[2026-06-29T22:35:14.081+0000] {logging_mixin.py:190} INFO - [2026-06-29T22:35:14.080+0000] {dag.py:3239} INFO - Sync 4 DAGs
[2026-06-29T22:35:14.104+0000] {logging_mixin.py:190} INFO - [2026-06-29T22:35:14.104+0000] {dag.py:4180} INFO - Setting next_dagrun for dataset_alias_example_alias_consumer to None, run_after=None
[2026-06-29T22:35:14.108+0000] {logging_mixin.py:190} INFO - [2026-06-29T22:35:14.108+0000] {dag.py:4180} INFO - Setting next_dagrun for dataset_alias_example_alias_producer to None, run_after=None
[2026-06-29T22:35:14.110+0000] {logging_mixin.py:190} INFO - [2026-06-29T22:35:14.110+0000] {dag.py:4180} INFO - Setting next_dagrun for dataset_s3_bucket_consumer to None, run_after=None
[2026-06-29T22:35:14.112+0000] {logging_mixin.py:190} INFO - [2026-06-29T22:35:14.112+0000] {dag.py:4180} INFO - Setting next_dagrun for dataset_s3_bucket_producer to None, run_after=None
[2026-06-29T22:35:14.137+0000] {processor.py:208} INFO - Processing /home/airflow/.local/lib/python3.12/site-packages/airflow/example_dags/example_dataset_alias.py took 0.722 seconds
[2026-06-29T22:35:45.384+0000] {processor.py:186} INFO - Started process (PID=3598) to work on /home/airflow/.local/lib/python3.12/site-packages/airflow/example_dags/example_dataset_alias.py
[2026-06-29T22:35:45.386+0000] {processor.py:914} INFO - Processing file /home/airflow/.local/lib/python3.12/site-packages/airflow/example_dags/example_dataset_alias.py for tasks to queue
[2026-06-29T22:35:45.389+0000] {logging_mixin.py:190} INFO - [2026-06-29T22:35:45.389+0000] {dagbag.py:588} INFO - Filling up the DagBag from /home/airflow/.local/lib/python3.12/site-packages/airflow/example_dags/example_dataset_alias.py
[2026-06-29T22:35:45.970+0000] {processor.py:925} INFO - DAG(s) 'dataset_alias_example_alias_producer', 'dataset_s3_bucket_producer', 'dataset_s3_bucket_consumer', 'dataset_alias_example_alias_consumer' retrieved from /home/airflow/.local/lib/python3.12/site-packages/airflow/example_dags/example_dataset_alias.py
[2026-06-29T22:35:45.992+0000] {logging_mixin.py:190} INFO - [2026-06-29T22:35:45.992+0000] {dag.py:3239} INFO - Sync 4 DAGs
[2026-06-29T22:35:46.017+0000] {logging_mixin.py:190} INFO - [2026-06-29T22:35:46.016+0000] {dag.py:4180} INFO - Setting next_dagrun for dataset_alias_example_alias_consumer to None, run_after=None
[2026-06-29T22:35:46.020+0000] {logging_mixin.py:190} INFO - [2026-06-29T22:35:46.020+0000] {dag.py:4180} INFO - Setting next_dagrun for dataset_alias_example_alias_producer to None, run_after=None
[2026-06-29T22:35:46.022+0000] {logging_mixin.py:190} INFO - [2026-06-29T22:35:46.022+0000] {dag.py:4180} INFO - Setting next_dagrun for dataset_s3_bucket_consumer to None, run_after=None
[2026-06-29T22:35:46.024+0000] {logging_mixin.py:190} INFO - [2026-06-29T22:35:46.024+0000] {dag.py:4180} INFO - Setting next_dagrun for dataset_s3_bucket_producer to None, run_after=None
[2026-06-29T22:35:46.046+0000] {processor.py:208} INFO - Processing /home/airflow/.local/lib/python3.12/site-packages/airflow/example_dags/example_dataset_alias.py took 0.671 seconds
[2026-06-29T22:36:16.177+0000] {processor.py:186} INFO - Started process (PID=3662) to work on /home/airflow/.local/lib/python3.12/site-packages/airflow/example_dags/example_dataset_alias.py
[2026-06-29T22:36:16.179+0000] {processor.py:914} INFO - Processing file /home/airflow/.local/lib/python3.12/site-packages/airflow/example_dags/example_dataset_alias.py for tasks to queue
[2026-06-29T22:36:16.184+0000] {logging_mixin.py:190} INFO - [2026-06-29T22:36:16.184+0000] {dagbag.py:588} INFO - Filling up the DagBag from /home/airflow/.local/lib/python3.12/site-packages/airflow/example_dags/example_dataset_alias.py
[2026-06-29T22:36:16.752+0000] {processor.py:925} INFO - DAG(s) 'dataset_s3_bucket_consumer', 'dataset_s3_bucket_producer', 'dataset_alias_example_alias_consumer', 'dataset_alias_example_alias_producer' retrieved from /home/airflow/.local/lib/python3.12/site-packages/airflow/example_dags/example_dataset_alias.py
[2026-06-29T22:36:16.775+0000] {logging_mixin.py:190} INFO - [2026-06-29T22:36:16.774+0000] {dag.py:3239} INFO - Sync 4 DAGs
[2026-06-29T22:36:16.801+0000] {logging_mixin.py:190} INFO - [2026-06-29T22:36:16.801+0000] {dag.py:4180} INFO - Setting next_dagrun for dataset_alias_example_alias_consumer to None, run_after=None
[2026-06-29T22:36:16.805+0000] {logging_mixin.py:190} INFO - [2026-06-29T22:36:16.804+0000] {dag.py:4180} INFO - Setting next_dagrun for dataset_alias_example_alias_producer to None, run_after=None
[2026-06-29T22:36:16.808+0000] {logging_mixin.py:190} INFO - [2026-06-29T22:36:16.808+0000] {dag.py:4180} INFO - Setting next_dagrun for dataset_s3_bucket_consumer to None, run_after=None
[2026-06-29T22:36:16.811+0000] {logging_mixin.py:190} INFO - [2026-06-29T22:36:16.810+0000] {dag.py:4180} INFO - Setting next_dagrun for dataset_s3_bucket_producer to None, run_after=None
[2026-06-29T22:36:16.836+0000] {processor.py:208} INFO - Processing /home/airflow/.local/lib/python3.12/site-packages/airflow/example_dags/example_dataset_alias.py took 0.677 seconds
[2026-06-29T22:36:47.358+0000] {processor.py:186} INFO - Started process (PID=3726) to work on /home/airflow/.local/lib/python3.12/site-packages/airflow/example_dags/example_dataset_alias.py
[2026-06-29T22:36:47.360+0000] {processor.py:914} INFO - Processing file /home/airflow/.local/lib/python3.12/site-packages/airflow/example_dags/example_dataset_alias.py for tasks to queue
[2026-06-29T22:36:47.364+0000] {logging_mixin.py:190} INFO - [2026-06-29T22:36:47.364+0000] {dagbag.py:588} INFO - Filling up the DagBag from /home/airflow/.local/lib/python3.12/site-packages/airflow/example_dags/example_dataset_alias.py
[2026-06-29T22:36:47.963+0000] {processor.py:925} INFO - DAG(s) 'dataset_s3_bucket_producer', 'dataset_alias_example_alias_consumer', 'dataset_alias_example_alias_producer', 'dataset_s3_bucket_consumer' retrieved from /home/airflow/.local/lib/python3.12/site-packages/airflow/example_dags/example_dataset_alias.py
[2026-06-29T22:36:47.990+0000] {logging_mixin.py:190} INFO - [2026-06-29T22:36:47.990+0000] {dag.py:3239} INFO - Sync 4 DAGs
[2026-06-29T22:36:48.019+0000] {logging_mixin.py:190} INFO - [2026-06-29T22:36:48.019+0000] {dag.py:4180} INFO - Setting next_dagrun for dataset_alias_example_alias_consumer to None, run_after=None
[2026-06-29T22:36:48.024+0000] {logging_mixin.py:190} INFO - [2026-06-29T22:36:48.024+0000] {dag.py:4180} INFO - Setting next_dagrun for dataset_alias_example_alias_producer to None, run_after=None
[2026-06-29T22:36:48.028+0000] {logging_mixin.py:190} INFO - [2026-06-29T22:36:48.028+0000] {dag.py:4180} INFO - Setting next_dagrun for dataset_s3_bucket_consumer to None, run_after=None
[2026-06-29T22:36:48.033+0000] {logging_mixin.py:190} INFO - [2026-06-29T22:36:48.032+0000] {dag.py:4180} INFO - Setting next_dagrun for dataset_s3_bucket_producer to None, run_after=None
[2026-06-29T22:36:48.075+0000] {processor.py:208} INFO - Processing /home/airflow/.local/lib/python3.12/site-packages/airflow/example_dags/example_dataset_alias.py took 0.731 seconds
[2026-06-29T22:37:18.369+0000] {processor.py:186} INFO - Started process (PID=3790) to work on /home/airflow/.local/lib/python3.12/site-packages/airflow/example_dags/example_dataset_alias.py
[2026-06-29T22:37:18.371+0000] {processor.py:914} INFO - Processing file /home/airflow/.local/lib/python3.12/site-packages/airflow/example_dags/example_dataset_alias.py for tasks to queue
[2026-06-29T22:37:18.375+0000] {logging_mixin.py:190} INFO - [2026-06-29T22:37:18.375+0000] {dagbag.py:588} INFO - Filling up the DagBag from /home/airflow/.local/lib/python3.12/site-packages/airflow/example_dags/example_dataset_alias.py
[2026-06-29T22:37:19.024+0000] {processor.py:925} INFO - DAG(s) 'dataset_alias_example_alias_consumer', 'dataset_alias_example_alias_producer', 'dataset_s3_bucket_producer', 'dataset_s3_bucket_consumer' retrieved from /home/airflow/.local/lib/python3.12/site-packages/airflow/example_dags/example_dataset_alias.py
[2026-06-29T22:37:19.065+0000] {logging_mixin.py:190} INFO - [2026-06-29T22:37:19.064+0000] {dag.py:3239} INFO - Sync 4 DAGs
[2026-06-29T22:37:19.093+0000] {logging_mixin.py:190} INFO - [2026-06-29T22:37:19.093+0000] {dag.py:4180} INFO - Setting next_dagrun for dataset_alias_example_alias_consumer to None, run_after=None
[2026-06-29T22:37:19.115+0000] {logging_mixin.py:190} INFO - [2026-06-29T22:37:19.113+0000] {dag.py:4180} INFO - Setting next_dagrun for dataset_alias_example_alias_producer to None, run_after=None
[2026-06-29T22:37:19.120+0000] {logging_mixin.py:190} INFO - [2026-06-29T22:37:19.120+0000] {dag.py:4180} INFO - Setting next_dagrun for dataset_s3_bucket_consumer to None, run_after=None
[2026-06-29T22:37:19.130+0000] {logging_mixin.py:190} INFO - [2026-06-29T22:37:19.128+0000] {dag.py:4180} INFO - Setting next_dagrun for dataset_s3_bucket_producer to None, run_after=None
[2026-06-29T22:37:19.193+0000] {processor.py:208} INFO - Processing /home/airflow/.local/lib/python3.12/site-packages/airflow/example_dags/example_dataset_alias.py took 0.836 seconds
[2026-06-29T22:37:49.469+0000] {processor.py:186} INFO - Started process (PID=3855) to work on /home/airflow/.local/lib/python3.12/site-packages/airflow/example_dags/example_dataset_alias.py
[2026-06-29T22:37:49.471+0000] {processor.py:914} INFO - Processing file /home/airflow/.local/lib/python3.12/site-packages/airflow/example_dags/example_dataset_alias.py for tasks to queue
[2026-06-29T22:37:49.478+0000] {logging_mixin.py:190} INFO - [2026-06-29T22:37:49.477+0000] {dagbag.py:588} INFO - Filling up the DagBag from /home/airflow/.local/lib/python3.12/site-packages/airflow/example_dags/example_dataset_alias.py
[2026-06-29T22:37:50.199+0000] {processor.py:925} INFO - DAG(s) 'dataset_alias_example_alias_consumer', 'dataset_alias_example_alias_producer', 'dataset_s3_bucket_producer', 'dataset_s3_bucket_consumer' retrieved from /home/airflow/.local/lib/python3.12/site-packages/airflow/example_dags/example_dataset_alias.py
[2026-06-29T22:37:50.228+0000] {logging_mixin.py:190} INFO - [2026-06-29T22:37:50.227+0000] {dag.py:3239} INFO - Sync 4 DAGs
[2026-06-29T22:37:50.262+0000] {logging_mixin.py:190} INFO - [2026-06-29T22:37:50.261+0000] {dag.py:4180} INFO - Setting next_dagrun for dataset_alias_example_alias_consumer to None, run_after=None
[2026-06-29T22:37:50.267+0000] {logging_mixin.py:190} INFO - [2026-06-29T22:37:50.266+0000] {dag.py:4180} INFO - Setting next_dagrun for dataset_alias_example_alias_producer to None, run_after=None
[2026-06-29T22:37:50.270+0000] {logging_mixin.py:190} INFO - [2026-06-29T22:37:50.270+0000] {dag.py:4180} INFO - Setting next_dagrun for dataset_s3_bucket_consumer to None, run_after=None
[2026-06-29T22:37:50.274+0000] {logging_mixin.py:190} INFO - [2026-06-29T22:37:50.273+0000] {dag.py:4180} INFO - Setting next_dagrun for dataset_s3_bucket_producer to None, run_after=None
[2026-06-29T22:37:50.315+0000] {processor.py:208} INFO - Processing /home/airflow/.local/lib/python3.12/site-packages/airflow/example_dags/example_dataset_alias.py took 0.865 seconds
[2026-06-29T22:38:21.113+0000] {processor.py:186} INFO - Started process (PID=3922) to work on /home/airflow/.local/lib/python3.12/site-packages/airflow/example_dags/example_dataset_alias.py
[2026-06-29T22:38:21.114+0000] {processor.py:914} INFO - Processing file /home/airflow/.local/lib/python3.12/site-packages/airflow/example_dags/example_dataset_alias.py for tasks to queue
[2026-06-29T22:38:21.118+0000] {logging_mixin.py:190} INFO - [2026-06-29T22:38:21.118+0000] {dagbag.py:588} INFO - Filling up the DagBag from /home/airflow/.local/lib/python3.12/site-packages/airflow/example_dags/example_dataset_alias.py
[2026-06-29T22:38:22.079+0000] {processor.py:925} INFO - DAG(s) 'dataset_alias_example_alias_consumer', 'dataset_s3_bucket_consumer', 'dataset_s3_bucket_producer', 'dataset_alias_example_alias_producer' retrieved from /home/airflow/.local/lib/python3.12/site-packages/airflow/example_dags/example_dataset_alias.py
[2026-06-29T22:38:22.124+0000] {logging_mixin.py:190} INFO - [2026-06-29T22:38:22.123+0000] {dag.py:3239} INFO - Sync 4 DAGs
[2026-06-29T22:38:22.155+0000] {logging_mixin.py:190} INFO - [2026-06-29T22:38:22.154+0000] {dag.py:4180} INFO - Setting next_dagrun for dataset_alias_example_alias_consumer to None, run_after=None
[2026-06-29T22:38:22.162+0000] {logging_mixin.py:190} INFO - [2026-06-29T22:38:22.161+0000] {dag.py:4180} INFO - Setting next_dagrun for dataset_alias_example_alias_producer to None, run_after=None
[2026-06-29T22:38:22.164+0000] {logging_mixin.py:190} INFO - [2026-06-29T22:38:22.164+0000] {dag.py:4180} INFO - Setting next_dagrun for dataset_s3_bucket_consumer to None, run_after=None
[2026-06-29T22:38:22.174+0000] {logging_mixin.py:190} INFO - [2026-06-29T22:38:22.173+0000] {dag.py:4180} INFO - Setting next_dagrun for dataset_s3_bucket_producer to None, run_after=None
[2026-06-29T22:38:22.204+0000] {processor.py:208} INFO - Processing /home/airflow/.local/lib/python3.12/site-packages/airflow/example_dags/example_dataset_alias.py took 1.102 seconds
[2026-06-29T22:38:52.336+0000] {processor.py:186} INFO - Started process (PID=3987) to work on /home/airflow/.local/lib/python3.12/site-packages/airflow/example_dags/example_dataset_alias.py
[2026-06-29T22:38:52.339+0000] {processor.py:914} INFO - Processing file /home/airflow/.local/lib/python3.12/site-packages/airflow/example_dags/example_dataset_alias.py for tasks to queue
[2026-06-29T22:38:52.344+0000] {logging_mixin.py:190} INFO - [2026-06-29T22:38:52.343+0000] {dagbag.py:588} INFO - Filling up the DagBag from /home/airflow/.local/lib/python3.12/site-packages/airflow/example_dags/example_dataset_alias.py
[2026-06-29T22:38:53.020+0000] {processor.py:925} INFO - DAG(s) 'dataset_s3_bucket_producer', 'dataset_s3_bucket_consumer', 'dataset_alias_example_alias_producer', 'dataset_alias_example_alias_consumer' retrieved from /home/airflow/.local/lib/python3.12/site-packages/airflow/example_dags/example_dataset_alias.py
[2026-06-29T22:38:53.046+0000] {logging_mixin.py:190} INFO - [2026-06-29T22:38:53.046+0000] {dag.py:3239} INFO - Sync 4 DAGs
[2026-06-29T22:38:53.073+0000] {logging_mixin.py:190} INFO - [2026-06-29T22:38:53.073+0000] {dag.py:4180} INFO - Setting next_dagrun for dataset_alias_example_alias_consumer to None, run_after=None
[2026-06-29T22:38:53.079+0000] {logging_mixin.py:190} INFO - [2026-06-29T22:38:53.078+0000] {dag.py:4180} INFO - Setting next_dagrun for dataset_alias_example_alias_producer to None, run_after=None
[2026-06-29T22:38:53.081+0000] {logging_mixin.py:190} INFO - [2026-06-29T22:38:53.081+0000] {dag.py:4180} INFO - Setting next_dagrun for dataset_s3_bucket_consumer to None, run_after=None
[2026-06-29T22:38:53.083+0000] {logging_mixin.py:190} INFO - [2026-06-29T22:38:53.083+0000] {dag.py:4180} INFO - Setting next_dagrun for dataset_s3_bucket_producer to None, run_after=None
[2026-06-29T22:38:53.109+0000] {processor.py:208} INFO - Processing /home/airflow/.local/lib/python3.12/site-packages/airflow/example_dags/example_dataset_alias.py took 0.783 seconds
[2026-06-29T22:39:23.617+0000] {processor.py:186} INFO - Started process (PID=4054) to work on /home/airflow/.local/lib/python3.12/site-packages/airflow/example_dags/example_dataset_alias.py
[2026-06-29T22:39:23.619+0000] {processor.py:914} INFO - Processing file /home/airflow/.local/lib/python3.12/site-packages/airflow/example_dags/example_dataset_alias.py for tasks to queue
[2026-06-29T22:39:23.625+0000] {logging_mixin.py:190} INFO - [2026-06-29T22:39:23.625+0000] {dagbag.py:588} INFO - Filling up the DagBag from /home/airflow/.local/lib/python3.12/site-packages/airflow/example_dags/example_dataset_alias.py
[2026-06-29T22:39:24.220+0000] {processor.py:925} INFO - DAG(s) 'dataset_s3_bucket_consumer', 'dataset_alias_example_alias_producer', 'dataset_alias_example_alias_consumer', 'dataset_s3_bucket_producer' retrieved from /home/airflow/.local/lib/python3.12/site-packages/airflow/example_dags/example_dataset_alias.py
[2026-06-29T22:39:24.241+0000] {logging_mixin.py:190} INFO - [2026-06-29T22:39:24.241+0000] {dag.py:3239} INFO - Sync 4 DAGs
[2026-06-29T22:39:24.264+0000] {logging_mixin.py:190} INFO - [2026-06-29T22:39:24.264+0000] {dag.py:4180} INFO - Setting next_dagrun for dataset_alias_example_alias_consumer to None, run_after=None
[2026-06-29T22:39:24.267+0000] {logging_mixin.py:190} INFO - [2026-06-29T22:39:24.267+0000] {dag.py:4180} INFO - Setting next_dagrun for dataset_alias_example_alias_producer to None, run_after=None
[2026-06-29T22:39:24.270+0000] {logging_mixin.py:190} INFO - [2026-06-29T22:39:24.270+0000] {dag.py:4180} INFO - Setting next_dagrun for dataset_s3_bucket_consumer to None, run_after=None
[2026-06-29T22:39:24.272+0000] {logging_mixin.py:190} INFO - [2026-06-29T22:39:24.272+0000] {dag.py:4180} INFO - Setting next_dagrun for dataset_s3_bucket_producer to None, run_after=None
[2026-06-29T22:39:24.296+0000] {processor.py:208} INFO - Processing /home/airflow/.local/lib/python3.12/site-packages/airflow/example_dags/example_dataset_alias.py took 0.694 seconds
[2026-06-29T22:39:57.782+0000] {processor.py:186} INFO - Started process (PID=4120) to work on /home/airflow/.local/lib/python3.12/site-packages/airflow/example_dags/example_dataset_alias.py
[2026-06-29T22:39:57.786+0000] {processor.py:914} INFO - Processing file /home/airflow/.local/lib/python3.12/site-packages/airflow/example_dags/example_dataset_alias.py for tasks to queue
[2026-06-29T22:39:57.795+0000] {logging_mixin.py:190} INFO - [2026-06-29T22:39:57.794+0000] {dagbag.py:588} INFO - Filling up the DagBag from /home/airflow/.local/lib/python3.12/site-packages/airflow/example_dags/example_dataset_alias.py
[2026-06-29T22:39:58.723+0000] {processor.py:925} INFO - DAG(s) 'dataset_alias_example_alias_consumer', 'dataset_s3_bucket_consumer', 'dataset_alias_example_alias_producer', 'dataset_s3_bucket_producer' retrieved from /home/airflow/.local/lib/python3.12/site-packages/airflow/example_dags/example_dataset_alias.py
[2026-06-29T22:39:58.754+0000] {logging_mixin.py:190} INFO - [2026-06-29T22:39:58.753+0000] {dag.py:3239} INFO - Sync 4 DAGs
[2026-06-29T22:39:58.788+0000] {logging_mixin.py:190} INFO - [2026-06-29T22:39:58.788+0000] {dag.py:4180} INFO - Setting next_dagrun for dataset_alias_example_alias_consumer to None, run_after=None
[2026-06-29T22:39:58.792+0000] {logging_mixin.py:190} INFO - [2026-06-29T22:39:58.792+0000] {dag.py:4180} INFO - Setting next_dagrun for dataset_alias_example_alias_producer to None, run_after=None
[2026-06-29T22:39:58.795+0000] {logging_mixin.py:190} INFO - [2026-06-29T22:39:58.795+0000] {dag.py:4180} INFO - Setting next_dagrun for dataset_s3_bucket_consumer to None, run_after=None
[2026-06-29T22:39:58.797+0000] {logging_mixin.py:190} INFO - [2026-06-29T22:39:58.797+0000] {dag.py:4180} INFO - Setting next_dagrun for dataset_s3_bucket_producer to None, run_after=None
[2026-06-29T22:39:58.827+0000] {processor.py:208} INFO - Processing /home/airflow/.local/lib/python3.12/site-packages/airflow/example_dags/example_dataset_alias.py took 1.061 seconds
[2026-06-29T22:41:34.589+0000] {processor.py:186} INFO - Started process (PID=133) to work on /home/airflow/.local/lib/python3.12/site-packages/airflow/example_dags/example_dataset_alias.py
[2026-06-29T22:41:34.592+0000] {processor.py:914} INFO - Processing file /home/airflow/.local/lib/python3.12/site-packages/airflow/example_dags/example_dataset_alias.py for tasks to queue
[2026-06-29T22:41:34.605+0000] {logging_mixin.py:190} INFO - [2026-06-29T22:41:34.604+0000] {dagbag.py:588} INFO - Filling up the DagBag from /home/airflow/.local/lib/python3.12/site-packages/airflow/example_dags/example_dataset_alias.py
[2026-06-29T22:41:36.344+0000] {processor.py:925} INFO - DAG(s) 'dataset_s3_bucket_consumer', 'dataset_alias_example_alias_consumer', 'dataset_s3_bucket_producer', 'dataset_alias_example_alias_producer' retrieved from /home/airflow/.local/lib/python3.12/site-packages/airflow/example_dags/example_dataset_alias.py
[2026-06-29T22:41:36.410+0000] {logging_mixin.py:190} INFO - [2026-06-29T22:41:36.409+0000] {dag.py:3239} INFO - Sync 4 DAGs
[2026-06-29T22:41:36.479+0000] {logging_mixin.py:190} INFO - [2026-06-29T22:41:36.478+0000] {dag.py:4180} INFO - Setting next_dagrun for dataset_alias_example_alias_consumer to None, run_after=None
[2026-06-29T22:41:36.487+0000] {logging_mixin.py:190} INFO - [2026-06-29T22:41:36.486+0000] {dag.py:4180} INFO - Setting next_dagrun for dataset_alias_example_alias_producer to None, run_after=None
[2026-06-29T22:41:36.492+0000] {logging_mixin.py:190} INFO - [2026-06-29T22:41:36.491+0000] {dag.py:4180} INFO - Setting next_dagrun for dataset_s3_bucket_consumer to None, run_after=None
[2026-06-29T22:41:36.501+0000] {logging_mixin.py:190} INFO - [2026-06-29T22:41:36.501+0000] {dag.py:4180} INFO - Setting next_dagrun for dataset_s3_bucket_producer to None, run_after=None
[2026-06-29T22:41:36.572+0000] {processor.py:208} INFO - Processing /home/airflow/.local/lib/python3.12/site-packages/airflow/example_dags/example_dataset_alias.py took 2.004 seconds
[2026-06-29T22:42:06.847+0000] {processor.py:186} INFO - Started process (PID=202) to work on /home/airflow/.local/lib/python3.12/site-packages/airflow/example_dags/example_dataset_alias.py
[2026-06-29T22:42:06.852+0000] {processor.py:914} INFO - Processing file /home/airflow/.local/lib/python3.12/site-packages/airflow/example_dags/example_dataset_alias.py for tasks to queue
[2026-06-29T22:42:06.867+0000] {logging_mixin.py:190} INFO - [2026-06-29T22:42:06.865+0000] {dagbag.py:588} INFO - Filling up the DagBag from /home/airflow/.local/lib/python3.12/site-packages/airflow/example_dags/example_dataset_alias.py
[2026-06-29T22:42:08.263+0000] {processor.py:925} INFO - DAG(s) 'dataset_s3_bucket_producer', 'dataset_alias_example_alias_producer', 'dataset_alias_example_alias_consumer', 'dataset_s3_bucket_consumer' retrieved from /home/airflow/.local/lib/python3.12/site-packages/airflow/example_dags/example_dataset_alias.py
[2026-06-29T22:42:08.311+0000] {logging_mixin.py:190} INFO - [2026-06-29T22:42:08.310+0000] {dag.py:3239} INFO - Sync 4 DAGs
[2026-06-29T22:42:08.358+0000] {logging_mixin.py:190} INFO - [2026-06-29T22:42:08.357+0000] {dag.py:4180} INFO - Setting next_dagrun for dataset_alias_example_alias_consumer to None, run_after=None
[2026-06-29T22:42:08.365+0000] {logging_mixin.py:190} INFO - [2026-06-29T22:42:08.364+0000] {dag.py:4180} INFO - Setting next_dagrun for dataset_alias_example_alias_producer to None, run_after=None
[2026-06-29T22:42:08.369+0000] {logging_mixin.py:190} INFO - [2026-06-29T22:42:08.368+0000] {dag.py:4180} INFO - Setting next_dagrun for dataset_s3_bucket_consumer to None, run_after=None
[2026-06-29T22:42:08.371+0000] {logging_mixin.py:190} INFO - [2026-06-29T22:42:08.371+0000] {dag.py:4180} INFO - Setting next_dagrun for dataset_s3_bucket_producer to None, run_after=None
[2026-06-29T22:42:08.419+0000] {processor.py:208} INFO - Processing /home/airflow/.local/lib/python3.12/site-packages/airflow/example_dags/example_dataset_alias.py took 1.594 seconds
[2026-06-29T22:42:39.034+0000] {processor.py:186} INFO - Started process (PID=266) to work on /home/airflow/.local/lib/python3.12/site-packages/airflow/example_dags/example_dataset_alias.py
[2026-06-29T22:42:39.037+0000] {processor.py:914} INFO - Processing file /home/airflow/.local/lib/python3.12/site-packages/airflow/example_dags/example_dataset_alias.py for tasks to queue
[2026-06-29T22:42:39.044+0000] {logging_mixin.py:190} INFO - [2026-06-29T22:42:39.043+0000] {dagbag.py:588} INFO - Filling up the DagBag from /home/airflow/.local/lib/python3.12/site-packages/airflow/example_dags/example_dataset_alias.py
[2026-06-29T22:42:39.864+0000] {processor.py:925} INFO - DAG(s) 'dataset_alias_example_alias_consumer', 'dataset_alias_example_alias_producer', 'dataset_s3_bucket_consumer', 'dataset_s3_bucket_producer' retrieved from /home/airflow/.local/lib/python3.12/site-packages/airflow/example_dags/example_dataset_alias.py
[2026-06-29T22:42:39.896+0000] {logging_mixin.py:190} INFO - [2026-06-29T22:42:39.895+0000] {dag.py:3239} INFO - Sync 4 DAGs
[2026-06-29T22:42:39.923+0000] {logging_mixin.py:190} INFO - [2026-06-29T22:42:39.923+0000] {dag.py:4180} INFO - Setting next_dagrun for dataset_alias_example_alias_consumer to None, run_after=None
[2026-06-29T22:42:39.927+0000] {logging_mixin.py:190} INFO - [2026-06-29T22:42:39.927+0000] {dag.py:4180} INFO - Setting next_dagrun for dataset_alias_example_alias_producer to None, run_after=None
[2026-06-29T22:42:39.931+0000] {logging_mixin.py:190} INFO - [2026-06-29T22:42:39.931+0000] {dag.py:4180} INFO - Setting next_dagrun for dataset_s3_bucket_consumer to None, run_after=None
[2026-06-29T22:42:39.933+0000] {logging_mixin.py:190} INFO - [2026-06-29T22:42:39.933+0000] {dag.py:4180} INFO - Setting next_dagrun for dataset_s3_bucket_producer to None, run_after=None
[2026-06-29T22:42:39.960+0000] {processor.py:208} INFO - Processing /home/airflow/.local/lib/python3.12/site-packages/airflow/example_dags/example_dataset_alias.py took 0.935 seconds
[2026-06-29T22:43:13.416+0000] {processor.py:186} INFO - Started process (PID=331) to work on /home/airflow/.local/lib/python3.12/site-packages/airflow/example_dags/example_dataset_alias.py
[2026-06-29T22:43:13.428+0000] {processor.py:914} INFO - Processing file /home/airflow/.local/lib/python3.12/site-packages/airflow/example_dags/example_dataset_alias.py for tasks to queue
[2026-06-29T22:43:13.442+0000] {logging_mixin.py:190} INFO - [2026-06-29T22:43:13.442+0000] {dagbag.py:588} INFO - Filling up the DagBag from /home/airflow/.local/lib/python3.12/site-packages/airflow/example_dags/example_dataset_alias.py
[2026-06-29T22:43:16.108+0000] {processor.py:925} INFO - DAG(s) 'dataset_s3_bucket_producer', 'dataset_alias_example_alias_consumer', 'dataset_alias_example_alias_producer', 'dataset_s3_bucket_consumer' retrieved from /home/airflow/.local/lib/python3.12/site-packages/airflow/example_dags/example_dataset_alias.py
[2026-06-29T22:43:16.163+0000] {logging_mixin.py:190} INFO - [2026-06-29T22:43:16.162+0000] {dag.py:3239} INFO - Sync 4 DAGs
[2026-06-29T22:43:16.214+0000] {logging_mixin.py:190} INFO - [2026-06-29T22:43:16.213+0000] {dag.py:4180} INFO - Setting next_dagrun for dataset_alias_example_alias_consumer to None, run_after=None
[2026-06-29T22:43:16.222+0000] {logging_mixin.py:190} INFO - [2026-06-29T22:43:16.221+0000] {dag.py:4180} INFO - Setting next_dagrun for dataset_alias_example_alias_producer to None, run_after=None
[2026-06-29T22:43:16.226+0000] {logging_mixin.py:190} INFO - [2026-06-29T22:43:16.226+0000] {dag.py:4180} INFO - Setting next_dagrun for dataset_s3_bucket_consumer to None, run_after=None
[2026-06-29T22:43:16.232+0000] {logging_mixin.py:190} INFO - [2026-06-29T22:43:16.232+0000] {dag.py:4180} INFO - Setting next_dagrun for dataset_s3_bucket_producer to None, run_after=None
[2026-06-29T22:43:16.284+0000] {processor.py:208} INFO - Processing /home/airflow/.local/lib/python3.12/site-packages/airflow/example_dags/example_dataset_alias.py took 2.888 seconds
[2026-06-29T22:43:47.188+0000] {processor.py:186} INFO - Started process (PID=401) to work on /home/airflow/.local/lib/python3.12/site-packages/airflow/example_dags/example_dataset_alias.py
[2026-06-29T22:43:47.190+0000] {processor.py:914} INFO - Processing file /home/airflow/.local/lib/python3.12/site-packages/airflow/example_dags/example_dataset_alias.py for tasks to queue
[2026-06-29T22:43:47.197+0000] {logging_mixin.py:190} INFO - [2026-06-29T22:43:47.196+0000] {dagbag.py:588} INFO - Filling up the DagBag from /home/airflow/.local/lib/python3.12/site-packages/airflow/example_dags/example_dataset_alias.py
[2026-06-29T22:43:48.426+0000] {processor.py:925} INFO - DAG(s) 'dataset_alias_example_alias_consumer', 'dataset_alias_example_alias_producer', 'dataset_s3_bucket_consumer', 'dataset_s3_bucket_producer' retrieved from /home/airflow/.local/lib/python3.12/site-packages/airflow/example_dags/example_dataset_alias.py
[2026-06-29T22:43:48.486+0000] {logging_mixin.py:190} INFO - [2026-06-29T22:43:48.485+0000] {dag.py:3239} INFO - Sync 4 DAGs
[2026-06-29T22:43:48.538+0000] {logging_mixin.py:190} INFO - [2026-06-29T22:43:48.537+0000] {dag.py:4180} INFO - Setting next_dagrun for dataset_alias_example_alias_consumer to None, run_after=None
[2026-06-29T22:43:48.548+0000] {logging_mixin.py:190} INFO - [2026-06-29T22:43:48.547+0000] {dag.py:4180} INFO - Setting next_dagrun for dataset_alias_example_alias_producer to None, run_after=None
[2026-06-29T22:43:48.552+0000] {logging_mixin.py:190} INFO - [2026-06-29T22:43:48.552+0000] {dag.py:4180} INFO - Setting next_dagrun for dataset_s3_bucket_consumer to None, run_after=None
[2026-06-29T22:43:48.556+0000] {logging_mixin.py:190} INFO - [2026-06-29T22:43:48.556+0000] {dag.py:4180} INFO - Setting next_dagrun for dataset_s3_bucket_producer to None, run_after=None
[2026-06-29T22:43:48.601+0000] {processor.py:208} INFO - Processing /home/airflow/.local/lib/python3.12/site-packages/airflow/example_dags/example_dataset_alias.py took 1.423 seconds
[2026-06-29T22:44:19.358+0000] {processor.py:186} INFO - Started process (PID=465) to work on /home/airflow/.local/lib/python3.12/site-packages/airflow/example_dags/example_dataset_alias.py
[2026-06-29T22:44:19.361+0000] {processor.py:914} INFO - Processing file /home/airflow/.local/lib/python3.12/site-packages/airflow/example_dags/example_dataset_alias.py for tasks to queue
[2026-06-29T22:44:19.365+0000] {logging_mixin.py:190} INFO - [2026-06-29T22:44:19.364+0000] {dagbag.py:588} INFO - Filling up the DagBag from /home/airflow/.local/lib/python3.12/site-packages/airflow/example_dags/example_dataset_alias.py
[2026-06-29T22:44:19.953+0000] {processor.py:925} INFO - DAG(s) 'dataset_s3_bucket_consumer', 'dataset_alias_example_alias_producer', 'dataset_alias_example_alias_consumer', 'dataset_s3_bucket_producer' retrieved from /home/airflow/.local/lib/python3.12/site-packages/airflow/example_dags/example_dataset_alias.py
[2026-06-29T22:44:19.973+0000] {logging_mixin.py:190} INFO - [2026-06-29T22:44:19.973+0000] {dag.py:3239} INFO - Sync 4 DAGs
[2026-06-29T22:44:19.996+0000] {logging_mixin.py:190} INFO - [2026-06-29T22:44:19.996+0000] {dag.py:4180} INFO - Setting next_dagrun for dataset_alias_example_alias_consumer to None, run_after=None
[2026-06-29T22:44:20.000+0000] {logging_mixin.py:190} INFO - [2026-06-29T22:44:20.000+0000] {dag.py:4180} INFO - Setting next_dagrun for dataset_alias_example_alias_producer to None, run_after=None
[2026-06-29T22:44:20.003+0000] {logging_mixin.py:190} INFO - [2026-06-29T22:44:20.003+0000] {dag.py:4180} INFO - Setting next_dagrun for dataset_s3_bucket_consumer to None, run_after=None
[2026-06-29T22:44:20.005+0000] {logging_mixin.py:190} INFO - [2026-06-29T22:44:20.005+0000] {dag.py:4180} INFO - Setting next_dagrun for dataset_s3_bucket_producer to None, run_after=None
[2026-06-29T22:44:20.031+0000] {processor.py:208} INFO - Processing /home/airflow/.local/lib/python3.12/site-packages/airflow/example_dags/example_dataset_alias.py took 0.679 seconds
[2026-06-29T22:44:50.456+0000] {processor.py:186} INFO - Started process (PID=530) to work on /home/airflow/.local/lib/python3.12/site-packages/airflow/example_dags/example_dataset_alias.py
[2026-06-29T22:44:50.460+0000] {processor.py:914} INFO - Processing file /home/airflow/.local/lib/python3.12/site-packages/airflow/example_dags/example_dataset_alias.py for tasks to queue
[2026-06-29T22:44:50.465+0000] {logging_mixin.py:190} INFO - [2026-06-29T22:44:50.464+0000] {dagbag.py:588} INFO - Filling up the DagBag from /home/airflow/.local/lib/python3.12/site-packages/airflow/example_dags/example_dataset_alias.py
[2026-06-29T22:44:51.595+0000] {processor.py:925} INFO - DAG(s) 'dataset_s3_bucket_producer', 'dataset_s3_bucket_consumer', 'dataset_alias_example_alias_producer', 'dataset_alias_example_alias_consumer' retrieved from /home/airflow/.local/lib/python3.12/site-packages/airflow/example_dags/example_dataset_alias.py
[2026-06-29T22:44:51.651+0000] {logging_mixin.py:190} INFO - [2026-06-29T22:44:51.650+0000] {dag.py:3239} INFO - Sync 4 DAGs
[2026-06-29T22:44:51.718+0000] {logging_mixin.py:190} INFO - [2026-06-29T22:44:51.717+0000] {dag.py:4180} INFO - Setting next_dagrun for dataset_alias_example_alias_consumer to None, run_after=None
[2026-06-29T22:44:51.726+0000] {logging_mixin.py:190} INFO - [2026-06-29T22:44:51.725+0000] {dag.py:4180} INFO - Setting next_dagrun for dataset_alias_example_alias_producer to None, run_after=None
[2026-06-29T22:44:51.733+0000] {logging_mixin.py:190} INFO - [2026-06-29T22:44:51.732+0000] {dag.py:4180} INFO - Setting next_dagrun for dataset_s3_bucket_consumer to None, run_after=None
[2026-06-29T22:44:51.738+0000] {logging_mixin.py:190} INFO - [2026-06-29T22:44:51.737+0000] {dag.py:4180} INFO - Setting next_dagrun for dataset_s3_bucket_producer to None, run_after=None
[2026-06-29T22:44:51.823+0000] {processor.py:208} INFO - Processing /home/airflow/.local/lib/python3.12/site-packages/airflow/example_dags/example_dataset_alias.py took 1.375 seconds
[2026-06-29T22:45:22.320+0000] {processor.py:186} INFO - Started process (PID=593) to work on /home/airflow/.local/lib/python3.12/site-packages/airflow/example_dags/example_dataset_alias.py
[2026-06-29T22:45:22.322+0000] {processor.py:914} INFO - Processing file /home/airflow/.local/lib/python3.12/site-packages/airflow/example_dags/example_dataset_alias.py for tasks to queue
[2026-06-29T22:45:22.326+0000] {logging_mixin.py:190} INFO - [2026-06-29T22:45:22.326+0000] {dagbag.py:588} INFO - Filling up the DagBag from /home/airflow/.local/lib/python3.12/site-packages/airflow/example_dags/example_dataset_alias.py
[2026-06-29T22:45:22.992+0000] {processor.py:925} INFO - DAG(s) 'dataset_s3_bucket_producer', 'dataset_alias_example_alias_producer', 'dataset_s3_bucket_consumer', 'dataset_alias_example_alias_consumer' retrieved from /home/airflow/.local/lib/python3.12/site-packages/airflow/example_dags/example_dataset_alias.py
[2026-06-29T22:45:23.031+0000] {logging_mixin.py:190} INFO - [2026-06-29T22:45:23.031+0000] {dag.py:3239} INFO - Sync 4 DAGs
[2026-06-29T22:45:23.075+0000] {logging_mixin.py:190} INFO - [2026-06-29T22:45:23.074+0000] {dag.py:4180} INFO - Setting next_dagrun for dataset_alias_example_alias_consumer to None, run_after=None
[2026-06-29T22:45:23.081+0000] {logging_mixin.py:190} INFO - [2026-06-29T22:45:23.081+0000] {dag.py:4180} INFO - Setting next_dagrun for dataset_alias_example_alias_producer to None, run_after=None
[2026-06-29T22:45:23.084+0000] {logging_mixin.py:190} INFO - [2026-06-29T22:45:23.084+0000] {dag.py:4180} INFO - Setting next_dagrun for dataset_s3_bucket_consumer to None, run_after=None
[2026-06-29T22:45:23.088+0000] {logging_mixin.py:190} INFO - [2026-06-29T22:45:23.087+0000] {dag.py:4180} INFO - Setting next_dagrun for dataset_s3_bucket_producer to None, run_after=None
[2026-06-29T22:45:23.125+0000] {processor.py:208} INFO - Processing /home/airflow/.local/lib/python3.12/site-packages/airflow/example_dags/example_dataset_alias.py took 0.811 seconds
[2026-06-29T22:45:53.648+0000] {processor.py:186} INFO - Started process (PID=657) to work on /home/airflow/.local/lib/python3.12/site-packages/airflow/example_dags/example_dataset_alias.py
[2026-06-29T22:45:53.650+0000] {processor.py:914} INFO - Processing file /home/airflow/.local/lib/python3.12/site-packages/airflow/example_dags/example_dataset_alias.py for tasks to queue
[2026-06-29T22:45:53.653+0000] {logging_mixin.py:190} INFO - [2026-06-29T22:45:53.653+0000] {dagbag.py:588} INFO - Filling up the DagBag from /home/airflow/.local/lib/python3.12/site-packages/airflow/example_dags/example_dataset_alias.py
[2026-06-29T22:45:54.228+0000] {processor.py:925} INFO - DAG(s) 'dataset_s3_bucket_producer', 'dataset_alias_example_alias_consumer', 'dataset_s3_bucket_consumer', 'dataset_alias_example_alias_producer' retrieved from /home/airflow/.local/lib/python3.12/site-packages/airflow/example_dags/example_dataset_alias.py
[2026-06-29T22:45:54.249+0000] {logging_mixin.py:190} INFO - [2026-06-29T22:45:54.249+0000] {dag.py:3239} INFO - Sync 4 DAGs
[2026-06-29T22:45:54.273+0000] {logging_mixin.py:190} INFO - [2026-06-29T22:45:54.273+0000] {dag.py:4180} INFO - Setting next_dagrun for dataset_alias_example_alias_consumer to None, run_after=None
[2026-06-29T22:45:54.277+0000] {logging_mixin.py:190} INFO - [2026-06-29T22:45:54.276+0000] {dag.py:4180} INFO - Setting next_dagrun for dataset_alias_example_alias_producer to None, run_after=None
[2026-06-29T22:45:54.279+0000] {logging_mixin.py:190} INFO - [2026-06-29T22:45:54.278+0000] {dag.py:4180} INFO - Setting next_dagrun for dataset_s3_bucket_consumer to None, run_after=None
[2026-06-29T22:45:54.280+0000] {logging_mixin.py:190} INFO - [2026-06-29T22:45:54.280+0000] {dag.py:4180} INFO - Setting next_dagrun for dataset_s3_bucket_producer to None, run_after=None
[2026-06-29T22:45:54.302+0000] {processor.py:208} INFO - Processing /home/airflow/.local/lib/python3.12/site-packages/airflow/example_dags/example_dataset_alias.py took 0.661 seconds
[2026-06-29T22:46:24.714+0000] {processor.py:186} INFO - Started process (PID=721) to work on /home/airflow/.local/lib/python3.12/site-packages/airflow/example_dags/example_dataset_alias.py
[2026-06-29T22:46:24.716+0000] {processor.py:914} INFO - Processing file /home/airflow/.local/lib/python3.12/site-packages/airflow/example_dags/example_dataset_alias.py for tasks to queue
[2026-06-29T22:46:24.720+0000] {logging_mixin.py:190} INFO - [2026-06-29T22:46:24.719+0000] {dagbag.py:588} INFO - Filling up the DagBag from /home/airflow/.local/lib/python3.12/site-packages/airflow/example_dags/example_dataset_alias.py
[2026-06-29T22:46:25.365+0000] {processor.py:925} INFO - DAG(s) 'dataset_alias_example_alias_consumer', 'dataset_s3_bucket_consumer', 'dataset_s3_bucket_producer', 'dataset_alias_example_alias_producer' retrieved from /home/airflow/.local/lib/python3.12/site-packages/airflow/example_dags/example_dataset_alias.py
[2026-06-29T22:46:25.395+0000] {logging_mixin.py:190} INFO - [2026-06-29T22:46:25.394+0000] {dag.py:3239} INFO - Sync 4 DAGs
[2026-06-29T22:46:25.424+0000] {logging_mixin.py:190} INFO - [2026-06-29T22:46:25.424+0000] {dag.py:4180} INFO - Setting next_dagrun for dataset_alias_example_alias_consumer to None, run_after=None
[2026-06-29T22:46:25.428+0000] {logging_mixin.py:190} INFO - [2026-06-29T22:46:25.427+0000] {dag.py:4180} INFO - Setting next_dagrun for dataset_alias_example_alias_producer to None, run_after=None
[2026-06-29T22:46:25.431+0000] {logging_mixin.py:190} INFO - [2026-06-29T22:46:25.431+0000] {dag.py:4180} INFO - Setting next_dagrun for dataset_s3_bucket_consumer to None, run_after=None
[2026-06-29T22:46:25.434+0000] {logging_mixin.py:190} INFO - [2026-06-29T22:46:25.433+0000] {dag.py:4180} INFO - Setting next_dagrun for dataset_s3_bucket_producer to None, run_after=None
[2026-06-29T22:46:25.464+0000] {processor.py:208} INFO - Processing /home/airflow/.local/lib/python3.12/site-packages/airflow/example_dags/example_dataset_alias.py took 0.758 seconds
[2026-06-29T22:46:56.280+0000] {processor.py:186} INFO - Started process (PID=789) to work on /home/airflow/.local/lib/python3.12/site-packages/airflow/example_dags/example_dataset_alias.py
[2026-06-29T22:46:56.283+0000] {processor.py:914} INFO - Processing file /home/airflow/.local/lib/python3.12/site-packages/airflow/example_dags/example_dataset_alias.py for tasks to queue
[2026-06-29T22:46:56.289+0000] {logging_mixin.py:190} INFO - [2026-06-29T22:46:56.288+0000] {dagbag.py:588} INFO - Filling up the DagBag from /home/airflow/.local/lib/python3.12/site-packages/airflow/example_dags/example_dataset_alias.py
[2026-06-29T22:46:57.318+0000] {processor.py:925} INFO - DAG(s) 'dataset_s3_bucket_producer', 'dataset_alias_example_alias_consumer', 'dataset_s3_bucket_consumer', 'dataset_alias_example_alias_producer' retrieved from /home/airflow/.local/lib/python3.12/site-packages/airflow/example_dags/example_dataset_alias.py
[2026-06-29T22:46:57.385+0000] {logging_mixin.py:190} INFO - [2026-06-29T22:46:57.384+0000] {dag.py:3239} INFO - Sync 4 DAGs
[2026-06-29T22:46:57.450+0000] {logging_mixin.py:190} INFO - [2026-06-29T22:46:57.450+0000] {dag.py:4180} INFO - Setting next_dagrun for dataset_alias_example_alias_consumer to None, run_after=None
[2026-06-29T22:46:57.467+0000] {logging_mixin.py:190} INFO - [2026-06-29T22:46:57.465+0000] {dag.py:4180} INFO - Setting next_dagrun for dataset_alias_example_alias_producer to None, run_after=None
[2026-06-29T22:46:57.488+0000] {logging_mixin.py:190} INFO - [2026-06-29T22:46:57.485+0000] {dag.py:4180} INFO - Setting next_dagrun for dataset_s3_bucket_consumer to None, run_after=None
[2026-06-29T22:46:57.495+0000] {logging_mixin.py:190} INFO - [2026-06-29T22:46:57.495+0000] {dag.py:4180} INFO - Setting next_dagrun for dataset_s3_bucket_producer to None, run_after=None
[2026-06-29T22:46:57.563+0000] {processor.py:208} INFO - Processing /home/airflow/.local/lib/python3.12/site-packages/airflow/example_dags/example_dataset_alias.py took 1.301 seconds
