[2026-06-29T21:59:16.959+0000] {processor.py:186} INFO - Started process (PID=110) to work on /home/airflow/.local/lib/python3.12/site-packages/airflow/example_dags/example_trigger_controller_dag.py
[2026-06-29T21:59:16.964+0000] {processor.py:914} INFO - Processing file /home/airflow/.local/lib/python3.12/site-packages/airflow/example_dags/example_trigger_controller_dag.py for tasks to queue
[2026-06-29T21:59:16.975+0000] {logging_mixin.py:190} INFO - [2026-06-29T21:59:16.974+0000] {dagbag.py:588} INFO - Filling up the DagBag from /home/airflow/.local/lib/python3.12/site-packages/airflow/example_dags/example_trigger_controller_dag.py
[2026-06-29T21:59:16.999+0000] {processor.py:925} INFO - DAG(s) 'example_trigger_controller_dag' retrieved from /home/airflow/.local/lib/python3.12/site-packages/airflow/example_dags/example_trigger_controller_dag.py
[2026-06-29T21:59:17.285+0000] {logging_mixin.py:190} INFO - [2026-06-29T21:59:17.283+0000] {override.py:1912} INFO - Created Permission View: can read on DAG:example_trigger_controller_dag
[2026-06-29T21:59:17.311+0000] {logging_mixin.py:190} INFO - [2026-06-29T21:59:17.310+0000] {override.py:1912} INFO - Created Permission View: can delete on DAG:example_trigger_controller_dag
[2026-06-29T21:59:17.363+0000] {logging_mixin.py:190} INFO - [2026-06-29T21:59:17.361+0000] {override.py:1912} INFO - Created Permission View: can edit on DAG:example_trigger_controller_dag
[2026-06-29T21:59:17.399+0000] {logging_mixin.py:190} INFO - [2026-06-29T21:59:17.397+0000] {override.py:1912} INFO - Created Permission View: menu access on DAG Run:example_trigger_controller_dag
[2026-06-29T21:59:17.434+0000] {logging_mixin.py:190} INFO - [2026-06-29T21:59:17.432+0000] {override.py:1912} INFO - Created Permission View: can read on DAG Run:example_trigger_controller_dag
[2026-06-29T21:59:17.469+0000] {logging_mixin.py:190} INFO - [2026-06-29T21:59:17.468+0000] {override.py:1912} INFO - Created Permission View: can delete on DAG Run:example_trigger_controller_dag
[2026-06-29T21:59:17.520+0000] {logging_mixin.py:190} INFO - [2026-06-29T21:59:17.518+0000] {override.py:1912} INFO - Created Permission View: can create on DAG Run:example_trigger_controller_dag
[2026-06-29T21:59:17.532+0000] {logging_mixin.py:190} INFO - [2026-06-29T21:59:17.530+0000] {dag.py:3239} INFO - Sync 1 DAGs
[2026-06-29T21:59:17.579+0000] {logging_mixin.py:190} INFO - [2026-06-29T21:59:17.579+0000] {dag.py:3262} INFO - Creating ORM DAG for example_trigger_controller_dag
[2026-06-29T21:59:17.619+0000] {logging_mixin.py:190} INFO - [2026-06-29T21:59:17.618+0000] {dag.py:4180} INFO - Setting next_dagrun for example_trigger_controller_dag to 2021-01-01 00:00:00+00:00, run_after=2021-01-01 00:00:00+00:00
[2026-06-29T21:59:17.665+0000] {processor.py:208} INFO - Processing /home/airflow/.local/lib/python3.12/site-packages/airflow/example_dags/example_trigger_controller_dag.py took 0.721 seconds
[2026-06-29T21:59:48.303+0000] {processor.py:186} INFO - Started process (PID=173) to work on /home/airflow/.local/lib/python3.12/site-packages/airflow/example_dags/example_trigger_controller_dag.py
[2026-06-29T21:59:48.325+0000] {processor.py:914} INFO - Processing file /home/airflow/.local/lib/python3.12/site-packages/airflow/example_dags/example_trigger_controller_dag.py for tasks to queue
[2026-06-29T21:59:48.337+0000] {logging_mixin.py:190} INFO - [2026-06-29T21:59:48.336+0000] {dagbag.py:588} INFO - Filling up the DagBag from /home/airflow/.local/lib/python3.12/site-packages/airflow/example_dags/example_trigger_controller_dag.py
[2026-06-29T21:59:48.373+0000] {processor.py:925} INFO - DAG(s) 'example_trigger_controller_dag' retrieved from /home/airflow/.local/lib/python3.12/site-packages/airflow/example_dags/example_trigger_controller_dag.py
[2026-06-29T21:59:48.415+0000] {logging_mixin.py:190} INFO - [2026-06-29T21:59:48.414+0000] {dag.py:3239} INFO - Sync 1 DAGs
[2026-06-29T21:59:48.463+0000] {logging_mixin.py:190} INFO - [2026-06-29T21:59:48.462+0000] {dag.py:4180} INFO - Setting next_dagrun for example_trigger_controller_dag to 2021-01-01 00:00:00+00:00, run_after=2021-01-01 00:00:00+00:00
[2026-06-29T21:59:48.508+0000] {processor.py:208} INFO - Processing /home/airflow/.local/lib/python3.12/site-packages/airflow/example_dags/example_trigger_controller_dag.py took 0.219 seconds
[2026-06-29T22:00:18.997+0000] {processor.py:186} INFO - Started process (PID=236) to work on /home/airflow/.local/lib/python3.12/site-packages/airflow/example_dags/example_trigger_controller_dag.py
[2026-06-29T22:00:18.999+0000] {processor.py:914} INFO - Processing file /home/airflow/.local/lib/python3.12/site-packages/airflow/example_dags/example_trigger_controller_dag.py for tasks to queue
[2026-06-29T22:00:19.006+0000] {logging_mixin.py:190} INFO - [2026-06-29T22:00:19.005+0000] {dagbag.py:588} INFO - Filling up the DagBag from /home/airflow/.local/lib/python3.12/site-packages/airflow/example_dags/example_trigger_controller_dag.py
[2026-06-29T22:00:19.019+0000] {processor.py:925} INFO - DAG(s) 'example_trigger_controller_dag' retrieved from /home/airflow/.local/lib/python3.12/site-packages/airflow/example_dags/example_trigger_controller_dag.py
[2026-06-29T22:00:19.063+0000] {logging_mixin.py:190} INFO - [2026-06-29T22:00:19.062+0000] {dag.py:3239} INFO - Sync 1 DAGs
[2026-06-29T22:00:19.103+0000] {logging_mixin.py:190} INFO - [2026-06-29T22:00:19.103+0000] {dag.py:4180} INFO - Setting next_dagrun for example_trigger_controller_dag to 2021-01-01 00:00:00+00:00, run_after=2021-01-01 00:00:00+00:00
[2026-06-29T22:00:19.133+0000] {processor.py:208} INFO - Processing /home/airflow/.local/lib/python3.12/site-packages/airflow/example_dags/example_trigger_controller_dag.py took 0.145 seconds
[2026-06-29T22:00:49.350+0000] {processor.py:186} INFO - Started process (PID=300) to work on /home/airflow/.local/lib/python3.12/site-packages/airflow/example_dags/example_trigger_controller_dag.py
[2026-06-29T22:00:49.351+0000] {processor.py:914} INFO - Processing file /home/airflow/.local/lib/python3.12/site-packages/airflow/example_dags/example_trigger_controller_dag.py for tasks to queue
[2026-06-29T22:00:49.356+0000] {logging_mixin.py:190} INFO - [2026-06-29T22:00:49.355+0000] {dagbag.py:588} INFO - Filling up the DagBag from /home/airflow/.local/lib/python3.12/site-packages/airflow/example_dags/example_trigger_controller_dag.py
[2026-06-29T22:00:49.366+0000] {processor.py:925} INFO - DAG(s) 'example_trigger_controller_dag' retrieved from /home/airflow/.local/lib/python3.12/site-packages/airflow/example_dags/example_trigger_controller_dag.py
[2026-06-29T22:00:49.388+0000] {logging_mixin.py:190} INFO - [2026-06-29T22:00:49.388+0000] {dag.py:3239} INFO - Sync 1 DAGs
[2026-06-29T22:00:49.413+0000] {logging_mixin.py:190} INFO - [2026-06-29T22:00:49.413+0000] {dag.py:4180} INFO - Setting next_dagrun for example_trigger_controller_dag to 2021-01-01 00:00:00+00:00, run_after=2021-01-01 00:00:00+00:00
[2026-06-29T22:00:49.433+0000] {processor.py:208} INFO - Processing /home/airflow/.local/lib/python3.12/site-packages/airflow/example_dags/example_trigger_controller_dag.py took 0.091 seconds
[2026-06-29T22:01:21.162+0000] {processor.py:186} INFO - Started process (PID=363) to work on /home/airflow/.local/lib/python3.12/site-packages/airflow/example_dags/example_trigger_controller_dag.py
[2026-06-29T22:01:21.166+0000] {processor.py:914} INFO - Processing file /home/airflow/.local/lib/python3.12/site-packages/airflow/example_dags/example_trigger_controller_dag.py for tasks to queue
[2026-06-29T22:01:21.171+0000] {logging_mixin.py:190} INFO - [2026-06-29T22:01:21.170+0000] {dagbag.py:588} INFO - Filling up the DagBag from /home/airflow/.local/lib/python3.12/site-packages/airflow/example_dags/example_trigger_controller_dag.py
[2026-06-29T22:01:21.182+0000] {processor.py:925} INFO - DAG(s) 'example_trigger_controller_dag' retrieved from /home/airflow/.local/lib/python3.12/site-packages/airflow/example_dags/example_trigger_controller_dag.py
[2026-06-29T22:01:21.221+0000] {logging_mixin.py:190} INFO - [2026-06-29T22:01:21.221+0000] {dag.py:3239} INFO - Sync 1 DAGs
[2026-06-29T22:01:21.264+0000] {logging_mixin.py:190} INFO - [2026-06-29T22:01:21.264+0000] {dag.py:4180} INFO - Setting next_dagrun for example_trigger_controller_dag to 2021-01-01 00:00:00+00:00, run_after=2021-01-01 00:00:00+00:00
[2026-06-29T22:01:21.298+0000] {processor.py:208} INFO - Processing /home/airflow/.local/lib/python3.12/site-packages/airflow/example_dags/example_trigger_controller_dag.py took 0.145 seconds
[2026-06-29T22:01:52.020+0000] {processor.py:186} INFO - Started process (PID=426) to work on /home/airflow/.local/lib/python3.12/site-packages/airflow/example_dags/example_trigger_controller_dag.py
[2026-06-29T22:01:52.023+0000] {processor.py:914} INFO - Processing file /home/airflow/.local/lib/python3.12/site-packages/airflow/example_dags/example_trigger_controller_dag.py for tasks to queue
[2026-06-29T22:01:52.033+0000] {logging_mixin.py:190} INFO - [2026-06-29T22:01:52.031+0000] {dagbag.py:588} INFO - Filling up the DagBag from /home/airflow/.local/lib/python3.12/site-packages/airflow/example_dags/example_trigger_controller_dag.py
[2026-06-29T22:01:52.057+0000] {processor.py:925} INFO - DAG(s) 'example_trigger_controller_dag' retrieved from /home/airflow/.local/lib/python3.12/site-packages/airflow/example_dags/example_trigger_controller_dag.py
[2026-06-29T22:01:52.104+0000] {logging_mixin.py:190} INFO - [2026-06-29T22:01:52.104+0000] {dag.py:3239} INFO - Sync 1 DAGs
[2026-06-29T22:01:52.163+0000] {logging_mixin.py:190} INFO - [2026-06-29T22:01:52.163+0000] {dag.py:4180} INFO - Setting next_dagrun for example_trigger_controller_dag to 2021-01-01 00:00:00+00:00, run_after=2021-01-01 00:00:00+00:00
[2026-06-29T22:01:52.203+0000] {processor.py:208} INFO - Processing /home/airflow/.local/lib/python3.12/site-packages/airflow/example_dags/example_trigger_controller_dag.py took 0.202 seconds
[2026-06-29T22:02:23.246+0000] {processor.py:186} INFO - Started process (PID=490) to work on /home/airflow/.local/lib/python3.12/site-packages/airflow/example_dags/example_trigger_controller_dag.py
[2026-06-29T22:02:23.249+0000] {processor.py:914} INFO - Processing file /home/airflow/.local/lib/python3.12/site-packages/airflow/example_dags/example_trigger_controller_dag.py for tasks to queue
[2026-06-29T22:02:23.253+0000] {logging_mixin.py:190} INFO - [2026-06-29T22:02:23.253+0000] {dagbag.py:588} INFO - Filling up the DagBag from /home/airflow/.local/lib/python3.12/site-packages/airflow/example_dags/example_trigger_controller_dag.py
[2026-06-29T22:02:23.265+0000] {processor.py:925} INFO - DAG(s) 'example_trigger_controller_dag' retrieved from /home/airflow/.local/lib/python3.12/site-packages/airflow/example_dags/example_trigger_controller_dag.py
[2026-06-29T22:02:23.313+0000] {logging_mixin.py:190} INFO - [2026-06-29T22:02:23.313+0000] {dag.py:3239} INFO - Sync 1 DAGs
[2026-06-29T22:02:23.351+0000] {logging_mixin.py:190} INFO - [2026-06-29T22:02:23.351+0000] {dag.py:4180} INFO - Setting next_dagrun for example_trigger_controller_dag to 2021-01-01 00:00:00+00:00, run_after=2021-01-01 00:00:00+00:00
[2026-06-29T22:02:23.417+0000] {processor.py:208} INFO - Processing /home/airflow/.local/lib/python3.12/site-packages/airflow/example_dags/example_trigger_controller_dag.py took 0.181 seconds
[2026-06-29T22:02:59.330+0000] {processor.py:186} INFO - Started process (PID=553) to work on /home/airflow/.local/lib/python3.12/site-packages/airflow/example_dags/example_trigger_controller_dag.py
[2026-06-29T22:02:59.334+0000] {processor.py:914} INFO - Processing file /home/airflow/.local/lib/python3.12/site-packages/airflow/example_dags/example_trigger_controller_dag.py for tasks to queue
[2026-06-29T22:02:59.346+0000] {logging_mixin.py:190} INFO - [2026-06-29T22:02:59.345+0000] {dagbag.py:588} INFO - Filling up the DagBag from /home/airflow/.local/lib/python3.12/site-packages/airflow/example_dags/example_trigger_controller_dag.py
[2026-06-29T22:02:59.371+0000] {processor.py:925} INFO - DAG(s) 'example_trigger_controller_dag' retrieved from /home/airflow/.local/lib/python3.12/site-packages/airflow/example_dags/example_trigger_controller_dag.py
[2026-06-29T22:02:59.439+0000] {logging_mixin.py:190} INFO - [2026-06-29T22:02:59.438+0000] {dag.py:3239} INFO - Sync 1 DAGs
[2026-06-29T22:02:59.503+0000] {logging_mixin.py:190} INFO - [2026-06-29T22:02:59.502+0000] {dag.py:4180} INFO - Setting next_dagrun for example_trigger_controller_dag to 2021-01-01 00:00:00+00:00, run_after=2021-01-01 00:00:00+00:00
[2026-06-29T22:02:59.561+0000] {processor.py:208} INFO - Processing /home/airflow/.local/lib/python3.12/site-packages/airflow/example_dags/example_trigger_controller_dag.py took 0.250 seconds
[2026-06-29T22:03:31.098+0000] {processor.py:186} INFO - Started process (PID=617) to work on /home/airflow/.local/lib/python3.12/site-packages/airflow/example_dags/example_trigger_controller_dag.py
[2026-06-29T22:03:31.102+0000] {processor.py:914} INFO - Processing file /home/airflow/.local/lib/python3.12/site-packages/airflow/example_dags/example_trigger_controller_dag.py for tasks to queue
[2026-06-29T22:03:31.116+0000] {logging_mixin.py:190} INFO - [2026-06-29T22:03:31.115+0000] {dagbag.py:588} INFO - Filling up the DagBag from /home/airflow/.local/lib/python3.12/site-packages/airflow/example_dags/example_trigger_controller_dag.py
[2026-06-29T22:03:31.139+0000] {processor.py:925} INFO - DAG(s) 'example_trigger_controller_dag' retrieved from /home/airflow/.local/lib/python3.12/site-packages/airflow/example_dags/example_trigger_controller_dag.py
[2026-06-29T22:03:31.200+0000] {logging_mixin.py:190} INFO - [2026-06-29T22:03:31.200+0000] {dag.py:3239} INFO - Sync 1 DAGs
[2026-06-29T22:03:31.254+0000] {logging_mixin.py:190} INFO - [2026-06-29T22:03:31.253+0000] {dag.py:4180} INFO - Setting next_dagrun for example_trigger_controller_dag to 2021-01-01 00:00:00+00:00, run_after=2021-01-01 00:00:00+00:00
[2026-06-29T22:03:31.318+0000] {processor.py:208} INFO - Processing /home/airflow/.local/lib/python3.12/site-packages/airflow/example_dags/example_trigger_controller_dag.py took 0.242 seconds
[2026-06-29T22:04:03.159+0000] {processor.py:186} INFO - Started process (PID=686) to work on /home/airflow/.local/lib/python3.12/site-packages/airflow/example_dags/example_trigger_controller_dag.py
[2026-06-29T22:04:03.162+0000] {processor.py:914} INFO - Processing file /home/airflow/.local/lib/python3.12/site-packages/airflow/example_dags/example_trigger_controller_dag.py for tasks to queue
[2026-06-29T22:04:03.170+0000] {logging_mixin.py:190} INFO - [2026-06-29T22:04:03.169+0000] {dagbag.py:588} INFO - Filling up the DagBag from /home/airflow/.local/lib/python3.12/site-packages/airflow/example_dags/example_trigger_controller_dag.py
[2026-06-29T22:04:03.188+0000] {processor.py:925} INFO - DAG(s) 'example_trigger_controller_dag' retrieved from /home/airflow/.local/lib/python3.12/site-packages/airflow/example_dags/example_trigger_controller_dag.py
[2026-06-29T22:04:03.244+0000] {logging_mixin.py:190} INFO - [2026-06-29T22:04:03.244+0000] {dag.py:3239} INFO - Sync 1 DAGs
[2026-06-29T22:04:03.290+0000] {logging_mixin.py:190} INFO - [2026-06-29T22:04:03.289+0000] {dag.py:4180} INFO - Setting next_dagrun for example_trigger_controller_dag to 2021-01-01 00:00:00+00:00, run_after=2021-01-01 00:00:00+00:00
[2026-06-29T22:04:03.332+0000] {processor.py:208} INFO - Processing /home/airflow/.local/lib/python3.12/site-packages/airflow/example_dags/example_trigger_controller_dag.py took 0.198 seconds
[2026-06-29T22:04:38.262+0000] {processor.py:186} INFO - Started process (PID=750) to work on /home/airflow/.local/lib/python3.12/site-packages/airflow/example_dags/example_trigger_controller_dag.py
[2026-06-29T22:04:38.268+0000] {processor.py:914} INFO - Processing file /home/airflow/.local/lib/python3.12/site-packages/airflow/example_dags/example_trigger_controller_dag.py for tasks to queue
[2026-06-29T22:04:38.289+0000] {logging_mixin.py:190} INFO - [2026-06-29T22:04:38.286+0000] {dagbag.py:588} INFO - Filling up the DagBag from /home/airflow/.local/lib/python3.12/site-packages/airflow/example_dags/example_trigger_controller_dag.py
[2026-06-29T22:04:38.328+0000] {processor.py:925} INFO - DAG(s) 'example_trigger_controller_dag' retrieved from /home/airflow/.local/lib/python3.12/site-packages/airflow/example_dags/example_trigger_controller_dag.py
[2026-06-29T22:04:38.453+0000] {logging_mixin.py:190} INFO - [2026-06-29T22:04:38.453+0000] {dag.py:3239} INFO - Sync 1 DAGs
[2026-06-29T22:04:38.526+0000] {logging_mixin.py:190} INFO - [2026-06-29T22:04:38.523+0000] {dag.py:4180} INFO - Setting next_dagrun for example_trigger_controller_dag to 2021-01-01 00:00:00+00:00, run_after=2021-01-01 00:00:00+00:00
[2026-06-29T22:04:38.659+0000] {processor.py:208} INFO - Processing /home/airflow/.local/lib/python3.12/site-packages/airflow/example_dags/example_trigger_controller_dag.py took 0.417 seconds
[2026-06-29T22:05:08.760+0000] {processor.py:186} INFO - Started process (PID=814) to work on /home/airflow/.local/lib/python3.12/site-packages/airflow/example_dags/example_trigger_controller_dag.py
[2026-06-29T22:05:08.762+0000] {processor.py:914} INFO - Processing file /home/airflow/.local/lib/python3.12/site-packages/airflow/example_dags/example_trigger_controller_dag.py for tasks to queue
[2026-06-29T22:05:08.765+0000] {logging_mixin.py:190} INFO - [2026-06-29T22:05:08.765+0000] {dagbag.py:588} INFO - Filling up the DagBag from /home/airflow/.local/lib/python3.12/site-packages/airflow/example_dags/example_trigger_controller_dag.py
[2026-06-29T22:05:08.773+0000] {processor.py:925} INFO - DAG(s) 'example_trigger_controller_dag' retrieved from /home/airflow/.local/lib/python3.12/site-packages/airflow/example_dags/example_trigger_controller_dag.py
[2026-06-29T22:05:08.795+0000] {logging_mixin.py:190} INFO - [2026-06-29T22:05:08.794+0000] {dag.py:3239} INFO - Sync 1 DAGs
[2026-06-29T22:05:08.817+0000] {logging_mixin.py:190} INFO - [2026-06-29T22:05:08.816+0000] {dag.py:4180} INFO - Setting next_dagrun for example_trigger_controller_dag to 2021-01-01 00:00:00+00:00, run_after=2021-01-01 00:00:00+00:00
[2026-06-29T22:05:08.836+0000] {processor.py:208} INFO - Processing /home/airflow/.local/lib/python3.12/site-packages/airflow/example_dags/example_trigger_controller_dag.py took 0.082 seconds
[2026-06-29T22:05:39.679+0000] {processor.py:186} INFO - Started process (PID=879) to work on /home/airflow/.local/lib/python3.12/site-packages/airflow/example_dags/example_trigger_controller_dag.py
[2026-06-29T22:05:39.681+0000] {processor.py:914} INFO - Processing file /home/airflow/.local/lib/python3.12/site-packages/airflow/example_dags/example_trigger_controller_dag.py for tasks to queue
[2026-06-29T22:05:39.685+0000] {logging_mixin.py:190} INFO - [2026-06-29T22:05:39.685+0000] {dagbag.py:588} INFO - Filling up the DagBag from /home/airflow/.local/lib/python3.12/site-packages/airflow/example_dags/example_trigger_controller_dag.py
[2026-06-29T22:05:39.695+0000] {processor.py:925} INFO - DAG(s) 'example_trigger_controller_dag' retrieved from /home/airflow/.local/lib/python3.12/site-packages/airflow/example_dags/example_trigger_controller_dag.py
[2026-06-29T22:05:39.718+0000] {logging_mixin.py:190} INFO - [2026-06-29T22:05:39.718+0000] {dag.py:3239} INFO - Sync 1 DAGs
[2026-06-29T22:05:39.747+0000] {logging_mixin.py:190} INFO - [2026-06-29T22:05:39.746+0000] {dag.py:4180} INFO - Setting next_dagrun for example_trigger_controller_dag to 2021-01-01 00:00:00+00:00, run_after=2021-01-01 00:00:00+00:00
[2026-06-29T22:05:39.770+0000] {processor.py:208} INFO - Processing /home/airflow/.local/lib/python3.12/site-packages/airflow/example_dags/example_trigger_controller_dag.py took 0.098 seconds
[2026-06-29T22:06:11.323+0000] {processor.py:186} INFO - Started process (PID=943) to work on /home/airflow/.local/lib/python3.12/site-packages/airflow/example_dags/example_trigger_controller_dag.py
[2026-06-29T22:06:11.325+0000] {processor.py:914} INFO - Processing file /home/airflow/.local/lib/python3.12/site-packages/airflow/example_dags/example_trigger_controller_dag.py for tasks to queue
[2026-06-29T22:06:11.328+0000] {logging_mixin.py:190} INFO - [2026-06-29T22:06:11.328+0000] {dagbag.py:588} INFO - Filling up the DagBag from /home/airflow/.local/lib/python3.12/site-packages/airflow/example_dags/example_trigger_controller_dag.py
[2026-06-29T22:06:11.337+0000] {processor.py:925} INFO - DAG(s) 'example_trigger_controller_dag' retrieved from /home/airflow/.local/lib/python3.12/site-packages/airflow/example_dags/example_trigger_controller_dag.py
[2026-06-29T22:06:11.365+0000] {logging_mixin.py:190} INFO - [2026-06-29T22:06:11.364+0000] {dag.py:3239} INFO - Sync 1 DAGs
[2026-06-29T22:06:11.394+0000] {logging_mixin.py:190} INFO - [2026-06-29T22:06:11.394+0000] {dag.py:4180} INFO - Setting next_dagrun for example_trigger_controller_dag to 2021-01-01 00:00:00+00:00, run_after=2021-01-01 00:00:00+00:00
[2026-06-29T22:06:11.429+0000] {processor.py:208} INFO - Processing /home/airflow/.local/lib/python3.12/site-packages/airflow/example_dags/example_trigger_controller_dag.py took 0.114 seconds
[2026-06-29T22:08:27.964+0000] {processor.py:186} INFO - Started process (PID=118) to work on /home/airflow/.local/lib/python3.12/site-packages/airflow/example_dags/example_trigger_controller_dag.py
[2026-06-29T22:08:27.968+0000] {processor.py:914} INFO - Processing file /home/airflow/.local/lib/python3.12/site-packages/airflow/example_dags/example_trigger_controller_dag.py for tasks to queue
[2026-06-29T22:08:27.973+0000] {logging_mixin.py:190} INFO - [2026-06-29T22:08:27.972+0000] {dagbag.py:588} INFO - Filling up the DagBag from /home/airflow/.local/lib/python3.12/site-packages/airflow/example_dags/example_trigger_controller_dag.py
[2026-06-29T22:08:27.991+0000] {processor.py:925} INFO - DAG(s) 'example_trigger_controller_dag' retrieved from /home/airflow/.local/lib/python3.12/site-packages/airflow/example_dags/example_trigger_controller_dag.py
[2026-06-29T22:08:28.050+0000] {logging_mixin.py:190} INFO - [2026-06-29T22:08:28.049+0000] {dag.py:3239} INFO - Sync 1 DAGs
[2026-06-29T22:08:28.112+0000] {logging_mixin.py:190} INFO - [2026-06-29T22:08:28.112+0000] {dag.py:4180} INFO - Setting next_dagrun for example_trigger_controller_dag to 2021-01-01 00:00:00+00:00, run_after=2021-01-01 00:00:00+00:00
[2026-06-29T22:08:28.180+0000] {processor.py:208} INFO - Processing /home/airflow/.local/lib/python3.12/site-packages/airflow/example_dags/example_trigger_controller_dag.py took 0.231 seconds
[2026-06-29T22:09:04.553+0000] {processor.py:186} INFO - Started process (PID=182) to work on /home/airflow/.local/lib/python3.12/site-packages/airflow/example_dags/example_trigger_controller_dag.py
[2026-06-29T22:09:04.558+0000] {processor.py:914} INFO - Processing file /home/airflow/.local/lib/python3.12/site-packages/airflow/example_dags/example_trigger_controller_dag.py for tasks to queue
[2026-06-29T22:09:04.569+0000] {logging_mixin.py:190} INFO - [2026-06-29T22:09:04.568+0000] {dagbag.py:588} INFO - Filling up the DagBag from /home/airflow/.local/lib/python3.12/site-packages/airflow/example_dags/example_trigger_controller_dag.py
[2026-06-29T22:09:04.591+0000] {processor.py:925} INFO - DAG(s) 'example_trigger_controller_dag' retrieved from /home/airflow/.local/lib/python3.12/site-packages/airflow/example_dags/example_trigger_controller_dag.py
[2026-06-29T22:09:04.649+0000] {logging_mixin.py:190} INFO - [2026-06-29T22:09:04.648+0000] {dag.py:3239} INFO - Sync 1 DAGs
[2026-06-29T22:09:04.720+0000] {logging_mixin.py:190} INFO - [2026-06-29T22:09:04.719+0000] {dag.py:4180} INFO - Setting next_dagrun for example_trigger_controller_dag to 2021-01-01 00:00:00+00:00, run_after=2021-01-01 00:00:00+00:00
[2026-06-29T22:09:04.805+0000] {processor.py:208} INFO - Processing /home/airflow/.local/lib/python3.12/site-packages/airflow/example_dags/example_trigger_controller_dag.py took 0.273 seconds
[2026-06-29T22:09:37.734+0000] {processor.py:186} INFO - Started process (PID=252) to work on /home/airflow/.local/lib/python3.12/site-packages/airflow/example_dags/example_trigger_controller_dag.py
[2026-06-29T22:09:37.737+0000] {processor.py:914} INFO - Processing file /home/airflow/.local/lib/python3.12/site-packages/airflow/example_dags/example_trigger_controller_dag.py for tasks to queue
[2026-06-29T22:09:37.745+0000] {logging_mixin.py:190} INFO - [2026-06-29T22:09:37.744+0000] {dagbag.py:588} INFO - Filling up the DagBag from /home/airflow/.local/lib/python3.12/site-packages/airflow/example_dags/example_trigger_controller_dag.py
[2026-06-29T22:09:37.762+0000] {processor.py:925} INFO - DAG(s) 'example_trigger_controller_dag' retrieved from /home/airflow/.local/lib/python3.12/site-packages/airflow/example_dags/example_trigger_controller_dag.py
[2026-06-29T22:09:37.804+0000] {logging_mixin.py:190} INFO - [2026-06-29T22:09:37.804+0000] {dag.py:3239} INFO - Sync 1 DAGs
[2026-06-29T22:09:37.853+0000] {logging_mixin.py:190} INFO - [2026-06-29T22:09:37.852+0000] {dag.py:4180} INFO - Setting next_dagrun for example_trigger_controller_dag to 2021-01-01 00:00:00+00:00, run_after=2021-01-01 00:00:00+00:00
[2026-06-29T22:09:37.897+0000] {processor.py:208} INFO - Processing /home/airflow/.local/lib/python3.12/site-packages/airflow/example_dags/example_trigger_controller_dag.py took 0.175 seconds
[2026-06-29T22:10:14.609+0000] {processor.py:186} INFO - Started process (PID=317) to work on /home/airflow/.local/lib/python3.12/site-packages/airflow/example_dags/example_trigger_controller_dag.py
[2026-06-29T22:10:14.612+0000] {processor.py:914} INFO - Processing file /home/airflow/.local/lib/python3.12/site-packages/airflow/example_dags/example_trigger_controller_dag.py for tasks to queue
[2026-06-29T22:10:14.617+0000] {logging_mixin.py:190} INFO - [2026-06-29T22:10:14.616+0000] {dagbag.py:588} INFO - Filling up the DagBag from /home/airflow/.local/lib/python3.12/site-packages/airflow/example_dags/example_trigger_controller_dag.py
[2026-06-29T22:10:14.630+0000] {processor.py:925} INFO - DAG(s) 'example_trigger_controller_dag' retrieved from /home/airflow/.local/lib/python3.12/site-packages/airflow/example_dags/example_trigger_controller_dag.py
[2026-06-29T22:10:14.662+0000] {logging_mixin.py:190} INFO - [2026-06-29T22:10:14.661+0000] {dag.py:3239} INFO - Sync 1 DAGs
[2026-06-29T22:10:14.697+0000] {logging_mixin.py:190} INFO - [2026-06-29T22:10:14.696+0000] {dag.py:4180} INFO - Setting next_dagrun for example_trigger_controller_dag to 2021-01-01 00:00:00+00:00, run_after=2021-01-01 00:00:00+00:00
[2026-06-29T22:10:14.727+0000] {processor.py:208} INFO - Processing /home/airflow/.local/lib/python3.12/site-packages/airflow/example_dags/example_trigger_controller_dag.py took 0.127 seconds
[2026-06-29T22:10:45.387+0000] {processor.py:186} INFO - Started process (PID=381) to work on /home/airflow/.local/lib/python3.12/site-packages/airflow/example_dags/example_trigger_controller_dag.py
[2026-06-29T22:10:45.391+0000] {processor.py:914} INFO - Processing file /home/airflow/.local/lib/python3.12/site-packages/airflow/example_dags/example_trigger_controller_dag.py for tasks to queue
[2026-06-29T22:10:45.400+0000] {logging_mixin.py:190} INFO - [2026-06-29T22:10:45.399+0000] {dagbag.py:588} INFO - Filling up the DagBag from /home/airflow/.local/lib/python3.12/site-packages/airflow/example_dags/example_trigger_controller_dag.py
[2026-06-29T22:10:45.426+0000] {processor.py:925} INFO - DAG(s) 'example_trigger_controller_dag' retrieved from /home/airflow/.local/lib/python3.12/site-packages/airflow/example_dags/example_trigger_controller_dag.py
[2026-06-29T22:10:45.474+0000] {logging_mixin.py:190} INFO - [2026-06-29T22:10:45.473+0000] {dag.py:3239} INFO - Sync 1 DAGs
[2026-06-29T22:10:45.533+0000] {logging_mixin.py:190} INFO - [2026-06-29T22:10:45.532+0000] {dag.py:4180} INFO - Setting next_dagrun for example_trigger_controller_dag to 2021-01-01 00:00:00+00:00, run_after=2021-01-01 00:00:00+00:00
[2026-06-29T22:10:45.589+0000] {processor.py:208} INFO - Processing /home/airflow/.local/lib/python3.12/site-packages/airflow/example_dags/example_trigger_controller_dag.py took 0.224 seconds
[2026-06-29T22:11:16.518+0000] {processor.py:186} INFO - Started process (PID=445) to work on /home/airflow/.local/lib/python3.12/site-packages/airflow/example_dags/example_trigger_controller_dag.py
[2026-06-29T22:11:16.520+0000] {processor.py:914} INFO - Processing file /home/airflow/.local/lib/python3.12/site-packages/airflow/example_dags/example_trigger_controller_dag.py for tasks to queue
[2026-06-29T22:11:16.526+0000] {logging_mixin.py:190} INFO - [2026-06-29T22:11:16.525+0000] {dagbag.py:588} INFO - Filling up the DagBag from /home/airflow/.local/lib/python3.12/site-packages/airflow/example_dags/example_trigger_controller_dag.py
[2026-06-29T22:11:16.535+0000] {processor.py:925} INFO - DAG(s) 'example_trigger_controller_dag' retrieved from /home/airflow/.local/lib/python3.12/site-packages/airflow/example_dags/example_trigger_controller_dag.py
[2026-06-29T22:11:16.564+0000] {logging_mixin.py:190} INFO - [2026-06-29T22:11:16.563+0000] {dag.py:3239} INFO - Sync 1 DAGs
[2026-06-29T22:11:16.590+0000] {logging_mixin.py:190} INFO - [2026-06-29T22:11:16.590+0000] {dag.py:4180} INFO - Setting next_dagrun for example_trigger_controller_dag to 2021-01-01 00:00:00+00:00, run_after=2021-01-01 00:00:00+00:00
[2026-06-29T22:11:16.618+0000] {processor.py:208} INFO - Processing /home/airflow/.local/lib/python3.12/site-packages/airflow/example_dags/example_trigger_controller_dag.py took 0.107 seconds
[2026-06-29T22:11:47.436+0000] {processor.py:186} INFO - Started process (PID=509) to work on /home/airflow/.local/lib/python3.12/site-packages/airflow/example_dags/example_trigger_controller_dag.py
[2026-06-29T22:11:47.438+0000] {processor.py:914} INFO - Processing file /home/airflow/.local/lib/python3.12/site-packages/airflow/example_dags/example_trigger_controller_dag.py for tasks to queue
[2026-06-29T22:11:47.443+0000] {logging_mixin.py:190} INFO - [2026-06-29T22:11:47.443+0000] {dagbag.py:588} INFO - Filling up the DagBag from /home/airflow/.local/lib/python3.12/site-packages/airflow/example_dags/example_trigger_controller_dag.py
[2026-06-29T22:11:47.451+0000] {processor.py:925} INFO - DAG(s) 'example_trigger_controller_dag' retrieved from /home/airflow/.local/lib/python3.12/site-packages/airflow/example_dags/example_trigger_controller_dag.py
[2026-06-29T22:11:47.475+0000] {logging_mixin.py:190} INFO - [2026-06-29T22:11:47.475+0000] {dag.py:3239} INFO - Sync 1 DAGs
[2026-06-29T22:11:47.501+0000] {logging_mixin.py:190} INFO - [2026-06-29T22:11:47.501+0000] {dag.py:4180} INFO - Setting next_dagrun for example_trigger_controller_dag to 2021-01-01 00:00:00+00:00, run_after=2021-01-01 00:00:00+00:00
[2026-06-29T22:11:47.527+0000] {processor.py:208} INFO - Processing /home/airflow/.local/lib/python3.12/site-packages/airflow/example_dags/example_trigger_controller_dag.py took 0.099 seconds
[2026-06-29T22:12:18.195+0000] {processor.py:186} INFO - Started process (PID=573) to work on /home/airflow/.local/lib/python3.12/site-packages/airflow/example_dags/example_trigger_controller_dag.py
[2026-06-29T22:12:18.197+0000] {processor.py:914} INFO - Processing file /home/airflow/.local/lib/python3.12/site-packages/airflow/example_dags/example_trigger_controller_dag.py for tasks to queue
[2026-06-29T22:12:18.200+0000] {logging_mixin.py:190} INFO - [2026-06-29T22:12:18.200+0000] {dagbag.py:588} INFO - Filling up the DagBag from /home/airflow/.local/lib/python3.12/site-packages/airflow/example_dags/example_trigger_controller_dag.py
[2026-06-29T22:12:18.213+0000] {processor.py:925} INFO - DAG(s) 'example_trigger_controller_dag' retrieved from /home/airflow/.local/lib/python3.12/site-packages/airflow/example_dags/example_trigger_controller_dag.py
[2026-06-29T22:12:18.239+0000] {logging_mixin.py:190} INFO - [2026-06-29T22:12:18.239+0000] {dag.py:3239} INFO - Sync 1 DAGs
[2026-06-29T22:12:18.264+0000] {logging_mixin.py:190} INFO - [2026-06-29T22:12:18.263+0000] {dag.py:4180} INFO - Setting next_dagrun for example_trigger_controller_dag to 2021-01-01 00:00:00+00:00, run_after=2021-01-01 00:00:00+00:00
[2026-06-29T22:12:18.287+0000] {processor.py:208} INFO - Processing /home/airflow/.local/lib/python3.12/site-packages/airflow/example_dags/example_trigger_controller_dag.py took 0.099 seconds
[2026-06-29T22:12:48.992+0000] {processor.py:186} INFO - Started process (PID=637) to work on /home/airflow/.local/lib/python3.12/site-packages/airflow/example_dags/example_trigger_controller_dag.py
[2026-06-29T22:12:48.994+0000] {processor.py:914} INFO - Processing file /home/airflow/.local/lib/python3.12/site-packages/airflow/example_dags/example_trigger_controller_dag.py for tasks to queue
[2026-06-29T22:12:48.998+0000] {logging_mixin.py:190} INFO - [2026-06-29T22:12:48.998+0000] {dagbag.py:588} INFO - Filling up the DagBag from /home/airflow/.local/lib/python3.12/site-packages/airflow/example_dags/example_trigger_controller_dag.py
[2026-06-29T22:12:49.015+0000] {processor.py:925} INFO - DAG(s) 'example_trigger_controller_dag' retrieved from /home/airflow/.local/lib/python3.12/site-packages/airflow/example_dags/example_trigger_controller_dag.py
[2026-06-29T22:12:49.062+0000] {logging_mixin.py:190} INFO - [2026-06-29T22:12:49.062+0000] {dag.py:3239} INFO - Sync 1 DAGs
[2026-06-29T22:12:49.104+0000] {logging_mixin.py:190} INFO - [2026-06-29T22:12:49.103+0000] {dag.py:4180} INFO - Setting next_dagrun for example_trigger_controller_dag to 2021-01-01 00:00:00+00:00, run_after=2021-01-01 00:00:00+00:00
[2026-06-29T22:12:49.134+0000] {processor.py:208} INFO - Processing /home/airflow/.local/lib/python3.12/site-packages/airflow/example_dags/example_trigger_controller_dag.py took 0.154 seconds
[2026-06-29T22:13:21.093+0000] {processor.py:186} INFO - Started process (PID=701) to work on /home/airflow/.local/lib/python3.12/site-packages/airflow/example_dags/example_trigger_controller_dag.py
[2026-06-29T22:13:21.095+0000] {processor.py:914} INFO - Processing file /home/airflow/.local/lib/python3.12/site-packages/airflow/example_dags/example_trigger_controller_dag.py for tasks to queue
[2026-06-29T22:13:21.099+0000] {logging_mixin.py:190} INFO - [2026-06-29T22:13:21.099+0000] {dagbag.py:588} INFO - Filling up the DagBag from /home/airflow/.local/lib/python3.12/site-packages/airflow/example_dags/example_trigger_controller_dag.py
[2026-06-29T22:13:21.112+0000] {processor.py:925} INFO - DAG(s) 'example_trigger_controller_dag' retrieved from /home/airflow/.local/lib/python3.12/site-packages/airflow/example_dags/example_trigger_controller_dag.py
[2026-06-29T22:13:21.148+0000] {logging_mixin.py:190} INFO - [2026-06-29T22:13:21.148+0000] {dag.py:3239} INFO - Sync 1 DAGs
[2026-06-29T22:13:21.192+0000] {logging_mixin.py:190} INFO - [2026-06-29T22:13:21.192+0000] {dag.py:4180} INFO - Setting next_dagrun for example_trigger_controller_dag to 2021-01-01 00:00:00+00:00, run_after=2021-01-01 00:00:00+00:00
[2026-06-29T22:13:21.240+0000] {processor.py:208} INFO - Processing /home/airflow/.local/lib/python3.12/site-packages/airflow/example_dags/example_trigger_controller_dag.py took 0.157 seconds
[2026-06-29T22:13:51.821+0000] {processor.py:186} INFO - Started process (PID=766) to work on /home/airflow/.local/lib/python3.12/site-packages/airflow/example_dags/example_trigger_controller_dag.py
[2026-06-29T22:13:51.823+0000] {processor.py:914} INFO - Processing file /home/airflow/.local/lib/python3.12/site-packages/airflow/example_dags/example_trigger_controller_dag.py for tasks to queue
[2026-06-29T22:13:51.831+0000] {logging_mixin.py:190} INFO - [2026-06-29T22:13:51.828+0000] {dagbag.py:588} INFO - Filling up the DagBag from /home/airflow/.local/lib/python3.12/site-packages/airflow/example_dags/example_trigger_controller_dag.py
[2026-06-29T22:13:51.845+0000] {processor.py:925} INFO - DAG(s) 'example_trigger_controller_dag' retrieved from /home/airflow/.local/lib/python3.12/site-packages/airflow/example_dags/example_trigger_controller_dag.py
[2026-06-29T22:13:51.879+0000] {logging_mixin.py:190} INFO - [2026-06-29T22:13:51.878+0000] {dag.py:3239} INFO - Sync 1 DAGs
[2026-06-29T22:13:51.913+0000] {logging_mixin.py:190} INFO - [2026-06-29T22:13:51.912+0000] {dag.py:4180} INFO - Setting next_dagrun for example_trigger_controller_dag to 2021-01-01 00:00:00+00:00, run_after=2021-01-01 00:00:00+00:00
[2026-06-29T22:13:51.941+0000] {processor.py:208} INFO - Processing /home/airflow/.local/lib/python3.12/site-packages/airflow/example_dags/example_trigger_controller_dag.py took 0.130 seconds
[2026-06-29T22:14:25.125+0000] {processor.py:186} INFO - Started process (PID=830) to work on /home/airflow/.local/lib/python3.12/site-packages/airflow/example_dags/example_trigger_controller_dag.py
[2026-06-29T22:14:25.128+0000] {processor.py:914} INFO - Processing file /home/airflow/.local/lib/python3.12/site-packages/airflow/example_dags/example_trigger_controller_dag.py for tasks to queue
[2026-06-29T22:14:25.135+0000] {logging_mixin.py:190} INFO - [2026-06-29T22:14:25.134+0000] {dagbag.py:588} INFO - Filling up the DagBag from /home/airflow/.local/lib/python3.12/site-packages/airflow/example_dags/example_trigger_controller_dag.py
[2026-06-29T22:14:25.149+0000] {processor.py:925} INFO - DAG(s) 'example_trigger_controller_dag' retrieved from /home/airflow/.local/lib/python3.12/site-packages/airflow/example_dags/example_trigger_controller_dag.py
[2026-06-29T22:14:25.190+0000] {logging_mixin.py:190} INFO - [2026-06-29T22:14:25.190+0000] {dag.py:3239} INFO - Sync 1 DAGs
[2026-06-29T22:14:25.233+0000] {logging_mixin.py:190} INFO - [2026-06-29T22:14:25.232+0000] {dag.py:4180} INFO - Setting next_dagrun for example_trigger_controller_dag to 2021-01-01 00:00:00+00:00, run_after=2021-01-01 00:00:00+00:00
[2026-06-29T22:14:25.285+0000] {processor.py:208} INFO - Processing /home/airflow/.local/lib/python3.12/site-packages/airflow/example_dags/example_trigger_controller_dag.py took 0.174 seconds
[2026-06-29T22:14:55.656+0000] {processor.py:186} INFO - Started process (PID=894) to work on /home/airflow/.local/lib/python3.12/site-packages/airflow/example_dags/example_trigger_controller_dag.py
[2026-06-29T22:14:55.661+0000] {processor.py:914} INFO - Processing file /home/airflow/.local/lib/python3.12/site-packages/airflow/example_dags/example_trigger_controller_dag.py for tasks to queue
[2026-06-29T22:14:55.660+0000] {logging_mixin.py:190} INFO - [2026-06-29T22:14:55.659+0000] {dagbag.py:588} INFO - Filling up the DagBag from /home/airflow/.local/lib/python3.12/site-packages/airflow/example_dags/example_trigger_controller_dag.py
[2026-06-29T22:14:55.682+0000] {processor.py:925} INFO - DAG(s) 'example_trigger_controller_dag' retrieved from /home/airflow/.local/lib/python3.12/site-packages/airflow/example_dags/example_trigger_controller_dag.py
[2026-06-29T22:14:55.746+0000] {logging_mixin.py:190} INFO - [2026-06-29T22:14:55.746+0000] {dag.py:3239} INFO - Sync 1 DAGs
[2026-06-29T22:14:55.793+0000] {logging_mixin.py:190} INFO - [2026-06-29T22:14:55.792+0000] {dag.py:4180} INFO - Setting next_dagrun for example_trigger_controller_dag to 2021-01-01 00:00:00+00:00, run_after=2021-01-01 00:00:00+00:00
[2026-06-29T22:14:55.838+0000] {processor.py:208} INFO - Processing /home/airflow/.local/lib/python3.12/site-packages/airflow/example_dags/example_trigger_controller_dag.py took 0.203 seconds
[2026-06-29T22:15:26.970+0000] {processor.py:186} INFO - Started process (PID=958) to work on /home/airflow/.local/lib/python3.12/site-packages/airflow/example_dags/example_trigger_controller_dag.py
[2026-06-29T22:15:26.972+0000] {processor.py:914} INFO - Processing file /home/airflow/.local/lib/python3.12/site-packages/airflow/example_dags/example_trigger_controller_dag.py for tasks to queue
[2026-06-29T22:15:26.976+0000] {logging_mixin.py:190} INFO - [2026-06-29T22:15:26.976+0000] {dagbag.py:588} INFO - Filling up the DagBag from /home/airflow/.local/lib/python3.12/site-packages/airflow/example_dags/example_trigger_controller_dag.py
[2026-06-29T22:15:26.988+0000] {processor.py:925} INFO - DAG(s) 'example_trigger_controller_dag' retrieved from /home/airflow/.local/lib/python3.12/site-packages/airflow/example_dags/example_trigger_controller_dag.py
[2026-06-29T22:15:27.020+0000] {logging_mixin.py:190} INFO - [2026-06-29T22:15:27.020+0000] {dag.py:3239} INFO - Sync 1 DAGs
[2026-06-29T22:15:27.058+0000] {logging_mixin.py:190} INFO - [2026-06-29T22:15:27.058+0000] {dag.py:4180} INFO - Setting next_dagrun for example_trigger_controller_dag to 2021-01-01 00:00:00+00:00, run_after=2021-01-01 00:00:00+00:00
[2026-06-29T22:15:27.093+0000] {processor.py:208} INFO - Processing /home/airflow/.local/lib/python3.12/site-packages/airflow/example_dags/example_trigger_controller_dag.py took 0.135 seconds
[2026-06-29T22:15:58.530+0000] {processor.py:186} INFO - Started process (PID=1022) to work on /home/airflow/.local/lib/python3.12/site-packages/airflow/example_dags/example_trigger_controller_dag.py
[2026-06-29T22:15:58.532+0000] {processor.py:914} INFO - Processing file /home/airflow/.local/lib/python3.12/site-packages/airflow/example_dags/example_trigger_controller_dag.py for tasks to queue
[2026-06-29T22:15:58.542+0000] {logging_mixin.py:190} INFO - [2026-06-29T22:15:58.540+0000] {dagbag.py:588} INFO - Filling up the DagBag from /home/airflow/.local/lib/python3.12/site-packages/airflow/example_dags/example_trigger_controller_dag.py
[2026-06-29T22:15:58.565+0000] {processor.py:925} INFO - DAG(s) 'example_trigger_controller_dag' retrieved from /home/airflow/.local/lib/python3.12/site-packages/airflow/example_dags/example_trigger_controller_dag.py
[2026-06-29T22:15:58.627+0000] {logging_mixin.py:190} INFO - [2026-06-29T22:15:58.625+0000] {dag.py:3239} INFO - Sync 1 DAGs
[2026-06-29T22:15:58.671+0000] {logging_mixin.py:190} INFO - [2026-06-29T22:15:58.671+0000] {dag.py:4180} INFO - Setting next_dagrun for example_trigger_controller_dag to 2021-01-01 00:00:00+00:00, run_after=2021-01-01 00:00:00+00:00
[2026-06-29T22:15:58.712+0000] {processor.py:208} INFO - Processing /home/airflow/.local/lib/python3.12/site-packages/airflow/example_dags/example_trigger_controller_dag.py took 0.194 seconds
[2026-06-29T22:16:29.529+0000] {processor.py:186} INFO - Started process (PID=1086) to work on /home/airflow/.local/lib/python3.12/site-packages/airflow/example_dags/example_trigger_controller_dag.py
[2026-06-29T22:16:29.531+0000] {processor.py:914} INFO - Processing file /home/airflow/.local/lib/python3.12/site-packages/airflow/example_dags/example_trigger_controller_dag.py for tasks to queue
[2026-06-29T22:16:29.535+0000] {logging_mixin.py:190} INFO - [2026-06-29T22:16:29.534+0000] {dagbag.py:588} INFO - Filling up the DagBag from /home/airflow/.local/lib/python3.12/site-packages/airflow/example_dags/example_trigger_controller_dag.py
[2026-06-29T22:16:29.548+0000] {processor.py:925} INFO - DAG(s) 'example_trigger_controller_dag' retrieved from /home/airflow/.local/lib/python3.12/site-packages/airflow/example_dags/example_trigger_controller_dag.py
[2026-06-29T22:16:29.577+0000] {logging_mixin.py:190} INFO - [2026-06-29T22:16:29.576+0000] {dag.py:3239} INFO - Sync 1 DAGs
[2026-06-29T22:16:29.607+0000] {logging_mixin.py:190} INFO - [2026-06-29T22:16:29.607+0000] {dag.py:4180} INFO - Setting next_dagrun for example_trigger_controller_dag to 2021-01-01 00:00:00+00:00, run_after=2021-01-01 00:00:00+00:00
[2026-06-29T22:16:29.633+0000] {processor.py:208} INFO - Processing /home/airflow/.local/lib/python3.12/site-packages/airflow/example_dags/example_trigger_controller_dag.py took 0.113 seconds
[2026-06-29T22:17:01.069+0000] {processor.py:186} INFO - Started process (PID=1150) to work on /home/airflow/.local/lib/python3.12/site-packages/airflow/example_dags/example_trigger_controller_dag.py
[2026-06-29T22:17:01.072+0000] {processor.py:914} INFO - Processing file /home/airflow/.local/lib/python3.12/site-packages/airflow/example_dags/example_trigger_controller_dag.py for tasks to queue
[2026-06-29T22:17:01.076+0000] {logging_mixin.py:190} INFO - [2026-06-29T22:17:01.076+0000] {dagbag.py:588} INFO - Filling up the DagBag from /home/airflow/.local/lib/python3.12/site-packages/airflow/example_dags/example_trigger_controller_dag.py
[2026-06-29T22:17:01.088+0000] {processor.py:925} INFO - DAG(s) 'example_trigger_controller_dag' retrieved from /home/airflow/.local/lib/python3.12/site-packages/airflow/example_dags/example_trigger_controller_dag.py
[2026-06-29T22:17:01.119+0000] {logging_mixin.py:190} INFO - [2026-06-29T22:17:01.119+0000] {dag.py:3239} INFO - Sync 1 DAGs
[2026-06-29T22:17:01.156+0000] {logging_mixin.py:190} INFO - [2026-06-29T22:17:01.156+0000] {dag.py:4180} INFO - Setting next_dagrun for example_trigger_controller_dag to 2021-01-01 00:00:00+00:00, run_after=2021-01-01 00:00:00+00:00
[2026-06-29T22:17:01.187+0000] {processor.py:208} INFO - Processing /home/airflow/.local/lib/python3.12/site-packages/airflow/example_dags/example_trigger_controller_dag.py took 0.127 seconds
[2026-06-29T22:17:33.996+0000] {processor.py:186} INFO - Started process (PID=1214) to work on /home/airflow/.local/lib/python3.12/site-packages/airflow/example_dags/example_trigger_controller_dag.py
[2026-06-29T22:17:33.999+0000] {processor.py:914} INFO - Processing file /home/airflow/.local/lib/python3.12/site-packages/airflow/example_dags/example_trigger_controller_dag.py for tasks to queue
[2026-06-29T22:17:34.005+0000] {logging_mixin.py:190} INFO - [2026-06-29T22:17:34.004+0000] {dagbag.py:588} INFO - Filling up the DagBag from /home/airflow/.local/lib/python3.12/site-packages/airflow/example_dags/example_trigger_controller_dag.py
[2026-06-29T22:17:34.028+0000] {processor.py:925} INFO - DAG(s) 'example_trigger_controller_dag' retrieved from /home/airflow/.local/lib/python3.12/site-packages/airflow/example_dags/example_trigger_controller_dag.py
[2026-06-29T22:17:34.091+0000] {logging_mixin.py:190} INFO - [2026-06-29T22:17:34.091+0000] {dag.py:3239} INFO - Sync 1 DAGs
[2026-06-29T22:17:34.152+0000] {logging_mixin.py:190} INFO - [2026-06-29T22:17:34.151+0000] {dag.py:4180} INFO - Setting next_dagrun for example_trigger_controller_dag to 2021-01-01 00:00:00+00:00, run_after=2021-01-01 00:00:00+00:00
[2026-06-29T22:17:34.211+0000] {processor.py:208} INFO - Processing /home/airflow/.local/lib/python3.12/site-packages/airflow/example_dags/example_trigger_controller_dag.py took 0.229 seconds
[2026-06-29T22:18:04.464+0000] {processor.py:186} INFO - Started process (PID=1278) to work on /home/airflow/.local/lib/python3.12/site-packages/airflow/example_dags/example_trigger_controller_dag.py
[2026-06-29T22:18:04.466+0000] {processor.py:914} INFO - Processing file /home/airflow/.local/lib/python3.12/site-packages/airflow/example_dags/example_trigger_controller_dag.py for tasks to queue
[2026-06-29T22:18:04.469+0000] {logging_mixin.py:190} INFO - [2026-06-29T22:18:04.469+0000] {dagbag.py:588} INFO - Filling up the DagBag from /home/airflow/.local/lib/python3.12/site-packages/airflow/example_dags/example_trigger_controller_dag.py
[2026-06-29T22:18:04.477+0000] {processor.py:925} INFO - DAG(s) 'example_trigger_controller_dag' retrieved from /home/airflow/.local/lib/python3.12/site-packages/airflow/example_dags/example_trigger_controller_dag.py
[2026-06-29T22:18:04.499+0000] {logging_mixin.py:190} INFO - [2026-06-29T22:18:04.499+0000] {dag.py:3239} INFO - Sync 1 DAGs
[2026-06-29T22:18:04.523+0000] {logging_mixin.py:190} INFO - [2026-06-29T22:18:04.522+0000] {dag.py:4180} INFO - Setting next_dagrun for example_trigger_controller_dag to 2021-01-01 00:00:00+00:00, run_after=2021-01-01 00:00:00+00:00
[2026-06-29T22:18:04.542+0000] {processor.py:208} INFO - Processing /home/airflow/.local/lib/python3.12/site-packages/airflow/example_dags/example_trigger_controller_dag.py took 0.084 seconds
[2026-06-29T22:18:36.542+0000] {processor.py:186} INFO - Started process (PID=1342) to work on /home/airflow/.local/lib/python3.12/site-packages/airflow/example_dags/example_trigger_controller_dag.py
[2026-06-29T22:18:36.545+0000] {processor.py:914} INFO - Processing file /home/airflow/.local/lib/python3.12/site-packages/airflow/example_dags/example_trigger_controller_dag.py for tasks to queue
[2026-06-29T22:18:36.558+0000] {logging_mixin.py:190} INFO - [2026-06-29T22:18:36.556+0000] {dagbag.py:588} INFO - Filling up the DagBag from /home/airflow/.local/lib/python3.12/site-packages/airflow/example_dags/example_trigger_controller_dag.py
[2026-06-29T22:18:36.573+0000] {processor.py:925} INFO - DAG(s) 'example_trigger_controller_dag' retrieved from /home/airflow/.local/lib/python3.12/site-packages/airflow/example_dags/example_trigger_controller_dag.py
[2026-06-29T22:18:36.621+0000] {logging_mixin.py:190} INFO - [2026-06-29T22:18:36.620+0000] {dag.py:3239} INFO - Sync 1 DAGs
[2026-06-29T22:18:36.663+0000] {logging_mixin.py:190} INFO - [2026-06-29T22:18:36.663+0000] {dag.py:4180} INFO - Setting next_dagrun for example_trigger_controller_dag to 2021-01-01 00:00:00+00:00, run_after=2021-01-01 00:00:00+00:00
[2026-06-29T22:18:36.712+0000] {processor.py:208} INFO - Processing /home/airflow/.local/lib/python3.12/site-packages/airflow/example_dags/example_trigger_controller_dag.py took 0.189 seconds
[2026-06-29T22:19:07.454+0000] {processor.py:186} INFO - Started process (PID=1406) to work on /home/airflow/.local/lib/python3.12/site-packages/airflow/example_dags/example_trigger_controller_dag.py
[2026-06-29T22:19:07.457+0000] {processor.py:914} INFO - Processing file /home/airflow/.local/lib/python3.12/site-packages/airflow/example_dags/example_trigger_controller_dag.py for tasks to queue
[2026-06-29T22:19:07.461+0000] {logging_mixin.py:190} INFO - [2026-06-29T22:19:07.461+0000] {dagbag.py:588} INFO - Filling up the DagBag from /home/airflow/.local/lib/python3.12/site-packages/airflow/example_dags/example_trigger_controller_dag.py
[2026-06-29T22:19:07.474+0000] {processor.py:925} INFO - DAG(s) 'example_trigger_controller_dag' retrieved from /home/airflow/.local/lib/python3.12/site-packages/airflow/example_dags/example_trigger_controller_dag.py
[2026-06-29T22:19:07.511+0000] {logging_mixin.py:190} INFO - [2026-06-29T22:19:07.511+0000] {dag.py:3239} INFO - Sync 1 DAGs
[2026-06-29T22:19:07.558+0000] {logging_mixin.py:190} INFO - [2026-06-29T22:19:07.557+0000] {dag.py:4180} INFO - Setting next_dagrun for example_trigger_controller_dag to 2021-01-01 00:00:00+00:00, run_after=2021-01-01 00:00:00+00:00
[2026-06-29T22:19:07.600+0000] {processor.py:208} INFO - Processing /home/airflow/.local/lib/python3.12/site-packages/airflow/example_dags/example_trigger_controller_dag.py took 0.158 seconds
[2026-06-29T22:19:40.471+0000] {processor.py:186} INFO - Started process (PID=1478) to work on /home/airflow/.local/lib/python3.12/site-packages/airflow/example_dags/example_trigger_controller_dag.py
[2026-06-29T22:19:40.485+0000] {processor.py:914} INFO - Processing file /home/airflow/.local/lib/python3.12/site-packages/airflow/example_dags/example_trigger_controller_dag.py for tasks to queue
[2026-06-29T22:19:40.496+0000] {logging_mixin.py:190} INFO - [2026-06-29T22:19:40.495+0000] {dagbag.py:588} INFO - Filling up the DagBag from /home/airflow/.local/lib/python3.12/site-packages/airflow/example_dags/example_trigger_controller_dag.py
[2026-06-29T22:19:40.545+0000] {processor.py:925} INFO - DAG(s) 'example_trigger_controller_dag' retrieved from /home/airflow/.local/lib/python3.12/site-packages/airflow/example_dags/example_trigger_controller_dag.py
[2026-06-29T22:19:40.718+0000] {logging_mixin.py:190} INFO - [2026-06-29T22:19:40.717+0000] {dag.py:3239} INFO - Sync 1 DAGs
[2026-06-29T22:19:40.921+0000] {logging_mixin.py:190} INFO - [2026-06-29T22:19:40.919+0000] {dag.py:4180} INFO - Setting next_dagrun for example_trigger_controller_dag to 2021-01-01 00:00:00+00:00, run_after=2021-01-01 00:00:00+00:00
[2026-06-29T22:19:41.014+0000] {processor.py:208} INFO - Processing /home/airflow/.local/lib/python3.12/site-packages/airflow/example_dags/example_trigger_controller_dag.py took 0.587 seconds
[2026-06-29T22:20:13.513+0000] {processor.py:186} INFO - Started process (PID=1543) to work on /home/airflow/.local/lib/python3.12/site-packages/airflow/example_dags/example_trigger_controller_dag.py
[2026-06-29T22:20:13.516+0000] {processor.py:914} INFO - Processing file /home/airflow/.local/lib/python3.12/site-packages/airflow/example_dags/example_trigger_controller_dag.py for tasks to queue
[2026-06-29T22:20:13.522+0000] {logging_mixin.py:190} INFO - [2026-06-29T22:20:13.521+0000] {dagbag.py:588} INFO - Filling up the DagBag from /home/airflow/.local/lib/python3.12/site-packages/airflow/example_dags/example_trigger_controller_dag.py
[2026-06-29T22:20:13.542+0000] {processor.py:925} INFO - DAG(s) 'example_trigger_controller_dag' retrieved from /home/airflow/.local/lib/python3.12/site-packages/airflow/example_dags/example_trigger_controller_dag.py
[2026-06-29T22:20:13.582+0000] {logging_mixin.py:190} INFO - [2026-06-29T22:20:13.581+0000] {dag.py:3239} INFO - Sync 1 DAGs
[2026-06-29T22:20:13.620+0000] {logging_mixin.py:190} INFO - [2026-06-29T22:20:13.619+0000] {dag.py:4180} INFO - Setting next_dagrun for example_trigger_controller_dag to 2021-01-01 00:00:00+00:00, run_after=2021-01-01 00:00:00+00:00
[2026-06-29T22:20:13.657+0000] {processor.py:208} INFO - Processing /home/airflow/.local/lib/python3.12/site-packages/airflow/example_dags/example_trigger_controller_dag.py took 0.168 seconds
[2026-06-29T22:20:45.936+0000] {processor.py:186} INFO - Started process (PID=1606) to work on /home/airflow/.local/lib/python3.12/site-packages/airflow/example_dags/example_trigger_controller_dag.py
[2026-06-29T22:20:45.939+0000] {processor.py:914} INFO - Processing file /home/airflow/.local/lib/python3.12/site-packages/airflow/example_dags/example_trigger_controller_dag.py for tasks to queue
[2026-06-29T22:20:45.952+0000] {logging_mixin.py:190} INFO - [2026-06-29T22:20:45.952+0000] {dagbag.py:588} INFO - Filling up the DagBag from /home/airflow/.local/lib/python3.12/site-packages/airflow/example_dags/example_trigger_controller_dag.py
[2026-06-29T22:20:45.970+0000] {processor.py:925} INFO - DAG(s) 'example_trigger_controller_dag' retrieved from /home/airflow/.local/lib/python3.12/site-packages/airflow/example_dags/example_trigger_controller_dag.py
[2026-06-29T22:20:46.015+0000] {logging_mixin.py:190} INFO - [2026-06-29T22:20:46.015+0000] {dag.py:3239} INFO - Sync 1 DAGs
[2026-06-29T22:20:46.059+0000] {logging_mixin.py:190} INFO - [2026-06-29T22:20:46.059+0000] {dag.py:4180} INFO - Setting next_dagrun for example_trigger_controller_dag to 2021-01-01 00:00:00+00:00, run_after=2021-01-01 00:00:00+00:00
[2026-06-29T22:20:46.109+0000] {processor.py:208} INFO - Processing /home/airflow/.local/lib/python3.12/site-packages/airflow/example_dags/example_trigger_controller_dag.py took 0.187 seconds
[2026-06-29T22:21:16.754+0000] {processor.py:186} INFO - Started process (PID=1670) to work on /home/airflow/.local/lib/python3.12/site-packages/airflow/example_dags/example_trigger_controller_dag.py
[2026-06-29T22:21:16.768+0000] {processor.py:914} INFO - Processing file /home/airflow/.local/lib/python3.12/site-packages/airflow/example_dags/example_trigger_controller_dag.py for tasks to queue
[2026-06-29T22:21:16.787+0000] {logging_mixin.py:190} INFO - [2026-06-29T22:21:16.785+0000] {dagbag.py:588} INFO - Filling up the DagBag from /home/airflow/.local/lib/python3.12/site-packages/airflow/example_dags/example_trigger_controller_dag.py
[2026-06-29T22:21:16.821+0000] {processor.py:925} INFO - DAG(s) 'example_trigger_controller_dag' retrieved from /home/airflow/.local/lib/python3.12/site-packages/airflow/example_dags/example_trigger_controller_dag.py
[2026-06-29T22:21:16.905+0000] {logging_mixin.py:190} INFO - [2026-06-29T22:21:16.904+0000] {dag.py:3239} INFO - Sync 1 DAGs
[2026-06-29T22:21:17.020+0000] {logging_mixin.py:190} INFO - [2026-06-29T22:21:17.019+0000] {dag.py:4180} INFO - Setting next_dagrun for example_trigger_controller_dag to 2021-01-01 00:00:00+00:00, run_after=2021-01-01 00:00:00+00:00
[2026-06-29T22:21:17.089+0000] {processor.py:208} INFO - Processing /home/airflow/.local/lib/python3.12/site-packages/airflow/example_dags/example_trigger_controller_dag.py took 0.358 seconds
[2026-06-29T22:21:48.026+0000] {processor.py:186} INFO - Started process (PID=1736) to work on /home/airflow/.local/lib/python3.12/site-packages/airflow/example_dags/example_trigger_controller_dag.py
[2026-06-29T22:21:48.027+0000] {processor.py:914} INFO - Processing file /home/airflow/.local/lib/python3.12/site-packages/airflow/example_dags/example_trigger_controller_dag.py for tasks to queue
[2026-06-29T22:21:48.030+0000] {logging_mixin.py:190} INFO - [2026-06-29T22:21:48.030+0000] {dagbag.py:588} INFO - Filling up the DagBag from /home/airflow/.local/lib/python3.12/site-packages/airflow/example_dags/example_trigger_controller_dag.py
[2026-06-29T22:21:48.038+0000] {processor.py:925} INFO - DAG(s) 'example_trigger_controller_dag' retrieved from /home/airflow/.local/lib/python3.12/site-packages/airflow/example_dags/example_trigger_controller_dag.py
[2026-06-29T22:21:48.061+0000] {logging_mixin.py:190} INFO - [2026-06-29T22:21:48.061+0000] {dag.py:3239} INFO - Sync 1 DAGs
[2026-06-29T22:21:48.084+0000] {logging_mixin.py:190} INFO - [2026-06-29T22:21:48.084+0000] {dag.py:4180} INFO - Setting next_dagrun for example_trigger_controller_dag to 2021-01-01 00:00:00+00:00, run_after=2021-01-01 00:00:00+00:00
[2026-06-29T22:21:48.108+0000] {processor.py:208} INFO - Processing /home/airflow/.local/lib/python3.12/site-packages/airflow/example_dags/example_trigger_controller_dag.py took 0.089 seconds
[2026-06-29T22:22:18.854+0000] {processor.py:186} INFO - Started process (PID=1800) to work on /home/airflow/.local/lib/python3.12/site-packages/airflow/example_dags/example_trigger_controller_dag.py
[2026-06-29T22:22:18.855+0000] {processor.py:914} INFO - Processing file /home/airflow/.local/lib/python3.12/site-packages/airflow/example_dags/example_trigger_controller_dag.py for tasks to queue
[2026-06-29T22:22:18.859+0000] {logging_mixin.py:190} INFO - [2026-06-29T22:22:18.859+0000] {dagbag.py:588} INFO - Filling up the DagBag from /home/airflow/.local/lib/python3.12/site-packages/airflow/example_dags/example_trigger_controller_dag.py
[2026-06-29T22:22:18.867+0000] {processor.py:925} INFO - DAG(s) 'example_trigger_controller_dag' retrieved from /home/airflow/.local/lib/python3.12/site-packages/airflow/example_dags/example_trigger_controller_dag.py
[2026-06-29T22:22:18.889+0000] {logging_mixin.py:190} INFO - [2026-06-29T22:22:18.889+0000] {dag.py:3239} INFO - Sync 1 DAGs
[2026-06-29T22:22:18.914+0000] {logging_mixin.py:190} INFO - [2026-06-29T22:22:18.914+0000] {dag.py:4180} INFO - Setting next_dagrun for example_trigger_controller_dag to 2021-01-01 00:00:00+00:00, run_after=2021-01-01 00:00:00+00:00
[2026-06-29T22:22:18.942+0000] {processor.py:208} INFO - Processing /home/airflow/.local/lib/python3.12/site-packages/airflow/example_dags/example_trigger_controller_dag.py took 0.096 seconds
[2026-06-29T22:22:49.278+0000] {processor.py:186} INFO - Started process (PID=1865) to work on /home/airflow/.local/lib/python3.12/site-packages/airflow/example_dags/example_trigger_controller_dag.py
[2026-06-29T22:22:49.281+0000] {processor.py:914} INFO - Processing file /home/airflow/.local/lib/python3.12/site-packages/airflow/example_dags/example_trigger_controller_dag.py for tasks to queue
[2026-06-29T22:22:49.285+0000] {logging_mixin.py:190} INFO - [2026-06-29T22:22:49.284+0000] {dagbag.py:588} INFO - Filling up the DagBag from /home/airflow/.local/lib/python3.12/site-packages/airflow/example_dags/example_trigger_controller_dag.py
[2026-06-29T22:22:49.297+0000] {processor.py:925} INFO - DAG(s) 'example_trigger_controller_dag' retrieved from /home/airflow/.local/lib/python3.12/site-packages/airflow/example_dags/example_trigger_controller_dag.py
[2026-06-29T22:22:49.330+0000] {logging_mixin.py:190} INFO - [2026-06-29T22:22:49.330+0000] {dag.py:3239} INFO - Sync 1 DAGs
[2026-06-29T22:22:49.362+0000] {logging_mixin.py:190} INFO - [2026-06-29T22:22:49.362+0000] {dag.py:4180} INFO - Setting next_dagrun for example_trigger_controller_dag to 2021-01-01 00:00:00+00:00, run_after=2021-01-01 00:00:00+00:00
[2026-06-29T22:22:49.393+0000] {processor.py:208} INFO - Processing /home/airflow/.local/lib/python3.12/site-packages/airflow/example_dags/example_trigger_controller_dag.py took 0.125 seconds
[2026-06-29T22:23:19.834+0000] {processor.py:186} INFO - Started process (PID=1928) to work on /home/airflow/.local/lib/python3.12/site-packages/airflow/example_dags/example_trigger_controller_dag.py
[2026-06-29T22:23:19.836+0000] {processor.py:914} INFO - Processing file /home/airflow/.local/lib/python3.12/site-packages/airflow/example_dags/example_trigger_controller_dag.py for tasks to queue
[2026-06-29T22:23:19.839+0000] {logging_mixin.py:190} INFO - [2026-06-29T22:23:19.839+0000] {dagbag.py:588} INFO - Filling up the DagBag from /home/airflow/.local/lib/python3.12/site-packages/airflow/example_dags/example_trigger_controller_dag.py
[2026-06-29T22:23:19.849+0000] {processor.py:925} INFO - DAG(s) 'example_trigger_controller_dag' retrieved from /home/airflow/.local/lib/python3.12/site-packages/airflow/example_dags/example_trigger_controller_dag.py
[2026-06-29T22:23:19.876+0000] {logging_mixin.py:190} INFO - [2026-06-29T22:23:19.875+0000] {dag.py:3239} INFO - Sync 1 DAGs
[2026-06-29T22:23:19.905+0000] {logging_mixin.py:190} INFO - [2026-06-29T22:23:19.905+0000] {dag.py:4180} INFO - Setting next_dagrun for example_trigger_controller_dag to 2021-01-01 00:00:00+00:00, run_after=2021-01-01 00:00:00+00:00
[2026-06-29T22:23:19.930+0000] {processor.py:208} INFO - Processing /home/airflow/.local/lib/python3.12/site-packages/airflow/example_dags/example_trigger_controller_dag.py took 0.104 seconds
[2026-06-29T22:23:50.106+0000] {processor.py:186} INFO - Started process (PID=1992) to work on /home/airflow/.local/lib/python3.12/site-packages/airflow/example_dags/example_trigger_controller_dag.py
[2026-06-29T22:23:50.108+0000] {processor.py:914} INFO - Processing file /home/airflow/.local/lib/python3.12/site-packages/airflow/example_dags/example_trigger_controller_dag.py for tasks to queue
[2026-06-29T22:23:50.112+0000] {logging_mixin.py:190} INFO - [2026-06-29T22:23:50.112+0000] {dagbag.py:588} INFO - Filling up the DagBag from /home/airflow/.local/lib/python3.12/site-packages/airflow/example_dags/example_trigger_controller_dag.py
[2026-06-29T22:23:50.122+0000] {processor.py:925} INFO - DAG(s) 'example_trigger_controller_dag' retrieved from /home/airflow/.local/lib/python3.12/site-packages/airflow/example_dags/example_trigger_controller_dag.py
[2026-06-29T22:23:50.147+0000] {logging_mixin.py:190} INFO - [2026-06-29T22:23:50.147+0000] {dag.py:3239} INFO - Sync 1 DAGs
[2026-06-29T22:23:50.176+0000] {logging_mixin.py:190} INFO - [2026-06-29T22:23:50.175+0000] {dag.py:4180} INFO - Setting next_dagrun for example_trigger_controller_dag to 2021-01-01 00:00:00+00:00, run_after=2021-01-01 00:00:00+00:00
[2026-06-29T22:23:50.198+0000] {processor.py:208} INFO - Processing /home/airflow/.local/lib/python3.12/site-packages/airflow/example_dags/example_trigger_controller_dag.py took 0.100 seconds
[2026-06-29T22:24:21.101+0000] {processor.py:186} INFO - Started process (PID=2055) to work on /home/airflow/.local/lib/python3.12/site-packages/airflow/example_dags/example_trigger_controller_dag.py
[2026-06-29T22:24:21.103+0000] {processor.py:914} INFO - Processing file /home/airflow/.local/lib/python3.12/site-packages/airflow/example_dags/example_trigger_controller_dag.py for tasks to queue
[2026-06-29T22:24:21.108+0000] {logging_mixin.py:190} INFO - [2026-06-29T22:24:21.108+0000] {dagbag.py:588} INFO - Filling up the DagBag from /home/airflow/.local/lib/python3.12/site-packages/airflow/example_dags/example_trigger_controller_dag.py
[2026-06-29T22:24:21.120+0000] {processor.py:925} INFO - DAG(s) 'example_trigger_controller_dag' retrieved from /home/airflow/.local/lib/python3.12/site-packages/airflow/example_dags/example_trigger_controller_dag.py
[2026-06-29T22:24:21.148+0000] {logging_mixin.py:190} INFO - [2026-06-29T22:24:21.148+0000] {dag.py:3239} INFO - Sync 1 DAGs
[2026-06-29T22:24:21.178+0000] {logging_mixin.py:190} INFO - [2026-06-29T22:24:21.178+0000] {dag.py:4180} INFO - Setting next_dagrun for example_trigger_controller_dag to 2021-01-01 00:00:00+00:00, run_after=2021-01-01 00:00:00+00:00
[2026-06-29T22:24:21.203+0000] {processor.py:208} INFO - Processing /home/airflow/.local/lib/python3.12/site-packages/airflow/example_dags/example_trigger_controller_dag.py took 0.111 seconds
[2026-06-29T22:24:51.424+0000] {processor.py:186} INFO - Started process (PID=2119) to work on /home/airflow/.local/lib/python3.12/site-packages/airflow/example_dags/example_trigger_controller_dag.py
[2026-06-29T22:24:51.427+0000] {processor.py:914} INFO - Processing file /home/airflow/.local/lib/python3.12/site-packages/airflow/example_dags/example_trigger_controller_dag.py for tasks to queue
[2026-06-29T22:24:51.435+0000] {logging_mixin.py:190} INFO - [2026-06-29T22:24:51.433+0000] {dagbag.py:588} INFO - Filling up the DagBag from /home/airflow/.local/lib/python3.12/site-packages/airflow/example_dags/example_trigger_controller_dag.py
[2026-06-29T22:24:51.453+0000] {processor.py:925} INFO - DAG(s) 'example_trigger_controller_dag' retrieved from /home/airflow/.local/lib/python3.12/site-packages/airflow/example_dags/example_trigger_controller_dag.py
[2026-06-29T22:24:51.492+0000] {logging_mixin.py:190} INFO - [2026-06-29T22:24:51.492+0000] {dag.py:3239} INFO - Sync 1 DAGs
[2026-06-29T22:24:51.544+0000] {logging_mixin.py:190} INFO - [2026-06-29T22:24:51.544+0000] {dag.py:4180} INFO - Setting next_dagrun for example_trigger_controller_dag to 2021-01-01 00:00:00+00:00, run_after=2021-01-01 00:00:00+00:00
[2026-06-29T22:24:51.586+0000] {processor.py:208} INFO - Processing /home/airflow/.local/lib/python3.12/site-packages/airflow/example_dags/example_trigger_controller_dag.py took 0.174 seconds
[2026-06-29T22:25:21.784+0000] {processor.py:186} INFO - Started process (PID=2182) to work on /home/airflow/.local/lib/python3.12/site-packages/airflow/example_dags/example_trigger_controller_dag.py
[2026-06-29T22:25:21.786+0000] {processor.py:914} INFO - Processing file /home/airflow/.local/lib/python3.12/site-packages/airflow/example_dags/example_trigger_controller_dag.py for tasks to queue
[2026-06-29T22:25:21.789+0000] {logging_mixin.py:190} INFO - [2026-06-29T22:25:21.789+0000] {dagbag.py:588} INFO - Filling up the DagBag from /home/airflow/.local/lib/python3.12/site-packages/airflow/example_dags/example_trigger_controller_dag.py
[2026-06-29T22:25:21.797+0000] {processor.py:925} INFO - DAG(s) 'example_trigger_controller_dag' retrieved from /home/airflow/.local/lib/python3.12/site-packages/airflow/example_dags/example_trigger_controller_dag.py
[2026-06-29T22:25:21.819+0000] {logging_mixin.py:190} INFO - [2026-06-29T22:25:21.818+0000] {dag.py:3239} INFO - Sync 1 DAGs
[2026-06-29T22:25:21.846+0000] {logging_mixin.py:190} INFO - [2026-06-29T22:25:21.846+0000] {dag.py:4180} INFO - Setting next_dagrun for example_trigger_controller_dag to 2021-01-01 00:00:00+00:00, run_after=2021-01-01 00:00:00+00:00
[2026-06-29T22:25:21.871+0000] {processor.py:208} INFO - Processing /home/airflow/.local/lib/python3.12/site-packages/airflow/example_dags/example_trigger_controller_dag.py took 0.095 seconds
[2026-06-29T22:25:52.273+0000] {processor.py:186} INFO - Started process (PID=2246) to work on /home/airflow/.local/lib/python3.12/site-packages/airflow/example_dags/example_trigger_controller_dag.py
[2026-06-29T22:25:52.275+0000] {processor.py:914} INFO - Processing file /home/airflow/.local/lib/python3.12/site-packages/airflow/example_dags/example_trigger_controller_dag.py for tasks to queue
[2026-06-29T22:25:52.279+0000] {logging_mixin.py:190} INFO - [2026-06-29T22:25:52.278+0000] {dagbag.py:588} INFO - Filling up the DagBag from /home/airflow/.local/lib/python3.12/site-packages/airflow/example_dags/example_trigger_controller_dag.py
[2026-06-29T22:25:52.289+0000] {processor.py:925} INFO - DAG(s) 'example_trigger_controller_dag' retrieved from /home/airflow/.local/lib/python3.12/site-packages/airflow/example_dags/example_trigger_controller_dag.py
[2026-06-29T22:25:52.322+0000] {logging_mixin.py:190} INFO - [2026-06-29T22:25:52.322+0000] {dag.py:3239} INFO - Sync 1 DAGs
[2026-06-29T22:25:52.355+0000] {logging_mixin.py:190} INFO - [2026-06-29T22:25:52.355+0000] {dag.py:4180} INFO - Setting next_dagrun for example_trigger_controller_dag to 2021-01-01 00:00:00+00:00, run_after=2021-01-01 00:00:00+00:00
[2026-06-29T22:25:52.391+0000] {processor.py:208} INFO - Processing /home/airflow/.local/lib/python3.12/site-packages/airflow/example_dags/example_trigger_controller_dag.py took 0.129 seconds
[2026-06-29T22:26:22.784+0000] {processor.py:186} INFO - Started process (PID=2310) to work on /home/airflow/.local/lib/python3.12/site-packages/airflow/example_dags/example_trigger_controller_dag.py
[2026-06-29T22:26:22.786+0000] {processor.py:914} INFO - Processing file /home/airflow/.local/lib/python3.12/site-packages/airflow/example_dags/example_trigger_controller_dag.py for tasks to queue
[2026-06-29T22:26:22.790+0000] {logging_mixin.py:190} INFO - [2026-06-29T22:26:22.789+0000] {dagbag.py:588} INFO - Filling up the DagBag from /home/airflow/.local/lib/python3.12/site-packages/airflow/example_dags/example_trigger_controller_dag.py
[2026-06-29T22:26:22.801+0000] {processor.py:925} INFO - DAG(s) 'example_trigger_controller_dag' retrieved from /home/airflow/.local/lib/python3.12/site-packages/airflow/example_dags/example_trigger_controller_dag.py
[2026-06-29T22:26:22.829+0000] {logging_mixin.py:190} INFO - [2026-06-29T22:26:22.828+0000] {dag.py:3239} INFO - Sync 1 DAGs
[2026-06-29T22:26:22.857+0000] {logging_mixin.py:190} INFO - [2026-06-29T22:26:22.857+0000] {dag.py:4180} INFO - Setting next_dagrun for example_trigger_controller_dag to 2021-01-01 00:00:00+00:00, run_after=2021-01-01 00:00:00+00:00
[2026-06-29T22:26:22.883+0000] {processor.py:208} INFO - Processing /home/airflow/.local/lib/python3.12/site-packages/airflow/example_dags/example_trigger_controller_dag.py took 0.108 seconds
[2026-06-29T22:26:53.698+0000] {processor.py:186} INFO - Started process (PID=2374) to work on /home/airflow/.local/lib/python3.12/site-packages/airflow/example_dags/example_trigger_controller_dag.py
[2026-06-29T22:26:53.700+0000] {processor.py:914} INFO - Processing file /home/airflow/.local/lib/python3.12/site-packages/airflow/example_dags/example_trigger_controller_dag.py for tasks to queue
[2026-06-29T22:26:53.703+0000] {logging_mixin.py:190} INFO - [2026-06-29T22:26:53.702+0000] {dagbag.py:588} INFO - Filling up the DagBag from /home/airflow/.local/lib/python3.12/site-packages/airflow/example_dags/example_trigger_controller_dag.py
[2026-06-29T22:26:53.711+0000] {processor.py:925} INFO - DAG(s) 'example_trigger_controller_dag' retrieved from /home/airflow/.local/lib/python3.12/site-packages/airflow/example_dags/example_trigger_controller_dag.py
[2026-06-29T22:26:53.734+0000] {logging_mixin.py:190} INFO - [2026-06-29T22:26:53.734+0000] {dag.py:3239} INFO - Sync 1 DAGs
[2026-06-29T22:26:53.758+0000] {logging_mixin.py:190} INFO - [2026-06-29T22:26:53.757+0000] {dag.py:4180} INFO - Setting next_dagrun for example_trigger_controller_dag to 2021-01-01 00:00:00+00:00, run_after=2021-01-01 00:00:00+00:00
[2026-06-29T22:26:53.780+0000] {processor.py:208} INFO - Processing /home/airflow/.local/lib/python3.12/site-packages/airflow/example_dags/example_trigger_controller_dag.py took 0.092 seconds
[2026-06-29T22:27:24.104+0000] {processor.py:186} INFO - Started process (PID=2438) to work on /home/airflow/.local/lib/python3.12/site-packages/airflow/example_dags/example_trigger_controller_dag.py
[2026-06-29T22:27:24.106+0000] {processor.py:914} INFO - Processing file /home/airflow/.local/lib/python3.12/site-packages/airflow/example_dags/example_trigger_controller_dag.py for tasks to queue
[2026-06-29T22:27:24.112+0000] {logging_mixin.py:190} INFO - [2026-06-29T22:27:24.112+0000] {dagbag.py:588} INFO - Filling up the DagBag from /home/airflow/.local/lib/python3.12/site-packages/airflow/example_dags/example_trigger_controller_dag.py
[2026-06-29T22:27:24.123+0000] {processor.py:925} INFO - DAG(s) 'example_trigger_controller_dag' retrieved from /home/airflow/.local/lib/python3.12/site-packages/airflow/example_dags/example_trigger_controller_dag.py
[2026-06-29T22:27:24.161+0000] {logging_mixin.py:190} INFO - [2026-06-29T22:27:24.161+0000] {dag.py:3239} INFO - Sync 1 DAGs
[2026-06-29T22:27:24.195+0000] {logging_mixin.py:190} INFO - [2026-06-29T22:27:24.194+0000] {dag.py:4180} INFO - Setting next_dagrun for example_trigger_controller_dag to 2021-01-01 00:00:00+00:00, run_after=2021-01-01 00:00:00+00:00
[2026-06-29T22:27:24.228+0000] {processor.py:208} INFO - Processing /home/airflow/.local/lib/python3.12/site-packages/airflow/example_dags/example_trigger_controller_dag.py took 0.133 seconds
[2026-06-29T22:27:55.247+0000] {processor.py:186} INFO - Started process (PID=2501) to work on /home/airflow/.local/lib/python3.12/site-packages/airflow/example_dags/example_trigger_controller_dag.py
[2026-06-29T22:27:55.249+0000] {processor.py:914} INFO - Processing file /home/airflow/.local/lib/python3.12/site-packages/airflow/example_dags/example_trigger_controller_dag.py for tasks to queue
[2026-06-29T22:27:55.253+0000] {logging_mixin.py:190} INFO - [2026-06-29T22:27:55.252+0000] {dagbag.py:588} INFO - Filling up the DagBag from /home/airflow/.local/lib/python3.12/site-packages/airflow/example_dags/example_trigger_controller_dag.py
[2026-06-29T22:27:55.262+0000] {processor.py:925} INFO - DAG(s) 'example_trigger_controller_dag' retrieved from /home/airflow/.local/lib/python3.12/site-packages/airflow/example_dags/example_trigger_controller_dag.py
[2026-06-29T22:27:55.286+0000] {logging_mixin.py:190} INFO - [2026-06-29T22:27:55.286+0000] {dag.py:3239} INFO - Sync 1 DAGs
[2026-06-29T22:27:55.312+0000] {logging_mixin.py:190} INFO - [2026-06-29T22:27:55.312+0000] {dag.py:4180} INFO - Setting next_dagrun for example_trigger_controller_dag to 2021-01-01 00:00:00+00:00, run_after=2021-01-01 00:00:00+00:00
[2026-06-29T22:27:55.335+0000] {processor.py:208} INFO - Processing /home/airflow/.local/lib/python3.12/site-packages/airflow/example_dags/example_trigger_controller_dag.py took 0.095 seconds
[2026-06-29T22:28:25.450+0000] {processor.py:186} INFO - Started process (PID=2565) to work on /home/airflow/.local/lib/python3.12/site-packages/airflow/example_dags/example_trigger_controller_dag.py
[2026-06-29T22:28:25.452+0000] {processor.py:914} INFO - Processing file /home/airflow/.local/lib/python3.12/site-packages/airflow/example_dags/example_trigger_controller_dag.py for tasks to queue
[2026-06-29T22:28:25.456+0000] {logging_mixin.py:190} INFO - [2026-06-29T22:28:25.456+0000] {dagbag.py:588} INFO - Filling up the DagBag from /home/airflow/.local/lib/python3.12/site-packages/airflow/example_dags/example_trigger_controller_dag.py
[2026-06-29T22:28:25.466+0000] {processor.py:925} INFO - DAG(s) 'example_trigger_controller_dag' retrieved from /home/airflow/.local/lib/python3.12/site-packages/airflow/example_dags/example_trigger_controller_dag.py
[2026-06-29T22:28:25.493+0000] {logging_mixin.py:190} INFO - [2026-06-29T22:28:25.493+0000] {dag.py:3239} INFO - Sync 1 DAGs
[2026-06-29T22:28:25.525+0000] {logging_mixin.py:190} INFO - [2026-06-29T22:28:25.524+0000] {dag.py:4180} INFO - Setting next_dagrun for example_trigger_controller_dag to 2021-01-01 00:00:00+00:00, run_after=2021-01-01 00:00:00+00:00
[2026-06-29T22:28:25.560+0000] {processor.py:208} INFO - Processing /home/airflow/.local/lib/python3.12/site-packages/airflow/example_dags/example_trigger_controller_dag.py took 0.118 seconds
[2026-06-29T22:28:55.896+0000] {processor.py:186} INFO - Started process (PID=2628) to work on /home/airflow/.local/lib/python3.12/site-packages/airflow/example_dags/example_trigger_controller_dag.py
[2026-06-29T22:28:55.898+0000] {processor.py:914} INFO - Processing file /home/airflow/.local/lib/python3.12/site-packages/airflow/example_dags/example_trigger_controller_dag.py for tasks to queue
[2026-06-29T22:28:55.906+0000] {logging_mixin.py:190} INFO - [2026-06-29T22:28:55.905+0000] {dagbag.py:588} INFO - Filling up the DagBag from /home/airflow/.local/lib/python3.12/site-packages/airflow/example_dags/example_trigger_controller_dag.py
[2026-06-29T22:28:55.924+0000] {processor.py:925} INFO - DAG(s) 'example_trigger_controller_dag' retrieved from /home/airflow/.local/lib/python3.12/site-packages/airflow/example_dags/example_trigger_controller_dag.py
[2026-06-29T22:28:55.973+0000] {logging_mixin.py:190} INFO - [2026-06-29T22:28:55.972+0000] {dag.py:3239} INFO - Sync 1 DAGs
[2026-06-29T22:28:56.029+0000] {logging_mixin.py:190} INFO - [2026-06-29T22:28:56.029+0000] {dag.py:4180} INFO - Setting next_dagrun for example_trigger_controller_dag to 2021-01-01 00:00:00+00:00, run_after=2021-01-01 00:00:00+00:00
[2026-06-29T22:28:56.089+0000] {processor.py:208} INFO - Processing /home/airflow/.local/lib/python3.12/site-packages/airflow/example_dags/example_trigger_controller_dag.py took 0.203 seconds
[2026-06-29T22:29:26.420+0000] {processor.py:186} INFO - Started process (PID=2692) to work on /home/airflow/.local/lib/python3.12/site-packages/airflow/example_dags/example_trigger_controller_dag.py
[2026-06-29T22:29:26.422+0000] {processor.py:914} INFO - Processing file /home/airflow/.local/lib/python3.12/site-packages/airflow/example_dags/example_trigger_controller_dag.py for tasks to queue
[2026-06-29T22:29:26.426+0000] {logging_mixin.py:190} INFO - [2026-06-29T22:29:26.425+0000] {dagbag.py:588} INFO - Filling up the DagBag from /home/airflow/.local/lib/python3.12/site-packages/airflow/example_dags/example_trigger_controller_dag.py
[2026-06-29T22:29:26.436+0000] {processor.py:925} INFO - DAG(s) 'example_trigger_controller_dag' retrieved from /home/airflow/.local/lib/python3.12/site-packages/airflow/example_dags/example_trigger_controller_dag.py
[2026-06-29T22:29:26.461+0000] {logging_mixin.py:190} INFO - [2026-06-29T22:29:26.461+0000] {dag.py:3239} INFO - Sync 1 DAGs
[2026-06-29T22:29:26.492+0000] {logging_mixin.py:190} INFO - [2026-06-29T22:29:26.492+0000] {dag.py:4180} INFO - Setting next_dagrun for example_trigger_controller_dag to 2021-01-01 00:00:00+00:00, run_after=2021-01-01 00:00:00+00:00
[2026-06-29T22:29:26.523+0000] {processor.py:208} INFO - Processing /home/airflow/.local/lib/python3.12/site-packages/airflow/example_dags/example_trigger_controller_dag.py took 0.111 seconds
[2026-06-29T22:29:57.317+0000] {processor.py:186} INFO - Started process (PID=2756) to work on /home/airflow/.local/lib/python3.12/site-packages/airflow/example_dags/example_trigger_controller_dag.py
[2026-06-29T22:29:57.321+0000] {processor.py:914} INFO - Processing file /home/airflow/.local/lib/python3.12/site-packages/airflow/example_dags/example_trigger_controller_dag.py for tasks to queue
[2026-06-29T22:29:57.335+0000] {logging_mixin.py:190} INFO - [2026-06-29T22:29:57.334+0000] {dagbag.py:588} INFO - Filling up the DagBag from /home/airflow/.local/lib/python3.12/site-packages/airflow/example_dags/example_trigger_controller_dag.py
[2026-06-29T22:29:57.363+0000] {processor.py:925} INFO - DAG(s) 'example_trigger_controller_dag' retrieved from /home/airflow/.local/lib/python3.12/site-packages/airflow/example_dags/example_trigger_controller_dag.py
[2026-06-29T22:29:57.446+0000] {logging_mixin.py:190} INFO - [2026-06-29T22:29:57.445+0000] {dag.py:3239} INFO - Sync 1 DAGs
[2026-06-29T22:29:57.541+0000] {logging_mixin.py:190} INFO - [2026-06-29T22:29:57.540+0000] {dag.py:4180} INFO - Setting next_dagrun for example_trigger_controller_dag to 2021-01-01 00:00:00+00:00, run_after=2021-01-01 00:00:00+00:00
[2026-06-29T22:29:57.622+0000] {processor.py:208} INFO - Processing /home/airflow/.local/lib/python3.12/site-packages/airflow/example_dags/example_trigger_controller_dag.py took 0.326 seconds
[2026-06-29T22:30:28.022+0000] {processor.py:186} INFO - Started process (PID=2820) to work on /home/airflow/.local/lib/python3.12/site-packages/airflow/example_dags/example_trigger_controller_dag.py
[2026-06-29T22:30:28.024+0000] {processor.py:914} INFO - Processing file /home/airflow/.local/lib/python3.12/site-packages/airflow/example_dags/example_trigger_controller_dag.py for tasks to queue
[2026-06-29T22:30:28.032+0000] {logging_mixin.py:190} INFO - [2026-06-29T22:30:28.031+0000] {dagbag.py:588} INFO - Filling up the DagBag from /home/airflow/.local/lib/python3.12/site-packages/airflow/example_dags/example_trigger_controller_dag.py
[2026-06-29T22:30:28.048+0000] {processor.py:925} INFO - DAG(s) 'example_trigger_controller_dag' retrieved from /home/airflow/.local/lib/python3.12/site-packages/airflow/example_dags/example_trigger_controller_dag.py
[2026-06-29T22:30:28.100+0000] {logging_mixin.py:190} INFO - [2026-06-29T22:30:28.100+0000] {dag.py:3239} INFO - Sync 1 DAGs
[2026-06-29T22:30:28.166+0000] {logging_mixin.py:190} INFO - [2026-06-29T22:30:28.166+0000] {dag.py:4180} INFO - Setting next_dagrun for example_trigger_controller_dag to 2021-01-01 00:00:00+00:00, run_after=2021-01-01 00:00:00+00:00
[2026-06-29T22:30:28.206+0000] {processor.py:208} INFO - Processing /home/airflow/.local/lib/python3.12/site-packages/airflow/example_dags/example_trigger_controller_dag.py took 0.204 seconds
[2026-06-29T22:30:58.527+0000] {processor.py:186} INFO - Started process (PID=2885) to work on /home/airflow/.local/lib/python3.12/site-packages/airflow/example_dags/example_trigger_controller_dag.py
[2026-06-29T22:30:58.530+0000] {processor.py:914} INFO - Processing file /home/airflow/.local/lib/python3.12/site-packages/airflow/example_dags/example_trigger_controller_dag.py for tasks to queue
[2026-06-29T22:30:58.534+0000] {logging_mixin.py:190} INFO - [2026-06-29T22:30:58.534+0000] {dagbag.py:588} INFO - Filling up the DagBag from /home/airflow/.local/lib/python3.12/site-packages/airflow/example_dags/example_trigger_controller_dag.py
[2026-06-29T22:30:58.546+0000] {processor.py:925} INFO - DAG(s) 'example_trigger_controller_dag' retrieved from /home/airflow/.local/lib/python3.12/site-packages/airflow/example_dags/example_trigger_controller_dag.py
[2026-06-29T22:30:58.583+0000] {logging_mixin.py:190} INFO - [2026-06-29T22:30:58.583+0000] {dag.py:3239} INFO - Sync 1 DAGs
[2026-06-29T22:30:58.628+0000] {logging_mixin.py:190} INFO - [2026-06-29T22:30:58.626+0000] {dag.py:4180} INFO - Setting next_dagrun for example_trigger_controller_dag to 2021-01-01 00:00:00+00:00, run_after=2021-01-01 00:00:00+00:00
[2026-06-29T22:30:58.680+0000] {processor.py:208} INFO - Processing /home/airflow/.local/lib/python3.12/site-packages/airflow/example_dags/example_trigger_controller_dag.py took 0.165 seconds
[2026-06-29T22:31:29.691+0000] {processor.py:186} INFO - Started process (PID=2955) to work on /home/airflow/.local/lib/python3.12/site-packages/airflow/example_dags/example_trigger_controller_dag.py
[2026-06-29T22:31:29.695+0000] {processor.py:914} INFO - Processing file /home/airflow/.local/lib/python3.12/site-packages/airflow/example_dags/example_trigger_controller_dag.py for tasks to queue
[2026-06-29T22:31:29.705+0000] {logging_mixin.py:190} INFO - [2026-06-29T22:31:29.703+0000] {dagbag.py:588} INFO - Filling up the DagBag from /home/airflow/.local/lib/python3.12/site-packages/airflow/example_dags/example_trigger_controller_dag.py
[2026-06-29T22:31:29.750+0000] {processor.py:925} INFO - DAG(s) 'example_trigger_controller_dag' retrieved from /home/airflow/.local/lib/python3.12/site-packages/airflow/example_dags/example_trigger_controller_dag.py
[2026-06-29T22:31:29.842+0000] {logging_mixin.py:190} INFO - [2026-06-29T22:31:29.841+0000] {dag.py:3239} INFO - Sync 1 DAGs
[2026-06-29T22:31:29.917+0000] {logging_mixin.py:190} INFO - [2026-06-29T22:31:29.917+0000] {dag.py:4180} INFO - Setting next_dagrun for example_trigger_controller_dag to 2021-01-01 00:00:00+00:00, run_after=2021-01-01 00:00:00+00:00
[2026-06-29T22:31:29.975+0000] {processor.py:208} INFO - Processing /home/airflow/.local/lib/python3.12/site-packages/airflow/example_dags/example_trigger_controller_dag.py took 0.299 seconds
[2026-06-29T22:32:03.742+0000] {processor.py:186} INFO - Started process (PID=3058) to work on /home/airflow/.local/lib/python3.12/site-packages/airflow/example_dags/example_trigger_controller_dag.py
[2026-06-29T22:32:03.746+0000] {processor.py:914} INFO - Processing file /home/airflow/.local/lib/python3.12/site-packages/airflow/example_dags/example_trigger_controller_dag.py for tasks to queue
[2026-06-29T22:32:03.756+0000] {logging_mixin.py:190} INFO - [2026-06-29T22:32:03.754+0000] {dagbag.py:588} INFO - Filling up the DagBag from /home/airflow/.local/lib/python3.12/site-packages/airflow/example_dags/example_trigger_controller_dag.py
[2026-06-29T22:32:03.782+0000] {processor.py:925} INFO - DAG(s) 'example_trigger_controller_dag' retrieved from /home/airflow/.local/lib/python3.12/site-packages/airflow/example_dags/example_trigger_controller_dag.py
[2026-06-29T22:32:03.861+0000] {logging_mixin.py:190} INFO - [2026-06-29T22:32:03.860+0000] {dag.py:3239} INFO - Sync 1 DAGs
[2026-06-29T22:32:03.918+0000] {logging_mixin.py:190} INFO - [2026-06-29T22:32:03.917+0000] {dag.py:4180} INFO - Setting next_dagrun for example_trigger_controller_dag to 2021-01-01 00:00:00+00:00, run_after=2021-01-01 00:00:00+00:00
[2026-06-29T22:32:04.023+0000] {processor.py:208} INFO - Processing /home/airflow/.local/lib/python3.12/site-packages/airflow/example_dags/example_trigger_controller_dag.py took 0.297 seconds
[2026-06-29T22:32:35.290+0000] {processor.py:186} INFO - Started process (PID=3179) to work on /home/airflow/.local/lib/python3.12/site-packages/airflow/example_dags/example_trigger_controller_dag.py
[2026-06-29T22:32:35.293+0000] {processor.py:914} INFO - Processing file /home/airflow/.local/lib/python3.12/site-packages/airflow/example_dags/example_trigger_controller_dag.py for tasks to queue
[2026-06-29T22:32:35.302+0000] {logging_mixin.py:190} INFO - [2026-06-29T22:32:35.301+0000] {dagbag.py:588} INFO - Filling up the DagBag from /home/airflow/.local/lib/python3.12/site-packages/airflow/example_dags/example_trigger_controller_dag.py
[2026-06-29T22:32:35.319+0000] {processor.py:925} INFO - DAG(s) 'example_trigger_controller_dag' retrieved from /home/airflow/.local/lib/python3.12/site-packages/airflow/example_dags/example_trigger_controller_dag.py
[2026-06-29T22:32:35.375+0000] {logging_mixin.py:190} INFO - [2026-06-29T22:32:35.374+0000] {dag.py:3239} INFO - Sync 1 DAGs
[2026-06-29T22:32:35.434+0000] {logging_mixin.py:190} INFO - [2026-06-29T22:32:35.434+0000] {dag.py:4180} INFO - Setting next_dagrun for example_trigger_controller_dag to 2021-01-01 00:00:00+00:00, run_after=2021-01-01 00:00:00+00:00
[2026-06-29T22:32:35.491+0000] {processor.py:208} INFO - Processing /home/airflow/.local/lib/python3.12/site-packages/airflow/example_dags/example_trigger_controller_dag.py took 0.212 seconds
[2026-06-29T22:33:06.070+0000] {processor.py:186} INFO - Started process (PID=3256) to work on /home/airflow/.local/lib/python3.12/site-packages/airflow/example_dags/example_trigger_controller_dag.py
[2026-06-29T22:33:06.072+0000] {processor.py:914} INFO - Processing file /home/airflow/.local/lib/python3.12/site-packages/airflow/example_dags/example_trigger_controller_dag.py for tasks to queue
[2026-06-29T22:33:06.079+0000] {logging_mixin.py:190} INFO - [2026-06-29T22:33:06.078+0000] {dagbag.py:588} INFO - Filling up the DagBag from /home/airflow/.local/lib/python3.12/site-packages/airflow/example_dags/example_trigger_controller_dag.py
[2026-06-29T22:33:06.095+0000] {processor.py:925} INFO - DAG(s) 'example_trigger_controller_dag' retrieved from /home/airflow/.local/lib/python3.12/site-packages/airflow/example_dags/example_trigger_controller_dag.py
[2026-06-29T22:33:06.133+0000] {logging_mixin.py:190} INFO - [2026-06-29T22:33:06.132+0000] {dag.py:3239} INFO - Sync 1 DAGs
[2026-06-29T22:33:06.175+0000] {logging_mixin.py:190} INFO - [2026-06-29T22:33:06.175+0000] {dag.py:4180} INFO - Setting next_dagrun for example_trigger_controller_dag to 2021-01-01 00:00:00+00:00, run_after=2021-01-01 00:00:00+00:00
[2026-06-29T22:33:06.210+0000] {processor.py:208} INFO - Processing /home/airflow/.local/lib/python3.12/site-packages/airflow/example_dags/example_trigger_controller_dag.py took 0.155 seconds
[2026-06-29T22:33:37.252+0000] {processor.py:186} INFO - Started process (PID=3320) to work on /home/airflow/.local/lib/python3.12/site-packages/airflow/example_dags/example_trigger_controller_dag.py
[2026-06-29T22:33:37.254+0000] {processor.py:914} INFO - Processing file /home/airflow/.local/lib/python3.12/site-packages/airflow/example_dags/example_trigger_controller_dag.py for tasks to queue
[2026-06-29T22:33:37.260+0000] {logging_mixin.py:190} INFO - [2026-06-29T22:33:37.259+0000] {dagbag.py:588} INFO - Filling up the DagBag from /home/airflow/.local/lib/python3.12/site-packages/airflow/example_dags/example_trigger_controller_dag.py
[2026-06-29T22:33:37.274+0000] {processor.py:925} INFO - DAG(s) 'example_trigger_controller_dag' retrieved from /home/airflow/.local/lib/python3.12/site-packages/airflow/example_dags/example_trigger_controller_dag.py
[2026-06-29T22:33:37.312+0000] {logging_mixin.py:190} INFO - [2026-06-29T22:33:37.311+0000] {dag.py:3239} INFO - Sync 1 DAGs
[2026-06-29T22:33:37.343+0000] {logging_mixin.py:190} INFO - [2026-06-29T22:33:37.343+0000] {dag.py:4180} INFO - Setting next_dagrun for example_trigger_controller_dag to 2021-01-01 00:00:00+00:00, run_after=2021-01-01 00:00:00+00:00
[2026-06-29T22:33:37.369+0000] {processor.py:208} INFO - Processing /home/airflow/.local/lib/python3.12/site-packages/airflow/example_dags/example_trigger_controller_dag.py took 0.132 seconds
[2026-06-29T22:34:07.750+0000] {processor.py:186} INFO - Started process (PID=3383) to work on /home/airflow/.local/lib/python3.12/site-packages/airflow/example_dags/example_trigger_controller_dag.py
[2026-06-29T22:34:07.752+0000] {processor.py:914} INFO - Processing file /home/airflow/.local/lib/python3.12/site-packages/airflow/example_dags/example_trigger_controller_dag.py for tasks to queue
[2026-06-29T22:34:07.756+0000] {logging_mixin.py:190} INFO - [2026-06-29T22:34:07.756+0000] {dagbag.py:588} INFO - Filling up the DagBag from /home/airflow/.local/lib/python3.12/site-packages/airflow/example_dags/example_trigger_controller_dag.py
[2026-06-29T22:34:07.772+0000] {processor.py:925} INFO - DAG(s) 'example_trigger_controller_dag' retrieved from /home/airflow/.local/lib/python3.12/site-packages/airflow/example_dags/example_trigger_controller_dag.py
[2026-06-29T22:34:07.808+0000] {logging_mixin.py:190} INFO - [2026-06-29T22:34:07.807+0000] {dag.py:3239} INFO - Sync 1 DAGs
[2026-06-29T22:34:07.853+0000] {logging_mixin.py:190} INFO - [2026-06-29T22:34:07.852+0000] {dag.py:4180} INFO - Setting next_dagrun for example_trigger_controller_dag to 2021-01-01 00:00:00+00:00, run_after=2021-01-01 00:00:00+00:00
[2026-06-29T22:34:07.893+0000] {processor.py:208} INFO - Processing /home/airflow/.local/lib/python3.12/site-packages/airflow/example_dags/example_trigger_controller_dag.py took 0.155 seconds
[2026-06-29T22:34:38.672+0000] {processor.py:186} INFO - Started process (PID=3447) to work on /home/airflow/.local/lib/python3.12/site-packages/airflow/example_dags/example_trigger_controller_dag.py
[2026-06-29T22:34:38.677+0000] {processor.py:914} INFO - Processing file /home/airflow/.local/lib/python3.12/site-packages/airflow/example_dags/example_trigger_controller_dag.py for tasks to queue
[2026-06-29T22:34:38.689+0000] {logging_mixin.py:190} INFO - [2026-06-29T22:34:38.688+0000] {dagbag.py:588} INFO - Filling up the DagBag from /home/airflow/.local/lib/python3.12/site-packages/airflow/example_dags/example_trigger_controller_dag.py
[2026-06-29T22:34:38.710+0000] {processor.py:925} INFO - DAG(s) 'example_trigger_controller_dag' retrieved from /home/airflow/.local/lib/python3.12/site-packages/airflow/example_dags/example_trigger_controller_dag.py
[2026-06-29T22:34:38.783+0000] {logging_mixin.py:190} INFO - [2026-06-29T22:34:38.783+0000] {dag.py:3239} INFO - Sync 1 DAGs
[2026-06-29T22:34:38.851+0000] {logging_mixin.py:190} INFO - [2026-06-29T22:34:38.850+0000] {dag.py:4180} INFO - Setting next_dagrun for example_trigger_controller_dag to 2021-01-01 00:00:00+00:00, run_after=2021-01-01 00:00:00+00:00
[2026-06-29T22:34:38.940+0000] {processor.py:208} INFO - Processing /home/airflow/.local/lib/python3.12/site-packages/airflow/example_dags/example_trigger_controller_dag.py took 0.293 seconds
[2026-06-29T22:35:09.177+0000] {processor.py:186} INFO - Started process (PID=3510) to work on /home/airflow/.local/lib/python3.12/site-packages/airflow/example_dags/example_trigger_controller_dag.py
[2026-06-29T22:35:09.180+0000] {processor.py:914} INFO - Processing file /home/airflow/.local/lib/python3.12/site-packages/airflow/example_dags/example_trigger_controller_dag.py for tasks to queue
[2026-06-29T22:35:09.186+0000] {logging_mixin.py:190} INFO - [2026-06-29T22:35:09.186+0000] {dagbag.py:588} INFO - Filling up the DagBag from /home/airflow/.local/lib/python3.12/site-packages/airflow/example_dags/example_trigger_controller_dag.py
[2026-06-29T22:35:09.196+0000] {processor.py:925} INFO - DAG(s) 'example_trigger_controller_dag' retrieved from /home/airflow/.local/lib/python3.12/site-packages/airflow/example_dags/example_trigger_controller_dag.py
[2026-06-29T22:35:09.224+0000] {logging_mixin.py:190} INFO - [2026-06-29T22:35:09.224+0000] {dag.py:3239} INFO - Sync 1 DAGs
[2026-06-29T22:35:09.250+0000] {logging_mixin.py:190} INFO - [2026-06-29T22:35:09.249+0000] {dag.py:4180} INFO - Setting next_dagrun for example_trigger_controller_dag to 2021-01-01 00:00:00+00:00, run_after=2021-01-01 00:00:00+00:00
[2026-06-29T22:35:09.270+0000] {processor.py:208} INFO - Processing /home/airflow/.local/lib/python3.12/site-packages/airflow/example_dags/example_trigger_controller_dag.py took 0.109 seconds
[2026-06-29T22:35:39.443+0000] {processor.py:186} INFO - Started process (PID=3574) to work on /home/airflow/.local/lib/python3.12/site-packages/airflow/example_dags/example_trigger_controller_dag.py
[2026-06-29T22:35:39.444+0000] {processor.py:914} INFO - Processing file /home/airflow/.local/lib/python3.12/site-packages/airflow/example_dags/example_trigger_controller_dag.py for tasks to queue
[2026-06-29T22:35:39.449+0000] {logging_mixin.py:190} INFO - [2026-06-29T22:35:39.448+0000] {dagbag.py:588} INFO - Filling up the DagBag from /home/airflow/.local/lib/python3.12/site-packages/airflow/example_dags/example_trigger_controller_dag.py
[2026-06-29T22:35:39.457+0000] {processor.py:925} INFO - DAG(s) 'example_trigger_controller_dag' retrieved from /home/airflow/.local/lib/python3.12/site-packages/airflow/example_dags/example_trigger_controller_dag.py
[2026-06-29T22:35:39.479+0000] {logging_mixin.py:190} INFO - [2026-06-29T22:35:39.479+0000] {dag.py:3239} INFO - Sync 1 DAGs
[2026-06-29T22:35:39.503+0000] {logging_mixin.py:190} INFO - [2026-06-29T22:35:39.502+0000] {dag.py:4180} INFO - Setting next_dagrun for example_trigger_controller_dag to 2021-01-01 00:00:00+00:00, run_after=2021-01-01 00:00:00+00:00
[2026-06-29T22:35:39.523+0000] {processor.py:208} INFO - Processing /home/airflow/.local/lib/python3.12/site-packages/airflow/example_dags/example_trigger_controller_dag.py took 0.094 seconds
[2026-06-29T22:36:09.938+0000] {processor.py:186} INFO - Started process (PID=3638) to work on /home/airflow/.local/lib/python3.12/site-packages/airflow/example_dags/example_trigger_controller_dag.py
[2026-06-29T22:36:09.940+0000] {processor.py:914} INFO - Processing file /home/airflow/.local/lib/python3.12/site-packages/airflow/example_dags/example_trigger_controller_dag.py for tasks to queue
[2026-06-29T22:36:09.944+0000] {logging_mixin.py:190} INFO - [2026-06-29T22:36:09.944+0000] {dagbag.py:588} INFO - Filling up the DagBag from /home/airflow/.local/lib/python3.12/site-packages/airflow/example_dags/example_trigger_controller_dag.py
[2026-06-29T22:36:09.955+0000] {processor.py:925} INFO - DAG(s) 'example_trigger_controller_dag' retrieved from /home/airflow/.local/lib/python3.12/site-packages/airflow/example_dags/example_trigger_controller_dag.py
[2026-06-29T22:36:09.979+0000] {logging_mixin.py:190} INFO - [2026-06-29T22:36:09.979+0000] {dag.py:3239} INFO - Sync 1 DAGs
[2026-06-29T22:36:10.004+0000] {logging_mixin.py:190} INFO - [2026-06-29T22:36:10.003+0000] {dag.py:4180} INFO - Setting next_dagrun for example_trigger_controller_dag to 2021-01-01 00:00:00+00:00, run_after=2021-01-01 00:00:00+00:00
[2026-06-29T22:36:10.026+0000] {processor.py:208} INFO - Processing /home/airflow/.local/lib/python3.12/site-packages/airflow/example_dags/example_trigger_controller_dag.py took 0.100 seconds
[2026-06-29T22:36:40.793+0000] {processor.py:186} INFO - Started process (PID=3702) to work on /home/airflow/.local/lib/python3.12/site-packages/airflow/example_dags/example_trigger_controller_dag.py
[2026-06-29T22:36:40.795+0000] {processor.py:914} INFO - Processing file /home/airflow/.local/lib/python3.12/site-packages/airflow/example_dags/example_trigger_controller_dag.py for tasks to queue
[2026-06-29T22:36:40.804+0000] {logging_mixin.py:190} INFO - [2026-06-29T22:36:40.803+0000] {dagbag.py:588} INFO - Filling up the DagBag from /home/airflow/.local/lib/python3.12/site-packages/airflow/example_dags/example_trigger_controller_dag.py
[2026-06-29T22:36:40.817+0000] {processor.py:925} INFO - DAG(s) 'example_trigger_controller_dag' retrieved from /home/airflow/.local/lib/python3.12/site-packages/airflow/example_dags/example_trigger_controller_dag.py
[2026-06-29T22:36:40.868+0000] {logging_mixin.py:190} INFO - [2026-06-29T22:36:40.867+0000] {dag.py:3239} INFO - Sync 1 DAGs
[2026-06-29T22:36:40.926+0000] {logging_mixin.py:190} INFO - [2026-06-29T22:36:40.925+0000] {dag.py:4180} INFO - Setting next_dagrun for example_trigger_controller_dag to 2021-01-01 00:00:00+00:00, run_after=2021-01-01 00:00:00+00:00
[2026-06-29T22:36:41.049+0000] {processor.py:208} INFO - Processing /home/airflow/.local/lib/python3.12/site-packages/airflow/example_dags/example_trigger_controller_dag.py took 0.279 seconds
[2026-06-29T22:37:11.613+0000] {processor.py:186} INFO - Started process (PID=3766) to work on /home/airflow/.local/lib/python3.12/site-packages/airflow/example_dags/example_trigger_controller_dag.py
[2026-06-29T22:37:11.616+0000] {processor.py:914} INFO - Processing file /home/airflow/.local/lib/python3.12/site-packages/airflow/example_dags/example_trigger_controller_dag.py for tasks to queue
[2026-06-29T22:37:11.620+0000] {logging_mixin.py:190} INFO - [2026-06-29T22:37:11.619+0000] {dagbag.py:588} INFO - Filling up the DagBag from /home/airflow/.local/lib/python3.12/site-packages/airflow/example_dags/example_trigger_controller_dag.py
[2026-06-29T22:37:11.633+0000] {processor.py:925} INFO - DAG(s) 'example_trigger_controller_dag' retrieved from /home/airflow/.local/lib/python3.12/site-packages/airflow/example_dags/example_trigger_controller_dag.py
[2026-06-29T22:37:11.663+0000] {logging_mixin.py:190} INFO - [2026-06-29T22:37:11.663+0000] {dag.py:3239} INFO - Sync 1 DAGs
[2026-06-29T22:37:11.693+0000] {logging_mixin.py:190} INFO - [2026-06-29T22:37:11.692+0000] {dag.py:4180} INFO - Setting next_dagrun for example_trigger_controller_dag to 2021-01-01 00:00:00+00:00, run_after=2021-01-01 00:00:00+00:00
[2026-06-29T22:37:11.717+0000] {processor.py:208} INFO - Processing /home/airflow/.local/lib/python3.12/site-packages/airflow/example_dags/example_trigger_controller_dag.py took 0.117 seconds
[2026-06-29T22:37:42.013+0000] {processor.py:186} INFO - Started process (PID=3830) to work on /home/airflow/.local/lib/python3.12/site-packages/airflow/example_dags/example_trigger_controller_dag.py
[2026-06-29T22:37:42.015+0000] {processor.py:914} INFO - Processing file /home/airflow/.local/lib/python3.12/site-packages/airflow/example_dags/example_trigger_controller_dag.py for tasks to queue
[2026-06-29T22:37:42.019+0000] {logging_mixin.py:190} INFO - [2026-06-29T22:37:42.019+0000] {dagbag.py:588} INFO - Filling up the DagBag from /home/airflow/.local/lib/python3.12/site-packages/airflow/example_dags/example_trigger_controller_dag.py
[2026-06-29T22:37:42.032+0000] {processor.py:925} INFO - DAG(s) 'example_trigger_controller_dag' retrieved from /home/airflow/.local/lib/python3.12/site-packages/airflow/example_dags/example_trigger_controller_dag.py
[2026-06-29T22:37:42.059+0000] {logging_mixin.py:190} INFO - [2026-06-29T22:37:42.058+0000] {dag.py:3239} INFO - Sync 1 DAGs
[2026-06-29T22:37:42.087+0000] {logging_mixin.py:190} INFO - [2026-06-29T22:37:42.086+0000] {dag.py:4180} INFO - Setting next_dagrun for example_trigger_controller_dag to 2021-01-01 00:00:00+00:00, run_after=2021-01-01 00:00:00+00:00
[2026-06-29T22:37:42.114+0000] {processor.py:208} INFO - Processing /home/airflow/.local/lib/python3.12/site-packages/airflow/example_dags/example_trigger_controller_dag.py took 0.114 seconds
[2026-06-29T22:38:12.954+0000] {processor.py:186} INFO - Started process (PID=3894) to work on /home/airflow/.local/lib/python3.12/site-packages/airflow/example_dags/example_trigger_controller_dag.py
[2026-06-29T22:38:12.956+0000] {processor.py:914} INFO - Processing file /home/airflow/.local/lib/python3.12/site-packages/airflow/example_dags/example_trigger_controller_dag.py for tasks to queue
[2026-06-29T22:38:12.959+0000] {logging_mixin.py:190} INFO - [2026-06-29T22:38:12.959+0000] {dagbag.py:588} INFO - Filling up the DagBag from /home/airflow/.local/lib/python3.12/site-packages/airflow/example_dags/example_trigger_controller_dag.py
[2026-06-29T22:38:12.968+0000] {processor.py:925} INFO - DAG(s) 'example_trigger_controller_dag' retrieved from /home/airflow/.local/lib/python3.12/site-packages/airflow/example_dags/example_trigger_controller_dag.py
[2026-06-29T22:38:12.993+0000] {logging_mixin.py:190} INFO - [2026-06-29T22:38:12.992+0000] {dag.py:3239} INFO - Sync 1 DAGs
[2026-06-29T22:38:13.017+0000] {logging_mixin.py:190} INFO - [2026-06-29T22:38:13.017+0000] {dag.py:4180} INFO - Setting next_dagrun for example_trigger_controller_dag to 2021-01-01 00:00:00+00:00, run_after=2021-01-01 00:00:00+00:00
[2026-06-29T22:38:13.042+0000] {processor.py:208} INFO - Processing /home/airflow/.local/lib/python3.12/site-packages/airflow/example_dags/example_trigger_controller_dag.py took 0.100 seconds
[2026-06-29T22:38:44.252+0000] {processor.py:186} INFO - Started process (PID=3958) to work on /home/airflow/.local/lib/python3.12/site-packages/airflow/example_dags/example_trigger_controller_dag.py
[2026-06-29T22:38:44.262+0000] {processor.py:914} INFO - Processing file /home/airflow/.local/lib/python3.12/site-packages/airflow/example_dags/example_trigger_controller_dag.py for tasks to queue
[2026-06-29T22:38:44.282+0000] {logging_mixin.py:190} INFO - [2026-06-29T22:38:44.274+0000] {dagbag.py:588} INFO - Filling up the DagBag from /home/airflow/.local/lib/python3.12/site-packages/airflow/example_dags/example_trigger_controller_dag.py
[2026-06-29T22:38:44.326+0000] {processor.py:925} INFO - DAG(s) 'example_trigger_controller_dag' retrieved from /home/airflow/.local/lib/python3.12/site-packages/airflow/example_dags/example_trigger_controller_dag.py
[2026-06-29T22:38:44.384+0000] {logging_mixin.py:190} INFO - [2026-06-29T22:38:44.383+0000] {dag.py:3239} INFO - Sync 1 DAGs
[2026-06-29T22:38:44.456+0000] {logging_mixin.py:190} INFO - [2026-06-29T22:38:44.455+0000] {dag.py:4180} INFO - Setting next_dagrun for example_trigger_controller_dag to 2021-01-01 00:00:00+00:00, run_after=2021-01-01 00:00:00+00:00
[2026-06-29T22:38:44.521+0000] {processor.py:208} INFO - Processing /home/airflow/.local/lib/python3.12/site-packages/airflow/example_dags/example_trigger_controller_dag.py took 0.298 seconds
[2026-06-29T22:39:15.231+0000] {processor.py:186} INFO - Started process (PID=4022) to work on /home/airflow/.local/lib/python3.12/site-packages/airflow/example_dags/example_trigger_controller_dag.py
[2026-06-29T22:39:15.233+0000] {processor.py:914} INFO - Processing file /home/airflow/.local/lib/python3.12/site-packages/airflow/example_dags/example_trigger_controller_dag.py for tasks to queue
[2026-06-29T22:39:15.236+0000] {logging_mixin.py:190} INFO - [2026-06-29T22:39:15.236+0000] {dagbag.py:588} INFO - Filling up the DagBag from /home/airflow/.local/lib/python3.12/site-packages/airflow/example_dags/example_trigger_controller_dag.py
[2026-06-29T22:39:15.246+0000] {processor.py:925} INFO - DAG(s) 'example_trigger_controller_dag' retrieved from /home/airflow/.local/lib/python3.12/site-packages/airflow/example_dags/example_trigger_controller_dag.py
[2026-06-29T22:39:15.273+0000] {logging_mixin.py:190} INFO - [2026-06-29T22:39:15.272+0000] {dag.py:3239} INFO - Sync 1 DAGs
[2026-06-29T22:39:15.478+0000] {logging_mixin.py:190} INFO - [2026-06-29T22:39:15.478+0000] {dag.py:4180} INFO - Setting next_dagrun for example_trigger_controller_dag to 2021-01-01 00:00:00+00:00, run_after=2021-01-01 00:00:00+00:00
[2026-06-29T22:39:15.499+0000] {processor.py:208} INFO - Processing /home/airflow/.local/lib/python3.12/site-packages/airflow/example_dags/example_trigger_controller_dag.py took 0.278 seconds
[2026-06-29T22:39:45.627+0000] {processor.py:186} INFO - Started process (PID=4092) to work on /home/airflow/.local/lib/python3.12/site-packages/airflow/example_dags/example_trigger_controller_dag.py
[2026-06-29T22:39:45.630+0000] {processor.py:914} INFO - Processing file /home/airflow/.local/lib/python3.12/site-packages/airflow/example_dags/example_trigger_controller_dag.py for tasks to queue
[2026-06-29T22:39:45.637+0000] {logging_mixin.py:190} INFO - [2026-06-29T22:39:45.636+0000] {dagbag.py:588} INFO - Filling up the DagBag from /home/airflow/.local/lib/python3.12/site-packages/airflow/example_dags/example_trigger_controller_dag.py
[2026-06-29T22:39:45.649+0000] {processor.py:925} INFO - DAG(s) 'example_trigger_controller_dag' retrieved from /home/airflow/.local/lib/python3.12/site-packages/airflow/example_dags/example_trigger_controller_dag.py
[2026-06-29T22:39:45.697+0000] {logging_mixin.py:190} INFO - [2026-06-29T22:39:45.696+0000] {dag.py:3239} INFO - Sync 1 DAGs
[2026-06-29T22:39:45.761+0000] {logging_mixin.py:190} INFO - [2026-06-29T22:39:45.761+0000] {dag.py:4180} INFO - Setting next_dagrun for example_trigger_controller_dag to 2021-01-01 00:00:00+00:00, run_after=2021-01-01 00:00:00+00:00
[2026-06-29T22:39:45.810+0000] {processor.py:208} INFO - Processing /home/airflow/.local/lib/python3.12/site-packages/airflow/example_dags/example_trigger_controller_dag.py took 0.198 seconds
[2026-06-29T22:41:30.791+0000] {processor.py:186} INFO - Started process (PID=118) to work on /home/airflow/.local/lib/python3.12/site-packages/airflow/example_dags/example_trigger_controller_dag.py
[2026-06-29T22:41:30.794+0000] {processor.py:914} INFO - Processing file /home/airflow/.local/lib/python3.12/site-packages/airflow/example_dags/example_trigger_controller_dag.py for tasks to queue
[2026-06-29T22:41:30.805+0000] {logging_mixin.py:190} INFO - [2026-06-29T22:41:30.805+0000] {dagbag.py:588} INFO - Filling up the DagBag from /home/airflow/.local/lib/python3.12/site-packages/airflow/example_dags/example_trigger_controller_dag.py
[2026-06-29T22:41:30.836+0000] {processor.py:925} INFO - DAG(s) 'example_trigger_controller_dag' retrieved from /home/airflow/.local/lib/python3.12/site-packages/airflow/example_dags/example_trigger_controller_dag.py
[2026-06-29T22:41:30.894+0000] {logging_mixin.py:190} INFO - [2026-06-29T22:41:30.893+0000] {dag.py:3239} INFO - Sync 1 DAGs
[2026-06-29T22:41:30.960+0000] {logging_mixin.py:190} INFO - [2026-06-29T22:41:30.959+0000] {dag.py:4180} INFO - Setting next_dagrun for example_trigger_controller_dag to 2021-01-01 00:00:00+00:00, run_after=2021-01-01 00:00:00+00:00
[2026-06-29T22:41:31.029+0000] {processor.py:208} INFO - Processing /home/airflow/.local/lib/python3.12/site-packages/airflow/example_dags/example_trigger_controller_dag.py took 0.251 seconds
[2026-06-29T22:42:01.937+0000] {processor.py:186} INFO - Started process (PID=182) to work on /home/airflow/.local/lib/python3.12/site-packages/airflow/example_dags/example_trigger_controller_dag.py
[2026-06-29T22:42:01.939+0000] {processor.py:914} INFO - Processing file /home/airflow/.local/lib/python3.12/site-packages/airflow/example_dags/example_trigger_controller_dag.py for tasks to queue
[2026-06-29T22:42:01.946+0000] {logging_mixin.py:190} INFO - [2026-06-29T22:42:01.945+0000] {dagbag.py:588} INFO - Filling up the DagBag from /home/airflow/.local/lib/python3.12/site-packages/airflow/example_dags/example_trigger_controller_dag.py
[2026-06-29T22:42:01.964+0000] {processor.py:925} INFO - DAG(s) 'example_trigger_controller_dag' retrieved from /home/airflow/.local/lib/python3.12/site-packages/airflow/example_dags/example_trigger_controller_dag.py
[2026-06-29T22:42:02.010+0000] {logging_mixin.py:190} INFO - [2026-06-29T22:42:02.009+0000] {dag.py:3239} INFO - Sync 1 DAGs
[2026-06-29T22:42:02.063+0000] {logging_mixin.py:190} INFO - [2026-06-29T22:42:02.062+0000] {dag.py:4180} INFO - Setting next_dagrun for example_trigger_controller_dag to 2021-01-01 00:00:00+00:00, run_after=2021-01-01 00:00:00+00:00
[2026-06-29T22:42:02.125+0000] {processor.py:208} INFO - Processing /home/airflow/.local/lib/python3.12/site-packages/airflow/example_dags/example_trigger_controller_dag.py took 0.201 seconds
[2026-06-29T22:42:34.474+0000] {processor.py:186} INFO - Started process (PID=246) to work on /home/airflow/.local/lib/python3.12/site-packages/airflow/example_dags/example_trigger_controller_dag.py
[2026-06-29T22:42:34.477+0000] {processor.py:914} INFO - Processing file /home/airflow/.local/lib/python3.12/site-packages/airflow/example_dags/example_trigger_controller_dag.py for tasks to queue
[2026-06-29T22:42:34.484+0000] {logging_mixin.py:190} INFO - [2026-06-29T22:42:34.483+0000] {dagbag.py:588} INFO - Filling up the DagBag from /home/airflow/.local/lib/python3.12/site-packages/airflow/example_dags/example_trigger_controller_dag.py
[2026-06-29T22:42:34.502+0000] {processor.py:925} INFO - DAG(s) 'example_trigger_controller_dag' retrieved from /home/airflow/.local/lib/python3.12/site-packages/airflow/example_dags/example_trigger_controller_dag.py
[2026-06-29T22:42:34.558+0000] {logging_mixin.py:190} INFO - [2026-06-29T22:42:34.558+0000] {dag.py:3239} INFO - Sync 1 DAGs
[2026-06-29T22:42:34.603+0000] {logging_mixin.py:190} INFO - [2026-06-29T22:42:34.603+0000] {dag.py:4180} INFO - Setting next_dagrun for example_trigger_controller_dag to 2021-01-01 00:00:00+00:00, run_after=2021-01-01 00:00:00+00:00
[2026-06-29T22:42:34.649+0000] {processor.py:208} INFO - Processing /home/airflow/.local/lib/python3.12/site-packages/airflow/example_dags/example_trigger_controller_dag.py took 0.188 seconds
[2026-06-29T22:43:08.616+0000] {processor.py:186} INFO - Started process (PID=310) to work on /home/airflow/.local/lib/python3.12/site-packages/airflow/example_dags/example_trigger_controller_dag.py
[2026-06-29T22:43:08.619+0000] {processor.py:914} INFO - Processing file /home/airflow/.local/lib/python3.12/site-packages/airflow/example_dags/example_trigger_controller_dag.py for tasks to queue
[2026-06-29T22:43:08.630+0000] {logging_mixin.py:190} INFO - [2026-06-29T22:43:08.629+0000] {dagbag.py:588} INFO - Filling up the DagBag from /home/airflow/.local/lib/python3.12/site-packages/airflow/example_dags/example_trigger_controller_dag.py
[2026-06-29T22:43:08.662+0000] {processor.py:925} INFO - DAG(s) 'example_trigger_controller_dag' retrieved from /home/airflow/.local/lib/python3.12/site-packages/airflow/example_dags/example_trigger_controller_dag.py
[2026-06-29T22:43:08.727+0000] {logging_mixin.py:190} INFO - [2026-06-29T22:43:08.726+0000] {dag.py:3239} INFO - Sync 1 DAGs
[2026-06-29T22:43:08.805+0000] {logging_mixin.py:190} INFO - [2026-06-29T22:43:08.804+0000] {dag.py:4180} INFO - Setting next_dagrun for example_trigger_controller_dag to 2021-01-01 00:00:00+00:00, run_after=2021-01-01 00:00:00+00:00
[2026-06-29T22:43:08.873+0000] {processor.py:208} INFO - Processing /home/airflow/.local/lib/python3.12/site-packages/airflow/example_dags/example_trigger_controller_dag.py took 0.273 seconds
[2026-06-29T22:43:39.718+0000] {processor.py:186} INFO - Started process (PID=374) to work on /home/airflow/.local/lib/python3.12/site-packages/airflow/example_dags/example_trigger_controller_dag.py
[2026-06-29T22:43:39.721+0000] {processor.py:914} INFO - Processing file /home/airflow/.local/lib/python3.12/site-packages/airflow/example_dags/example_trigger_controller_dag.py for tasks to queue
[2026-06-29T22:43:39.729+0000] {logging_mixin.py:190} INFO - [2026-06-29T22:43:39.728+0000] {dagbag.py:588} INFO - Filling up the DagBag from /home/airflow/.local/lib/python3.12/site-packages/airflow/example_dags/example_trigger_controller_dag.py
[2026-06-29T22:43:39.742+0000] {processor.py:925} INFO - DAG(s) 'example_trigger_controller_dag' retrieved from /home/airflow/.local/lib/python3.12/site-packages/airflow/example_dags/example_trigger_controller_dag.py
[2026-06-29T22:43:39.786+0000] {logging_mixin.py:190} INFO - [2026-06-29T22:43:39.786+0000] {dag.py:3239} INFO - Sync 1 DAGs
[2026-06-29T22:43:39.843+0000] {logging_mixin.py:190} INFO - [2026-06-29T22:43:39.842+0000] {dag.py:4180} INFO - Setting next_dagrun for example_trigger_controller_dag to 2021-01-01 00:00:00+00:00, run_after=2021-01-01 00:00:00+00:00
[2026-06-29T22:43:39.889+0000] {processor.py:208} INFO - Processing /home/airflow/.local/lib/python3.12/site-packages/airflow/example_dags/example_trigger_controller_dag.py took 0.180 seconds
[2026-06-29T22:44:10.165+0000] {processor.py:186} INFO - Started process (PID=439) to work on /home/airflow/.local/lib/python3.12/site-packages/airflow/example_dags/example_trigger_controller_dag.py
[2026-06-29T22:44:10.167+0000] {processor.py:914} INFO - Processing file /home/airflow/.local/lib/python3.12/site-packages/airflow/example_dags/example_trigger_controller_dag.py for tasks to queue
[2026-06-29T22:44:10.170+0000] {logging_mixin.py:190} INFO - [2026-06-29T22:44:10.170+0000] {dagbag.py:588} INFO - Filling up the DagBag from /home/airflow/.local/lib/python3.12/site-packages/airflow/example_dags/example_trigger_controller_dag.py
[2026-06-29T22:44:10.178+0000] {processor.py:925} INFO - DAG(s) 'example_trigger_controller_dag' retrieved from /home/airflow/.local/lib/python3.12/site-packages/airflow/example_dags/example_trigger_controller_dag.py
[2026-06-29T22:44:10.200+0000] {logging_mixin.py:190} INFO - [2026-06-29T22:44:10.200+0000] {dag.py:3239} INFO - Sync 1 DAGs
[2026-06-29T22:44:10.225+0000] {logging_mixin.py:190} INFO - [2026-06-29T22:44:10.224+0000] {dag.py:4180} INFO - Setting next_dagrun for example_trigger_controller_dag to 2021-01-01 00:00:00+00:00, run_after=2021-01-01 00:00:00+00:00
[2026-06-29T22:44:10.243+0000] {processor.py:208} INFO - Processing /home/airflow/.local/lib/python3.12/site-packages/airflow/example_dags/example_trigger_controller_dag.py took 0.085 seconds
[2026-06-29T22:44:40.698+0000] {processor.py:186} INFO - Started process (PID=503) to work on /home/airflow/.local/lib/python3.12/site-packages/airflow/example_dags/example_trigger_controller_dag.py
[2026-06-29T22:44:40.701+0000] {processor.py:914} INFO - Processing file /home/airflow/.local/lib/python3.12/site-packages/airflow/example_dags/example_trigger_controller_dag.py for tasks to queue
[2026-06-29T22:44:40.710+0000] {logging_mixin.py:190} INFO - [2026-06-29T22:44:40.707+0000] {dagbag.py:588} INFO - Filling up the DagBag from /home/airflow/.local/lib/python3.12/site-packages/airflow/example_dags/example_trigger_controller_dag.py
[2026-06-29T22:44:40.741+0000] {processor.py:925} INFO - DAG(s) 'example_trigger_controller_dag' retrieved from /home/airflow/.local/lib/python3.12/site-packages/airflow/example_dags/example_trigger_controller_dag.py
[2026-06-29T22:44:40.788+0000] {logging_mixin.py:190} INFO - [2026-06-29T22:44:40.788+0000] {dag.py:3239} INFO - Sync 1 DAGs
[2026-06-29T22:44:40.833+0000] {logging_mixin.py:190} INFO - [2026-06-29T22:44:40.833+0000] {dag.py:4180} INFO - Setting next_dagrun for example_trigger_controller_dag to 2021-01-01 00:00:00+00:00, run_after=2021-01-01 00:00:00+00:00
[2026-06-29T22:44:40.878+0000] {processor.py:208} INFO - Processing /home/airflow/.local/lib/python3.12/site-packages/airflow/example_dags/example_trigger_controller_dag.py took 0.201 seconds
[2026-06-29T22:45:12.292+0000] {processor.py:186} INFO - Started process (PID=573) to work on /home/airflow/.local/lib/python3.12/site-packages/airflow/example_dags/example_trigger_controller_dag.py
[2026-06-29T22:45:12.294+0000] {processor.py:914} INFO - Processing file /home/airflow/.local/lib/python3.12/site-packages/airflow/example_dags/example_trigger_controller_dag.py for tasks to queue
[2026-06-29T22:45:12.298+0000] {logging_mixin.py:190} INFO - [2026-06-29T22:45:12.298+0000] {dagbag.py:588} INFO - Filling up the DagBag from /home/airflow/.local/lib/python3.12/site-packages/airflow/example_dags/example_trigger_controller_dag.py
[2026-06-29T22:45:12.310+0000] {processor.py:925} INFO - DAG(s) 'example_trigger_controller_dag' retrieved from /home/airflow/.local/lib/python3.12/site-packages/airflow/example_dags/example_trigger_controller_dag.py
[2026-06-29T22:45:12.345+0000] {logging_mixin.py:190} INFO - [2026-06-29T22:45:12.344+0000] {dag.py:3239} INFO - Sync 1 DAGs
[2026-06-29T22:45:12.386+0000] {logging_mixin.py:190} INFO - [2026-06-29T22:45:12.385+0000] {dag.py:4180} INFO - Setting next_dagrun for example_trigger_controller_dag to 2021-01-01 00:00:00+00:00, run_after=2021-01-01 00:00:00+00:00
[2026-06-29T22:45:12.431+0000] {processor.py:208} INFO - Processing /home/airflow/.local/lib/python3.12/site-packages/airflow/example_dags/example_trigger_controller_dag.py took 0.149 seconds
[2026-06-29T22:45:42.733+0000] {processor.py:186} INFO - Started process (PID=637) to work on /home/airflow/.local/lib/python3.12/site-packages/airflow/example_dags/example_trigger_controller_dag.py
[2026-06-29T22:45:42.735+0000] {processor.py:914} INFO - Processing file /home/airflow/.local/lib/python3.12/site-packages/airflow/example_dags/example_trigger_controller_dag.py for tasks to queue
[2026-06-29T22:45:42.739+0000] {logging_mixin.py:190} INFO - [2026-06-29T22:45:42.739+0000] {dagbag.py:588} INFO - Filling up the DagBag from /home/airflow/.local/lib/python3.12/site-packages/airflow/example_dags/example_trigger_controller_dag.py
[2026-06-29T22:45:42.749+0000] {processor.py:925} INFO - DAG(s) 'example_trigger_controller_dag' retrieved from /home/airflow/.local/lib/python3.12/site-packages/airflow/example_dags/example_trigger_controller_dag.py
[2026-06-29T22:45:42.772+0000] {logging_mixin.py:190} INFO - [2026-06-29T22:45:42.772+0000] {dag.py:3239} INFO - Sync 1 DAGs
[2026-06-29T22:45:42.806+0000] {logging_mixin.py:190} INFO - [2026-06-29T22:45:42.806+0000] {dag.py:4180} INFO - Setting next_dagrun for example_trigger_controller_dag to 2021-01-01 00:00:00+00:00, run_after=2021-01-01 00:00:00+00:00
[2026-06-29T22:45:42.831+0000] {processor.py:208} INFO - Processing /home/airflow/.local/lib/python3.12/site-packages/airflow/example_dags/example_trigger_controller_dag.py took 0.106 seconds
[2026-06-29T22:46:12.906+0000] {processor.py:186} INFO - Started process (PID=700) to work on /home/airflow/.local/lib/python3.12/site-packages/airflow/example_dags/example_trigger_controller_dag.py
[2026-06-29T22:46:12.908+0000] {processor.py:914} INFO - Processing file /home/airflow/.local/lib/python3.12/site-packages/airflow/example_dags/example_trigger_controller_dag.py for tasks to queue
[2026-06-29T22:46:12.912+0000] {logging_mixin.py:190} INFO - [2026-06-29T22:46:12.911+0000] {dagbag.py:588} INFO - Filling up the DagBag from /home/airflow/.local/lib/python3.12/site-packages/airflow/example_dags/example_trigger_controller_dag.py
[2026-06-29T22:46:12.920+0000] {processor.py:925} INFO - DAG(s) 'example_trigger_controller_dag' retrieved from /home/airflow/.local/lib/python3.12/site-packages/airflow/example_dags/example_trigger_controller_dag.py
[2026-06-29T22:46:12.951+0000] {logging_mixin.py:190} INFO - [2026-06-29T22:46:12.951+0000] {dag.py:3239} INFO - Sync 1 DAGs
[2026-06-29T22:46:12.985+0000] {logging_mixin.py:190} INFO - [2026-06-29T22:46:12.984+0000] {dag.py:4180} INFO - Setting next_dagrun for example_trigger_controller_dag to 2021-01-01 00:00:00+00:00, run_after=2021-01-01 00:00:00+00:00
[2026-06-29T22:46:13.024+0000] {processor.py:208} INFO - Processing /home/airflow/.local/lib/python3.12/site-packages/airflow/example_dags/example_trigger_controller_dag.py took 0.125 seconds
[2026-06-29T22:46:43.400+0000] {processor.py:186} INFO - Started process (PID=763) to work on /home/airflow/.local/lib/python3.12/site-packages/airflow/example_dags/example_trigger_controller_dag.py
[2026-06-29T22:46:43.403+0000] {processor.py:914} INFO - Processing file /home/airflow/.local/lib/python3.12/site-packages/airflow/example_dags/example_trigger_controller_dag.py for tasks to queue
[2026-06-29T22:46:43.408+0000] {logging_mixin.py:190} INFO - [2026-06-29T22:46:43.408+0000] {dagbag.py:588} INFO - Filling up the DagBag from /home/airflow/.local/lib/python3.12/site-packages/airflow/example_dags/example_trigger_controller_dag.py
[2026-06-29T22:46:43.423+0000] {processor.py:925} INFO - DAG(s) 'example_trigger_controller_dag' retrieved from /home/airflow/.local/lib/python3.12/site-packages/airflow/example_dags/example_trigger_controller_dag.py
[2026-06-29T22:46:43.473+0000] {logging_mixin.py:190} INFO - [2026-06-29T22:46:43.473+0000] {dag.py:3239} INFO - Sync 1 DAGs
[2026-06-29T22:46:43.521+0000] {logging_mixin.py:190} INFO - [2026-06-29T22:46:43.520+0000] {dag.py:4180} INFO - Setting next_dagrun for example_trigger_controller_dag to 2021-01-01 00:00:00+00:00, run_after=2021-01-01 00:00:00+00:00
[2026-06-29T22:46:43.560+0000] {processor.py:208} INFO - Processing /home/airflow/.local/lib/python3.12/site-packages/airflow/example_dags/example_trigger_controller_dag.py took 0.173 seconds
