[2026-06-29T21:59:14.975+0000] {processor.py:186} INFO - Started process (PID=105) to work on /home/airflow/.local/lib/python3.12/site-packages/airflow/example_dags/example_trigger_target_dag.py
[2026-06-29T21:59:14.986+0000] {processor.py:914} INFO - Processing file /home/airflow/.local/lib/python3.12/site-packages/airflow/example_dags/example_trigger_target_dag.py for tasks to queue
[2026-06-29T21:59:15.002+0000] {logging_mixin.py:190} INFO - [2026-06-29T21:59:15.002+0000] {dagbag.py:588} INFO - Filling up the DagBag from /home/airflow/.local/lib/python3.12/site-packages/airflow/example_dags/example_trigger_target_dag.py
[2026-06-29T21:59:15.023+0000] {processor.py:925} INFO - DAG(s) 'example_trigger_target_dag' retrieved from /home/airflow/.local/lib/python3.12/site-packages/airflow/example_dags/example_trigger_target_dag.py
[2026-06-29T21:59:15.280+0000] {logging_mixin.py:190} INFO - [2026-06-29T21:59:15.279+0000] {override.py:1912} INFO - Created Permission View: can read on DAG:example_trigger_target_dag
[2026-06-29T21:59:15.306+0000] {logging_mixin.py:190} INFO - [2026-06-29T21:59:15.305+0000] {override.py:1912} INFO - Created Permission View: can delete on DAG:example_trigger_target_dag
[2026-06-29T21:59:15.326+0000] {logging_mixin.py:190} INFO - [2026-06-29T21:59:15.326+0000] {override.py:1912} INFO - Created Permission View: can edit on DAG:example_trigger_target_dag
[2026-06-29T21:59:15.364+0000] {logging_mixin.py:190} INFO - [2026-06-29T21:59:15.363+0000] {override.py:1912} INFO - Created Permission View: menu access on DAG Run:example_trigger_target_dag
[2026-06-29T21:59:15.398+0000] {logging_mixin.py:190} INFO - [2026-06-29T21:59:15.395+0000] {override.py:1912} INFO - Created Permission View: can read on DAG Run:example_trigger_target_dag
[2026-06-29T21:59:15.427+0000] {logging_mixin.py:190} INFO - [2026-06-29T21:59:15.427+0000] {override.py:1912} INFO - Created Permission View: can delete on DAG Run:example_trigger_target_dag
[2026-06-29T21:59:15.454+0000] {logging_mixin.py:190} INFO - [2026-06-29T21:59:15.450+0000] {override.py:1912} INFO - Created Permission View: can create on DAG Run:example_trigger_target_dag
[2026-06-29T21:59:15.465+0000] {logging_mixin.py:190} INFO - [2026-06-29T21:59:15.464+0000] {dag.py:3239} INFO - Sync 1 DAGs
[2026-06-29T21:59:15.502+0000] {logging_mixin.py:190} INFO - [2026-06-29T21:59:15.502+0000] {dag.py:3262} INFO - Creating ORM DAG for example_trigger_target_dag
[2026-06-29T21:59:15.510+0000] {logging_mixin.py:190} INFO - [2026-06-29T21:59:15.509+0000] {dag.py:4180} INFO - Setting next_dagrun for example_trigger_target_dag to None, run_after=None
[2026-06-29T21:59:15.553+0000] {processor.py:208} INFO - Processing /home/airflow/.local/lib/python3.12/site-packages/airflow/example_dags/example_trigger_target_dag.py took 0.592 seconds
[2026-06-29T21:59:46.479+0000] {processor.py:186} INFO - Started process (PID=168) to work on /home/airflow/.local/lib/python3.12/site-packages/airflow/example_dags/example_trigger_target_dag.py
[2026-06-29T21:59:46.482+0000] {processor.py:914} INFO - Processing file /home/airflow/.local/lib/python3.12/site-packages/airflow/example_dags/example_trigger_target_dag.py for tasks to queue
[2026-06-29T21:59:46.496+0000] {logging_mixin.py:190} INFO - [2026-06-29T21:59:46.495+0000] {dagbag.py:588} INFO - Filling up the DagBag from /home/airflow/.local/lib/python3.12/site-packages/airflow/example_dags/example_trigger_target_dag.py
[2026-06-29T21:59:46.524+0000] {processor.py:925} INFO - DAG(s) 'example_trigger_target_dag' retrieved from /home/airflow/.local/lib/python3.12/site-packages/airflow/example_dags/example_trigger_target_dag.py
[2026-06-29T21:59:46.630+0000] {logging_mixin.py:190} INFO - [2026-06-29T21:59:46.629+0000] {dag.py:3239} INFO - Sync 1 DAGs
[2026-06-29T21:59:46.705+0000] {logging_mixin.py:190} INFO - [2026-06-29T21:59:46.705+0000] {dag.py:4180} INFO - Setting next_dagrun for example_trigger_target_dag to None, run_after=None
[2026-06-29T21:59:46.843+0000] {processor.py:208} INFO - Processing /home/airflow/.local/lib/python3.12/site-packages/airflow/example_dags/example_trigger_target_dag.py took 0.377 seconds
[2026-06-29T22:00:17.499+0000] {processor.py:186} INFO - Started process (PID=231) to work on /home/airflow/.local/lib/python3.12/site-packages/airflow/example_dags/example_trigger_target_dag.py
[2026-06-29T22:00:17.502+0000] {processor.py:914} INFO - Processing file /home/airflow/.local/lib/python3.12/site-packages/airflow/example_dags/example_trigger_target_dag.py for tasks to queue
[2026-06-29T22:00:17.506+0000] {logging_mixin.py:190} INFO - [2026-06-29T22:00:17.505+0000] {dagbag.py:588} INFO - Filling up the DagBag from /home/airflow/.local/lib/python3.12/site-packages/airflow/example_dags/example_trigger_target_dag.py
[2026-06-29T22:00:17.516+0000] {processor.py:925} INFO - DAG(s) 'example_trigger_target_dag' retrieved from /home/airflow/.local/lib/python3.12/site-packages/airflow/example_dags/example_trigger_target_dag.py
[2026-06-29T22:00:17.546+0000] {logging_mixin.py:190} INFO - [2026-06-29T22:00:17.545+0000] {dag.py:3239} INFO - Sync 1 DAGs
[2026-06-29T22:00:17.569+0000] {logging_mixin.py:190} INFO - [2026-06-29T22:00:17.569+0000] {dag.py:4180} INFO - Setting next_dagrun for example_trigger_target_dag to None, run_after=None
[2026-06-29T22:00:17.603+0000] {processor.py:208} INFO - Processing /home/airflow/.local/lib/python3.12/site-packages/airflow/example_dags/example_trigger_target_dag.py took 0.112 seconds
[2026-06-29T22:00:47.981+0000] {processor.py:186} INFO - Started process (PID=295) to work on /home/airflow/.local/lib/python3.12/site-packages/airflow/example_dags/example_trigger_target_dag.py
[2026-06-29T22:00:47.983+0000] {processor.py:914} INFO - Processing file /home/airflow/.local/lib/python3.12/site-packages/airflow/example_dags/example_trigger_target_dag.py for tasks to queue
[2026-06-29T22:00:47.986+0000] {logging_mixin.py:190} INFO - [2026-06-29T22:00:47.985+0000] {dagbag.py:588} INFO - Filling up the DagBag from /home/airflow/.local/lib/python3.12/site-packages/airflow/example_dags/example_trigger_target_dag.py
[2026-06-29T22:00:47.997+0000] {processor.py:925} INFO - DAG(s) 'example_trigger_target_dag' retrieved from /home/airflow/.local/lib/python3.12/site-packages/airflow/example_dags/example_trigger_target_dag.py
[2026-06-29T22:00:48.025+0000] {logging_mixin.py:190} INFO - [2026-06-29T22:00:48.025+0000] {dag.py:3239} INFO - Sync 1 DAGs
[2026-06-29T22:00:48.044+0000] {logging_mixin.py:190} INFO - [2026-06-29T22:00:48.044+0000] {dag.py:4180} INFO - Setting next_dagrun for example_trigger_target_dag to None, run_after=None
[2026-06-29T22:00:48.067+0000] {processor.py:208} INFO - Processing /home/airflow/.local/lib/python3.12/site-packages/airflow/example_dags/example_trigger_target_dag.py took 0.094 seconds
[2026-06-29T22:01:20.650+0000] {processor.py:186} INFO - Started process (PID=358) to work on /home/airflow/.local/lib/python3.12/site-packages/airflow/example_dags/example_trigger_target_dag.py
[2026-06-29T22:01:20.653+0000] {processor.py:914} INFO - Processing file /home/airflow/.local/lib/python3.12/site-packages/airflow/example_dags/example_trigger_target_dag.py for tasks to queue
[2026-06-29T22:01:20.659+0000] {logging_mixin.py:190} INFO - [2026-06-29T22:01:20.659+0000] {dagbag.py:588} INFO - Filling up the DagBag from /home/airflow/.local/lib/python3.12/site-packages/airflow/example_dags/example_trigger_target_dag.py
[2026-06-29T22:01:20.679+0000] {processor.py:925} INFO - DAG(s) 'example_trigger_target_dag' retrieved from /home/airflow/.local/lib/python3.12/site-packages/airflow/example_dags/example_trigger_target_dag.py
[2026-06-29T22:01:20.720+0000] {logging_mixin.py:190} INFO - [2026-06-29T22:01:20.719+0000] {dag.py:3239} INFO - Sync 1 DAGs
[2026-06-29T22:01:20.750+0000] {logging_mixin.py:190} INFO - [2026-06-29T22:01:20.750+0000] {dag.py:4180} INFO - Setting next_dagrun for example_trigger_target_dag to None, run_after=None
[2026-06-29T22:01:20.786+0000] {processor.py:208} INFO - Processing /home/airflow/.local/lib/python3.12/site-packages/airflow/example_dags/example_trigger_target_dag.py took 0.147 seconds
[2026-06-29T22:01:51.329+0000] {processor.py:186} INFO - Started process (PID=421) to work on /home/airflow/.local/lib/python3.12/site-packages/airflow/example_dags/example_trigger_target_dag.py
[2026-06-29T22:01:51.331+0000] {processor.py:914} INFO - Processing file /home/airflow/.local/lib/python3.12/site-packages/airflow/example_dags/example_trigger_target_dag.py for tasks to queue
[2026-06-29T22:01:51.334+0000] {logging_mixin.py:190} INFO - [2026-06-29T22:01:51.334+0000] {dagbag.py:588} INFO - Filling up the DagBag from /home/airflow/.local/lib/python3.12/site-packages/airflow/example_dags/example_trigger_target_dag.py
[2026-06-29T22:01:51.343+0000] {processor.py:925} INFO - DAG(s) 'example_trigger_target_dag' retrieved from /home/airflow/.local/lib/python3.12/site-packages/airflow/example_dags/example_trigger_target_dag.py
[2026-06-29T22:01:51.364+0000] {logging_mixin.py:190} INFO - [2026-06-29T22:01:51.364+0000] {dag.py:3239} INFO - Sync 1 DAGs
[2026-06-29T22:01:51.380+0000] {logging_mixin.py:190} INFO - [2026-06-29T22:01:51.379+0000] {dag.py:4180} INFO - Setting next_dagrun for example_trigger_target_dag to None, run_after=None
[2026-06-29T22:01:51.404+0000] {processor.py:208} INFO - Processing /home/airflow/.local/lib/python3.12/site-packages/airflow/example_dags/example_trigger_target_dag.py took 0.080 seconds
[2026-06-29T22:02:22.620+0000] {processor.py:186} INFO - Started process (PID=485) to work on /home/airflow/.local/lib/python3.12/site-packages/airflow/example_dags/example_trigger_target_dag.py
[2026-06-29T22:02:22.622+0000] {processor.py:914} INFO - Processing file /home/airflow/.local/lib/python3.12/site-packages/airflow/example_dags/example_trigger_target_dag.py for tasks to queue
[2026-06-29T22:02:22.626+0000] {logging_mixin.py:190} INFO - [2026-06-29T22:02:22.625+0000] {dagbag.py:588} INFO - Filling up the DagBag from /home/airflow/.local/lib/python3.12/site-packages/airflow/example_dags/example_trigger_target_dag.py
[2026-06-29T22:02:22.641+0000] {processor.py:925} INFO - DAG(s) 'example_trigger_target_dag' retrieved from /home/airflow/.local/lib/python3.12/site-packages/airflow/example_dags/example_trigger_target_dag.py
[2026-06-29T22:02:22.673+0000] {logging_mixin.py:190} INFO - [2026-06-29T22:02:22.672+0000] {dag.py:3239} INFO - Sync 1 DAGs
[2026-06-29T22:02:22.691+0000] {logging_mixin.py:190} INFO - [2026-06-29T22:02:22.690+0000] {dag.py:4180} INFO - Setting next_dagrun for example_trigger_target_dag to None, run_after=None
[2026-06-29T22:02:22.726+0000] {processor.py:208} INFO - Processing /home/airflow/.local/lib/python3.12/site-packages/airflow/example_dags/example_trigger_target_dag.py took 0.116 seconds
[2026-06-29T22:02:58.539+0000] {processor.py:186} INFO - Started process (PID=548) to work on /home/airflow/.local/lib/python3.12/site-packages/airflow/example_dags/example_trigger_target_dag.py
[2026-06-29T22:02:58.542+0000] {processor.py:914} INFO - Processing file /home/airflow/.local/lib/python3.12/site-packages/airflow/example_dags/example_trigger_target_dag.py for tasks to queue
[2026-06-29T22:02:58.548+0000] {logging_mixin.py:190} INFO - [2026-06-29T22:02:58.547+0000] {dagbag.py:588} INFO - Filling up the DagBag from /home/airflow/.local/lib/python3.12/site-packages/airflow/example_dags/example_trigger_target_dag.py
[2026-06-29T22:02:58.567+0000] {processor.py:925} INFO - DAG(s) 'example_trigger_target_dag' retrieved from /home/airflow/.local/lib/python3.12/site-packages/airflow/example_dags/example_trigger_target_dag.py
[2026-06-29T22:02:58.629+0000] {logging_mixin.py:190} INFO - [2026-06-29T22:02:58.629+0000] {dag.py:3239} INFO - Sync 1 DAGs
[2026-06-29T22:02:58.661+0000] {logging_mixin.py:190} INFO - [2026-06-29T22:02:58.661+0000] {dag.py:4180} INFO - Setting next_dagrun for example_trigger_target_dag to None, run_after=None
[2026-06-29T22:02:58.714+0000] {processor.py:208} INFO - Processing /home/airflow/.local/lib/python3.12/site-packages/airflow/example_dags/example_trigger_target_dag.py took 0.187 seconds
[2026-06-29T22:03:30.097+0000] {processor.py:186} INFO - Started process (PID=612) to work on /home/airflow/.local/lib/python3.12/site-packages/airflow/example_dags/example_trigger_target_dag.py
[2026-06-29T22:03:30.099+0000] {processor.py:914} INFO - Processing file /home/airflow/.local/lib/python3.12/site-packages/airflow/example_dags/example_trigger_target_dag.py for tasks to queue
[2026-06-29T22:03:30.106+0000] {logging_mixin.py:190} INFO - [2026-06-29T22:03:30.104+0000] {dagbag.py:588} INFO - Filling up the DagBag from /home/airflow/.local/lib/python3.12/site-packages/airflow/example_dags/example_trigger_target_dag.py
[2026-06-29T22:03:30.124+0000] {processor.py:925} INFO - DAG(s) 'example_trigger_target_dag' retrieved from /home/airflow/.local/lib/python3.12/site-packages/airflow/example_dags/example_trigger_target_dag.py
[2026-06-29T22:03:30.191+0000] {logging_mixin.py:190} INFO - [2026-06-29T22:03:30.190+0000] {dag.py:3239} INFO - Sync 1 DAGs
[2026-06-29T22:03:30.240+0000] {logging_mixin.py:190} INFO - [2026-06-29T22:03:30.239+0000] {dag.py:4180} INFO - Setting next_dagrun for example_trigger_target_dag to None, run_after=None
[2026-06-29T22:03:30.309+0000] {processor.py:208} INFO - Processing /home/airflow/.local/lib/python3.12/site-packages/airflow/example_dags/example_trigger_target_dag.py took 0.226 seconds
[2026-06-29T22:04:01.666+0000] {processor.py:186} INFO - Started process (PID=675) to work on /home/airflow/.local/lib/python3.12/site-packages/airflow/example_dags/example_trigger_target_dag.py
[2026-06-29T22:04:01.669+0000] {processor.py:914} INFO - Processing file /home/airflow/.local/lib/python3.12/site-packages/airflow/example_dags/example_trigger_target_dag.py for tasks to queue
[2026-06-29T22:04:01.676+0000] {logging_mixin.py:190} INFO - [2026-06-29T22:04:01.675+0000] {dagbag.py:588} INFO - Filling up the DagBag from /home/airflow/.local/lib/python3.12/site-packages/airflow/example_dags/example_trigger_target_dag.py
[2026-06-29T22:04:01.699+0000] {processor.py:925} INFO - DAG(s) 'example_trigger_target_dag' retrieved from /home/airflow/.local/lib/python3.12/site-packages/airflow/example_dags/example_trigger_target_dag.py
[2026-06-29T22:04:01.739+0000] {logging_mixin.py:190} INFO - [2026-06-29T22:04:01.738+0000] {dag.py:3239} INFO - Sync 1 DAGs
[2026-06-29T22:04:01.771+0000] {logging_mixin.py:190} INFO - [2026-06-29T22:04:01.771+0000] {dag.py:4180} INFO - Setting next_dagrun for example_trigger_target_dag to None, run_after=None
[2026-06-29T22:04:01.820+0000] {processor.py:208} INFO - Processing /home/airflow/.local/lib/python3.12/site-packages/airflow/example_dags/example_trigger_target_dag.py took 0.168 seconds
[2026-06-29T22:04:36.517+0000] {processor.py:186} INFO - Started process (PID=745) to work on /home/airflow/.local/lib/python3.12/site-packages/airflow/example_dags/example_trigger_target_dag.py
[2026-06-29T22:04:36.521+0000] {processor.py:914} INFO - Processing file /home/airflow/.local/lib/python3.12/site-packages/airflow/example_dags/example_trigger_target_dag.py for tasks to queue
[2026-06-29T22:04:36.529+0000] {logging_mixin.py:190} INFO - [2026-06-29T22:04:36.528+0000] {dagbag.py:588} INFO - Filling up the DagBag from /home/airflow/.local/lib/python3.12/site-packages/airflow/example_dags/example_trigger_target_dag.py
[2026-06-29T22:04:36.558+0000] {processor.py:925} INFO - DAG(s) 'example_trigger_target_dag' retrieved from /home/airflow/.local/lib/python3.12/site-packages/airflow/example_dags/example_trigger_target_dag.py
[2026-06-29T22:04:36.649+0000] {logging_mixin.py:190} INFO - [2026-06-29T22:04:36.648+0000] {dag.py:3239} INFO - Sync 1 DAGs
[2026-06-29T22:04:36.687+0000] {logging_mixin.py:190} INFO - [2026-06-29T22:04:36.687+0000] {dag.py:4180} INFO - Setting next_dagrun for example_trigger_target_dag to None, run_after=None
[2026-06-29T22:04:36.736+0000] {processor.py:208} INFO - Processing /home/airflow/.local/lib/python3.12/site-packages/airflow/example_dags/example_trigger_target_dag.py took 0.242 seconds
[2026-06-29T22:05:06.961+0000] {processor.py:186} INFO - Started process (PID=808) to work on /home/airflow/.local/lib/python3.12/site-packages/airflow/example_dags/example_trigger_target_dag.py
[2026-06-29T22:05:06.963+0000] {processor.py:914} INFO - Processing file /home/airflow/.local/lib/python3.12/site-packages/airflow/example_dags/example_trigger_target_dag.py for tasks to queue
[2026-06-29T22:05:06.966+0000] {logging_mixin.py:190} INFO - [2026-06-29T22:05:06.966+0000] {dagbag.py:588} INFO - Filling up the DagBag from /home/airflow/.local/lib/python3.12/site-packages/airflow/example_dags/example_trigger_target_dag.py
[2026-06-29T22:05:06.975+0000] {processor.py:925} INFO - DAG(s) 'example_trigger_target_dag' retrieved from /home/airflow/.local/lib/python3.12/site-packages/airflow/example_dags/example_trigger_target_dag.py
[2026-06-29T22:05:07.000+0000] {logging_mixin.py:190} INFO - [2026-06-29T22:05:07.000+0000] {dag.py:3239} INFO - Sync 1 DAGs
[2026-06-29T22:05:07.016+0000] {logging_mixin.py:190} INFO - [2026-06-29T22:05:07.016+0000] {dag.py:4180} INFO - Setting next_dagrun for example_trigger_target_dag to None, run_after=None
[2026-06-29T22:05:07.039+0000] {processor.py:208} INFO - Processing /home/airflow/.local/lib/python3.12/site-packages/airflow/example_dags/example_trigger_target_dag.py took 0.086 seconds
[2026-06-29T22:05:37.542+0000] {processor.py:186} INFO - Started process (PID=872) to work on /home/airflow/.local/lib/python3.12/site-packages/airflow/example_dags/example_trigger_target_dag.py
[2026-06-29T22:05:37.543+0000] {processor.py:914} INFO - Processing file /home/airflow/.local/lib/python3.12/site-packages/airflow/example_dags/example_trigger_target_dag.py for tasks to queue
[2026-06-29T22:05:37.548+0000] {logging_mixin.py:190} INFO - [2026-06-29T22:05:37.547+0000] {dagbag.py:588} INFO - Filling up the DagBag from /home/airflow/.local/lib/python3.12/site-packages/airflow/example_dags/example_trigger_target_dag.py
[2026-06-29T22:05:37.557+0000] {processor.py:925} INFO - DAG(s) 'example_trigger_target_dag' retrieved from /home/airflow/.local/lib/python3.12/site-packages/airflow/example_dags/example_trigger_target_dag.py
[2026-06-29T22:05:37.579+0000] {logging_mixin.py:190} INFO - [2026-06-29T22:05:37.578+0000] {dag.py:3239} INFO - Sync 1 DAGs
[2026-06-29T22:05:37.593+0000] {logging_mixin.py:190} INFO - [2026-06-29T22:05:37.593+0000] {dag.py:4180} INFO - Setting next_dagrun for example_trigger_target_dag to None, run_after=None
[2026-06-29T22:05:37.615+0000] {processor.py:208} INFO - Processing /home/airflow/.local/lib/python3.12/site-packages/airflow/example_dags/example_trigger_target_dag.py took 0.082 seconds
[2026-06-29T22:06:08.101+0000] {processor.py:186} INFO - Started process (PID=936) to work on /home/airflow/.local/lib/python3.12/site-packages/airflow/example_dags/example_trigger_target_dag.py
[2026-06-29T22:06:08.103+0000] {processor.py:914} INFO - Processing file /home/airflow/.local/lib/python3.12/site-packages/airflow/example_dags/example_trigger_target_dag.py for tasks to queue
[2026-06-29T22:06:08.108+0000] {logging_mixin.py:190} INFO - [2026-06-29T22:06:08.108+0000] {dagbag.py:588} INFO - Filling up the DagBag from /home/airflow/.local/lib/python3.12/site-packages/airflow/example_dags/example_trigger_target_dag.py
[2026-06-29T22:06:08.118+0000] {processor.py:925} INFO - DAG(s) 'example_trigger_target_dag' retrieved from /home/airflow/.local/lib/python3.12/site-packages/airflow/example_dags/example_trigger_target_dag.py
[2026-06-29T22:06:08.141+0000] {logging_mixin.py:190} INFO - [2026-06-29T22:06:08.140+0000] {dag.py:3239} INFO - Sync 1 DAGs
[2026-06-29T22:06:08.155+0000] {logging_mixin.py:190} INFO - [2026-06-29T22:06:08.155+0000] {dag.py:4180} INFO - Setting next_dagrun for example_trigger_target_dag to None, run_after=None
[2026-06-29T22:06:08.176+0000] {processor.py:208} INFO - Processing /home/airflow/.local/lib/python3.12/site-packages/airflow/example_dags/example_trigger_target_dag.py took 0.085 seconds
[2026-06-29T22:08:27.320+0000] {processor.py:186} INFO - Started process (PID=113) to work on /home/airflow/.local/lib/python3.12/site-packages/airflow/example_dags/example_trigger_target_dag.py
[2026-06-29T22:08:27.323+0000] {processor.py:914} INFO - Processing file /home/airflow/.local/lib/python3.12/site-packages/airflow/example_dags/example_trigger_target_dag.py for tasks to queue
[2026-06-29T22:08:27.335+0000] {logging_mixin.py:190} INFO - [2026-06-29T22:08:27.334+0000] {dagbag.py:588} INFO - Filling up the DagBag from /home/airflow/.local/lib/python3.12/site-packages/airflow/example_dags/example_trigger_target_dag.py
[2026-06-29T22:08:27.356+0000] {processor.py:925} INFO - DAG(s) 'example_trigger_target_dag' retrieved from /home/airflow/.local/lib/python3.12/site-packages/airflow/example_dags/example_trigger_target_dag.py
[2026-06-29T22:08:27.405+0000] {logging_mixin.py:190} INFO - [2026-06-29T22:08:27.405+0000] {dag.py:3239} INFO - Sync 1 DAGs
[2026-06-29T22:08:27.441+0000] {logging_mixin.py:190} INFO - [2026-06-29T22:08:27.441+0000] {dag.py:4180} INFO - Setting next_dagrun for example_trigger_target_dag to None, run_after=None
[2026-06-29T22:08:27.490+0000] {processor.py:208} INFO - Processing /home/airflow/.local/lib/python3.12/site-packages/airflow/example_dags/example_trigger_target_dag.py took 0.186 seconds
[2026-06-29T22:09:03.355+0000] {processor.py:186} INFO - Started process (PID=177) to work on /home/airflow/.local/lib/python3.12/site-packages/airflow/example_dags/example_trigger_target_dag.py
[2026-06-29T22:09:03.363+0000] {processor.py:914} INFO - Processing file /home/airflow/.local/lib/python3.12/site-packages/airflow/example_dags/example_trigger_target_dag.py for tasks to queue
[2026-06-29T22:09:03.388+0000] {logging_mixin.py:190} INFO - [2026-06-29T22:09:03.386+0000] {dagbag.py:588} INFO - Filling up the DagBag from /home/airflow/.local/lib/python3.12/site-packages/airflow/example_dags/example_trigger_target_dag.py
[2026-06-29T22:09:03.425+0000] {processor.py:925} INFO - DAG(s) 'example_trigger_target_dag' retrieved from /home/airflow/.local/lib/python3.12/site-packages/airflow/example_dags/example_trigger_target_dag.py
[2026-06-29T22:09:03.490+0000] {logging_mixin.py:190} INFO - [2026-06-29T22:09:03.489+0000] {dag.py:3239} INFO - Sync 1 DAGs
[2026-06-29T22:09:03.535+0000] {logging_mixin.py:190} INFO - [2026-06-29T22:09:03.535+0000] {dag.py:4180} INFO - Setting next_dagrun for example_trigger_target_dag to None, run_after=None
[2026-06-29T22:09:03.597+0000] {processor.py:208} INFO - Processing /home/airflow/.local/lib/python3.12/site-packages/airflow/example_dags/example_trigger_target_dag.py took 0.268 seconds
[2026-06-29T22:09:37.171+0000] {processor.py:186} INFO - Started process (PID=247) to work on /home/airflow/.local/lib/python3.12/site-packages/airflow/example_dags/example_trigger_target_dag.py
[2026-06-29T22:09:37.175+0000] {processor.py:914} INFO - Processing file /home/airflow/.local/lib/python3.12/site-packages/airflow/example_dags/example_trigger_target_dag.py for tasks to queue
[2026-06-29T22:09:37.182+0000] {logging_mixin.py:190} INFO - [2026-06-29T22:09:37.181+0000] {dagbag.py:588} INFO - Filling up the DagBag from /home/airflow/.local/lib/python3.12/site-packages/airflow/example_dags/example_trigger_target_dag.py
[2026-06-29T22:09:37.202+0000] {processor.py:925} INFO - DAG(s) 'example_trigger_target_dag' retrieved from /home/airflow/.local/lib/python3.12/site-packages/airflow/example_dags/example_trigger_target_dag.py
[2026-06-29T22:09:37.246+0000] {logging_mixin.py:190} INFO - [2026-06-29T22:09:37.246+0000] {dag.py:3239} INFO - Sync 1 DAGs
[2026-06-29T22:09:37.282+0000] {logging_mixin.py:190} INFO - [2026-06-29T22:09:37.282+0000] {dag.py:4180} INFO - Setting next_dagrun for example_trigger_target_dag to None, run_after=None
[2026-06-29T22:09:37.324+0000] {processor.py:208} INFO - Processing /home/airflow/.local/lib/python3.12/site-packages/airflow/example_dags/example_trigger_target_dag.py took 0.163 seconds
[2026-06-29T22:10:12.894+0000] {processor.py:186} INFO - Started process (PID=312) to work on /home/airflow/.local/lib/python3.12/site-packages/airflow/example_dags/example_trigger_target_dag.py
[2026-06-29T22:10:12.899+0000] {processor.py:914} INFO - Processing file /home/airflow/.local/lib/python3.12/site-packages/airflow/example_dags/example_trigger_target_dag.py for tasks to queue
[2026-06-29T22:10:12.905+0000] {logging_mixin.py:190} INFO - [2026-06-29T22:10:12.905+0000] {dagbag.py:588} INFO - Filling up the DagBag from /home/airflow/.local/lib/python3.12/site-packages/airflow/example_dags/example_trigger_target_dag.py
[2026-06-29T22:10:12.929+0000] {processor.py:925} INFO - DAG(s) 'example_trigger_target_dag' retrieved from /home/airflow/.local/lib/python3.12/site-packages/airflow/example_dags/example_trigger_target_dag.py
[2026-06-29T22:10:12.980+0000] {logging_mixin.py:190} INFO - [2026-06-29T22:10:12.979+0000] {dag.py:3239} INFO - Sync 1 DAGs
[2026-06-29T22:10:13.018+0000] {logging_mixin.py:190} INFO - [2026-06-29T22:10:13.017+0000] {dag.py:4180} INFO - Setting next_dagrun for example_trigger_target_dag to None, run_after=None
[2026-06-29T22:10:13.113+0000] {processor.py:208} INFO - Processing /home/airflow/.local/lib/python3.12/site-packages/airflow/example_dags/example_trigger_target_dag.py took 0.238 seconds
[2026-06-29T22:10:43.381+0000] {processor.py:186} INFO - Started process (PID=376) to work on /home/airflow/.local/lib/python3.12/site-packages/airflow/example_dags/example_trigger_target_dag.py
[2026-06-29T22:10:43.382+0000] {processor.py:914} INFO - Processing file /home/airflow/.local/lib/python3.12/site-packages/airflow/example_dags/example_trigger_target_dag.py for tasks to queue
[2026-06-29T22:10:43.386+0000] {logging_mixin.py:190} INFO - [2026-06-29T22:10:43.385+0000] {dagbag.py:588} INFO - Filling up the DagBag from /home/airflow/.local/lib/python3.12/site-packages/airflow/example_dags/example_trigger_target_dag.py
[2026-06-29T22:10:43.395+0000] {processor.py:925} INFO - DAG(s) 'example_trigger_target_dag' retrieved from /home/airflow/.local/lib/python3.12/site-packages/airflow/example_dags/example_trigger_target_dag.py
[2026-06-29T22:10:43.417+0000] {logging_mixin.py:190} INFO - [2026-06-29T22:10:43.417+0000] {dag.py:3239} INFO - Sync 1 DAGs
[2026-06-29T22:10:43.434+0000] {logging_mixin.py:190} INFO - [2026-06-29T22:10:43.433+0000] {dag.py:4180} INFO - Setting next_dagrun for example_trigger_target_dag to None, run_after=None
[2026-06-29T22:10:43.462+0000] {processor.py:208} INFO - Processing /home/airflow/.local/lib/python3.12/site-packages/airflow/example_dags/example_trigger_target_dag.py took 0.088 seconds
[2026-06-29T22:11:14.002+0000] {processor.py:186} INFO - Started process (PID=440) to work on /home/airflow/.local/lib/python3.12/site-packages/airflow/example_dags/example_trigger_target_dag.py
[2026-06-29T22:11:14.004+0000] {processor.py:914} INFO - Processing file /home/airflow/.local/lib/python3.12/site-packages/airflow/example_dags/example_trigger_target_dag.py for tasks to queue
[2026-06-29T22:11:14.008+0000] {logging_mixin.py:190} INFO - [2026-06-29T22:11:14.008+0000] {dagbag.py:588} INFO - Filling up the DagBag from /home/airflow/.local/lib/python3.12/site-packages/airflow/example_dags/example_trigger_target_dag.py
[2026-06-29T22:11:14.021+0000] {processor.py:925} INFO - DAG(s) 'example_trigger_target_dag' retrieved from /home/airflow/.local/lib/python3.12/site-packages/airflow/example_dags/example_trigger_target_dag.py
[2026-06-29T22:11:14.048+0000] {logging_mixin.py:190} INFO - [2026-06-29T22:11:14.048+0000] {dag.py:3239} INFO - Sync 1 DAGs
[2026-06-29T22:11:14.066+0000] {logging_mixin.py:190} INFO - [2026-06-29T22:11:14.065+0000] {dag.py:4180} INFO - Setting next_dagrun for example_trigger_target_dag to None, run_after=None
[2026-06-29T22:11:14.092+0000] {processor.py:208} INFO - Processing /home/airflow/.local/lib/python3.12/site-packages/airflow/example_dags/example_trigger_target_dag.py took 0.099 seconds
[2026-06-29T22:11:45.033+0000] {processor.py:186} INFO - Started process (PID=504) to work on /home/airflow/.local/lib/python3.12/site-packages/airflow/example_dags/example_trigger_target_dag.py
[2026-06-29T22:11:45.034+0000] {processor.py:914} INFO - Processing file /home/airflow/.local/lib/python3.12/site-packages/airflow/example_dags/example_trigger_target_dag.py for tasks to queue
[2026-06-29T22:11:45.038+0000] {logging_mixin.py:190} INFO - [2026-06-29T22:11:45.037+0000] {dagbag.py:588} INFO - Filling up the DagBag from /home/airflow/.local/lib/python3.12/site-packages/airflow/example_dags/example_trigger_target_dag.py
[2026-06-29T22:11:45.049+0000] {processor.py:925} INFO - DAG(s) 'example_trigger_target_dag' retrieved from /home/airflow/.local/lib/python3.12/site-packages/airflow/example_dags/example_trigger_target_dag.py
[2026-06-29T22:11:45.078+0000] {logging_mixin.py:190} INFO - [2026-06-29T22:11:45.078+0000] {dag.py:3239} INFO - Sync 1 DAGs
[2026-06-29T22:11:45.093+0000] {logging_mixin.py:190} INFO - [2026-06-29T22:11:45.093+0000] {dag.py:4180} INFO - Setting next_dagrun for example_trigger_target_dag to None, run_after=None
[2026-06-29T22:11:45.115+0000] {processor.py:208} INFO - Processing /home/airflow/.local/lib/python3.12/site-packages/airflow/example_dags/example_trigger_target_dag.py took 0.090 seconds
[2026-06-29T22:12:16.781+0000] {processor.py:186} INFO - Started process (PID=568) to work on /home/airflow/.local/lib/python3.12/site-packages/airflow/example_dags/example_trigger_target_dag.py
[2026-06-29T22:12:16.783+0000] {processor.py:914} INFO - Processing file /home/airflow/.local/lib/python3.12/site-packages/airflow/example_dags/example_trigger_target_dag.py for tasks to queue
[2026-06-29T22:12:16.788+0000] {logging_mixin.py:190} INFO - [2026-06-29T22:12:16.787+0000] {dagbag.py:588} INFO - Filling up the DagBag from /home/airflow/.local/lib/python3.12/site-packages/airflow/example_dags/example_trigger_target_dag.py
[2026-06-29T22:12:16.801+0000] {processor.py:925} INFO - DAG(s) 'example_trigger_target_dag' retrieved from /home/airflow/.local/lib/python3.12/site-packages/airflow/example_dags/example_trigger_target_dag.py
[2026-06-29T22:12:16.832+0000] {logging_mixin.py:190} INFO - [2026-06-29T22:12:16.832+0000] {dag.py:3239} INFO - Sync 1 DAGs
[2026-06-29T22:12:16.853+0000] {logging_mixin.py:190} INFO - [2026-06-29T22:12:16.852+0000] {dag.py:4180} INFO - Setting next_dagrun for example_trigger_target_dag to None, run_after=None
[2026-06-29T22:12:16.883+0000] {processor.py:208} INFO - Processing /home/airflow/.local/lib/python3.12/site-packages/airflow/example_dags/example_trigger_target_dag.py took 0.111 seconds
[2026-06-29T22:12:48.356+0000] {processor.py:186} INFO - Started process (PID=632) to work on /home/airflow/.local/lib/python3.12/site-packages/airflow/example_dags/example_trigger_target_dag.py
[2026-06-29T22:12:48.358+0000] {processor.py:914} INFO - Processing file /home/airflow/.local/lib/python3.12/site-packages/airflow/example_dags/example_trigger_target_dag.py for tasks to queue
[2026-06-29T22:12:48.360+0000] {logging_mixin.py:190} INFO - [2026-06-29T22:12:48.360+0000] {dagbag.py:588} INFO - Filling up the DagBag from /home/airflow/.local/lib/python3.12/site-packages/airflow/example_dags/example_trigger_target_dag.py
[2026-06-29T22:12:48.371+0000] {processor.py:925} INFO - DAG(s) 'example_trigger_target_dag' retrieved from /home/airflow/.local/lib/python3.12/site-packages/airflow/example_dags/example_trigger_target_dag.py
[2026-06-29T22:12:48.394+0000] {logging_mixin.py:190} INFO - [2026-06-29T22:12:48.394+0000] {dag.py:3239} INFO - Sync 1 DAGs
[2026-06-29T22:12:48.410+0000] {logging_mixin.py:190} INFO - [2026-06-29T22:12:48.410+0000] {dag.py:4180} INFO - Setting next_dagrun for example_trigger_target_dag to None, run_after=None
[2026-06-29T22:12:48.432+0000] {processor.py:208} INFO - Processing /home/airflow/.local/lib/python3.12/site-packages/airflow/example_dags/example_trigger_target_dag.py took 0.084 seconds
[2026-06-29T22:13:20.528+0000] {processor.py:186} INFO - Started process (PID=696) to work on /home/airflow/.local/lib/python3.12/site-packages/airflow/example_dags/example_trigger_target_dag.py
[2026-06-29T22:13:20.530+0000] {processor.py:914} INFO - Processing file /home/airflow/.local/lib/python3.12/site-packages/airflow/example_dags/example_trigger_target_dag.py for tasks to queue
[2026-06-29T22:13:20.538+0000] {logging_mixin.py:190} INFO - [2026-06-29T22:13:20.537+0000] {dagbag.py:588} INFO - Filling up the DagBag from /home/airflow/.local/lib/python3.12/site-packages/airflow/example_dags/example_trigger_target_dag.py
[2026-06-29T22:13:20.556+0000] {processor.py:925} INFO - DAG(s) 'example_trigger_target_dag' retrieved from /home/airflow/.local/lib/python3.12/site-packages/airflow/example_dags/example_trigger_target_dag.py
[2026-06-29T22:13:20.593+0000] {logging_mixin.py:190} INFO - [2026-06-29T22:13:20.593+0000] {dag.py:3239} INFO - Sync 1 DAGs
[2026-06-29T22:13:20.624+0000] {logging_mixin.py:190} INFO - [2026-06-29T22:13:20.624+0000] {dag.py:4180} INFO - Setting next_dagrun for example_trigger_target_dag to None, run_after=None
[2026-06-29T22:13:20.675+0000] {processor.py:208} INFO - Processing /home/airflow/.local/lib/python3.12/site-packages/airflow/example_dags/example_trigger_target_dag.py took 0.160 seconds
[2026-06-29T22:13:51.416+0000] {processor.py:186} INFO - Started process (PID=761) to work on /home/airflow/.local/lib/python3.12/site-packages/airflow/example_dags/example_trigger_target_dag.py
[2026-06-29T22:13:51.419+0000] {processor.py:914} INFO - Processing file /home/airflow/.local/lib/python3.12/site-packages/airflow/example_dags/example_trigger_target_dag.py for tasks to queue
[2026-06-29T22:13:51.424+0000] {logging_mixin.py:190} INFO - [2026-06-29T22:13:51.423+0000] {dagbag.py:588} INFO - Filling up the DagBag from /home/airflow/.local/lib/python3.12/site-packages/airflow/example_dags/example_trigger_target_dag.py
[2026-06-29T22:13:51.439+0000] {processor.py:925} INFO - DAG(s) 'example_trigger_target_dag' retrieved from /home/airflow/.local/lib/python3.12/site-packages/airflow/example_dags/example_trigger_target_dag.py
[2026-06-29T22:13:51.465+0000] {logging_mixin.py:190} INFO - [2026-06-29T22:13:51.465+0000] {dag.py:3239} INFO - Sync 1 DAGs
[2026-06-29T22:13:51.485+0000] {logging_mixin.py:190} INFO - [2026-06-29T22:13:51.485+0000] {dag.py:4180} INFO - Setting next_dagrun for example_trigger_target_dag to None, run_after=None
[2026-06-29T22:13:51.512+0000] {processor.py:208} INFO - Processing /home/airflow/.local/lib/python3.12/site-packages/airflow/example_dags/example_trigger_target_dag.py took 0.105 seconds
[2026-06-29T22:14:23.854+0000] {processor.py:186} INFO - Started process (PID=825) to work on /home/airflow/.local/lib/python3.12/site-packages/airflow/example_dags/example_trigger_target_dag.py
[2026-06-29T22:14:23.857+0000] {processor.py:914} INFO - Processing file /home/airflow/.local/lib/python3.12/site-packages/airflow/example_dags/example_trigger_target_dag.py for tasks to queue
[2026-06-29T22:14:23.864+0000] {logging_mixin.py:190} INFO - [2026-06-29T22:14:23.862+0000] {dagbag.py:588} INFO - Filling up the DagBag from /home/airflow/.local/lib/python3.12/site-packages/airflow/example_dags/example_trigger_target_dag.py
[2026-06-29T22:14:23.880+0000] {processor.py:925} INFO - DAG(s) 'example_trigger_target_dag' retrieved from /home/airflow/.local/lib/python3.12/site-packages/airflow/example_dags/example_trigger_target_dag.py
[2026-06-29T22:14:23.926+0000] {logging_mixin.py:190} INFO - [2026-06-29T22:14:23.925+0000] {dag.py:3239} INFO - Sync 1 DAGs
[2026-06-29T22:14:23.961+0000] {logging_mixin.py:190} INFO - [2026-06-29T22:14:23.960+0000] {dag.py:4180} INFO - Setting next_dagrun for example_trigger_target_dag to None, run_after=None
[2026-06-29T22:14:24.025+0000] {processor.py:208} INFO - Processing /home/airflow/.local/lib/python3.12/site-packages/airflow/example_dags/example_trigger_target_dag.py took 0.194 seconds
[2026-06-29T22:14:54.870+0000] {processor.py:186} INFO - Started process (PID=889) to work on /home/airflow/.local/lib/python3.12/site-packages/airflow/example_dags/example_trigger_target_dag.py
[2026-06-29T22:14:54.872+0000] {processor.py:914} INFO - Processing file /home/airflow/.local/lib/python3.12/site-packages/airflow/example_dags/example_trigger_target_dag.py for tasks to queue
[2026-06-29T22:14:54.880+0000] {logging_mixin.py:190} INFO - [2026-06-29T22:14:54.879+0000] {dagbag.py:588} INFO - Filling up the DagBag from /home/airflow/.local/lib/python3.12/site-packages/airflow/example_dags/example_trigger_target_dag.py
[2026-06-29T22:14:54.900+0000] {processor.py:925} INFO - DAG(s) 'example_trigger_target_dag' retrieved from /home/airflow/.local/lib/python3.12/site-packages/airflow/example_dags/example_trigger_target_dag.py
[2026-06-29T22:14:54.944+0000] {logging_mixin.py:190} INFO - [2026-06-29T22:14:54.943+0000] {dag.py:3239} INFO - Sync 1 DAGs
[2026-06-29T22:14:54.973+0000] {logging_mixin.py:190} INFO - [2026-06-29T22:14:54.973+0000] {dag.py:4180} INFO - Setting next_dagrun for example_trigger_target_dag to None, run_after=None
[2026-06-29T22:14:55.009+0000] {processor.py:208} INFO - Processing /home/airflow/.local/lib/python3.12/site-packages/airflow/example_dags/example_trigger_target_dag.py took 0.155 seconds
[2026-06-29T22:15:26.541+0000] {processor.py:186} INFO - Started process (PID=953) to work on /home/airflow/.local/lib/python3.12/site-packages/airflow/example_dags/example_trigger_target_dag.py
[2026-06-29T22:15:26.543+0000] {processor.py:914} INFO - Processing file /home/airflow/.local/lib/python3.12/site-packages/airflow/example_dags/example_trigger_target_dag.py for tasks to queue
[2026-06-29T22:15:26.547+0000] {logging_mixin.py:190} INFO - [2026-06-29T22:15:26.547+0000] {dagbag.py:588} INFO - Filling up the DagBag from /home/airflow/.local/lib/python3.12/site-packages/airflow/example_dags/example_trigger_target_dag.py
[2026-06-29T22:15:26.560+0000] {processor.py:925} INFO - DAG(s) 'example_trigger_target_dag' retrieved from /home/airflow/.local/lib/python3.12/site-packages/airflow/example_dags/example_trigger_target_dag.py
[2026-06-29T22:15:26.593+0000] {logging_mixin.py:190} INFO - [2026-06-29T22:15:26.592+0000] {dag.py:3239} INFO - Sync 1 DAGs
[2026-06-29T22:15:26.614+0000] {logging_mixin.py:190} INFO - [2026-06-29T22:15:26.614+0000] {dag.py:4180} INFO - Setting next_dagrun for example_trigger_target_dag to None, run_after=None
[2026-06-29T22:15:26.646+0000] {processor.py:208} INFO - Processing /home/airflow/.local/lib/python3.12/site-packages/airflow/example_dags/example_trigger_target_dag.py took 0.116 seconds
[2026-06-29T22:15:57.979+0000] {processor.py:186} INFO - Started process (PID=1017) to work on /home/airflow/.local/lib/python3.12/site-packages/airflow/example_dags/example_trigger_target_dag.py
[2026-06-29T22:15:57.981+0000] {processor.py:914} INFO - Processing file /home/airflow/.local/lib/python3.12/site-packages/airflow/example_dags/example_trigger_target_dag.py for tasks to queue
[2026-06-29T22:15:57.988+0000] {logging_mixin.py:190} INFO - [2026-06-29T22:15:57.988+0000] {dagbag.py:588} INFO - Filling up the DagBag from /home/airflow/.local/lib/python3.12/site-packages/airflow/example_dags/example_trigger_target_dag.py
[2026-06-29T22:15:58.004+0000] {processor.py:925} INFO - DAG(s) 'example_trigger_target_dag' retrieved from /home/airflow/.local/lib/python3.12/site-packages/airflow/example_dags/example_trigger_target_dag.py
[2026-06-29T22:15:58.043+0000] {logging_mixin.py:190} INFO - [2026-06-29T22:15:58.043+0000] {dag.py:3239} INFO - Sync 1 DAGs
[2026-06-29T22:15:58.070+0000] {logging_mixin.py:190} INFO - [2026-06-29T22:15:58.070+0000] {dag.py:4180} INFO - Setting next_dagrun for example_trigger_target_dag to None, run_after=None
[2026-06-29T22:15:58.111+0000] {processor.py:208} INFO - Processing /home/airflow/.local/lib/python3.12/site-packages/airflow/example_dags/example_trigger_target_dag.py took 0.142 seconds
[2026-06-29T22:16:29.147+0000] {processor.py:186} INFO - Started process (PID=1081) to work on /home/airflow/.local/lib/python3.12/site-packages/airflow/example_dags/example_trigger_target_dag.py
[2026-06-29T22:16:29.150+0000] {processor.py:914} INFO - Processing file /home/airflow/.local/lib/python3.12/site-packages/airflow/example_dags/example_trigger_target_dag.py for tasks to queue
[2026-06-29T22:16:29.156+0000] {logging_mixin.py:190} INFO - [2026-06-29T22:16:29.155+0000] {dagbag.py:588} INFO - Filling up the DagBag from /home/airflow/.local/lib/python3.12/site-packages/airflow/example_dags/example_trigger_target_dag.py
[2026-06-29T22:16:29.169+0000] {processor.py:925} INFO - DAG(s) 'example_trigger_target_dag' retrieved from /home/airflow/.local/lib/python3.12/site-packages/airflow/example_dags/example_trigger_target_dag.py
[2026-06-29T22:16:29.210+0000] {logging_mixin.py:190} INFO - [2026-06-29T22:16:29.210+0000] {dag.py:3239} INFO - Sync 1 DAGs
[2026-06-29T22:16:29.233+0000] {logging_mixin.py:190} INFO - [2026-06-29T22:16:29.232+0000] {dag.py:4180} INFO - Setting next_dagrun for example_trigger_target_dag to None, run_after=None
[2026-06-29T22:16:29.262+0000] {processor.py:208} INFO - Processing /home/airflow/.local/lib/python3.12/site-packages/airflow/example_dags/example_trigger_target_dag.py took 0.124 seconds
[2026-06-29T22:17:00.440+0000] {processor.py:186} INFO - Started process (PID=1145) to work on /home/airflow/.local/lib/python3.12/site-packages/airflow/example_dags/example_trigger_target_dag.py
[2026-06-29T22:17:00.443+0000] {processor.py:914} INFO - Processing file /home/airflow/.local/lib/python3.12/site-packages/airflow/example_dags/example_trigger_target_dag.py for tasks to queue
[2026-06-29T22:17:00.459+0000] {logging_mixin.py:190} INFO - [2026-06-29T22:17:00.455+0000] {dagbag.py:588} INFO - Filling up the DagBag from /home/airflow/.local/lib/python3.12/site-packages/airflow/example_dags/example_trigger_target_dag.py
[2026-06-29T22:17:00.496+0000] {processor.py:925} INFO - DAG(s) 'example_trigger_target_dag' retrieved from /home/airflow/.local/lib/python3.12/site-packages/airflow/example_dags/example_trigger_target_dag.py
[2026-06-29T22:17:00.570+0000] {logging_mixin.py:190} INFO - [2026-06-29T22:17:00.570+0000] {dag.py:3239} INFO - Sync 1 DAGs
[2026-06-29T22:17:00.607+0000] {logging_mixin.py:190} INFO - [2026-06-29T22:17:00.605+0000] {dag.py:4180} INFO - Setting next_dagrun for example_trigger_target_dag to None, run_after=None
[2026-06-29T22:17:00.676+0000] {processor.py:208} INFO - Processing /home/airflow/.local/lib/python3.12/site-packages/airflow/example_dags/example_trigger_target_dag.py took 0.263 seconds
[2026-06-29T22:17:33.055+0000] {processor.py:186} INFO - Started process (PID=1209) to work on /home/airflow/.local/lib/python3.12/site-packages/airflow/example_dags/example_trigger_target_dag.py
[2026-06-29T22:17:33.058+0000] {processor.py:914} INFO - Processing file /home/airflow/.local/lib/python3.12/site-packages/airflow/example_dags/example_trigger_target_dag.py for tasks to queue
[2026-06-29T22:17:33.064+0000] {logging_mixin.py:190} INFO - [2026-06-29T22:17:33.063+0000] {dagbag.py:588} INFO - Filling up the DagBag from /home/airflow/.local/lib/python3.12/site-packages/airflow/example_dags/example_trigger_target_dag.py
[2026-06-29T22:17:33.086+0000] {processor.py:925} INFO - DAG(s) 'example_trigger_target_dag' retrieved from /home/airflow/.local/lib/python3.12/site-packages/airflow/example_dags/example_trigger_target_dag.py
[2026-06-29T22:17:33.137+0000] {logging_mixin.py:190} INFO - [2026-06-29T22:17:33.136+0000] {dag.py:3239} INFO - Sync 1 DAGs
[2026-06-29T22:17:33.172+0000] {logging_mixin.py:190} INFO - [2026-06-29T22:17:33.172+0000] {dag.py:4180} INFO - Setting next_dagrun for example_trigger_target_dag to None, run_after=None
[2026-06-29T22:17:33.211+0000] {processor.py:208} INFO - Processing /home/airflow/.local/lib/python3.12/site-packages/airflow/example_dags/example_trigger_target_dag.py took 0.172 seconds
[2026-06-29T22:18:03.844+0000] {processor.py:186} INFO - Started process (PID=1273) to work on /home/airflow/.local/lib/python3.12/site-packages/airflow/example_dags/example_trigger_target_dag.py
[2026-06-29T22:18:03.845+0000] {processor.py:914} INFO - Processing file /home/airflow/.local/lib/python3.12/site-packages/airflow/example_dags/example_trigger_target_dag.py for tasks to queue
[2026-06-29T22:18:03.849+0000] {logging_mixin.py:190} INFO - [2026-06-29T22:18:03.849+0000] {dagbag.py:588} INFO - Filling up the DagBag from /home/airflow/.local/lib/python3.12/site-packages/airflow/example_dags/example_trigger_target_dag.py
[2026-06-29T22:18:03.860+0000] {processor.py:925} INFO - DAG(s) 'example_trigger_target_dag' retrieved from /home/airflow/.local/lib/python3.12/site-packages/airflow/example_dags/example_trigger_target_dag.py
[2026-06-29T22:18:03.884+0000] {logging_mixin.py:190} INFO - [2026-06-29T22:18:03.883+0000] {dag.py:3239} INFO - Sync 1 DAGs
[2026-06-29T22:18:03.899+0000] {logging_mixin.py:190} INFO - [2026-06-29T22:18:03.898+0000] {dag.py:4180} INFO - Setting next_dagrun for example_trigger_target_dag to None, run_after=None
[2026-06-29T22:18:03.920+0000] {processor.py:208} INFO - Processing /home/airflow/.local/lib/python3.12/site-packages/airflow/example_dags/example_trigger_target_dag.py took 0.085 seconds
[2026-06-29T22:18:35.869+0000] {processor.py:186} INFO - Started process (PID=1337) to work on /home/airflow/.local/lib/python3.12/site-packages/airflow/example_dags/example_trigger_target_dag.py
[2026-06-29T22:18:35.871+0000] {processor.py:914} INFO - Processing file /home/airflow/.local/lib/python3.12/site-packages/airflow/example_dags/example_trigger_target_dag.py for tasks to queue
[2026-06-29T22:18:35.878+0000] {logging_mixin.py:190} INFO - [2026-06-29T22:18:35.877+0000] {dagbag.py:588} INFO - Filling up the DagBag from /home/airflow/.local/lib/python3.12/site-packages/airflow/example_dags/example_trigger_target_dag.py
[2026-06-29T22:18:35.903+0000] {processor.py:925} INFO - DAG(s) 'example_trigger_target_dag' retrieved from /home/airflow/.local/lib/python3.12/site-packages/airflow/example_dags/example_trigger_target_dag.py
[2026-06-29T22:18:36.014+0000] {logging_mixin.py:190} INFO - [2026-06-29T22:18:36.014+0000] {dag.py:3239} INFO - Sync 1 DAGs
[2026-06-29T22:18:36.043+0000] {logging_mixin.py:190} INFO - [2026-06-29T22:18:36.043+0000] {dag.py:4180} INFO - Setting next_dagrun for example_trigger_target_dag to None, run_after=None
[2026-06-29T22:18:36.095+0000] {processor.py:208} INFO - Processing /home/airflow/.local/lib/python3.12/site-packages/airflow/example_dags/example_trigger_target_dag.py took 0.239 seconds
[2026-06-29T22:19:07.078+0000] {processor.py:186} INFO - Started process (PID=1401) to work on /home/airflow/.local/lib/python3.12/site-packages/airflow/example_dags/example_trigger_target_dag.py
[2026-06-29T22:19:07.080+0000] {processor.py:914} INFO - Processing file /home/airflow/.local/lib/python3.12/site-packages/airflow/example_dags/example_trigger_target_dag.py for tasks to queue
[2026-06-29T22:19:07.085+0000] {logging_mixin.py:190} INFO - [2026-06-29T22:19:07.084+0000] {dagbag.py:588} INFO - Filling up the DagBag from /home/airflow/.local/lib/python3.12/site-packages/airflow/example_dags/example_trigger_target_dag.py
[2026-06-29T22:19:07.097+0000] {processor.py:925} INFO - DAG(s) 'example_trigger_target_dag' retrieved from /home/airflow/.local/lib/python3.12/site-packages/airflow/example_dags/example_trigger_target_dag.py
[2026-06-29T22:19:07.124+0000] {logging_mixin.py:190} INFO - [2026-06-29T22:19:07.124+0000] {dag.py:3239} INFO - Sync 1 DAGs
[2026-06-29T22:19:07.143+0000] {logging_mixin.py:190} INFO - [2026-06-29T22:19:07.143+0000] {dag.py:4180} INFO - Setting next_dagrun for example_trigger_target_dag to None, run_after=None
[2026-06-29T22:19:07.169+0000] {processor.py:208} INFO - Processing /home/airflow/.local/lib/python3.12/site-packages/airflow/example_dags/example_trigger_target_dag.py took 0.099 seconds
[2026-06-29T22:19:39.205+0000] {processor.py:186} INFO - Started process (PID=1466) to work on /home/airflow/.local/lib/python3.12/site-packages/airflow/example_dags/example_trigger_target_dag.py
[2026-06-29T22:19:39.209+0000] {processor.py:914} INFO - Processing file /home/airflow/.local/lib/python3.12/site-packages/airflow/example_dags/example_trigger_target_dag.py for tasks to queue
[2026-06-29T22:19:39.221+0000] {logging_mixin.py:190} INFO - [2026-06-29T22:19:39.220+0000] {dagbag.py:588} INFO - Filling up the DagBag from /home/airflow/.local/lib/python3.12/site-packages/airflow/example_dags/example_trigger_target_dag.py
[2026-06-29T22:19:39.245+0000] {processor.py:925} INFO - DAG(s) 'example_trigger_target_dag' retrieved from /home/airflow/.local/lib/python3.12/site-packages/airflow/example_dags/example_trigger_target_dag.py
[2026-06-29T22:19:39.298+0000] {logging_mixin.py:190} INFO - [2026-06-29T22:19:39.297+0000] {dag.py:3239} INFO - Sync 1 DAGs
[2026-06-29T22:19:39.336+0000] {logging_mixin.py:190} INFO - [2026-06-29T22:19:39.336+0000] {dag.py:4180} INFO - Setting next_dagrun for example_trigger_target_dag to None, run_after=None
[2026-06-29T22:19:39.397+0000] {processor.py:208} INFO - Processing /home/airflow/.local/lib/python3.12/site-packages/airflow/example_dags/example_trigger_target_dag.py took 0.211 seconds
[2026-06-29T22:20:12.100+0000] {processor.py:186} INFO - Started process (PID=1535) to work on /home/airflow/.local/lib/python3.12/site-packages/airflow/example_dags/example_trigger_target_dag.py
[2026-06-29T22:20:12.106+0000] {processor.py:914} INFO - Processing file /home/airflow/.local/lib/python3.12/site-packages/airflow/example_dags/example_trigger_target_dag.py for tasks to queue
[2026-06-29T22:20:12.116+0000] {logging_mixin.py:190} INFO - [2026-06-29T22:20:12.114+0000] {dagbag.py:588} INFO - Filling up the DagBag from /home/airflow/.local/lib/python3.12/site-packages/airflow/example_dags/example_trigger_target_dag.py
[2026-06-29T22:20:12.144+0000] {processor.py:925} INFO - DAG(s) 'example_trigger_target_dag' retrieved from /home/airflow/.local/lib/python3.12/site-packages/airflow/example_dags/example_trigger_target_dag.py
[2026-06-29T22:20:12.207+0000] {logging_mixin.py:190} INFO - [2026-06-29T22:20:12.207+0000] {dag.py:3239} INFO - Sync 1 DAGs
[2026-06-29T22:20:12.243+0000] {logging_mixin.py:190} INFO - [2026-06-29T22:20:12.242+0000] {dag.py:4180} INFO - Setting next_dagrun for example_trigger_target_dag to None, run_after=None
[2026-06-29T22:20:12.288+0000] {processor.py:208} INFO - Processing /home/airflow/.local/lib/python3.12/site-packages/airflow/example_dags/example_trigger_target_dag.py took 0.223 seconds
[2026-06-29T22:20:45.059+0000] {processor.py:186} INFO - Started process (PID=1602) to work on /home/airflow/.local/lib/python3.12/site-packages/airflow/example_dags/example_trigger_target_dag.py
[2026-06-29T22:20:45.063+0000] {processor.py:914} INFO - Processing file /home/airflow/.local/lib/python3.12/site-packages/airflow/example_dags/example_trigger_target_dag.py for tasks to queue
[2026-06-29T22:20:45.071+0000] {logging_mixin.py:190} INFO - [2026-06-29T22:20:45.070+0000] {dagbag.py:588} INFO - Filling up the DagBag from /home/airflow/.local/lib/python3.12/site-packages/airflow/example_dags/example_trigger_target_dag.py
[2026-06-29T22:20:45.095+0000] {processor.py:925} INFO - DAG(s) 'example_trigger_target_dag' retrieved from /home/airflow/.local/lib/python3.12/site-packages/airflow/example_dags/example_trigger_target_dag.py
[2026-06-29T22:20:45.175+0000] {logging_mixin.py:190} INFO - [2026-06-29T22:20:45.174+0000] {dag.py:3239} INFO - Sync 1 DAGs
[2026-06-29T22:20:45.224+0000] {logging_mixin.py:190} INFO - [2026-06-29T22:20:45.223+0000] {dag.py:4180} INFO - Setting next_dagrun for example_trigger_target_dag to None, run_after=None
[2026-06-29T22:20:45.323+0000] {processor.py:208} INFO - Processing /home/airflow/.local/lib/python3.12/site-packages/airflow/example_dags/example_trigger_target_dag.py took 0.275 seconds
[2026-06-29T22:21:16.020+0000] {processor.py:186} INFO - Started process (PID=1666) to work on /home/airflow/.local/lib/python3.12/site-packages/airflow/example_dags/example_trigger_target_dag.py
[2026-06-29T22:21:16.022+0000] {processor.py:914} INFO - Processing file /home/airflow/.local/lib/python3.12/site-packages/airflow/example_dags/example_trigger_target_dag.py for tasks to queue
[2026-06-29T22:21:16.031+0000] {logging_mixin.py:190} INFO - [2026-06-29T22:21:16.030+0000] {dagbag.py:588} INFO - Filling up the DagBag from /home/airflow/.local/lib/python3.12/site-packages/airflow/example_dags/example_trigger_target_dag.py
[2026-06-29T22:21:16.056+0000] {processor.py:925} INFO - DAG(s) 'example_trigger_target_dag' retrieved from /home/airflow/.local/lib/python3.12/site-packages/airflow/example_dags/example_trigger_target_dag.py
[2026-06-29T22:21:16.117+0000] {logging_mixin.py:190} INFO - [2026-06-29T22:21:16.116+0000] {dag.py:3239} INFO - Sync 1 DAGs
[2026-06-29T22:21:16.181+0000] {logging_mixin.py:190} INFO - [2026-06-29T22:21:16.180+0000] {dag.py:4180} INFO - Setting next_dagrun for example_trigger_target_dag to None, run_after=None
[2026-06-29T22:21:16.255+0000] {processor.py:208} INFO - Processing /home/airflow/.local/lib/python3.12/site-packages/airflow/example_dags/example_trigger_target_dag.py took 0.246 seconds
[2026-06-29T22:21:46.644+0000] {processor.py:186} INFO - Started process (PID=1730) to work on /home/airflow/.local/lib/python3.12/site-packages/airflow/example_dags/example_trigger_target_dag.py
[2026-06-29T22:21:46.646+0000] {processor.py:914} INFO - Processing file /home/airflow/.local/lib/python3.12/site-packages/airflow/example_dags/example_trigger_target_dag.py for tasks to queue
[2026-06-29T22:21:46.649+0000] {logging_mixin.py:190} INFO - [2026-06-29T22:21:46.649+0000] {dagbag.py:588} INFO - Filling up the DagBag from /home/airflow/.local/lib/python3.12/site-packages/airflow/example_dags/example_trigger_target_dag.py
[2026-06-29T22:21:46.662+0000] {processor.py:925} INFO - DAG(s) 'example_trigger_target_dag' retrieved from /home/airflow/.local/lib/python3.12/site-packages/airflow/example_dags/example_trigger_target_dag.py
[2026-06-29T22:21:46.687+0000] {logging_mixin.py:190} INFO - [2026-06-29T22:21:46.687+0000] {dag.py:3239} INFO - Sync 1 DAGs
[2026-06-29T22:21:46.706+0000] {logging_mixin.py:190} INFO - [2026-06-29T22:21:46.706+0000] {dag.py:4180} INFO - Setting next_dagrun for example_trigger_target_dag to None, run_after=None
[2026-06-29T22:21:46.739+0000] {processor.py:208} INFO - Processing /home/airflow/.local/lib/python3.12/site-packages/airflow/example_dags/example_trigger_target_dag.py took 0.103 seconds
[2026-06-29T22:22:17.239+0000] {processor.py:186} INFO - Started process (PID=1794) to work on /home/airflow/.local/lib/python3.12/site-packages/airflow/example_dags/example_trigger_target_dag.py
[2026-06-29T22:22:17.241+0000] {processor.py:914} INFO - Processing file /home/airflow/.local/lib/python3.12/site-packages/airflow/example_dags/example_trigger_target_dag.py for tasks to queue
[2026-06-29T22:22:17.245+0000] {logging_mixin.py:190} INFO - [2026-06-29T22:22:17.244+0000] {dagbag.py:588} INFO - Filling up the DagBag from /home/airflow/.local/lib/python3.12/site-packages/airflow/example_dags/example_trigger_target_dag.py
[2026-06-29T22:22:17.254+0000] {processor.py:925} INFO - DAG(s) 'example_trigger_target_dag' retrieved from /home/airflow/.local/lib/python3.12/site-packages/airflow/example_dags/example_trigger_target_dag.py
[2026-06-29T22:22:17.280+0000] {logging_mixin.py:190} INFO - [2026-06-29T22:22:17.279+0000] {dag.py:3239} INFO - Sync 1 DAGs
[2026-06-29T22:22:17.295+0000] {logging_mixin.py:190} INFO - [2026-06-29T22:22:17.294+0000] {dag.py:4180} INFO - Setting next_dagrun for example_trigger_target_dag to None, run_after=None
[2026-06-29T22:22:17.317+0000] {processor.py:208} INFO - Processing /home/airflow/.local/lib/python3.12/site-packages/airflow/example_dags/example_trigger_target_dag.py took 0.086 seconds
[2026-06-29T22:22:47.974+0000] {processor.py:186} INFO - Started process (PID=1858) to work on /home/airflow/.local/lib/python3.12/site-packages/airflow/example_dags/example_trigger_target_dag.py
[2026-06-29T22:22:47.976+0000] {processor.py:914} INFO - Processing file /home/airflow/.local/lib/python3.12/site-packages/airflow/example_dags/example_trigger_target_dag.py for tasks to queue
[2026-06-29T22:22:47.979+0000] {logging_mixin.py:190} INFO - [2026-06-29T22:22:47.979+0000] {dagbag.py:588} INFO - Filling up the DagBag from /home/airflow/.local/lib/python3.12/site-packages/airflow/example_dags/example_trigger_target_dag.py
[2026-06-29T22:22:47.989+0000] {processor.py:925} INFO - DAG(s) 'example_trigger_target_dag' retrieved from /home/airflow/.local/lib/python3.12/site-packages/airflow/example_dags/example_trigger_target_dag.py
[2026-06-29T22:22:48.011+0000] {logging_mixin.py:190} INFO - [2026-06-29T22:22:48.011+0000] {dag.py:3239} INFO - Sync 1 DAGs
[2026-06-29T22:22:48.025+0000] {logging_mixin.py:190} INFO - [2026-06-29T22:22:48.025+0000] {dag.py:4180} INFO - Setting next_dagrun for example_trigger_target_dag to None, run_after=None
[2026-06-29T22:22:48.048+0000] {processor.py:208} INFO - Processing /home/airflow/.local/lib/python3.12/site-packages/airflow/example_dags/example_trigger_target_dag.py took 0.082 seconds
[2026-06-29T22:23:18.267+0000] {processor.py:186} INFO - Started process (PID=1920) to work on /home/airflow/.local/lib/python3.12/site-packages/airflow/example_dags/example_trigger_target_dag.py
[2026-06-29T22:23:18.269+0000] {processor.py:914} INFO - Processing file /home/airflow/.local/lib/python3.12/site-packages/airflow/example_dags/example_trigger_target_dag.py for tasks to queue
[2026-06-29T22:23:18.274+0000] {logging_mixin.py:190} INFO - [2026-06-29T22:23:18.273+0000] {dagbag.py:588} INFO - Filling up the DagBag from /home/airflow/.local/lib/python3.12/site-packages/airflow/example_dags/example_trigger_target_dag.py
[2026-06-29T22:23:18.287+0000] {processor.py:925} INFO - DAG(s) 'example_trigger_target_dag' retrieved from /home/airflow/.local/lib/python3.12/site-packages/airflow/example_dags/example_trigger_target_dag.py
[2026-06-29T22:23:18.314+0000] {logging_mixin.py:190} INFO - [2026-06-29T22:23:18.313+0000] {dag.py:3239} INFO - Sync 1 DAGs
[2026-06-29T22:23:18.328+0000] {logging_mixin.py:190} INFO - [2026-06-29T22:23:18.328+0000] {dag.py:4180} INFO - Setting next_dagrun for example_trigger_target_dag to None, run_after=None
[2026-06-29T22:23:18.348+0000] {processor.py:208} INFO - Processing /home/airflow/.local/lib/python3.12/site-packages/airflow/example_dags/example_trigger_target_dag.py took 0.090 seconds
[2026-06-29T22:23:49.192+0000] {processor.py:186} INFO - Started process (PID=1984) to work on /home/airflow/.local/lib/python3.12/site-packages/airflow/example_dags/example_trigger_target_dag.py
[2026-06-29T22:23:49.194+0000] {processor.py:914} INFO - Processing file /home/airflow/.local/lib/python3.12/site-packages/airflow/example_dags/example_trigger_target_dag.py for tasks to queue
[2026-06-29T22:23:49.197+0000] {logging_mixin.py:190} INFO - [2026-06-29T22:23:49.197+0000] {dagbag.py:588} INFO - Filling up the DagBag from /home/airflow/.local/lib/python3.12/site-packages/airflow/example_dags/example_trigger_target_dag.py
[2026-06-29T22:23:49.208+0000] {processor.py:925} INFO - DAG(s) 'example_trigger_target_dag' retrieved from /home/airflow/.local/lib/python3.12/site-packages/airflow/example_dags/example_trigger_target_dag.py
[2026-06-29T22:23:49.231+0000] {logging_mixin.py:190} INFO - [2026-06-29T22:23:49.230+0000] {dag.py:3239} INFO - Sync 1 DAGs
[2026-06-29T22:23:49.247+0000] {logging_mixin.py:190} INFO - [2026-06-29T22:23:49.247+0000] {dag.py:4180} INFO - Setting next_dagrun for example_trigger_target_dag to None, run_after=None
[2026-06-29T22:23:49.269+0000] {processor.py:208} INFO - Processing /home/airflow/.local/lib/python3.12/site-packages/airflow/example_dags/example_trigger_target_dag.py took 0.084 seconds
[2026-06-29T22:24:19.478+0000] {processor.py:186} INFO - Started process (PID=2048) to work on /home/airflow/.local/lib/python3.12/site-packages/airflow/example_dags/example_trigger_target_dag.py
[2026-06-29T22:24:19.479+0000] {processor.py:914} INFO - Processing file /home/airflow/.local/lib/python3.12/site-packages/airflow/example_dags/example_trigger_target_dag.py for tasks to queue
[2026-06-29T22:24:19.486+0000] {logging_mixin.py:190} INFO - [2026-06-29T22:24:19.485+0000] {dagbag.py:588} INFO - Filling up the DagBag from /home/airflow/.local/lib/python3.12/site-packages/airflow/example_dags/example_trigger_target_dag.py
[2026-06-29T22:24:19.498+0000] {processor.py:925} INFO - DAG(s) 'example_trigger_target_dag' retrieved from /home/airflow/.local/lib/python3.12/site-packages/airflow/example_dags/example_trigger_target_dag.py
[2026-06-29T22:24:19.530+0000] {logging_mixin.py:190} INFO - [2026-06-29T22:24:19.529+0000] {dag.py:3239} INFO - Sync 1 DAGs
[2026-06-29T22:24:19.553+0000] {logging_mixin.py:190} INFO - [2026-06-29T22:24:19.553+0000] {dag.py:4180} INFO - Setting next_dagrun for example_trigger_target_dag to None, run_after=None
[2026-06-29T22:24:19.585+0000] {processor.py:208} INFO - Processing /home/airflow/.local/lib/python3.12/site-packages/airflow/example_dags/example_trigger_target_dag.py took 0.115 seconds
[2026-06-29T22:24:49.698+0000] {processor.py:186} INFO - Started process (PID=2112) to work on /home/airflow/.local/lib/python3.12/site-packages/airflow/example_dags/example_trigger_target_dag.py
[2026-06-29T22:24:49.703+0000] {processor.py:914} INFO - Processing file /home/airflow/.local/lib/python3.12/site-packages/airflow/example_dags/example_trigger_target_dag.py for tasks to queue
[2026-06-29T22:24:49.710+0000] {logging_mixin.py:190} INFO - [2026-06-29T22:24:49.709+0000] {dagbag.py:588} INFO - Filling up the DagBag from /home/airflow/.local/lib/python3.12/site-packages/airflow/example_dags/example_trigger_target_dag.py
[2026-06-29T22:24:49.724+0000] {processor.py:925} INFO - DAG(s) 'example_trigger_target_dag' retrieved from /home/airflow/.local/lib/python3.12/site-packages/airflow/example_dags/example_trigger_target_dag.py
[2026-06-29T22:24:49.751+0000] {logging_mixin.py:190} INFO - [2026-06-29T22:24:49.750+0000] {dag.py:3239} INFO - Sync 1 DAGs
[2026-06-29T22:24:49.769+0000] {logging_mixin.py:190} INFO - [2026-06-29T22:24:49.769+0000] {dag.py:4180} INFO - Setting next_dagrun for example_trigger_target_dag to None, run_after=None
[2026-06-29T22:24:49.794+0000] {processor.py:208} INFO - Processing /home/airflow/.local/lib/python3.12/site-packages/airflow/example_dags/example_trigger_target_dag.py took 0.109 seconds
[2026-06-29T22:25:20.426+0000] {processor.py:186} INFO - Started process (PID=2176) to work on /home/airflow/.local/lib/python3.12/site-packages/airflow/example_dags/example_trigger_target_dag.py
[2026-06-29T22:25:20.427+0000] {processor.py:914} INFO - Processing file /home/airflow/.local/lib/python3.12/site-packages/airflow/example_dags/example_trigger_target_dag.py for tasks to queue
[2026-06-29T22:25:20.432+0000] {logging_mixin.py:190} INFO - [2026-06-29T22:25:20.431+0000] {dagbag.py:588} INFO - Filling up the DagBag from /home/airflow/.local/lib/python3.12/site-packages/airflow/example_dags/example_trigger_target_dag.py
[2026-06-29T22:25:20.444+0000] {processor.py:925} INFO - DAG(s) 'example_trigger_target_dag' retrieved from /home/airflow/.local/lib/python3.12/site-packages/airflow/example_dags/example_trigger_target_dag.py
[2026-06-29T22:25:20.469+0000] {logging_mixin.py:190} INFO - [2026-06-29T22:25:20.469+0000] {dag.py:3239} INFO - Sync 1 DAGs
[2026-06-29T22:25:20.484+0000] {logging_mixin.py:190} INFO - [2026-06-29T22:25:20.484+0000] {dag.py:4180} INFO - Setting next_dagrun for example_trigger_target_dag to None, run_after=None
[2026-06-29T22:25:20.507+0000] {processor.py:208} INFO - Processing /home/airflow/.local/lib/python3.12/site-packages/airflow/example_dags/example_trigger_target_dag.py took 0.089 seconds
[2026-06-29T22:25:50.919+0000] {processor.py:186} INFO - Started process (PID=2240) to work on /home/airflow/.local/lib/python3.12/site-packages/airflow/example_dags/example_trigger_target_dag.py
[2026-06-29T22:25:50.921+0000] {processor.py:914} INFO - Processing file /home/airflow/.local/lib/python3.12/site-packages/airflow/example_dags/example_trigger_target_dag.py for tasks to queue
[2026-06-29T22:25:50.924+0000] {logging_mixin.py:190} INFO - [2026-06-29T22:25:50.924+0000] {dagbag.py:588} INFO - Filling up the DagBag from /home/airflow/.local/lib/python3.12/site-packages/airflow/example_dags/example_trigger_target_dag.py
[2026-06-29T22:25:50.936+0000] {processor.py:925} INFO - DAG(s) 'example_trigger_target_dag' retrieved from /home/airflow/.local/lib/python3.12/site-packages/airflow/example_dags/example_trigger_target_dag.py
[2026-06-29T22:25:50.964+0000] {logging_mixin.py:190} INFO - [2026-06-29T22:25:50.964+0000] {dag.py:3239} INFO - Sync 1 DAGs
[2026-06-29T22:25:50.981+0000] {logging_mixin.py:190} INFO - [2026-06-29T22:25:50.981+0000] {dag.py:4180} INFO - Setting next_dagrun for example_trigger_target_dag to None, run_after=None
[2026-06-29T22:25:51.006+0000] {processor.py:208} INFO - Processing /home/airflow/.local/lib/python3.12/site-packages/airflow/example_dags/example_trigger_target_dag.py took 0.098 seconds
[2026-06-29T22:26:21.430+0000] {processor.py:186} INFO - Started process (PID=2304) to work on /home/airflow/.local/lib/python3.12/site-packages/airflow/example_dags/example_trigger_target_dag.py
[2026-06-29T22:26:21.432+0000] {processor.py:914} INFO - Processing file /home/airflow/.local/lib/python3.12/site-packages/airflow/example_dags/example_trigger_target_dag.py for tasks to queue
[2026-06-29T22:26:21.435+0000] {logging_mixin.py:190} INFO - [2026-06-29T22:26:21.435+0000] {dagbag.py:588} INFO - Filling up the DagBag from /home/airflow/.local/lib/python3.12/site-packages/airflow/example_dags/example_trigger_target_dag.py
[2026-06-29T22:26:21.444+0000] {processor.py:925} INFO - DAG(s) 'example_trigger_target_dag' retrieved from /home/airflow/.local/lib/python3.12/site-packages/airflow/example_dags/example_trigger_target_dag.py
[2026-06-29T22:26:21.466+0000] {logging_mixin.py:190} INFO - [2026-06-29T22:26:21.466+0000] {dag.py:3239} INFO - Sync 1 DAGs
[2026-06-29T22:26:21.481+0000] {logging_mixin.py:190} INFO - [2026-06-29T22:26:21.481+0000] {dag.py:4180} INFO - Setting next_dagrun for example_trigger_target_dag to None, run_after=None
[2026-06-29T22:26:21.501+0000] {processor.py:208} INFO - Processing /home/airflow/.local/lib/python3.12/site-packages/airflow/example_dags/example_trigger_target_dag.py took 0.078 seconds
[2026-06-29T22:26:51.991+0000] {processor.py:186} INFO - Started process (PID=2368) to work on /home/airflow/.local/lib/python3.12/site-packages/airflow/example_dags/example_trigger_target_dag.py
[2026-06-29T22:26:51.994+0000] {processor.py:914} INFO - Processing file /home/airflow/.local/lib/python3.12/site-packages/airflow/example_dags/example_trigger_target_dag.py for tasks to queue
[2026-06-29T22:26:52.001+0000] {logging_mixin.py:190} INFO - [2026-06-29T22:26:52.000+0000] {dagbag.py:588} INFO - Filling up the DagBag from /home/airflow/.local/lib/python3.12/site-packages/airflow/example_dags/example_trigger_target_dag.py
[2026-06-29T22:26:52.016+0000] {processor.py:925} INFO - DAG(s) 'example_trigger_target_dag' retrieved from /home/airflow/.local/lib/python3.12/site-packages/airflow/example_dags/example_trigger_target_dag.py
[2026-06-29T22:26:52.057+0000] {logging_mixin.py:190} INFO - [2026-06-29T22:26:52.056+0000] {dag.py:3239} INFO - Sync 1 DAGs
[2026-06-29T22:26:52.088+0000] {logging_mixin.py:190} INFO - [2026-06-29T22:26:52.087+0000] {dag.py:4180} INFO - Setting next_dagrun for example_trigger_target_dag to None, run_after=None
[2026-06-29T22:26:52.126+0000] {processor.py:208} INFO - Processing /home/airflow/.local/lib/python3.12/site-packages/airflow/example_dags/example_trigger_target_dag.py took 0.152 seconds
[2026-06-29T22:27:22.996+0000] {processor.py:186} INFO - Started process (PID=2432) to work on /home/airflow/.local/lib/python3.12/site-packages/airflow/example_dags/example_trigger_target_dag.py
[2026-06-29T22:27:22.997+0000] {processor.py:914} INFO - Processing file /home/airflow/.local/lib/python3.12/site-packages/airflow/example_dags/example_trigger_target_dag.py for tasks to queue
[2026-06-29T22:27:23.000+0000] {logging_mixin.py:190} INFO - [2026-06-29T22:27:23.000+0000] {dagbag.py:588} INFO - Filling up the DagBag from /home/airflow/.local/lib/python3.12/site-packages/airflow/example_dags/example_trigger_target_dag.py
[2026-06-29T22:27:23.011+0000] {processor.py:925} INFO - DAG(s) 'example_trigger_target_dag' retrieved from /home/airflow/.local/lib/python3.12/site-packages/airflow/example_dags/example_trigger_target_dag.py
[2026-06-29T22:27:23.034+0000] {logging_mixin.py:190} INFO - [2026-06-29T22:27:23.033+0000] {dag.py:3239} INFO - Sync 1 DAGs
[2026-06-29T22:27:23.049+0000] {logging_mixin.py:190} INFO - [2026-06-29T22:27:23.049+0000] {dag.py:4180} INFO - Setting next_dagrun for example_trigger_target_dag to None, run_after=None
[2026-06-29T22:27:23.071+0000] {processor.py:208} INFO - Processing /home/airflow/.local/lib/python3.12/site-packages/airflow/example_dags/example_trigger_target_dag.py took 0.083 seconds
[2026-06-29T22:27:53.384+0000] {processor.py:186} INFO - Started process (PID=2494) to work on /home/airflow/.local/lib/python3.12/site-packages/airflow/example_dags/example_trigger_target_dag.py
[2026-06-29T22:27:53.385+0000] {processor.py:914} INFO - Processing file /home/airflow/.local/lib/python3.12/site-packages/airflow/example_dags/example_trigger_target_dag.py for tasks to queue
[2026-06-29T22:27:53.388+0000] {logging_mixin.py:190} INFO - [2026-06-29T22:27:53.388+0000] {dagbag.py:588} INFO - Filling up the DagBag from /home/airflow/.local/lib/python3.12/site-packages/airflow/example_dags/example_trigger_target_dag.py
[2026-06-29T22:27:53.399+0000] {processor.py:925} INFO - DAG(s) 'example_trigger_target_dag' retrieved from /home/airflow/.local/lib/python3.12/site-packages/airflow/example_dags/example_trigger_target_dag.py
[2026-06-29T22:27:53.420+0000] {logging_mixin.py:190} INFO - [2026-06-29T22:27:53.419+0000] {dag.py:3239} INFO - Sync 1 DAGs
[2026-06-29T22:27:53.434+0000] {logging_mixin.py:190} INFO - [2026-06-29T22:27:53.434+0000] {dag.py:4180} INFO - Setting next_dagrun for example_trigger_target_dag to None, run_after=None
[2026-06-29T22:27:53.455+0000] {processor.py:208} INFO - Processing /home/airflow/.local/lib/python3.12/site-packages/airflow/example_dags/example_trigger_target_dag.py took 0.079 seconds
[2026-06-29T22:28:23.522+0000] {processor.py:186} INFO - Started process (PID=2557) to work on /home/airflow/.local/lib/python3.12/site-packages/airflow/example_dags/example_trigger_target_dag.py
[2026-06-29T22:28:23.524+0000] {processor.py:914} INFO - Processing file /home/airflow/.local/lib/python3.12/site-packages/airflow/example_dags/example_trigger_target_dag.py for tasks to queue
[2026-06-29T22:28:23.528+0000] {logging_mixin.py:190} INFO - [2026-06-29T22:28:23.528+0000] {dagbag.py:588} INFO - Filling up the DagBag from /home/airflow/.local/lib/python3.12/site-packages/airflow/example_dags/example_trigger_target_dag.py
[2026-06-29T22:28:23.538+0000] {processor.py:925} INFO - DAG(s) 'example_trigger_target_dag' retrieved from /home/airflow/.local/lib/python3.12/site-packages/airflow/example_dags/example_trigger_target_dag.py
[2026-06-29T22:28:23.561+0000] {logging_mixin.py:190} INFO - [2026-06-29T22:28:23.561+0000] {dag.py:3239} INFO - Sync 1 DAGs
[2026-06-29T22:28:23.577+0000] {logging_mixin.py:190} INFO - [2026-06-29T22:28:23.577+0000] {dag.py:4180} INFO - Setting next_dagrun for example_trigger_target_dag to None, run_after=None
[2026-06-29T22:28:23.599+0000] {processor.py:208} INFO - Processing /home/airflow/.local/lib/python3.12/site-packages/airflow/example_dags/example_trigger_target_dag.py took 0.084 seconds
[2026-06-29T22:28:54.441+0000] {processor.py:186} INFO - Started process (PID=2622) to work on /home/airflow/.local/lib/python3.12/site-packages/airflow/example_dags/example_trigger_target_dag.py
[2026-06-29T22:28:54.443+0000] {processor.py:914} INFO - Processing file /home/airflow/.local/lib/python3.12/site-packages/airflow/example_dags/example_trigger_target_dag.py for tasks to queue
[2026-06-29T22:28:54.448+0000] {logging_mixin.py:190} INFO - [2026-06-29T22:28:54.448+0000] {dagbag.py:588} INFO - Filling up the DagBag from /home/airflow/.local/lib/python3.12/site-packages/airflow/example_dags/example_trigger_target_dag.py
[2026-06-29T22:28:54.460+0000] {processor.py:925} INFO - DAG(s) 'example_trigger_target_dag' retrieved from /home/airflow/.local/lib/python3.12/site-packages/airflow/example_dags/example_trigger_target_dag.py
[2026-06-29T22:28:54.492+0000] {logging_mixin.py:190} INFO - [2026-06-29T22:28:54.491+0000] {dag.py:3239} INFO - Sync 1 DAGs
[2026-06-29T22:28:54.515+0000] {logging_mixin.py:190} INFO - [2026-06-29T22:28:54.515+0000] {dag.py:4180} INFO - Setting next_dagrun for example_trigger_target_dag to None, run_after=None
[2026-06-29T22:28:54.545+0000] {processor.py:208} INFO - Processing /home/airflow/.local/lib/python3.12/site-packages/airflow/example_dags/example_trigger_target_dag.py took 0.113 seconds
[2026-06-29T22:29:25.097+0000] {processor.py:186} INFO - Started process (PID=2686) to work on /home/airflow/.local/lib/python3.12/site-packages/airflow/example_dags/example_trigger_target_dag.py
[2026-06-29T22:29:25.100+0000] {processor.py:914} INFO - Processing file /home/airflow/.local/lib/python3.12/site-packages/airflow/example_dags/example_trigger_target_dag.py for tasks to queue
[2026-06-29T22:29:25.105+0000] {logging_mixin.py:190} INFO - [2026-06-29T22:29:25.104+0000] {dagbag.py:588} INFO - Filling up the DagBag from /home/airflow/.local/lib/python3.12/site-packages/airflow/example_dags/example_trigger_target_dag.py
[2026-06-29T22:29:25.116+0000] {processor.py:925} INFO - DAG(s) 'example_trigger_target_dag' retrieved from /home/airflow/.local/lib/python3.12/site-packages/airflow/example_dags/example_trigger_target_dag.py
[2026-06-29T22:29:25.147+0000] {logging_mixin.py:190} INFO - [2026-06-29T22:29:25.147+0000] {dag.py:3239} INFO - Sync 1 DAGs
[2026-06-29T22:29:25.191+0000] {logging_mixin.py:190} INFO - [2026-06-29T22:29:25.191+0000] {dag.py:4180} INFO - Setting next_dagrun for example_trigger_target_dag to None, run_after=None
[2026-06-29T22:29:25.248+0000] {processor.py:208} INFO - Processing /home/airflow/.local/lib/python3.12/site-packages/airflow/example_dags/example_trigger_target_dag.py took 0.160 seconds
[2026-06-29T22:29:56.154+0000] {processor.py:186} INFO - Started process (PID=2750) to work on /home/airflow/.local/lib/python3.12/site-packages/airflow/example_dags/example_trigger_target_dag.py
[2026-06-29T22:29:56.160+0000] {processor.py:914} INFO - Processing file /home/airflow/.local/lib/python3.12/site-packages/airflow/example_dags/example_trigger_target_dag.py for tasks to queue
[2026-06-29T22:29:56.170+0000] {logging_mixin.py:190} INFO - [2026-06-29T22:29:56.168+0000] {dagbag.py:588} INFO - Filling up the DagBag from /home/airflow/.local/lib/python3.12/site-packages/airflow/example_dags/example_trigger_target_dag.py
[2026-06-29T22:29:56.209+0000] {processor.py:925} INFO - DAG(s) 'example_trigger_target_dag' retrieved from /home/airflow/.local/lib/python3.12/site-packages/airflow/example_dags/example_trigger_target_dag.py
[2026-06-29T22:29:56.273+0000] {logging_mixin.py:190} INFO - [2026-06-29T22:29:56.272+0000] {dag.py:3239} INFO - Sync 1 DAGs
[2026-06-29T22:29:56.302+0000] {logging_mixin.py:190} INFO - [2026-06-29T22:29:56.302+0000] {dag.py:4180} INFO - Setting next_dagrun for example_trigger_target_dag to None, run_after=None
[2026-06-29T22:29:56.384+0000] {processor.py:208} INFO - Processing /home/airflow/.local/lib/python3.12/site-packages/airflow/example_dags/example_trigger_target_dag.py took 0.259 seconds
[2026-06-29T22:30:26.677+0000] {processor.py:186} INFO - Started process (PID=2814) to work on /home/airflow/.local/lib/python3.12/site-packages/airflow/example_dags/example_trigger_target_dag.py
[2026-06-29T22:30:26.684+0000] {processor.py:914} INFO - Processing file /home/airflow/.local/lib/python3.12/site-packages/airflow/example_dags/example_trigger_target_dag.py for tasks to queue
[2026-06-29T22:30:26.699+0000] {logging_mixin.py:190} INFO - [2026-06-29T22:30:26.696+0000] {dagbag.py:588} INFO - Filling up the DagBag from /home/airflow/.local/lib/python3.12/site-packages/airflow/example_dags/example_trigger_target_dag.py
[2026-06-29T22:30:26.729+0000] {processor.py:925} INFO - DAG(s) 'example_trigger_target_dag' retrieved from /home/airflow/.local/lib/python3.12/site-packages/airflow/example_dags/example_trigger_target_dag.py
[2026-06-29T22:30:26.801+0000] {logging_mixin.py:190} INFO - [2026-06-29T22:30:26.800+0000] {dag.py:3239} INFO - Sync 1 DAGs
[2026-06-29T22:30:26.831+0000] {logging_mixin.py:190} INFO - [2026-06-29T22:30:26.831+0000] {dag.py:4180} INFO - Setting next_dagrun for example_trigger_target_dag to None, run_after=None
[2026-06-29T22:30:26.853+0000] {processor.py:208} INFO - Processing /home/airflow/.local/lib/python3.12/site-packages/airflow/example_dags/example_trigger_target_dag.py took 0.194 seconds
[2026-06-29T22:30:57.673+0000] {processor.py:186} INFO - Started process (PID=2879) to work on /home/airflow/.local/lib/python3.12/site-packages/airflow/example_dags/example_trigger_target_dag.py
[2026-06-29T22:30:57.675+0000] {processor.py:914} INFO - Processing file /home/airflow/.local/lib/python3.12/site-packages/airflow/example_dags/example_trigger_target_dag.py for tasks to queue
[2026-06-29T22:30:57.683+0000] {logging_mixin.py:190} INFO - [2026-06-29T22:30:57.681+0000] {dagbag.py:588} INFO - Filling up the DagBag from /home/airflow/.local/lib/python3.12/site-packages/airflow/example_dags/example_trigger_target_dag.py
[2026-06-29T22:30:57.706+0000] {processor.py:925} INFO - DAG(s) 'example_trigger_target_dag' retrieved from /home/airflow/.local/lib/python3.12/site-packages/airflow/example_dags/example_trigger_target_dag.py
[2026-06-29T22:30:57.752+0000] {logging_mixin.py:190} INFO - [2026-06-29T22:30:57.751+0000] {dag.py:3239} INFO - Sync 1 DAGs
[2026-06-29T22:30:57.791+0000] {logging_mixin.py:190} INFO - [2026-06-29T22:30:57.790+0000] {dag.py:4180} INFO - Setting next_dagrun for example_trigger_target_dag to None, run_after=None
[2026-06-29T22:30:57.841+0000] {processor.py:208} INFO - Processing /home/airflow/.local/lib/python3.12/site-packages/airflow/example_dags/example_trigger_target_dag.py took 0.181 seconds
[2026-06-29T22:31:28.930+0000] {processor.py:186} INFO - Started process (PID=2950) to work on /home/airflow/.local/lib/python3.12/site-packages/airflow/example_dags/example_trigger_target_dag.py
[2026-06-29T22:31:28.933+0000] {processor.py:914} INFO - Processing file /home/airflow/.local/lib/python3.12/site-packages/airflow/example_dags/example_trigger_target_dag.py for tasks to queue
[2026-06-29T22:31:28.937+0000] {logging_mixin.py:190} INFO - [2026-06-29T22:31:28.937+0000] {dagbag.py:588} INFO - Filling up the DagBag from /home/airflow/.local/lib/python3.12/site-packages/airflow/example_dags/example_trigger_target_dag.py
[2026-06-29T22:31:28.962+0000] {processor.py:925} INFO - DAG(s) 'example_trigger_target_dag' retrieved from /home/airflow/.local/lib/python3.12/site-packages/airflow/example_dags/example_trigger_target_dag.py
[2026-06-29T22:31:29.005+0000] {logging_mixin.py:190} INFO - [2026-06-29T22:31:29.005+0000] {dag.py:3239} INFO - Sync 1 DAGs
[2026-06-29T22:31:29.036+0000] {logging_mixin.py:190} INFO - [2026-06-29T22:31:29.036+0000] {dag.py:4180} INFO - Setting next_dagrun for example_trigger_target_dag to None, run_after=None
[2026-06-29T22:31:29.082+0000] {processor.py:208} INFO - Processing /home/airflow/.local/lib/python3.12/site-packages/airflow/example_dags/example_trigger_target_dag.py took 0.162 seconds
[2026-06-29T22:32:02.228+0000] {processor.py:186} INFO - Started process (PID=3051) to work on /home/airflow/.local/lib/python3.12/site-packages/airflow/example_dags/example_trigger_target_dag.py
[2026-06-29T22:32:02.233+0000] {processor.py:914} INFO - Processing file /home/airflow/.local/lib/python3.12/site-packages/airflow/example_dags/example_trigger_target_dag.py for tasks to queue
[2026-06-29T22:32:02.244+0000] {logging_mixin.py:190} INFO - [2026-06-29T22:32:02.242+0000] {dagbag.py:588} INFO - Filling up the DagBag from /home/airflow/.local/lib/python3.12/site-packages/airflow/example_dags/example_trigger_target_dag.py
[2026-06-29T22:32:02.276+0000] {processor.py:925} INFO - DAG(s) 'example_trigger_target_dag' retrieved from /home/airflow/.local/lib/python3.12/site-packages/airflow/example_dags/example_trigger_target_dag.py
[2026-06-29T22:32:02.337+0000] {logging_mixin.py:190} INFO - [2026-06-29T22:32:02.336+0000] {dag.py:3239} INFO - Sync 1 DAGs
[2026-06-29T22:32:02.376+0000] {logging_mixin.py:190} INFO - [2026-06-29T22:32:02.376+0000] {dag.py:4180} INFO - Setting next_dagrun for example_trigger_target_dag to None, run_after=None
[2026-06-29T22:32:02.436+0000] {processor.py:208} INFO - Processing /home/airflow/.local/lib/python3.12/site-packages/airflow/example_dags/example_trigger_target_dag.py took 0.228 seconds
[2026-06-29T22:32:34.173+0000] {processor.py:186} INFO - Started process (PID=3171) to work on /home/airflow/.local/lib/python3.12/site-packages/airflow/example_dags/example_trigger_target_dag.py
[2026-06-29T22:32:34.178+0000] {processor.py:914} INFO - Processing file /home/airflow/.local/lib/python3.12/site-packages/airflow/example_dags/example_trigger_target_dag.py for tasks to queue
[2026-06-29T22:32:34.190+0000] {logging_mixin.py:190} INFO - [2026-06-29T22:32:34.189+0000] {dagbag.py:588} INFO - Filling up the DagBag from /home/airflow/.local/lib/python3.12/site-packages/airflow/example_dags/example_trigger_target_dag.py
[2026-06-29T22:32:34.211+0000] {processor.py:925} INFO - DAG(s) 'example_trigger_target_dag' retrieved from /home/airflow/.local/lib/python3.12/site-packages/airflow/example_dags/example_trigger_target_dag.py
[2026-06-29T22:32:34.257+0000] {logging_mixin.py:190} INFO - [2026-06-29T22:32:34.256+0000] {dag.py:3239} INFO - Sync 1 DAGs
[2026-06-29T22:32:34.288+0000] {logging_mixin.py:190} INFO - [2026-06-29T22:32:34.288+0000] {dag.py:4180} INFO - Setting next_dagrun for example_trigger_target_dag to None, run_after=None
[2026-06-29T22:32:34.353+0000] {processor.py:208} INFO - Processing /home/airflow/.local/lib/python3.12/site-packages/airflow/example_dags/example_trigger_target_dag.py took 0.210 seconds
[2026-06-29T22:33:04.775+0000] {processor.py:186} INFO - Started process (PID=3249) to work on /home/airflow/.local/lib/python3.12/site-packages/airflow/example_dags/example_trigger_target_dag.py
[2026-06-29T22:33:04.778+0000] {processor.py:914} INFO - Processing file /home/airflow/.local/lib/python3.12/site-packages/airflow/example_dags/example_trigger_target_dag.py for tasks to queue
[2026-06-29T22:33:04.783+0000] {logging_mixin.py:190} INFO - [2026-06-29T22:33:04.783+0000] {dagbag.py:588} INFO - Filling up the DagBag from /home/airflow/.local/lib/python3.12/site-packages/airflow/example_dags/example_trigger_target_dag.py
[2026-06-29T22:33:04.800+0000] {processor.py:925} INFO - DAG(s) 'example_trigger_target_dag' retrieved from /home/airflow/.local/lib/python3.12/site-packages/airflow/example_dags/example_trigger_target_dag.py
[2026-06-29T22:33:04.839+0000] {logging_mixin.py:190} INFO - [2026-06-29T22:33:04.839+0000] {dag.py:3239} INFO - Sync 1 DAGs
[2026-06-29T22:33:04.863+0000] {logging_mixin.py:190} INFO - [2026-06-29T22:33:04.862+0000] {dag.py:4180} INFO - Setting next_dagrun for example_trigger_target_dag to None, run_after=None
[2026-06-29T22:33:04.896+0000] {processor.py:208} INFO - Processing /home/airflow/.local/lib/python3.12/site-packages/airflow/example_dags/example_trigger_target_dag.py took 0.136 seconds
[2026-06-29T22:33:36.457+0000] {processor.py:186} INFO - Started process (PID=3314) to work on /home/airflow/.local/lib/python3.12/site-packages/airflow/example_dags/example_trigger_target_dag.py
[2026-06-29T22:33:36.461+0000] {processor.py:914} INFO - Processing file /home/airflow/.local/lib/python3.12/site-packages/airflow/example_dags/example_trigger_target_dag.py for tasks to queue
[2026-06-29T22:33:36.469+0000] {logging_mixin.py:190} INFO - [2026-06-29T22:33:36.468+0000] {dagbag.py:588} INFO - Filling up the DagBag from /home/airflow/.local/lib/python3.12/site-packages/airflow/example_dags/example_trigger_target_dag.py
[2026-06-29T22:33:36.487+0000] {processor.py:925} INFO - DAG(s) 'example_trigger_target_dag' retrieved from /home/airflow/.local/lib/python3.12/site-packages/airflow/example_dags/example_trigger_target_dag.py
[2026-06-29T22:33:36.538+0000] {logging_mixin.py:190} INFO - [2026-06-29T22:33:36.538+0000] {dag.py:3239} INFO - Sync 1 DAGs
[2026-06-29T22:33:36.563+0000] {logging_mixin.py:190} INFO - [2026-06-29T22:33:36.563+0000] {dag.py:4180} INFO - Setting next_dagrun for example_trigger_target_dag to None, run_after=None
[2026-06-29T22:33:36.601+0000] {processor.py:208} INFO - Processing /home/airflow/.local/lib/python3.12/site-packages/airflow/example_dags/example_trigger_target_dag.py took 0.165 seconds
[2026-06-29T22:34:06.931+0000] {processor.py:186} INFO - Started process (PID=3378) to work on /home/airflow/.local/lib/python3.12/site-packages/airflow/example_dags/example_trigger_target_dag.py
[2026-06-29T22:34:06.933+0000] {processor.py:914} INFO - Processing file /home/airflow/.local/lib/python3.12/site-packages/airflow/example_dags/example_trigger_target_dag.py for tasks to queue
[2026-06-29T22:34:06.940+0000] {logging_mixin.py:190} INFO - [2026-06-29T22:34:06.939+0000] {dagbag.py:588} INFO - Filling up the DagBag from /home/airflow/.local/lib/python3.12/site-packages/airflow/example_dags/example_trigger_target_dag.py
[2026-06-29T22:34:06.958+0000] {processor.py:925} INFO - DAG(s) 'example_trigger_target_dag' retrieved from /home/airflow/.local/lib/python3.12/site-packages/airflow/example_dags/example_trigger_target_dag.py
[2026-06-29T22:34:07.005+0000] {logging_mixin.py:190} INFO - [2026-06-29T22:34:07.005+0000] {dag.py:3239} INFO - Sync 1 DAGs
[2026-06-29T22:34:07.034+0000] {logging_mixin.py:190} INFO - [2026-06-29T22:34:07.033+0000] {dag.py:4180} INFO - Setting next_dagrun for example_trigger_target_dag to None, run_after=None
[2026-06-29T22:34:07.084+0000] {processor.py:208} INFO - Processing /home/airflow/.local/lib/python3.12/site-packages/airflow/example_dags/example_trigger_target_dag.py took 0.169 seconds
[2026-06-29T22:34:37.529+0000] {processor.py:186} INFO - Started process (PID=3441) to work on /home/airflow/.local/lib/python3.12/site-packages/airflow/example_dags/example_trigger_target_dag.py
[2026-06-29T22:34:37.532+0000] {processor.py:914} INFO - Processing file /home/airflow/.local/lib/python3.12/site-packages/airflow/example_dags/example_trigger_target_dag.py for tasks to queue
[2026-06-29T22:34:37.539+0000] {logging_mixin.py:190} INFO - [2026-06-29T22:34:37.538+0000] {dagbag.py:588} INFO - Filling up the DagBag from /home/airflow/.local/lib/python3.12/site-packages/airflow/example_dags/example_trigger_target_dag.py
[2026-06-29T22:34:37.558+0000] {processor.py:925} INFO - DAG(s) 'example_trigger_target_dag' retrieved from /home/airflow/.local/lib/python3.12/site-packages/airflow/example_dags/example_trigger_target_dag.py
[2026-06-29T22:34:37.607+0000] {logging_mixin.py:190} INFO - [2026-06-29T22:34:37.606+0000] {dag.py:3239} INFO - Sync 1 DAGs
[2026-06-29T22:34:37.636+0000] {logging_mixin.py:190} INFO - [2026-06-29T22:34:37.635+0000] {dag.py:4180} INFO - Setting next_dagrun for example_trigger_target_dag to None, run_after=None
[2026-06-29T22:34:37.689+0000] {processor.py:208} INFO - Processing /home/airflow/.local/lib/python3.12/site-packages/airflow/example_dags/example_trigger_target_dag.py took 0.184 seconds
[2026-06-29T22:35:07.822+0000] {processor.py:186} INFO - Started process (PID=3505) to work on /home/airflow/.local/lib/python3.12/site-packages/airflow/example_dags/example_trigger_target_dag.py
[2026-06-29T22:35:07.824+0000] {processor.py:914} INFO - Processing file /home/airflow/.local/lib/python3.12/site-packages/airflow/example_dags/example_trigger_target_dag.py for tasks to queue
[2026-06-29T22:35:07.827+0000] {logging_mixin.py:190} INFO - [2026-06-29T22:35:07.826+0000] {dagbag.py:588} INFO - Filling up the DagBag from /home/airflow/.local/lib/python3.12/site-packages/airflow/example_dags/example_trigger_target_dag.py
[2026-06-29T22:35:07.835+0000] {processor.py:925} INFO - DAG(s) 'example_trigger_target_dag' retrieved from /home/airflow/.local/lib/python3.12/site-packages/airflow/example_dags/example_trigger_target_dag.py
[2026-06-29T22:35:07.858+0000] {logging_mixin.py:190} INFO - [2026-06-29T22:35:07.858+0000] {dag.py:3239} INFO - Sync 1 DAGs
[2026-06-29T22:35:07.873+0000] {logging_mixin.py:190} INFO - [2026-06-29T22:35:07.873+0000] {dag.py:4180} INFO - Setting next_dagrun for example_trigger_target_dag to None, run_after=None
[2026-06-29T22:35:07.892+0000] {processor.py:208} INFO - Processing /home/airflow/.local/lib/python3.12/site-packages/airflow/example_dags/example_trigger_target_dag.py took 0.080 seconds
[2026-06-29T22:35:37.963+0000] {processor.py:186} INFO - Started process (PID=3569) to work on /home/airflow/.local/lib/python3.12/site-packages/airflow/example_dags/example_trigger_target_dag.py
[2026-06-29T22:35:37.965+0000] {processor.py:914} INFO - Processing file /home/airflow/.local/lib/python3.12/site-packages/airflow/example_dags/example_trigger_target_dag.py for tasks to queue
[2026-06-29T22:35:37.969+0000] {logging_mixin.py:190} INFO - [2026-06-29T22:35:37.968+0000] {dagbag.py:588} INFO - Filling up the DagBag from /home/airflow/.local/lib/python3.12/site-packages/airflow/example_dags/example_trigger_target_dag.py
[2026-06-29T22:35:37.977+0000] {processor.py:925} INFO - DAG(s) 'example_trigger_target_dag' retrieved from /home/airflow/.local/lib/python3.12/site-packages/airflow/example_dags/example_trigger_target_dag.py
[2026-06-29T22:35:38.002+0000] {logging_mixin.py:190} INFO - [2026-06-29T22:35:38.002+0000] {dag.py:3239} INFO - Sync 1 DAGs
[2026-06-29T22:35:38.019+0000] {logging_mixin.py:190} INFO - [2026-06-29T22:35:38.018+0000] {dag.py:4180} INFO - Setting next_dagrun for example_trigger_target_dag to None, run_after=None
[2026-06-29T22:35:38.041+0000] {processor.py:208} INFO - Processing /home/airflow/.local/lib/python3.12/site-packages/airflow/example_dags/example_trigger_target_dag.py took 0.086 seconds
[2026-06-29T22:36:08.447+0000] {processor.py:186} INFO - Started process (PID=3633) to work on /home/airflow/.local/lib/python3.12/site-packages/airflow/example_dags/example_trigger_target_dag.py
[2026-06-29T22:36:08.449+0000] {processor.py:914} INFO - Processing file /home/airflow/.local/lib/python3.12/site-packages/airflow/example_dags/example_trigger_target_dag.py for tasks to queue
[2026-06-29T22:36:08.453+0000] {logging_mixin.py:190} INFO - [2026-06-29T22:36:08.453+0000] {dagbag.py:588} INFO - Filling up the DagBag from /home/airflow/.local/lib/python3.12/site-packages/airflow/example_dags/example_trigger_target_dag.py
[2026-06-29T22:36:08.463+0000] {processor.py:925} INFO - DAG(s) 'example_trigger_target_dag' retrieved from /home/airflow/.local/lib/python3.12/site-packages/airflow/example_dags/example_trigger_target_dag.py
[2026-06-29T22:36:08.487+0000] {logging_mixin.py:190} INFO - [2026-06-29T22:36:08.487+0000] {dag.py:3239} INFO - Sync 1 DAGs
[2026-06-29T22:36:08.504+0000] {logging_mixin.py:190} INFO - [2026-06-29T22:36:08.504+0000] {dag.py:4180} INFO - Setting next_dagrun for example_trigger_target_dag to None, run_after=None
[2026-06-29T22:36:08.534+0000] {processor.py:208} INFO - Processing /home/airflow/.local/lib/python3.12/site-packages/airflow/example_dags/example_trigger_target_dag.py took 0.098 seconds
[2026-06-29T22:36:38.839+0000] {processor.py:186} INFO - Started process (PID=3697) to work on /home/airflow/.local/lib/python3.12/site-packages/airflow/example_dags/example_trigger_target_dag.py
[2026-06-29T22:36:38.842+0000] {processor.py:914} INFO - Processing file /home/airflow/.local/lib/python3.12/site-packages/airflow/example_dags/example_trigger_target_dag.py for tasks to queue
[2026-06-29T22:36:38.848+0000] {logging_mixin.py:190} INFO - [2026-06-29T22:36:38.847+0000] {dagbag.py:588} INFO - Filling up the DagBag from /home/airflow/.local/lib/python3.12/site-packages/airflow/example_dags/example_trigger_target_dag.py
[2026-06-29T22:36:38.867+0000] {processor.py:925} INFO - DAG(s) 'example_trigger_target_dag' retrieved from /home/airflow/.local/lib/python3.12/site-packages/airflow/example_dags/example_trigger_target_dag.py
[2026-06-29T22:36:38.926+0000] {logging_mixin.py:190} INFO - [2026-06-29T22:36:38.925+0000] {dag.py:3239} INFO - Sync 1 DAGs
[2026-06-29T22:36:38.976+0000] {logging_mixin.py:190} INFO - [2026-06-29T22:36:38.976+0000] {dag.py:4180} INFO - Setting next_dagrun for example_trigger_target_dag to None, run_after=None
[2026-06-29T22:36:39.041+0000] {processor.py:208} INFO - Processing /home/airflow/.local/lib/python3.12/site-packages/airflow/example_dags/example_trigger_target_dag.py took 0.221 seconds
[2026-06-29T22:37:10.041+0000] {processor.py:186} INFO - Started process (PID=3761) to work on /home/airflow/.local/lib/python3.12/site-packages/airflow/example_dags/example_trigger_target_dag.py
[2026-06-29T22:37:10.043+0000] {processor.py:914} INFO - Processing file /home/airflow/.local/lib/python3.12/site-packages/airflow/example_dags/example_trigger_target_dag.py for tasks to queue
[2026-06-29T22:37:10.049+0000] {logging_mixin.py:190} INFO - [2026-06-29T22:37:10.048+0000] {dagbag.py:588} INFO - Filling up the DagBag from /home/airflow/.local/lib/python3.12/site-packages/airflow/example_dags/example_trigger_target_dag.py
[2026-06-29T22:37:10.063+0000] {processor.py:925} INFO - DAG(s) 'example_trigger_target_dag' retrieved from /home/airflow/.local/lib/python3.12/site-packages/airflow/example_dags/example_trigger_target_dag.py
[2026-06-29T22:37:10.091+0000] {logging_mixin.py:190} INFO - [2026-06-29T22:37:10.091+0000] {dag.py:3239} INFO - Sync 1 DAGs
[2026-06-29T22:37:10.106+0000] {logging_mixin.py:190} INFO - [2026-06-29T22:37:10.106+0000] {dag.py:4180} INFO - Setting next_dagrun for example_trigger_target_dag to None, run_after=None
[2026-06-29T22:37:10.130+0000] {processor.py:208} INFO - Processing /home/airflow/.local/lib/python3.12/site-packages/airflow/example_dags/example_trigger_target_dag.py took 0.104 seconds
[2026-06-29T22:37:40.453+0000] {processor.py:186} INFO - Started process (PID=3825) to work on /home/airflow/.local/lib/python3.12/site-packages/airflow/example_dags/example_trigger_target_dag.py
[2026-06-29T22:37:40.455+0000] {processor.py:914} INFO - Processing file /home/airflow/.local/lib/python3.12/site-packages/airflow/example_dags/example_trigger_target_dag.py for tasks to queue
[2026-06-29T22:37:40.459+0000] {logging_mixin.py:190} INFO - [2026-06-29T22:37:40.459+0000] {dagbag.py:588} INFO - Filling up the DagBag from /home/airflow/.local/lib/python3.12/site-packages/airflow/example_dags/example_trigger_target_dag.py
[2026-06-29T22:37:40.469+0000] {processor.py:925} INFO - DAG(s) 'example_trigger_target_dag' retrieved from /home/airflow/.local/lib/python3.12/site-packages/airflow/example_dags/example_trigger_target_dag.py
[2026-06-29T22:37:40.492+0000] {logging_mixin.py:190} INFO - [2026-06-29T22:37:40.492+0000] {dag.py:3239} INFO - Sync 1 DAGs
[2026-06-29T22:37:40.507+0000] {logging_mixin.py:190} INFO - [2026-06-29T22:37:40.506+0000] {dag.py:4180} INFO - Setting next_dagrun for example_trigger_target_dag to None, run_after=None
[2026-06-29T22:37:40.529+0000] {processor.py:208} INFO - Processing /home/airflow/.local/lib/python3.12/site-packages/airflow/example_dags/example_trigger_target_dag.py took 0.089 seconds
[2026-06-29T22:38:10.592+0000] {processor.py:186} INFO - Started process (PID=3889) to work on /home/airflow/.local/lib/python3.12/site-packages/airflow/example_dags/example_trigger_target_dag.py
[2026-06-29T22:38:10.594+0000] {processor.py:914} INFO - Processing file /home/airflow/.local/lib/python3.12/site-packages/airflow/example_dags/example_trigger_target_dag.py for tasks to queue
[2026-06-29T22:38:10.597+0000] {logging_mixin.py:190} INFO - [2026-06-29T22:38:10.597+0000] {dagbag.py:588} INFO - Filling up the DagBag from /home/airflow/.local/lib/python3.12/site-packages/airflow/example_dags/example_trigger_target_dag.py
[2026-06-29T22:38:10.606+0000] {processor.py:925} INFO - DAG(s) 'example_trigger_target_dag' retrieved from /home/airflow/.local/lib/python3.12/site-packages/airflow/example_dags/example_trigger_target_dag.py
[2026-06-29T22:38:10.629+0000] {logging_mixin.py:190} INFO - [2026-06-29T22:38:10.629+0000] {dag.py:3239} INFO - Sync 1 DAGs
[2026-06-29T22:38:10.645+0000] {logging_mixin.py:190} INFO - [2026-06-29T22:38:10.645+0000] {dag.py:4180} INFO - Setting next_dagrun for example_trigger_target_dag to None, run_after=None
[2026-06-29T22:38:10.666+0000] {processor.py:208} INFO - Processing /home/airflow/.local/lib/python3.12/site-packages/airflow/example_dags/example_trigger_target_dag.py took 0.084 seconds
[2026-06-29T22:38:41.899+0000] {processor.py:186} INFO - Started process (PID=3953) to work on /home/airflow/.local/lib/python3.12/site-packages/airflow/example_dags/example_trigger_target_dag.py
[2026-06-29T22:38:41.902+0000] {processor.py:914} INFO - Processing file /home/airflow/.local/lib/python3.12/site-packages/airflow/example_dags/example_trigger_target_dag.py for tasks to queue
[2026-06-29T22:38:41.908+0000] {logging_mixin.py:190} INFO - [2026-06-29T22:38:41.907+0000] {dagbag.py:588} INFO - Filling up the DagBag from /home/airflow/.local/lib/python3.12/site-packages/airflow/example_dags/example_trigger_target_dag.py
[2026-06-29T22:38:41.924+0000] {processor.py:925} INFO - DAG(s) 'example_trigger_target_dag' retrieved from /home/airflow/.local/lib/python3.12/site-packages/airflow/example_dags/example_trigger_target_dag.py
[2026-06-29T22:38:41.961+0000] {logging_mixin.py:190} INFO - [2026-06-29T22:38:41.960+0000] {dag.py:3239} INFO - Sync 1 DAGs
[2026-06-29T22:38:42.243+0000] {logging_mixin.py:190} INFO - [2026-06-29T22:38:42.243+0000] {dag.py:4180} INFO - Setting next_dagrun for example_trigger_target_dag to None, run_after=None
[2026-06-29T22:38:42.286+0000] {processor.py:208} INFO - Processing /home/airflow/.local/lib/python3.12/site-packages/airflow/example_dags/example_trigger_target_dag.py took 0.407 seconds
[2026-06-29T22:39:13.224+0000] {processor.py:186} INFO - Started process (PID=4017) to work on /home/airflow/.local/lib/python3.12/site-packages/airflow/example_dags/example_trigger_target_dag.py
[2026-06-29T22:39:13.226+0000] {processor.py:914} INFO - Processing file /home/airflow/.local/lib/python3.12/site-packages/airflow/example_dags/example_trigger_target_dag.py for tasks to queue
[2026-06-29T22:39:13.229+0000] {logging_mixin.py:190} INFO - [2026-06-29T22:39:13.229+0000] {dagbag.py:588} INFO - Filling up the DagBag from /home/airflow/.local/lib/python3.12/site-packages/airflow/example_dags/example_trigger_target_dag.py
[2026-06-29T22:39:13.240+0000] {processor.py:925} INFO - DAG(s) 'example_trigger_target_dag' retrieved from /home/airflow/.local/lib/python3.12/site-packages/airflow/example_dags/example_trigger_target_dag.py
[2026-06-29T22:39:13.265+0000] {logging_mixin.py:190} INFO - [2026-06-29T22:39:13.264+0000] {dag.py:3239} INFO - Sync 1 DAGs
[2026-06-29T22:39:13.281+0000] {logging_mixin.py:190} INFO - [2026-06-29T22:39:13.281+0000] {dag.py:4180} INFO - Setting next_dagrun for example_trigger_target_dag to None, run_after=None
[2026-06-29T22:39:13.305+0000] {processor.py:208} INFO - Processing /home/airflow/.local/lib/python3.12/site-packages/airflow/example_dags/example_trigger_target_dag.py took 0.095 seconds
[2026-06-29T22:39:43.560+0000] {processor.py:186} INFO - Started process (PID=4080) to work on /home/airflow/.local/lib/python3.12/site-packages/airflow/example_dags/example_trigger_target_dag.py
[2026-06-29T22:39:43.562+0000] {processor.py:914} INFO - Processing file /home/airflow/.local/lib/python3.12/site-packages/airflow/example_dags/example_trigger_target_dag.py for tasks to queue
[2026-06-29T22:39:43.567+0000] {logging_mixin.py:190} INFO - [2026-06-29T22:39:43.566+0000] {dagbag.py:588} INFO - Filling up the DagBag from /home/airflow/.local/lib/python3.12/site-packages/airflow/example_dags/example_trigger_target_dag.py
[2026-06-29T22:39:43.589+0000] {processor.py:925} INFO - DAG(s) 'example_trigger_target_dag' retrieved from /home/airflow/.local/lib/python3.12/site-packages/airflow/example_dags/example_trigger_target_dag.py
[2026-06-29T22:39:43.638+0000] {logging_mixin.py:190} INFO - [2026-06-29T22:39:43.637+0000] {dag.py:3239} INFO - Sync 1 DAGs
[2026-06-29T22:39:43.663+0000] {logging_mixin.py:190} INFO - [2026-06-29T22:39:43.662+0000] {dag.py:4180} INFO - Setting next_dagrun for example_trigger_target_dag to None, run_after=None
[2026-06-29T22:39:43.710+0000] {processor.py:208} INFO - Processing /home/airflow/.local/lib/python3.12/site-packages/airflow/example_dags/example_trigger_target_dag.py took 0.160 seconds
[2026-06-29T22:41:29.983+0000] {processor.py:186} INFO - Started process (PID=113) to work on /home/airflow/.local/lib/python3.12/site-packages/airflow/example_dags/example_trigger_target_dag.py
[2026-06-29T22:41:29.988+0000] {processor.py:914} INFO - Processing file /home/airflow/.local/lib/python3.12/site-packages/airflow/example_dags/example_trigger_target_dag.py for tasks to queue
[2026-06-29T22:41:30.000+0000] {logging_mixin.py:190} INFO - [2026-06-29T22:41:29.999+0000] {dagbag.py:588} INFO - Filling up the DagBag from /home/airflow/.local/lib/python3.12/site-packages/airflow/example_dags/example_trigger_target_dag.py
[2026-06-29T22:41:30.032+0000] {processor.py:925} INFO - DAG(s) 'example_trigger_target_dag' retrieved from /home/airflow/.local/lib/python3.12/site-packages/airflow/example_dags/example_trigger_target_dag.py
[2026-06-29T22:41:30.102+0000] {logging_mixin.py:190} INFO - [2026-06-29T22:41:30.101+0000] {dag.py:3239} INFO - Sync 1 DAGs
[2026-06-29T22:41:30.157+0000] {logging_mixin.py:190} INFO - [2026-06-29T22:41:30.157+0000] {dag.py:4180} INFO - Setting next_dagrun for example_trigger_target_dag to None, run_after=None
[2026-06-29T22:41:30.239+0000] {processor.py:208} INFO - Processing /home/airflow/.local/lib/python3.12/site-packages/airflow/example_dags/example_trigger_target_dag.py took 0.276 seconds
[2026-06-29T22:42:01.274+0000] {processor.py:186} INFO - Started process (PID=177) to work on /home/airflow/.local/lib/python3.12/site-packages/airflow/example_dags/example_trigger_target_dag.py
[2026-06-29T22:42:01.278+0000] {processor.py:914} INFO - Processing file /home/airflow/.local/lib/python3.12/site-packages/airflow/example_dags/example_trigger_target_dag.py for tasks to queue
[2026-06-29T22:42:01.284+0000] {logging_mixin.py:190} INFO - [2026-06-29T22:42:01.283+0000] {dagbag.py:588} INFO - Filling up the DagBag from /home/airflow/.local/lib/python3.12/site-packages/airflow/example_dags/example_trigger_target_dag.py
[2026-06-29T22:42:01.299+0000] {processor.py:925} INFO - DAG(s) 'example_trigger_target_dag' retrieved from /home/airflow/.local/lib/python3.12/site-packages/airflow/example_dags/example_trigger_target_dag.py
[2026-06-29T22:42:01.340+0000] {logging_mixin.py:190} INFO - [2026-06-29T22:42:01.339+0000] {dag.py:3239} INFO - Sync 1 DAGs
[2026-06-29T22:42:01.369+0000] {logging_mixin.py:190} INFO - [2026-06-29T22:42:01.369+0000] {dag.py:4180} INFO - Setting next_dagrun for example_trigger_target_dag to None, run_after=None
[2026-06-29T22:42:01.420+0000] {processor.py:208} INFO - Processing /home/airflow/.local/lib/python3.12/site-packages/airflow/example_dags/example_trigger_target_dag.py took 0.157 seconds
[2026-06-29T22:42:33.570+0000] {processor.py:186} INFO - Started process (PID=241) to work on /home/airflow/.local/lib/python3.12/site-packages/airflow/example_dags/example_trigger_target_dag.py
[2026-06-29T22:42:33.572+0000] {processor.py:914} INFO - Processing file /home/airflow/.local/lib/python3.12/site-packages/airflow/example_dags/example_trigger_target_dag.py for tasks to queue
[2026-06-29T22:42:33.578+0000] {logging_mixin.py:190} INFO - [2026-06-29T22:42:33.576+0000] {dagbag.py:588} INFO - Filling up the DagBag from /home/airflow/.local/lib/python3.12/site-packages/airflow/example_dags/example_trigger_target_dag.py
[2026-06-29T22:42:33.595+0000] {processor.py:925} INFO - DAG(s) 'example_trigger_target_dag' retrieved from /home/airflow/.local/lib/python3.12/site-packages/airflow/example_dags/example_trigger_target_dag.py
[2026-06-29T22:42:33.641+0000] {logging_mixin.py:190} INFO - [2026-06-29T22:42:33.641+0000] {dag.py:3239} INFO - Sync 1 DAGs
[2026-06-29T22:42:33.686+0000] {logging_mixin.py:190} INFO - [2026-06-29T22:42:33.685+0000] {dag.py:4180} INFO - Setting next_dagrun for example_trigger_target_dag to None, run_after=None
[2026-06-29T22:42:33.746+0000] {processor.py:208} INFO - Processing /home/airflow/.local/lib/python3.12/site-packages/airflow/example_dags/example_trigger_target_dag.py took 0.188 seconds
[2026-06-29T22:43:06.599+0000] {processor.py:186} INFO - Started process (PID=305) to work on /home/airflow/.local/lib/python3.12/site-packages/airflow/example_dags/example_trigger_target_dag.py
[2026-06-29T22:43:06.606+0000] {processor.py:914} INFO - Processing file /home/airflow/.local/lib/python3.12/site-packages/airflow/example_dags/example_trigger_target_dag.py for tasks to queue
[2026-06-29T22:43:06.628+0000] {logging_mixin.py:190} INFO - [2026-06-29T22:43:06.627+0000] {dagbag.py:588} INFO - Filling up the DagBag from /home/airflow/.local/lib/python3.12/site-packages/airflow/example_dags/example_trigger_target_dag.py
[2026-06-29T22:43:06.667+0000] {processor.py:925} INFO - DAG(s) 'example_trigger_target_dag' retrieved from /home/airflow/.local/lib/python3.12/site-packages/airflow/example_dags/example_trigger_target_dag.py
[2026-06-29T22:43:06.742+0000] {logging_mixin.py:190} INFO - [2026-06-29T22:43:06.741+0000] {dag.py:3239} INFO - Sync 1 DAGs
[2026-06-29T22:43:06.792+0000] {logging_mixin.py:190} INFO - [2026-06-29T22:43:06.792+0000] {dag.py:4180} INFO - Setting next_dagrun for example_trigger_target_dag to None, run_after=None
[2026-06-29T22:43:06.988+0000] {processor.py:208} INFO - Processing /home/airflow/.local/lib/python3.12/site-packages/airflow/example_dags/example_trigger_target_dag.py took 0.402 seconds
[2026-06-29T22:43:37.248+0000] {processor.py:186} INFO - Started process (PID=369) to work on /home/airflow/.local/lib/python3.12/site-packages/airflow/example_dags/example_trigger_target_dag.py
[2026-06-29T22:43:37.250+0000] {processor.py:914} INFO - Processing file /home/airflow/.local/lib/python3.12/site-packages/airflow/example_dags/example_trigger_target_dag.py for tasks to queue
[2026-06-29T22:43:37.254+0000] {logging_mixin.py:190} INFO - [2026-06-29T22:43:37.253+0000] {dagbag.py:588} INFO - Filling up the DagBag from /home/airflow/.local/lib/python3.12/site-packages/airflow/example_dags/example_trigger_target_dag.py
[2026-06-29T22:43:37.269+0000] {processor.py:925} INFO - DAG(s) 'example_trigger_target_dag' retrieved from /home/airflow/.local/lib/python3.12/site-packages/airflow/example_dags/example_trigger_target_dag.py
[2026-06-29T22:43:37.305+0000] {logging_mixin.py:190} INFO - [2026-06-29T22:43:37.305+0000] {dag.py:3239} INFO - Sync 1 DAGs
[2026-06-29T22:43:37.333+0000] {logging_mixin.py:190} INFO - [2026-06-29T22:43:37.333+0000] {dag.py:4180} INFO - Setting next_dagrun for example_trigger_target_dag to None, run_after=None
[2026-06-29T22:43:37.369+0000] {processor.py:208} INFO - Processing /home/airflow/.local/lib/python3.12/site-packages/airflow/example_dags/example_trigger_target_dag.py took 0.136 seconds
[2026-06-29T22:44:07.691+0000] {processor.py:186} INFO - Started process (PID=434) to work on /home/airflow/.local/lib/python3.12/site-packages/airflow/example_dags/example_trigger_target_dag.py
[2026-06-29T22:44:07.694+0000] {processor.py:914} INFO - Processing file /home/airflow/.local/lib/python3.12/site-packages/airflow/example_dags/example_trigger_target_dag.py for tasks to queue
[2026-06-29T22:44:07.699+0000] {logging_mixin.py:190} INFO - [2026-06-29T22:44:07.699+0000] {dagbag.py:588} INFO - Filling up the DagBag from /home/airflow/.local/lib/python3.12/site-packages/airflow/example_dags/example_trigger_target_dag.py
[2026-06-29T22:44:07.710+0000] {processor.py:925} INFO - DAG(s) 'example_trigger_target_dag' retrieved from /home/airflow/.local/lib/python3.12/site-packages/airflow/example_dags/example_trigger_target_dag.py
[2026-06-29T22:44:07.744+0000] {logging_mixin.py:190} INFO - [2026-06-29T22:44:07.743+0000] {dag.py:3239} INFO - Sync 1 DAGs
[2026-06-29T22:44:07.764+0000] {logging_mixin.py:190} INFO - [2026-06-29T22:44:07.764+0000] {dag.py:4180} INFO - Setting next_dagrun for example_trigger_target_dag to None, run_after=None
[2026-06-29T22:44:07.795+0000] {processor.py:208} INFO - Processing /home/airflow/.local/lib/python3.12/site-packages/airflow/example_dags/example_trigger_target_dag.py took 0.111 seconds
[2026-06-29T22:44:39.560+0000] {processor.py:186} INFO - Started process (PID=498) to work on /home/airflow/.local/lib/python3.12/site-packages/airflow/example_dags/example_trigger_target_dag.py
[2026-06-29T22:44:39.562+0000] {processor.py:914} INFO - Processing file /home/airflow/.local/lib/python3.12/site-packages/airflow/example_dags/example_trigger_target_dag.py for tasks to queue
[2026-06-29T22:44:39.569+0000] {logging_mixin.py:190} INFO - [2026-06-29T22:44:39.568+0000] {dagbag.py:588} INFO - Filling up the DagBag from /home/airflow/.local/lib/python3.12/site-packages/airflow/example_dags/example_trigger_target_dag.py
[2026-06-29T22:44:39.599+0000] {processor.py:925} INFO - DAG(s) 'example_trigger_target_dag' retrieved from /home/airflow/.local/lib/python3.12/site-packages/airflow/example_dags/example_trigger_target_dag.py
[2026-06-29T22:44:39.658+0000] {logging_mixin.py:190} INFO - [2026-06-29T22:44:39.658+0000] {dag.py:3239} INFO - Sync 1 DAGs
[2026-06-29T22:44:39.701+0000] {logging_mixin.py:190} INFO - [2026-06-29T22:44:39.700+0000] {dag.py:4180} INFO - Setting next_dagrun for example_trigger_target_dag to None, run_after=None
[2026-06-29T22:44:39.750+0000] {processor.py:208} INFO - Processing /home/airflow/.local/lib/python3.12/site-packages/airflow/example_dags/example_trigger_target_dag.py took 0.200 seconds
[2026-06-29T22:45:10.591+0000] {processor.py:186} INFO - Started process (PID=562) to work on /home/airflow/.local/lib/python3.12/site-packages/airflow/example_dags/example_trigger_target_dag.py
[2026-06-29T22:45:10.594+0000] {processor.py:914} INFO - Processing file /home/airflow/.local/lib/python3.12/site-packages/airflow/example_dags/example_trigger_target_dag.py for tasks to queue
[2026-06-29T22:45:10.603+0000] {logging_mixin.py:190} INFO - [2026-06-29T22:45:10.602+0000] {dagbag.py:588} INFO - Filling up the DagBag from /home/airflow/.local/lib/python3.12/site-packages/airflow/example_dags/example_trigger_target_dag.py
[2026-06-29T22:45:10.627+0000] {processor.py:925} INFO - DAG(s) 'example_trigger_target_dag' retrieved from /home/airflow/.local/lib/python3.12/site-packages/airflow/example_dags/example_trigger_target_dag.py
[2026-06-29T22:45:10.670+0000] {logging_mixin.py:190} INFO - [2026-06-29T22:45:10.670+0000] {dag.py:3239} INFO - Sync 1 DAGs
[2026-06-29T22:45:10.707+0000] {logging_mixin.py:190} INFO - [2026-06-29T22:45:10.707+0000] {dag.py:4180} INFO - Setting next_dagrun for example_trigger_target_dag to None, run_after=None
[2026-06-29T22:45:10.751+0000] {processor.py:208} INFO - Processing /home/airflow/.local/lib/python3.12/site-packages/airflow/example_dags/example_trigger_target_dag.py took 0.173 seconds
[2026-06-29T22:45:40.950+0000] {processor.py:186} INFO - Started process (PID=625) to work on /home/airflow/.local/lib/python3.12/site-packages/airflow/example_dags/example_trigger_target_dag.py
[2026-06-29T22:45:40.952+0000] {processor.py:914} INFO - Processing file /home/airflow/.local/lib/python3.12/site-packages/airflow/example_dags/example_trigger_target_dag.py for tasks to queue
[2026-06-29T22:45:40.957+0000] {logging_mixin.py:190} INFO - [2026-06-29T22:45:40.956+0000] {dagbag.py:588} INFO - Filling up the DagBag from /home/airflow/.local/lib/python3.12/site-packages/airflow/example_dags/example_trigger_target_dag.py
[2026-06-29T22:45:40.968+0000] {processor.py:925} INFO - DAG(s) 'example_trigger_target_dag' retrieved from /home/airflow/.local/lib/python3.12/site-packages/airflow/example_dags/example_trigger_target_dag.py
[2026-06-29T22:45:40.991+0000] {logging_mixin.py:190} INFO - [2026-06-29T22:45:40.990+0000] {dag.py:3239} INFO - Sync 1 DAGs
[2026-06-29T22:45:41.007+0000] {logging_mixin.py:190} INFO - [2026-06-29T22:45:41.007+0000] {dag.py:4180} INFO - Setting next_dagrun for example_trigger_target_dag to None, run_after=None
[2026-06-29T22:45:41.030+0000] {processor.py:208} INFO - Processing /home/airflow/.local/lib/python3.12/site-packages/airflow/example_dags/example_trigger_target_dag.py took 0.088 seconds
[2026-06-29T22:46:11.361+0000] {processor.py:186} INFO - Started process (PID=689) to work on /home/airflow/.local/lib/python3.12/site-packages/airflow/example_dags/example_trigger_target_dag.py
[2026-06-29T22:46:11.363+0000] {processor.py:914} INFO - Processing file /home/airflow/.local/lib/python3.12/site-packages/airflow/example_dags/example_trigger_target_dag.py for tasks to queue
[2026-06-29T22:46:11.366+0000] {logging_mixin.py:190} INFO - [2026-06-29T22:46:11.366+0000] {dagbag.py:588} INFO - Filling up the DagBag from /home/airflow/.local/lib/python3.12/site-packages/airflow/example_dags/example_trigger_target_dag.py
[2026-06-29T22:46:11.375+0000] {processor.py:925} INFO - DAG(s) 'example_trigger_target_dag' retrieved from /home/airflow/.local/lib/python3.12/site-packages/airflow/example_dags/example_trigger_target_dag.py
[2026-06-29T22:46:11.404+0000] {logging_mixin.py:190} INFO - [2026-06-29T22:46:11.404+0000] {dag.py:3239} INFO - Sync 1 DAGs
[2026-06-29T22:46:11.419+0000] {logging_mixin.py:190} INFO - [2026-06-29T22:46:11.419+0000] {dag.py:4180} INFO - Setting next_dagrun for example_trigger_target_dag to None, run_after=None
[2026-06-29T22:46:11.442+0000] {processor.py:208} INFO - Processing /home/airflow/.local/lib/python3.12/site-packages/airflow/example_dags/example_trigger_target_dag.py took 0.088 seconds
[2026-06-29T22:46:41.723+0000] {processor.py:186} INFO - Started process (PID=758) to work on /home/airflow/.local/lib/python3.12/site-packages/airflow/example_dags/example_trigger_target_dag.py
[2026-06-29T22:46:41.727+0000] {processor.py:914} INFO - Processing file /home/airflow/.local/lib/python3.12/site-packages/airflow/example_dags/example_trigger_target_dag.py for tasks to queue
[2026-06-29T22:46:41.735+0000] {logging_mixin.py:190} INFO - [2026-06-29T22:46:41.734+0000] {dagbag.py:588} INFO - Filling up the DagBag from /home/airflow/.local/lib/python3.12/site-packages/airflow/example_dags/example_trigger_target_dag.py
[2026-06-29T22:46:41.755+0000] {processor.py:925} INFO - DAG(s) 'example_trigger_target_dag' retrieved from /home/airflow/.local/lib/python3.12/site-packages/airflow/example_dags/example_trigger_target_dag.py
[2026-06-29T22:46:41.815+0000] {logging_mixin.py:190} INFO - [2026-06-29T22:46:41.815+0000] {dag.py:3239} INFO - Sync 1 DAGs
[2026-06-29T22:46:41.864+0000] {logging_mixin.py:190} INFO - [2026-06-29T22:46:41.863+0000] {dag.py:4180} INFO - Setting next_dagrun for example_trigger_target_dag to None, run_after=None
[2026-06-29T22:46:41.932+0000] {processor.py:208} INFO - Processing /home/airflow/.local/lib/python3.12/site-packages/airflow/example_dags/example_trigger_target_dag.py took 0.236 seconds
