[2026-06-29T21:56:52.825+0000] {processor.py:186} INFO - Started process (PID=74) to work on /home/airflow/.local/lib/python3.12/site-packages/airflow/example_dags/example_time_delta_sensor_async.py
[2026-06-29T21:56:52.829+0000] {processor.py:914} INFO - Processing file /home/airflow/.local/lib/python3.12/site-packages/airflow/example_dags/example_time_delta_sensor_async.py for tasks to queue
[2026-06-29T21:56:52.837+0000] {logging_mixin.py:190} INFO - [2026-06-29T21:56:52.835+0000] {dagbag.py:588} INFO - Filling up the DagBag from /home/airflow/.local/lib/python3.12/site-packages/airflow/example_dags/example_time_delta_sensor_async.py
[2026-06-29T21:56:52.862+0000] {processor.py:925} INFO - DAG(s) 'example_time_delta_sensor_async' retrieved from /home/airflow/.local/lib/python3.12/site-packages/airflow/example_dags/example_time_delta_sensor_async.py
[2026-06-29T21:56:53.277+0000] {logging_mixin.py:190} INFO - [2026-06-29T21:56:53.276+0000] {override.py:1912} INFO - Created Permission View: can edit on DAG:example_time_delta_sensor_async
[2026-06-29T21:56:53.297+0000] {logging_mixin.py:190} INFO - [2026-06-29T21:56:53.296+0000] {override.py:1912} INFO - Created Permission View: can read on DAG:example_time_delta_sensor_async
[2026-06-29T21:56:53.312+0000] {logging_mixin.py:190} INFO - [2026-06-29T21:56:53.312+0000] {override.py:1912} INFO - Created Permission View: can delete on DAG:example_time_delta_sensor_async
[2026-06-29T21:56:53.328+0000] {logging_mixin.py:190} INFO - [2026-06-29T21:56:53.328+0000] {override.py:1912} INFO - Created Permission View: can create on DAG Run:example_time_delta_sensor_async
[2026-06-29T21:56:53.348+0000] {logging_mixin.py:190} INFO - [2026-06-29T21:56:53.347+0000] {override.py:1912} INFO - Created Permission View: can read on DAG Run:example_time_delta_sensor_async
[2026-06-29T21:56:53.363+0000] {logging_mixin.py:190} INFO - [2026-06-29T21:56:53.363+0000] {override.py:1912} INFO - Created Permission View: can delete on DAG Run:example_time_delta_sensor_async
[2026-06-29T21:56:53.377+0000] {logging_mixin.py:190} INFO - [2026-06-29T21:56:53.376+0000] {override.py:1912} INFO - Created Permission View: menu access on DAG Run:example_time_delta_sensor_async
[2026-06-29T21:56:53.379+0000] {logging_mixin.py:190} INFO - [2026-06-29T21:56:53.378+0000] {dag.py:3239} INFO - Sync 1 DAGs
[2026-06-29T21:56:53.406+0000] {logging_mixin.py:190} INFO - [2026-06-29T21:56:53.406+0000] {dag.py:3262} INFO - Creating ORM DAG for example_time_delta_sensor_async
[2026-06-29T21:56:53.409+0000] {logging_mixin.py:190} INFO - [2026-06-29T21:56:53.409+0000] {dag.py:4180} INFO - Setting next_dagrun for example_time_delta_sensor_async to None, run_after=None
[2026-06-29T21:56:53.456+0000] {processor.py:208} INFO - Processing /home/airflow/.local/lib/python3.12/site-packages/airflow/example_dags/example_time_delta_sensor_async.py took 0.645 seconds
[2026-06-29T21:59:00.251+0000] {processor.py:186} INFO - Started process (PID=74) to work on /home/airflow/.local/lib/python3.12/site-packages/airflow/example_dags/example_time_delta_sensor_async.py
[2026-06-29T21:59:00.266+0000] {processor.py:914} INFO - Processing file /home/airflow/.local/lib/python3.12/site-packages/airflow/example_dags/example_time_delta_sensor_async.py for tasks to queue
[2026-06-29T21:59:00.310+0000] {logging_mixin.py:190} INFO - [2026-06-29T21:59:00.305+0000] {dagbag.py:588} INFO - Filling up the DagBag from /home/airflow/.local/lib/python3.12/site-packages/airflow/example_dags/example_time_delta_sensor_async.py
[2026-06-29T21:59:00.378+0000] {processor.py:925} INFO - DAG(s) 'example_time_delta_sensor_async' retrieved from /home/airflow/.local/lib/python3.12/site-packages/airflow/example_dags/example_time_delta_sensor_async.py
[2026-06-29T21:59:00.579+0000] {logging_mixin.py:190} INFO - [2026-06-29T21:59:00.577+0000] {dag.py:3239} INFO - Sync 1 DAGs
[2026-06-29T21:59:00.733+0000] {logging_mixin.py:190} INFO - [2026-06-29T21:59:00.731+0000] {dag.py:4180} INFO - Setting next_dagrun for example_time_delta_sensor_async to None, run_after=None
[2026-06-29T21:59:00.872+0000] {processor.py:208} INFO - Processing /home/airflow/.local/lib/python3.12/site-packages/airflow/example_dags/example_time_delta_sensor_async.py took 0.643 seconds
[2026-06-29T21:59:31.441+0000] {processor.py:186} INFO - Started process (PID=137) to work on /home/airflow/.local/lib/python3.12/site-packages/airflow/example_dags/example_time_delta_sensor_async.py
[2026-06-29T21:59:31.444+0000] {processor.py:914} INFO - Processing file /home/airflow/.local/lib/python3.12/site-packages/airflow/example_dags/example_time_delta_sensor_async.py for tasks to queue
[2026-06-29T21:59:31.449+0000] {logging_mixin.py:190} INFO - [2026-06-29T21:59:31.449+0000] {dagbag.py:588} INFO - Filling up the DagBag from /home/airflow/.local/lib/python3.12/site-packages/airflow/example_dags/example_time_delta_sensor_async.py
[2026-06-29T21:59:31.462+0000] {processor.py:925} INFO - DAG(s) 'example_time_delta_sensor_async' retrieved from /home/airflow/.local/lib/python3.12/site-packages/airflow/example_dags/example_time_delta_sensor_async.py
[2026-06-29T21:59:31.523+0000] {logging_mixin.py:190} INFO - [2026-06-29T21:59:31.522+0000] {dag.py:3239} INFO - Sync 1 DAGs
[2026-06-29T21:59:31.552+0000] {logging_mixin.py:190} INFO - [2026-06-29T21:59:31.552+0000] {dag.py:4180} INFO - Setting next_dagrun for example_time_delta_sensor_async to None, run_after=None
[2026-06-29T21:59:31.587+0000] {processor.py:208} INFO - Processing /home/airflow/.local/lib/python3.12/site-packages/airflow/example_dags/example_time_delta_sensor_async.py took 0.157 seconds
[2026-06-29T22:00:02.326+0000] {processor.py:186} INFO - Started process (PID=200) to work on /home/airflow/.local/lib/python3.12/site-packages/airflow/example_dags/example_time_delta_sensor_async.py
[2026-06-29T22:00:02.329+0000] {processor.py:914} INFO - Processing file /home/airflow/.local/lib/python3.12/site-packages/airflow/example_dags/example_time_delta_sensor_async.py for tasks to queue
[2026-06-29T22:00:02.335+0000] {logging_mixin.py:190} INFO - [2026-06-29T22:00:02.335+0000] {dagbag.py:588} INFO - Filling up the DagBag from /home/airflow/.local/lib/python3.12/site-packages/airflow/example_dags/example_time_delta_sensor_async.py
[2026-06-29T22:00:02.348+0000] {processor.py:925} INFO - DAG(s) 'example_time_delta_sensor_async' retrieved from /home/airflow/.local/lib/python3.12/site-packages/airflow/example_dags/example_time_delta_sensor_async.py
[2026-06-29T22:00:02.385+0000] {logging_mixin.py:190} INFO - [2026-06-29T22:00:02.385+0000] {dag.py:3239} INFO - Sync 1 DAGs
[2026-06-29T22:00:02.407+0000] {logging_mixin.py:190} INFO - [2026-06-29T22:00:02.406+0000] {dag.py:4180} INFO - Setting next_dagrun for example_time_delta_sensor_async to None, run_after=None
[2026-06-29T22:00:02.455+0000] {processor.py:208} INFO - Processing /home/airflow/.local/lib/python3.12/site-packages/airflow/example_dags/example_time_delta_sensor_async.py took 0.139 seconds
[2026-06-29T22:00:32.875+0000] {processor.py:186} INFO - Started process (PID=264) to work on /home/airflow/.local/lib/python3.12/site-packages/airflow/example_dags/example_time_delta_sensor_async.py
[2026-06-29T22:00:32.878+0000] {processor.py:914} INFO - Processing file /home/airflow/.local/lib/python3.12/site-packages/airflow/example_dags/example_time_delta_sensor_async.py for tasks to queue
[2026-06-29T22:00:32.887+0000] {logging_mixin.py:190} INFO - [2026-06-29T22:00:32.887+0000] {dagbag.py:588} INFO - Filling up the DagBag from /home/airflow/.local/lib/python3.12/site-packages/airflow/example_dags/example_time_delta_sensor_async.py
[2026-06-29T22:00:32.898+0000] {processor.py:925} INFO - DAG(s) 'example_time_delta_sensor_async' retrieved from /home/airflow/.local/lib/python3.12/site-packages/airflow/example_dags/example_time_delta_sensor_async.py
[2026-06-29T22:00:32.942+0000] {logging_mixin.py:190} INFO - [2026-06-29T22:00:32.942+0000] {dag.py:3239} INFO - Sync 1 DAGs
[2026-06-29T22:00:32.967+0000] {logging_mixin.py:190} INFO - [2026-06-29T22:00:32.967+0000] {dag.py:4180} INFO - Setting next_dagrun for example_time_delta_sensor_async to None, run_after=None
[2026-06-29T22:00:33.005+0000] {processor.py:208} INFO - Processing /home/airflow/.local/lib/python3.12/site-packages/airflow/example_dags/example_time_delta_sensor_async.py took 0.140 seconds
[2026-06-29T22:01:03.702+0000] {processor.py:186} INFO - Started process (PID=326) to work on /home/airflow/.local/lib/python3.12/site-packages/airflow/example_dags/example_time_delta_sensor_async.py
[2026-06-29T22:01:03.705+0000] {processor.py:914} INFO - Processing file /home/airflow/.local/lib/python3.12/site-packages/airflow/example_dags/example_time_delta_sensor_async.py for tasks to queue
[2026-06-29T22:01:03.714+0000] {logging_mixin.py:190} INFO - [2026-06-29T22:01:03.713+0000] {dagbag.py:588} INFO - Filling up the DagBag from /home/airflow/.local/lib/python3.12/site-packages/airflow/example_dags/example_time_delta_sensor_async.py
[2026-06-29T22:01:03.740+0000] {processor.py:925} INFO - DAG(s) 'example_time_delta_sensor_async' retrieved from /home/airflow/.local/lib/python3.12/site-packages/airflow/example_dags/example_time_delta_sensor_async.py
[2026-06-29T22:01:03.797+0000] {logging_mixin.py:190} INFO - [2026-06-29T22:01:03.796+0000] {dag.py:3239} INFO - Sync 1 DAGs
[2026-06-29T22:01:03.826+0000] {logging_mixin.py:190} INFO - [2026-06-29T22:01:03.825+0000] {dag.py:4180} INFO - Setting next_dagrun for example_time_delta_sensor_async to None, run_after=None
[2026-06-29T22:01:03.872+0000] {processor.py:208} INFO - Processing /home/airflow/.local/lib/python3.12/site-packages/airflow/example_dags/example_time_delta_sensor_async.py took 0.180 seconds
[2026-06-29T22:01:34.016+0000] {processor.py:186} INFO - Started process (PID=389) to work on /home/airflow/.local/lib/python3.12/site-packages/airflow/example_dags/example_time_delta_sensor_async.py
[2026-06-29T22:01:34.019+0000] {processor.py:914} INFO - Processing file /home/airflow/.local/lib/python3.12/site-packages/airflow/example_dags/example_time_delta_sensor_async.py for tasks to queue
[2026-06-29T22:01:34.026+0000] {logging_mixin.py:190} INFO - [2026-06-29T22:01:34.025+0000] {dagbag.py:588} INFO - Filling up the DagBag from /home/airflow/.local/lib/python3.12/site-packages/airflow/example_dags/example_time_delta_sensor_async.py
[2026-06-29T22:01:34.041+0000] {processor.py:925} INFO - DAG(s) 'example_time_delta_sensor_async' retrieved from /home/airflow/.local/lib/python3.12/site-packages/airflow/example_dags/example_time_delta_sensor_async.py
[2026-06-29T22:01:34.092+0000] {logging_mixin.py:190} INFO - [2026-06-29T22:01:34.092+0000] {dag.py:3239} INFO - Sync 1 DAGs
[2026-06-29T22:01:34.125+0000] {logging_mixin.py:190} INFO - [2026-06-29T22:01:34.125+0000] {dag.py:4180} INFO - Setting next_dagrun for example_time_delta_sensor_async to None, run_after=None
[2026-06-29T22:01:34.174+0000] {processor.py:208} INFO - Processing /home/airflow/.local/lib/python3.12/site-packages/airflow/example_dags/example_time_delta_sensor_async.py took 0.168 seconds
[2026-06-29T22:02:04.753+0000] {processor.py:186} INFO - Started process (PID=452) to work on /home/airflow/.local/lib/python3.12/site-packages/airflow/example_dags/example_time_delta_sensor_async.py
[2026-06-29T22:02:04.754+0000] {processor.py:914} INFO - Processing file /home/airflow/.local/lib/python3.12/site-packages/airflow/example_dags/example_time_delta_sensor_async.py for tasks to queue
[2026-06-29T22:02:04.758+0000] {logging_mixin.py:190} INFO - [2026-06-29T22:02:04.758+0000] {dagbag.py:588} INFO - Filling up the DagBag from /home/airflow/.local/lib/python3.12/site-packages/airflow/example_dags/example_time_delta_sensor_async.py
[2026-06-29T22:02:04.768+0000] {processor.py:925} INFO - DAG(s) 'example_time_delta_sensor_async' retrieved from /home/airflow/.local/lib/python3.12/site-packages/airflow/example_dags/example_time_delta_sensor_async.py
[2026-06-29T22:02:04.800+0000] {logging_mixin.py:190} INFO - [2026-06-29T22:02:04.799+0000] {dag.py:3239} INFO - Sync 1 DAGs
[2026-06-29T22:02:04.816+0000] {logging_mixin.py:190} INFO - [2026-06-29T22:02:04.816+0000] {dag.py:4180} INFO - Setting next_dagrun for example_time_delta_sensor_async to None, run_after=None
[2026-06-29T22:02:04.839+0000] {processor.py:208} INFO - Processing /home/airflow/.local/lib/python3.12/site-packages/airflow/example_dags/example_time_delta_sensor_async.py took 0.093 seconds
[2026-06-29T22:02:35.129+0000] {processor.py:186} INFO - Started process (PID=515) to work on /home/airflow/.local/lib/python3.12/site-packages/airflow/example_dags/example_time_delta_sensor_async.py
[2026-06-29T22:02:35.134+0000] {processor.py:914} INFO - Processing file /home/airflow/.local/lib/python3.12/site-packages/airflow/example_dags/example_time_delta_sensor_async.py for tasks to queue
[2026-06-29T22:02:35.140+0000] {logging_mixin.py:190} INFO - [2026-06-29T22:02:35.139+0000] {dagbag.py:588} INFO - Filling up the DagBag from /home/airflow/.local/lib/python3.12/site-packages/airflow/example_dags/example_time_delta_sensor_async.py
[2026-06-29T22:02:35.153+0000] {processor.py:925} INFO - DAG(s) 'example_time_delta_sensor_async' retrieved from /home/airflow/.local/lib/python3.12/site-packages/airflow/example_dags/example_time_delta_sensor_async.py
[2026-06-29T22:02:35.200+0000] {logging_mixin.py:190} INFO - [2026-06-29T22:02:35.199+0000] {dag.py:3239} INFO - Sync 1 DAGs
[2026-06-29T22:02:35.231+0000] {logging_mixin.py:190} INFO - [2026-06-29T22:02:35.230+0000] {dag.py:4180} INFO - Setting next_dagrun for example_time_delta_sensor_async to None, run_after=None
[2026-06-29T22:02:35.282+0000] {processor.py:208} INFO - Processing /home/airflow/.local/lib/python3.12/site-packages/airflow/example_dags/example_time_delta_sensor_async.py took 0.163 seconds
[2026-06-29T22:03:05.749+0000] {processor.py:186} INFO - Started process (PID=579) to work on /home/airflow/.local/lib/python3.12/site-packages/airflow/example_dags/example_time_delta_sensor_async.py
[2026-06-29T22:03:05.752+0000] {processor.py:914} INFO - Processing file /home/airflow/.local/lib/python3.12/site-packages/airflow/example_dags/example_time_delta_sensor_async.py for tasks to queue
[2026-06-29T22:03:05.756+0000] {logging_mixin.py:190} INFO - [2026-06-29T22:03:05.755+0000] {dagbag.py:588} INFO - Filling up the DagBag from /home/airflow/.local/lib/python3.12/site-packages/airflow/example_dags/example_time_delta_sensor_async.py
[2026-06-29T22:03:05.766+0000] {processor.py:925} INFO - DAG(s) 'example_time_delta_sensor_async' retrieved from /home/airflow/.local/lib/python3.12/site-packages/airflow/example_dags/example_time_delta_sensor_async.py
[2026-06-29T22:03:05.798+0000] {logging_mixin.py:190} INFO - [2026-06-29T22:03:05.797+0000] {dag.py:3239} INFO - Sync 1 DAGs
[2026-06-29T22:03:05.819+0000] {logging_mixin.py:190} INFO - [2026-06-29T22:03:05.819+0000] {dag.py:4180} INFO - Setting next_dagrun for example_time_delta_sensor_async to None, run_after=None
[2026-06-29T22:03:05.851+0000] {processor.py:208} INFO - Processing /home/airflow/.local/lib/python3.12/site-packages/airflow/example_dags/example_time_delta_sensor_async.py took 0.114 seconds
[2026-06-29T22:03:37.308+0000] {processor.py:186} INFO - Started process (PID=641) to work on /home/airflow/.local/lib/python3.12/site-packages/airflow/example_dags/example_time_delta_sensor_async.py
[2026-06-29T22:03:37.313+0000] {processor.py:914} INFO - Processing file /home/airflow/.local/lib/python3.12/site-packages/airflow/example_dags/example_time_delta_sensor_async.py for tasks to queue
[2026-06-29T22:03:37.324+0000] {logging_mixin.py:190} INFO - [2026-06-29T22:03:37.323+0000] {dagbag.py:588} INFO - Filling up the DagBag from /home/airflow/.local/lib/python3.12/site-packages/airflow/example_dags/example_time_delta_sensor_async.py
[2026-06-29T22:03:37.356+0000] {processor.py:925} INFO - DAG(s) 'example_time_delta_sensor_async' retrieved from /home/airflow/.local/lib/python3.12/site-packages/airflow/example_dags/example_time_delta_sensor_async.py
[2026-06-29T22:03:37.412+0000] {logging_mixin.py:190} INFO - [2026-06-29T22:03:37.411+0000] {dag.py:3239} INFO - Sync 1 DAGs
[2026-06-29T22:03:37.447+0000] {logging_mixin.py:190} INFO - [2026-06-29T22:03:37.446+0000] {dag.py:4180} INFO - Setting next_dagrun for example_time_delta_sensor_async to None, run_after=None
[2026-06-29T22:03:37.513+0000] {processor.py:208} INFO - Processing /home/airflow/.local/lib/python3.12/site-packages/airflow/example_dags/example_time_delta_sensor_async.py took 0.240 seconds
[2026-06-29T22:04:08.239+0000] {processor.py:186} INFO - Started process (PID=704) to work on /home/airflow/.local/lib/python3.12/site-packages/airflow/example_dags/example_time_delta_sensor_async.py
[2026-06-29T22:04:08.252+0000] {processor.py:914} INFO - Processing file /home/airflow/.local/lib/python3.12/site-packages/airflow/example_dags/example_time_delta_sensor_async.py for tasks to queue
[2026-06-29T22:04:08.268+0000] {logging_mixin.py:190} INFO - [2026-06-29T22:04:08.267+0000] {dagbag.py:588} INFO - Filling up the DagBag from /home/airflow/.local/lib/python3.12/site-packages/airflow/example_dags/example_time_delta_sensor_async.py
[2026-06-29T22:04:08.433+0000] {processor.py:925} INFO - DAG(s) 'example_time_delta_sensor_async' retrieved from /home/airflow/.local/lib/python3.12/site-packages/airflow/example_dags/example_time_delta_sensor_async.py
[2026-06-29T22:04:08.507+0000] {logging_mixin.py:190} INFO - [2026-06-29T22:04:08.506+0000] {dag.py:3239} INFO - Sync 1 DAGs
[2026-06-29T22:04:08.547+0000] {logging_mixin.py:190} INFO - [2026-06-29T22:04:08.546+0000] {dag.py:4180} INFO - Setting next_dagrun for example_time_delta_sensor_async to None, run_after=None
[2026-06-29T22:04:08.641+0000] {processor.py:208} INFO - Processing /home/airflow/.local/lib/python3.12/site-packages/airflow/example_dags/example_time_delta_sensor_async.py took 0.423 seconds
[2026-06-29T22:04:39.106+0000] {processor.py:186} INFO - Started process (PID=752) to work on /home/airflow/.local/lib/python3.12/site-packages/airflow/example_dags/example_time_delta_sensor_async.py
[2026-06-29T22:04:39.120+0000] {processor.py:914} INFO - Processing file /home/airflow/.local/lib/python3.12/site-packages/airflow/example_dags/example_time_delta_sensor_async.py for tasks to queue
[2026-06-29T22:04:39.133+0000] {logging_mixin.py:190} INFO - [2026-06-29T22:04:39.132+0000] {dagbag.py:588} INFO - Filling up the DagBag from /home/airflow/.local/lib/python3.12/site-packages/airflow/example_dags/example_time_delta_sensor_async.py
[2026-06-29T22:04:39.168+0000] {processor.py:925} INFO - DAG(s) 'example_time_delta_sensor_async' retrieved from /home/airflow/.local/lib/python3.12/site-packages/airflow/example_dags/example_time_delta_sensor_async.py
[2026-06-29T22:04:39.270+0000] {logging_mixin.py:190} INFO - [2026-06-29T22:04:39.269+0000] {dag.py:3239} INFO - Sync 1 DAGs
[2026-06-29T22:04:39.320+0000] {logging_mixin.py:190} INFO - [2026-06-29T22:04:39.320+0000] {dag.py:4180} INFO - Setting next_dagrun for example_time_delta_sensor_async to None, run_after=None
[2026-06-29T22:04:39.451+0000] {processor.py:208} INFO - Processing /home/airflow/.local/lib/python3.12/site-packages/airflow/example_dags/example_time_delta_sensor_async.py took 0.361 seconds
[2026-06-29T22:05:09.777+0000] {processor.py:186} INFO - Started process (PID=815) to work on /home/airflow/.local/lib/python3.12/site-packages/airflow/example_dags/example_time_delta_sensor_async.py
[2026-06-29T22:05:09.779+0000] {processor.py:914} INFO - Processing file /home/airflow/.local/lib/python3.12/site-packages/airflow/example_dags/example_time_delta_sensor_async.py for tasks to queue
[2026-06-29T22:05:09.782+0000] {logging_mixin.py:190} INFO - [2026-06-29T22:05:09.782+0000] {dagbag.py:588} INFO - Filling up the DagBag from /home/airflow/.local/lib/python3.12/site-packages/airflow/example_dags/example_time_delta_sensor_async.py
[2026-06-29T22:05:09.790+0000] {processor.py:925} INFO - DAG(s) 'example_time_delta_sensor_async' retrieved from /home/airflow/.local/lib/python3.12/site-packages/airflow/example_dags/example_time_delta_sensor_async.py
[2026-06-29T22:05:09.821+0000] {logging_mixin.py:190} INFO - [2026-06-29T22:05:09.821+0000] {dag.py:3239} INFO - Sync 1 DAGs
[2026-06-29T22:05:09.842+0000] {logging_mixin.py:190} INFO - [2026-06-29T22:05:09.841+0000] {dag.py:4180} INFO - Setting next_dagrun for example_time_delta_sensor_async to None, run_after=None
[2026-06-29T22:05:09.871+0000] {processor.py:208} INFO - Processing /home/airflow/.local/lib/python3.12/site-packages/airflow/example_dags/example_time_delta_sensor_async.py took 0.104 seconds
[2026-06-29T22:05:40.753+0000] {processor.py:186} INFO - Started process (PID=880) to work on /home/airflow/.local/lib/python3.12/site-packages/airflow/example_dags/example_time_delta_sensor_async.py
[2026-06-29T22:05:40.755+0000] {processor.py:914} INFO - Processing file /home/airflow/.local/lib/python3.12/site-packages/airflow/example_dags/example_time_delta_sensor_async.py for tasks to queue
[2026-06-29T22:05:40.760+0000] {logging_mixin.py:190} INFO - [2026-06-29T22:05:40.759+0000] {dagbag.py:588} INFO - Filling up the DagBag from /home/airflow/.local/lib/python3.12/site-packages/airflow/example_dags/example_time_delta_sensor_async.py
[2026-06-29T22:05:40.769+0000] {processor.py:925} INFO - DAG(s) 'example_time_delta_sensor_async' retrieved from /home/airflow/.local/lib/python3.12/site-packages/airflow/example_dags/example_time_delta_sensor_async.py
[2026-06-29T22:05:40.795+0000] {logging_mixin.py:190} INFO - [2026-06-29T22:05:40.794+0000] {dag.py:3239} INFO - Sync 1 DAGs
[2026-06-29T22:05:40.810+0000] {logging_mixin.py:190} INFO - [2026-06-29T22:05:40.810+0000] {dag.py:4180} INFO - Setting next_dagrun for example_time_delta_sensor_async to None, run_after=None
[2026-06-29T22:05:40.830+0000] {processor.py:208} INFO - Processing /home/airflow/.local/lib/python3.12/site-packages/airflow/example_dags/example_time_delta_sensor_async.py took 0.083 seconds
[2026-06-29T22:06:11.426+0000] {processor.py:186} INFO - Started process (PID=944) to work on /home/airflow/.local/lib/python3.12/site-packages/airflow/example_dags/example_time_delta_sensor_async.py
[2026-06-29T22:06:11.427+0000] {processor.py:914} INFO - Processing file /home/airflow/.local/lib/python3.12/site-packages/airflow/example_dags/example_time_delta_sensor_async.py for tasks to queue
[2026-06-29T22:06:11.431+0000] {logging_mixin.py:190} INFO - [2026-06-29T22:06:11.430+0000] {dagbag.py:588} INFO - Filling up the DagBag from /home/airflow/.local/lib/python3.12/site-packages/airflow/example_dags/example_time_delta_sensor_async.py
[2026-06-29T22:06:11.444+0000] {processor.py:925} INFO - DAG(s) 'example_time_delta_sensor_async' retrieved from /home/airflow/.local/lib/python3.12/site-packages/airflow/example_dags/example_time_delta_sensor_async.py
[2026-06-29T22:06:11.474+0000] {logging_mixin.py:190} INFO - [2026-06-29T22:06:11.474+0000] {dag.py:3239} INFO - Sync 1 DAGs
[2026-06-29T22:06:11.494+0000] {logging_mixin.py:190} INFO - [2026-06-29T22:06:11.493+0000] {dag.py:4180} INFO - Setting next_dagrun for example_time_delta_sensor_async to None, run_after=None
[2026-06-29T22:06:11.519+0000] {processor.py:208} INFO - Processing /home/airflow/.local/lib/python3.12/site-packages/airflow/example_dags/example_time_delta_sensor_async.py took 0.100 seconds
[2026-06-29T22:08:16.743+0000] {processor.py:186} INFO - Started process (PID=82) to work on /home/airflow/.local/lib/python3.12/site-packages/airflow/example_dags/example_time_delta_sensor_async.py
[2026-06-29T22:08:16.746+0000] {processor.py:914} INFO - Processing file /home/airflow/.local/lib/python3.12/site-packages/airflow/example_dags/example_time_delta_sensor_async.py for tasks to queue
[2026-06-29T22:08:16.755+0000] {logging_mixin.py:190} INFO - [2026-06-29T22:08:16.754+0000] {dagbag.py:588} INFO - Filling up the DagBag from /home/airflow/.local/lib/python3.12/site-packages/airflow/example_dags/example_time_delta_sensor_async.py
[2026-06-29T22:08:16.797+0000] {processor.py:925} INFO - DAG(s) 'example_time_delta_sensor_async' retrieved from /home/airflow/.local/lib/python3.12/site-packages/airflow/example_dags/example_time_delta_sensor_async.py
[2026-06-29T22:08:16.898+0000] {logging_mixin.py:190} INFO - [2026-06-29T22:08:16.897+0000] {dag.py:3239} INFO - Sync 1 DAGs
[2026-06-29T22:08:16.927+0000] {logging_mixin.py:190} INFO - [2026-06-29T22:08:16.926+0000] {dag.py:4180} INFO - Setting next_dagrun for example_time_delta_sensor_async to None, run_after=None
[2026-06-29T22:08:16.981+0000] {processor.py:208} INFO - Processing /home/airflow/.local/lib/python3.12/site-packages/airflow/example_dags/example_time_delta_sensor_async.py took 0.249 seconds
[2026-06-29T22:08:48.705+0000] {processor.py:186} INFO - Started process (PID=146) to work on /home/airflow/.local/lib/python3.12/site-packages/airflow/example_dags/example_time_delta_sensor_async.py
[2026-06-29T22:08:48.722+0000] {processor.py:914} INFO - Processing file /home/airflow/.local/lib/python3.12/site-packages/airflow/example_dags/example_time_delta_sensor_async.py for tasks to queue
[2026-06-29T22:08:48.744+0000] {logging_mixin.py:190} INFO - [2026-06-29T22:08:48.743+0000] {dagbag.py:588} INFO - Filling up the DagBag from /home/airflow/.local/lib/python3.12/site-packages/airflow/example_dags/example_time_delta_sensor_async.py
[2026-06-29T22:08:48.780+0000] {processor.py:925} INFO - DAG(s) 'example_time_delta_sensor_async' retrieved from /home/airflow/.local/lib/python3.12/site-packages/airflow/example_dags/example_time_delta_sensor_async.py
[2026-06-29T22:08:48.877+0000] {logging_mixin.py:190} INFO - [2026-06-29T22:08:48.876+0000] {dag.py:3239} INFO - Sync 1 DAGs
[2026-06-29T22:08:48.927+0000] {logging_mixin.py:190} INFO - [2026-06-29T22:08:48.927+0000] {dag.py:4180} INFO - Setting next_dagrun for example_time_delta_sensor_async to None, run_after=None
[2026-06-29T22:08:48.976+0000] {processor.py:208} INFO - Processing /home/airflow/.local/lib/python3.12/site-packages/airflow/example_dags/example_time_delta_sensor_async.py took 0.288 seconds
[2026-06-29T22:09:19.129+0000] {processor.py:186} INFO - Started process (PID=209) to work on /home/airflow/.local/lib/python3.12/site-packages/airflow/example_dags/example_time_delta_sensor_async.py
[2026-06-29T22:09:19.131+0000] {processor.py:914} INFO - Processing file /home/airflow/.local/lib/python3.12/site-packages/airflow/example_dags/example_time_delta_sensor_async.py for tasks to queue
[2026-06-29T22:09:19.136+0000] {logging_mixin.py:190} INFO - [2026-06-29T22:09:19.135+0000] {dagbag.py:588} INFO - Filling up the DagBag from /home/airflow/.local/lib/python3.12/site-packages/airflow/example_dags/example_time_delta_sensor_async.py
[2026-06-29T22:09:19.146+0000] {processor.py:925} INFO - DAG(s) 'example_time_delta_sensor_async' retrieved from /home/airflow/.local/lib/python3.12/site-packages/airflow/example_dags/example_time_delta_sensor_async.py
[2026-06-29T22:09:19.178+0000] {logging_mixin.py:190} INFO - [2026-06-29T22:09:19.178+0000] {dag.py:3239} INFO - Sync 1 DAGs
[2026-06-29T22:09:19.199+0000] {logging_mixin.py:190} INFO - [2026-06-29T22:09:19.199+0000] {dag.py:4180} INFO - Setting next_dagrun for example_time_delta_sensor_async to None, run_after=None
[2026-06-29T22:09:19.233+0000] {processor.py:208} INFO - Processing /home/airflow/.local/lib/python3.12/site-packages/airflow/example_dags/example_time_delta_sensor_async.py took 0.111 seconds
[2026-06-29T22:09:49.766+0000] {processor.py:186} INFO - Started process (PID=274) to work on /home/airflow/.local/lib/python3.12/site-packages/airflow/example_dags/example_time_delta_sensor_async.py
[2026-06-29T22:09:49.770+0000] {processor.py:914} INFO - Processing file /home/airflow/.local/lib/python3.12/site-packages/airflow/example_dags/example_time_delta_sensor_async.py for tasks to queue
[2026-06-29T22:09:49.775+0000] {logging_mixin.py:190} INFO - [2026-06-29T22:09:49.774+0000] {dagbag.py:588} INFO - Filling up the DagBag from /home/airflow/.local/lib/python3.12/site-packages/airflow/example_dags/example_time_delta_sensor_async.py
[2026-06-29T22:09:49.802+0000] {processor.py:925} INFO - DAG(s) 'example_time_delta_sensor_async' retrieved from /home/airflow/.local/lib/python3.12/site-packages/airflow/example_dags/example_time_delta_sensor_async.py
[2026-06-29T22:09:49.882+0000] {logging_mixin.py:190} INFO - [2026-06-29T22:09:49.881+0000] {dag.py:3239} INFO - Sync 1 DAGs
[2026-06-29T22:09:49.945+0000] {logging_mixin.py:190} INFO - [2026-06-29T22:09:49.945+0000] {dag.py:4180} INFO - Setting next_dagrun for example_time_delta_sensor_async to None, run_after=None
[2026-06-29T22:09:50.025+0000] {processor.py:208} INFO - Processing /home/airflow/.local/lib/python3.12/site-packages/airflow/example_dags/example_time_delta_sensor_async.py took 0.276 seconds
[2026-06-29T22:10:20.680+0000] {processor.py:186} INFO - Started process (PID=339) to work on /home/airflow/.local/lib/python3.12/site-packages/airflow/example_dags/example_time_delta_sensor_async.py
[2026-06-29T22:10:20.681+0000] {processor.py:914} INFO - Processing file /home/airflow/.local/lib/python3.12/site-packages/airflow/example_dags/example_time_delta_sensor_async.py for tasks to queue
[2026-06-29T22:10:20.686+0000] {logging_mixin.py:190} INFO - [2026-06-29T22:10:20.684+0000] {dagbag.py:588} INFO - Filling up the DagBag from /home/airflow/.local/lib/python3.12/site-packages/airflow/example_dags/example_time_delta_sensor_async.py
[2026-06-29T22:10:20.699+0000] {processor.py:925} INFO - DAG(s) 'example_time_delta_sensor_async' retrieved from /home/airflow/.local/lib/python3.12/site-packages/airflow/example_dags/example_time_delta_sensor_async.py
[2026-06-29T22:10:20.740+0000] {logging_mixin.py:190} INFO - [2026-06-29T22:10:20.739+0000] {dag.py:3239} INFO - Sync 1 DAGs
[2026-06-29T22:10:20.759+0000] {logging_mixin.py:190} INFO - [2026-06-29T22:10:20.759+0000] {dag.py:4180} INFO - Setting next_dagrun for example_time_delta_sensor_async to None, run_after=None
[2026-06-29T22:10:20.792+0000] {processor.py:208} INFO - Processing /home/airflow/.local/lib/python3.12/site-packages/airflow/example_dags/example_time_delta_sensor_async.py took 0.120 seconds
[2026-06-29T22:10:51.801+0000] {processor.py:186} INFO - Started process (PID=403) to work on /home/airflow/.local/lib/python3.12/site-packages/airflow/example_dags/example_time_delta_sensor_async.py
[2026-06-29T22:10:51.804+0000] {processor.py:914} INFO - Processing file /home/airflow/.local/lib/python3.12/site-packages/airflow/example_dags/example_time_delta_sensor_async.py for tasks to queue
[2026-06-29T22:10:51.815+0000] {logging_mixin.py:190} INFO - [2026-06-29T22:10:51.814+0000] {dagbag.py:588} INFO - Filling up the DagBag from /home/airflow/.local/lib/python3.12/site-packages/airflow/example_dags/example_time_delta_sensor_async.py
[2026-06-29T22:10:51.839+0000] {processor.py:925} INFO - DAG(s) 'example_time_delta_sensor_async' retrieved from /home/airflow/.local/lib/python3.12/site-packages/airflow/example_dags/example_time_delta_sensor_async.py
[2026-06-29T22:10:51.911+0000] {logging_mixin.py:190} INFO - [2026-06-29T22:10:51.910+0000] {dag.py:3239} INFO - Sync 1 DAGs
[2026-06-29T22:10:51.952+0000] {logging_mixin.py:190} INFO - [2026-06-29T22:10:51.952+0000] {dag.py:4180} INFO - Setting next_dagrun for example_time_delta_sensor_async to None, run_after=None
[2026-06-29T22:10:52.010+0000] {processor.py:208} INFO - Processing /home/airflow/.local/lib/python3.12/site-packages/airflow/example_dags/example_time_delta_sensor_async.py took 0.227 seconds
[2026-06-29T22:11:24.524+0000] {processor.py:186} INFO - Started process (PID=467) to work on /home/airflow/.local/lib/python3.12/site-packages/airflow/example_dags/example_time_delta_sensor_async.py
[2026-06-29T22:11:24.528+0000] {processor.py:914} INFO - Processing file /home/airflow/.local/lib/python3.12/site-packages/airflow/example_dags/example_time_delta_sensor_async.py for tasks to queue
[2026-06-29T22:11:24.536+0000] {logging_mixin.py:190} INFO - [2026-06-29T22:11:24.536+0000] {dagbag.py:588} INFO - Filling up the DagBag from /home/airflow/.local/lib/python3.12/site-packages/airflow/example_dags/example_time_delta_sensor_async.py
[2026-06-29T22:11:24.557+0000] {processor.py:925} INFO - DAG(s) 'example_time_delta_sensor_async' retrieved from /home/airflow/.local/lib/python3.12/site-packages/airflow/example_dags/example_time_delta_sensor_async.py
[2026-06-29T22:11:24.609+0000] {logging_mixin.py:190} INFO - [2026-06-29T22:11:24.608+0000] {dag.py:3239} INFO - Sync 1 DAGs
[2026-06-29T22:11:24.643+0000] {logging_mixin.py:190} INFO - [2026-06-29T22:11:24.642+0000] {dag.py:4180} INFO - Setting next_dagrun for example_time_delta_sensor_async to None, run_after=None
[2026-06-29T22:11:24.687+0000] {processor.py:208} INFO - Processing /home/airflow/.local/lib/python3.12/site-packages/airflow/example_dags/example_time_delta_sensor_async.py took 0.175 seconds
[2026-06-29T22:11:56.412+0000] {processor.py:186} INFO - Started process (PID=531) to work on /home/airflow/.local/lib/python3.12/site-packages/airflow/example_dags/example_time_delta_sensor_async.py
[2026-06-29T22:11:56.414+0000] {processor.py:914} INFO - Processing file /home/airflow/.local/lib/python3.12/site-packages/airflow/example_dags/example_time_delta_sensor_async.py for tasks to queue
[2026-06-29T22:11:56.420+0000] {logging_mixin.py:190} INFO - [2026-06-29T22:11:56.420+0000] {dagbag.py:588} INFO - Filling up the DagBag from /home/airflow/.local/lib/python3.12/site-packages/airflow/example_dags/example_time_delta_sensor_async.py
[2026-06-29T22:11:56.431+0000] {processor.py:925} INFO - DAG(s) 'example_time_delta_sensor_async' retrieved from /home/airflow/.local/lib/python3.12/site-packages/airflow/example_dags/example_time_delta_sensor_async.py
[2026-06-29T22:11:56.468+0000] {logging_mixin.py:190} INFO - [2026-06-29T22:11:56.467+0000] {dag.py:3239} INFO - Sync 1 DAGs
[2026-06-29T22:11:56.494+0000] {logging_mixin.py:190} INFO - [2026-06-29T22:11:56.494+0000] {dag.py:4180} INFO - Setting next_dagrun for example_time_delta_sensor_async to None, run_after=None
[2026-06-29T22:11:56.531+0000] {processor.py:208} INFO - Processing /home/airflow/.local/lib/python3.12/site-packages/airflow/example_dags/example_time_delta_sensor_async.py took 0.127 seconds
[2026-06-29T22:12:29.362+0000] {processor.py:186} INFO - Started process (PID=593) to work on /home/airflow/.local/lib/python3.12/site-packages/airflow/example_dags/example_time_delta_sensor_async.py
[2026-06-29T22:12:29.368+0000] {processor.py:914} INFO - Processing file /home/airflow/.local/lib/python3.12/site-packages/airflow/example_dags/example_time_delta_sensor_async.py for tasks to queue
[2026-06-29T22:12:29.380+0000] {logging_mixin.py:190} INFO - [2026-06-29T22:12:29.377+0000] {dagbag.py:588} INFO - Filling up the DagBag from /home/airflow/.local/lib/python3.12/site-packages/airflow/example_dags/example_time_delta_sensor_async.py
[2026-06-29T22:12:29.421+0000] {processor.py:925} INFO - DAG(s) 'example_time_delta_sensor_async' retrieved from /home/airflow/.local/lib/python3.12/site-packages/airflow/example_dags/example_time_delta_sensor_async.py
[2026-06-29T22:12:29.502+0000] {logging_mixin.py:190} INFO - [2026-06-29T22:12:29.501+0000] {dag.py:3239} INFO - Sync 1 DAGs
[2026-06-29T22:12:29.533+0000] {logging_mixin.py:190} INFO - [2026-06-29T22:12:29.532+0000] {dag.py:4180} INFO - Setting next_dagrun for example_time_delta_sensor_async to None, run_after=None
[2026-06-29T22:12:29.657+0000] {processor.py:208} INFO - Processing /home/airflow/.local/lib/python3.12/site-packages/airflow/example_dags/example_time_delta_sensor_async.py took 0.306 seconds
[2026-06-29T22:13:00.638+0000] {processor.py:186} INFO - Started process (PID=657) to work on /home/airflow/.local/lib/python3.12/site-packages/airflow/example_dags/example_time_delta_sensor_async.py
[2026-06-29T22:13:00.640+0000] {processor.py:914} INFO - Processing file /home/airflow/.local/lib/python3.12/site-packages/airflow/example_dags/example_time_delta_sensor_async.py for tasks to queue
[2026-06-29T22:13:00.644+0000] {logging_mixin.py:190} INFO - [2026-06-29T22:13:00.643+0000] {dagbag.py:588} INFO - Filling up the DagBag from /home/airflow/.local/lib/python3.12/site-packages/airflow/example_dags/example_time_delta_sensor_async.py
[2026-06-29T22:13:00.654+0000] {processor.py:925} INFO - DAG(s) 'example_time_delta_sensor_async' retrieved from /home/airflow/.local/lib/python3.12/site-packages/airflow/example_dags/example_time_delta_sensor_async.py
[2026-06-29T22:13:00.679+0000] {logging_mixin.py:190} INFO - [2026-06-29T22:13:00.679+0000] {dag.py:3239} INFO - Sync 1 DAGs
[2026-06-29T22:13:00.697+0000] {logging_mixin.py:190} INFO - [2026-06-29T22:13:00.697+0000] {dag.py:4180} INFO - Setting next_dagrun for example_time_delta_sensor_async to None, run_after=None
[2026-06-29T22:13:00.730+0000] {processor.py:208} INFO - Processing /home/airflow/.local/lib/python3.12/site-packages/airflow/example_dags/example_time_delta_sensor_async.py took 0.102 seconds
[2026-06-29T22:13:31.027+0000] {processor.py:186} INFO - Started process (PID=717) to work on /home/airflow/.local/lib/python3.12/site-packages/airflow/example_dags/example_time_delta_sensor_async.py
[2026-06-29T22:13:31.030+0000] {processor.py:914} INFO - Processing file /home/airflow/.local/lib/python3.12/site-packages/airflow/example_dags/example_time_delta_sensor_async.py for tasks to queue
[2026-06-29T22:13:31.040+0000] {logging_mixin.py:190} INFO - [2026-06-29T22:13:31.039+0000] {dagbag.py:588} INFO - Filling up the DagBag from /home/airflow/.local/lib/python3.12/site-packages/airflow/example_dags/example_time_delta_sensor_async.py
[2026-06-29T22:13:31.062+0000] {processor.py:925} INFO - DAG(s) 'example_time_delta_sensor_async' retrieved from /home/airflow/.local/lib/python3.12/site-packages/airflow/example_dags/example_time_delta_sensor_async.py
[2026-06-29T22:13:31.115+0000] {logging_mixin.py:190} INFO - [2026-06-29T22:13:31.114+0000] {dag.py:3239} INFO - Sync 1 DAGs
[2026-06-29T22:13:31.153+0000] {logging_mixin.py:190} INFO - [2026-06-29T22:13:31.153+0000] {dag.py:4180} INFO - Setting next_dagrun for example_time_delta_sensor_async to None, run_after=None
[2026-06-29T22:13:31.222+0000] {processor.py:208} INFO - Processing /home/airflow/.local/lib/python3.12/site-packages/airflow/example_dags/example_time_delta_sensor_async.py took 0.212 seconds
[2026-06-29T22:14:01.515+0000] {processor.py:186} INFO - Started process (PID=782) to work on /home/airflow/.local/lib/python3.12/site-packages/airflow/example_dags/example_time_delta_sensor_async.py
[2026-06-29T22:14:01.516+0000] {processor.py:914} INFO - Processing file /home/airflow/.local/lib/python3.12/site-packages/airflow/example_dags/example_time_delta_sensor_async.py for tasks to queue
[2026-06-29T22:14:01.519+0000] {logging_mixin.py:190} INFO - [2026-06-29T22:14:01.519+0000] {dagbag.py:588} INFO - Filling up the DagBag from /home/airflow/.local/lib/python3.12/site-packages/airflow/example_dags/example_time_delta_sensor_async.py
[2026-06-29T22:14:01.527+0000] {processor.py:925} INFO - DAG(s) 'example_time_delta_sensor_async' retrieved from /home/airflow/.local/lib/python3.12/site-packages/airflow/example_dags/example_time_delta_sensor_async.py
[2026-06-29T22:14:01.552+0000] {logging_mixin.py:190} INFO - [2026-06-29T22:14:01.552+0000] {dag.py:3239} INFO - Sync 1 DAGs
[2026-06-29T22:14:01.569+0000] {logging_mixin.py:190} INFO - [2026-06-29T22:14:01.568+0000] {dag.py:4180} INFO - Setting next_dagrun for example_time_delta_sensor_async to None, run_after=None
[2026-06-29T22:14:01.593+0000] {processor.py:208} INFO - Processing /home/airflow/.local/lib/python3.12/site-packages/airflow/example_dags/example_time_delta_sensor_async.py took 0.086 seconds
[2026-06-29T22:14:31.717+0000] {processor.py:186} INFO - Started process (PID=846) to work on /home/airflow/.local/lib/python3.12/site-packages/airflow/example_dags/example_time_delta_sensor_async.py
[2026-06-29T22:14:31.718+0000] {processor.py:914} INFO - Processing file /home/airflow/.local/lib/python3.12/site-packages/airflow/example_dags/example_time_delta_sensor_async.py for tasks to queue
[2026-06-29T22:14:31.721+0000] {logging_mixin.py:190} INFO - [2026-06-29T22:14:31.721+0000] {dagbag.py:588} INFO - Filling up the DagBag from /home/airflow/.local/lib/python3.12/site-packages/airflow/example_dags/example_time_delta_sensor_async.py
[2026-06-29T22:14:31.731+0000] {processor.py:925} INFO - DAG(s) 'example_time_delta_sensor_async' retrieved from /home/airflow/.local/lib/python3.12/site-packages/airflow/example_dags/example_time_delta_sensor_async.py
[2026-06-29T22:14:31.758+0000] {logging_mixin.py:190} INFO - [2026-06-29T22:14:31.758+0000] {dag.py:3239} INFO - Sync 1 DAGs
[2026-06-29T22:14:31.778+0000] {logging_mixin.py:190} INFO - [2026-06-29T22:14:31.777+0000] {dag.py:4180} INFO - Setting next_dagrun for example_time_delta_sensor_async to None, run_after=None
[2026-06-29T22:14:31.802+0000] {processor.py:208} INFO - Processing /home/airflow/.local/lib/python3.12/site-packages/airflow/example_dags/example_time_delta_sensor_async.py took 0.094 seconds
[2026-06-29T22:15:02.527+0000] {processor.py:186} INFO - Started process (PID=910) to work on /home/airflow/.local/lib/python3.12/site-packages/airflow/example_dags/example_time_delta_sensor_async.py
[2026-06-29T22:15:02.529+0000] {processor.py:914} INFO - Processing file /home/airflow/.local/lib/python3.12/site-packages/airflow/example_dags/example_time_delta_sensor_async.py for tasks to queue
[2026-06-29T22:15:02.533+0000] {logging_mixin.py:190} INFO - [2026-06-29T22:15:02.532+0000] {dagbag.py:588} INFO - Filling up the DagBag from /home/airflow/.local/lib/python3.12/site-packages/airflow/example_dags/example_time_delta_sensor_async.py
[2026-06-29T22:15:02.550+0000] {processor.py:925} INFO - DAG(s) 'example_time_delta_sensor_async' retrieved from /home/airflow/.local/lib/python3.12/site-packages/airflow/example_dags/example_time_delta_sensor_async.py
[2026-06-29T22:15:02.580+0000] {logging_mixin.py:190} INFO - [2026-06-29T22:15:02.580+0000] {dag.py:3239} INFO - Sync 1 DAGs
[2026-06-29T22:15:02.600+0000] {logging_mixin.py:190} INFO - [2026-06-29T22:15:02.600+0000] {dag.py:4180} INFO - Setting next_dagrun for example_time_delta_sensor_async to None, run_after=None
[2026-06-29T22:15:02.622+0000] {processor.py:208} INFO - Processing /home/airflow/.local/lib/python3.12/site-packages/airflow/example_dags/example_time_delta_sensor_async.py took 0.105 seconds
[2026-06-29T22:15:32.795+0000] {processor.py:186} INFO - Started process (PID=974) to work on /home/airflow/.local/lib/python3.12/site-packages/airflow/example_dags/example_time_delta_sensor_async.py
[2026-06-29T22:15:32.798+0000] {processor.py:914} INFO - Processing file /home/airflow/.local/lib/python3.12/site-packages/airflow/example_dags/example_time_delta_sensor_async.py for tasks to queue
[2026-06-29T22:15:32.806+0000] {logging_mixin.py:190} INFO - [2026-06-29T22:15:32.805+0000] {dagbag.py:588} INFO - Filling up the DagBag from /home/airflow/.local/lib/python3.12/site-packages/airflow/example_dags/example_time_delta_sensor_async.py
[2026-06-29T22:15:32.824+0000] {processor.py:925} INFO - DAG(s) 'example_time_delta_sensor_async' retrieved from /home/airflow/.local/lib/python3.12/site-packages/airflow/example_dags/example_time_delta_sensor_async.py
[2026-06-29T22:15:32.876+0000] {logging_mixin.py:190} INFO - [2026-06-29T22:15:32.872+0000] {dag.py:3239} INFO - Sync 1 DAGs
[2026-06-29T22:15:32.910+0000] {logging_mixin.py:190} INFO - [2026-06-29T22:15:32.908+0000] {dag.py:4180} INFO - Setting next_dagrun for example_time_delta_sensor_async to None, run_after=None
[2026-06-29T22:15:32.960+0000] {processor.py:208} INFO - Processing /home/airflow/.local/lib/python3.12/site-packages/airflow/example_dags/example_time_delta_sensor_async.py took 0.180 seconds
[2026-06-29T22:16:03.099+0000] {processor.py:186} INFO - Started process (PID=1038) to work on /home/airflow/.local/lib/python3.12/site-packages/airflow/example_dags/example_time_delta_sensor_async.py
[2026-06-29T22:16:03.101+0000] {processor.py:914} INFO - Processing file /home/airflow/.local/lib/python3.12/site-packages/airflow/example_dags/example_time_delta_sensor_async.py for tasks to queue
[2026-06-29T22:16:03.106+0000] {logging_mixin.py:190} INFO - [2026-06-29T22:16:03.105+0000] {dagbag.py:588} INFO - Filling up the DagBag from /home/airflow/.local/lib/python3.12/site-packages/airflow/example_dags/example_time_delta_sensor_async.py
[2026-06-29T22:16:03.116+0000] {processor.py:925} INFO - DAG(s) 'example_time_delta_sensor_async' retrieved from /home/airflow/.local/lib/python3.12/site-packages/airflow/example_dags/example_time_delta_sensor_async.py
[2026-06-29T22:16:03.146+0000] {logging_mixin.py:190} INFO - [2026-06-29T22:16:03.146+0000] {dag.py:3239} INFO - Sync 1 DAGs
[2026-06-29T22:16:03.164+0000] {logging_mixin.py:190} INFO - [2026-06-29T22:16:03.164+0000] {dag.py:4180} INFO - Setting next_dagrun for example_time_delta_sensor_async to None, run_after=None
[2026-06-29T22:16:03.186+0000] {processor.py:208} INFO - Processing /home/airflow/.local/lib/python3.12/site-packages/airflow/example_dags/example_time_delta_sensor_async.py took 0.094 seconds
[2026-06-29T22:16:33.758+0000] {processor.py:186} INFO - Started process (PID=1102) to work on /home/airflow/.local/lib/python3.12/site-packages/airflow/example_dags/example_time_delta_sensor_async.py
[2026-06-29T22:16:33.768+0000] {processor.py:914} INFO - Processing file /home/airflow/.local/lib/python3.12/site-packages/airflow/example_dags/example_time_delta_sensor_async.py for tasks to queue
[2026-06-29T22:16:33.782+0000] {logging_mixin.py:190} INFO - [2026-06-29T22:16:33.781+0000] {dagbag.py:588} INFO - Filling up the DagBag from /home/airflow/.local/lib/python3.12/site-packages/airflow/example_dags/example_time_delta_sensor_async.py
[2026-06-29T22:16:33.800+0000] {processor.py:925} INFO - DAG(s) 'example_time_delta_sensor_async' retrieved from /home/airflow/.local/lib/python3.12/site-packages/airflow/example_dags/example_time_delta_sensor_async.py
[2026-06-29T22:16:33.919+0000] {logging_mixin.py:190} INFO - [2026-06-29T22:16:33.918+0000] {dag.py:3239} INFO - Sync 1 DAGs
[2026-06-29T22:16:33.988+0000] {logging_mixin.py:190} INFO - [2026-06-29T22:16:33.988+0000] {dag.py:4180} INFO - Setting next_dagrun for example_time_delta_sensor_async to None, run_after=None
[2026-06-29T22:16:34.072+0000] {processor.py:208} INFO - Processing /home/airflow/.local/lib/python3.12/site-packages/airflow/example_dags/example_time_delta_sensor_async.py took 0.335 seconds
[2026-06-29T22:17:04.540+0000] {processor.py:186} INFO - Started process (PID=1166) to work on /home/airflow/.local/lib/python3.12/site-packages/airflow/example_dags/example_time_delta_sensor_async.py
[2026-06-29T22:17:04.542+0000] {processor.py:914} INFO - Processing file /home/airflow/.local/lib/python3.12/site-packages/airflow/example_dags/example_time_delta_sensor_async.py for tasks to queue
[2026-06-29T22:17:04.546+0000] {logging_mixin.py:190} INFO - [2026-06-29T22:17:04.546+0000] {dagbag.py:588} INFO - Filling up the DagBag from /home/airflow/.local/lib/python3.12/site-packages/airflow/example_dags/example_time_delta_sensor_async.py
[2026-06-29T22:17:04.554+0000] {processor.py:925} INFO - DAG(s) 'example_time_delta_sensor_async' retrieved from /home/airflow/.local/lib/python3.12/site-packages/airflow/example_dags/example_time_delta_sensor_async.py
[2026-06-29T22:17:04.573+0000] {logging_mixin.py:190} INFO - [2026-06-29T22:17:04.572+0000] {dag.py:3239} INFO - Sync 1 DAGs
[2026-06-29T22:17:04.584+0000] {logging_mixin.py:190} INFO - [2026-06-29T22:17:04.584+0000] {dag.py:4180} INFO - Setting next_dagrun for example_time_delta_sensor_async to None, run_after=None
[2026-06-29T22:17:04.603+0000] {processor.py:208} INFO - Processing /home/airflow/.local/lib/python3.12/site-packages/airflow/example_dags/example_time_delta_sensor_async.py took 0.069 seconds
[2026-06-29T22:17:36.080+0000] {processor.py:186} INFO - Started process (PID=1226) to work on /home/airflow/.local/lib/python3.12/site-packages/airflow/example_dags/example_time_delta_sensor_async.py
[2026-06-29T22:17:36.081+0000] {processor.py:914} INFO - Processing file /home/airflow/.local/lib/python3.12/site-packages/airflow/example_dags/example_time_delta_sensor_async.py for tasks to queue
[2026-06-29T22:17:36.086+0000] {logging_mixin.py:190} INFO - [2026-06-29T22:17:36.085+0000] {dagbag.py:588} INFO - Filling up the DagBag from /home/airflow/.local/lib/python3.12/site-packages/airflow/example_dags/example_time_delta_sensor_async.py
[2026-06-29T22:17:36.099+0000] {processor.py:925} INFO - DAG(s) 'example_time_delta_sensor_async' retrieved from /home/airflow/.local/lib/python3.12/site-packages/airflow/example_dags/example_time_delta_sensor_async.py
[2026-06-29T22:17:36.136+0000] {logging_mixin.py:190} INFO - [2026-06-29T22:17:36.134+0000] {dag.py:3239} INFO - Sync 1 DAGs
[2026-06-29T22:17:36.160+0000] {logging_mixin.py:190} INFO - [2026-06-29T22:17:36.160+0000] {dag.py:4180} INFO - Setting next_dagrun for example_time_delta_sensor_async to None, run_after=None
[2026-06-29T22:17:36.197+0000] {processor.py:208} INFO - Processing /home/airflow/.local/lib/python3.12/site-packages/airflow/example_dags/example_time_delta_sensor_async.py took 0.126 seconds
[2026-06-29T22:18:06.605+0000] {processor.py:186} INFO - Started process (PID=1290) to work on /home/airflow/.local/lib/python3.12/site-packages/airflow/example_dags/example_time_delta_sensor_async.py
[2026-06-29T22:18:06.607+0000] {processor.py:914} INFO - Processing file /home/airflow/.local/lib/python3.12/site-packages/airflow/example_dags/example_time_delta_sensor_async.py for tasks to queue
[2026-06-29T22:18:06.610+0000] {logging_mixin.py:190} INFO - [2026-06-29T22:18:06.610+0000] {dagbag.py:588} INFO - Filling up the DagBag from /home/airflow/.local/lib/python3.12/site-packages/airflow/example_dags/example_time_delta_sensor_async.py
[2026-06-29T22:18:06.619+0000] {processor.py:925} INFO - DAG(s) 'example_time_delta_sensor_async' retrieved from /home/airflow/.local/lib/python3.12/site-packages/airflow/example_dags/example_time_delta_sensor_async.py
[2026-06-29T22:18:06.642+0000] {logging_mixin.py:190} INFO - [2026-06-29T22:18:06.642+0000] {dag.py:3239} INFO - Sync 1 DAGs
[2026-06-29T22:18:06.659+0000] {logging_mixin.py:190} INFO - [2026-06-29T22:18:06.659+0000] {dag.py:4180} INFO - Setting next_dagrun for example_time_delta_sensor_async to None, run_after=None
[2026-06-29T22:18:06.682+0000] {processor.py:208} INFO - Processing /home/airflow/.local/lib/python3.12/site-packages/airflow/example_dags/example_time_delta_sensor_async.py took 0.084 seconds
[2026-06-29T22:18:38.583+0000] {processor.py:186} INFO - Started process (PID=1351) to work on /home/airflow/.local/lib/python3.12/site-packages/airflow/example_dags/example_time_delta_sensor_async.py
[2026-06-29T22:18:38.587+0000] {processor.py:914} INFO - Processing file /home/airflow/.local/lib/python3.12/site-packages/airflow/example_dags/example_time_delta_sensor_async.py for tasks to queue
[2026-06-29T22:18:38.592+0000] {logging_mixin.py:190} INFO - [2026-06-29T22:18:38.592+0000] {dagbag.py:588} INFO - Filling up the DagBag from /home/airflow/.local/lib/python3.12/site-packages/airflow/example_dags/example_time_delta_sensor_async.py
[2026-06-29T22:18:38.609+0000] {processor.py:925} INFO - DAG(s) 'example_time_delta_sensor_async' retrieved from /home/airflow/.local/lib/python3.12/site-packages/airflow/example_dags/example_time_delta_sensor_async.py
[2026-06-29T22:18:38.664+0000] {logging_mixin.py:190} INFO - [2026-06-29T22:18:38.663+0000] {dag.py:3239} INFO - Sync 1 DAGs
[2026-06-29T22:18:38.688+0000] {logging_mixin.py:190} INFO - [2026-06-29T22:18:38.687+0000] {dag.py:4180} INFO - Setting next_dagrun for example_time_delta_sensor_async to None, run_after=None
[2026-06-29T22:18:38.737+0000] {processor.py:208} INFO - Processing /home/airflow/.local/lib/python3.12/site-packages/airflow/example_dags/example_time_delta_sensor_async.py took 0.168 seconds
[2026-06-29T22:19:08.945+0000] {processor.py:186} INFO - Started process (PID=1411) to work on /home/airflow/.local/lib/python3.12/site-packages/airflow/example_dags/example_time_delta_sensor_async.py
[2026-06-29T22:19:08.947+0000] {processor.py:914} INFO - Processing file /home/airflow/.local/lib/python3.12/site-packages/airflow/example_dags/example_time_delta_sensor_async.py for tasks to queue
[2026-06-29T22:19:08.952+0000] {logging_mixin.py:190} INFO - [2026-06-29T22:19:08.951+0000] {dagbag.py:588} INFO - Filling up the DagBag from /home/airflow/.local/lib/python3.12/site-packages/airflow/example_dags/example_time_delta_sensor_async.py
[2026-06-29T22:19:08.961+0000] {processor.py:925} INFO - DAG(s) 'example_time_delta_sensor_async' retrieved from /home/airflow/.local/lib/python3.12/site-packages/airflow/example_dags/example_time_delta_sensor_async.py
[2026-06-29T22:19:08.996+0000] {logging_mixin.py:190} INFO - [2026-06-29T22:19:08.996+0000] {dag.py:3239} INFO - Sync 1 DAGs
[2026-06-29T22:19:09.023+0000] {logging_mixin.py:190} INFO - [2026-06-29T22:19:09.023+0000] {dag.py:4180} INFO - Setting next_dagrun for example_time_delta_sensor_async to None, run_after=None
[2026-06-29T22:19:09.052+0000] {processor.py:208} INFO - Processing /home/airflow/.local/lib/python3.12/site-packages/airflow/example_dags/example_time_delta_sensor_async.py took 0.115 seconds
[2026-06-29T22:19:39.535+0000] {processor.py:186} INFO - Started process (PID=1473) to work on /home/airflow/.local/lib/python3.12/site-packages/airflow/example_dags/example_time_delta_sensor_async.py
[2026-06-29T22:19:39.538+0000] {processor.py:914} INFO - Processing file /home/airflow/.local/lib/python3.12/site-packages/airflow/example_dags/example_time_delta_sensor_async.py for tasks to queue
[2026-06-29T22:19:39.544+0000] {logging_mixin.py:190} INFO - [2026-06-29T22:19:39.543+0000] {dagbag.py:588} INFO - Filling up the DagBag from /home/airflow/.local/lib/python3.12/site-packages/airflow/example_dags/example_time_delta_sensor_async.py
[2026-06-29T22:19:39.562+0000] {processor.py:925} INFO - DAG(s) 'example_time_delta_sensor_async' retrieved from /home/airflow/.local/lib/python3.12/site-packages/airflow/example_dags/example_time_delta_sensor_async.py
[2026-06-29T22:19:39.620+0000] {logging_mixin.py:190} INFO - [2026-06-29T22:19:39.620+0000] {dag.py:3239} INFO - Sync 1 DAGs
[2026-06-29T22:19:39.657+0000] {logging_mixin.py:190} INFO - [2026-06-29T22:19:39.656+0000] {dag.py:4180} INFO - Setting next_dagrun for example_time_delta_sensor_async to None, run_after=None
[2026-06-29T22:19:39.709+0000] {processor.py:208} INFO - Processing /home/airflow/.local/lib/python3.12/site-packages/airflow/example_dags/example_time_delta_sensor_async.py took 0.191 seconds
[2026-06-29T22:20:12.383+0000] {processor.py:186} INFO - Started process (PID=1537) to work on /home/airflow/.local/lib/python3.12/site-packages/airflow/example_dags/example_time_delta_sensor_async.py
[2026-06-29T22:20:12.386+0000] {processor.py:914} INFO - Processing file /home/airflow/.local/lib/python3.12/site-packages/airflow/example_dags/example_time_delta_sensor_async.py for tasks to queue
[2026-06-29T22:20:12.392+0000] {logging_mixin.py:190} INFO - [2026-06-29T22:20:12.391+0000] {dagbag.py:588} INFO - Filling up the DagBag from /home/airflow/.local/lib/python3.12/site-packages/airflow/example_dags/example_time_delta_sensor_async.py
[2026-06-29T22:20:12.405+0000] {processor.py:925} INFO - DAG(s) 'example_time_delta_sensor_async' retrieved from /home/airflow/.local/lib/python3.12/site-packages/airflow/example_dags/example_time_delta_sensor_async.py
[2026-06-29T22:20:12.463+0000] {logging_mixin.py:190} INFO - [2026-06-29T22:20:12.462+0000] {dag.py:3239} INFO - Sync 1 DAGs
[2026-06-29T22:20:12.505+0000] {logging_mixin.py:190} INFO - [2026-06-29T22:20:12.504+0000] {dag.py:4180} INFO - Setting next_dagrun for example_time_delta_sensor_async to None, run_after=None
[2026-06-29T22:20:12.605+0000] {processor.py:208} INFO - Processing /home/airflow/.local/lib/python3.12/site-packages/airflow/example_dags/example_time_delta_sensor_async.py took 0.232 seconds
[2026-06-29T22:20:43.943+0000] {processor.py:186} INFO - Started process (PID=1597) to work on /home/airflow/.local/lib/python3.12/site-packages/airflow/example_dags/example_time_delta_sensor_async.py
[2026-06-29T22:20:43.949+0000] {processor.py:914} INFO - Processing file /home/airflow/.local/lib/python3.12/site-packages/airflow/example_dags/example_time_delta_sensor_async.py for tasks to queue
[2026-06-29T22:20:43.959+0000] {logging_mixin.py:190} INFO - [2026-06-29T22:20:43.958+0000] {dagbag.py:588} INFO - Filling up the DagBag from /home/airflow/.local/lib/python3.12/site-packages/airflow/example_dags/example_time_delta_sensor_async.py
[2026-06-29T22:20:43.984+0000] {processor.py:925} INFO - DAG(s) 'example_time_delta_sensor_async' retrieved from /home/airflow/.local/lib/python3.12/site-packages/airflow/example_dags/example_time_delta_sensor_async.py
[2026-06-29T22:20:44.051+0000] {logging_mixin.py:190} INFO - [2026-06-29T22:20:44.050+0000] {dag.py:3239} INFO - Sync 1 DAGs
[2026-06-29T22:20:44.104+0000] {logging_mixin.py:190} INFO - [2026-06-29T22:20:44.103+0000] {dag.py:4180} INFO - Setting next_dagrun for example_time_delta_sensor_async to None, run_after=None
[2026-06-29T22:20:44.179+0000] {processor.py:208} INFO - Processing /home/airflow/.local/lib/python3.12/site-packages/airflow/example_dags/example_time_delta_sensor_async.py took 0.249 seconds
[2026-06-29T22:21:15.085+0000] {processor.py:186} INFO - Started process (PID=1661) to work on /home/airflow/.local/lib/python3.12/site-packages/airflow/example_dags/example_time_delta_sensor_async.py
[2026-06-29T22:21:15.087+0000] {processor.py:914} INFO - Processing file /home/airflow/.local/lib/python3.12/site-packages/airflow/example_dags/example_time_delta_sensor_async.py for tasks to queue
[2026-06-29T22:21:15.094+0000] {logging_mixin.py:190} INFO - [2026-06-29T22:21:15.093+0000] {dagbag.py:588} INFO - Filling up the DagBag from /home/airflow/.local/lib/python3.12/site-packages/airflow/example_dags/example_time_delta_sensor_async.py
[2026-06-29T22:21:15.114+0000] {processor.py:925} INFO - DAG(s) 'example_time_delta_sensor_async' retrieved from /home/airflow/.local/lib/python3.12/site-packages/airflow/example_dags/example_time_delta_sensor_async.py
[2026-06-29T22:21:15.170+0000] {logging_mixin.py:190} INFO - [2026-06-29T22:21:15.169+0000] {dag.py:3239} INFO - Sync 1 DAGs
[2026-06-29T22:21:15.198+0000] {logging_mixin.py:190} INFO - [2026-06-29T22:21:15.198+0000] {dag.py:4180} INFO - Setting next_dagrun for example_time_delta_sensor_async to None, run_after=None
[2026-06-29T22:21:15.251+0000] {processor.py:208} INFO - Processing /home/airflow/.local/lib/python3.12/site-packages/airflow/example_dags/example_time_delta_sensor_async.py took 0.175 seconds
[2026-06-29T22:21:45.435+0000] {processor.py:186} INFO - Started process (PID=1724) to work on /home/airflow/.local/lib/python3.12/site-packages/airflow/example_dags/example_time_delta_sensor_async.py
[2026-06-29T22:21:45.438+0000] {processor.py:914} INFO - Processing file /home/airflow/.local/lib/python3.12/site-packages/airflow/example_dags/example_time_delta_sensor_async.py for tasks to queue
[2026-06-29T22:21:45.443+0000] {logging_mixin.py:190} INFO - [2026-06-29T22:21:45.443+0000] {dagbag.py:588} INFO - Filling up the DagBag from /home/airflow/.local/lib/python3.12/site-packages/airflow/example_dags/example_time_delta_sensor_async.py
[2026-06-29T22:21:45.454+0000] {processor.py:925} INFO - DAG(s) 'example_time_delta_sensor_async' retrieved from /home/airflow/.local/lib/python3.12/site-packages/airflow/example_dags/example_time_delta_sensor_async.py
[2026-06-29T22:21:45.490+0000] {logging_mixin.py:190} INFO - [2026-06-29T22:21:45.489+0000] {dag.py:3239} INFO - Sync 1 DAGs
[2026-06-29T22:21:45.515+0000] {logging_mixin.py:190} INFO - [2026-06-29T22:21:45.515+0000] {dag.py:4180} INFO - Setting next_dagrun for example_time_delta_sensor_async to None, run_after=None
[2026-06-29T22:21:45.559+0000] {processor.py:208} INFO - Processing /home/airflow/.local/lib/python3.12/site-packages/airflow/example_dags/example_time_delta_sensor_async.py took 0.135 seconds
[2026-06-29T22:22:15.918+0000] {processor.py:186} INFO - Started process (PID=1786) to work on /home/airflow/.local/lib/python3.12/site-packages/airflow/example_dags/example_time_delta_sensor_async.py
[2026-06-29T22:22:15.920+0000] {processor.py:914} INFO - Processing file /home/airflow/.local/lib/python3.12/site-packages/airflow/example_dags/example_time_delta_sensor_async.py for tasks to queue
[2026-06-29T22:22:15.923+0000] {logging_mixin.py:190} INFO - [2026-06-29T22:22:15.923+0000] {dagbag.py:588} INFO - Filling up the DagBag from /home/airflow/.local/lib/python3.12/site-packages/airflow/example_dags/example_time_delta_sensor_async.py
[2026-06-29T22:22:15.932+0000] {processor.py:925} INFO - DAG(s) 'example_time_delta_sensor_async' retrieved from /home/airflow/.local/lib/python3.12/site-packages/airflow/example_dags/example_time_delta_sensor_async.py
[2026-06-29T22:22:15.954+0000] {logging_mixin.py:190} INFO - [2026-06-29T22:22:15.954+0000] {dag.py:3239} INFO - Sync 1 DAGs
[2026-06-29T22:22:15.968+0000] {logging_mixin.py:190} INFO - [2026-06-29T22:22:15.968+0000] {dag.py:4180} INFO - Setting next_dagrun for example_time_delta_sensor_async to None, run_after=None
[2026-06-29T22:22:15.988+0000] {processor.py:208} INFO - Processing /home/airflow/.local/lib/python3.12/site-packages/airflow/example_dags/example_time_delta_sensor_async.py took 0.077 seconds
[2026-06-29T22:22:46.315+0000] {processor.py:186} INFO - Started process (PID=1851) to work on /home/airflow/.local/lib/python3.12/site-packages/airflow/example_dags/example_time_delta_sensor_async.py
[2026-06-29T22:22:46.317+0000] {processor.py:914} INFO - Processing file /home/airflow/.local/lib/python3.12/site-packages/airflow/example_dags/example_time_delta_sensor_async.py for tasks to queue
[2026-06-29T22:22:46.320+0000] {logging_mixin.py:190} INFO - [2026-06-29T22:22:46.320+0000] {dagbag.py:588} INFO - Filling up the DagBag from /home/airflow/.local/lib/python3.12/site-packages/airflow/example_dags/example_time_delta_sensor_async.py
[2026-06-29T22:22:46.329+0000] {processor.py:925} INFO - DAG(s) 'example_time_delta_sensor_async' retrieved from /home/airflow/.local/lib/python3.12/site-packages/airflow/example_dags/example_time_delta_sensor_async.py
[2026-06-29T22:22:46.353+0000] {logging_mixin.py:190} INFO - [2026-06-29T22:22:46.353+0000] {dag.py:3239} INFO - Sync 1 DAGs
[2026-06-29T22:22:46.369+0000] {logging_mixin.py:190} INFO - [2026-06-29T22:22:46.368+0000] {dag.py:4180} INFO - Setting next_dagrun for example_time_delta_sensor_async to None, run_after=None
[2026-06-29T22:22:46.391+0000] {processor.py:208} INFO - Processing /home/airflow/.local/lib/python3.12/site-packages/airflow/example_dags/example_time_delta_sensor_async.py took 0.082 seconds
[2026-06-29T22:23:17.332+0000] {processor.py:186} INFO - Started process (PID=1914) to work on /home/airflow/.local/lib/python3.12/site-packages/airflow/example_dags/example_time_delta_sensor_async.py
[2026-06-29T22:23:17.334+0000] {processor.py:914} INFO - Processing file /home/airflow/.local/lib/python3.12/site-packages/airflow/example_dags/example_time_delta_sensor_async.py for tasks to queue
[2026-06-29T22:23:17.337+0000] {logging_mixin.py:190} INFO - [2026-06-29T22:23:17.337+0000] {dagbag.py:588} INFO - Filling up the DagBag from /home/airflow/.local/lib/python3.12/site-packages/airflow/example_dags/example_time_delta_sensor_async.py
[2026-06-29T22:23:17.347+0000] {processor.py:925} INFO - DAG(s) 'example_time_delta_sensor_async' retrieved from /home/airflow/.local/lib/python3.12/site-packages/airflow/example_dags/example_time_delta_sensor_async.py
[2026-06-29T22:23:17.372+0000] {logging_mixin.py:190} INFO - [2026-06-29T22:23:17.372+0000] {dag.py:3239} INFO - Sync 1 DAGs
[2026-06-29T22:23:17.389+0000] {logging_mixin.py:190} INFO - [2026-06-29T22:23:17.389+0000] {dag.py:4180} INFO - Setting next_dagrun for example_time_delta_sensor_async to None, run_after=None
[2026-06-29T22:23:17.423+0000] {processor.py:208} INFO - Processing /home/airflow/.local/lib/python3.12/site-packages/airflow/example_dags/example_time_delta_sensor_async.py took 0.098 seconds
[2026-06-29T22:23:47.673+0000] {processor.py:186} INFO - Started process (PID=1978) to work on /home/airflow/.local/lib/python3.12/site-packages/airflow/example_dags/example_time_delta_sensor_async.py
[2026-06-29T22:23:47.676+0000] {processor.py:914} INFO - Processing file /home/airflow/.local/lib/python3.12/site-packages/airflow/example_dags/example_time_delta_sensor_async.py for tasks to queue
[2026-06-29T22:23:47.679+0000] {logging_mixin.py:190} INFO - [2026-06-29T22:23:47.679+0000] {dagbag.py:588} INFO - Filling up the DagBag from /home/airflow/.local/lib/python3.12/site-packages/airflow/example_dags/example_time_delta_sensor_async.py
[2026-06-29T22:23:47.687+0000] {processor.py:925} INFO - DAG(s) 'example_time_delta_sensor_async' retrieved from /home/airflow/.local/lib/python3.12/site-packages/airflow/example_dags/example_time_delta_sensor_async.py
[2026-06-29T22:23:47.712+0000] {logging_mixin.py:190} INFO - [2026-06-29T22:23:47.712+0000] {dag.py:3239} INFO - Sync 1 DAGs
[2026-06-29T22:23:47.726+0000] {logging_mixin.py:190} INFO - [2026-06-29T22:23:47.726+0000] {dag.py:4180} INFO - Setting next_dagrun for example_time_delta_sensor_async to None, run_after=None
[2026-06-29T22:23:47.748+0000] {processor.py:208} INFO - Processing /home/airflow/.local/lib/python3.12/site-packages/airflow/example_dags/example_time_delta_sensor_async.py took 0.082 seconds
[2026-06-29T22:24:17.923+0000] {processor.py:186} INFO - Started process (PID=2042) to work on /home/airflow/.local/lib/python3.12/site-packages/airflow/example_dags/example_time_delta_sensor_async.py
[2026-06-29T22:24:17.924+0000] {processor.py:914} INFO - Processing file /home/airflow/.local/lib/python3.12/site-packages/airflow/example_dags/example_time_delta_sensor_async.py for tasks to queue
[2026-06-29T22:24:17.928+0000] {logging_mixin.py:190} INFO - [2026-06-29T22:24:17.927+0000] {dagbag.py:588} INFO - Filling up the DagBag from /home/airflow/.local/lib/python3.12/site-packages/airflow/example_dags/example_time_delta_sensor_async.py
[2026-06-29T22:24:17.936+0000] {processor.py:925} INFO - DAG(s) 'example_time_delta_sensor_async' retrieved from /home/airflow/.local/lib/python3.12/site-packages/airflow/example_dags/example_time_delta_sensor_async.py
[2026-06-29T22:24:17.963+0000] {logging_mixin.py:190} INFO - [2026-06-29T22:24:17.963+0000] {dag.py:3239} INFO - Sync 1 DAGs
[2026-06-29T22:24:17.981+0000] {logging_mixin.py:190} INFO - [2026-06-29T22:24:17.980+0000] {dag.py:4180} INFO - Setting next_dagrun for example_time_delta_sensor_async to None, run_after=None
[2026-06-29T22:24:18.011+0000] {processor.py:208} INFO - Processing /home/airflow/.local/lib/python3.12/site-packages/airflow/example_dags/example_time_delta_sensor_async.py took 0.095 seconds
[2026-06-29T22:24:48.179+0000] {processor.py:186} INFO - Started process (PID=2106) to work on /home/airflow/.local/lib/python3.12/site-packages/airflow/example_dags/example_time_delta_sensor_async.py
[2026-06-29T22:24:48.181+0000] {processor.py:914} INFO - Processing file /home/airflow/.local/lib/python3.12/site-packages/airflow/example_dags/example_time_delta_sensor_async.py for tasks to queue
[2026-06-29T22:24:48.185+0000] {logging_mixin.py:190} INFO - [2026-06-29T22:24:48.185+0000] {dagbag.py:588} INFO - Filling up the DagBag from /home/airflow/.local/lib/python3.12/site-packages/airflow/example_dags/example_time_delta_sensor_async.py
[2026-06-29T22:24:48.194+0000] {processor.py:925} INFO - DAG(s) 'example_time_delta_sensor_async' retrieved from /home/airflow/.local/lib/python3.12/site-packages/airflow/example_dags/example_time_delta_sensor_async.py
[2026-06-29T22:24:48.219+0000] {logging_mixin.py:190} INFO - [2026-06-29T22:24:48.219+0000] {dag.py:3239} INFO - Sync 1 DAGs
[2026-06-29T22:24:48.234+0000] {logging_mixin.py:190} INFO - [2026-06-29T22:24:48.234+0000] {dag.py:4180} INFO - Setting next_dagrun for example_time_delta_sensor_async to None, run_after=None
[2026-06-29T22:24:48.261+0000] {processor.py:208} INFO - Processing /home/airflow/.local/lib/python3.12/site-packages/airflow/example_dags/example_time_delta_sensor_async.py took 0.089 seconds
[2026-06-29T22:25:18.938+0000] {processor.py:186} INFO - Started process (PID=2170) to work on /home/airflow/.local/lib/python3.12/site-packages/airflow/example_dags/example_time_delta_sensor_async.py
[2026-06-29T22:25:18.940+0000] {processor.py:914} INFO - Processing file /home/airflow/.local/lib/python3.12/site-packages/airflow/example_dags/example_time_delta_sensor_async.py for tasks to queue
[2026-06-29T22:25:18.943+0000] {logging_mixin.py:190} INFO - [2026-06-29T22:25:18.942+0000] {dagbag.py:588} INFO - Filling up the DagBag from /home/airflow/.local/lib/python3.12/site-packages/airflow/example_dags/example_time_delta_sensor_async.py
[2026-06-29T22:25:18.952+0000] {processor.py:925} INFO - DAG(s) 'example_time_delta_sensor_async' retrieved from /home/airflow/.local/lib/python3.12/site-packages/airflow/example_dags/example_time_delta_sensor_async.py
[2026-06-29T22:25:18.975+0000] {logging_mixin.py:190} INFO - [2026-06-29T22:25:18.975+0000] {dag.py:3239} INFO - Sync 1 DAGs
[2026-06-29T22:25:18.990+0000] {logging_mixin.py:190} INFO - [2026-06-29T22:25:18.990+0000] {dag.py:4180} INFO - Setting next_dagrun for example_time_delta_sensor_async to None, run_after=None
[2026-06-29T22:25:19.011+0000] {processor.py:208} INFO - Processing /home/airflow/.local/lib/python3.12/site-packages/airflow/example_dags/example_time_delta_sensor_async.py took 0.081 seconds
[2026-06-29T22:25:49.365+0000] {processor.py:186} INFO - Started process (PID=2234) to work on /home/airflow/.local/lib/python3.12/site-packages/airflow/example_dags/example_time_delta_sensor_async.py
[2026-06-29T22:25:49.367+0000] {processor.py:914} INFO - Processing file /home/airflow/.local/lib/python3.12/site-packages/airflow/example_dags/example_time_delta_sensor_async.py for tasks to queue
[2026-06-29T22:25:49.370+0000] {logging_mixin.py:190} INFO - [2026-06-29T22:25:49.370+0000] {dagbag.py:588} INFO - Filling up the DagBag from /home/airflow/.local/lib/python3.12/site-packages/airflow/example_dags/example_time_delta_sensor_async.py
[2026-06-29T22:25:49.381+0000] {processor.py:925} INFO - DAG(s) 'example_time_delta_sensor_async' retrieved from /home/airflow/.local/lib/python3.12/site-packages/airflow/example_dags/example_time_delta_sensor_async.py
[2026-06-29T22:25:49.409+0000] {logging_mixin.py:190} INFO - [2026-06-29T22:25:49.408+0000] {dag.py:3239} INFO - Sync 1 DAGs
[2026-06-29T22:25:49.423+0000] {logging_mixin.py:190} INFO - [2026-06-29T22:25:49.423+0000] {dag.py:4180} INFO - Setting next_dagrun for example_time_delta_sensor_async to None, run_after=None
[2026-06-29T22:25:49.444+0000] {processor.py:208} INFO - Processing /home/airflow/.local/lib/python3.12/site-packages/airflow/example_dags/example_time_delta_sensor_async.py took 0.088 seconds
[2026-06-29T22:26:19.697+0000] {processor.py:186} INFO - Started process (PID=2297) to work on /home/airflow/.local/lib/python3.12/site-packages/airflow/example_dags/example_time_delta_sensor_async.py
[2026-06-29T22:26:19.699+0000] {processor.py:914} INFO - Processing file /home/airflow/.local/lib/python3.12/site-packages/airflow/example_dags/example_time_delta_sensor_async.py for tasks to queue
[2026-06-29T22:26:19.705+0000] {logging_mixin.py:190} INFO - [2026-06-29T22:26:19.704+0000] {dagbag.py:588} INFO - Filling up the DagBag from /home/airflow/.local/lib/python3.12/site-packages/airflow/example_dags/example_time_delta_sensor_async.py
[2026-06-29T22:26:19.715+0000] {processor.py:925} INFO - DAG(s) 'example_time_delta_sensor_async' retrieved from /home/airflow/.local/lib/python3.12/site-packages/airflow/example_dags/example_time_delta_sensor_async.py
[2026-06-29T22:26:19.751+0000] {logging_mixin.py:190} INFO - [2026-06-29T22:26:19.750+0000] {dag.py:3239} INFO - Sync 1 DAGs
[2026-06-29T22:26:19.767+0000] {logging_mixin.py:190} INFO - [2026-06-29T22:26:19.767+0000] {dag.py:4180} INFO - Setting next_dagrun for example_time_delta_sensor_async to None, run_after=None
[2026-06-29T22:26:19.791+0000] {processor.py:208} INFO - Processing /home/airflow/.local/lib/python3.12/site-packages/airflow/example_dags/example_time_delta_sensor_async.py took 0.103 seconds
[2026-06-29T22:26:49.913+0000] {processor.py:186} INFO - Started process (PID=2361) to work on /home/airflow/.local/lib/python3.12/site-packages/airflow/example_dags/example_time_delta_sensor_async.py
[2026-06-29T22:26:49.915+0000] {processor.py:914} INFO - Processing file /home/airflow/.local/lib/python3.12/site-packages/airflow/example_dags/example_time_delta_sensor_async.py for tasks to queue
[2026-06-29T22:26:49.918+0000] {logging_mixin.py:190} INFO - [2026-06-29T22:26:49.918+0000] {dagbag.py:588} INFO - Filling up the DagBag from /home/airflow/.local/lib/python3.12/site-packages/airflow/example_dags/example_time_delta_sensor_async.py
[2026-06-29T22:26:49.927+0000] {processor.py:925} INFO - DAG(s) 'example_time_delta_sensor_async' retrieved from /home/airflow/.local/lib/python3.12/site-packages/airflow/example_dags/example_time_delta_sensor_async.py
[2026-06-29T22:26:49.953+0000] {logging_mixin.py:190} INFO - [2026-06-29T22:26:49.953+0000] {dag.py:3239} INFO - Sync 1 DAGs
[2026-06-29T22:26:49.973+0000] {logging_mixin.py:190} INFO - [2026-06-29T22:26:49.973+0000] {dag.py:4180} INFO - Setting next_dagrun for example_time_delta_sensor_async to None, run_after=None
[2026-06-29T22:26:50.001+0000] {processor.py:208} INFO - Processing /home/airflow/.local/lib/python3.12/site-packages/airflow/example_dags/example_time_delta_sensor_async.py took 0.095 seconds
[2026-06-29T22:27:20.314+0000] {processor.py:186} INFO - Started process (PID=2425) to work on /home/airflow/.local/lib/python3.12/site-packages/airflow/example_dags/example_time_delta_sensor_async.py
[2026-06-29T22:27:20.316+0000] {processor.py:914} INFO - Processing file /home/airflow/.local/lib/python3.12/site-packages/airflow/example_dags/example_time_delta_sensor_async.py for tasks to queue
[2026-06-29T22:27:20.319+0000] {logging_mixin.py:190} INFO - [2026-06-29T22:27:20.318+0000] {dagbag.py:588} INFO - Filling up the DagBag from /home/airflow/.local/lib/python3.12/site-packages/airflow/example_dags/example_time_delta_sensor_async.py
[2026-06-29T22:27:20.330+0000] {processor.py:925} INFO - DAG(s) 'example_time_delta_sensor_async' retrieved from /home/airflow/.local/lib/python3.12/site-packages/airflow/example_dags/example_time_delta_sensor_async.py
[2026-06-29T22:27:20.351+0000] {logging_mixin.py:190} INFO - [2026-06-29T22:27:20.351+0000] {dag.py:3239} INFO - Sync 1 DAGs
[2026-06-29T22:27:20.367+0000] {logging_mixin.py:190} INFO - [2026-06-29T22:27:20.367+0000] {dag.py:4180} INFO - Setting next_dagrun for example_time_delta_sensor_async to None, run_after=None
[2026-06-29T22:27:20.388+0000] {processor.py:208} INFO - Processing /home/airflow/.local/lib/python3.12/site-packages/airflow/example_dags/example_time_delta_sensor_async.py took 0.081 seconds
[2026-06-29T22:27:50.910+0000] {processor.py:186} INFO - Started process (PID=2488) to work on /home/airflow/.local/lib/python3.12/site-packages/airflow/example_dags/example_time_delta_sensor_async.py
[2026-06-29T22:27:50.911+0000] {processor.py:914} INFO - Processing file /home/airflow/.local/lib/python3.12/site-packages/airflow/example_dags/example_time_delta_sensor_async.py for tasks to queue
[2026-06-29T22:27:50.915+0000] {logging_mixin.py:190} INFO - [2026-06-29T22:27:50.914+0000] {dagbag.py:588} INFO - Filling up the DagBag from /home/airflow/.local/lib/python3.12/site-packages/airflow/example_dags/example_time_delta_sensor_async.py
[2026-06-29T22:27:50.923+0000] {processor.py:925} INFO - DAG(s) 'example_time_delta_sensor_async' retrieved from /home/airflow/.local/lib/python3.12/site-packages/airflow/example_dags/example_time_delta_sensor_async.py
[2026-06-29T22:27:50.946+0000] {logging_mixin.py:190} INFO - [2026-06-29T22:27:50.946+0000] {dag.py:3239} INFO - Sync 1 DAGs
[2026-06-29T22:27:50.962+0000] {logging_mixin.py:190} INFO - [2026-06-29T22:27:50.962+0000] {dag.py:4180} INFO - Setting next_dagrun for example_time_delta_sensor_async to None, run_after=None
[2026-06-29T22:27:50.985+0000] {processor.py:208} INFO - Processing /home/airflow/.local/lib/python3.12/site-packages/airflow/example_dags/example_time_delta_sensor_async.py took 0.082 seconds
[2026-06-29T22:28:21.997+0000] {processor.py:186} INFO - Started process (PID=2552) to work on /home/airflow/.local/lib/python3.12/site-packages/airflow/example_dags/example_time_delta_sensor_async.py
[2026-06-29T22:28:21.999+0000] {processor.py:914} INFO - Processing file /home/airflow/.local/lib/python3.12/site-packages/airflow/example_dags/example_time_delta_sensor_async.py for tasks to queue
[2026-06-29T22:28:22.002+0000] {logging_mixin.py:190} INFO - [2026-06-29T22:28:22.001+0000] {dagbag.py:588} INFO - Filling up the DagBag from /home/airflow/.local/lib/python3.12/site-packages/airflow/example_dags/example_time_delta_sensor_async.py
[2026-06-29T22:28:22.016+0000] {processor.py:925} INFO - DAG(s) 'example_time_delta_sensor_async' retrieved from /home/airflow/.local/lib/python3.12/site-packages/airflow/example_dags/example_time_delta_sensor_async.py
[2026-06-29T22:28:22.044+0000] {logging_mixin.py:190} INFO - [2026-06-29T22:28:22.043+0000] {dag.py:3239} INFO - Sync 1 DAGs
[2026-06-29T22:28:22.059+0000] {logging_mixin.py:190} INFO - [2026-06-29T22:28:22.059+0000] {dag.py:4180} INFO - Setting next_dagrun for example_time_delta_sensor_async to None, run_after=None
[2026-06-29T22:28:22.081+0000] {processor.py:208} INFO - Processing /home/airflow/.local/lib/python3.12/site-packages/airflow/example_dags/example_time_delta_sensor_async.py took 0.092 seconds
[2026-06-29T22:28:52.668+0000] {processor.py:186} INFO - Started process (PID=2616) to work on /home/airflow/.local/lib/python3.12/site-packages/airflow/example_dags/example_time_delta_sensor_async.py
[2026-06-29T22:28:52.672+0000] {processor.py:914} INFO - Processing file /home/airflow/.local/lib/python3.12/site-packages/airflow/example_dags/example_time_delta_sensor_async.py for tasks to queue
[2026-06-29T22:28:52.677+0000] {logging_mixin.py:190} INFO - [2026-06-29T22:28:52.676+0000] {dagbag.py:588} INFO - Filling up the DagBag from /home/airflow/.local/lib/python3.12/site-packages/airflow/example_dags/example_time_delta_sensor_async.py
[2026-06-29T22:28:52.691+0000] {processor.py:925} INFO - DAG(s) 'example_time_delta_sensor_async' retrieved from /home/airflow/.local/lib/python3.12/site-packages/airflow/example_dags/example_time_delta_sensor_async.py
[2026-06-29T22:28:52.748+0000] {logging_mixin.py:190} INFO - [2026-06-29T22:28:52.748+0000] {dag.py:3239} INFO - Sync 1 DAGs
[2026-06-29T22:28:52.785+0000] {logging_mixin.py:190} INFO - [2026-06-29T22:28:52.785+0000] {dag.py:4180} INFO - Setting next_dagrun for example_time_delta_sensor_async to None, run_after=None
[2026-06-29T22:28:52.855+0000] {processor.py:208} INFO - Processing /home/airflow/.local/lib/python3.12/site-packages/airflow/example_dags/example_time_delta_sensor_async.py took 0.200 seconds
[2026-06-29T22:29:23.025+0000] {processor.py:186} INFO - Started process (PID=2679) to work on /home/airflow/.local/lib/python3.12/site-packages/airflow/example_dags/example_time_delta_sensor_async.py
[2026-06-29T22:29:23.028+0000] {processor.py:914} INFO - Processing file /home/airflow/.local/lib/python3.12/site-packages/airflow/example_dags/example_time_delta_sensor_async.py for tasks to queue
[2026-06-29T22:29:23.033+0000] {logging_mixin.py:190} INFO - [2026-06-29T22:29:23.033+0000] {dagbag.py:588} INFO - Filling up the DagBag from /home/airflow/.local/lib/python3.12/site-packages/airflow/example_dags/example_time_delta_sensor_async.py
[2026-06-29T22:29:23.057+0000] {processor.py:925} INFO - DAG(s) 'example_time_delta_sensor_async' retrieved from /home/airflow/.local/lib/python3.12/site-packages/airflow/example_dags/example_time_delta_sensor_async.py
[2026-06-29T22:29:23.122+0000] {logging_mixin.py:190} INFO - [2026-06-29T22:29:23.121+0000] {dag.py:3239} INFO - Sync 1 DAGs
[2026-06-29T22:29:23.169+0000] {logging_mixin.py:190} INFO - [2026-06-29T22:29:23.168+0000] {dag.py:4180} INFO - Setting next_dagrun for example_time_delta_sensor_async to None, run_after=None
[2026-06-29T22:29:23.246+0000] {processor.py:208} INFO - Processing /home/airflow/.local/lib/python3.12/site-packages/airflow/example_dags/example_time_delta_sensor_async.py took 0.236 seconds
[2026-06-29T22:29:53.539+0000] {processor.py:186} INFO - Started process (PID=2743) to work on /home/airflow/.local/lib/python3.12/site-packages/airflow/example_dags/example_time_delta_sensor_async.py
[2026-06-29T22:29:53.543+0000] {processor.py:914} INFO - Processing file /home/airflow/.local/lib/python3.12/site-packages/airflow/example_dags/example_time_delta_sensor_async.py for tasks to queue
[2026-06-29T22:29:53.556+0000] {logging_mixin.py:190} INFO - [2026-06-29T22:29:53.555+0000] {dagbag.py:588} INFO - Filling up the DagBag from /home/airflow/.local/lib/python3.12/site-packages/airflow/example_dags/example_time_delta_sensor_async.py
[2026-06-29T22:29:53.579+0000] {processor.py:925} INFO - DAG(s) 'example_time_delta_sensor_async' retrieved from /home/airflow/.local/lib/python3.12/site-packages/airflow/example_dags/example_time_delta_sensor_async.py
[2026-06-29T22:29:53.671+0000] {logging_mixin.py:190} INFO - [2026-06-29T22:29:53.670+0000] {dag.py:3239} INFO - Sync 1 DAGs
[2026-06-29T22:29:53.730+0000] {logging_mixin.py:190} INFO - [2026-06-29T22:29:53.729+0000] {dag.py:4180} INFO - Setting next_dagrun for example_time_delta_sensor_async to None, run_after=None
[2026-06-29T22:29:53.805+0000] {processor.py:208} INFO - Processing /home/airflow/.local/lib/python3.12/site-packages/airflow/example_dags/example_time_delta_sensor_async.py took 0.283 seconds
[2026-06-29T22:30:24.215+0000] {processor.py:186} INFO - Started process (PID=2807) to work on /home/airflow/.local/lib/python3.12/site-packages/airflow/example_dags/example_time_delta_sensor_async.py
[2026-06-29T22:30:24.217+0000] {processor.py:914} INFO - Processing file /home/airflow/.local/lib/python3.12/site-packages/airflow/example_dags/example_time_delta_sensor_async.py for tasks to queue
[2026-06-29T22:30:24.222+0000] {logging_mixin.py:190} INFO - [2026-06-29T22:30:24.222+0000] {dagbag.py:588} INFO - Filling up the DagBag from /home/airflow/.local/lib/python3.12/site-packages/airflow/example_dags/example_time_delta_sensor_async.py
[2026-06-29T22:30:24.234+0000] {processor.py:925} INFO - DAG(s) 'example_time_delta_sensor_async' retrieved from /home/airflow/.local/lib/python3.12/site-packages/airflow/example_dags/example_time_delta_sensor_async.py
[2026-06-29T22:30:24.264+0000] {logging_mixin.py:190} INFO - [2026-06-29T22:30:24.263+0000] {dag.py:3239} INFO - Sync 1 DAGs
[2026-06-29T22:30:24.284+0000] {logging_mixin.py:190} INFO - [2026-06-29T22:30:24.283+0000] {dag.py:4180} INFO - Setting next_dagrun for example_time_delta_sensor_async to None, run_after=None
[2026-06-29T22:30:24.313+0000] {processor.py:208} INFO - Processing /home/airflow/.local/lib/python3.12/site-packages/airflow/example_dags/example_time_delta_sensor_async.py took 0.106 seconds
[2026-06-29T22:30:56.408+0000] {processor.py:186} INFO - Started process (PID=2872) to work on /home/airflow/.local/lib/python3.12/site-packages/airflow/example_dags/example_time_delta_sensor_async.py
[2026-06-29T22:30:56.411+0000] {processor.py:914} INFO - Processing file /home/airflow/.local/lib/python3.12/site-packages/airflow/example_dags/example_time_delta_sensor_async.py for tasks to queue
[2026-06-29T22:30:56.420+0000] {logging_mixin.py:190} INFO - [2026-06-29T22:30:56.418+0000] {dagbag.py:588} INFO - Filling up the DagBag from /home/airflow/.local/lib/python3.12/site-packages/airflow/example_dags/example_time_delta_sensor_async.py
[2026-06-29T22:30:56.440+0000] {processor.py:925} INFO - DAG(s) 'example_time_delta_sensor_async' retrieved from /home/airflow/.local/lib/python3.12/site-packages/airflow/example_dags/example_time_delta_sensor_async.py
[2026-06-29T22:30:56.503+0000] {logging_mixin.py:190} INFO - [2026-06-29T22:30:56.502+0000] {dag.py:3239} INFO - Sync 1 DAGs
[2026-06-29T22:30:56.545+0000] {logging_mixin.py:190} INFO - [2026-06-29T22:30:56.544+0000] {dag.py:4180} INFO - Setting next_dagrun for example_time_delta_sensor_async to None, run_after=None
[2026-06-29T22:30:56.597+0000] {processor.py:208} INFO - Processing /home/airflow/.local/lib/python3.12/site-packages/airflow/example_dags/example_time_delta_sensor_async.py took 0.199 seconds
[2026-06-29T22:31:27.763+0000] {processor.py:186} INFO - Started process (PID=2943) to work on /home/airflow/.local/lib/python3.12/site-packages/airflow/example_dags/example_time_delta_sensor_async.py
[2026-06-29T22:31:27.766+0000] {processor.py:914} INFO - Processing file /home/airflow/.local/lib/python3.12/site-packages/airflow/example_dags/example_time_delta_sensor_async.py for tasks to queue
[2026-06-29T22:31:27.772+0000] {logging_mixin.py:190} INFO - [2026-06-29T22:31:27.771+0000] {dagbag.py:588} INFO - Filling up the DagBag from /home/airflow/.local/lib/python3.12/site-packages/airflow/example_dags/example_time_delta_sensor_async.py
[2026-06-29T22:31:27.784+0000] {processor.py:925} INFO - DAG(s) 'example_time_delta_sensor_async' retrieved from /home/airflow/.local/lib/python3.12/site-packages/airflow/example_dags/example_time_delta_sensor_async.py
[2026-06-29T22:31:27.824+0000] {logging_mixin.py:190} INFO - [2026-06-29T22:31:27.824+0000] {dag.py:3239} INFO - Sync 1 DAGs
[2026-06-29T22:31:27.850+0000] {logging_mixin.py:190} INFO - [2026-06-29T22:31:27.850+0000] {dag.py:4180} INFO - Setting next_dagrun for example_time_delta_sensor_async to None, run_after=None
[2026-06-29T22:31:27.889+0000] {processor.py:208} INFO - Processing /home/airflow/.local/lib/python3.12/site-packages/airflow/example_dags/example_time_delta_sensor_async.py took 0.137 seconds
[2026-06-29T22:31:58.355+0000] {processor.py:186} INFO - Started process (PID=3040) to work on /home/airflow/.local/lib/python3.12/site-packages/airflow/example_dags/example_time_delta_sensor_async.py
[2026-06-29T22:31:58.358+0000] {processor.py:914} INFO - Processing file /home/airflow/.local/lib/python3.12/site-packages/airflow/example_dags/example_time_delta_sensor_async.py for tasks to queue
[2026-06-29T22:31:58.371+0000] {logging_mixin.py:190} INFO - [2026-06-29T22:31:58.369+0000] {dagbag.py:588} INFO - Filling up the DagBag from /home/airflow/.local/lib/python3.12/site-packages/airflow/example_dags/example_time_delta_sensor_async.py
[2026-06-29T22:31:58.385+0000] {processor.py:925} INFO - DAG(s) 'example_time_delta_sensor_async' retrieved from /home/airflow/.local/lib/python3.12/site-packages/airflow/example_dags/example_time_delta_sensor_async.py
[2026-06-29T22:31:58.429+0000] {logging_mixin.py:190} INFO - [2026-06-29T22:31:58.429+0000] {dag.py:3239} INFO - Sync 1 DAGs
[2026-06-29T22:31:58.465+0000] {logging_mixin.py:190} INFO - [2026-06-29T22:31:58.465+0000] {dag.py:4180} INFO - Setting next_dagrun for example_time_delta_sensor_async to None, run_after=None
[2026-06-29T22:31:58.518+0000] {processor.py:208} INFO - Processing /home/airflow/.local/lib/python3.12/site-packages/airflow/example_dags/example_time_delta_sensor_async.py took 0.178 seconds
[2026-06-29T22:32:29.330+0000] {processor.py:186} INFO - Started process (PID=3161) to work on /home/airflow/.local/lib/python3.12/site-packages/airflow/example_dags/example_time_delta_sensor_async.py
[2026-06-29T22:32:29.333+0000] {processor.py:914} INFO - Processing file /home/airflow/.local/lib/python3.12/site-packages/airflow/example_dags/example_time_delta_sensor_async.py for tasks to queue
[2026-06-29T22:32:29.346+0000] {logging_mixin.py:190} INFO - [2026-06-29T22:32:29.346+0000] {dagbag.py:588} INFO - Filling up the DagBag from /home/airflow/.local/lib/python3.12/site-packages/airflow/example_dags/example_time_delta_sensor_async.py
[2026-06-29T22:32:29.366+0000] {processor.py:925} INFO - DAG(s) 'example_time_delta_sensor_async' retrieved from /home/airflow/.local/lib/python3.12/site-packages/airflow/example_dags/example_time_delta_sensor_async.py
[2026-06-29T22:32:29.439+0000] {logging_mixin.py:190} INFO - [2026-06-29T22:32:29.439+0000] {dag.py:3239} INFO - Sync 1 DAGs
[2026-06-29T22:32:29.476+0000] {logging_mixin.py:190} INFO - [2026-06-29T22:32:29.475+0000] {dag.py:4180} INFO - Setting next_dagrun for example_time_delta_sensor_async to None, run_after=None
[2026-06-29T22:32:29.581+0000] {processor.py:208} INFO - Processing /home/airflow/.local/lib/python3.12/site-packages/airflow/example_dags/example_time_delta_sensor_async.py took 0.278 seconds
[2026-06-29T22:32:59.783+0000] {processor.py:186} INFO - Started process (PID=3240) to work on /home/airflow/.local/lib/python3.12/site-packages/airflow/example_dags/example_time_delta_sensor_async.py
[2026-06-29T22:32:59.786+0000] {processor.py:914} INFO - Processing file /home/airflow/.local/lib/python3.12/site-packages/airflow/example_dags/example_time_delta_sensor_async.py for tasks to queue
[2026-06-29T22:32:59.794+0000] {logging_mixin.py:190} INFO - [2026-06-29T22:32:59.794+0000] {dagbag.py:588} INFO - Filling up the DagBag from /home/airflow/.local/lib/python3.12/site-packages/airflow/example_dags/example_time_delta_sensor_async.py
[2026-06-29T22:32:59.808+0000] {processor.py:925} INFO - DAG(s) 'example_time_delta_sensor_async' retrieved from /home/airflow/.local/lib/python3.12/site-packages/airflow/example_dags/example_time_delta_sensor_async.py
[2026-06-29T22:32:59.859+0000] {logging_mixin.py:190} INFO - [2026-06-29T22:32:59.858+0000] {dag.py:3239} INFO - Sync 1 DAGs
[2026-06-29T22:32:59.895+0000] {logging_mixin.py:190} INFO - [2026-06-29T22:32:59.894+0000] {dag.py:4180} INFO - Setting next_dagrun for example_time_delta_sensor_async to None, run_after=None
[2026-06-29T22:32:59.945+0000] {processor.py:208} INFO - Processing /home/airflow/.local/lib/python3.12/site-packages/airflow/example_dags/example_time_delta_sensor_async.py took 0.179 seconds
[2026-06-29T22:33:30.669+0000] {processor.py:186} INFO - Started process (PID=3304) to work on /home/airflow/.local/lib/python3.12/site-packages/airflow/example_dags/example_time_delta_sensor_async.py
[2026-06-29T22:33:30.671+0000] {processor.py:914} INFO - Processing file /home/airflow/.local/lib/python3.12/site-packages/airflow/example_dags/example_time_delta_sensor_async.py for tasks to queue
[2026-06-29T22:33:30.675+0000] {logging_mixin.py:190} INFO - [2026-06-29T22:33:30.674+0000] {dagbag.py:588} INFO - Filling up the DagBag from /home/airflow/.local/lib/python3.12/site-packages/airflow/example_dags/example_time_delta_sensor_async.py
[2026-06-29T22:33:30.682+0000] {processor.py:925} INFO - DAG(s) 'example_time_delta_sensor_async' retrieved from /home/airflow/.local/lib/python3.12/site-packages/airflow/example_dags/example_time_delta_sensor_async.py
[2026-06-29T22:33:30.705+0000] {logging_mixin.py:190} INFO - [2026-06-29T22:33:30.705+0000] {dag.py:3239} INFO - Sync 1 DAGs
[2026-06-29T22:33:30.721+0000] {logging_mixin.py:190} INFO - [2026-06-29T22:33:30.721+0000] {dag.py:4180} INFO - Setting next_dagrun for example_time_delta_sensor_async to None, run_after=None
[2026-06-29T22:33:30.743+0000] {processor.py:208} INFO - Processing /home/airflow/.local/lib/python3.12/site-packages/airflow/example_dags/example_time_delta_sensor_async.py took 0.083 seconds
[2026-06-29T22:34:01.062+0000] {processor.py:186} INFO - Started process (PID=3368) to work on /home/airflow/.local/lib/python3.12/site-packages/airflow/example_dags/example_time_delta_sensor_async.py
[2026-06-29T22:34:01.064+0000] {processor.py:914} INFO - Processing file /home/airflow/.local/lib/python3.12/site-packages/airflow/example_dags/example_time_delta_sensor_async.py for tasks to queue
[2026-06-29T22:34:01.067+0000] {logging_mixin.py:190} INFO - [2026-06-29T22:34:01.066+0000] {dagbag.py:588} INFO - Filling up the DagBag from /home/airflow/.local/lib/python3.12/site-packages/airflow/example_dags/example_time_delta_sensor_async.py
[2026-06-29T22:34:01.079+0000] {processor.py:925} INFO - DAG(s) 'example_time_delta_sensor_async' retrieved from /home/airflow/.local/lib/python3.12/site-packages/airflow/example_dags/example_time_delta_sensor_async.py
[2026-06-29T22:34:01.116+0000] {logging_mixin.py:190} INFO - [2026-06-29T22:34:01.116+0000] {dag.py:3239} INFO - Sync 1 DAGs
[2026-06-29T22:34:01.134+0000] {logging_mixin.py:190} INFO - [2026-06-29T22:34:01.134+0000] {dag.py:4180} INFO - Setting next_dagrun for example_time_delta_sensor_async to None, run_after=None
[2026-06-29T22:34:01.158+0000] {processor.py:208} INFO - Processing /home/airflow/.local/lib/python3.12/site-packages/airflow/example_dags/example_time_delta_sensor_async.py took 0.110 seconds
[2026-06-29T22:34:31.258+0000] {processor.py:186} INFO - Started process (PID=3432) to work on /home/airflow/.local/lib/python3.12/site-packages/airflow/example_dags/example_time_delta_sensor_async.py
[2026-06-29T22:34:31.261+0000] {processor.py:914} INFO - Processing file /home/airflow/.local/lib/python3.12/site-packages/airflow/example_dags/example_time_delta_sensor_async.py for tasks to queue
[2026-06-29T22:34:31.266+0000] {logging_mixin.py:190} INFO - [2026-06-29T22:34:31.265+0000] {dagbag.py:588} INFO - Filling up the DagBag from /home/airflow/.local/lib/python3.12/site-packages/airflow/example_dags/example_time_delta_sensor_async.py
[2026-06-29T22:34:31.278+0000] {processor.py:925} INFO - DAG(s) 'example_time_delta_sensor_async' retrieved from /home/airflow/.local/lib/python3.12/site-packages/airflow/example_dags/example_time_delta_sensor_async.py
[2026-06-29T22:34:31.324+0000] {logging_mixin.py:190} INFO - [2026-06-29T22:34:31.324+0000] {dag.py:3239} INFO - Sync 1 DAGs
[2026-06-29T22:34:31.354+0000] {logging_mixin.py:190} INFO - [2026-06-29T22:34:31.353+0000] {dag.py:4180} INFO - Setting next_dagrun for example_time_delta_sensor_async to None, run_after=None
[2026-06-29T22:34:31.406+0000] {processor.py:208} INFO - Processing /home/airflow/.local/lib/python3.12/site-packages/airflow/example_dags/example_time_delta_sensor_async.py took 0.168 seconds
[2026-06-29T22:35:01.939+0000] {processor.py:186} INFO - Started process (PID=3496) to work on /home/airflow/.local/lib/python3.12/site-packages/airflow/example_dags/example_time_delta_sensor_async.py
[2026-06-29T22:35:01.941+0000] {processor.py:914} INFO - Processing file /home/airflow/.local/lib/python3.12/site-packages/airflow/example_dags/example_time_delta_sensor_async.py for tasks to queue
[2026-06-29T22:35:01.947+0000] {logging_mixin.py:190} INFO - [2026-06-29T22:35:01.946+0000] {dagbag.py:588} INFO - Filling up the DagBag from /home/airflow/.local/lib/python3.12/site-packages/airflow/example_dags/example_time_delta_sensor_async.py
[2026-06-29T22:35:01.957+0000] {processor.py:925} INFO - DAG(s) 'example_time_delta_sensor_async' retrieved from /home/airflow/.local/lib/python3.12/site-packages/airflow/example_dags/example_time_delta_sensor_async.py
[2026-06-29T22:35:01.992+0000] {logging_mixin.py:190} INFO - [2026-06-29T22:35:01.991+0000] {dag.py:3239} INFO - Sync 1 DAGs
[2026-06-29T22:35:02.024+0000] {logging_mixin.py:190} INFO - [2026-06-29T22:35:02.024+0000] {dag.py:4180} INFO - Setting next_dagrun for example_time_delta_sensor_async to None, run_after=None
[2026-06-29T22:35:02.065+0000] {processor.py:208} INFO - Processing /home/airflow/.local/lib/python3.12/site-packages/airflow/example_dags/example_time_delta_sensor_async.py took 0.142 seconds
[2026-06-29T22:35:32.300+0000] {processor.py:186} INFO - Started process (PID=3560) to work on /home/airflow/.local/lib/python3.12/site-packages/airflow/example_dags/example_time_delta_sensor_async.py
[2026-06-29T22:35:32.302+0000] {processor.py:914} INFO - Processing file /home/airflow/.local/lib/python3.12/site-packages/airflow/example_dags/example_time_delta_sensor_async.py for tasks to queue
[2026-06-29T22:35:32.308+0000] {logging_mixin.py:190} INFO - [2026-06-29T22:35:32.307+0000] {dagbag.py:588} INFO - Filling up the DagBag from /home/airflow/.local/lib/python3.12/site-packages/airflow/example_dags/example_time_delta_sensor_async.py
[2026-06-29T22:35:32.321+0000] {processor.py:925} INFO - DAG(s) 'example_time_delta_sensor_async' retrieved from /home/airflow/.local/lib/python3.12/site-packages/airflow/example_dags/example_time_delta_sensor_async.py
[2026-06-29T22:35:32.353+0000] {logging_mixin.py:190} INFO - [2026-06-29T22:35:32.353+0000] {dag.py:3239} INFO - Sync 1 DAGs
[2026-06-29T22:35:32.370+0000] {logging_mixin.py:190} INFO - [2026-06-29T22:35:32.369+0000] {dag.py:4180} INFO - Setting next_dagrun for example_time_delta_sensor_async to None, run_after=None
[2026-06-29T22:35:32.392+0000] {processor.py:208} INFO - Processing /home/airflow/.local/lib/python3.12/site-packages/airflow/example_dags/example_time_delta_sensor_async.py took 0.105 seconds
[2026-06-29T22:36:02.537+0000] {processor.py:186} INFO - Started process (PID=3623) to work on /home/airflow/.local/lib/python3.12/site-packages/airflow/example_dags/example_time_delta_sensor_async.py
[2026-06-29T22:36:02.538+0000] {processor.py:914} INFO - Processing file /home/airflow/.local/lib/python3.12/site-packages/airflow/example_dags/example_time_delta_sensor_async.py for tasks to queue
[2026-06-29T22:36:02.541+0000] {logging_mixin.py:190} INFO - [2026-06-29T22:36:02.541+0000] {dagbag.py:588} INFO - Filling up the DagBag from /home/airflow/.local/lib/python3.12/site-packages/airflow/example_dags/example_time_delta_sensor_async.py
[2026-06-29T22:36:02.551+0000] {processor.py:925} INFO - DAG(s) 'example_time_delta_sensor_async' retrieved from /home/airflow/.local/lib/python3.12/site-packages/airflow/example_dags/example_time_delta_sensor_async.py
[2026-06-29T22:36:02.572+0000] {logging_mixin.py:190} INFO - [2026-06-29T22:36:02.572+0000] {dag.py:3239} INFO - Sync 1 DAGs
[2026-06-29T22:36:02.589+0000] {logging_mixin.py:190} INFO - [2026-06-29T22:36:02.588+0000] {dag.py:4180} INFO - Setting next_dagrun for example_time_delta_sensor_async to None, run_after=None
[2026-06-29T22:36:02.609+0000] {processor.py:208} INFO - Processing /home/airflow/.local/lib/python3.12/site-packages/airflow/example_dags/example_time_delta_sensor_async.py took 0.084 seconds
[2026-06-29T22:36:33.174+0000] {processor.py:186} INFO - Started process (PID=3687) to work on /home/airflow/.local/lib/python3.12/site-packages/airflow/example_dags/example_time_delta_sensor_async.py
[2026-06-29T22:36:33.175+0000] {processor.py:914} INFO - Processing file /home/airflow/.local/lib/python3.12/site-packages/airflow/example_dags/example_time_delta_sensor_async.py for tasks to queue
[2026-06-29T22:36:33.178+0000] {logging_mixin.py:190} INFO - [2026-06-29T22:36:33.178+0000] {dagbag.py:588} INFO - Filling up the DagBag from /home/airflow/.local/lib/python3.12/site-packages/airflow/example_dags/example_time_delta_sensor_async.py
[2026-06-29T22:36:33.187+0000] {processor.py:925} INFO - DAG(s) 'example_time_delta_sensor_async' retrieved from /home/airflow/.local/lib/python3.12/site-packages/airflow/example_dags/example_time_delta_sensor_async.py
[2026-06-29T22:36:33.217+0000] {logging_mixin.py:190} INFO - [2026-06-29T22:36:33.217+0000] {dag.py:3239} INFO - Sync 1 DAGs
[2026-06-29T22:36:33.234+0000] {logging_mixin.py:190} INFO - [2026-06-29T22:36:33.234+0000] {dag.py:4180} INFO - Setting next_dagrun for example_time_delta_sensor_async to None, run_after=None
[2026-06-29T22:36:33.264+0000] {processor.py:208} INFO - Processing /home/airflow/.local/lib/python3.12/site-packages/airflow/example_dags/example_time_delta_sensor_async.py took 0.100 seconds
[2026-06-29T22:37:03.631+0000] {processor.py:186} INFO - Started process (PID=3751) to work on /home/airflow/.local/lib/python3.12/site-packages/airflow/example_dags/example_time_delta_sensor_async.py
[2026-06-29T22:37:03.632+0000] {processor.py:914} INFO - Processing file /home/airflow/.local/lib/python3.12/site-packages/airflow/example_dags/example_time_delta_sensor_async.py for tasks to queue
[2026-06-29T22:37:03.636+0000] {logging_mixin.py:190} INFO - [2026-06-29T22:37:03.635+0000] {dagbag.py:588} INFO - Filling up the DagBag from /home/airflow/.local/lib/python3.12/site-packages/airflow/example_dags/example_time_delta_sensor_async.py
[2026-06-29T22:37:03.645+0000] {processor.py:925} INFO - DAG(s) 'example_time_delta_sensor_async' retrieved from /home/airflow/.local/lib/python3.12/site-packages/airflow/example_dags/example_time_delta_sensor_async.py
[2026-06-29T22:37:03.671+0000] {logging_mixin.py:190} INFO - [2026-06-29T22:37:03.671+0000] {dag.py:3239} INFO - Sync 1 DAGs
[2026-06-29T22:37:03.686+0000] {logging_mixin.py:190} INFO - [2026-06-29T22:37:03.686+0000] {dag.py:4180} INFO - Setting next_dagrun for example_time_delta_sensor_async to None, run_after=None
[2026-06-29T22:37:03.707+0000] {processor.py:208} INFO - Processing /home/airflow/.local/lib/python3.12/site-packages/airflow/example_dags/example_time_delta_sensor_async.py took 0.086 seconds
[2026-06-29T22:37:34.723+0000] {processor.py:186} INFO - Started process (PID=3815) to work on /home/airflow/.local/lib/python3.12/site-packages/airflow/example_dags/example_time_delta_sensor_async.py
[2026-06-29T22:37:34.727+0000] {processor.py:914} INFO - Processing file /home/airflow/.local/lib/python3.12/site-packages/airflow/example_dags/example_time_delta_sensor_async.py for tasks to queue
[2026-06-29T22:37:34.733+0000] {logging_mixin.py:190} INFO - [2026-06-29T22:37:34.733+0000] {dagbag.py:588} INFO - Filling up the DagBag from /home/airflow/.local/lib/python3.12/site-packages/airflow/example_dags/example_time_delta_sensor_async.py
[2026-06-29T22:37:34.748+0000] {processor.py:925} INFO - DAG(s) 'example_time_delta_sensor_async' retrieved from /home/airflow/.local/lib/python3.12/site-packages/airflow/example_dags/example_time_delta_sensor_async.py
[2026-06-29T22:37:34.788+0000] {logging_mixin.py:190} INFO - [2026-06-29T22:37:34.788+0000] {dag.py:3239} INFO - Sync 1 DAGs
[2026-06-29T22:37:34.806+0000] {logging_mixin.py:190} INFO - [2026-06-29T22:37:34.806+0000] {dag.py:4180} INFO - Setting next_dagrun for example_time_delta_sensor_async to None, run_after=None
[2026-06-29T22:37:34.830+0000] {processor.py:208} INFO - Processing /home/airflow/.local/lib/python3.12/site-packages/airflow/example_dags/example_time_delta_sensor_async.py took 0.127 seconds
[2026-06-29T22:38:05.613+0000] {processor.py:186} INFO - Started process (PID=3879) to work on /home/airflow/.local/lib/python3.12/site-packages/airflow/example_dags/example_time_delta_sensor_async.py
[2026-06-29T22:38:05.615+0000] {processor.py:914} INFO - Processing file /home/airflow/.local/lib/python3.12/site-packages/airflow/example_dags/example_time_delta_sensor_async.py for tasks to queue
[2026-06-29T22:38:05.618+0000] {logging_mixin.py:190} INFO - [2026-06-29T22:38:05.618+0000] {dagbag.py:588} INFO - Filling up the DagBag from /home/airflow/.local/lib/python3.12/site-packages/airflow/example_dags/example_time_delta_sensor_async.py
[2026-06-29T22:38:05.630+0000] {processor.py:925} INFO - DAG(s) 'example_time_delta_sensor_async' retrieved from /home/airflow/.local/lib/python3.12/site-packages/airflow/example_dags/example_time_delta_sensor_async.py
[2026-06-29T22:38:05.655+0000] {logging_mixin.py:190} INFO - [2026-06-29T22:38:05.655+0000] {dag.py:3239} INFO - Sync 1 DAGs
[2026-06-29T22:38:05.671+0000] {logging_mixin.py:190} INFO - [2026-06-29T22:38:05.671+0000] {dag.py:4180} INFO - Setting next_dagrun for example_time_delta_sensor_async to None, run_after=None
[2026-06-29T22:38:05.698+0000] {processor.py:208} INFO - Processing /home/airflow/.local/lib/python3.12/site-packages/airflow/example_dags/example_time_delta_sensor_async.py took 0.098 seconds
[2026-06-29T22:38:35.934+0000] {processor.py:186} INFO - Started process (PID=3942) to work on /home/airflow/.local/lib/python3.12/site-packages/airflow/example_dags/example_time_delta_sensor_async.py
[2026-06-29T22:38:35.937+0000] {processor.py:914} INFO - Processing file /home/airflow/.local/lib/python3.12/site-packages/airflow/example_dags/example_time_delta_sensor_async.py for tasks to queue
[2026-06-29T22:38:35.943+0000] {logging_mixin.py:190} INFO - [2026-06-29T22:38:35.943+0000] {dagbag.py:588} INFO - Filling up the DagBag from /home/airflow/.local/lib/python3.12/site-packages/airflow/example_dags/example_time_delta_sensor_async.py
[2026-06-29T22:38:35.954+0000] {processor.py:925} INFO - DAG(s) 'example_time_delta_sensor_async' retrieved from /home/airflow/.local/lib/python3.12/site-packages/airflow/example_dags/example_time_delta_sensor_async.py
[2026-06-29T22:38:35.986+0000] {logging_mixin.py:190} INFO - [2026-06-29T22:38:35.985+0000] {dag.py:3239} INFO - Sync 1 DAGs
[2026-06-29T22:38:36.009+0000] {logging_mixin.py:190} INFO - [2026-06-29T22:38:36.008+0000] {dag.py:4180} INFO - Setting next_dagrun for example_time_delta_sensor_async to None, run_after=None
[2026-06-29T22:38:36.046+0000] {processor.py:208} INFO - Processing /home/airflow/.local/lib/python3.12/site-packages/airflow/example_dags/example_time_delta_sensor_async.py took 0.135 seconds
[2026-06-29T22:39:06.527+0000] {processor.py:186} INFO - Started process (PID=4006) to work on /home/airflow/.local/lib/python3.12/site-packages/airflow/example_dags/example_time_delta_sensor_async.py
[2026-06-29T22:39:06.529+0000] {processor.py:914} INFO - Processing file /home/airflow/.local/lib/python3.12/site-packages/airflow/example_dags/example_time_delta_sensor_async.py for tasks to queue
[2026-06-29T22:39:06.532+0000] {logging_mixin.py:190} INFO - [2026-06-29T22:39:06.532+0000] {dagbag.py:588} INFO - Filling up the DagBag from /home/airflow/.local/lib/python3.12/site-packages/airflow/example_dags/example_time_delta_sensor_async.py
[2026-06-29T22:39:06.541+0000] {processor.py:925} INFO - DAG(s) 'example_time_delta_sensor_async' retrieved from /home/airflow/.local/lib/python3.12/site-packages/airflow/example_dags/example_time_delta_sensor_async.py
[2026-06-29T22:39:06.564+0000] {logging_mixin.py:190} INFO - [2026-06-29T22:39:06.564+0000] {dag.py:3239} INFO - Sync 1 DAGs
[2026-06-29T22:39:06.579+0000] {logging_mixin.py:190} INFO - [2026-06-29T22:39:06.579+0000] {dag.py:4180} INFO - Setting next_dagrun for example_time_delta_sensor_async to None, run_after=None
[2026-06-29T22:39:06.599+0000] {processor.py:208} INFO - Processing /home/airflow/.local/lib/python3.12/site-packages/airflow/example_dags/example_time_delta_sensor_async.py took 0.082 seconds
[2026-06-29T22:39:36.726+0000] {processor.py:186} INFO - Started process (PID=4070) to work on /home/airflow/.local/lib/python3.12/site-packages/airflow/example_dags/example_time_delta_sensor_async.py
[2026-06-29T22:39:36.728+0000] {processor.py:914} INFO - Processing file /home/airflow/.local/lib/python3.12/site-packages/airflow/example_dags/example_time_delta_sensor_async.py for tasks to queue
[2026-06-29T22:39:36.735+0000] {logging_mixin.py:190} INFO - [2026-06-29T22:39:36.734+0000] {dagbag.py:588} INFO - Filling up the DagBag from /home/airflow/.local/lib/python3.12/site-packages/airflow/example_dags/example_time_delta_sensor_async.py
[2026-06-29T22:39:36.746+0000] {processor.py:925} INFO - DAG(s) 'example_time_delta_sensor_async' retrieved from /home/airflow/.local/lib/python3.12/site-packages/airflow/example_dags/example_time_delta_sensor_async.py
[2026-06-29T22:39:36.773+0000] {logging_mixin.py:190} INFO - [2026-06-29T22:39:36.773+0000] {dag.py:3239} INFO - Sync 1 DAGs
[2026-06-29T22:39:36.789+0000] {logging_mixin.py:190} INFO - [2026-06-29T22:39:36.788+0000] {dag.py:4180} INFO - Setting next_dagrun for example_time_delta_sensor_async to None, run_after=None
[2026-06-29T22:39:36.813+0000] {processor.py:208} INFO - Processing /home/airflow/.local/lib/python3.12/site-packages/airflow/example_dags/example_time_delta_sensor_async.py took 0.104 seconds
[2026-06-29T22:41:19.164+0000] {processor.py:186} INFO - Started process (PID=82) to work on /home/airflow/.local/lib/python3.12/site-packages/airflow/example_dags/example_time_delta_sensor_async.py
[2026-06-29T22:41:19.171+0000] {processor.py:914} INFO - Processing file /home/airflow/.local/lib/python3.12/site-packages/airflow/example_dags/example_time_delta_sensor_async.py for tasks to queue
[2026-06-29T22:41:19.177+0000] {logging_mixin.py:190} INFO - [2026-06-29T22:41:19.177+0000] {dagbag.py:588} INFO - Filling up the DagBag from /home/airflow/.local/lib/python3.12/site-packages/airflow/example_dags/example_time_delta_sensor_async.py
[2026-06-29T22:41:19.224+0000] {processor.py:925} INFO - DAG(s) 'example_time_delta_sensor_async' retrieved from /home/airflow/.local/lib/python3.12/site-packages/airflow/example_dags/example_time_delta_sensor_async.py
[2026-06-29T22:41:19.363+0000] {logging_mixin.py:190} INFO - [2026-06-29T22:41:19.362+0000] {dag.py:3239} INFO - Sync 1 DAGs
[2026-06-29T22:41:19.424+0000] {logging_mixin.py:190} INFO - [2026-06-29T22:41:19.423+0000] {dag.py:4180} INFO - Setting next_dagrun for example_time_delta_sensor_async to None, run_after=None
[2026-06-29T22:41:19.498+0000] {processor.py:208} INFO - Processing /home/airflow/.local/lib/python3.12/site-packages/airflow/example_dags/example_time_delta_sensor_async.py took 0.362 seconds
[2026-06-29T22:41:50.451+0000] {processor.py:186} INFO - Started process (PID=146) to work on /home/airflow/.local/lib/python3.12/site-packages/airflow/example_dags/example_time_delta_sensor_async.py
[2026-06-29T22:41:50.477+0000] {processor.py:914} INFO - Processing file /home/airflow/.local/lib/python3.12/site-packages/airflow/example_dags/example_time_delta_sensor_async.py for tasks to queue
[2026-06-29T22:41:50.521+0000] {logging_mixin.py:190} INFO - [2026-06-29T22:41:50.519+0000] {dagbag.py:588} INFO - Filling up the DagBag from /home/airflow/.local/lib/python3.12/site-packages/airflow/example_dags/example_time_delta_sensor_async.py
[2026-06-29T22:41:50.551+0000] {processor.py:925} INFO - DAG(s) 'example_time_delta_sensor_async' retrieved from /home/airflow/.local/lib/python3.12/site-packages/airflow/example_dags/example_time_delta_sensor_async.py
[2026-06-29T22:41:50.661+0000] {logging_mixin.py:190} INFO - [2026-06-29T22:41:50.661+0000] {dag.py:3239} INFO - Sync 1 DAGs
[2026-06-29T22:41:50.742+0000] {logging_mixin.py:190} INFO - [2026-06-29T22:41:50.741+0000] {dag.py:4180} INFO - Setting next_dagrun for example_time_delta_sensor_async to None, run_after=None
[2026-06-29T22:41:50.873+0000] {processor.py:208} INFO - Processing /home/airflow/.local/lib/python3.12/site-packages/airflow/example_dags/example_time_delta_sensor_async.py took 0.446 seconds
[2026-06-29T22:42:21.504+0000] {processor.py:186} INFO - Started process (PID=210) to work on /home/airflow/.local/lib/python3.12/site-packages/airflow/example_dags/example_time_delta_sensor_async.py
[2026-06-29T22:42:21.505+0000] {processor.py:914} INFO - Processing file /home/airflow/.local/lib/python3.12/site-packages/airflow/example_dags/example_time_delta_sensor_async.py for tasks to queue
[2026-06-29T22:42:21.509+0000] {logging_mixin.py:190} INFO - [2026-06-29T22:42:21.508+0000] {dagbag.py:588} INFO - Filling up the DagBag from /home/airflow/.local/lib/python3.12/site-packages/airflow/example_dags/example_time_delta_sensor_async.py
[2026-06-29T22:42:21.518+0000] {processor.py:925} INFO - DAG(s) 'example_time_delta_sensor_async' retrieved from /home/airflow/.local/lib/python3.12/site-packages/airflow/example_dags/example_time_delta_sensor_async.py
[2026-06-29T22:42:21.544+0000] {logging_mixin.py:190} INFO - [2026-06-29T22:42:21.544+0000] {dag.py:3239} INFO - Sync 1 DAGs
[2026-06-29T22:42:21.560+0000] {logging_mixin.py:190} INFO - [2026-06-29T22:42:21.559+0000] {dag.py:4180} INFO - Setting next_dagrun for example_time_delta_sensor_async to None, run_after=None
[2026-06-29T22:42:21.581+0000] {processor.py:208} INFO - Processing /home/airflow/.local/lib/python3.12/site-packages/airflow/example_dags/example_time_delta_sensor_async.py took 0.084 seconds
[2026-06-29T22:42:52.179+0000] {processor.py:186} INFO - Started process (PID=274) to work on /home/airflow/.local/lib/python3.12/site-packages/airflow/example_dags/example_time_delta_sensor_async.py
[2026-06-29T22:42:52.181+0000] {processor.py:914} INFO - Processing file /home/airflow/.local/lib/python3.12/site-packages/airflow/example_dags/example_time_delta_sensor_async.py for tasks to queue
[2026-06-29T22:42:52.186+0000] {logging_mixin.py:190} INFO - [2026-06-29T22:42:52.186+0000] {dagbag.py:588} INFO - Filling up the DagBag from /home/airflow/.local/lib/python3.12/site-packages/airflow/example_dags/example_time_delta_sensor_async.py
[2026-06-29T22:42:52.201+0000] {processor.py:925} INFO - DAG(s) 'example_time_delta_sensor_async' retrieved from /home/airflow/.local/lib/python3.12/site-packages/airflow/example_dags/example_time_delta_sensor_async.py
[2026-06-29T22:42:52.234+0000] {logging_mixin.py:190} INFO - [2026-06-29T22:42:52.234+0000] {dag.py:3239} INFO - Sync 1 DAGs
[2026-06-29T22:42:52.255+0000] {logging_mixin.py:190} INFO - [2026-06-29T22:42:52.254+0000] {dag.py:4180} INFO - Setting next_dagrun for example_time_delta_sensor_async to None, run_after=None
[2026-06-29T22:42:52.286+0000] {processor.py:208} INFO - Processing /home/airflow/.local/lib/python3.12/site-packages/airflow/example_dags/example_time_delta_sensor_async.py took 0.118 seconds
[2026-06-29T22:43:22.535+0000] {processor.py:186} INFO - Started process (PID=338) to work on /home/airflow/.local/lib/python3.12/site-packages/airflow/example_dags/example_time_delta_sensor_async.py
[2026-06-29T22:43:22.537+0000] {processor.py:914} INFO - Processing file /home/airflow/.local/lib/python3.12/site-packages/airflow/example_dags/example_time_delta_sensor_async.py for tasks to queue
[2026-06-29T22:43:22.540+0000] {logging_mixin.py:190} INFO - [2026-06-29T22:43:22.539+0000] {dagbag.py:588} INFO - Filling up the DagBag from /home/airflow/.local/lib/python3.12/site-packages/airflow/example_dags/example_time_delta_sensor_async.py
[2026-06-29T22:43:22.549+0000] {processor.py:925} INFO - DAG(s) 'example_time_delta_sensor_async' retrieved from /home/airflow/.local/lib/python3.12/site-packages/airflow/example_dags/example_time_delta_sensor_async.py
[2026-06-29T22:43:22.574+0000] {logging_mixin.py:190} INFO - [2026-06-29T22:43:22.573+0000] {dag.py:3239} INFO - Sync 1 DAGs
[2026-06-29T22:43:22.589+0000] {logging_mixin.py:190} INFO - [2026-06-29T22:43:22.589+0000] {dag.py:4180} INFO - Setting next_dagrun for example_time_delta_sensor_async to None, run_after=None
[2026-06-29T22:43:22.615+0000] {processor.py:208} INFO - Processing /home/airflow/.local/lib/python3.12/site-packages/airflow/example_dags/example_time_delta_sensor_async.py took 0.090 seconds
[2026-06-29T22:43:52.742+0000] {processor.py:186} INFO - Started process (PID=403) to work on /home/airflow/.local/lib/python3.12/site-packages/airflow/example_dags/example_time_delta_sensor_async.py
[2026-06-29T22:43:52.746+0000] {processor.py:914} INFO - Processing file /home/airflow/.local/lib/python3.12/site-packages/airflow/example_dags/example_time_delta_sensor_async.py for tasks to queue
[2026-06-29T22:43:52.750+0000] {logging_mixin.py:190} INFO - [2026-06-29T22:43:52.749+0000] {dagbag.py:588} INFO - Filling up the DagBag from /home/airflow/.local/lib/python3.12/site-packages/airflow/example_dags/example_time_delta_sensor_async.py
[2026-06-29T22:43:52.760+0000] {processor.py:925} INFO - DAG(s) 'example_time_delta_sensor_async' retrieved from /home/airflow/.local/lib/python3.12/site-packages/airflow/example_dags/example_time_delta_sensor_async.py
[2026-06-29T22:43:52.797+0000] {logging_mixin.py:190} INFO - [2026-06-29T22:43:52.796+0000] {dag.py:3239} INFO - Sync 1 DAGs
[2026-06-29T22:43:52.818+0000] {logging_mixin.py:190} INFO - [2026-06-29T22:43:52.818+0000] {dag.py:4180} INFO - Setting next_dagrun for example_time_delta_sensor_async to None, run_after=None
[2026-06-29T22:43:52.859+0000] {processor.py:208} INFO - Processing /home/airflow/.local/lib/python3.12/site-packages/airflow/example_dags/example_time_delta_sensor_async.py took 0.126 seconds
[2026-06-29T22:44:23.141+0000] {processor.py:186} INFO - Started process (PID=467) to work on /home/airflow/.local/lib/python3.12/site-packages/airflow/example_dags/example_time_delta_sensor_async.py
[2026-06-29T22:44:23.143+0000] {processor.py:914} INFO - Processing file /home/airflow/.local/lib/python3.12/site-packages/airflow/example_dags/example_time_delta_sensor_async.py for tasks to queue
[2026-06-29T22:44:23.146+0000] {logging_mixin.py:190} INFO - [2026-06-29T22:44:23.146+0000] {dagbag.py:588} INFO - Filling up the DagBag from /home/airflow/.local/lib/python3.12/site-packages/airflow/example_dags/example_time_delta_sensor_async.py
[2026-06-29T22:44:23.154+0000] {processor.py:925} INFO - DAG(s) 'example_time_delta_sensor_async' retrieved from /home/airflow/.local/lib/python3.12/site-packages/airflow/example_dags/example_time_delta_sensor_async.py
[2026-06-29T22:44:23.178+0000] {logging_mixin.py:190} INFO - [2026-06-29T22:44:23.178+0000] {dag.py:3239} INFO - Sync 1 DAGs
[2026-06-29T22:44:23.194+0000] {logging_mixin.py:190} INFO - [2026-06-29T22:44:23.194+0000] {dag.py:4180} INFO - Setting next_dagrun for example_time_delta_sensor_async to None, run_after=None
[2026-06-29T22:44:23.220+0000] {processor.py:208} INFO - Processing /home/airflow/.local/lib/python3.12/site-packages/airflow/example_dags/example_time_delta_sensor_async.py took 0.086 seconds
[2026-06-29T22:44:53.653+0000] {processor.py:186} INFO - Started process (PID=532) to work on /home/airflow/.local/lib/python3.12/site-packages/airflow/example_dags/example_time_delta_sensor_async.py
[2026-06-29T22:44:53.657+0000] {processor.py:914} INFO - Processing file /home/airflow/.local/lib/python3.12/site-packages/airflow/example_dags/example_time_delta_sensor_async.py for tasks to queue
[2026-06-29T22:44:53.668+0000] {logging_mixin.py:190} INFO - [2026-06-29T22:44:53.667+0000] {dagbag.py:588} INFO - Filling up the DagBag from /home/airflow/.local/lib/python3.12/site-packages/airflow/example_dags/example_time_delta_sensor_async.py
[2026-06-29T22:44:53.685+0000] {processor.py:925} INFO - DAG(s) 'example_time_delta_sensor_async' retrieved from /home/airflow/.local/lib/python3.12/site-packages/airflow/example_dags/example_time_delta_sensor_async.py
[2026-06-29T22:44:53.740+0000] {logging_mixin.py:190} INFO - [2026-06-29T22:44:53.740+0000] {dag.py:3239} INFO - Sync 1 DAGs
[2026-06-29T22:44:53.778+0000] {logging_mixin.py:190} INFO - [2026-06-29T22:44:53.777+0000] {dag.py:4180} INFO - Setting next_dagrun for example_time_delta_sensor_async to None, run_after=None
[2026-06-29T22:44:53.831+0000] {processor.py:208} INFO - Processing /home/airflow/.local/lib/python3.12/site-packages/airflow/example_dags/example_time_delta_sensor_async.py took 0.197 seconds
[2026-06-29T22:45:24.219+0000] {processor.py:186} INFO - Started process (PID=595) to work on /home/airflow/.local/lib/python3.12/site-packages/airflow/example_dags/example_time_delta_sensor_async.py
[2026-06-29T22:45:24.221+0000] {processor.py:914} INFO - Processing file /home/airflow/.local/lib/python3.12/site-packages/airflow/example_dags/example_time_delta_sensor_async.py for tasks to queue
[2026-06-29T22:45:24.226+0000] {logging_mixin.py:190} INFO - [2026-06-29T22:45:24.225+0000] {dagbag.py:588} INFO - Filling up the DagBag from /home/airflow/.local/lib/python3.12/site-packages/airflow/example_dags/example_time_delta_sensor_async.py
[2026-06-29T22:45:24.234+0000] {processor.py:925} INFO - DAG(s) 'example_time_delta_sensor_async' retrieved from /home/airflow/.local/lib/python3.12/site-packages/airflow/example_dags/example_time_delta_sensor_async.py
[2026-06-29T22:45:24.268+0000] {logging_mixin.py:190} INFO - [2026-06-29T22:45:24.267+0000] {dag.py:3239} INFO - Sync 1 DAGs
[2026-06-29T22:45:24.288+0000] {logging_mixin.py:190} INFO - [2026-06-29T22:45:24.288+0000] {dag.py:4180} INFO - Setting next_dagrun for example_time_delta_sensor_async to None, run_after=None
[2026-06-29T22:45:24.327+0000] {processor.py:208} INFO - Processing /home/airflow/.local/lib/python3.12/site-packages/airflow/example_dags/example_time_delta_sensor_async.py took 0.115 seconds
[2026-06-29T22:45:54.740+0000] {processor.py:186} INFO - Started process (PID=659) to work on /home/airflow/.local/lib/python3.12/site-packages/airflow/example_dags/example_time_delta_sensor_async.py
[2026-06-29T22:45:54.742+0000] {processor.py:914} INFO - Processing file /home/airflow/.local/lib/python3.12/site-packages/airflow/example_dags/example_time_delta_sensor_async.py for tasks to queue
[2026-06-29T22:45:54.745+0000] {logging_mixin.py:190} INFO - [2026-06-29T22:45:54.744+0000] {dagbag.py:588} INFO - Filling up the DagBag from /home/airflow/.local/lib/python3.12/site-packages/airflow/example_dags/example_time_delta_sensor_async.py
[2026-06-29T22:45:54.751+0000] {processor.py:925} INFO - DAG(s) 'example_time_delta_sensor_async' retrieved from /home/airflow/.local/lib/python3.12/site-packages/airflow/example_dags/example_time_delta_sensor_async.py
[2026-06-29T22:45:54.773+0000] {logging_mixin.py:190} INFO - [2026-06-29T22:45:54.773+0000] {dag.py:3239} INFO - Sync 1 DAGs
[2026-06-29T22:45:54.785+0000] {logging_mixin.py:190} INFO - [2026-06-29T22:45:54.785+0000] {dag.py:4180} INFO - Setting next_dagrun for example_time_delta_sensor_async to None, run_after=None
[2026-06-29T22:45:54.807+0000] {processor.py:208} INFO - Processing /home/airflow/.local/lib/python3.12/site-packages/airflow/example_dags/example_time_delta_sensor_async.py took 0.073 seconds
[2026-06-29T22:46:25.213+0000] {processor.py:186} INFO - Started process (PID=723) to work on /home/airflow/.local/lib/python3.12/site-packages/airflow/example_dags/example_time_delta_sensor_async.py
[2026-06-29T22:46:25.215+0000] {processor.py:914} INFO - Processing file /home/airflow/.local/lib/python3.12/site-packages/airflow/example_dags/example_time_delta_sensor_async.py for tasks to queue
[2026-06-29T22:46:25.219+0000] {logging_mixin.py:190} INFO - [2026-06-29T22:46:25.218+0000] {dagbag.py:588} INFO - Filling up the DagBag from /home/airflow/.local/lib/python3.12/site-packages/airflow/example_dags/example_time_delta_sensor_async.py
[2026-06-29T22:46:25.228+0000] {processor.py:925} INFO - DAG(s) 'example_time_delta_sensor_async' retrieved from /home/airflow/.local/lib/python3.12/site-packages/airflow/example_dags/example_time_delta_sensor_async.py
[2026-06-29T22:46:25.252+0000] {logging_mixin.py:190} INFO - [2026-06-29T22:46:25.252+0000] {dag.py:3239} INFO - Sync 1 DAGs
[2026-06-29T22:46:25.268+0000] {logging_mixin.py:190} INFO - [2026-06-29T22:46:25.267+0000] {dag.py:4180} INFO - Setting next_dagrun for example_time_delta_sensor_async to None, run_after=None
[2026-06-29T22:46:25.288+0000] {processor.py:208} INFO - Processing /home/airflow/.local/lib/python3.12/site-packages/airflow/example_dags/example_time_delta_sensor_async.py took 0.082 seconds
[2026-06-29T22:46:55.581+0000] {processor.py:186} INFO - Started process (PID=786) to work on /home/airflow/.local/lib/python3.12/site-packages/airflow/example_dags/example_time_delta_sensor_async.py
[2026-06-29T22:46:55.583+0000] {processor.py:914} INFO - Processing file /home/airflow/.local/lib/python3.12/site-packages/airflow/example_dags/example_time_delta_sensor_async.py for tasks to queue
[2026-06-29T22:46:55.594+0000] {logging_mixin.py:190} INFO - [2026-06-29T22:46:55.593+0000] {dagbag.py:588} INFO - Filling up the DagBag from /home/airflow/.local/lib/python3.12/site-packages/airflow/example_dags/example_time_delta_sensor_async.py
[2026-06-29T22:46:55.616+0000] {processor.py:925} INFO - DAG(s) 'example_time_delta_sensor_async' retrieved from /home/airflow/.local/lib/python3.12/site-packages/airflow/example_dags/example_time_delta_sensor_async.py
[2026-06-29T22:46:55.683+0000] {logging_mixin.py:190} INFO - [2026-06-29T22:46:55.683+0000] {dag.py:3239} INFO - Sync 1 DAGs
[2026-06-29T22:46:55.719+0000] {logging_mixin.py:190} INFO - [2026-06-29T22:46:55.718+0000] {dag.py:4180} INFO - Setting next_dagrun for example_time_delta_sensor_async to None, run_after=None
[2026-06-29T22:46:55.772+0000] {processor.py:208} INFO - Processing /home/airflow/.local/lib/python3.12/site-packages/airflow/example_dags/example_time_delta_sensor_async.py took 0.213 seconds
