[2026-06-29T21:59:17.322+0000] {processor.py:186} INFO - Started process (PID=111) to work on /home/airflow/.local/lib/python3.12/site-packages/airflow/example_dags/example_task_group.py
[2026-06-29T21:59:17.325+0000] {processor.py:914} INFO - Processing file /home/airflow/.local/lib/python3.12/site-packages/airflow/example_dags/example_task_group.py for tasks to queue
[2026-06-29T21:59:17.337+0000] {logging_mixin.py:190} INFO - [2026-06-29T21:59:17.337+0000] {dagbag.py:588} INFO - Filling up the DagBag from /home/airflow/.local/lib/python3.12/site-packages/airflow/example_dags/example_task_group.py
[2026-06-29T21:59:17.378+0000] {processor.py:925} INFO - DAG(s) 'example_task_group' retrieved from /home/airflow/.local/lib/python3.12/site-packages/airflow/example_dags/example_task_group.py
[2026-06-29T21:59:17.672+0000] {logging_mixin.py:190} INFO - [2026-06-29T21:59:17.671+0000] {override.py:1912} INFO - Created Permission View: can read on DAG:example_task_group
[2026-06-29T21:59:17.707+0000] {logging_mixin.py:190} INFO - [2026-06-29T21:59:17.706+0000] {override.py:1912} INFO - Created Permission View: can delete on DAG:example_task_group
[2026-06-29T21:59:17.740+0000] {logging_mixin.py:190} INFO - [2026-06-29T21:59:17.739+0000] {override.py:1912} INFO - Created Permission View: can edit on DAG:example_task_group
[2026-06-29T21:59:17.777+0000] {logging_mixin.py:190} INFO - [2026-06-29T21:59:17.777+0000] {override.py:1912} INFO - Created Permission View: menu access on DAG Run:example_task_group
[2026-06-29T21:59:17.805+0000] {logging_mixin.py:190} INFO - [2026-06-29T21:59:17.803+0000] {override.py:1912} INFO - Created Permission View: can read on DAG Run:example_task_group
[2026-06-29T21:59:17.825+0000] {logging_mixin.py:190} INFO - [2026-06-29T21:59:17.825+0000] {override.py:1912} INFO - Created Permission View: can delete on DAG Run:example_task_group
[2026-06-29T21:59:17.842+0000] {logging_mixin.py:190} INFO - [2026-06-29T21:59:17.842+0000] {override.py:1912} INFO - Created Permission View: can create on DAG Run:example_task_group
[2026-06-29T21:59:17.846+0000] {logging_mixin.py:190} INFO - [2026-06-29T21:59:17.846+0000] {dag.py:3239} INFO - Sync 1 DAGs
[2026-06-29T21:59:17.879+0000] {logging_mixin.py:190} INFO - [2026-06-29T21:59:17.879+0000] {dag.py:3262} INFO - Creating ORM DAG for example_task_group
[2026-06-29T21:59:17.883+0000] {logging_mixin.py:190} INFO - [2026-06-29T21:59:17.883+0000] {dag.py:4180} INFO - Setting next_dagrun for example_task_group to None, run_after=None
[2026-06-29T21:59:17.915+0000] {processor.py:208} INFO - Processing /home/airflow/.local/lib/python3.12/site-packages/airflow/example_dags/example_task_group.py took 0.604 seconds
[2026-06-29T21:59:48.706+0000] {processor.py:186} INFO - Started process (PID=174) to work on /home/airflow/.local/lib/python3.12/site-packages/airflow/example_dags/example_task_group.py
[2026-06-29T21:59:48.717+0000] {processor.py:914} INFO - Processing file /home/airflow/.local/lib/python3.12/site-packages/airflow/example_dags/example_task_group.py for tasks to queue
[2026-06-29T21:59:48.727+0000] {logging_mixin.py:190} INFO - [2026-06-29T21:59:48.726+0000] {dagbag.py:588} INFO - Filling up the DagBag from /home/airflow/.local/lib/python3.12/site-packages/airflow/example_dags/example_task_group.py
[2026-06-29T21:59:48.746+0000] {processor.py:925} INFO - DAG(s) 'example_task_group' retrieved from /home/airflow/.local/lib/python3.12/site-packages/airflow/example_dags/example_task_group.py
[2026-06-29T21:59:48.802+0000] {logging_mixin.py:190} INFO - [2026-06-29T21:59:48.802+0000] {dag.py:3239} INFO - Sync 1 DAGs
[2026-06-29T21:59:48.841+0000] {logging_mixin.py:190} INFO - [2026-06-29T21:59:48.841+0000] {dag.py:4180} INFO - Setting next_dagrun for example_task_group to None, run_after=None
[2026-06-29T21:59:48.901+0000] {processor.py:208} INFO - Processing /home/airflow/.local/lib/python3.12/site-packages/airflow/example_dags/example_task_group.py took 0.206 seconds
[2026-06-29T22:00:19.186+0000] {processor.py:186} INFO - Started process (PID=237) to work on /home/airflow/.local/lib/python3.12/site-packages/airflow/example_dags/example_task_group.py
[2026-06-29T22:00:19.188+0000] {processor.py:914} INFO - Processing file /home/airflow/.local/lib/python3.12/site-packages/airflow/example_dags/example_task_group.py for tasks to queue
[2026-06-29T22:00:19.192+0000] {logging_mixin.py:190} INFO - [2026-06-29T22:00:19.191+0000] {dagbag.py:588} INFO - Filling up the DagBag from /home/airflow/.local/lib/python3.12/site-packages/airflow/example_dags/example_task_group.py
[2026-06-29T22:00:19.204+0000] {processor.py:925} INFO - DAG(s) 'example_task_group' retrieved from /home/airflow/.local/lib/python3.12/site-packages/airflow/example_dags/example_task_group.py
[2026-06-29T22:00:19.242+0000] {logging_mixin.py:190} INFO - [2026-06-29T22:00:19.242+0000] {dag.py:3239} INFO - Sync 1 DAGs
[2026-06-29T22:00:19.269+0000] {logging_mixin.py:190} INFO - [2026-06-29T22:00:19.269+0000] {dag.py:4180} INFO - Setting next_dagrun for example_task_group to None, run_after=None
[2026-06-29T22:00:19.308+0000] {processor.py:208} INFO - Processing /home/airflow/.local/lib/python3.12/site-packages/airflow/example_dags/example_task_group.py took 0.128 seconds
[2026-06-29T22:00:49.485+0000] {processor.py:186} INFO - Started process (PID=301) to work on /home/airflow/.local/lib/python3.12/site-packages/airflow/example_dags/example_task_group.py
[2026-06-29T22:00:49.487+0000] {processor.py:914} INFO - Processing file /home/airflow/.local/lib/python3.12/site-packages/airflow/example_dags/example_task_group.py for tasks to queue
[2026-06-29T22:00:49.490+0000] {logging_mixin.py:190} INFO - [2026-06-29T22:00:49.489+0000] {dagbag.py:588} INFO - Filling up the DagBag from /home/airflow/.local/lib/python3.12/site-packages/airflow/example_dags/example_task_group.py
[2026-06-29T22:00:49.503+0000] {processor.py:925} INFO - DAG(s) 'example_task_group' retrieved from /home/airflow/.local/lib/python3.12/site-packages/airflow/example_dags/example_task_group.py
[2026-06-29T22:00:49.528+0000] {logging_mixin.py:190} INFO - [2026-06-29T22:00:49.527+0000] {dag.py:3239} INFO - Sync 1 DAGs
[2026-06-29T22:00:49.542+0000] {logging_mixin.py:190} INFO - [2026-06-29T22:00:49.542+0000] {dag.py:4180} INFO - Setting next_dagrun for example_task_group to None, run_after=None
[2026-06-29T22:00:49.562+0000] {processor.py:208} INFO - Processing /home/airflow/.local/lib/python3.12/site-packages/airflow/example_dags/example_task_group.py took 0.083 seconds
[2026-06-29T22:01:21.316+0000] {processor.py:186} INFO - Started process (PID=364) to work on /home/airflow/.local/lib/python3.12/site-packages/airflow/example_dags/example_task_group.py
[2026-06-29T22:01:21.320+0000] {processor.py:914} INFO - Processing file /home/airflow/.local/lib/python3.12/site-packages/airflow/example_dags/example_task_group.py for tasks to queue
[2026-06-29T22:01:21.325+0000] {logging_mixin.py:190} INFO - [2026-06-29T22:01:21.325+0000] {dagbag.py:588} INFO - Filling up the DagBag from /home/airflow/.local/lib/python3.12/site-packages/airflow/example_dags/example_task_group.py
[2026-06-29T22:01:21.344+0000] {processor.py:925} INFO - DAG(s) 'example_task_group' retrieved from /home/airflow/.local/lib/python3.12/site-packages/airflow/example_dags/example_task_group.py
[2026-06-29T22:01:21.396+0000] {logging_mixin.py:190} INFO - [2026-06-29T22:01:21.395+0000] {dag.py:3239} INFO - Sync 1 DAGs
[2026-06-29T22:01:21.430+0000] {logging_mixin.py:190} INFO - [2026-06-29T22:01:21.430+0000] {dag.py:4180} INFO - Setting next_dagrun for example_task_group to None, run_after=None
[2026-06-29T22:01:21.473+0000] {processor.py:208} INFO - Processing /home/airflow/.local/lib/python3.12/site-packages/airflow/example_dags/example_task_group.py took 0.168 seconds
[2026-06-29T22:01:52.082+0000] {processor.py:186} INFO - Started process (PID=427) to work on /home/airflow/.local/lib/python3.12/site-packages/airflow/example_dags/example_task_group.py
[2026-06-29T22:01:52.086+0000] {processor.py:914} INFO - Processing file /home/airflow/.local/lib/python3.12/site-packages/airflow/example_dags/example_task_group.py for tasks to queue
[2026-06-29T22:01:52.094+0000] {logging_mixin.py:190} INFO - [2026-06-29T22:01:52.093+0000] {dagbag.py:588} INFO - Filling up the DagBag from /home/airflow/.local/lib/python3.12/site-packages/airflow/example_dags/example_task_group.py
[2026-06-29T22:01:52.116+0000] {processor.py:925} INFO - DAG(s) 'example_task_group' retrieved from /home/airflow/.local/lib/python3.12/site-packages/airflow/example_dags/example_task_group.py
[2026-06-29T22:01:52.174+0000] {logging_mixin.py:190} INFO - [2026-06-29T22:01:52.173+0000] {dag.py:3239} INFO - Sync 1 DAGs
[2026-06-29T22:01:52.199+0000] {logging_mixin.py:190} INFO - [2026-06-29T22:01:52.199+0000] {dag.py:4180} INFO - Setting next_dagrun for example_task_group to None, run_after=None
[2026-06-29T22:01:52.234+0000] {processor.py:208} INFO - Processing /home/airflow/.local/lib/python3.12/site-packages/airflow/example_dags/example_task_group.py took 0.164 seconds
[2026-06-29T22:02:23.448+0000] {processor.py:186} INFO - Started process (PID=491) to work on /home/airflow/.local/lib/python3.12/site-packages/airflow/example_dags/example_task_group.py
[2026-06-29T22:02:23.451+0000] {processor.py:914} INFO - Processing file /home/airflow/.local/lib/python3.12/site-packages/airflow/example_dags/example_task_group.py for tasks to queue
[2026-06-29T22:02:23.456+0000] {logging_mixin.py:190} INFO - [2026-06-29T22:02:23.456+0000] {dagbag.py:588} INFO - Filling up the DagBag from /home/airflow/.local/lib/python3.12/site-packages/airflow/example_dags/example_task_group.py
[2026-06-29T22:02:23.481+0000] {processor.py:925} INFO - DAG(s) 'example_task_group' retrieved from /home/airflow/.local/lib/python3.12/site-packages/airflow/example_dags/example_task_group.py
[2026-06-29T22:02:23.539+0000] {logging_mixin.py:190} INFO - [2026-06-29T22:02:23.538+0000] {dag.py:3239} INFO - Sync 1 DAGs
[2026-06-29T22:02:23.574+0000] {logging_mixin.py:190} INFO - [2026-06-29T22:02:23.573+0000] {dag.py:4180} INFO - Setting next_dagrun for example_task_group to None, run_after=None
[2026-06-29T22:02:23.620+0000] {processor.py:208} INFO - Processing /home/airflow/.local/lib/python3.12/site-packages/airflow/example_dags/example_task_group.py took 0.186 seconds
[2026-06-29T22:02:59.519+0000] {processor.py:186} INFO - Started process (PID=554) to work on /home/airflow/.local/lib/python3.12/site-packages/airflow/example_dags/example_task_group.py
[2026-06-29T22:02:59.522+0000] {processor.py:914} INFO - Processing file /home/airflow/.local/lib/python3.12/site-packages/airflow/example_dags/example_task_group.py for tasks to queue
[2026-06-29T22:02:59.529+0000] {logging_mixin.py:190} INFO - [2026-06-29T22:02:59.528+0000] {dagbag.py:588} INFO - Filling up the DagBag from /home/airflow/.local/lib/python3.12/site-packages/airflow/example_dags/example_task_group.py
[2026-06-29T22:02:59.550+0000] {processor.py:925} INFO - DAG(s) 'example_task_group' retrieved from /home/airflow/.local/lib/python3.12/site-packages/airflow/example_dags/example_task_group.py
[2026-06-29T22:02:59.603+0000] {logging_mixin.py:190} INFO - [2026-06-29T22:02:59.603+0000] {dag.py:3239} INFO - Sync 1 DAGs
[2026-06-29T22:02:59.638+0000] {logging_mixin.py:190} INFO - [2026-06-29T22:02:59.637+0000] {dag.py:4180} INFO - Setting next_dagrun for example_task_group to None, run_after=None
[2026-06-29T22:02:59.687+0000] {processor.py:208} INFO - Processing /home/airflow/.local/lib/python3.12/site-packages/airflow/example_dags/example_task_group.py took 0.190 seconds
[2026-06-29T22:03:31.502+0000] {processor.py:186} INFO - Started process (PID=618) to work on /home/airflow/.local/lib/python3.12/site-packages/airflow/example_dags/example_task_group.py
[2026-06-29T22:03:31.507+0000] {processor.py:914} INFO - Processing file /home/airflow/.local/lib/python3.12/site-packages/airflow/example_dags/example_task_group.py for tasks to queue
[2026-06-29T22:03:31.518+0000] {logging_mixin.py:190} INFO - [2026-06-29T22:03:31.517+0000] {dagbag.py:588} INFO - Filling up the DagBag from /home/airflow/.local/lib/python3.12/site-packages/airflow/example_dags/example_task_group.py
[2026-06-29T22:03:31.540+0000] {processor.py:925} INFO - DAG(s) 'example_task_group' retrieved from /home/airflow/.local/lib/python3.12/site-packages/airflow/example_dags/example_task_group.py
[2026-06-29T22:03:31.599+0000] {logging_mixin.py:190} INFO - [2026-06-29T22:03:31.598+0000] {dag.py:3239} INFO - Sync 1 DAGs
[2026-06-29T22:03:31.645+0000] {logging_mixin.py:190} INFO - [2026-06-29T22:03:31.645+0000] {dag.py:4180} INFO - Setting next_dagrun for example_task_group to None, run_after=None
[2026-06-29T22:03:31.721+0000] {processor.py:208} INFO - Processing /home/airflow/.local/lib/python3.12/site-packages/airflow/example_dags/example_task_group.py took 0.248 seconds
[2026-06-29T22:04:03.424+0000] {processor.py:186} INFO - Started process (PID=687) to work on /home/airflow/.local/lib/python3.12/site-packages/airflow/example_dags/example_task_group.py
[2026-06-29T22:04:03.427+0000] {processor.py:914} INFO - Processing file /home/airflow/.local/lib/python3.12/site-packages/airflow/example_dags/example_task_group.py for tasks to queue
[2026-06-29T22:04:03.434+0000] {logging_mixin.py:190} INFO - [2026-06-29T22:04:03.432+0000] {dagbag.py:588} INFO - Filling up the DagBag from /home/airflow/.local/lib/python3.12/site-packages/airflow/example_dags/example_task_group.py
[2026-06-29T22:04:03.454+0000] {processor.py:925} INFO - DAG(s) 'example_task_group' retrieved from /home/airflow/.local/lib/python3.12/site-packages/airflow/example_dags/example_task_group.py
[2026-06-29T22:04:03.511+0000] {logging_mixin.py:190} INFO - [2026-06-29T22:04:03.510+0000] {dag.py:3239} INFO - Sync 1 DAGs
[2026-06-29T22:04:03.547+0000] {logging_mixin.py:190} INFO - [2026-06-29T22:04:03.546+0000] {dag.py:4180} INFO - Setting next_dagrun for example_task_group to None, run_after=None
[2026-06-29T22:04:03.689+0000] {processor.py:208} INFO - Processing /home/airflow/.local/lib/python3.12/site-packages/airflow/example_dags/example_task_group.py took 0.282 seconds
[2026-06-29T22:04:38.620+0000] {processor.py:186} INFO - Started process (PID=751) to work on /home/airflow/.local/lib/python3.12/site-packages/airflow/example_dags/example_task_group.py
[2026-06-29T22:04:38.623+0000] {processor.py:914} INFO - Processing file /home/airflow/.local/lib/python3.12/site-packages/airflow/example_dags/example_task_group.py for tasks to queue
[2026-06-29T22:04:38.648+0000] {logging_mixin.py:190} INFO - [2026-06-29T22:04:38.640+0000] {dagbag.py:588} INFO - Filling up the DagBag from /home/airflow/.local/lib/python3.12/site-packages/airflow/example_dags/example_task_group.py
[2026-06-29T22:04:38.708+0000] {processor.py:925} INFO - DAG(s) 'example_task_group' retrieved from /home/airflow/.local/lib/python3.12/site-packages/airflow/example_dags/example_task_group.py
[2026-06-29T22:04:38.820+0000] {logging_mixin.py:190} INFO - [2026-06-29T22:04:38.818+0000] {dag.py:3239} INFO - Sync 1 DAGs
[2026-06-29T22:04:39.026+0000] {logging_mixin.py:190} INFO - [2026-06-29T22:04:39.025+0000] {dag.py:4180} INFO - Setting next_dagrun for example_task_group to None, run_after=None
[2026-06-29T22:04:39.235+0000] {processor.py:208} INFO - Processing /home/airflow/.local/lib/python3.12/site-packages/airflow/example_dags/example_task_group.py took 0.629 seconds
[2026-06-29T22:05:09.775+0000] {processor.py:186} INFO - Started process (PID=816) to work on /home/airflow/.local/lib/python3.12/site-packages/airflow/example_dags/example_task_group.py
[2026-06-29T22:05:09.776+0000] {processor.py:914} INFO - Processing file /home/airflow/.local/lib/python3.12/site-packages/airflow/example_dags/example_task_group.py for tasks to queue
[2026-06-29T22:05:09.781+0000] {logging_mixin.py:190} INFO - [2026-06-29T22:05:09.780+0000] {dagbag.py:588} INFO - Filling up the DagBag from /home/airflow/.local/lib/python3.12/site-packages/airflow/example_dags/example_task_group.py
[2026-06-29T22:05:09.795+0000] {processor.py:925} INFO - DAG(s) 'example_task_group' retrieved from /home/airflow/.local/lib/python3.12/site-packages/airflow/example_dags/example_task_group.py
[2026-06-29T22:05:09.822+0000] {logging_mixin.py:190} INFO - [2026-06-29T22:05:09.821+0000] {dag.py:3239} INFO - Sync 1 DAGs
[2026-06-29T22:05:09.838+0000] {logging_mixin.py:190} INFO - [2026-06-29T22:05:09.838+0000] {dag.py:4180} INFO - Setting next_dagrun for example_task_group to None, run_after=None
[2026-06-29T22:05:09.866+0000] {processor.py:208} INFO - Processing /home/airflow/.local/lib/python3.12/site-packages/airflow/example_dags/example_task_group.py took 0.098 seconds
[2026-06-29T22:05:40.758+0000] {processor.py:186} INFO - Started process (PID=881) to work on /home/airflow/.local/lib/python3.12/site-packages/airflow/example_dags/example_task_group.py
[2026-06-29T22:05:40.760+0000] {processor.py:914} INFO - Processing file /home/airflow/.local/lib/python3.12/site-packages/airflow/example_dags/example_task_group.py for tasks to queue
[2026-06-29T22:05:40.764+0000] {logging_mixin.py:190} INFO - [2026-06-29T22:05:40.763+0000] {dagbag.py:588} INFO - Filling up the DagBag from /home/airflow/.local/lib/python3.12/site-packages/airflow/example_dags/example_task_group.py
[2026-06-29T22:05:40.777+0000] {processor.py:925} INFO - DAG(s) 'example_task_group' retrieved from /home/airflow/.local/lib/python3.12/site-packages/airflow/example_dags/example_task_group.py
[2026-06-29T22:05:40.802+0000] {logging_mixin.py:190} INFO - [2026-06-29T22:05:40.802+0000] {dag.py:3239} INFO - Sync 1 DAGs
[2026-06-29T22:05:40.818+0000] {logging_mixin.py:190} INFO - [2026-06-29T22:05:40.818+0000] {dag.py:4180} INFO - Setting next_dagrun for example_task_group to None, run_after=None
[2026-06-29T22:05:40.841+0000] {processor.py:208} INFO - Processing /home/airflow/.local/lib/python3.12/site-packages/airflow/example_dags/example_task_group.py took 0.093 seconds
[2026-06-29T22:06:11.483+0000] {processor.py:186} INFO - Started process (PID=945) to work on /home/airflow/.local/lib/python3.12/site-packages/airflow/example_dags/example_task_group.py
[2026-06-29T22:06:11.485+0000] {processor.py:914} INFO - Processing file /home/airflow/.local/lib/python3.12/site-packages/airflow/example_dags/example_task_group.py for tasks to queue
[2026-06-29T22:06:11.488+0000] {logging_mixin.py:190} INFO - [2026-06-29T22:06:11.487+0000] {dagbag.py:588} INFO - Filling up the DagBag from /home/airflow/.local/lib/python3.12/site-packages/airflow/example_dags/example_task_group.py
[2026-06-29T22:06:11.500+0000] {processor.py:925} INFO - DAG(s) 'example_task_group' retrieved from /home/airflow/.local/lib/python3.12/site-packages/airflow/example_dags/example_task_group.py
[2026-06-29T22:06:11.531+0000] {logging_mixin.py:190} INFO - [2026-06-29T22:06:11.531+0000] {dag.py:3239} INFO - Sync 1 DAGs
[2026-06-29T22:06:11.549+0000] {logging_mixin.py:190} INFO - [2026-06-29T22:06:11.549+0000] {dag.py:4180} INFO - Setting next_dagrun for example_task_group to None, run_after=None
[2026-06-29T22:06:11.575+0000] {processor.py:208} INFO - Processing /home/airflow/.local/lib/python3.12/site-packages/airflow/example_dags/example_task_group.py took 0.100 seconds
[2026-06-29T22:08:28.136+0000] {processor.py:186} INFO - Started process (PID=119) to work on /home/airflow/.local/lib/python3.12/site-packages/airflow/example_dags/example_task_group.py
[2026-06-29T22:08:28.139+0000] {processor.py:914} INFO - Processing file /home/airflow/.local/lib/python3.12/site-packages/airflow/example_dags/example_task_group.py for tasks to queue
[2026-06-29T22:08:28.149+0000] {logging_mixin.py:190} INFO - [2026-06-29T22:08:28.147+0000] {dagbag.py:588} INFO - Filling up the DagBag from /home/airflow/.local/lib/python3.12/site-packages/airflow/example_dags/example_task_group.py
[2026-06-29T22:08:28.174+0000] {processor.py:925} INFO - DAG(s) 'example_task_group' retrieved from /home/airflow/.local/lib/python3.12/site-packages/airflow/example_dags/example_task_group.py
[2026-06-29T22:08:28.238+0000] {logging_mixin.py:190} INFO - [2026-06-29T22:08:28.238+0000] {dag.py:3239} INFO - Sync 1 DAGs
[2026-06-29T22:08:28.270+0000] {logging_mixin.py:190} INFO - [2026-06-29T22:08:28.270+0000] {dag.py:4180} INFO - Setting next_dagrun for example_task_group to None, run_after=None
[2026-06-29T22:08:28.324+0000] {processor.py:208} INFO - Processing /home/airflow/.local/lib/python3.12/site-packages/airflow/example_dags/example_task_group.py took 0.204 seconds
[2026-06-29T22:09:04.627+0000] {processor.py:186} INFO - Started process (PID=183) to work on /home/airflow/.local/lib/python3.12/site-packages/airflow/example_dags/example_task_group.py
[2026-06-29T22:09:04.631+0000] {processor.py:914} INFO - Processing file /home/airflow/.local/lib/python3.12/site-packages/airflow/example_dags/example_task_group.py for tasks to queue
[2026-06-29T22:09:04.637+0000] {logging_mixin.py:190} INFO - [2026-06-29T22:09:04.636+0000] {dagbag.py:588} INFO - Filling up the DagBag from /home/airflow/.local/lib/python3.12/site-packages/airflow/example_dags/example_task_group.py
[2026-06-29T22:09:04.668+0000] {processor.py:925} INFO - DAG(s) 'example_task_group' retrieved from /home/airflow/.local/lib/python3.12/site-packages/airflow/example_dags/example_task_group.py
[2026-06-29T22:09:04.822+0000] {logging_mixin.py:190} INFO - [2026-06-29T22:09:04.821+0000] {dag.py:3239} INFO - Sync 1 DAGs
[2026-06-29T22:09:04.868+0000] {logging_mixin.py:190} INFO - [2026-06-29T22:09:04.868+0000] {dag.py:4180} INFO - Setting next_dagrun for example_task_group to None, run_after=None
[2026-06-29T22:09:04.920+0000] {processor.py:208} INFO - Processing /home/airflow/.local/lib/python3.12/site-packages/airflow/example_dags/example_task_group.py took 0.311 seconds
[2026-06-29T22:09:37.928+0000] {processor.py:186} INFO - Started process (PID=253) to work on /home/airflow/.local/lib/python3.12/site-packages/airflow/example_dags/example_task_group.py
[2026-06-29T22:09:37.931+0000] {processor.py:914} INFO - Processing file /home/airflow/.local/lib/python3.12/site-packages/airflow/example_dags/example_task_group.py for tasks to queue
[2026-06-29T22:09:37.935+0000] {logging_mixin.py:190} INFO - [2026-06-29T22:09:37.934+0000] {dagbag.py:588} INFO - Filling up the DagBag from /home/airflow/.local/lib/python3.12/site-packages/airflow/example_dags/example_task_group.py
[2026-06-29T22:09:37.950+0000] {processor.py:925} INFO - DAG(s) 'example_task_group' retrieved from /home/airflow/.local/lib/python3.12/site-packages/airflow/example_dags/example_task_group.py
[2026-06-29T22:09:37.987+0000] {logging_mixin.py:190} INFO - [2026-06-29T22:09:37.986+0000] {dag.py:3239} INFO - Sync 1 DAGs
[2026-06-29T22:09:38.020+0000] {logging_mixin.py:190} INFO - [2026-06-29T22:09:38.019+0000] {dag.py:4180} INFO - Setting next_dagrun for example_task_group to None, run_after=None
[2026-06-29T22:09:38.062+0000] {processor.py:208} INFO - Processing /home/airflow/.local/lib/python3.12/site-packages/airflow/example_dags/example_task_group.py took 0.144 seconds
[2026-06-29T22:10:14.823+0000] {processor.py:186} INFO - Started process (PID=318) to work on /home/airflow/.local/lib/python3.12/site-packages/airflow/example_dags/example_task_group.py
[2026-06-29T22:10:14.826+0000] {processor.py:914} INFO - Processing file /home/airflow/.local/lib/python3.12/site-packages/airflow/example_dags/example_task_group.py for tasks to queue
[2026-06-29T22:10:14.835+0000] {logging_mixin.py:190} INFO - [2026-06-29T22:10:14.834+0000] {dagbag.py:588} INFO - Filling up the DagBag from /home/airflow/.local/lib/python3.12/site-packages/airflow/example_dags/example_task_group.py
[2026-06-29T22:10:14.852+0000] {processor.py:925} INFO - DAG(s) 'example_task_group' retrieved from /home/airflow/.local/lib/python3.12/site-packages/airflow/example_dags/example_task_group.py
[2026-06-29T22:10:14.895+0000] {logging_mixin.py:190} INFO - [2026-06-29T22:10:14.894+0000] {dag.py:3239} INFO - Sync 1 DAGs
[2026-06-29T22:10:14.917+0000] {logging_mixin.py:190} INFO - [2026-06-29T22:10:14.917+0000] {dag.py:4180} INFO - Setting next_dagrun for example_task_group to None, run_after=None
[2026-06-29T22:10:14.952+0000] {processor.py:208} INFO - Processing /home/airflow/.local/lib/python3.12/site-packages/airflow/example_dags/example_task_group.py took 0.146 seconds
[2026-06-29T22:10:45.383+0000] {processor.py:186} INFO - Started process (PID=382) to work on /home/airflow/.local/lib/python3.12/site-packages/airflow/example_dags/example_task_group.py
[2026-06-29T22:10:45.386+0000] {processor.py:914} INFO - Processing file /home/airflow/.local/lib/python3.12/site-packages/airflow/example_dags/example_task_group.py for tasks to queue
[2026-06-29T22:10:45.395+0000] {logging_mixin.py:190} INFO - [2026-06-29T22:10:45.393+0000] {dagbag.py:588} INFO - Filling up the DagBag from /home/airflow/.local/lib/python3.12/site-packages/airflow/example_dags/example_task_group.py
[2026-06-29T22:10:45.412+0000] {processor.py:925} INFO - DAG(s) 'example_task_group' retrieved from /home/airflow/.local/lib/python3.12/site-packages/airflow/example_dags/example_task_group.py
[2026-06-29T22:10:45.479+0000] {logging_mixin.py:190} INFO - [2026-06-29T22:10:45.479+0000] {dag.py:3239} INFO - Sync 1 DAGs
[2026-06-29T22:10:45.524+0000] {logging_mixin.py:190} INFO - [2026-06-29T22:10:45.523+0000] {dag.py:4180} INFO - Setting next_dagrun for example_task_group to None, run_after=None
[2026-06-29T22:10:45.581+0000] {processor.py:208} INFO - Processing /home/airflow/.local/lib/python3.12/site-packages/airflow/example_dags/example_task_group.py took 0.215 seconds
[2026-06-29T22:11:16.518+0000] {processor.py:186} INFO - Started process (PID=446) to work on /home/airflow/.local/lib/python3.12/site-packages/airflow/example_dags/example_task_group.py
[2026-06-29T22:11:16.520+0000] {processor.py:914} INFO - Processing file /home/airflow/.local/lib/python3.12/site-packages/airflow/example_dags/example_task_group.py for tasks to queue
[2026-06-29T22:11:16.525+0000] {logging_mixin.py:190} INFO - [2026-06-29T22:11:16.524+0000] {dagbag.py:588} INFO - Filling up the DagBag from /home/airflow/.local/lib/python3.12/site-packages/airflow/example_dags/example_task_group.py
[2026-06-29T22:11:16.536+0000] {processor.py:925} INFO - DAG(s) 'example_task_group' retrieved from /home/airflow/.local/lib/python3.12/site-packages/airflow/example_dags/example_task_group.py
[2026-06-29T22:11:16.564+0000] {logging_mixin.py:190} INFO - [2026-06-29T22:11:16.563+0000] {dag.py:3239} INFO - Sync 1 DAGs
[2026-06-29T22:11:16.581+0000] {logging_mixin.py:190} INFO - [2026-06-29T22:11:16.580+0000] {dag.py:4180} INFO - Setting next_dagrun for example_task_group to None, run_after=None
[2026-06-29T22:11:16.612+0000] {processor.py:208} INFO - Processing /home/airflow/.local/lib/python3.12/site-packages/airflow/example_dags/example_task_group.py took 0.102 seconds
[2026-06-29T22:11:47.436+0000] {processor.py:186} INFO - Started process (PID=510) to work on /home/airflow/.local/lib/python3.12/site-packages/airflow/example_dags/example_task_group.py
[2026-06-29T22:11:47.438+0000] {processor.py:914} INFO - Processing file /home/airflow/.local/lib/python3.12/site-packages/airflow/example_dags/example_task_group.py for tasks to queue
[2026-06-29T22:11:47.444+0000] {logging_mixin.py:190} INFO - [2026-06-29T22:11:47.443+0000] {dagbag.py:588} INFO - Filling up the DagBag from /home/airflow/.local/lib/python3.12/site-packages/airflow/example_dags/example_task_group.py
[2026-06-29T22:11:47.454+0000] {processor.py:925} INFO - DAG(s) 'example_task_group' retrieved from /home/airflow/.local/lib/python3.12/site-packages/airflow/example_dags/example_task_group.py
[2026-06-29T22:11:47.480+0000] {logging_mixin.py:190} INFO - [2026-06-29T22:11:47.480+0000] {dag.py:3239} INFO - Sync 1 DAGs
[2026-06-29T22:11:47.496+0000] {logging_mixin.py:190} INFO - [2026-06-29T22:11:47.496+0000] {dag.py:4180} INFO - Setting next_dagrun for example_task_group to None, run_after=None
[2026-06-29T22:11:47.525+0000] {processor.py:208} INFO - Processing /home/airflow/.local/lib/python3.12/site-packages/airflow/example_dags/example_task_group.py took 0.097 seconds
[2026-06-29T22:12:18.195+0000] {processor.py:186} INFO - Started process (PID=574) to work on /home/airflow/.local/lib/python3.12/site-packages/airflow/example_dags/example_task_group.py
[2026-06-29T22:12:18.196+0000] {processor.py:914} INFO - Processing file /home/airflow/.local/lib/python3.12/site-packages/airflow/example_dags/example_task_group.py for tasks to queue
[2026-06-29T22:12:18.200+0000] {logging_mixin.py:190} INFO - [2026-06-29T22:12:18.199+0000] {dagbag.py:588} INFO - Filling up the DagBag from /home/airflow/.local/lib/python3.12/site-packages/airflow/example_dags/example_task_group.py
[2026-06-29T22:12:18.211+0000] {processor.py:925} INFO - DAG(s) 'example_task_group' retrieved from /home/airflow/.local/lib/python3.12/site-packages/airflow/example_dags/example_task_group.py
[2026-06-29T22:12:18.241+0000] {logging_mixin.py:190} INFO - [2026-06-29T22:12:18.240+0000] {dag.py:3239} INFO - Sync 1 DAGs
[2026-06-29T22:12:18.254+0000] {logging_mixin.py:190} INFO - [2026-06-29T22:12:18.254+0000] {dag.py:4180} INFO - Setting next_dagrun for example_task_group to None, run_after=None
[2026-06-29T22:12:18.279+0000] {processor.py:208} INFO - Processing /home/airflow/.local/lib/python3.12/site-packages/airflow/example_dags/example_task_group.py took 0.091 seconds
[2026-06-29T22:12:48.997+0000] {processor.py:186} INFO - Started process (PID=638) to work on /home/airflow/.local/lib/python3.12/site-packages/airflow/example_dags/example_task_group.py
[2026-06-29T22:12:48.999+0000] {processor.py:914} INFO - Processing file /home/airflow/.local/lib/python3.12/site-packages/airflow/example_dags/example_task_group.py for tasks to queue
[2026-06-29T22:12:49.005+0000] {logging_mixin.py:190} INFO - [2026-06-29T22:12:49.005+0000] {dagbag.py:588} INFO - Filling up the DagBag from /home/airflow/.local/lib/python3.12/site-packages/airflow/example_dags/example_task_group.py
[2026-06-29T22:12:49.029+0000] {processor.py:925} INFO - DAG(s) 'example_task_group' retrieved from /home/airflow/.local/lib/python3.12/site-packages/airflow/example_dags/example_task_group.py
[2026-06-29T22:12:49.079+0000] {logging_mixin.py:190} INFO - [2026-06-29T22:12:49.078+0000] {dag.py:3239} INFO - Sync 1 DAGs
[2026-06-29T22:12:49.107+0000] {logging_mixin.py:190} INFO - [2026-06-29T22:12:49.106+0000] {dag.py:4180} INFO - Setting next_dagrun for example_task_group to None, run_after=None
[2026-06-29T22:12:49.140+0000] {processor.py:208} INFO - Processing /home/airflow/.local/lib/python3.12/site-packages/airflow/example_dags/example_task_group.py took 0.159 seconds
[2026-06-29T22:13:21.251+0000] {processor.py:186} INFO - Started process (PID=702) to work on /home/airflow/.local/lib/python3.12/site-packages/airflow/example_dags/example_task_group.py
[2026-06-29T22:13:21.254+0000] {processor.py:914} INFO - Processing file /home/airflow/.local/lib/python3.12/site-packages/airflow/example_dags/example_task_group.py for tasks to queue
[2026-06-29T22:13:21.259+0000] {logging_mixin.py:190} INFO - [2026-06-29T22:13:21.258+0000] {dagbag.py:588} INFO - Filling up the DagBag from /home/airflow/.local/lib/python3.12/site-packages/airflow/example_dags/example_task_group.py
[2026-06-29T22:13:21.276+0000] {processor.py:925} INFO - DAG(s) 'example_task_group' retrieved from /home/airflow/.local/lib/python3.12/site-packages/airflow/example_dags/example_task_group.py
[2026-06-29T22:13:21.336+0000] {logging_mixin.py:190} INFO - [2026-06-29T22:13:21.335+0000] {dag.py:3239} INFO - Sync 1 DAGs
[2026-06-29T22:13:21.370+0000] {logging_mixin.py:190} INFO - [2026-06-29T22:13:21.369+0000] {dag.py:4180} INFO - Setting next_dagrun for example_task_group to None, run_after=None
[2026-06-29T22:13:21.426+0000] {processor.py:208} INFO - Processing /home/airflow/.local/lib/python3.12/site-packages/airflow/example_dags/example_task_group.py took 0.186 seconds
[2026-06-29T22:13:51.945+0000] {processor.py:186} INFO - Started process (PID=767) to work on /home/airflow/.local/lib/python3.12/site-packages/airflow/example_dags/example_task_group.py
[2026-06-29T22:13:51.947+0000] {processor.py:914} INFO - Processing file /home/airflow/.local/lib/python3.12/site-packages/airflow/example_dags/example_task_group.py for tasks to queue
[2026-06-29T22:13:51.953+0000] {logging_mixin.py:190} INFO - [2026-06-29T22:13:51.952+0000] {dagbag.py:588} INFO - Filling up the DagBag from /home/airflow/.local/lib/python3.12/site-packages/airflow/example_dags/example_task_group.py
[2026-06-29T22:13:51.966+0000] {processor.py:925} INFO - DAG(s) 'example_task_group' retrieved from /home/airflow/.local/lib/python3.12/site-packages/airflow/example_dags/example_task_group.py
[2026-06-29T22:13:51.996+0000] {logging_mixin.py:190} INFO - [2026-06-29T22:13:51.995+0000] {dag.py:3239} INFO - Sync 1 DAGs
[2026-06-29T22:13:52.015+0000] {logging_mixin.py:190} INFO - [2026-06-29T22:13:52.015+0000] {dag.py:4180} INFO - Setting next_dagrun for example_task_group to None, run_after=None
[2026-06-29T22:13:52.053+0000] {processor.py:208} INFO - Processing /home/airflow/.local/lib/python3.12/site-packages/airflow/example_dags/example_task_group.py took 0.115 seconds
[2026-06-29T22:14:25.126+0000] {processor.py:186} INFO - Started process (PID=831) to work on /home/airflow/.local/lib/python3.12/site-packages/airflow/example_dags/example_task_group.py
[2026-06-29T22:14:25.128+0000] {processor.py:914} INFO - Processing file /home/airflow/.local/lib/python3.12/site-packages/airflow/example_dags/example_task_group.py for tasks to queue
[2026-06-29T22:14:25.136+0000] {logging_mixin.py:190} INFO - [2026-06-29T22:14:25.135+0000] {dagbag.py:588} INFO - Filling up the DagBag from /home/airflow/.local/lib/python3.12/site-packages/airflow/example_dags/example_task_group.py
[2026-06-29T22:14:25.153+0000] {processor.py:925} INFO - DAG(s) 'example_task_group' retrieved from /home/airflow/.local/lib/python3.12/site-packages/airflow/example_dags/example_task_group.py
[2026-06-29T22:14:25.195+0000] {logging_mixin.py:190} INFO - [2026-06-29T22:14:25.195+0000] {dag.py:3239} INFO - Sync 1 DAGs
[2026-06-29T22:14:25.221+0000] {logging_mixin.py:190} INFO - [2026-06-29T22:14:25.221+0000] {dag.py:4180} INFO - Setting next_dagrun for example_task_group to None, run_after=None
[2026-06-29T22:14:25.269+0000] {processor.py:208} INFO - Processing /home/airflow/.local/lib/python3.12/site-packages/airflow/example_dags/example_task_group.py took 0.158 seconds
[2026-06-29T22:14:55.782+0000] {processor.py:186} INFO - Started process (PID=895) to work on /home/airflow/.local/lib/python3.12/site-packages/airflow/example_dags/example_task_group.py
[2026-06-29T22:14:55.784+0000] {processor.py:914} INFO - Processing file /home/airflow/.local/lib/python3.12/site-packages/airflow/example_dags/example_task_group.py for tasks to queue
[2026-06-29T22:14:55.791+0000] {logging_mixin.py:190} INFO - [2026-06-29T22:14:55.791+0000] {dagbag.py:588} INFO - Filling up the DagBag from /home/airflow/.local/lib/python3.12/site-packages/airflow/example_dags/example_task_group.py
[2026-06-29T22:14:55.808+0000] {processor.py:925} INFO - DAG(s) 'example_task_group' retrieved from /home/airflow/.local/lib/python3.12/site-packages/airflow/example_dags/example_task_group.py
[2026-06-29T22:14:55.856+0000] {logging_mixin.py:190} INFO - [2026-06-29T22:14:55.856+0000] {dag.py:3239} INFO - Sync 1 DAGs
[2026-06-29T22:14:55.891+0000] {logging_mixin.py:190} INFO - [2026-06-29T22:14:55.890+0000] {dag.py:4180} INFO - Setting next_dagrun for example_task_group to None, run_after=None
[2026-06-29T22:14:55.947+0000] {processor.py:208} INFO - Processing /home/airflow/.local/lib/python3.12/site-packages/airflow/example_dags/example_task_group.py took 0.178 seconds
[2026-06-29T22:15:27.067+0000] {processor.py:186} INFO - Started process (PID=959) to work on /home/airflow/.local/lib/python3.12/site-packages/airflow/example_dags/example_task_group.py
[2026-06-29T22:15:27.069+0000] {processor.py:914} INFO - Processing file /home/airflow/.local/lib/python3.12/site-packages/airflow/example_dags/example_task_group.py for tasks to queue
[2026-06-29T22:15:27.075+0000] {logging_mixin.py:190} INFO - [2026-06-29T22:15:27.074+0000] {dagbag.py:588} INFO - Filling up the DagBag from /home/airflow/.local/lib/python3.12/site-packages/airflow/example_dags/example_task_group.py
[2026-06-29T22:15:27.089+0000] {processor.py:925} INFO - DAG(s) 'example_task_group' retrieved from /home/airflow/.local/lib/python3.12/site-packages/airflow/example_dags/example_task_group.py
[2026-06-29T22:15:27.129+0000] {logging_mixin.py:190} INFO - [2026-06-29T22:15:27.128+0000] {dag.py:3239} INFO - Sync 1 DAGs
[2026-06-29T22:15:27.158+0000] {logging_mixin.py:190} INFO - [2026-06-29T22:15:27.157+0000] {dag.py:4180} INFO - Setting next_dagrun for example_task_group to None, run_after=None
[2026-06-29T22:15:27.199+0000] {processor.py:208} INFO - Processing /home/airflow/.local/lib/python3.12/site-packages/airflow/example_dags/example_task_group.py took 0.141 seconds
[2026-06-29T22:15:58.688+0000] {processor.py:186} INFO - Started process (PID=1023) to work on /home/airflow/.local/lib/python3.12/site-packages/airflow/example_dags/example_task_group.py
[2026-06-29T22:15:58.693+0000] {processor.py:914} INFO - Processing file /home/airflow/.local/lib/python3.12/site-packages/airflow/example_dags/example_task_group.py for tasks to queue
[2026-06-29T22:15:58.700+0000] {logging_mixin.py:190} INFO - [2026-06-29T22:15:58.699+0000] {dagbag.py:588} INFO - Filling up the DagBag from /home/airflow/.local/lib/python3.12/site-packages/airflow/example_dags/example_task_group.py
[2026-06-29T22:15:58.728+0000] {processor.py:925} INFO - DAG(s) 'example_task_group' retrieved from /home/airflow/.local/lib/python3.12/site-packages/airflow/example_dags/example_task_group.py
[2026-06-29T22:15:58.777+0000] {logging_mixin.py:190} INFO - [2026-06-29T22:15:58.776+0000] {dag.py:3239} INFO - Sync 1 DAGs
[2026-06-29T22:15:58.799+0000] {logging_mixin.py:190} INFO - [2026-06-29T22:15:58.798+0000] {dag.py:4180} INFO - Setting next_dagrun for example_task_group to None, run_after=None
[2026-06-29T22:15:58.839+0000] {processor.py:208} INFO - Processing /home/airflow/.local/lib/python3.12/site-packages/airflow/example_dags/example_task_group.py took 0.165 seconds
[2026-06-29T22:16:29.649+0000] {processor.py:186} INFO - Started process (PID=1087) to work on /home/airflow/.local/lib/python3.12/site-packages/airflow/example_dags/example_task_group.py
[2026-06-29T22:16:29.650+0000] {processor.py:914} INFO - Processing file /home/airflow/.local/lib/python3.12/site-packages/airflow/example_dags/example_task_group.py for tasks to queue
[2026-06-29T22:16:29.654+0000] {logging_mixin.py:190} INFO - [2026-06-29T22:16:29.653+0000] {dagbag.py:588} INFO - Filling up the DagBag from /home/airflow/.local/lib/python3.12/site-packages/airflow/example_dags/example_task_group.py
[2026-06-29T22:16:29.668+0000] {processor.py:925} INFO - DAG(s) 'example_task_group' retrieved from /home/airflow/.local/lib/python3.12/site-packages/airflow/example_dags/example_task_group.py
[2026-06-29T22:16:29.697+0000] {logging_mixin.py:190} INFO - [2026-06-29T22:16:29.697+0000] {dag.py:3239} INFO - Sync 1 DAGs
[2026-06-29T22:16:29.719+0000] {logging_mixin.py:190} INFO - [2026-06-29T22:16:29.719+0000] {dag.py:4180} INFO - Setting next_dagrun for example_task_group to None, run_after=None
[2026-06-29T22:16:29.750+0000] {processor.py:208} INFO - Processing /home/airflow/.local/lib/python3.12/site-packages/airflow/example_dags/example_task_group.py took 0.109 seconds
[2026-06-29T22:17:01.169+0000] {processor.py:186} INFO - Started process (PID=1151) to work on /home/airflow/.local/lib/python3.12/site-packages/airflow/example_dags/example_task_group.py
[2026-06-29T22:17:01.172+0000] {processor.py:914} INFO - Processing file /home/airflow/.local/lib/python3.12/site-packages/airflow/example_dags/example_task_group.py for tasks to queue
[2026-06-29T22:17:01.176+0000] {logging_mixin.py:190} INFO - [2026-06-29T22:17:01.176+0000] {dagbag.py:588} INFO - Filling up the DagBag from /home/airflow/.local/lib/python3.12/site-packages/airflow/example_dags/example_task_group.py
[2026-06-29T22:17:01.190+0000] {processor.py:925} INFO - DAG(s) 'example_task_group' retrieved from /home/airflow/.local/lib/python3.12/site-packages/airflow/example_dags/example_task_group.py
[2026-06-29T22:17:01.226+0000] {logging_mixin.py:190} INFO - [2026-06-29T22:17:01.225+0000] {dag.py:3239} INFO - Sync 1 DAGs
[2026-06-29T22:17:01.247+0000] {logging_mixin.py:190} INFO - [2026-06-29T22:17:01.247+0000] {dag.py:4180} INFO - Setting next_dagrun for example_task_group to None, run_after=None
[2026-06-29T22:17:01.280+0000] {processor.py:208} INFO - Processing /home/airflow/.local/lib/python3.12/site-packages/airflow/example_dags/example_task_group.py took 0.120 seconds
[2026-06-29T22:17:34.329+0000] {processor.py:186} INFO - Started process (PID=1215) to work on /home/airflow/.local/lib/python3.12/site-packages/airflow/example_dags/example_task_group.py
[2026-06-29T22:17:34.332+0000] {processor.py:914} INFO - Processing file /home/airflow/.local/lib/python3.12/site-packages/airflow/example_dags/example_task_group.py for tasks to queue
[2026-06-29T22:17:34.341+0000] {logging_mixin.py:190} INFO - [2026-06-29T22:17:34.340+0000] {dagbag.py:588} INFO - Filling up the DagBag from /home/airflow/.local/lib/python3.12/site-packages/airflow/example_dags/example_task_group.py
[2026-06-29T22:17:34.373+0000] {processor.py:925} INFO - DAG(s) 'example_task_group' retrieved from /home/airflow/.local/lib/python3.12/site-packages/airflow/example_dags/example_task_group.py
[2026-06-29T22:17:34.422+0000] {logging_mixin.py:190} INFO - [2026-06-29T22:17:34.421+0000] {dag.py:3239} INFO - Sync 1 DAGs
[2026-06-29T22:17:34.450+0000] {logging_mixin.py:190} INFO - [2026-06-29T22:17:34.449+0000] {dag.py:4180} INFO - Setting next_dagrun for example_task_group to None, run_after=None
[2026-06-29T22:17:34.507+0000] {processor.py:208} INFO - Processing /home/airflow/.local/lib/python3.12/site-packages/airflow/example_dags/example_task_group.py took 0.197 seconds
[2026-06-29T22:18:04.594+0000] {processor.py:186} INFO - Started process (PID=1279) to work on /home/airflow/.local/lib/python3.12/site-packages/airflow/example_dags/example_task_group.py
[2026-06-29T22:18:04.596+0000] {processor.py:914} INFO - Processing file /home/airflow/.local/lib/python3.12/site-packages/airflow/example_dags/example_task_group.py for tasks to queue
[2026-06-29T22:18:04.601+0000] {logging_mixin.py:190} INFO - [2026-06-29T22:18:04.601+0000] {dagbag.py:588} INFO - Filling up the DagBag from /home/airflow/.local/lib/python3.12/site-packages/airflow/example_dags/example_task_group.py
[2026-06-29T22:18:04.613+0000] {processor.py:925} INFO - DAG(s) 'example_task_group' retrieved from /home/airflow/.local/lib/python3.12/site-packages/airflow/example_dags/example_task_group.py
[2026-06-29T22:18:04.640+0000] {logging_mixin.py:190} INFO - [2026-06-29T22:18:04.639+0000] {dag.py:3239} INFO - Sync 1 DAGs
[2026-06-29T22:18:04.659+0000] {logging_mixin.py:190} INFO - [2026-06-29T22:18:04.659+0000] {dag.py:4180} INFO - Setting next_dagrun for example_task_group to None, run_after=None
[2026-06-29T22:18:04.685+0000] {processor.py:208} INFO - Processing /home/airflow/.local/lib/python3.12/site-packages/airflow/example_dags/example_task_group.py took 0.098 seconds
[2026-06-29T22:18:36.716+0000] {processor.py:186} INFO - Started process (PID=1343) to work on /home/airflow/.local/lib/python3.12/site-packages/airflow/example_dags/example_task_group.py
[2026-06-29T22:18:36.741+0000] {processor.py:914} INFO - Processing file /home/airflow/.local/lib/python3.12/site-packages/airflow/example_dags/example_task_group.py for tasks to queue
[2026-06-29T22:18:36.765+0000] {logging_mixin.py:190} INFO - [2026-06-29T22:18:36.764+0000] {dagbag.py:588} INFO - Filling up the DagBag from /home/airflow/.local/lib/python3.12/site-packages/airflow/example_dags/example_task_group.py
[2026-06-29T22:18:36.815+0000] {processor.py:925} INFO - DAG(s) 'example_task_group' retrieved from /home/airflow/.local/lib/python3.12/site-packages/airflow/example_dags/example_task_group.py
[2026-06-29T22:18:36.912+0000] {logging_mixin.py:190} INFO - [2026-06-29T22:18:36.911+0000] {dag.py:3239} INFO - Sync 1 DAGs
[2026-06-29T22:18:36.996+0000] {logging_mixin.py:190} INFO - [2026-06-29T22:18:36.996+0000] {dag.py:4180} INFO - Setting next_dagrun for example_task_group to None, run_after=None
[2026-06-29T22:18:37.132+0000] {processor.py:208} INFO - Processing /home/airflow/.local/lib/python3.12/site-packages/airflow/example_dags/example_task_group.py took 0.435 seconds
[2026-06-29T22:19:07.602+0000] {processor.py:186} INFO - Started process (PID=1407) to work on /home/airflow/.local/lib/python3.12/site-packages/airflow/example_dags/example_task_group.py
[2026-06-29T22:19:07.605+0000] {processor.py:914} INFO - Processing file /home/airflow/.local/lib/python3.12/site-packages/airflow/example_dags/example_task_group.py for tasks to queue
[2026-06-29T22:19:07.612+0000] {logging_mixin.py:190} INFO - [2026-06-29T22:19:07.611+0000] {dagbag.py:588} INFO - Filling up the DagBag from /home/airflow/.local/lib/python3.12/site-packages/airflow/example_dags/example_task_group.py
[2026-06-29T22:19:07.629+0000] {processor.py:925} INFO - DAG(s) 'example_task_group' retrieved from /home/airflow/.local/lib/python3.12/site-packages/airflow/example_dags/example_task_group.py
[2026-06-29T22:19:07.664+0000] {logging_mixin.py:190} INFO - [2026-06-29T22:19:07.664+0000] {dag.py:3239} INFO - Sync 1 DAGs
[2026-06-29T22:19:07.687+0000] {logging_mixin.py:190} INFO - [2026-06-29T22:19:07.687+0000] {dag.py:4180} INFO - Setting next_dagrun for example_task_group to None, run_after=None
[2026-06-29T22:19:07.727+0000] {processor.py:208} INFO - Processing /home/airflow/.local/lib/python3.12/site-packages/airflow/example_dags/example_task_group.py took 0.136 seconds
[2026-06-29T22:19:40.871+0000] {processor.py:186} INFO - Started process (PID=1479) to work on /home/airflow/.local/lib/python3.12/site-packages/airflow/example_dags/example_task_group.py
[2026-06-29T22:19:40.876+0000] {processor.py:914} INFO - Processing file /home/airflow/.local/lib/python3.12/site-packages/airflow/example_dags/example_task_group.py for tasks to queue
[2026-06-29T22:19:40.898+0000] {logging_mixin.py:190} INFO - [2026-06-29T22:19:40.897+0000] {dagbag.py:588} INFO - Filling up the DagBag from /home/airflow/.local/lib/python3.12/site-packages/airflow/example_dags/example_task_group.py
[2026-06-29T22:19:40.957+0000] {processor.py:925} INFO - DAG(s) 'example_task_group' retrieved from /home/airflow/.local/lib/python3.12/site-packages/airflow/example_dags/example_task_group.py
[2026-06-29T22:19:41.069+0000] {logging_mixin.py:190} INFO - [2026-06-29T22:19:41.068+0000] {dag.py:3239} INFO - Sync 1 DAGs
[2026-06-29T22:19:41.134+0000] {logging_mixin.py:190} INFO - [2026-06-29T22:19:41.133+0000] {dag.py:4180} INFO - Setting next_dagrun for example_task_group to None, run_after=None
[2026-06-29T22:19:41.234+0000] {processor.py:208} INFO - Processing /home/airflow/.local/lib/python3.12/site-packages/airflow/example_dags/example_task_group.py took 0.417 seconds
[2026-06-29T22:20:13.767+0000] {processor.py:186} INFO - Started process (PID=1544) to work on /home/airflow/.local/lib/python3.12/site-packages/airflow/example_dags/example_task_group.py
[2026-06-29T22:20:13.771+0000] {processor.py:914} INFO - Processing file /home/airflow/.local/lib/python3.12/site-packages/airflow/example_dags/example_task_group.py for tasks to queue
[2026-06-29T22:20:13.777+0000] {logging_mixin.py:190} INFO - [2026-06-29T22:20:13.777+0000] {dagbag.py:588} INFO - Filling up the DagBag from /home/airflow/.local/lib/python3.12/site-packages/airflow/example_dags/example_task_group.py
[2026-06-29T22:20:13.796+0000] {processor.py:925} INFO - DAG(s) 'example_task_group' retrieved from /home/airflow/.local/lib/python3.12/site-packages/airflow/example_dags/example_task_group.py
[2026-06-29T22:20:13.848+0000] {logging_mixin.py:190} INFO - [2026-06-29T22:20:13.847+0000] {dag.py:3239} INFO - Sync 1 DAGs
[2026-06-29T22:20:13.874+0000] {logging_mixin.py:190} INFO - [2026-06-29T22:20:13.874+0000] {dag.py:4180} INFO - Setting next_dagrun for example_task_group to None, run_after=None
[2026-06-29T22:20:13.916+0000] {processor.py:208} INFO - Processing /home/airflow/.local/lib/python3.12/site-packages/airflow/example_dags/example_task_group.py took 0.162 seconds
[2026-06-29T22:20:46.456+0000] {processor.py:186} INFO - Started process (PID=1609) to work on /home/airflow/.local/lib/python3.12/site-packages/airflow/example_dags/example_task_group.py
[2026-06-29T22:20:46.458+0000] {processor.py:914} INFO - Processing file /home/airflow/.local/lib/python3.12/site-packages/airflow/example_dags/example_task_group.py for tasks to queue
[2026-06-29T22:20:46.464+0000] {logging_mixin.py:190} INFO - [2026-06-29T22:20:46.463+0000] {dagbag.py:588} INFO - Filling up the DagBag from /home/airflow/.local/lib/python3.12/site-packages/airflow/example_dags/example_task_group.py
[2026-06-29T22:20:46.480+0000] {processor.py:925} INFO - DAG(s) 'example_task_group' retrieved from /home/airflow/.local/lib/python3.12/site-packages/airflow/example_dags/example_task_group.py
[2026-06-29T22:20:46.519+0000] {logging_mixin.py:190} INFO - [2026-06-29T22:20:46.519+0000] {dag.py:3239} INFO - Sync 1 DAGs
[2026-06-29T22:20:46.549+0000] {logging_mixin.py:190} INFO - [2026-06-29T22:20:46.548+0000] {dag.py:4180} INFO - Setting next_dagrun for example_task_group to None, run_after=None
[2026-06-29T22:20:46.590+0000] {processor.py:208} INFO - Processing /home/airflow/.local/lib/python3.12/site-packages/airflow/example_dags/example_task_group.py took 0.143 seconds
[2026-06-29T22:21:17.516+0000] {processor.py:186} INFO - Started process (PID=1673) to work on /home/airflow/.local/lib/python3.12/site-packages/airflow/example_dags/example_task_group.py
[2026-06-29T22:21:17.519+0000] {processor.py:914} INFO - Processing file /home/airflow/.local/lib/python3.12/site-packages/airflow/example_dags/example_task_group.py for tasks to queue
[2026-06-29T22:21:17.531+0000] {logging_mixin.py:190} INFO - [2026-06-29T22:21:17.529+0000] {dagbag.py:588} INFO - Filling up the DagBag from /home/airflow/.local/lib/python3.12/site-packages/airflow/example_dags/example_task_group.py
[2026-06-29T22:21:17.559+0000] {processor.py:925} INFO - DAG(s) 'example_task_group' retrieved from /home/airflow/.local/lib/python3.12/site-packages/airflow/example_dags/example_task_group.py
[2026-06-29T22:21:17.618+0000] {logging_mixin.py:190} INFO - [2026-06-29T22:21:17.618+0000] {dag.py:3239} INFO - Sync 1 DAGs
[2026-06-29T22:21:17.653+0000] {logging_mixin.py:190} INFO - [2026-06-29T22:21:17.652+0000] {dag.py:4180} INFO - Setting next_dagrun for example_task_group to None, run_after=None
[2026-06-29T22:21:17.704+0000] {processor.py:208} INFO - Processing /home/airflow/.local/lib/python3.12/site-packages/airflow/example_dags/example_task_group.py took 0.207 seconds
[2026-06-29T22:21:48.137+0000] {processor.py:186} INFO - Started process (PID=1737) to work on /home/airflow/.local/lib/python3.12/site-packages/airflow/example_dags/example_task_group.py
[2026-06-29T22:21:48.138+0000] {processor.py:914} INFO - Processing file /home/airflow/.local/lib/python3.12/site-packages/airflow/example_dags/example_task_group.py for tasks to queue
[2026-06-29T22:21:48.142+0000] {logging_mixin.py:190} INFO - [2026-06-29T22:21:48.141+0000] {dagbag.py:588} INFO - Filling up the DagBag from /home/airflow/.local/lib/python3.12/site-packages/airflow/example_dags/example_task_group.py
[2026-06-29T22:21:48.151+0000] {processor.py:925} INFO - DAG(s) 'example_task_group' retrieved from /home/airflow/.local/lib/python3.12/site-packages/airflow/example_dags/example_task_group.py
[2026-06-29T22:21:48.178+0000] {logging_mixin.py:190} INFO - [2026-06-29T22:21:48.178+0000] {dag.py:3239} INFO - Sync 1 DAGs
[2026-06-29T22:21:48.199+0000] {logging_mixin.py:190} INFO - [2026-06-29T22:21:48.198+0000] {dag.py:4180} INFO - Setting next_dagrun for example_task_group to None, run_after=None
[2026-06-29T22:21:48.226+0000] {processor.py:208} INFO - Processing /home/airflow/.local/lib/python3.12/site-packages/airflow/example_dags/example_task_group.py took 0.095 seconds
[2026-06-29T22:22:18.954+0000] {processor.py:186} INFO - Started process (PID=1801) to work on /home/airflow/.local/lib/python3.12/site-packages/airflow/example_dags/example_task_group.py
[2026-06-29T22:22:18.955+0000] {processor.py:914} INFO - Processing file /home/airflow/.local/lib/python3.12/site-packages/airflow/example_dags/example_task_group.py for tasks to queue
[2026-06-29T22:22:18.959+0000] {logging_mixin.py:190} INFO - [2026-06-29T22:22:18.958+0000] {dagbag.py:588} INFO - Filling up the DagBag from /home/airflow/.local/lib/python3.12/site-packages/airflow/example_dags/example_task_group.py
[2026-06-29T22:22:18.970+0000] {processor.py:925} INFO - DAG(s) 'example_task_group' retrieved from /home/airflow/.local/lib/python3.12/site-packages/airflow/example_dags/example_task_group.py
[2026-06-29T22:22:18.995+0000] {logging_mixin.py:190} INFO - [2026-06-29T22:22:18.994+0000] {dag.py:3239} INFO - Sync 1 DAGs
[2026-06-29T22:22:19.015+0000] {logging_mixin.py:190} INFO - [2026-06-29T22:22:19.015+0000] {dag.py:4180} INFO - Setting next_dagrun for example_task_group to None, run_after=None
[2026-06-29T22:22:19.044+0000] {processor.py:208} INFO - Processing /home/airflow/.local/lib/python3.12/site-packages/airflow/example_dags/example_task_group.py took 0.098 seconds
[2026-06-29T22:22:49.411+0000] {processor.py:186} INFO - Started process (PID=1866) to work on /home/airflow/.local/lib/python3.12/site-packages/airflow/example_dags/example_task_group.py
[2026-06-29T22:22:49.412+0000] {processor.py:914} INFO - Processing file /home/airflow/.local/lib/python3.12/site-packages/airflow/example_dags/example_task_group.py for tasks to queue
[2026-06-29T22:22:49.416+0000] {logging_mixin.py:190} INFO - [2026-06-29T22:22:49.415+0000] {dagbag.py:588} INFO - Filling up the DagBag from /home/airflow/.local/lib/python3.12/site-packages/airflow/example_dags/example_task_group.py
[2026-06-29T22:22:49.429+0000] {processor.py:925} INFO - DAG(s) 'example_task_group' retrieved from /home/airflow/.local/lib/python3.12/site-packages/airflow/example_dags/example_task_group.py
[2026-06-29T22:22:49.459+0000] {logging_mixin.py:190} INFO - [2026-06-29T22:22:49.459+0000] {dag.py:3239} INFO - Sync 1 DAGs
[2026-06-29T22:22:49.476+0000] {logging_mixin.py:190} INFO - [2026-06-29T22:22:49.475+0000] {dag.py:4180} INFO - Setting next_dagrun for example_task_group to None, run_after=None
[2026-06-29T22:22:49.500+0000] {processor.py:208} INFO - Processing /home/airflow/.local/lib/python3.12/site-packages/airflow/example_dags/example_task_group.py took 0.098 seconds
[2026-06-29T22:23:20.004+0000] {processor.py:186} INFO - Started process (PID=1929) to work on /home/airflow/.local/lib/python3.12/site-packages/airflow/example_dags/example_task_group.py
[2026-06-29T22:23:20.008+0000] {processor.py:914} INFO - Processing file /home/airflow/.local/lib/python3.12/site-packages/airflow/example_dags/example_task_group.py for tasks to queue
[2026-06-29T22:23:20.017+0000] {logging_mixin.py:190} INFO - [2026-06-29T22:23:20.015+0000] {dagbag.py:588} INFO - Filling up the DagBag from /home/airflow/.local/lib/python3.12/site-packages/airflow/example_dags/example_task_group.py
[2026-06-29T22:23:20.032+0000] {processor.py:925} INFO - DAG(s) 'example_task_group' retrieved from /home/airflow/.local/lib/python3.12/site-packages/airflow/example_dags/example_task_group.py
[2026-06-29T22:23:20.058+0000] {logging_mixin.py:190} INFO - [2026-06-29T22:23:20.057+0000] {dag.py:3239} INFO - Sync 1 DAGs
[2026-06-29T22:23:20.074+0000] {logging_mixin.py:190} INFO - [2026-06-29T22:23:20.074+0000] {dag.py:4180} INFO - Setting next_dagrun for example_task_group to None, run_after=None
[2026-06-29T22:23:20.102+0000] {processor.py:208} INFO - Processing /home/airflow/.local/lib/python3.12/site-packages/airflow/example_dags/example_task_group.py took 0.111 seconds
[2026-06-29T22:23:50.252+0000] {processor.py:186} INFO - Started process (PID=1993) to work on /home/airflow/.local/lib/python3.12/site-packages/airflow/example_dags/example_task_group.py
[2026-06-29T22:23:50.255+0000] {processor.py:914} INFO - Processing file /home/airflow/.local/lib/python3.12/site-packages/airflow/example_dags/example_task_group.py for tasks to queue
[2026-06-29T22:23:50.258+0000] {logging_mixin.py:190} INFO - [2026-06-29T22:23:50.258+0000] {dagbag.py:588} INFO - Filling up the DagBag from /home/airflow/.local/lib/python3.12/site-packages/airflow/example_dags/example_task_group.py
[2026-06-29T22:23:50.271+0000] {processor.py:925} INFO - DAG(s) 'example_task_group' retrieved from /home/airflow/.local/lib/python3.12/site-packages/airflow/example_dags/example_task_group.py
[2026-06-29T22:23:50.302+0000] {logging_mixin.py:190} INFO - [2026-06-29T22:23:50.302+0000] {dag.py:3239} INFO - Sync 1 DAGs
[2026-06-29T22:23:50.318+0000] {logging_mixin.py:190} INFO - [2026-06-29T22:23:50.318+0000] {dag.py:4180} INFO - Setting next_dagrun for example_task_group to None, run_after=None
[2026-06-29T22:23:50.348+0000] {processor.py:208} INFO - Processing /home/airflow/.local/lib/python3.12/site-packages/airflow/example_dags/example_task_group.py took 0.105 seconds
[2026-06-29T22:24:21.218+0000] {processor.py:186} INFO - Started process (PID=2056) to work on /home/airflow/.local/lib/python3.12/site-packages/airflow/example_dags/example_task_group.py
[2026-06-29T22:24:21.219+0000] {processor.py:914} INFO - Processing file /home/airflow/.local/lib/python3.12/site-packages/airflow/example_dags/example_task_group.py for tasks to queue
[2026-06-29T22:24:21.223+0000] {logging_mixin.py:190} INFO - [2026-06-29T22:24:21.223+0000] {dagbag.py:588} INFO - Filling up the DagBag from /home/airflow/.local/lib/python3.12/site-packages/airflow/example_dags/example_task_group.py
[2026-06-29T22:24:21.235+0000] {processor.py:925} INFO - DAG(s) 'example_task_group' retrieved from /home/airflow/.local/lib/python3.12/site-packages/airflow/example_dags/example_task_group.py
[2026-06-29T22:24:21.260+0000] {logging_mixin.py:190} INFO - [2026-06-29T22:24:21.260+0000] {dag.py:3239} INFO - Sync 1 DAGs
[2026-06-29T22:24:21.276+0000] {logging_mixin.py:190} INFO - [2026-06-29T22:24:21.276+0000] {dag.py:4180} INFO - Setting next_dagrun for example_task_group to None, run_after=None
[2026-06-29T22:24:21.303+0000] {processor.py:208} INFO - Processing /home/airflow/.local/lib/python3.12/site-packages/airflow/example_dags/example_task_group.py took 0.093 seconds
[2026-06-29T22:24:51.665+0000] {processor.py:186} INFO - Started process (PID=2120) to work on /home/airflow/.local/lib/python3.12/site-packages/airflow/example_dags/example_task_group.py
[2026-06-29T22:24:51.669+0000] {processor.py:914} INFO - Processing file /home/airflow/.local/lib/python3.12/site-packages/airflow/example_dags/example_task_group.py for tasks to queue
[2026-06-29T22:24:51.673+0000] {logging_mixin.py:190} INFO - [2026-06-29T22:24:51.673+0000] {dagbag.py:588} INFO - Filling up the DagBag from /home/airflow/.local/lib/python3.12/site-packages/airflow/example_dags/example_task_group.py
[2026-06-29T22:24:51.697+0000] {processor.py:925} INFO - DAG(s) 'example_task_group' retrieved from /home/airflow/.local/lib/python3.12/site-packages/airflow/example_dags/example_task_group.py
[2026-06-29T22:24:51.752+0000] {logging_mixin.py:190} INFO - [2026-06-29T22:24:51.752+0000] {dag.py:3239} INFO - Sync 1 DAGs
[2026-06-29T22:24:51.778+0000] {logging_mixin.py:190} INFO - [2026-06-29T22:24:51.778+0000] {dag.py:4180} INFO - Setting next_dagrun for example_task_group to None, run_after=None
[2026-06-29T22:24:51.813+0000] {processor.py:208} INFO - Processing /home/airflow/.local/lib/python3.12/site-packages/airflow/example_dags/example_task_group.py took 0.167 seconds
[2026-06-29T22:25:21.874+0000] {processor.py:186} INFO - Started process (PID=2183) to work on /home/airflow/.local/lib/python3.12/site-packages/airflow/example_dags/example_task_group.py
[2026-06-29T22:25:21.876+0000] {processor.py:914} INFO - Processing file /home/airflow/.local/lib/python3.12/site-packages/airflow/example_dags/example_task_group.py for tasks to queue
[2026-06-29T22:25:21.880+0000] {logging_mixin.py:190} INFO - [2026-06-29T22:25:21.879+0000] {dagbag.py:588} INFO - Filling up the DagBag from /home/airflow/.local/lib/python3.12/site-packages/airflow/example_dags/example_task_group.py
[2026-06-29T22:25:21.893+0000] {processor.py:925} INFO - DAG(s) 'example_task_group' retrieved from /home/airflow/.local/lib/python3.12/site-packages/airflow/example_dags/example_task_group.py
[2026-06-29T22:25:21.919+0000] {logging_mixin.py:190} INFO - [2026-06-29T22:25:21.919+0000] {dag.py:3239} INFO - Sync 1 DAGs
[2026-06-29T22:25:21.934+0000] {logging_mixin.py:190} INFO - [2026-06-29T22:25:21.934+0000] {dag.py:4180} INFO - Setting next_dagrun for example_task_group to None, run_after=None
[2026-06-29T22:25:21.954+0000] {processor.py:208} INFO - Processing /home/airflow/.local/lib/python3.12/site-packages/airflow/example_dags/example_task_group.py took 0.086 seconds
[2026-06-29T22:25:52.404+0000] {processor.py:186} INFO - Started process (PID=2247) to work on /home/airflow/.local/lib/python3.12/site-packages/airflow/example_dags/example_task_group.py
[2026-06-29T22:25:52.407+0000] {processor.py:914} INFO - Processing file /home/airflow/.local/lib/python3.12/site-packages/airflow/example_dags/example_task_group.py for tasks to queue
[2026-06-29T22:25:52.415+0000] {logging_mixin.py:190} INFO - [2026-06-29T22:25:52.414+0000] {dagbag.py:588} INFO - Filling up the DagBag from /home/airflow/.local/lib/python3.12/site-packages/airflow/example_dags/example_task_group.py
[2026-06-29T22:25:52.433+0000] {processor.py:925} INFO - DAG(s) 'example_task_group' retrieved from /home/airflow/.local/lib/python3.12/site-packages/airflow/example_dags/example_task_group.py
[2026-06-29T22:25:52.473+0000] {logging_mixin.py:190} INFO - [2026-06-29T22:25:52.473+0000] {dag.py:3239} INFO - Sync 1 DAGs
[2026-06-29T22:25:52.508+0000] {logging_mixin.py:190} INFO - [2026-06-29T22:25:52.507+0000] {dag.py:4180} INFO - Setting next_dagrun for example_task_group to None, run_after=None
[2026-06-29T22:25:52.547+0000] {processor.py:208} INFO - Processing /home/airflow/.local/lib/python3.12/site-packages/airflow/example_dags/example_task_group.py took 0.157 seconds
[2026-06-29T22:26:22.885+0000] {processor.py:186} INFO - Started process (PID=2311) to work on /home/airflow/.local/lib/python3.12/site-packages/airflow/example_dags/example_task_group.py
[2026-06-29T22:26:22.886+0000] {processor.py:914} INFO - Processing file /home/airflow/.local/lib/python3.12/site-packages/airflow/example_dags/example_task_group.py for tasks to queue
[2026-06-29T22:26:22.890+0000] {logging_mixin.py:190} INFO - [2026-06-29T22:26:22.890+0000] {dagbag.py:588} INFO - Filling up the DagBag from /home/airflow/.local/lib/python3.12/site-packages/airflow/example_dags/example_task_group.py
[2026-06-29T22:26:22.906+0000] {processor.py:925} INFO - DAG(s) 'example_task_group' retrieved from /home/airflow/.local/lib/python3.12/site-packages/airflow/example_dags/example_task_group.py
[2026-06-29T22:26:22.943+0000] {logging_mixin.py:190} INFO - [2026-06-29T22:26:22.942+0000] {dag.py:3239} INFO - Sync 1 DAGs
[2026-06-29T22:26:22.960+0000] {logging_mixin.py:190} INFO - [2026-06-29T22:26:22.960+0000] {dag.py:4180} INFO - Setting next_dagrun for example_task_group to None, run_after=None
[2026-06-29T22:26:22.988+0000] {processor.py:208} INFO - Processing /home/airflow/.local/lib/python3.12/site-packages/airflow/example_dags/example_task_group.py took 0.111 seconds
[2026-06-29T22:26:53.698+0000] {processor.py:186} INFO - Started process (PID=2375) to work on /home/airflow/.local/lib/python3.12/site-packages/airflow/example_dags/example_task_group.py
[2026-06-29T22:26:53.700+0000] {processor.py:914} INFO - Processing file /home/airflow/.local/lib/python3.12/site-packages/airflow/example_dags/example_task_group.py for tasks to queue
[2026-06-29T22:26:53.703+0000] {logging_mixin.py:190} INFO - [2026-06-29T22:26:53.702+0000] {dagbag.py:588} INFO - Filling up the DagBag from /home/airflow/.local/lib/python3.12/site-packages/airflow/example_dags/example_task_group.py
[2026-06-29T22:26:53.713+0000] {processor.py:925} INFO - DAG(s) 'example_task_group' retrieved from /home/airflow/.local/lib/python3.12/site-packages/airflow/example_dags/example_task_group.py
[2026-06-29T22:26:53.736+0000] {logging_mixin.py:190} INFO - [2026-06-29T22:26:53.736+0000] {dag.py:3239} INFO - Sync 1 DAGs
[2026-06-29T22:26:53.751+0000] {logging_mixin.py:190} INFO - [2026-06-29T22:26:53.751+0000] {dag.py:4180} INFO - Setting next_dagrun for example_task_group to None, run_after=None
[2026-06-29T22:26:53.773+0000] {processor.py:208} INFO - Processing /home/airflow/.local/lib/python3.12/site-packages/airflow/example_dags/example_task_group.py took 0.085 seconds
[2026-06-29T22:27:24.295+0000] {processor.py:186} INFO - Started process (PID=2439) to work on /home/airflow/.local/lib/python3.12/site-packages/airflow/example_dags/example_task_group.py
[2026-06-29T22:27:24.297+0000] {processor.py:914} INFO - Processing file /home/airflow/.local/lib/python3.12/site-packages/airflow/example_dags/example_task_group.py for tasks to queue
[2026-06-29T22:27:24.301+0000] {logging_mixin.py:190} INFO - [2026-06-29T22:27:24.300+0000] {dagbag.py:588} INFO - Filling up the DagBag from /home/airflow/.local/lib/python3.12/site-packages/airflow/example_dags/example_task_group.py
[2026-06-29T22:27:24.314+0000] {processor.py:925} INFO - DAG(s) 'example_task_group' retrieved from /home/airflow/.local/lib/python3.12/site-packages/airflow/example_dags/example_task_group.py
[2026-06-29T22:27:24.345+0000] {logging_mixin.py:190} INFO - [2026-06-29T22:27:24.344+0000] {dag.py:3239} INFO - Sync 1 DAGs
[2026-06-29T22:27:24.367+0000] {logging_mixin.py:190} INFO - [2026-06-29T22:27:24.366+0000] {dag.py:4180} INFO - Setting next_dagrun for example_task_group to None, run_after=None
[2026-06-29T22:27:24.390+0000] {processor.py:208} INFO - Processing /home/airflow/.local/lib/python3.12/site-packages/airflow/example_dags/example_task_group.py took 0.105 seconds
[2026-06-29T22:27:55.286+0000] {processor.py:186} INFO - Started process (PID=2502) to work on /home/airflow/.local/lib/python3.12/site-packages/airflow/example_dags/example_task_group.py
[2026-06-29T22:27:55.287+0000] {processor.py:914} INFO - Processing file /home/airflow/.local/lib/python3.12/site-packages/airflow/example_dags/example_task_group.py for tasks to queue
[2026-06-29T22:27:55.291+0000] {logging_mixin.py:190} INFO - [2026-06-29T22:27:55.290+0000] {dagbag.py:588} INFO - Filling up the DagBag from /home/airflow/.local/lib/python3.12/site-packages/airflow/example_dags/example_task_group.py
[2026-06-29T22:27:55.302+0000] {processor.py:925} INFO - DAG(s) 'example_task_group' retrieved from /home/airflow/.local/lib/python3.12/site-packages/airflow/example_dags/example_task_group.py
[2026-06-29T22:27:55.329+0000] {logging_mixin.py:190} INFO - [2026-06-29T22:27:55.328+0000] {dag.py:3239} INFO - Sync 1 DAGs
[2026-06-29T22:27:55.346+0000] {logging_mixin.py:190} INFO - [2026-06-29T22:27:55.346+0000] {dag.py:4180} INFO - Setting next_dagrun for example_task_group to None, run_after=None
[2026-06-29T22:27:55.369+0000] {processor.py:208} INFO - Processing /home/airflow/.local/lib/python3.12/site-packages/airflow/example_dags/example_task_group.py took 0.090 seconds
[2026-06-29T22:28:25.626+0000] {processor.py:186} INFO - Started process (PID=2566) to work on /home/airflow/.local/lib/python3.12/site-packages/airflow/example_dags/example_task_group.py
[2026-06-29T22:28:25.629+0000] {processor.py:914} INFO - Processing file /home/airflow/.local/lib/python3.12/site-packages/airflow/example_dags/example_task_group.py for tasks to queue
[2026-06-29T22:28:25.634+0000] {logging_mixin.py:190} INFO - [2026-06-29T22:28:25.633+0000] {dagbag.py:588} INFO - Filling up the DagBag from /home/airflow/.local/lib/python3.12/site-packages/airflow/example_dags/example_task_group.py
[2026-06-29T22:28:25.651+0000] {processor.py:925} INFO - DAG(s) 'example_task_group' retrieved from /home/airflow/.local/lib/python3.12/site-packages/airflow/example_dags/example_task_group.py
[2026-06-29T22:28:25.688+0000] {logging_mixin.py:190} INFO - [2026-06-29T22:28:25.688+0000] {dag.py:3239} INFO - Sync 1 DAGs
[2026-06-29T22:28:25.711+0000] {logging_mixin.py:190} INFO - [2026-06-29T22:28:25.711+0000] {dag.py:4180} INFO - Setting next_dagrun for example_task_group to None, run_after=None
[2026-06-29T22:28:25.743+0000] {processor.py:208} INFO - Processing /home/airflow/.local/lib/python3.12/site-packages/airflow/example_dags/example_task_group.py took 0.134 seconds
[2026-06-29T22:28:56.171+0000] {processor.py:186} INFO - Started process (PID=2629) to work on /home/airflow/.local/lib/python3.12/site-packages/airflow/example_dags/example_task_group.py
[2026-06-29T22:28:56.174+0000] {processor.py:914} INFO - Processing file /home/airflow/.local/lib/python3.12/site-packages/airflow/example_dags/example_task_group.py for tasks to queue
[2026-06-29T22:28:56.181+0000] {logging_mixin.py:190} INFO - [2026-06-29T22:28:56.180+0000] {dagbag.py:588} INFO - Filling up the DagBag from /home/airflow/.local/lib/python3.12/site-packages/airflow/example_dags/example_task_group.py
[2026-06-29T22:28:56.198+0000] {processor.py:925} INFO - DAG(s) 'example_task_group' retrieved from /home/airflow/.local/lib/python3.12/site-packages/airflow/example_dags/example_task_group.py
[2026-06-29T22:28:56.294+0000] {logging_mixin.py:190} INFO - [2026-06-29T22:28:56.293+0000] {dag.py:3239} INFO - Sync 1 DAGs
[2026-06-29T22:28:56.326+0000] {logging_mixin.py:190} INFO - [2026-06-29T22:28:56.325+0000] {dag.py:4180} INFO - Setting next_dagrun for example_task_group to None, run_after=None
[2026-06-29T22:28:56.376+0000] {processor.py:208} INFO - Processing /home/airflow/.local/lib/python3.12/site-packages/airflow/example_dags/example_task_group.py took 0.220 seconds
[2026-06-29T22:29:26.538+0000] {processor.py:186} INFO - Started process (PID=2693) to work on /home/airflow/.local/lib/python3.12/site-packages/airflow/example_dags/example_task_group.py
[2026-06-29T22:29:26.540+0000] {processor.py:914} INFO - Processing file /home/airflow/.local/lib/python3.12/site-packages/airflow/example_dags/example_task_group.py for tasks to queue
[2026-06-29T22:29:26.544+0000] {logging_mixin.py:190} INFO - [2026-06-29T22:29:26.543+0000] {dagbag.py:588} INFO - Filling up the DagBag from /home/airflow/.local/lib/python3.12/site-packages/airflow/example_dags/example_task_group.py
[2026-06-29T22:29:26.556+0000] {processor.py:925} INFO - DAG(s) 'example_task_group' retrieved from /home/airflow/.local/lib/python3.12/site-packages/airflow/example_dags/example_task_group.py
[2026-06-29T22:29:26.582+0000] {logging_mixin.py:190} INFO - [2026-06-29T22:29:26.582+0000] {dag.py:3239} INFO - Sync 1 DAGs
[2026-06-29T22:29:26.598+0000] {logging_mixin.py:190} INFO - [2026-06-29T22:29:26.597+0000] {dag.py:4180} INFO - Setting next_dagrun for example_task_group to None, run_after=None
[2026-06-29T22:29:26.620+0000] {processor.py:208} INFO - Processing /home/airflow/.local/lib/python3.12/site-packages/airflow/example_dags/example_task_group.py took 0.091 seconds
[2026-06-29T22:29:57.596+0000] {processor.py:186} INFO - Started process (PID=2757) to work on /home/airflow/.local/lib/python3.12/site-packages/airflow/example_dags/example_task_group.py
[2026-06-29T22:29:57.600+0000] {processor.py:914} INFO - Processing file /home/airflow/.local/lib/python3.12/site-packages/airflow/example_dags/example_task_group.py for tasks to queue
[2026-06-29T22:29:57.614+0000] {logging_mixin.py:190} INFO - [2026-06-29T22:29:57.611+0000] {dagbag.py:588} INFO - Filling up the DagBag from /home/airflow/.local/lib/python3.12/site-packages/airflow/example_dags/example_task_group.py
[2026-06-29T22:29:57.645+0000] {processor.py:925} INFO - DAG(s) 'example_task_group' retrieved from /home/airflow/.local/lib/python3.12/site-packages/airflow/example_dags/example_task_group.py
[2026-06-29T22:29:57.716+0000] {logging_mixin.py:190} INFO - [2026-06-29T22:29:57.715+0000] {dag.py:3239} INFO - Sync 1 DAGs
[2026-06-29T22:29:57.741+0000] {logging_mixin.py:190} INFO - [2026-06-29T22:29:57.740+0000] {dag.py:4180} INFO - Setting next_dagrun for example_task_group to None, run_after=None
[2026-06-29T22:29:57.800+0000] {processor.py:208} INFO - Processing /home/airflow/.local/lib/python3.12/site-packages/airflow/example_dags/example_task_group.py took 0.220 seconds
[2026-06-29T22:30:28.010+0000] {processor.py:186} INFO - Started process (PID=2821) to work on /home/airflow/.local/lib/python3.12/site-packages/airflow/example_dags/example_task_group.py
[2026-06-29T22:30:28.014+0000] {processor.py:914} INFO - Processing file /home/airflow/.local/lib/python3.12/site-packages/airflow/example_dags/example_task_group.py for tasks to queue
[2026-06-29T22:30:28.021+0000] {logging_mixin.py:190} INFO - [2026-06-29T22:30:28.020+0000] {dagbag.py:588} INFO - Filling up the DagBag from /home/airflow/.local/lib/python3.12/site-packages/airflow/example_dags/example_task_group.py
[2026-06-29T22:30:28.042+0000] {processor.py:925} INFO - DAG(s) 'example_task_group' retrieved from /home/airflow/.local/lib/python3.12/site-packages/airflow/example_dags/example_task_group.py
[2026-06-29T22:30:28.106+0000] {logging_mixin.py:190} INFO - [2026-06-29T22:30:28.105+0000] {dag.py:3239} INFO - Sync 1 DAGs
[2026-06-29T22:30:28.147+0000] {logging_mixin.py:190} INFO - [2026-06-29T22:30:28.146+0000] {dag.py:4180} INFO - Setting next_dagrun for example_task_group to None, run_after=None
[2026-06-29T22:30:28.192+0000] {processor.py:208} INFO - Processing /home/airflow/.local/lib/python3.12/site-packages/airflow/example_dags/example_task_group.py took 0.194 seconds
[2026-06-29T22:30:58.272+0000] {processor.py:186} INFO - Started process (PID=2884) to work on /home/airflow/.local/lib/python3.12/site-packages/airflow/example_dags/example_task_group.py
[2026-06-29T22:30:58.274+0000] {processor.py:914} INFO - Processing file /home/airflow/.local/lib/python3.12/site-packages/airflow/example_dags/example_task_group.py for tasks to queue
[2026-06-29T22:30:58.280+0000] {logging_mixin.py:190} INFO - [2026-06-29T22:30:58.280+0000] {dagbag.py:588} INFO - Filling up the DagBag from /home/airflow/.local/lib/python3.12/site-packages/airflow/example_dags/example_task_group.py
[2026-06-29T22:30:58.301+0000] {processor.py:925} INFO - DAG(s) 'example_task_group' retrieved from /home/airflow/.local/lib/python3.12/site-packages/airflow/example_dags/example_task_group.py
[2026-06-29T22:30:58.365+0000] {logging_mixin.py:190} INFO - [2026-06-29T22:30:58.364+0000] {dag.py:3239} INFO - Sync 1 DAGs
[2026-06-29T22:30:58.395+0000] {logging_mixin.py:190} INFO - [2026-06-29T22:30:58.394+0000] {dag.py:4180} INFO - Setting next_dagrun for example_task_group to None, run_after=None
[2026-06-29T22:30:58.445+0000] {processor.py:208} INFO - Processing /home/airflow/.local/lib/python3.12/site-packages/airflow/example_dags/example_task_group.py took 0.183 seconds
[2026-06-29T22:31:29.874+0000] {processor.py:186} INFO - Started process (PID=2956) to work on /home/airflow/.local/lib/python3.12/site-packages/airflow/example_dags/example_task_group.py
[2026-06-29T22:31:29.880+0000] {processor.py:914} INFO - Processing file /home/airflow/.local/lib/python3.12/site-packages/airflow/example_dags/example_task_group.py for tasks to queue
[2026-06-29T22:31:29.891+0000] {logging_mixin.py:190} INFO - [2026-06-29T22:31:29.890+0000] {dagbag.py:588} INFO - Filling up the DagBag from /home/airflow/.local/lib/python3.12/site-packages/airflow/example_dags/example_task_group.py
[2026-06-29T22:31:29.932+0000] {processor.py:925} INFO - DAG(s) 'example_task_group' retrieved from /home/airflow/.local/lib/python3.12/site-packages/airflow/example_dags/example_task_group.py
[2026-06-29T22:31:29.999+0000] {logging_mixin.py:190} INFO - [2026-06-29T22:31:29.998+0000] {dag.py:3239} INFO - Sync 1 DAGs
[2026-06-29T22:31:30.038+0000] {logging_mixin.py:190} INFO - [2026-06-29T22:31:30.037+0000] {dag.py:4180} INFO - Setting next_dagrun for example_task_group to None, run_after=None
[2026-06-29T22:31:30.101+0000] {processor.py:208} INFO - Processing /home/airflow/.local/lib/python3.12/site-packages/airflow/example_dags/example_task_group.py took 0.253 seconds
[2026-06-29T22:32:04.152+0000] {processor.py:186} INFO - Started process (PID=3060) to work on /home/airflow/.local/lib/python3.12/site-packages/airflow/example_dags/example_task_group.py
[2026-06-29T22:32:04.155+0000] {processor.py:914} INFO - Processing file /home/airflow/.local/lib/python3.12/site-packages/airflow/example_dags/example_task_group.py for tasks to queue
[2026-06-29T22:32:04.166+0000] {logging_mixin.py:190} INFO - [2026-06-29T22:32:04.165+0000] {dagbag.py:588} INFO - Filling up the DagBag from /home/airflow/.local/lib/python3.12/site-packages/airflow/example_dags/example_task_group.py
[2026-06-29T22:32:04.193+0000] {processor.py:925} INFO - DAG(s) 'example_task_group' retrieved from /home/airflow/.local/lib/python3.12/site-packages/airflow/example_dags/example_task_group.py
[2026-06-29T22:32:04.252+0000] {logging_mixin.py:190} INFO - [2026-06-29T22:32:04.251+0000] {dag.py:3239} INFO - Sync 1 DAGs
[2026-06-29T22:32:04.287+0000] {logging_mixin.py:190} INFO - [2026-06-29T22:32:04.286+0000] {dag.py:4180} INFO - Setting next_dagrun for example_task_group to None, run_after=None
[2026-06-29T22:32:04.368+0000] {processor.py:208} INFO - Processing /home/airflow/.local/lib/python3.12/site-packages/airflow/example_dags/example_task_group.py took 0.233 seconds
[2026-06-29T22:32:35.477+0000] {processor.py:186} INFO - Started process (PID=3180) to work on /home/airflow/.local/lib/python3.12/site-packages/airflow/example_dags/example_task_group.py
[2026-06-29T22:32:35.481+0000] {processor.py:914} INFO - Processing file /home/airflow/.local/lib/python3.12/site-packages/airflow/example_dags/example_task_group.py for tasks to queue
[2026-06-29T22:32:35.492+0000] {logging_mixin.py:190} INFO - [2026-06-29T22:32:35.490+0000] {dagbag.py:588} INFO - Filling up the DagBag from /home/airflow/.local/lib/python3.12/site-packages/airflow/example_dags/example_task_group.py
[2026-06-29T22:32:35.523+0000] {processor.py:925} INFO - DAG(s) 'example_task_group' retrieved from /home/airflow/.local/lib/python3.12/site-packages/airflow/example_dags/example_task_group.py
[2026-06-29T22:32:35.586+0000] {logging_mixin.py:190} INFO - [2026-06-29T22:32:35.586+0000] {dag.py:3239} INFO - Sync 1 DAGs
[2026-06-29T22:32:35.621+0000] {logging_mixin.py:190} INFO - [2026-06-29T22:32:35.620+0000] {dag.py:4180} INFO - Setting next_dagrun for example_task_group to None, run_after=None
[2026-06-29T22:32:35.695+0000] {processor.py:208} INFO - Processing /home/airflow/.local/lib/python3.12/site-packages/airflow/example_dags/example_task_group.py took 0.231 seconds
[2026-06-29T22:33:06.161+0000] {processor.py:186} INFO - Started process (PID=3257) to work on /home/airflow/.local/lib/python3.12/site-packages/airflow/example_dags/example_task_group.py
[2026-06-29T22:33:06.164+0000] {processor.py:914} INFO - Processing file /home/airflow/.local/lib/python3.12/site-packages/airflow/example_dags/example_task_group.py for tasks to queue
[2026-06-29T22:33:06.169+0000] {logging_mixin.py:190} INFO - [2026-06-29T22:33:06.169+0000] {dagbag.py:588} INFO - Filling up the DagBag from /home/airflow/.local/lib/python3.12/site-packages/airflow/example_dags/example_task_group.py
[2026-06-29T22:33:06.184+0000] {processor.py:925} INFO - DAG(s) 'example_task_group' retrieved from /home/airflow/.local/lib/python3.12/site-packages/airflow/example_dags/example_task_group.py
[2026-06-29T22:33:06.221+0000] {logging_mixin.py:190} INFO - [2026-06-29T22:33:06.221+0000] {dag.py:3239} INFO - Sync 1 DAGs
[2026-06-29T22:33:06.246+0000] {logging_mixin.py:190} INFO - [2026-06-29T22:33:06.245+0000] {dag.py:4180} INFO - Setting next_dagrun for example_task_group to None, run_after=None
[2026-06-29T22:33:06.280+0000] {processor.py:208} INFO - Processing /home/airflow/.local/lib/python3.12/site-packages/airflow/example_dags/example_task_group.py took 0.136 seconds
[2026-06-29T22:33:37.429+0000] {processor.py:186} INFO - Started process (PID=3321) to work on /home/airflow/.local/lib/python3.12/site-packages/airflow/example_dags/example_task_group.py
[2026-06-29T22:33:37.432+0000] {processor.py:914} INFO - Processing file /home/airflow/.local/lib/python3.12/site-packages/airflow/example_dags/example_task_group.py for tasks to queue
[2026-06-29T22:33:37.437+0000] {logging_mixin.py:190} INFO - [2026-06-29T22:33:37.436+0000] {dagbag.py:588} INFO - Filling up the DagBag from /home/airflow/.local/lib/python3.12/site-packages/airflow/example_dags/example_task_group.py
[2026-06-29T22:33:37.457+0000] {processor.py:925} INFO - DAG(s) 'example_task_group' retrieved from /home/airflow/.local/lib/python3.12/site-packages/airflow/example_dags/example_task_group.py
[2026-06-29T22:33:37.505+0000] {logging_mixin.py:190} INFO - [2026-06-29T22:33:37.504+0000] {dag.py:3239} INFO - Sync 1 DAGs
[2026-06-29T22:33:37.526+0000] {logging_mixin.py:190} INFO - [2026-06-29T22:33:37.526+0000] {dag.py:4180} INFO - Setting next_dagrun for example_task_group to None, run_after=None
[2026-06-29T22:33:37.563+0000] {processor.py:208} INFO - Processing /home/airflow/.local/lib/python3.12/site-packages/airflow/example_dags/example_task_group.py took 0.148 seconds
[2026-06-29T22:34:07.833+0000] {processor.py:186} INFO - Started process (PID=3384) to work on /home/airflow/.local/lib/python3.12/site-packages/airflow/example_dags/example_task_group.py
[2026-06-29T22:34:07.836+0000] {processor.py:914} INFO - Processing file /home/airflow/.local/lib/python3.12/site-packages/airflow/example_dags/example_task_group.py for tasks to queue
[2026-06-29T22:34:07.844+0000] {logging_mixin.py:190} INFO - [2026-06-29T22:34:07.843+0000] {dagbag.py:588} INFO - Filling up the DagBag from /home/airflow/.local/lib/python3.12/site-packages/airflow/example_dags/example_task_group.py
[2026-06-29T22:34:07.860+0000] {processor.py:925} INFO - DAG(s) 'example_task_group' retrieved from /home/airflow/.local/lib/python3.12/site-packages/airflow/example_dags/example_task_group.py
[2026-06-29T22:34:07.910+0000] {logging_mixin.py:190} INFO - [2026-06-29T22:34:07.909+0000] {dag.py:3239} INFO - Sync 1 DAGs
[2026-06-29T22:34:07.936+0000] {logging_mixin.py:190} INFO - [2026-06-29T22:34:07.936+0000] {dag.py:4180} INFO - Setting next_dagrun for example_task_group to None, run_after=None
[2026-06-29T22:34:07.972+0000] {processor.py:208} INFO - Processing /home/airflow/.local/lib/python3.12/site-packages/airflow/example_dags/example_task_group.py took 0.156 seconds
[2026-06-29T22:34:39.080+0000] {processor.py:186} INFO - Started process (PID=3448) to work on /home/airflow/.local/lib/python3.12/site-packages/airflow/example_dags/example_task_group.py
[2026-06-29T22:34:39.086+0000] {processor.py:914} INFO - Processing file /home/airflow/.local/lib/python3.12/site-packages/airflow/example_dags/example_task_group.py for tasks to queue
[2026-06-29T22:34:39.102+0000] {logging_mixin.py:190} INFO - [2026-06-29T22:34:39.100+0000] {dagbag.py:588} INFO - Filling up the DagBag from /home/airflow/.local/lib/python3.12/site-packages/airflow/example_dags/example_task_group.py
[2026-06-29T22:34:39.127+0000] {processor.py:925} INFO - DAG(s) 'example_task_group' retrieved from /home/airflow/.local/lib/python3.12/site-packages/airflow/example_dags/example_task_group.py
[2026-06-29T22:34:39.209+0000] {logging_mixin.py:190} INFO - [2026-06-29T22:34:39.208+0000] {dag.py:3239} INFO - Sync 1 DAGs
[2026-06-29T22:34:39.243+0000] {logging_mixin.py:190} INFO - [2026-06-29T22:34:39.243+0000] {dag.py:4180} INFO - Setting next_dagrun for example_task_group to None, run_after=None
[2026-06-29T22:34:39.328+0000] {processor.py:208} INFO - Processing /home/airflow/.local/lib/python3.12/site-packages/airflow/example_dags/example_task_group.py took 0.270 seconds
[2026-06-29T22:35:10.193+0000] {processor.py:186} INFO - Started process (PID=3511) to work on /home/airflow/.local/lib/python3.12/site-packages/airflow/example_dags/example_task_group.py
[2026-06-29T22:35:10.195+0000] {processor.py:914} INFO - Processing file /home/airflow/.local/lib/python3.12/site-packages/airflow/example_dags/example_task_group.py for tasks to queue
[2026-06-29T22:35:10.199+0000] {logging_mixin.py:190} INFO - [2026-06-29T22:35:10.198+0000] {dagbag.py:588} INFO - Filling up the DagBag from /home/airflow/.local/lib/python3.12/site-packages/airflow/example_dags/example_task_group.py
[2026-06-29T22:35:10.210+0000] {processor.py:925} INFO - DAG(s) 'example_task_group' retrieved from /home/airflow/.local/lib/python3.12/site-packages/airflow/example_dags/example_task_group.py
[2026-06-29T22:35:10.235+0000] {logging_mixin.py:190} INFO - [2026-06-29T22:35:10.235+0000] {dag.py:3239} INFO - Sync 1 DAGs
[2026-06-29T22:35:10.249+0000] {logging_mixin.py:190} INFO - [2026-06-29T22:35:10.248+0000] {dag.py:4180} INFO - Setting next_dagrun for example_task_group to None, run_after=None
[2026-06-29T22:35:10.270+0000] {processor.py:208} INFO - Processing /home/airflow/.local/lib/python3.12/site-packages/airflow/example_dags/example_task_group.py took 0.088 seconds
[2026-06-29T22:35:40.455+0000] {processor.py:186} INFO - Started process (PID=3575) to work on /home/airflow/.local/lib/python3.12/site-packages/airflow/example_dags/example_task_group.py
[2026-06-29T22:35:40.457+0000] {processor.py:914} INFO - Processing file /home/airflow/.local/lib/python3.12/site-packages/airflow/example_dags/example_task_group.py for tasks to queue
[2026-06-29T22:35:40.461+0000] {logging_mixin.py:190} INFO - [2026-06-29T22:35:40.460+0000] {dagbag.py:588} INFO - Filling up the DagBag from /home/airflow/.local/lib/python3.12/site-packages/airflow/example_dags/example_task_group.py
[2026-06-29T22:35:40.470+0000] {processor.py:925} INFO - DAG(s) 'example_task_group' retrieved from /home/airflow/.local/lib/python3.12/site-packages/airflow/example_dags/example_task_group.py
[2026-06-29T22:35:40.495+0000] {logging_mixin.py:190} INFO - [2026-06-29T22:35:40.495+0000] {dag.py:3239} INFO - Sync 1 DAGs
[2026-06-29T22:35:40.513+0000] {logging_mixin.py:190} INFO - [2026-06-29T22:35:40.513+0000] {dag.py:4180} INFO - Setting next_dagrun for example_task_group to None, run_after=None
[2026-06-29T22:35:40.535+0000] {processor.py:208} INFO - Processing /home/airflow/.local/lib/python3.12/site-packages/airflow/example_dags/example_task_group.py took 0.091 seconds
[2026-06-29T22:36:10.979+0000] {processor.py:186} INFO - Started process (PID=3639) to work on /home/airflow/.local/lib/python3.12/site-packages/airflow/example_dags/example_task_group.py
[2026-06-29T22:36:10.981+0000] {processor.py:914} INFO - Processing file /home/airflow/.local/lib/python3.12/site-packages/airflow/example_dags/example_task_group.py for tasks to queue
[2026-06-29T22:36:10.985+0000] {logging_mixin.py:190} INFO - [2026-06-29T22:36:10.984+0000] {dagbag.py:588} INFO - Filling up the DagBag from /home/airflow/.local/lib/python3.12/site-packages/airflow/example_dags/example_task_group.py
[2026-06-29T22:36:10.995+0000] {processor.py:925} INFO - DAG(s) 'example_task_group' retrieved from /home/airflow/.local/lib/python3.12/site-packages/airflow/example_dags/example_task_group.py
[2026-06-29T22:36:11.023+0000] {logging_mixin.py:190} INFO - [2026-06-29T22:36:11.022+0000] {dag.py:3239} INFO - Sync 1 DAGs
[2026-06-29T22:36:11.041+0000] {logging_mixin.py:190} INFO - [2026-06-29T22:36:11.041+0000] {dag.py:4180} INFO - Setting next_dagrun for example_task_group to None, run_after=None
[2026-06-29T22:36:11.073+0000] {processor.py:208} INFO - Processing /home/airflow/.local/lib/python3.12/site-packages/airflow/example_dags/example_task_group.py took 0.103 seconds
[2026-06-29T22:36:41.824+0000] {processor.py:186} INFO - Started process (PID=3703) to work on /home/airflow/.local/lib/python3.12/site-packages/airflow/example_dags/example_task_group.py
[2026-06-29T22:36:41.827+0000] {processor.py:914} INFO - Processing file /home/airflow/.local/lib/python3.12/site-packages/airflow/example_dags/example_task_group.py for tasks to queue
[2026-06-29T22:36:41.833+0000] {logging_mixin.py:190} INFO - [2026-06-29T22:36:41.832+0000] {dagbag.py:588} INFO - Filling up the DagBag from /home/airflow/.local/lib/python3.12/site-packages/airflow/example_dags/example_task_group.py
[2026-06-29T22:36:41.858+0000] {processor.py:925} INFO - DAG(s) 'example_task_group' retrieved from /home/airflow/.local/lib/python3.12/site-packages/airflow/example_dags/example_task_group.py
[2026-06-29T22:36:41.921+0000] {logging_mixin.py:190} INFO - [2026-06-29T22:36:41.920+0000] {dag.py:3239} INFO - Sync 1 DAGs
[2026-06-29T22:36:41.961+0000] {logging_mixin.py:190} INFO - [2026-06-29T22:36:41.961+0000] {dag.py:4180} INFO - Setting next_dagrun for example_task_group to None, run_after=None
[2026-06-29T22:36:42.009+0000] {processor.py:208} INFO - Processing /home/airflow/.local/lib/python3.12/site-packages/airflow/example_dags/example_task_group.py took 0.213 seconds
[2026-06-29T22:37:12.651+0000] {processor.py:186} INFO - Started process (PID=3767) to work on /home/airflow/.local/lib/python3.12/site-packages/airflow/example_dags/example_task_group.py
[2026-06-29T22:37:12.653+0000] {processor.py:914} INFO - Processing file /home/airflow/.local/lib/python3.12/site-packages/airflow/example_dags/example_task_group.py for tasks to queue
[2026-06-29T22:37:12.656+0000] {logging_mixin.py:190} INFO - [2026-06-29T22:37:12.656+0000] {dagbag.py:588} INFO - Filling up the DagBag from /home/airflow/.local/lib/python3.12/site-packages/airflow/example_dags/example_task_group.py
[2026-06-29T22:37:12.666+0000] {processor.py:925} INFO - DAG(s) 'example_task_group' retrieved from /home/airflow/.local/lib/python3.12/site-packages/airflow/example_dags/example_task_group.py
[2026-06-29T22:37:12.691+0000] {logging_mixin.py:190} INFO - [2026-06-29T22:37:12.691+0000] {dag.py:3239} INFO - Sync 1 DAGs
[2026-06-29T22:37:12.705+0000] {logging_mixin.py:190} INFO - [2026-06-29T22:37:12.705+0000] {dag.py:4180} INFO - Setting next_dagrun for example_task_group to None, run_after=None
[2026-06-29T22:37:12.729+0000] {processor.py:208} INFO - Processing /home/airflow/.local/lib/python3.12/site-packages/airflow/example_dags/example_task_group.py took 0.104 seconds
[2026-06-29T22:37:43.056+0000] {processor.py:186} INFO - Started process (PID=3831) to work on /home/airflow/.local/lib/python3.12/site-packages/airflow/example_dags/example_task_group.py
[2026-06-29T22:37:43.058+0000] {processor.py:914} INFO - Processing file /home/airflow/.local/lib/python3.12/site-packages/airflow/example_dags/example_task_group.py for tasks to queue
[2026-06-29T22:37:43.061+0000] {logging_mixin.py:190} INFO - [2026-06-29T22:37:43.061+0000] {dagbag.py:588} INFO - Filling up the DagBag from /home/airflow/.local/lib/python3.12/site-packages/airflow/example_dags/example_task_group.py
[2026-06-29T22:37:43.071+0000] {processor.py:925} INFO - DAG(s) 'example_task_group' retrieved from /home/airflow/.local/lib/python3.12/site-packages/airflow/example_dags/example_task_group.py
[2026-06-29T22:37:43.098+0000] {logging_mixin.py:190} INFO - [2026-06-29T22:37:43.098+0000] {dag.py:3239} INFO - Sync 1 DAGs
[2026-06-29T22:37:43.114+0000] {logging_mixin.py:190} INFO - [2026-06-29T22:37:43.114+0000] {dag.py:4180} INFO - Setting next_dagrun for example_task_group to None, run_after=None
[2026-06-29T22:37:43.137+0000] {processor.py:208} INFO - Processing /home/airflow/.local/lib/python3.12/site-packages/airflow/example_dags/example_task_group.py took 0.091 seconds
[2026-06-29T22:38:13.955+0000] {processor.py:186} INFO - Started process (PID=3895) to work on /home/airflow/.local/lib/python3.12/site-packages/airflow/example_dags/example_task_group.py
[2026-06-29T22:38:13.956+0000] {processor.py:914} INFO - Processing file /home/airflow/.local/lib/python3.12/site-packages/airflow/example_dags/example_task_group.py for tasks to queue
[2026-06-29T22:38:13.960+0000] {logging_mixin.py:190} INFO - [2026-06-29T22:38:13.960+0000] {dagbag.py:588} INFO - Filling up the DagBag from /home/airflow/.local/lib/python3.12/site-packages/airflow/example_dags/example_task_group.py
[2026-06-29T22:38:13.972+0000] {processor.py:925} INFO - DAG(s) 'example_task_group' retrieved from /home/airflow/.local/lib/python3.12/site-packages/airflow/example_dags/example_task_group.py
[2026-06-29T22:38:14.003+0000] {logging_mixin.py:190} INFO - [2026-06-29T22:38:14.003+0000] {dag.py:3239} INFO - Sync 1 DAGs
[2026-06-29T22:38:14.021+0000] {logging_mixin.py:190} INFO - [2026-06-29T22:38:14.021+0000] {dag.py:4180} INFO - Setting next_dagrun for example_task_group to None, run_after=None
[2026-06-29T22:38:14.046+0000] {processor.py:208} INFO - Processing /home/airflow/.local/lib/python3.12/site-packages/airflow/example_dags/example_task_group.py took 0.102 seconds
[2026-06-29T22:38:44.646+0000] {processor.py:186} INFO - Started process (PID=3959) to work on /home/airflow/.local/lib/python3.12/site-packages/airflow/example_dags/example_task_group.py
[2026-06-29T22:38:44.649+0000] {processor.py:914} INFO - Processing file /home/airflow/.local/lib/python3.12/site-packages/airflow/example_dags/example_task_group.py for tasks to queue
[2026-06-29T22:38:44.661+0000] {logging_mixin.py:190} INFO - [2026-06-29T22:38:44.659+0000] {dagbag.py:588} INFO - Filling up the DagBag from /home/airflow/.local/lib/python3.12/site-packages/airflow/example_dags/example_task_group.py
[2026-06-29T22:38:44.685+0000] {processor.py:925} INFO - DAG(s) 'example_task_group' retrieved from /home/airflow/.local/lib/python3.12/site-packages/airflow/example_dags/example_task_group.py
[2026-06-29T22:38:44.750+0000] {logging_mixin.py:190} INFO - [2026-06-29T22:38:44.749+0000] {dag.py:3239} INFO - Sync 1 DAGs
[2026-06-29T22:38:44.786+0000] {logging_mixin.py:190} INFO - [2026-06-29T22:38:44.785+0000] {dag.py:4180} INFO - Setting next_dagrun for example_task_group to None, run_after=None
[2026-06-29T22:38:44.831+0000] {processor.py:208} INFO - Processing /home/airflow/.local/lib/python3.12/site-packages/airflow/example_dags/example_task_group.py took 0.207 seconds
[2026-06-29T22:39:15.231+0000] {processor.py:186} INFO - Started process (PID=4023) to work on /home/airflow/.local/lib/python3.12/site-packages/airflow/example_dags/example_task_group.py
[2026-06-29T22:39:15.233+0000] {processor.py:914} INFO - Processing file /home/airflow/.local/lib/python3.12/site-packages/airflow/example_dags/example_task_group.py for tasks to queue
[2026-06-29T22:39:15.236+0000] {logging_mixin.py:190} INFO - [2026-06-29T22:39:15.236+0000] {dagbag.py:588} INFO - Filling up the DagBag from /home/airflow/.local/lib/python3.12/site-packages/airflow/example_dags/example_task_group.py
[2026-06-29T22:39:15.248+0000] {processor.py:925} INFO - DAG(s) 'example_task_group' retrieved from /home/airflow/.local/lib/python3.12/site-packages/airflow/example_dags/example_task_group.py
[2026-06-29T22:39:15.274+0000] {logging_mixin.py:190} INFO - [2026-06-29T22:39:15.274+0000] {dag.py:3239} INFO - Sync 1 DAGs
[2026-06-29T22:39:15.470+0000] {logging_mixin.py:190} INFO - [2026-06-29T22:39:15.470+0000] {dag.py:4180} INFO - Setting next_dagrun for example_task_group to None, run_after=None
[2026-06-29T22:39:15.493+0000] {processor.py:208} INFO - Processing /home/airflow/.local/lib/python3.12/site-packages/airflow/example_dags/example_task_group.py took 0.271 seconds
[2026-06-29T22:39:45.631+0000] {processor.py:186} INFO - Started process (PID=4093) to work on /home/airflow/.local/lib/python3.12/site-packages/airflow/example_dags/example_task_group.py
[2026-06-29T22:39:45.633+0000] {processor.py:914} INFO - Processing file /home/airflow/.local/lib/python3.12/site-packages/airflow/example_dags/example_task_group.py for tasks to queue
[2026-06-29T22:39:45.638+0000] {logging_mixin.py:190} INFO - [2026-06-29T22:39:45.638+0000] {dagbag.py:588} INFO - Filling up the DagBag from /home/airflow/.local/lib/python3.12/site-packages/airflow/example_dags/example_task_group.py
[2026-06-29T22:39:45.660+0000] {processor.py:925} INFO - DAG(s) 'example_task_group' retrieved from /home/airflow/.local/lib/python3.12/site-packages/airflow/example_dags/example_task_group.py
[2026-06-29T22:39:45.705+0000] {logging_mixin.py:190} INFO - [2026-06-29T22:39:45.704+0000] {dag.py:3239} INFO - Sync 1 DAGs
[2026-06-29T22:39:45.738+0000] {logging_mixin.py:190} INFO - [2026-06-29T22:39:45.737+0000] {dag.py:4180} INFO - Setting next_dagrun for example_task_group to None, run_after=None
[2026-06-29T22:39:45.787+0000] {processor.py:208} INFO - Processing /home/airflow/.local/lib/python3.12/site-packages/airflow/example_dags/example_task_group.py took 0.174 seconds
[2026-06-29T22:41:31.082+0000] {processor.py:186} INFO - Started process (PID=119) to work on /home/airflow/.local/lib/python3.12/site-packages/airflow/example_dags/example_task_group.py
[2026-06-29T22:41:31.086+0000] {processor.py:914} INFO - Processing file /home/airflow/.local/lib/python3.12/site-packages/airflow/example_dags/example_task_group.py for tasks to queue
[2026-06-29T22:41:31.096+0000] {logging_mixin.py:190} INFO - [2026-06-29T22:41:31.095+0000] {dagbag.py:588} INFO - Filling up the DagBag from /home/airflow/.local/lib/python3.12/site-packages/airflow/example_dags/example_task_group.py
[2026-06-29T22:41:31.138+0000] {processor.py:925} INFO - DAG(s) 'example_task_group' retrieved from /home/airflow/.local/lib/python3.12/site-packages/airflow/example_dags/example_task_group.py
[2026-06-29T22:41:31.224+0000] {logging_mixin.py:190} INFO - [2026-06-29T22:41:31.223+0000] {dag.py:3239} INFO - Sync 1 DAGs
[2026-06-29T22:41:31.271+0000] {logging_mixin.py:190} INFO - [2026-06-29T22:41:31.271+0000] {dag.py:4180} INFO - Setting next_dagrun for example_task_group to None, run_after=None
[2026-06-29T22:41:31.338+0000] {processor.py:208} INFO - Processing /home/airflow/.local/lib/python3.12/site-packages/airflow/example_dags/example_task_group.py took 0.275 seconds
[2026-06-29T22:42:02.147+0000] {processor.py:186} INFO - Started process (PID=183) to work on /home/airflow/.local/lib/python3.12/site-packages/airflow/example_dags/example_task_group.py
[2026-06-29T22:42:02.150+0000] {processor.py:914} INFO - Processing file /home/airflow/.local/lib/python3.12/site-packages/airflow/example_dags/example_task_group.py for tasks to queue
[2026-06-29T22:42:02.155+0000] {logging_mixin.py:190} INFO - [2026-06-29T22:42:02.154+0000] {dagbag.py:588} INFO - Filling up the DagBag from /home/airflow/.local/lib/python3.12/site-packages/airflow/example_dags/example_task_group.py
[2026-06-29T22:42:02.180+0000] {processor.py:925} INFO - DAG(s) 'example_task_group' retrieved from /home/airflow/.local/lib/python3.12/site-packages/airflow/example_dags/example_task_group.py
[2026-06-29T22:42:02.236+0000] {logging_mixin.py:190} INFO - [2026-06-29T22:42:02.235+0000] {dag.py:3239} INFO - Sync 1 DAGs
[2026-06-29T22:42:02.277+0000] {logging_mixin.py:190} INFO - [2026-06-29T22:42:02.276+0000] {dag.py:4180} INFO - Setting next_dagrun for example_task_group to None, run_after=None
[2026-06-29T22:42:02.327+0000] {processor.py:208} INFO - Processing /home/airflow/.local/lib/python3.12/site-packages/airflow/example_dags/example_task_group.py took 0.196 seconds
[2026-06-29T22:42:34.474+0000] {processor.py:186} INFO - Started process (PID=247) to work on /home/airflow/.local/lib/python3.12/site-packages/airflow/example_dags/example_task_group.py
[2026-06-29T22:42:34.477+0000] {processor.py:914} INFO - Processing file /home/airflow/.local/lib/python3.12/site-packages/airflow/example_dags/example_task_group.py for tasks to queue
[2026-06-29T22:42:34.485+0000] {logging_mixin.py:190} INFO - [2026-06-29T22:42:34.484+0000] {dagbag.py:588} INFO - Filling up the DagBag from /home/airflow/.local/lib/python3.12/site-packages/airflow/example_dags/example_task_group.py
[2026-06-29T22:42:34.511+0000] {processor.py:925} INFO - DAG(s) 'example_task_group' retrieved from /home/airflow/.local/lib/python3.12/site-packages/airflow/example_dags/example_task_group.py
[2026-06-29T22:42:34.571+0000] {logging_mixin.py:190} INFO - [2026-06-29T22:42:34.570+0000] {dag.py:3239} INFO - Sync 1 DAGs
[2026-06-29T22:42:34.606+0000] {logging_mixin.py:190} INFO - [2026-06-29T22:42:34.605+0000] {dag.py:4180} INFO - Setting next_dagrun for example_task_group to None, run_after=None
[2026-06-29T22:42:34.654+0000] {processor.py:208} INFO - Processing /home/airflow/.local/lib/python3.12/site-packages/airflow/example_dags/example_task_group.py took 0.194 seconds
[2026-06-29T22:43:08.666+0000] {processor.py:186} INFO - Started process (PID=311) to work on /home/airflow/.local/lib/python3.12/site-packages/airflow/example_dags/example_task_group.py
[2026-06-29T22:43:08.669+0000] {processor.py:914} INFO - Processing file /home/airflow/.local/lib/python3.12/site-packages/airflow/example_dags/example_task_group.py for tasks to queue
[2026-06-29T22:43:08.680+0000] {logging_mixin.py:190} INFO - [2026-06-29T22:43:08.678+0000] {dagbag.py:588} INFO - Filling up the DagBag from /home/airflow/.local/lib/python3.12/site-packages/airflow/example_dags/example_task_group.py
[2026-06-29T22:43:08.714+0000] {processor.py:925} INFO - DAG(s) 'example_task_group' retrieved from /home/airflow/.local/lib/python3.12/site-packages/airflow/example_dags/example_task_group.py
[2026-06-29T22:43:08.780+0000] {logging_mixin.py:190} INFO - [2026-06-29T22:43:08.779+0000] {dag.py:3239} INFO - Sync 1 DAGs
[2026-06-29T22:43:08.835+0000] {logging_mixin.py:190} INFO - [2026-06-29T22:43:08.835+0000] {dag.py:4180} INFO - Setting next_dagrun for example_task_group to None, run_after=None
[2026-06-29T22:43:08.901+0000] {processor.py:208} INFO - Processing /home/airflow/.local/lib/python3.12/site-packages/airflow/example_dags/example_task_group.py took 0.257 seconds
[2026-06-29T22:43:39.777+0000] {processor.py:186} INFO - Started process (PID=375) to work on /home/airflow/.local/lib/python3.12/site-packages/airflow/example_dags/example_task_group.py
[2026-06-29T22:43:39.780+0000] {processor.py:914} INFO - Processing file /home/airflow/.local/lib/python3.12/site-packages/airflow/example_dags/example_task_group.py for tasks to queue
[2026-06-29T22:43:39.785+0000] {logging_mixin.py:190} INFO - [2026-06-29T22:43:39.785+0000] {dagbag.py:588} INFO - Filling up the DagBag from /home/airflow/.local/lib/python3.12/site-packages/airflow/example_dags/example_task_group.py
[2026-06-29T22:43:39.803+0000] {processor.py:925} INFO - DAG(s) 'example_task_group' retrieved from /home/airflow/.local/lib/python3.12/site-packages/airflow/example_dags/example_task_group.py
[2026-06-29T22:43:39.848+0000] {logging_mixin.py:190} INFO - [2026-06-29T22:43:39.847+0000] {dag.py:3239} INFO - Sync 1 DAGs
[2026-06-29T22:43:39.874+0000] {logging_mixin.py:190} INFO - [2026-06-29T22:43:39.873+0000] {dag.py:4180} INFO - Setting next_dagrun for example_task_group to None, run_after=None
[2026-06-29T22:43:39.920+0000] {processor.py:208} INFO - Processing /home/airflow/.local/lib/python3.12/site-packages/airflow/example_dags/example_task_group.py took 0.156 seconds
[2026-06-29T22:44:10.301+0000] {processor.py:186} INFO - Started process (PID=440) to work on /home/airflow/.local/lib/python3.12/site-packages/airflow/example_dags/example_task_group.py
[2026-06-29T22:44:10.303+0000] {processor.py:914} INFO - Processing file /home/airflow/.local/lib/python3.12/site-packages/airflow/example_dags/example_task_group.py for tasks to queue
[2026-06-29T22:44:10.306+0000] {logging_mixin.py:190} INFO - [2026-06-29T22:44:10.305+0000] {dagbag.py:588} INFO - Filling up the DagBag from /home/airflow/.local/lib/python3.12/site-packages/airflow/example_dags/example_task_group.py
[2026-06-29T22:44:10.320+0000] {processor.py:925} INFO - DAG(s) 'example_task_group' retrieved from /home/airflow/.local/lib/python3.12/site-packages/airflow/example_dags/example_task_group.py
[2026-06-29T22:44:10.349+0000] {logging_mixin.py:190} INFO - [2026-06-29T22:44:10.349+0000] {dag.py:3239} INFO - Sync 1 DAGs
[2026-06-29T22:44:10.365+0000] {logging_mixin.py:190} INFO - [2026-06-29T22:44:10.364+0000] {dag.py:4180} INFO - Setting next_dagrun for example_task_group to None, run_after=None
[2026-06-29T22:44:10.387+0000] {processor.py:208} INFO - Processing /home/airflow/.local/lib/python3.12/site-packages/airflow/example_dags/example_task_group.py took 0.092 seconds
[2026-06-29T22:44:40.924+0000] {processor.py:186} INFO - Started process (PID=504) to work on /home/airflow/.local/lib/python3.12/site-packages/airflow/example_dags/example_task_group.py
[2026-06-29T22:44:40.927+0000] {processor.py:914} INFO - Processing file /home/airflow/.local/lib/python3.12/site-packages/airflow/example_dags/example_task_group.py for tasks to queue
[2026-06-29T22:44:40.935+0000] {logging_mixin.py:190} INFO - [2026-06-29T22:44:40.934+0000] {dagbag.py:588} INFO - Filling up the DagBag from /home/airflow/.local/lib/python3.12/site-packages/airflow/example_dags/example_task_group.py
[2026-06-29T22:44:40.953+0000] {processor.py:925} INFO - DAG(s) 'example_task_group' retrieved from /home/airflow/.local/lib/python3.12/site-packages/airflow/example_dags/example_task_group.py
[2026-06-29T22:44:41.015+0000] {logging_mixin.py:190} INFO - [2026-06-29T22:44:41.014+0000] {dag.py:3239} INFO - Sync 1 DAGs
[2026-06-29T22:44:41.066+0000] {logging_mixin.py:190} INFO - [2026-06-29T22:44:41.066+0000] {dag.py:4180} INFO - Setting next_dagrun for example_task_group to None, run_after=None
[2026-06-29T22:44:41.133+0000] {processor.py:208} INFO - Processing /home/airflow/.local/lib/python3.12/site-packages/airflow/example_dags/example_task_group.py took 0.222 seconds
[2026-06-29T22:45:12.426+0000] {processor.py:186} INFO - Started process (PID=574) to work on /home/airflow/.local/lib/python3.12/site-packages/airflow/example_dags/example_task_group.py
[2026-06-29T22:45:12.428+0000] {processor.py:914} INFO - Processing file /home/airflow/.local/lib/python3.12/site-packages/airflow/example_dags/example_task_group.py for tasks to queue
[2026-06-29T22:45:12.434+0000] {logging_mixin.py:190} INFO - [2026-06-29T22:45:12.433+0000] {dagbag.py:588} INFO - Filling up the DagBag from /home/airflow/.local/lib/python3.12/site-packages/airflow/example_dags/example_task_group.py
[2026-06-29T22:45:12.452+0000] {processor.py:925} INFO - DAG(s) 'example_task_group' retrieved from /home/airflow/.local/lib/python3.12/site-packages/airflow/example_dags/example_task_group.py
[2026-06-29T22:45:12.498+0000] {logging_mixin.py:190} INFO - [2026-06-29T22:45:12.498+0000] {dag.py:3239} INFO - Sync 1 DAGs
[2026-06-29T22:45:12.527+0000] {logging_mixin.py:190} INFO - [2026-06-29T22:45:12.527+0000] {dag.py:4180} INFO - Setting next_dagrun for example_task_group to None, run_after=None
[2026-06-29T22:45:12.575+0000] {processor.py:208} INFO - Processing /home/airflow/.local/lib/python3.12/site-packages/airflow/example_dags/example_task_group.py took 0.162 seconds
[2026-06-29T22:45:42.882+0000] {processor.py:186} INFO - Started process (PID=638) to work on /home/airflow/.local/lib/python3.12/site-packages/airflow/example_dags/example_task_group.py
[2026-06-29T22:45:42.883+0000] {processor.py:914} INFO - Processing file /home/airflow/.local/lib/python3.12/site-packages/airflow/example_dags/example_task_group.py for tasks to queue
[2026-06-29T22:45:42.888+0000] {logging_mixin.py:190} INFO - [2026-06-29T22:45:42.888+0000] {dagbag.py:588} INFO - Filling up the DagBag from /home/airflow/.local/lib/python3.12/site-packages/airflow/example_dags/example_task_group.py
[2026-06-29T22:45:42.901+0000] {processor.py:925} INFO - DAG(s) 'example_task_group' retrieved from /home/airflow/.local/lib/python3.12/site-packages/airflow/example_dags/example_task_group.py
[2026-06-29T22:45:42.930+0000] {logging_mixin.py:190} INFO - [2026-06-29T22:45:42.930+0000] {dag.py:3239} INFO - Sync 1 DAGs
[2026-06-29T22:45:42.948+0000] {logging_mixin.py:190} INFO - [2026-06-29T22:45:42.948+0000] {dag.py:4180} INFO - Setting next_dagrun for example_task_group to None, run_after=None
[2026-06-29T22:45:42.974+0000] {processor.py:208} INFO - Processing /home/airflow/.local/lib/python3.12/site-packages/airflow/example_dags/example_task_group.py took 0.100 seconds
[2026-06-29T22:46:13.087+0000] {processor.py:186} INFO - Started process (PID=701) to work on /home/airflow/.local/lib/python3.12/site-packages/airflow/example_dags/example_task_group.py
[2026-06-29T22:46:13.089+0000] {processor.py:914} INFO - Processing file /home/airflow/.local/lib/python3.12/site-packages/airflow/example_dags/example_task_group.py for tasks to queue
[2026-06-29T22:46:13.092+0000] {logging_mixin.py:190} INFO - [2026-06-29T22:46:13.092+0000] {dagbag.py:588} INFO - Filling up the DagBag from /home/airflow/.local/lib/python3.12/site-packages/airflow/example_dags/example_task_group.py
[2026-06-29T22:46:13.105+0000] {processor.py:925} INFO - DAG(s) 'example_task_group' retrieved from /home/airflow/.local/lib/python3.12/site-packages/airflow/example_dags/example_task_group.py
[2026-06-29T22:46:13.138+0000] {logging_mixin.py:190} INFO - [2026-06-29T22:46:13.137+0000] {dag.py:3239} INFO - Sync 1 DAGs
[2026-06-29T22:46:13.157+0000] {logging_mixin.py:190} INFO - [2026-06-29T22:46:13.157+0000] {dag.py:4180} INFO - Setting next_dagrun for example_task_group to None, run_after=None
[2026-06-29T22:46:13.190+0000] {processor.py:208} INFO - Processing /home/airflow/.local/lib/python3.12/site-packages/airflow/example_dags/example_task_group.py took 0.114 seconds
[2026-06-29T22:46:43.651+0000] {processor.py:186} INFO - Started process (PID=764) to work on /home/airflow/.local/lib/python3.12/site-packages/airflow/example_dags/example_task_group.py
[2026-06-29T22:46:43.655+0000] {processor.py:914} INFO - Processing file /home/airflow/.local/lib/python3.12/site-packages/airflow/example_dags/example_task_group.py for tasks to queue
[2026-06-29T22:46:43.664+0000] {logging_mixin.py:190} INFO - [2026-06-29T22:46:43.663+0000] {dagbag.py:588} INFO - Filling up the DagBag from /home/airflow/.local/lib/python3.12/site-packages/airflow/example_dags/example_task_group.py
[2026-06-29T22:46:43.680+0000] {processor.py:925} INFO - DAG(s) 'example_task_group' retrieved from /home/airflow/.local/lib/python3.12/site-packages/airflow/example_dags/example_task_group.py
[2026-06-29T22:46:43.742+0000] {logging_mixin.py:190} INFO - [2026-06-29T22:46:43.741+0000] {dag.py:3239} INFO - Sync 1 DAGs
[2026-06-29T22:46:43.794+0000] {logging_mixin.py:190} INFO - [2026-06-29T22:46:43.794+0000] {dag.py:4180} INFO - Setting next_dagrun for example_task_group to None, run_after=None
[2026-06-29T22:46:43.834+0000] {processor.py:208} INFO - Processing /home/airflow/.local/lib/python3.12/site-packages/airflow/example_dags/example_task_group.py took 0.197 seconds
