[2026-06-29T21:59:26.614+0000] {processor.py:186} INFO - Started process (PID=123) to work on /home/airflow/.local/lib/python3.12/site-packages/airflow/example_dags/example_short_circuit_decorator.py
[2026-06-29T21:59:26.617+0000] {processor.py:914} INFO - Processing file /home/airflow/.local/lib/python3.12/site-packages/airflow/example_dags/example_short_circuit_decorator.py for tasks to queue
[2026-06-29T21:59:26.622+0000] {logging_mixin.py:190} INFO - [2026-06-29T21:59:26.621+0000] {dagbag.py:588} INFO - Filling up the DagBag from /home/airflow/.local/lib/python3.12/site-packages/airflow/example_dags/example_short_circuit_decorator.py
[2026-06-29T21:59:26.648+0000] {processor.py:925} INFO - DAG(s) 'example_short_circuit_decorator' retrieved from /home/airflow/.local/lib/python3.12/site-packages/airflow/example_dags/example_short_circuit_decorator.py
[2026-06-29T21:59:26.866+0000] {logging_mixin.py:190} INFO - [2026-06-29T21:59:26.865+0000] {override.py:1912} INFO - Created Permission View: can read on DAG:example_short_circuit_decorator
[2026-06-29T21:59:26.891+0000] {logging_mixin.py:190} INFO - [2026-06-29T21:59:26.891+0000] {override.py:1912} INFO - Created Permission View: can delete on DAG:example_short_circuit_decorator
[2026-06-29T21:59:26.910+0000] {logging_mixin.py:190} INFO - [2026-06-29T21:59:26.909+0000] {override.py:1912} INFO - Created Permission View: can edit on DAG:example_short_circuit_decorator
[2026-06-29T21:59:26.933+0000] {logging_mixin.py:190} INFO - [2026-06-29T21:59:26.931+0000] {override.py:1912} INFO - Created Permission View: menu access on DAG Run:example_short_circuit_decorator
[2026-06-29T21:59:26.953+0000] {logging_mixin.py:190} INFO - [2026-06-29T21:59:26.952+0000] {override.py:1912} INFO - Created Permission View: can read on DAG Run:example_short_circuit_decorator
[2026-06-29T21:59:26.975+0000] {logging_mixin.py:190} INFO - [2026-06-29T21:59:26.974+0000] {override.py:1912} INFO - Created Permission View: can delete on DAG Run:example_short_circuit_decorator
[2026-06-29T21:59:26.993+0000] {logging_mixin.py:190} INFO - [2026-06-29T21:59:26.991+0000] {override.py:1912} INFO - Created Permission View: can create on DAG Run:example_short_circuit_decorator
[2026-06-29T21:59:26.995+0000] {logging_mixin.py:190} INFO - [2026-06-29T21:59:26.995+0000] {dag.py:3239} INFO - Sync 1 DAGs
[2026-06-29T21:59:27.042+0000] {logging_mixin.py:190} INFO - [2026-06-29T21:59:27.042+0000] {dag.py:3262} INFO - Creating ORM DAG for example_short_circuit_decorator
[2026-06-29T21:59:27.046+0000] {logging_mixin.py:190} INFO - [2026-06-29T21:59:27.045+0000] {dag.py:4180} INFO - Setting next_dagrun for example_short_circuit_decorator to None, run_after=None
[2026-06-29T21:59:27.091+0000] {processor.py:208} INFO - Processing /home/airflow/.local/lib/python3.12/site-packages/airflow/example_dags/example_short_circuit_decorator.py took 0.487 seconds
[2026-06-29T21:59:57.465+0000] {processor.py:186} INFO - Started process (PID=186) to work on /home/airflow/.local/lib/python3.12/site-packages/airflow/example_dags/example_short_circuit_decorator.py
[2026-06-29T21:59:57.474+0000] {processor.py:914} INFO - Processing file /home/airflow/.local/lib/python3.12/site-packages/airflow/example_dags/example_short_circuit_decorator.py for tasks to queue
[2026-06-29T21:59:57.480+0000] {logging_mixin.py:190} INFO - [2026-06-29T21:59:57.479+0000] {dagbag.py:588} INFO - Filling up the DagBag from /home/airflow/.local/lib/python3.12/site-packages/airflow/example_dags/example_short_circuit_decorator.py
[2026-06-29T21:59:57.504+0000] {processor.py:925} INFO - DAG(s) 'example_short_circuit_decorator' retrieved from /home/airflow/.local/lib/python3.12/site-packages/airflow/example_dags/example_short_circuit_decorator.py
[2026-06-29T21:59:57.567+0000] {logging_mixin.py:190} INFO - [2026-06-29T21:59:57.566+0000] {dag.py:3239} INFO - Sync 1 DAGs
[2026-06-29T21:59:57.601+0000] {logging_mixin.py:190} INFO - [2026-06-29T21:59:57.601+0000] {dag.py:4180} INFO - Setting next_dagrun for example_short_circuit_decorator to None, run_after=None
[2026-06-29T21:59:57.645+0000] {processor.py:208} INFO - Processing /home/airflow/.local/lib/python3.12/site-packages/airflow/example_dags/example_short_circuit_decorator.py took 0.193 seconds
[2026-06-29T22:00:28.092+0000] {processor.py:186} INFO - Started process (PID=248) to work on /home/airflow/.local/lib/python3.12/site-packages/airflow/example_dags/example_short_circuit_decorator.py
[2026-06-29T22:00:28.095+0000] {processor.py:914} INFO - Processing file /home/airflow/.local/lib/python3.12/site-packages/airflow/example_dags/example_short_circuit_decorator.py for tasks to queue
[2026-06-29T22:00:28.102+0000] {logging_mixin.py:190} INFO - [2026-06-29T22:00:28.101+0000] {dagbag.py:588} INFO - Filling up the DagBag from /home/airflow/.local/lib/python3.12/site-packages/airflow/example_dags/example_short_circuit_decorator.py
[2026-06-29T22:00:28.117+0000] {processor.py:925} INFO - DAG(s) 'example_short_circuit_decorator' retrieved from /home/airflow/.local/lib/python3.12/site-packages/airflow/example_dags/example_short_circuit_decorator.py
[2026-06-29T22:00:28.158+0000] {logging_mixin.py:190} INFO - [2026-06-29T22:00:28.157+0000] {dag.py:3239} INFO - Sync 1 DAGs
[2026-06-29T22:00:28.175+0000] {logging_mixin.py:190} INFO - [2026-06-29T22:00:28.175+0000] {dag.py:4180} INFO - Setting next_dagrun for example_short_circuit_decorator to None, run_after=None
[2026-06-29T22:00:28.204+0000] {processor.py:208} INFO - Processing /home/airflow/.local/lib/python3.12/site-packages/airflow/example_dags/example_short_circuit_decorator.py took 0.121 seconds
[2026-06-29T22:00:58.432+0000] {processor.py:186} INFO - Started process (PID=312) to work on /home/airflow/.local/lib/python3.12/site-packages/airflow/example_dags/example_short_circuit_decorator.py
[2026-06-29T22:00:58.435+0000] {processor.py:914} INFO - Processing file /home/airflow/.local/lib/python3.12/site-packages/airflow/example_dags/example_short_circuit_decorator.py for tasks to queue
[2026-06-29T22:00:58.444+0000] {logging_mixin.py:190} INFO - [2026-06-29T22:00:58.442+0000] {dagbag.py:588} INFO - Filling up the DagBag from /home/airflow/.local/lib/python3.12/site-packages/airflow/example_dags/example_short_circuit_decorator.py
[2026-06-29T22:00:58.473+0000] {processor.py:925} INFO - DAG(s) 'example_short_circuit_decorator' retrieved from /home/airflow/.local/lib/python3.12/site-packages/airflow/example_dags/example_short_circuit_decorator.py
[2026-06-29T22:00:58.566+0000] {logging_mixin.py:190} INFO - [2026-06-29T22:00:58.566+0000] {dag.py:3239} INFO - Sync 1 DAGs
[2026-06-29T22:00:58.629+0000] {logging_mixin.py:190} INFO - [2026-06-29T22:00:58.628+0000] {dag.py:4180} INFO - Setting next_dagrun for example_short_circuit_decorator to None, run_after=None
[2026-06-29T22:00:58.713+0000] {processor.py:208} INFO - Processing /home/airflow/.local/lib/python3.12/site-packages/airflow/example_dags/example_short_circuit_decorator.py took 0.315 seconds
[2026-06-29T22:01:29.619+0000] {processor.py:186} INFO - Started process (PID=375) to work on /home/airflow/.local/lib/python3.12/site-packages/airflow/example_dags/example_short_circuit_decorator.py
[2026-06-29T22:01:29.623+0000] {processor.py:914} INFO - Processing file /home/airflow/.local/lib/python3.12/site-packages/airflow/example_dags/example_short_circuit_decorator.py for tasks to queue
[2026-06-29T22:01:29.628+0000] {logging_mixin.py:190} INFO - [2026-06-29T22:01:29.627+0000] {dagbag.py:588} INFO - Filling up the DagBag from /home/airflow/.local/lib/python3.12/site-packages/airflow/example_dags/example_short_circuit_decorator.py
[2026-06-29T22:01:29.649+0000] {processor.py:925} INFO - DAG(s) 'example_short_circuit_decorator' retrieved from /home/airflow/.local/lib/python3.12/site-packages/airflow/example_dags/example_short_circuit_decorator.py
[2026-06-29T22:01:29.702+0000] {logging_mixin.py:190} INFO - [2026-06-29T22:01:29.702+0000] {dag.py:3239} INFO - Sync 1 DAGs
[2026-06-29T22:01:29.735+0000] {logging_mixin.py:190} INFO - [2026-06-29T22:01:29.734+0000] {dag.py:4180} INFO - Setting next_dagrun for example_short_circuit_decorator to None, run_after=None
[2026-06-29T22:01:29.792+0000] {processor.py:208} INFO - Processing /home/airflow/.local/lib/python3.12/site-packages/airflow/example_dags/example_short_circuit_decorator.py took 0.182 seconds
[2026-06-29T22:02:00.374+0000] {processor.py:186} INFO - Started process (PID=438) to work on /home/airflow/.local/lib/python3.12/site-packages/airflow/example_dags/example_short_circuit_decorator.py
[2026-06-29T22:02:00.376+0000] {processor.py:914} INFO - Processing file /home/airflow/.local/lib/python3.12/site-packages/airflow/example_dags/example_short_circuit_decorator.py for tasks to queue
[2026-06-29T22:02:00.379+0000] {logging_mixin.py:190} INFO - [2026-06-29T22:02:00.379+0000] {dagbag.py:588} INFO - Filling up the DagBag from /home/airflow/.local/lib/python3.12/site-packages/airflow/example_dags/example_short_circuit_decorator.py
[2026-06-29T22:02:00.392+0000] {processor.py:925} INFO - DAG(s) 'example_short_circuit_decorator' retrieved from /home/airflow/.local/lib/python3.12/site-packages/airflow/example_dags/example_short_circuit_decorator.py
[2026-06-29T22:02:00.421+0000] {logging_mixin.py:190} INFO - [2026-06-29T22:02:00.421+0000] {dag.py:3239} INFO - Sync 1 DAGs
[2026-06-29T22:02:00.436+0000] {logging_mixin.py:190} INFO - [2026-06-29T22:02:00.436+0000] {dag.py:4180} INFO - Setting next_dagrun for example_short_circuit_decorator to None, run_after=None
[2026-06-29T22:02:00.459+0000] {processor.py:208} INFO - Processing /home/airflow/.local/lib/python3.12/site-packages/airflow/example_dags/example_short_circuit_decorator.py took 0.094 seconds
[2026-06-29T22:02:31.675+0000] {processor.py:186} INFO - Started process (PID=502) to work on /home/airflow/.local/lib/python3.12/site-packages/airflow/example_dags/example_short_circuit_decorator.py
[2026-06-29T22:02:31.679+0000] {processor.py:914} INFO - Processing file /home/airflow/.local/lib/python3.12/site-packages/airflow/example_dags/example_short_circuit_decorator.py for tasks to queue
[2026-06-29T22:02:31.693+0000] {logging_mixin.py:190} INFO - [2026-06-29T22:02:31.692+0000] {dagbag.py:588} INFO - Filling up the DagBag from /home/airflow/.local/lib/python3.12/site-packages/airflow/example_dags/example_short_circuit_decorator.py
[2026-06-29T22:02:31.725+0000] {processor.py:925} INFO - DAG(s) 'example_short_circuit_decorator' retrieved from /home/airflow/.local/lib/python3.12/site-packages/airflow/example_dags/example_short_circuit_decorator.py
[2026-06-29T22:02:31.839+0000] {logging_mixin.py:190} INFO - [2026-06-29T22:02:31.838+0000] {dag.py:3239} INFO - Sync 1 DAGs
[2026-06-29T22:02:31.886+0000] {logging_mixin.py:190} INFO - [2026-06-29T22:02:31.886+0000] {dag.py:4180} INFO - Setting next_dagrun for example_short_circuit_decorator to None, run_after=None
[2026-06-29T22:02:31.966+0000] {processor.py:208} INFO - Processing /home/airflow/.local/lib/python3.12/site-packages/airflow/example_dags/example_short_circuit_decorator.py took 0.308 seconds
[2026-06-29T22:03:02.212+0000] {processor.py:186} INFO - Started process (PID=573) to work on /home/airflow/.local/lib/python3.12/site-packages/airflow/example_dags/example_short_circuit_decorator.py
[2026-06-29T22:03:02.215+0000] {processor.py:914} INFO - Processing file /home/airflow/.local/lib/python3.12/site-packages/airflow/example_dags/example_short_circuit_decorator.py for tasks to queue
[2026-06-29T22:03:02.225+0000] {logging_mixin.py:190} INFO - [2026-06-29T22:03:02.224+0000] {dagbag.py:588} INFO - Filling up the DagBag from /home/airflow/.local/lib/python3.12/site-packages/airflow/example_dags/example_short_circuit_decorator.py
[2026-06-29T22:03:02.253+0000] {processor.py:925} INFO - DAG(s) 'example_short_circuit_decorator' retrieved from /home/airflow/.local/lib/python3.12/site-packages/airflow/example_dags/example_short_circuit_decorator.py
[2026-06-29T22:03:02.327+0000] {logging_mixin.py:190} INFO - [2026-06-29T22:03:02.325+0000] {dag.py:3239} INFO - Sync 1 DAGs
[2026-06-29T22:03:02.354+0000] {logging_mixin.py:190} INFO - [2026-06-29T22:03:02.354+0000] {dag.py:4180} INFO - Setting next_dagrun for example_short_circuit_decorator to None, run_after=None
[2026-06-29T22:03:02.391+0000] {processor.py:208} INFO - Processing /home/airflow/.local/lib/python3.12/site-packages/airflow/example_dags/example_short_circuit_decorator.py took 0.192 seconds
[2026-06-29T22:03:36.169+0000] {processor.py:186} INFO - Started process (PID=634) to work on /home/airflow/.local/lib/python3.12/site-packages/airflow/example_dags/example_short_circuit_decorator.py
[2026-06-29T22:03:36.173+0000] {processor.py:914} INFO - Processing file /home/airflow/.local/lib/python3.12/site-packages/airflow/example_dags/example_short_circuit_decorator.py for tasks to queue
[2026-06-29T22:03:36.180+0000] {logging_mixin.py:190} INFO - [2026-06-29T22:03:36.179+0000] {dagbag.py:588} INFO - Filling up the DagBag from /home/airflow/.local/lib/python3.12/site-packages/airflow/example_dags/example_short_circuit_decorator.py
[2026-06-29T22:03:36.206+0000] {processor.py:925} INFO - DAG(s) 'example_short_circuit_decorator' retrieved from /home/airflow/.local/lib/python3.12/site-packages/airflow/example_dags/example_short_circuit_decorator.py
[2026-06-29T22:03:36.262+0000] {logging_mixin.py:190} INFO - [2026-06-29T22:03:36.261+0000] {dag.py:3239} INFO - Sync 1 DAGs
[2026-06-29T22:03:36.306+0000] {logging_mixin.py:190} INFO - [2026-06-29T22:03:36.305+0000] {dag.py:4180} INFO - Setting next_dagrun for example_short_circuit_decorator to None, run_after=None
[2026-06-29T22:03:36.373+0000] {processor.py:208} INFO - Processing /home/airflow/.local/lib/python3.12/site-packages/airflow/example_dags/example_short_circuit_decorator.py took 0.214 seconds
[2026-06-29T22:04:06.981+0000] {processor.py:186} INFO - Started process (PID=698) to work on /home/airflow/.local/lib/python3.12/site-packages/airflow/example_dags/example_short_circuit_decorator.py
[2026-06-29T22:04:06.984+0000] {processor.py:914} INFO - Processing file /home/airflow/.local/lib/python3.12/site-packages/airflow/example_dags/example_short_circuit_decorator.py for tasks to queue
[2026-06-29T22:04:06.991+0000] {logging_mixin.py:190} INFO - [2026-06-29T22:04:06.990+0000] {dagbag.py:588} INFO - Filling up the DagBag from /home/airflow/.local/lib/python3.12/site-packages/airflow/example_dags/example_short_circuit_decorator.py
[2026-06-29T22:04:07.014+0000] {processor.py:925} INFO - DAG(s) 'example_short_circuit_decorator' retrieved from /home/airflow/.local/lib/python3.12/site-packages/airflow/example_dags/example_short_circuit_decorator.py
[2026-06-29T22:04:07.080+0000] {logging_mixin.py:190} INFO - [2026-06-29T22:04:07.080+0000] {dag.py:3239} INFO - Sync 1 DAGs
[2026-06-29T22:04:07.106+0000] {logging_mixin.py:190} INFO - [2026-06-29T22:04:07.106+0000] {dag.py:4180} INFO - Setting next_dagrun for example_short_circuit_decorator to None, run_after=None
[2026-06-29T22:04:07.167+0000] {processor.py:208} INFO - Processing /home/airflow/.local/lib/python3.12/site-packages/airflow/example_dags/example_short_circuit_decorator.py took 0.197 seconds
[2026-06-29T22:04:46.350+0000] {processor.py:186} INFO - Started process (PID=764) to work on /home/airflow/.local/lib/python3.12/site-packages/airflow/example_dags/example_short_circuit_decorator.py
[2026-06-29T22:04:46.364+0000] {processor.py:914} INFO - Processing file /home/airflow/.local/lib/python3.12/site-packages/airflow/example_dags/example_short_circuit_decorator.py for tasks to queue
[2026-06-29T22:04:46.377+0000] {logging_mixin.py:190} INFO - [2026-06-29T22:04:46.376+0000] {dagbag.py:588} INFO - Filling up the DagBag from /home/airflow/.local/lib/python3.12/site-packages/airflow/example_dags/example_short_circuit_decorator.py
[2026-06-29T22:04:46.406+0000] {processor.py:925} INFO - DAG(s) 'example_short_circuit_decorator' retrieved from /home/airflow/.local/lib/python3.12/site-packages/airflow/example_dags/example_short_circuit_decorator.py
[2026-06-29T22:04:46.552+0000] {logging_mixin.py:190} INFO - [2026-06-29T22:04:46.551+0000] {dag.py:3239} INFO - Sync 1 DAGs
[2026-06-29T22:04:46.611+0000] {logging_mixin.py:190} INFO - [2026-06-29T22:04:46.610+0000] {dag.py:4180} INFO - Setting next_dagrun for example_short_circuit_decorator to None, run_after=None
[2026-06-29T22:04:46.736+0000] {processor.py:208} INFO - Processing /home/airflow/.local/lib/python3.12/site-packages/airflow/example_dags/example_short_circuit_decorator.py took 0.426 seconds
[2026-06-29T22:05:16.880+0000] {processor.py:186} INFO - Started process (PID=828) to work on /home/airflow/.local/lib/python3.12/site-packages/airflow/example_dags/example_short_circuit_decorator.py
[2026-06-29T22:05:16.882+0000] {processor.py:914} INFO - Processing file /home/airflow/.local/lib/python3.12/site-packages/airflow/example_dags/example_short_circuit_decorator.py for tasks to queue
[2026-06-29T22:05:16.885+0000] {logging_mixin.py:190} INFO - [2026-06-29T22:05:16.885+0000] {dagbag.py:588} INFO - Filling up the DagBag from /home/airflow/.local/lib/python3.12/site-packages/airflow/example_dags/example_short_circuit_decorator.py
[2026-06-29T22:05:16.899+0000] {processor.py:925} INFO - DAG(s) 'example_short_circuit_decorator' retrieved from /home/airflow/.local/lib/python3.12/site-packages/airflow/example_dags/example_short_circuit_decorator.py
[2026-06-29T22:05:16.923+0000] {logging_mixin.py:190} INFO - [2026-06-29T22:05:16.923+0000] {dag.py:3239} INFO - Sync 1 DAGs
[2026-06-29T22:05:16.938+0000] {logging_mixin.py:190} INFO - [2026-06-29T22:05:16.938+0000] {dag.py:4180} INFO - Setting next_dagrun for example_short_circuit_decorator to None, run_after=None
[2026-06-29T22:05:16.959+0000] {processor.py:208} INFO - Processing /home/airflow/.local/lib/python3.12/site-packages/airflow/example_dags/example_short_circuit_decorator.py took 0.087 seconds
[2026-06-29T22:05:47.829+0000] {processor.py:186} INFO - Started process (PID=893) to work on /home/airflow/.local/lib/python3.12/site-packages/airflow/example_dags/example_short_circuit_decorator.py
[2026-06-29T22:05:47.832+0000] {processor.py:914} INFO - Processing file /home/airflow/.local/lib/python3.12/site-packages/airflow/example_dags/example_short_circuit_decorator.py for tasks to queue
[2026-06-29T22:05:47.837+0000] {logging_mixin.py:190} INFO - [2026-06-29T22:05:47.836+0000] {dagbag.py:588} INFO - Filling up the DagBag from /home/airflow/.local/lib/python3.12/site-packages/airflow/example_dags/example_short_circuit_decorator.py
[2026-06-29T22:05:47.851+0000] {processor.py:925} INFO - DAG(s) 'example_short_circuit_decorator' retrieved from /home/airflow/.local/lib/python3.12/site-packages/airflow/example_dags/example_short_circuit_decorator.py
[2026-06-29T22:05:47.881+0000] {logging_mixin.py:190} INFO - [2026-06-29T22:05:47.881+0000] {dag.py:3239} INFO - Sync 1 DAGs
[2026-06-29T22:05:47.900+0000] {logging_mixin.py:190} INFO - [2026-06-29T22:05:47.900+0000] {dag.py:4180} INFO - Setting next_dagrun for example_short_circuit_decorator to None, run_after=None
[2026-06-29T22:05:47.925+0000] {processor.py:208} INFO - Processing /home/airflow/.local/lib/python3.12/site-packages/airflow/example_dags/example_short_circuit_decorator.py took 0.106 seconds
[2026-06-29T22:08:30.955+0000] {processor.py:186} INFO - Started process (PID=131) to work on /home/airflow/.local/lib/python3.12/site-packages/airflow/example_dags/example_short_circuit_decorator.py
[2026-06-29T22:08:30.958+0000] {processor.py:914} INFO - Processing file /home/airflow/.local/lib/python3.12/site-packages/airflow/example_dags/example_short_circuit_decorator.py for tasks to queue
[2026-06-29T22:08:30.964+0000] {logging_mixin.py:190} INFO - [2026-06-29T22:08:30.964+0000] {dagbag.py:588} INFO - Filling up the DagBag from /home/airflow/.local/lib/python3.12/site-packages/airflow/example_dags/example_short_circuit_decorator.py
[2026-06-29T22:08:30.991+0000] {processor.py:925} INFO - DAG(s) 'example_short_circuit_decorator' retrieved from /home/airflow/.local/lib/python3.12/site-packages/airflow/example_dags/example_short_circuit_decorator.py
[2026-06-29T22:08:31.073+0000] {logging_mixin.py:190} INFO - [2026-06-29T22:08:31.072+0000] {dag.py:3239} INFO - Sync 1 DAGs
[2026-06-29T22:08:31.122+0000] {logging_mixin.py:190} INFO - [2026-06-29T22:08:31.122+0000] {dag.py:4180} INFO - Setting next_dagrun for example_short_circuit_decorator to None, run_after=None
[2026-06-29T22:08:31.215+0000] {processor.py:208} INFO - Processing /home/airflow/.local/lib/python3.12/site-packages/airflow/example_dags/example_short_circuit_decorator.py took 0.275 seconds
[2026-06-29T22:09:08.024+0000] {processor.py:186} INFO - Started process (PID=201) to work on /home/airflow/.local/lib/python3.12/site-packages/airflow/example_dags/example_short_circuit_decorator.py
[2026-06-29T22:09:08.029+0000] {processor.py:914} INFO - Processing file /home/airflow/.local/lib/python3.12/site-packages/airflow/example_dags/example_short_circuit_decorator.py for tasks to queue
[2026-06-29T22:09:08.039+0000] {logging_mixin.py:190} INFO - [2026-06-29T22:09:08.038+0000] {dagbag.py:588} INFO - Filling up the DagBag from /home/airflow/.local/lib/python3.12/site-packages/airflow/example_dags/example_short_circuit_decorator.py
[2026-06-29T22:09:08.087+0000] {processor.py:925} INFO - DAG(s) 'example_short_circuit_decorator' retrieved from /home/airflow/.local/lib/python3.12/site-packages/airflow/example_dags/example_short_circuit_decorator.py
[2026-06-29T22:09:08.262+0000] {logging_mixin.py:190} INFO - [2026-06-29T22:09:08.255+0000] {dag.py:3239} INFO - Sync 1 DAGs
[2026-06-29T22:09:08.328+0000] {logging_mixin.py:190} INFO - [2026-06-29T22:09:08.328+0000] {dag.py:4180} INFO - Setting next_dagrun for example_short_circuit_decorator to None, run_after=None
[2026-06-29T22:09:08.400+0000] {processor.py:208} INFO - Processing /home/airflow/.local/lib/python3.12/site-packages/airflow/example_dags/example_short_circuit_decorator.py took 0.400 seconds
[2026-06-29T22:09:39.325+0000] {processor.py:186} INFO - Started process (PID=264) to work on /home/airflow/.local/lib/python3.12/site-packages/airflow/example_dags/example_short_circuit_decorator.py
[2026-06-29T22:09:39.331+0000] {processor.py:914} INFO - Processing file /home/airflow/.local/lib/python3.12/site-packages/airflow/example_dags/example_short_circuit_decorator.py for tasks to queue
[2026-06-29T22:09:39.338+0000] {logging_mixin.py:190} INFO - [2026-06-29T22:09:39.338+0000] {dagbag.py:588} INFO - Filling up the DagBag from /home/airflow/.local/lib/python3.12/site-packages/airflow/example_dags/example_short_circuit_decorator.py
[2026-06-29T22:09:39.380+0000] {processor.py:925} INFO - DAG(s) 'example_short_circuit_decorator' retrieved from /home/airflow/.local/lib/python3.12/site-packages/airflow/example_dags/example_short_circuit_decorator.py
[2026-06-29T22:09:39.432+0000] {logging_mixin.py:190} INFO - [2026-06-29T22:09:39.431+0000] {dag.py:3239} INFO - Sync 1 DAGs
[2026-06-29T22:09:39.472+0000] {logging_mixin.py:190} INFO - [2026-06-29T22:09:39.471+0000] {dag.py:4180} INFO - Setting next_dagrun for example_short_circuit_decorator to None, run_after=None
[2026-06-29T22:09:39.528+0000] {processor.py:208} INFO - Processing /home/airflow/.local/lib/python3.12/site-packages/airflow/example_dags/example_short_circuit_decorator.py took 0.215 seconds
[2026-06-29T22:10:16.027+0000] {processor.py:186} INFO - Started process (PID=329) to work on /home/airflow/.local/lib/python3.12/site-packages/airflow/example_dags/example_short_circuit_decorator.py
[2026-06-29T22:10:16.032+0000] {processor.py:914} INFO - Processing file /home/airflow/.local/lib/python3.12/site-packages/airflow/example_dags/example_short_circuit_decorator.py for tasks to queue
[2026-06-29T22:10:16.038+0000] {logging_mixin.py:190} INFO - [2026-06-29T22:10:16.037+0000] {dagbag.py:588} INFO - Filling up the DagBag from /home/airflow/.local/lib/python3.12/site-packages/airflow/example_dags/example_short_circuit_decorator.py
[2026-06-29T22:10:16.062+0000] {processor.py:925} INFO - DAG(s) 'example_short_circuit_decorator' retrieved from /home/airflow/.local/lib/python3.12/site-packages/airflow/example_dags/example_short_circuit_decorator.py
[2026-06-29T22:10:16.104+0000] {logging_mixin.py:190} INFO - [2026-06-29T22:10:16.104+0000] {dag.py:3239} INFO - Sync 1 DAGs
[2026-06-29T22:10:16.124+0000] {logging_mixin.py:190} INFO - [2026-06-29T22:10:16.124+0000] {dag.py:4180} INFO - Setting next_dagrun for example_short_circuit_decorator to None, run_after=None
[2026-06-29T22:10:16.158+0000] {processor.py:208} INFO - Processing /home/airflow/.local/lib/python3.12/site-packages/airflow/example_dags/example_short_circuit_decorator.py took 0.143 seconds
[2026-06-29T22:10:48.104+0000] {processor.py:186} INFO - Started process (PID=393) to work on /home/airflow/.local/lib/python3.12/site-packages/airflow/example_dags/example_short_circuit_decorator.py
[2026-06-29T22:10:48.107+0000] {processor.py:914} INFO - Processing file /home/airflow/.local/lib/python3.12/site-packages/airflow/example_dags/example_short_circuit_decorator.py for tasks to queue
[2026-06-29T22:10:48.119+0000] {logging_mixin.py:190} INFO - [2026-06-29T22:10:48.117+0000] {dagbag.py:588} INFO - Filling up the DagBag from /home/airflow/.local/lib/python3.12/site-packages/airflow/example_dags/example_short_circuit_decorator.py
[2026-06-29T22:10:48.160+0000] {processor.py:925} INFO - DAG(s) 'example_short_circuit_decorator' retrieved from /home/airflow/.local/lib/python3.12/site-packages/airflow/example_dags/example_short_circuit_decorator.py
[2026-06-29T22:10:48.244+0000] {logging_mixin.py:190} INFO - [2026-06-29T22:10:48.243+0000] {dag.py:3239} INFO - Sync 1 DAGs
[2026-06-29T22:10:48.293+0000] {logging_mixin.py:190} INFO - [2026-06-29T22:10:48.293+0000] {dag.py:4180} INFO - Setting next_dagrun for example_short_circuit_decorator to None, run_after=None
[2026-06-29T22:10:48.354+0000] {processor.py:208} INFO - Processing /home/airflow/.local/lib/python3.12/site-packages/airflow/example_dags/example_short_circuit_decorator.py took 0.268 seconds
[2026-06-29T22:11:18.555+0000] {processor.py:186} INFO - Started process (PID=457) to work on /home/airflow/.local/lib/python3.12/site-packages/airflow/example_dags/example_short_circuit_decorator.py
[2026-06-29T22:11:18.557+0000] {processor.py:914} INFO - Processing file /home/airflow/.local/lib/python3.12/site-packages/airflow/example_dags/example_short_circuit_decorator.py for tasks to queue
[2026-06-29T22:11:18.561+0000] {logging_mixin.py:190} INFO - [2026-06-29T22:11:18.561+0000] {dagbag.py:588} INFO - Filling up the DagBag from /home/airflow/.local/lib/python3.12/site-packages/airflow/example_dags/example_short_circuit_decorator.py
[2026-06-29T22:11:18.576+0000] {processor.py:925} INFO - DAG(s) 'example_short_circuit_decorator' retrieved from /home/airflow/.local/lib/python3.12/site-packages/airflow/example_dags/example_short_circuit_decorator.py
[2026-06-29T22:11:18.604+0000] {logging_mixin.py:190} INFO - [2026-06-29T22:11:18.604+0000] {dag.py:3239} INFO - Sync 1 DAGs
[2026-06-29T22:11:18.622+0000] {logging_mixin.py:190} INFO - [2026-06-29T22:11:18.622+0000] {dag.py:4180} INFO - Setting next_dagrun for example_short_circuit_decorator to None, run_after=None
[2026-06-29T22:11:18.649+0000] {processor.py:208} INFO - Processing /home/airflow/.local/lib/python3.12/site-packages/airflow/example_dags/example_short_circuit_decorator.py took 0.102 seconds
[2026-06-29T22:11:49.351+0000] {processor.py:186} INFO - Started process (PID=521) to work on /home/airflow/.local/lib/python3.12/site-packages/airflow/example_dags/example_short_circuit_decorator.py
[2026-06-29T22:11:49.353+0000] {processor.py:914} INFO - Processing file /home/airflow/.local/lib/python3.12/site-packages/airflow/example_dags/example_short_circuit_decorator.py for tasks to queue
[2026-06-29T22:11:49.360+0000] {logging_mixin.py:190} INFO - [2026-06-29T22:11:49.359+0000] {dagbag.py:588} INFO - Filling up the DagBag from /home/airflow/.local/lib/python3.12/site-packages/airflow/example_dags/example_short_circuit_decorator.py
[2026-06-29T22:11:49.379+0000] {processor.py:925} INFO - DAG(s) 'example_short_circuit_decorator' retrieved from /home/airflow/.local/lib/python3.12/site-packages/airflow/example_dags/example_short_circuit_decorator.py
[2026-06-29T22:11:49.415+0000] {logging_mixin.py:190} INFO - [2026-06-29T22:11:49.414+0000] {dag.py:3239} INFO - Sync 1 DAGs
[2026-06-29T22:11:49.436+0000] {logging_mixin.py:190} INFO - [2026-06-29T22:11:49.436+0000] {dag.py:4180} INFO - Setting next_dagrun for example_short_circuit_decorator to None, run_after=None
[2026-06-29T22:11:49.466+0000] {processor.py:208} INFO - Processing /home/airflow/.local/lib/python3.12/site-packages/airflow/example_dags/example_short_circuit_decorator.py took 0.124 seconds
[2026-06-29T22:12:21.283+0000] {processor.py:186} INFO - Started process (PID=585) to work on /home/airflow/.local/lib/python3.12/site-packages/airflow/example_dags/example_short_circuit_decorator.py
[2026-06-29T22:12:21.286+0000] {processor.py:914} INFO - Processing file /home/airflow/.local/lib/python3.12/site-packages/airflow/example_dags/example_short_circuit_decorator.py for tasks to queue
[2026-06-29T22:12:21.291+0000] {logging_mixin.py:190} INFO - [2026-06-29T22:12:21.290+0000] {dagbag.py:588} INFO - Filling up the DagBag from /home/airflow/.local/lib/python3.12/site-packages/airflow/example_dags/example_short_circuit_decorator.py
[2026-06-29T22:12:21.312+0000] {processor.py:925} INFO - DAG(s) 'example_short_circuit_decorator' retrieved from /home/airflow/.local/lib/python3.12/site-packages/airflow/example_dags/example_short_circuit_decorator.py
[2026-06-29T22:12:21.369+0000] {logging_mixin.py:190} INFO - [2026-06-29T22:12:21.368+0000] {dag.py:3239} INFO - Sync 1 DAGs
[2026-06-29T22:12:21.400+0000] {logging_mixin.py:190} INFO - [2026-06-29T22:12:21.400+0000] {dag.py:4180} INFO - Setting next_dagrun for example_short_circuit_decorator to None, run_after=None
[2026-06-29T22:12:21.449+0000] {processor.py:208} INFO - Processing /home/airflow/.local/lib/python3.12/site-packages/airflow/example_dags/example_short_circuit_decorator.py took 0.179 seconds
[2026-06-29T22:12:51.719+0000] {processor.py:186} INFO - Started process (PID=649) to work on /home/airflow/.local/lib/python3.12/site-packages/airflow/example_dags/example_short_circuit_decorator.py
[2026-06-29T22:12:51.722+0000] {processor.py:914} INFO - Processing file /home/airflow/.local/lib/python3.12/site-packages/airflow/example_dags/example_short_circuit_decorator.py for tasks to queue
[2026-06-29T22:12:51.727+0000] {logging_mixin.py:190} INFO - [2026-06-29T22:12:51.726+0000] {dagbag.py:588} INFO - Filling up the DagBag from /home/airflow/.local/lib/python3.12/site-packages/airflow/example_dags/example_short_circuit_decorator.py
[2026-06-29T22:12:51.746+0000] {processor.py:925} INFO - DAG(s) 'example_short_circuit_decorator' retrieved from /home/airflow/.local/lib/python3.12/site-packages/airflow/example_dags/example_short_circuit_decorator.py
[2026-06-29T22:12:51.793+0000] {logging_mixin.py:190} INFO - [2026-06-29T22:12:51.793+0000] {dag.py:3239} INFO - Sync 1 DAGs
[2026-06-29T22:12:51.823+0000] {logging_mixin.py:190} INFO - [2026-06-29T22:12:51.822+0000] {dag.py:4180} INFO - Setting next_dagrun for example_short_circuit_decorator to None, run_after=None
[2026-06-29T22:12:51.861+0000] {processor.py:208} INFO - Processing /home/airflow/.local/lib/python3.12/site-packages/airflow/example_dags/example_short_circuit_decorator.py took 0.152 seconds
[2026-06-29T22:13:22.524+0000] {processor.py:186} INFO - Started process (PID=713) to work on /home/airflow/.local/lib/python3.12/site-packages/airflow/example_dags/example_short_circuit_decorator.py
[2026-06-29T22:13:22.526+0000] {processor.py:914} INFO - Processing file /home/airflow/.local/lib/python3.12/site-packages/airflow/example_dags/example_short_circuit_decorator.py for tasks to queue
[2026-06-29T22:13:22.531+0000] {logging_mixin.py:190} INFO - [2026-06-29T22:13:22.531+0000] {dagbag.py:588} INFO - Filling up the DagBag from /home/airflow/.local/lib/python3.12/site-packages/airflow/example_dags/example_short_circuit_decorator.py
[2026-06-29T22:13:22.555+0000] {processor.py:925} INFO - DAG(s) 'example_short_circuit_decorator' retrieved from /home/airflow/.local/lib/python3.12/site-packages/airflow/example_dags/example_short_circuit_decorator.py
[2026-06-29T22:13:22.595+0000] {logging_mixin.py:190} INFO - [2026-06-29T22:13:22.595+0000] {dag.py:3239} INFO - Sync 1 DAGs
[2026-06-29T22:13:22.635+0000] {logging_mixin.py:190} INFO - [2026-06-29T22:13:22.635+0000] {dag.py:4180} INFO - Setting next_dagrun for example_short_circuit_decorator to None, run_after=None
[2026-06-29T22:13:22.675+0000] {processor.py:208} INFO - Processing /home/airflow/.local/lib/python3.12/site-packages/airflow/example_dags/example_short_circuit_decorator.py took 0.166 seconds
[2026-06-29T22:13:53.158+0000] {processor.py:186} INFO - Started process (PID=778) to work on /home/airflow/.local/lib/python3.12/site-packages/airflow/example_dags/example_short_circuit_decorator.py
[2026-06-29T22:13:53.160+0000] {processor.py:914} INFO - Processing file /home/airflow/.local/lib/python3.12/site-packages/airflow/example_dags/example_short_circuit_decorator.py for tasks to queue
[2026-06-29T22:13:53.163+0000] {logging_mixin.py:190} INFO - [2026-06-29T22:13:53.163+0000] {dagbag.py:588} INFO - Filling up the DagBag from /home/airflow/.local/lib/python3.12/site-packages/airflow/example_dags/example_short_circuit_decorator.py
[2026-06-29T22:13:53.177+0000] {processor.py:925} INFO - DAG(s) 'example_short_circuit_decorator' retrieved from /home/airflow/.local/lib/python3.12/site-packages/airflow/example_dags/example_short_circuit_decorator.py
[2026-06-29T22:13:53.206+0000] {logging_mixin.py:190} INFO - [2026-06-29T22:13:53.206+0000] {dag.py:3239} INFO - Sync 1 DAGs
[2026-06-29T22:13:53.225+0000] {logging_mixin.py:190} INFO - [2026-06-29T22:13:53.224+0000] {dag.py:4180} INFO - Setting next_dagrun for example_short_circuit_decorator to None, run_after=None
[2026-06-29T22:13:53.258+0000] {processor.py:208} INFO - Processing /home/airflow/.local/lib/python3.12/site-packages/airflow/example_dags/example_short_circuit_decorator.py took 0.108 seconds
[2026-06-29T22:14:26.972+0000] {processor.py:186} INFO - Started process (PID=842) to work on /home/airflow/.local/lib/python3.12/site-packages/airflow/example_dags/example_short_circuit_decorator.py
[2026-06-29T22:14:26.974+0000] {processor.py:914} INFO - Processing file /home/airflow/.local/lib/python3.12/site-packages/airflow/example_dags/example_short_circuit_decorator.py for tasks to queue
[2026-06-29T22:14:26.980+0000] {logging_mixin.py:190} INFO - [2026-06-29T22:14:26.979+0000] {dagbag.py:588} INFO - Filling up the DagBag from /home/airflow/.local/lib/python3.12/site-packages/airflow/example_dags/example_short_circuit_decorator.py
[2026-06-29T22:14:27.003+0000] {processor.py:925} INFO - DAG(s) 'example_short_circuit_decorator' retrieved from /home/airflow/.local/lib/python3.12/site-packages/airflow/example_dags/example_short_circuit_decorator.py
[2026-06-29T22:14:27.048+0000] {logging_mixin.py:190} INFO - [2026-06-29T22:14:27.047+0000] {dag.py:3239} INFO - Sync 1 DAGs
[2026-06-29T22:14:27.075+0000] {logging_mixin.py:190} INFO - [2026-06-29T22:14:27.074+0000] {dag.py:4180} INFO - Setting next_dagrun for example_short_circuit_decorator to None, run_after=None
[2026-06-29T22:14:27.127+0000] {processor.py:208} INFO - Processing /home/airflow/.local/lib/python3.12/site-packages/airflow/example_dags/example_short_circuit_decorator.py took 0.165 seconds
[2026-06-29T22:14:58.061+0000] {processor.py:186} INFO - Started process (PID=906) to work on /home/airflow/.local/lib/python3.12/site-packages/airflow/example_dags/example_short_circuit_decorator.py
[2026-06-29T22:14:58.064+0000] {processor.py:914} INFO - Processing file /home/airflow/.local/lib/python3.12/site-packages/airflow/example_dags/example_short_circuit_decorator.py for tasks to queue
[2026-06-29T22:14:58.071+0000] {logging_mixin.py:190} INFO - [2026-06-29T22:14:58.070+0000] {dagbag.py:588} INFO - Filling up the DagBag from /home/airflow/.local/lib/python3.12/site-packages/airflow/example_dags/example_short_circuit_decorator.py
[2026-06-29T22:14:58.104+0000] {processor.py:925} INFO - DAG(s) 'example_short_circuit_decorator' retrieved from /home/airflow/.local/lib/python3.12/site-packages/airflow/example_dags/example_short_circuit_decorator.py
[2026-06-29T22:14:58.162+0000] {logging_mixin.py:190} INFO - [2026-06-29T22:14:58.162+0000] {dag.py:3239} INFO - Sync 1 DAGs
[2026-06-29T22:14:58.191+0000] {logging_mixin.py:190} INFO - [2026-06-29T22:14:58.191+0000] {dag.py:4180} INFO - Setting next_dagrun for example_short_circuit_decorator to None, run_after=None
[2026-06-29T22:14:58.248+0000] {processor.py:208} INFO - Processing /home/airflow/.local/lib/python3.12/site-packages/airflow/example_dags/example_short_circuit_decorator.py took 0.199 seconds
[2026-06-29T22:15:28.361+0000] {processor.py:186} INFO - Started process (PID=970) to work on /home/airflow/.local/lib/python3.12/site-packages/airflow/example_dags/example_short_circuit_decorator.py
[2026-06-29T22:15:28.363+0000] {processor.py:914} INFO - Processing file /home/airflow/.local/lib/python3.12/site-packages/airflow/example_dags/example_short_circuit_decorator.py for tasks to queue
[2026-06-29T22:15:28.367+0000] {logging_mixin.py:190} INFO - [2026-06-29T22:15:28.367+0000] {dagbag.py:588} INFO - Filling up the DagBag from /home/airflow/.local/lib/python3.12/site-packages/airflow/example_dags/example_short_circuit_decorator.py
[2026-06-29T22:15:28.382+0000] {processor.py:925} INFO - DAG(s) 'example_short_circuit_decorator' retrieved from /home/airflow/.local/lib/python3.12/site-packages/airflow/example_dags/example_short_circuit_decorator.py
[2026-06-29T22:15:28.432+0000] {logging_mixin.py:190} INFO - [2026-06-29T22:15:28.431+0000] {dag.py:3239} INFO - Sync 1 DAGs
[2026-06-29T22:15:28.459+0000] {logging_mixin.py:190} INFO - [2026-06-29T22:15:28.458+0000] {dag.py:4180} INFO - Setting next_dagrun for example_short_circuit_decorator to None, run_after=None
[2026-06-29T22:15:28.500+0000] {processor.py:208} INFO - Processing /home/airflow/.local/lib/python3.12/site-packages/airflow/example_dags/example_short_circuit_decorator.py took 0.148 seconds
[2026-06-29T22:16:00.355+0000] {processor.py:186} INFO - Started process (PID=1034) to work on /home/airflow/.local/lib/python3.12/site-packages/airflow/example_dags/example_short_circuit_decorator.py
[2026-06-29T22:16:00.360+0000] {processor.py:914} INFO - Processing file /home/airflow/.local/lib/python3.12/site-packages/airflow/example_dags/example_short_circuit_decorator.py for tasks to queue
[2026-06-29T22:16:00.377+0000] {logging_mixin.py:190} INFO - [2026-06-29T22:16:00.376+0000] {dagbag.py:588} INFO - Filling up the DagBag from /home/airflow/.local/lib/python3.12/site-packages/airflow/example_dags/example_short_circuit_decorator.py
[2026-06-29T22:16:00.437+0000] {processor.py:925} INFO - DAG(s) 'example_short_circuit_decorator' retrieved from /home/airflow/.local/lib/python3.12/site-packages/airflow/example_dags/example_short_circuit_decorator.py
[2026-06-29T22:16:00.539+0000] {logging_mixin.py:190} INFO - [2026-06-29T22:16:00.539+0000] {dag.py:3239} INFO - Sync 1 DAGs
[2026-06-29T22:16:00.602+0000] {logging_mixin.py:190} INFO - [2026-06-29T22:16:00.601+0000] {dag.py:4180} INFO - Setting next_dagrun for example_short_circuit_decorator to None, run_after=None
[2026-06-29T22:16:00.702+0000] {processor.py:208} INFO - Processing /home/airflow/.local/lib/python3.12/site-packages/airflow/example_dags/example_short_circuit_decorator.py took 0.375 seconds
[2026-06-29T22:16:31.231+0000] {processor.py:186} INFO - Started process (PID=1098) to work on /home/airflow/.local/lib/python3.12/site-packages/airflow/example_dags/example_short_circuit_decorator.py
[2026-06-29T22:16:31.233+0000] {processor.py:914} INFO - Processing file /home/airflow/.local/lib/python3.12/site-packages/airflow/example_dags/example_short_circuit_decorator.py for tasks to queue
[2026-06-29T22:16:31.238+0000] {logging_mixin.py:190} INFO - [2026-06-29T22:16:31.237+0000] {dagbag.py:588} INFO - Filling up the DagBag from /home/airflow/.local/lib/python3.12/site-packages/airflow/example_dags/example_short_circuit_decorator.py
[2026-06-29T22:16:31.259+0000] {processor.py:925} INFO - DAG(s) 'example_short_circuit_decorator' retrieved from /home/airflow/.local/lib/python3.12/site-packages/airflow/example_dags/example_short_circuit_decorator.py
[2026-06-29T22:16:31.308+0000] {logging_mixin.py:190} INFO - [2026-06-29T22:16:31.307+0000] {dag.py:3239} INFO - Sync 1 DAGs
[2026-06-29T22:16:31.343+0000] {logging_mixin.py:190} INFO - [2026-06-29T22:16:31.342+0000] {dag.py:4180} INFO - Setting next_dagrun for example_short_circuit_decorator to None, run_after=None
[2026-06-29T22:16:31.394+0000] {processor.py:208} INFO - Processing /home/airflow/.local/lib/python3.12/site-packages/airflow/example_dags/example_short_circuit_decorator.py took 0.173 seconds
[2026-06-29T22:17:02.227+0000] {processor.py:186} INFO - Started process (PID=1162) to work on /home/airflow/.local/lib/python3.12/site-packages/airflow/example_dags/example_short_circuit_decorator.py
[2026-06-29T22:17:02.229+0000] {processor.py:914} INFO - Processing file /home/airflow/.local/lib/python3.12/site-packages/airflow/example_dags/example_short_circuit_decorator.py for tasks to queue
[2026-06-29T22:17:02.233+0000] {logging_mixin.py:190} INFO - [2026-06-29T22:17:02.232+0000] {dagbag.py:588} INFO - Filling up the DagBag from /home/airflow/.local/lib/python3.12/site-packages/airflow/example_dags/example_short_circuit_decorator.py
[2026-06-29T22:17:02.247+0000] {processor.py:925} INFO - DAG(s) 'example_short_circuit_decorator' retrieved from /home/airflow/.local/lib/python3.12/site-packages/airflow/example_dags/example_short_circuit_decorator.py
[2026-06-29T22:17:02.283+0000] {logging_mixin.py:190} INFO - [2026-06-29T22:17:02.282+0000] {dag.py:3239} INFO - Sync 1 DAGs
[2026-06-29T22:17:02.307+0000] {logging_mixin.py:190} INFO - [2026-06-29T22:17:02.307+0000] {dag.py:4180} INFO - Setting next_dagrun for example_short_circuit_decorator to None, run_after=None
[2026-06-29T22:17:02.337+0000] {processor.py:208} INFO - Processing /home/airflow/.local/lib/python3.12/site-packages/airflow/example_dags/example_short_circuit_decorator.py took 0.118 seconds
[2026-06-29T22:17:36.508+0000] {processor.py:186} INFO - Started process (PID=1229) to work on /home/airflow/.local/lib/python3.12/site-packages/airflow/example_dags/example_short_circuit_decorator.py
[2026-06-29T22:17:36.511+0000] {processor.py:914} INFO - Processing file /home/airflow/.local/lib/python3.12/site-packages/airflow/example_dags/example_short_circuit_decorator.py for tasks to queue
[2026-06-29T22:17:36.521+0000] {logging_mixin.py:190} INFO - [2026-06-29T22:17:36.520+0000] {dagbag.py:588} INFO - Filling up the DagBag from /home/airflow/.local/lib/python3.12/site-packages/airflow/example_dags/example_short_circuit_decorator.py
[2026-06-29T22:17:36.547+0000] {processor.py:925} INFO - DAG(s) 'example_short_circuit_decorator' retrieved from /home/airflow/.local/lib/python3.12/site-packages/airflow/example_dags/example_short_circuit_decorator.py
[2026-06-29T22:17:36.607+0000] {logging_mixin.py:190} INFO - [2026-06-29T22:17:36.606+0000] {dag.py:3239} INFO - Sync 1 DAGs
[2026-06-29T22:17:36.640+0000] {logging_mixin.py:190} INFO - [2026-06-29T22:17:36.640+0000] {dag.py:4180} INFO - Setting next_dagrun for example_short_circuit_decorator to None, run_after=None
[2026-06-29T22:17:36.693+0000] {processor.py:208} INFO - Processing /home/airflow/.local/lib/python3.12/site-packages/airflow/example_dags/example_short_circuit_decorator.py took 0.203 seconds
[2026-06-29T22:18:06.883+0000] {processor.py:186} INFO - Started process (PID=1293) to work on /home/airflow/.local/lib/python3.12/site-packages/airflow/example_dags/example_short_circuit_decorator.py
[2026-06-29T22:18:06.885+0000] {processor.py:914} INFO - Processing file /home/airflow/.local/lib/python3.12/site-packages/airflow/example_dags/example_short_circuit_decorator.py for tasks to queue
[2026-06-29T22:18:06.893+0000] {logging_mixin.py:190} INFO - [2026-06-29T22:18:06.892+0000] {dagbag.py:588} INFO - Filling up the DagBag from /home/airflow/.local/lib/python3.12/site-packages/airflow/example_dags/example_short_circuit_decorator.py
[2026-06-29T22:18:06.911+0000] {processor.py:925} INFO - DAG(s) 'example_short_circuit_decorator' retrieved from /home/airflow/.local/lib/python3.12/site-packages/airflow/example_dags/example_short_circuit_decorator.py
[2026-06-29T22:18:06.944+0000] {logging_mixin.py:190} INFO - [2026-06-29T22:18:06.944+0000] {dag.py:3239} INFO - Sync 1 DAGs
[2026-06-29T22:18:06.973+0000] {logging_mixin.py:190} INFO - [2026-06-29T22:18:06.973+0000] {dag.py:4180} INFO - Setting next_dagrun for example_short_circuit_decorator to None, run_after=None
[2026-06-29T22:18:07.035+0000] {processor.py:208} INFO - Processing /home/airflow/.local/lib/python3.12/site-packages/airflow/example_dags/example_short_circuit_decorator.py took 0.161 seconds
[2026-06-29T22:18:40.768+0000] {processor.py:186} INFO - Started process (PID=1363) to work on /home/airflow/.local/lib/python3.12/site-packages/airflow/example_dags/example_short_circuit_decorator.py
[2026-06-29T22:18:40.782+0000] {processor.py:914} INFO - Processing file /home/airflow/.local/lib/python3.12/site-packages/airflow/example_dags/example_short_circuit_decorator.py for tasks to queue
[2026-06-29T22:18:40.805+0000] {logging_mixin.py:190} INFO - [2026-06-29T22:18:40.804+0000] {dagbag.py:588} INFO - Filling up the DagBag from /home/airflow/.local/lib/python3.12/site-packages/airflow/example_dags/example_short_circuit_decorator.py
[2026-06-29T22:18:40.857+0000] {processor.py:925} INFO - DAG(s) 'example_short_circuit_decorator' retrieved from /home/airflow/.local/lib/python3.12/site-packages/airflow/example_dags/example_short_circuit_decorator.py
[2026-06-29T22:18:40.997+0000] {logging_mixin.py:190} INFO - [2026-06-29T22:18:40.997+0000] {dag.py:3239} INFO - Sync 1 DAGs
[2026-06-29T22:18:41.115+0000] {logging_mixin.py:190} INFO - [2026-06-29T22:18:41.114+0000] {dag.py:4180} INFO - Setting next_dagrun for example_short_circuit_decorator to None, run_after=None
[2026-06-29T22:18:41.228+0000] {processor.py:208} INFO - Processing /home/airflow/.local/lib/python3.12/site-packages/airflow/example_dags/example_short_circuit_decorator.py took 0.475 seconds
[2026-06-29T22:19:11.409+0000] {processor.py:186} INFO - Started process (PID=1427) to work on /home/airflow/.local/lib/python3.12/site-packages/airflow/example_dags/example_short_circuit_decorator.py
[2026-06-29T22:19:11.411+0000] {processor.py:914} INFO - Processing file /home/airflow/.local/lib/python3.12/site-packages/airflow/example_dags/example_short_circuit_decorator.py for tasks to queue
[2026-06-29T22:19:11.415+0000] {logging_mixin.py:190} INFO - [2026-06-29T22:19:11.414+0000] {dagbag.py:588} INFO - Filling up the DagBag from /home/airflow/.local/lib/python3.12/site-packages/airflow/example_dags/example_short_circuit_decorator.py
[2026-06-29T22:19:11.428+0000] {processor.py:925} INFO - DAG(s) 'example_short_circuit_decorator' retrieved from /home/airflow/.local/lib/python3.12/site-packages/airflow/example_dags/example_short_circuit_decorator.py
[2026-06-29T22:19:11.455+0000] {logging_mixin.py:190} INFO - [2026-06-29T22:19:11.455+0000] {dag.py:3239} INFO - Sync 1 DAGs
[2026-06-29T22:19:11.474+0000] {logging_mixin.py:190} INFO - [2026-06-29T22:19:11.473+0000] {dag.py:4180} INFO - Setting next_dagrun for example_short_circuit_decorator to None, run_after=None
[2026-06-29T22:19:11.494+0000] {processor.py:208} INFO - Processing /home/airflow/.local/lib/python3.12/site-packages/airflow/example_dags/example_short_circuit_decorator.py took 0.091 seconds
[2026-06-29T22:19:44.130+0000] {processor.py:186} INFO - Started process (PID=1492) to work on /home/airflow/.local/lib/python3.12/site-packages/airflow/example_dags/example_short_circuit_decorator.py
[2026-06-29T22:19:44.137+0000] {processor.py:914} INFO - Processing file /home/airflow/.local/lib/python3.12/site-packages/airflow/example_dags/example_short_circuit_decorator.py for tasks to queue
[2026-06-29T22:19:44.142+0000] {logging_mixin.py:190} INFO - [2026-06-29T22:19:44.141+0000] {dagbag.py:588} INFO - Filling up the DagBag from /home/airflow/.local/lib/python3.12/site-packages/airflow/example_dags/example_short_circuit_decorator.py
[2026-06-29T22:19:44.162+0000] {processor.py:925} INFO - DAG(s) 'example_short_circuit_decorator' retrieved from /home/airflow/.local/lib/python3.12/site-packages/airflow/example_dags/example_short_circuit_decorator.py
[2026-06-29T22:19:44.212+0000] {logging_mixin.py:190} INFO - [2026-06-29T22:19:44.212+0000] {dag.py:3239} INFO - Sync 1 DAGs
[2026-06-29T22:19:44.242+0000] {logging_mixin.py:190} INFO - [2026-06-29T22:19:44.242+0000] {dag.py:4180} INFO - Setting next_dagrun for example_short_circuit_decorator to None, run_after=None
[2026-06-29T22:19:44.288+0000] {processor.py:208} INFO - Processing /home/airflow/.local/lib/python3.12/site-packages/airflow/example_dags/example_short_circuit_decorator.py took 0.177 seconds
[2026-06-29T22:20:16.137+0000] {processor.py:186} INFO - Started process (PID=1556) to work on /home/airflow/.local/lib/python3.12/site-packages/airflow/example_dags/example_short_circuit_decorator.py
[2026-06-29T22:20:16.139+0000] {processor.py:914} INFO - Processing file /home/airflow/.local/lib/python3.12/site-packages/airflow/example_dags/example_short_circuit_decorator.py for tasks to queue
[2026-06-29T22:20:16.144+0000] {logging_mixin.py:190} INFO - [2026-06-29T22:20:16.143+0000] {dagbag.py:588} INFO - Filling up the DagBag from /home/airflow/.local/lib/python3.12/site-packages/airflow/example_dags/example_short_circuit_decorator.py
[2026-06-29T22:20:16.170+0000] {processor.py:925} INFO - DAG(s) 'example_short_circuit_decorator' retrieved from /home/airflow/.local/lib/python3.12/site-packages/airflow/example_dags/example_short_circuit_decorator.py
[2026-06-29T22:20:16.232+0000] {logging_mixin.py:190} INFO - [2026-06-29T22:20:16.231+0000] {dag.py:3239} INFO - Sync 1 DAGs
[2026-06-29T22:20:16.258+0000] {logging_mixin.py:190} INFO - [2026-06-29T22:20:16.257+0000] {dag.py:4180} INFO - Setting next_dagrun for example_short_circuit_decorator to None, run_after=None
[2026-06-29T22:20:16.302+0000] {processor.py:208} INFO - Processing /home/airflow/.local/lib/python3.12/site-packages/airflow/example_dags/example_short_circuit_decorator.py took 0.180 seconds
[2026-06-29T22:20:53.660+0000] {processor.py:186} INFO - Started process (PID=1632) to work on /home/airflow/.local/lib/python3.12/site-packages/airflow/example_dags/example_short_circuit_decorator.py
[2026-06-29T22:20:53.664+0000] {processor.py:914} INFO - Processing file /home/airflow/.local/lib/python3.12/site-packages/airflow/example_dags/example_short_circuit_decorator.py for tasks to queue
[2026-06-29T22:20:53.672+0000] {logging_mixin.py:190} INFO - [2026-06-29T22:20:53.671+0000] {dagbag.py:588} INFO - Filling up the DagBag from /home/airflow/.local/lib/python3.12/site-packages/airflow/example_dags/example_short_circuit_decorator.py
[2026-06-29T22:20:53.690+0000] {processor.py:925} INFO - DAG(s) 'example_short_circuit_decorator' retrieved from /home/airflow/.local/lib/python3.12/site-packages/airflow/example_dags/example_short_circuit_decorator.py
[2026-06-29T22:20:53.760+0000] {logging_mixin.py:190} INFO - [2026-06-29T22:20:53.760+0000] {dag.py:3239} INFO - Sync 1 DAGs
[2026-06-29T22:20:53.794+0000] {logging_mixin.py:190} INFO - [2026-06-29T22:20:53.794+0000] {dag.py:4180} INFO - Setting next_dagrun for example_short_circuit_decorator to None, run_after=None
[2026-06-29T22:20:53.854+0000] {processor.py:208} INFO - Processing /home/airflow/.local/lib/python3.12/site-packages/airflow/example_dags/example_short_circuit_decorator.py took 0.205 seconds
[2026-06-29T22:21:24.232+0000] {processor.py:186} INFO - Started process (PID=1696) to work on /home/airflow/.local/lib/python3.12/site-packages/airflow/example_dags/example_short_circuit_decorator.py
[2026-06-29T22:21:24.234+0000] {processor.py:914} INFO - Processing file /home/airflow/.local/lib/python3.12/site-packages/airflow/example_dags/example_short_circuit_decorator.py for tasks to queue
[2026-06-29T22:21:24.240+0000] {logging_mixin.py:190} INFO - [2026-06-29T22:21:24.239+0000] {dagbag.py:588} INFO - Filling up the DagBag from /home/airflow/.local/lib/python3.12/site-packages/airflow/example_dags/example_short_circuit_decorator.py
[2026-06-29T22:21:24.265+0000] {processor.py:925} INFO - DAG(s) 'example_short_circuit_decorator' retrieved from /home/airflow/.local/lib/python3.12/site-packages/airflow/example_dags/example_short_circuit_decorator.py
[2026-06-29T22:21:24.324+0000] {logging_mixin.py:190} INFO - [2026-06-29T22:21:24.323+0000] {dag.py:3239} INFO - Sync 1 DAGs
[2026-06-29T22:21:24.353+0000] {logging_mixin.py:190} INFO - [2026-06-29T22:21:24.353+0000] {dag.py:4180} INFO - Setting next_dagrun for example_short_circuit_decorator to None, run_after=None
[2026-06-29T22:21:24.407+0000] {processor.py:208} INFO - Processing /home/airflow/.local/lib/python3.12/site-packages/airflow/example_dags/example_short_circuit_decorator.py took 0.186 seconds
[2026-06-29T22:21:54.606+0000] {processor.py:186} INFO - Started process (PID=1761) to work on /home/airflow/.local/lib/python3.12/site-packages/airflow/example_dags/example_short_circuit_decorator.py
[2026-06-29T22:21:54.609+0000] {processor.py:914} INFO - Processing file /home/airflow/.local/lib/python3.12/site-packages/airflow/example_dags/example_short_circuit_decorator.py for tasks to queue
[2026-06-29T22:21:54.614+0000] {logging_mixin.py:190} INFO - [2026-06-29T22:21:54.614+0000] {dagbag.py:588} INFO - Filling up the DagBag from /home/airflow/.local/lib/python3.12/site-packages/airflow/example_dags/example_short_circuit_decorator.py
[2026-06-29T22:21:54.636+0000] {processor.py:925} INFO - DAG(s) 'example_short_circuit_decorator' retrieved from /home/airflow/.local/lib/python3.12/site-packages/airflow/example_dags/example_short_circuit_decorator.py
[2026-06-29T22:21:54.684+0000] {logging_mixin.py:190} INFO - [2026-06-29T22:21:54.684+0000] {dag.py:3239} INFO - Sync 1 DAGs
[2026-06-29T22:21:54.716+0000] {logging_mixin.py:190} INFO - [2026-06-29T22:21:54.715+0000] {dag.py:4180} INFO - Setting next_dagrun for example_short_circuit_decorator to None, run_after=None
[2026-06-29T22:21:54.761+0000] {processor.py:208} INFO - Processing /home/airflow/.local/lib/python3.12/site-packages/airflow/example_dags/example_short_circuit_decorator.py took 0.170 seconds
[2026-06-29T22:22:25.434+0000] {processor.py:186} INFO - Started process (PID=1825) to work on /home/airflow/.local/lib/python3.12/site-packages/airflow/example_dags/example_short_circuit_decorator.py
[2026-06-29T22:22:25.436+0000] {processor.py:914} INFO - Processing file /home/airflow/.local/lib/python3.12/site-packages/airflow/example_dags/example_short_circuit_decorator.py for tasks to queue
[2026-06-29T22:22:25.440+0000] {logging_mixin.py:190} INFO - [2026-06-29T22:22:25.439+0000] {dagbag.py:588} INFO - Filling up the DagBag from /home/airflow/.local/lib/python3.12/site-packages/airflow/example_dags/example_short_circuit_decorator.py
[2026-06-29T22:22:25.453+0000] {processor.py:925} INFO - DAG(s) 'example_short_circuit_decorator' retrieved from /home/airflow/.local/lib/python3.12/site-packages/airflow/example_dags/example_short_circuit_decorator.py
[2026-06-29T22:22:25.479+0000] {logging_mixin.py:190} INFO - [2026-06-29T22:22:25.479+0000] {dag.py:3239} INFO - Sync 1 DAGs
[2026-06-29T22:22:25.497+0000] {logging_mixin.py:190} INFO - [2026-06-29T22:22:25.496+0000] {dag.py:4180} INFO - Setting next_dagrun for example_short_circuit_decorator to None, run_after=None
[2026-06-29T22:22:25.520+0000] {processor.py:208} INFO - Processing /home/airflow/.local/lib/python3.12/site-packages/airflow/example_dags/example_short_circuit_decorator.py took 0.095 seconds
[2026-06-29T22:22:55.868+0000] {processor.py:186} INFO - Started process (PID=1890) to work on /home/airflow/.local/lib/python3.12/site-packages/airflow/example_dags/example_short_circuit_decorator.py
[2026-06-29T22:22:55.870+0000] {processor.py:914} INFO - Processing file /home/airflow/.local/lib/python3.12/site-packages/airflow/example_dags/example_short_circuit_decorator.py for tasks to queue
[2026-06-29T22:22:55.873+0000] {logging_mixin.py:190} INFO - [2026-06-29T22:22:55.873+0000] {dagbag.py:588} INFO - Filling up the DagBag from /home/airflow/.local/lib/python3.12/site-packages/airflow/example_dags/example_short_circuit_decorator.py
[2026-06-29T22:22:55.884+0000] {processor.py:925} INFO - DAG(s) 'example_short_circuit_decorator' retrieved from /home/airflow/.local/lib/python3.12/site-packages/airflow/example_dags/example_short_circuit_decorator.py
[2026-06-29T22:22:55.910+0000] {logging_mixin.py:190} INFO - [2026-06-29T22:22:55.910+0000] {dag.py:3239} INFO - Sync 1 DAGs
[2026-06-29T22:22:55.925+0000] {logging_mixin.py:190} INFO - [2026-06-29T22:22:55.925+0000] {dag.py:4180} INFO - Setting next_dagrun for example_short_circuit_decorator to None, run_after=None
[2026-06-29T22:22:55.947+0000] {processor.py:208} INFO - Processing /home/airflow/.local/lib/python3.12/site-packages/airflow/example_dags/example_short_circuit_decorator.py took 0.088 seconds
[2026-06-29T22:23:26.111+0000] {processor.py:186} INFO - Started process (PID=1953) to work on /home/airflow/.local/lib/python3.12/site-packages/airflow/example_dags/example_short_circuit_decorator.py
[2026-06-29T22:23:26.113+0000] {processor.py:914} INFO - Processing file /home/airflow/.local/lib/python3.12/site-packages/airflow/example_dags/example_short_circuit_decorator.py for tasks to queue
[2026-06-29T22:23:26.116+0000] {logging_mixin.py:190} INFO - [2026-06-29T22:23:26.115+0000] {dagbag.py:588} INFO - Filling up the DagBag from /home/airflow/.local/lib/python3.12/site-packages/airflow/example_dags/example_short_circuit_decorator.py
[2026-06-29T22:23:26.127+0000] {processor.py:925} INFO - DAG(s) 'example_short_circuit_decorator' retrieved from /home/airflow/.local/lib/python3.12/site-packages/airflow/example_dags/example_short_circuit_decorator.py
[2026-06-29T22:23:26.151+0000] {logging_mixin.py:190} INFO - [2026-06-29T22:23:26.150+0000] {dag.py:3239} INFO - Sync 1 DAGs
[2026-06-29T22:23:26.164+0000] {logging_mixin.py:190} INFO - [2026-06-29T22:23:26.164+0000] {dag.py:4180} INFO - Setting next_dagrun for example_short_circuit_decorator to None, run_after=None
[2026-06-29T22:23:26.188+0000] {processor.py:208} INFO - Processing /home/airflow/.local/lib/python3.12/site-packages/airflow/example_dags/example_short_circuit_decorator.py took 0.083 seconds
[2026-06-29T22:23:56.980+0000] {processor.py:186} INFO - Started process (PID=2017) to work on /home/airflow/.local/lib/python3.12/site-packages/airflow/example_dags/example_short_circuit_decorator.py
[2026-06-29T22:23:56.981+0000] {processor.py:914} INFO - Processing file /home/airflow/.local/lib/python3.12/site-packages/airflow/example_dags/example_short_circuit_decorator.py for tasks to queue
[2026-06-29T22:23:56.985+0000] {logging_mixin.py:190} INFO - [2026-06-29T22:23:56.984+0000] {dagbag.py:588} INFO - Filling up the DagBag from /home/airflow/.local/lib/python3.12/site-packages/airflow/example_dags/example_short_circuit_decorator.py
[2026-06-29T22:23:56.996+0000] {processor.py:925} INFO - DAG(s) 'example_short_circuit_decorator' retrieved from /home/airflow/.local/lib/python3.12/site-packages/airflow/example_dags/example_short_circuit_decorator.py
[2026-06-29T22:23:57.020+0000] {logging_mixin.py:190} INFO - [2026-06-29T22:23:57.020+0000] {dag.py:3239} INFO - Sync 1 DAGs
[2026-06-29T22:23:57.034+0000] {logging_mixin.py:190} INFO - [2026-06-29T22:23:57.034+0000] {dag.py:4180} INFO - Setting next_dagrun for example_short_circuit_decorator to None, run_after=None
[2026-06-29T22:23:57.054+0000] {processor.py:208} INFO - Processing /home/airflow/.local/lib/python3.12/site-packages/airflow/example_dags/example_short_circuit_decorator.py took 0.081 seconds
[2026-06-29T22:24:27.335+0000] {processor.py:186} INFO - Started process (PID=2081) to work on /home/airflow/.local/lib/python3.12/site-packages/airflow/example_dags/example_short_circuit_decorator.py
[2026-06-29T22:24:27.337+0000] {processor.py:914} INFO - Processing file /home/airflow/.local/lib/python3.12/site-packages/airflow/example_dags/example_short_circuit_decorator.py for tasks to queue
[2026-06-29T22:24:27.341+0000] {logging_mixin.py:190} INFO - [2026-06-29T22:24:27.341+0000] {dagbag.py:588} INFO - Filling up the DagBag from /home/airflow/.local/lib/python3.12/site-packages/airflow/example_dags/example_short_circuit_decorator.py
[2026-06-29T22:24:27.355+0000] {processor.py:925} INFO - DAG(s) 'example_short_circuit_decorator' retrieved from /home/airflow/.local/lib/python3.12/site-packages/airflow/example_dags/example_short_circuit_decorator.py
[2026-06-29T22:24:27.378+0000] {logging_mixin.py:190} INFO - [2026-06-29T22:24:27.378+0000] {dag.py:3239} INFO - Sync 1 DAGs
[2026-06-29T22:24:27.394+0000] {logging_mixin.py:190} INFO - [2026-06-29T22:24:27.393+0000] {dag.py:4180} INFO - Setting next_dagrun for example_short_circuit_decorator to None, run_after=None
[2026-06-29T22:24:27.416+0000] {processor.py:208} INFO - Processing /home/airflow/.local/lib/python3.12/site-packages/airflow/example_dags/example_short_circuit_decorator.py took 0.089 seconds
[2026-06-29T22:24:57.963+0000] {processor.py:186} INFO - Started process (PID=2145) to work on /home/airflow/.local/lib/python3.12/site-packages/airflow/example_dags/example_short_circuit_decorator.py
[2026-06-29T22:24:57.965+0000] {processor.py:914} INFO - Processing file /home/airflow/.local/lib/python3.12/site-packages/airflow/example_dags/example_short_circuit_decorator.py for tasks to queue
[2026-06-29T22:24:57.968+0000] {logging_mixin.py:190} INFO - [2026-06-29T22:24:57.968+0000] {dagbag.py:588} INFO - Filling up the DagBag from /home/airflow/.local/lib/python3.12/site-packages/airflow/example_dags/example_short_circuit_decorator.py
[2026-06-29T22:24:57.979+0000] {processor.py:925} INFO - DAG(s) 'example_short_circuit_decorator' retrieved from /home/airflow/.local/lib/python3.12/site-packages/airflow/example_dags/example_short_circuit_decorator.py
[2026-06-29T22:24:58.002+0000] {logging_mixin.py:190} INFO - [2026-06-29T22:24:58.002+0000] {dag.py:3239} INFO - Sync 1 DAGs
[2026-06-29T22:24:58.017+0000] {logging_mixin.py:190} INFO - [2026-06-29T22:24:58.017+0000] {dag.py:4180} INFO - Setting next_dagrun for example_short_circuit_decorator to None, run_after=None
[2026-06-29T22:24:58.037+0000] {processor.py:208} INFO - Processing /home/airflow/.local/lib/python3.12/site-packages/airflow/example_dags/example_short_circuit_decorator.py took 0.080 seconds
[2026-06-29T22:25:28.756+0000] {processor.py:186} INFO - Started process (PID=2209) to work on /home/airflow/.local/lib/python3.12/site-packages/airflow/example_dags/example_short_circuit_decorator.py
[2026-06-29T22:25:28.757+0000] {processor.py:914} INFO - Processing file /home/airflow/.local/lib/python3.12/site-packages/airflow/example_dags/example_short_circuit_decorator.py for tasks to queue
[2026-06-29T22:25:28.760+0000] {logging_mixin.py:190} INFO - [2026-06-29T22:25:28.759+0000] {dagbag.py:588} INFO - Filling up the DagBag from /home/airflow/.local/lib/python3.12/site-packages/airflow/example_dags/example_short_circuit_decorator.py
[2026-06-29T22:25:28.773+0000] {processor.py:925} INFO - DAG(s) 'example_short_circuit_decorator' retrieved from /home/airflow/.local/lib/python3.12/site-packages/airflow/example_dags/example_short_circuit_decorator.py
[2026-06-29T22:25:28.799+0000] {logging_mixin.py:190} INFO - [2026-06-29T22:25:28.799+0000] {dag.py:3239} INFO - Sync 1 DAGs
[2026-06-29T22:25:28.814+0000] {logging_mixin.py:190} INFO - [2026-06-29T22:25:28.814+0000] {dag.py:4180} INFO - Setting next_dagrun for example_short_circuit_decorator to None, run_after=None
[2026-06-29T22:25:28.836+0000] {processor.py:208} INFO - Processing /home/airflow/.local/lib/python3.12/site-packages/airflow/example_dags/example_short_circuit_decorator.py took 0.087 seconds
[2026-06-29T22:25:59.455+0000] {processor.py:186} INFO - Started process (PID=2273) to work on /home/airflow/.local/lib/python3.12/site-packages/airflow/example_dags/example_short_circuit_decorator.py
[2026-06-29T22:25:59.457+0000] {processor.py:914} INFO - Processing file /home/airflow/.local/lib/python3.12/site-packages/airflow/example_dags/example_short_circuit_decorator.py for tasks to queue
[2026-06-29T22:25:59.461+0000] {logging_mixin.py:190} INFO - [2026-06-29T22:25:59.461+0000] {dagbag.py:588} INFO - Filling up the DagBag from /home/airflow/.local/lib/python3.12/site-packages/airflow/example_dags/example_short_circuit_decorator.py
[2026-06-29T22:25:59.475+0000] {processor.py:925} INFO - DAG(s) 'example_short_circuit_decorator' retrieved from /home/airflow/.local/lib/python3.12/site-packages/airflow/example_dags/example_short_circuit_decorator.py
[2026-06-29T22:25:59.509+0000] {logging_mixin.py:190} INFO - [2026-06-29T22:25:59.508+0000] {dag.py:3239} INFO - Sync 1 DAGs
[2026-06-29T22:25:59.529+0000] {logging_mixin.py:190} INFO - [2026-06-29T22:25:59.529+0000] {dag.py:4180} INFO - Setting next_dagrun for example_short_circuit_decorator to None, run_after=None
[2026-06-29T22:25:59.554+0000] {processor.py:208} INFO - Processing /home/airflow/.local/lib/python3.12/site-packages/airflow/example_dags/example_short_circuit_decorator.py took 0.108 seconds
[2026-06-29T22:26:30.006+0000] {processor.py:186} INFO - Started process (PID=2337) to work on /home/airflow/.local/lib/python3.12/site-packages/airflow/example_dags/example_short_circuit_decorator.py
[2026-06-29T22:26:30.008+0000] {processor.py:914} INFO - Processing file /home/airflow/.local/lib/python3.12/site-packages/airflow/example_dags/example_short_circuit_decorator.py for tasks to queue
[2026-06-29T22:26:30.011+0000] {logging_mixin.py:190} INFO - [2026-06-29T22:26:30.011+0000] {dagbag.py:588} INFO - Filling up the DagBag from /home/airflow/.local/lib/python3.12/site-packages/airflow/example_dags/example_short_circuit_decorator.py
[2026-06-29T22:26:30.022+0000] {processor.py:925} INFO - DAG(s) 'example_short_circuit_decorator' retrieved from /home/airflow/.local/lib/python3.12/site-packages/airflow/example_dags/example_short_circuit_decorator.py
[2026-06-29T22:26:30.045+0000] {logging_mixin.py:190} INFO - [2026-06-29T22:26:30.044+0000] {dag.py:3239} INFO - Sync 1 DAGs
[2026-06-29T22:26:30.059+0000] {logging_mixin.py:190} INFO - [2026-06-29T22:26:30.059+0000] {dag.py:4180} INFO - Setting next_dagrun for example_short_circuit_decorator to None, run_after=None
[2026-06-29T22:26:30.079+0000] {processor.py:208} INFO - Processing /home/airflow/.local/lib/python3.12/site-packages/airflow/example_dags/example_short_circuit_decorator.py took 0.079 seconds
[2026-06-29T22:27:00.280+0000] {processor.py:186} INFO - Started process (PID=2401) to work on /home/airflow/.local/lib/python3.12/site-packages/airflow/example_dags/example_short_circuit_decorator.py
[2026-06-29T22:27:00.282+0000] {processor.py:914} INFO - Processing file /home/airflow/.local/lib/python3.12/site-packages/airflow/example_dags/example_short_circuit_decorator.py for tasks to queue
[2026-06-29T22:27:00.285+0000] {logging_mixin.py:190} INFO - [2026-06-29T22:27:00.284+0000] {dagbag.py:588} INFO - Filling up the DagBag from /home/airflow/.local/lib/python3.12/site-packages/airflow/example_dags/example_short_circuit_decorator.py
[2026-06-29T22:27:00.296+0000] {processor.py:925} INFO - DAG(s) 'example_short_circuit_decorator' retrieved from /home/airflow/.local/lib/python3.12/site-packages/airflow/example_dags/example_short_circuit_decorator.py
[2026-06-29T22:27:00.320+0000] {logging_mixin.py:190} INFO - [2026-06-29T22:27:00.319+0000] {dag.py:3239} INFO - Sync 1 DAGs
[2026-06-29T22:27:00.334+0000] {logging_mixin.py:190} INFO - [2026-06-29T22:27:00.334+0000] {dag.py:4180} INFO - Setting next_dagrun for example_short_circuit_decorator to None, run_after=None
[2026-06-29T22:27:00.362+0000] {processor.py:208} INFO - Processing /home/airflow/.local/lib/python3.12/site-packages/airflow/example_dags/example_short_circuit_decorator.py took 0.089 seconds
[2026-06-29T22:27:30.802+0000] {processor.py:186} INFO - Started process (PID=2465) to work on /home/airflow/.local/lib/python3.12/site-packages/airflow/example_dags/example_short_circuit_decorator.py
[2026-06-29T22:27:30.808+0000] {processor.py:914} INFO - Processing file /home/airflow/.local/lib/python3.12/site-packages/airflow/example_dags/example_short_circuit_decorator.py for tasks to queue
[2026-06-29T22:27:30.817+0000] {logging_mixin.py:190} INFO - [2026-06-29T22:27:30.816+0000] {dagbag.py:588} INFO - Filling up the DagBag from /home/airflow/.local/lib/python3.12/site-packages/airflow/example_dags/example_short_circuit_decorator.py
[2026-06-29T22:27:30.837+0000] {processor.py:925} INFO - DAG(s) 'example_short_circuit_decorator' retrieved from /home/airflow/.local/lib/python3.12/site-packages/airflow/example_dags/example_short_circuit_decorator.py
[2026-06-29T22:27:30.892+0000] {logging_mixin.py:190} INFO - [2026-06-29T22:27:30.892+0000] {dag.py:3239} INFO - Sync 1 DAGs
[2026-06-29T22:27:30.920+0000] {logging_mixin.py:190} INFO - [2026-06-29T22:27:30.919+0000] {dag.py:4180} INFO - Setting next_dagrun for example_short_circuit_decorator to None, run_after=None
[2026-06-29T22:27:30.954+0000] {processor.py:208} INFO - Processing /home/airflow/.local/lib/python3.12/site-packages/airflow/example_dags/example_short_circuit_decorator.py took 0.170 seconds
[2026-06-29T22:28:01.924+0000] {processor.py:186} INFO - Started process (PID=2528) to work on /home/airflow/.local/lib/python3.12/site-packages/airflow/example_dags/example_short_circuit_decorator.py
[2026-06-29T22:28:01.926+0000] {processor.py:914} INFO - Processing file /home/airflow/.local/lib/python3.12/site-packages/airflow/example_dags/example_short_circuit_decorator.py for tasks to queue
[2026-06-29T22:28:01.930+0000] {logging_mixin.py:190} INFO - [2026-06-29T22:28:01.929+0000] {dagbag.py:588} INFO - Filling up the DagBag from /home/airflow/.local/lib/python3.12/site-packages/airflow/example_dags/example_short_circuit_decorator.py
[2026-06-29T22:28:01.943+0000] {processor.py:925} INFO - DAG(s) 'example_short_circuit_decorator' retrieved from /home/airflow/.local/lib/python3.12/site-packages/airflow/example_dags/example_short_circuit_decorator.py
[2026-06-29T22:28:01.969+0000] {logging_mixin.py:190} INFO - [2026-06-29T22:28:01.969+0000] {dag.py:3239} INFO - Sync 1 DAGs
[2026-06-29T22:28:01.984+0000] {logging_mixin.py:190} INFO - [2026-06-29T22:28:01.984+0000] {dag.py:4180} INFO - Setting next_dagrun for example_short_circuit_decorator to None, run_after=None
[2026-06-29T22:28:02.009+0000] {processor.py:208} INFO - Processing /home/airflow/.local/lib/python3.12/site-packages/airflow/example_dags/example_short_circuit_decorator.py took 0.093 seconds
[2026-06-29T22:28:34.335+0000] {processor.py:186} INFO - Started process (PID=2594) to work on /home/airflow/.local/lib/python3.12/site-packages/airflow/example_dags/example_short_circuit_decorator.py
[2026-06-29T22:28:34.339+0000] {processor.py:914} INFO - Processing file /home/airflow/.local/lib/python3.12/site-packages/airflow/example_dags/example_short_circuit_decorator.py for tasks to queue
[2026-06-29T22:28:34.347+0000] {logging_mixin.py:190} INFO - [2026-06-29T22:28:34.345+0000] {dagbag.py:588} INFO - Filling up the DagBag from /home/airflow/.local/lib/python3.12/site-packages/airflow/example_dags/example_short_circuit_decorator.py
[2026-06-29T22:28:34.374+0000] {processor.py:925} INFO - DAG(s) 'example_short_circuit_decorator' retrieved from /home/airflow/.local/lib/python3.12/site-packages/airflow/example_dags/example_short_circuit_decorator.py
[2026-06-29T22:28:34.441+0000] {logging_mixin.py:190} INFO - [2026-06-29T22:28:34.441+0000] {dag.py:3239} INFO - Sync 1 DAGs
[2026-06-29T22:28:34.477+0000] {logging_mixin.py:190} INFO - [2026-06-29T22:28:34.477+0000] {dag.py:4180} INFO - Setting next_dagrun for example_short_circuit_decorator to None, run_after=None
[2026-06-29T22:28:34.533+0000] {processor.py:208} INFO - Processing /home/airflow/.local/lib/python3.12/site-packages/airflow/example_dags/example_short_circuit_decorator.py took 0.216 seconds
[2026-06-29T22:29:05.515+0000] {processor.py:186} INFO - Started process (PID=2658) to work on /home/airflow/.local/lib/python3.12/site-packages/airflow/example_dags/example_short_circuit_decorator.py
[2026-06-29T22:29:05.518+0000] {processor.py:914} INFO - Processing file /home/airflow/.local/lib/python3.12/site-packages/airflow/example_dags/example_short_circuit_decorator.py for tasks to queue
[2026-06-29T22:29:05.524+0000] {logging_mixin.py:190} INFO - [2026-06-29T22:29:05.524+0000] {dagbag.py:588} INFO - Filling up the DagBag from /home/airflow/.local/lib/python3.12/site-packages/airflow/example_dags/example_short_circuit_decorator.py
[2026-06-29T22:29:05.546+0000] {processor.py:925} INFO - DAG(s) 'example_short_circuit_decorator' retrieved from /home/airflow/.local/lib/python3.12/site-packages/airflow/example_dags/example_short_circuit_decorator.py
[2026-06-29T22:29:05.597+0000] {logging_mixin.py:190} INFO - [2026-06-29T22:29:05.596+0000] {dag.py:3239} INFO - Sync 1 DAGs
[2026-06-29T22:29:05.622+0000] {logging_mixin.py:190} INFO - [2026-06-29T22:29:05.622+0000] {dag.py:4180} INFO - Setting next_dagrun for example_short_circuit_decorator to None, run_after=None
[2026-06-29T22:29:05.661+0000] {processor.py:208} INFO - Processing /home/airflow/.local/lib/python3.12/site-packages/airflow/example_dags/example_short_circuit_decorator.py took 0.159 seconds
[2026-06-29T22:29:37.914+0000] {processor.py:186} INFO - Started process (PID=2725) to work on /home/airflow/.local/lib/python3.12/site-packages/airflow/example_dags/example_short_circuit_decorator.py
[2026-06-29T22:29:37.916+0000] {processor.py:914} INFO - Processing file /home/airflow/.local/lib/python3.12/site-packages/airflow/example_dags/example_short_circuit_decorator.py for tasks to queue
[2026-06-29T22:29:37.922+0000] {logging_mixin.py:190} INFO - [2026-06-29T22:29:37.921+0000] {dagbag.py:588} INFO - Filling up the DagBag from /home/airflow/.local/lib/python3.12/site-packages/airflow/example_dags/example_short_circuit_decorator.py
[2026-06-29T22:29:37.943+0000] {processor.py:925} INFO - DAG(s) 'example_short_circuit_decorator' retrieved from /home/airflow/.local/lib/python3.12/site-packages/airflow/example_dags/example_short_circuit_decorator.py
[2026-06-29T22:29:37.993+0000] {logging_mixin.py:190} INFO - [2026-06-29T22:29:37.993+0000] {dag.py:3239} INFO - Sync 1 DAGs
[2026-06-29T22:29:38.018+0000] {logging_mixin.py:190} INFO - [2026-06-29T22:29:38.018+0000] {dag.py:4180} INFO - Setting next_dagrun for example_short_circuit_decorator to None, run_after=None
[2026-06-29T22:29:38.059+0000] {processor.py:208} INFO - Processing /home/airflow/.local/lib/python3.12/site-packages/airflow/example_dags/example_short_circuit_decorator.py took 0.155 seconds
[2026-06-29T22:30:08.591+0000] {processor.py:186} INFO - Started process (PID=2789) to work on /home/airflow/.local/lib/python3.12/site-packages/airflow/example_dags/example_short_circuit_decorator.py
[2026-06-29T22:30:08.593+0000] {processor.py:914} INFO - Processing file /home/airflow/.local/lib/python3.12/site-packages/airflow/example_dags/example_short_circuit_decorator.py for tasks to queue
[2026-06-29T22:30:08.597+0000] {logging_mixin.py:190} INFO - [2026-06-29T22:30:08.597+0000] {dagbag.py:588} INFO - Filling up the DagBag from /home/airflow/.local/lib/python3.12/site-packages/airflow/example_dags/example_short_circuit_decorator.py
[2026-06-29T22:30:08.611+0000] {processor.py:925} INFO - DAG(s) 'example_short_circuit_decorator' retrieved from /home/airflow/.local/lib/python3.12/site-packages/airflow/example_dags/example_short_circuit_decorator.py
[2026-06-29T22:30:08.649+0000] {logging_mixin.py:190} INFO - [2026-06-29T22:30:08.649+0000] {dag.py:3239} INFO - Sync 1 DAGs
[2026-06-29T22:30:08.674+0000] {logging_mixin.py:190} INFO - [2026-06-29T22:30:08.674+0000] {dag.py:4180} INFO - Setting next_dagrun for example_short_circuit_decorator to None, run_after=None
[2026-06-29T22:30:08.710+0000] {processor.py:208} INFO - Processing /home/airflow/.local/lib/python3.12/site-packages/airflow/example_dags/example_short_circuit_decorator.py took 0.134 seconds
[2026-06-29T22:30:45.568+0000] {processor.py:186} INFO - Started process (PID=2861) to work on /home/airflow/.local/lib/python3.12/site-packages/airflow/example_dags/example_short_circuit_decorator.py
[2026-06-29T22:30:45.581+0000] {processor.py:914} INFO - Processing file /home/airflow/.local/lib/python3.12/site-packages/airflow/example_dags/example_short_circuit_decorator.py for tasks to queue
[2026-06-29T22:30:45.598+0000] {logging_mixin.py:190} INFO - [2026-06-29T22:30:45.595+0000] {dagbag.py:588} INFO - Filling up the DagBag from /home/airflow/.local/lib/python3.12/site-packages/airflow/example_dags/example_short_circuit_decorator.py
[2026-06-29T22:30:45.648+0000] {processor.py:925} INFO - DAG(s) 'example_short_circuit_decorator' retrieved from /home/airflow/.local/lib/python3.12/site-packages/airflow/example_dags/example_short_circuit_decorator.py
[2026-06-29T22:30:45.766+0000] {logging_mixin.py:190} INFO - [2026-06-29T22:30:45.763+0000] {dag.py:3239} INFO - Sync 1 DAGs
[2026-06-29T22:30:45.855+0000] {logging_mixin.py:190} INFO - [2026-06-29T22:30:45.854+0000] {dag.py:4180} INFO - Setting next_dagrun for example_short_circuit_decorator to None, run_after=None
[2026-06-29T22:30:45.963+0000] {processor.py:208} INFO - Processing /home/airflow/.local/lib/python3.12/site-packages/airflow/example_dags/example_short_circuit_decorator.py took 0.408 seconds
[2026-06-29T22:31:16.112+0000] {processor.py:186} INFO - Started process (PID=2925) to work on /home/airflow/.local/lib/python3.12/site-packages/airflow/example_dags/example_short_circuit_decorator.py
[2026-06-29T22:31:16.113+0000] {processor.py:914} INFO - Processing file /home/airflow/.local/lib/python3.12/site-packages/airflow/example_dags/example_short_circuit_decorator.py for tasks to queue
[2026-06-29T22:31:16.118+0000] {logging_mixin.py:190} INFO - [2026-06-29T22:31:16.118+0000] {dagbag.py:588} INFO - Filling up the DagBag from /home/airflow/.local/lib/python3.12/site-packages/airflow/example_dags/example_short_circuit_decorator.py
[2026-06-29T22:31:16.135+0000] {processor.py:925} INFO - DAG(s) 'example_short_circuit_decorator' retrieved from /home/airflow/.local/lib/python3.12/site-packages/airflow/example_dags/example_short_circuit_decorator.py
[2026-06-29T22:31:16.183+0000] {logging_mixin.py:190} INFO - [2026-06-29T22:31:16.182+0000] {dag.py:3239} INFO - Sync 1 DAGs
[2026-06-29T22:31:16.230+0000] {logging_mixin.py:190} INFO - [2026-06-29T22:31:16.229+0000] {dag.py:4180} INFO - Setting next_dagrun for example_short_circuit_decorator to None, run_after=None
[2026-06-29T22:31:16.268+0000] {processor.py:208} INFO - Processing /home/airflow/.local/lib/python3.12/site-packages/airflow/example_dags/example_short_circuit_decorator.py took 0.169 seconds
[2026-06-29T22:31:46.865+0000] {processor.py:186} INFO - Started process (PID=2996) to work on /home/airflow/.local/lib/python3.12/site-packages/airflow/example_dags/example_short_circuit_decorator.py
[2026-06-29T22:31:46.866+0000] {processor.py:914} INFO - Processing file /home/airflow/.local/lib/python3.12/site-packages/airflow/example_dags/example_short_circuit_decorator.py for tasks to queue
[2026-06-29T22:31:46.869+0000] {logging_mixin.py:190} INFO - [2026-06-29T22:31:46.869+0000] {dagbag.py:588} INFO - Filling up the DagBag from /home/airflow/.local/lib/python3.12/site-packages/airflow/example_dags/example_short_circuit_decorator.py
[2026-06-29T22:31:46.882+0000] {processor.py:925} INFO - DAG(s) 'example_short_circuit_decorator' retrieved from /home/airflow/.local/lib/python3.12/site-packages/airflow/example_dags/example_short_circuit_decorator.py
[2026-06-29T22:31:46.917+0000] {logging_mixin.py:190} INFO - [2026-06-29T22:31:46.917+0000] {dag.py:3239} INFO - Sync 1 DAGs
[2026-06-29T22:31:46.940+0000] {logging_mixin.py:190} INFO - [2026-06-29T22:31:46.940+0000] {dag.py:4180} INFO - Setting next_dagrun for example_short_circuit_decorator to None, run_after=None
[2026-06-29T22:31:46.977+0000] {processor.py:208} INFO - Processing /home/airflow/.local/lib/python3.12/site-packages/airflow/example_dags/example_short_circuit_decorator.py took 0.119 seconds
[2026-06-29T22:32:17.718+0000] {processor.py:186} INFO - Started process (PID=3117) to work on /home/airflow/.local/lib/python3.12/site-packages/airflow/example_dags/example_short_circuit_decorator.py
[2026-06-29T22:32:17.721+0000] {processor.py:914} INFO - Processing file /home/airflow/.local/lib/python3.12/site-packages/airflow/example_dags/example_short_circuit_decorator.py for tasks to queue
[2026-06-29T22:32:17.731+0000] {logging_mixin.py:190} INFO - [2026-06-29T22:32:17.730+0000] {dagbag.py:588} INFO - Filling up the DagBag from /home/airflow/.local/lib/python3.12/site-packages/airflow/example_dags/example_short_circuit_decorator.py
[2026-06-29T22:32:17.759+0000] {processor.py:925} INFO - DAG(s) 'example_short_circuit_decorator' retrieved from /home/airflow/.local/lib/python3.12/site-packages/airflow/example_dags/example_short_circuit_decorator.py
[2026-06-29T22:32:17.822+0000] {logging_mixin.py:190} INFO - [2026-06-29T22:32:17.821+0000] {dag.py:3239} INFO - Sync 1 DAGs
[2026-06-29T22:32:17.856+0000] {logging_mixin.py:190} INFO - [2026-06-29T22:32:17.855+0000] {dag.py:4180} INFO - Setting next_dagrun for example_short_circuit_decorator to None, run_after=None
[2026-06-29T22:32:17.914+0000] {processor.py:208} INFO - Processing /home/airflow/.local/lib/python3.12/site-packages/airflow/example_dags/example_short_circuit_decorator.py took 0.212 seconds
[2026-06-29T22:32:48.926+0000] {processor.py:186} INFO - Started process (PID=3227) to work on /home/airflow/.local/lib/python3.12/site-packages/airflow/example_dags/example_short_circuit_decorator.py
[2026-06-29T22:32:48.929+0000] {processor.py:914} INFO - Processing file /home/airflow/.local/lib/python3.12/site-packages/airflow/example_dags/example_short_circuit_decorator.py for tasks to queue
[2026-06-29T22:32:48.941+0000] {logging_mixin.py:190} INFO - [2026-06-29T22:32:48.941+0000] {dagbag.py:588} INFO - Filling up the DagBag from /home/airflow/.local/lib/python3.12/site-packages/airflow/example_dags/example_short_circuit_decorator.py
[2026-06-29T22:32:48.976+0000] {processor.py:925} INFO - DAG(s) 'example_short_circuit_decorator' retrieved from /home/airflow/.local/lib/python3.12/site-packages/airflow/example_dags/example_short_circuit_decorator.py
[2026-06-29T22:32:49.059+0000] {logging_mixin.py:190} INFO - [2026-06-29T22:32:49.057+0000] {dag.py:3239} INFO - Sync 1 DAGs
[2026-06-29T22:32:49.113+0000] {logging_mixin.py:190} INFO - [2026-06-29T22:32:49.112+0000] {dag.py:4180} INFO - Setting next_dagrun for example_short_circuit_decorator to None, run_after=None
[2026-06-29T22:32:49.181+0000] {processor.py:208} INFO - Processing /home/airflow/.local/lib/python3.12/site-packages/airflow/example_dags/example_short_circuit_decorator.py took 0.280 seconds
[2026-06-29T22:33:19.281+0000] {processor.py:186} INFO - Started process (PID=3294) to work on /home/airflow/.local/lib/python3.12/site-packages/airflow/example_dags/example_short_circuit_decorator.py
[2026-06-29T22:33:19.283+0000] {processor.py:914} INFO - Processing file /home/airflow/.local/lib/python3.12/site-packages/airflow/example_dags/example_short_circuit_decorator.py for tasks to queue
[2026-06-29T22:33:19.286+0000] {logging_mixin.py:190} INFO - [2026-06-29T22:33:19.286+0000] {dagbag.py:588} INFO - Filling up the DagBag from /home/airflow/.local/lib/python3.12/site-packages/airflow/example_dags/example_short_circuit_decorator.py
[2026-06-29T22:33:19.297+0000] {processor.py:925} INFO - DAG(s) 'example_short_circuit_decorator' retrieved from /home/airflow/.local/lib/python3.12/site-packages/airflow/example_dags/example_short_circuit_decorator.py
[2026-06-29T22:33:19.322+0000] {logging_mixin.py:190} INFO - [2026-06-29T22:33:19.321+0000] {dag.py:3239} INFO - Sync 1 DAGs
[2026-06-29T22:33:19.337+0000] {logging_mixin.py:190} INFO - [2026-06-29T22:33:19.336+0000] {dag.py:4180} INFO - Setting next_dagrun for example_short_circuit_decorator to None, run_after=None
[2026-06-29T22:33:19.358+0000] {processor.py:208} INFO - Processing /home/airflow/.local/lib/python3.12/site-packages/airflow/example_dags/example_short_circuit_decorator.py took 0.090 seconds
[2026-06-29T22:33:49.910+0000] {processor.py:186} INFO - Started process (PID=3358) to work on /home/airflow/.local/lib/python3.12/site-packages/airflow/example_dags/example_short_circuit_decorator.py
[2026-06-29T22:33:49.913+0000] {processor.py:914} INFO - Processing file /home/airflow/.local/lib/python3.12/site-packages/airflow/example_dags/example_short_circuit_decorator.py for tasks to queue
[2026-06-29T22:33:49.919+0000] {logging_mixin.py:190} INFO - [2026-06-29T22:33:49.918+0000] {dagbag.py:588} INFO - Filling up the DagBag from /home/airflow/.local/lib/python3.12/site-packages/airflow/example_dags/example_short_circuit_decorator.py
[2026-06-29T22:33:49.932+0000] {processor.py:925} INFO - DAG(s) 'example_short_circuit_decorator' retrieved from /home/airflow/.local/lib/python3.12/site-packages/airflow/example_dags/example_short_circuit_decorator.py
[2026-06-29T22:33:49.957+0000] {logging_mixin.py:190} INFO - [2026-06-29T22:33:49.957+0000] {dag.py:3239} INFO - Sync 1 DAGs
[2026-06-29T22:33:49.971+0000] {logging_mixin.py:190} INFO - [2026-06-29T22:33:49.971+0000] {dag.py:4180} INFO - Setting next_dagrun for example_short_circuit_decorator to None, run_after=None
[2026-06-29T22:33:49.992+0000] {processor.py:208} INFO - Processing /home/airflow/.local/lib/python3.12/site-packages/airflow/example_dags/example_short_circuit_decorator.py took 0.099 seconds
[2026-06-29T22:34:20.666+0000] {processor.py:186} INFO - Started process (PID=3422) to work on /home/airflow/.local/lib/python3.12/site-packages/airflow/example_dags/example_short_circuit_decorator.py
[2026-06-29T22:34:20.670+0000] {processor.py:914} INFO - Processing file /home/airflow/.local/lib/python3.12/site-packages/airflow/example_dags/example_short_circuit_decorator.py for tasks to queue
[2026-06-29T22:34:20.683+0000] {logging_mixin.py:190} INFO - [2026-06-29T22:34:20.681+0000] {dagbag.py:588} INFO - Filling up the DagBag from /home/airflow/.local/lib/python3.12/site-packages/airflow/example_dags/example_short_circuit_decorator.py
[2026-06-29T22:34:20.699+0000] {processor.py:925} INFO - DAG(s) 'example_short_circuit_decorator' retrieved from /home/airflow/.local/lib/python3.12/site-packages/airflow/example_dags/example_short_circuit_decorator.py
[2026-06-29T22:34:20.735+0000] {logging_mixin.py:190} INFO - [2026-06-29T22:34:20.734+0000] {dag.py:3239} INFO - Sync 1 DAGs
[2026-06-29T22:34:20.758+0000] {logging_mixin.py:190} INFO - [2026-06-29T22:34:20.758+0000] {dag.py:4180} INFO - Setting next_dagrun for example_short_circuit_decorator to None, run_after=None
[2026-06-29T22:34:20.787+0000] {processor.py:208} INFO - Processing /home/airflow/.local/lib/python3.12/site-packages/airflow/example_dags/example_short_circuit_decorator.py took 0.140 seconds
[2026-06-29T22:34:51.364+0000] {processor.py:186} INFO - Started process (PID=3486) to work on /home/airflow/.local/lib/python3.12/site-packages/airflow/example_dags/example_short_circuit_decorator.py
[2026-06-29T22:34:51.367+0000] {processor.py:914} INFO - Processing file /home/airflow/.local/lib/python3.12/site-packages/airflow/example_dags/example_short_circuit_decorator.py for tasks to queue
[2026-06-29T22:34:51.371+0000] {logging_mixin.py:190} INFO - [2026-06-29T22:34:51.370+0000] {dagbag.py:588} INFO - Filling up the DagBag from /home/airflow/.local/lib/python3.12/site-packages/airflow/example_dags/example_short_circuit_decorator.py
[2026-06-29T22:34:51.384+0000] {processor.py:925} INFO - DAG(s) 'example_short_circuit_decorator' retrieved from /home/airflow/.local/lib/python3.12/site-packages/airflow/example_dags/example_short_circuit_decorator.py
[2026-06-29T22:34:51.423+0000] {logging_mixin.py:190} INFO - [2026-06-29T22:34:51.422+0000] {dag.py:3239} INFO - Sync 1 DAGs
[2026-06-29T22:34:51.451+0000] {logging_mixin.py:190} INFO - [2026-06-29T22:34:51.451+0000] {dag.py:4180} INFO - Setting next_dagrun for example_short_circuit_decorator to None, run_after=None
[2026-06-29T22:34:51.483+0000] {processor.py:208} INFO - Processing /home/airflow/.local/lib/python3.12/site-packages/airflow/example_dags/example_short_circuit_decorator.py took 0.132 seconds
[2026-06-29T22:35:21.555+0000] {processor.py:186} INFO - Started process (PID=3550) to work on /home/airflow/.local/lib/python3.12/site-packages/airflow/example_dags/example_short_circuit_decorator.py
[2026-06-29T22:35:21.557+0000] {processor.py:914} INFO - Processing file /home/airflow/.local/lib/python3.12/site-packages/airflow/example_dags/example_short_circuit_decorator.py for tasks to queue
[2026-06-29T22:35:21.560+0000] {logging_mixin.py:190} INFO - [2026-06-29T22:35:21.560+0000] {dagbag.py:588} INFO - Filling up the DagBag from /home/airflow/.local/lib/python3.12/site-packages/airflow/example_dags/example_short_circuit_decorator.py
[2026-06-29T22:35:21.576+0000] {processor.py:925} INFO - DAG(s) 'example_short_circuit_decorator' retrieved from /home/airflow/.local/lib/python3.12/site-packages/airflow/example_dags/example_short_circuit_decorator.py
[2026-06-29T22:35:21.606+0000] {logging_mixin.py:190} INFO - [2026-06-29T22:35:21.606+0000] {dag.py:3239} INFO - Sync 1 DAGs
[2026-06-29T22:35:21.621+0000] {logging_mixin.py:190} INFO - [2026-06-29T22:35:21.621+0000] {dag.py:4180} INFO - Setting next_dagrun for example_short_circuit_decorator to None, run_after=None
[2026-06-29T22:35:21.644+0000] {processor.py:208} INFO - Processing /home/airflow/.local/lib/python3.12/site-packages/airflow/example_dags/example_short_circuit_decorator.py took 0.100 seconds
[2026-06-29T22:35:52.057+0000] {processor.py:186} INFO - Started process (PID=3614) to work on /home/airflow/.local/lib/python3.12/site-packages/airflow/example_dags/example_short_circuit_decorator.py
[2026-06-29T22:35:52.059+0000] {processor.py:914} INFO - Processing file /home/airflow/.local/lib/python3.12/site-packages/airflow/example_dags/example_short_circuit_decorator.py for tasks to queue
[2026-06-29T22:35:52.062+0000] {logging_mixin.py:190} INFO - [2026-06-29T22:35:52.062+0000] {dagbag.py:588} INFO - Filling up the DagBag from /home/airflow/.local/lib/python3.12/site-packages/airflow/example_dags/example_short_circuit_decorator.py
[2026-06-29T22:35:52.073+0000] {processor.py:925} INFO - DAG(s) 'example_short_circuit_decorator' retrieved from /home/airflow/.local/lib/python3.12/site-packages/airflow/example_dags/example_short_circuit_decorator.py
[2026-06-29T22:35:52.100+0000] {logging_mixin.py:190} INFO - [2026-06-29T22:35:52.100+0000] {dag.py:3239} INFO - Sync 1 DAGs
[2026-06-29T22:35:52.116+0000] {logging_mixin.py:190} INFO - [2026-06-29T22:35:52.116+0000] {dag.py:4180} INFO - Setting next_dagrun for example_short_circuit_decorator to None, run_after=None
[2026-06-29T22:35:52.146+0000] {processor.py:208} INFO - Processing /home/airflow/.local/lib/python3.12/site-packages/airflow/example_dags/example_short_circuit_decorator.py took 0.098 seconds
[2026-06-29T22:36:22.951+0000] {processor.py:186} INFO - Started process (PID=3678) to work on /home/airflow/.local/lib/python3.12/site-packages/airflow/example_dags/example_short_circuit_decorator.py
[2026-06-29T22:36:22.953+0000] {processor.py:914} INFO - Processing file /home/airflow/.local/lib/python3.12/site-packages/airflow/example_dags/example_short_circuit_decorator.py for tasks to queue
[2026-06-29T22:36:22.957+0000] {logging_mixin.py:190} INFO - [2026-06-29T22:36:22.956+0000] {dagbag.py:588} INFO - Filling up the DagBag from /home/airflow/.local/lib/python3.12/site-packages/airflow/example_dags/example_short_circuit_decorator.py
[2026-06-29T22:36:22.968+0000] {processor.py:925} INFO - DAG(s) 'example_short_circuit_decorator' retrieved from /home/airflow/.local/lib/python3.12/site-packages/airflow/example_dags/example_short_circuit_decorator.py
[2026-06-29T22:36:22.994+0000] {logging_mixin.py:190} INFO - [2026-06-29T22:36:22.994+0000] {dag.py:3239} INFO - Sync 1 DAGs
[2026-06-29T22:36:23.009+0000] {logging_mixin.py:190} INFO - [2026-06-29T22:36:23.009+0000] {dag.py:4180} INFO - Setting next_dagrun for example_short_circuit_decorator to None, run_after=None
[2026-06-29T22:36:23.037+0000] {processor.py:208} INFO - Processing /home/airflow/.local/lib/python3.12/site-packages/airflow/example_dags/example_short_circuit_decorator.py took 0.095 seconds
[2026-06-29T22:36:53.476+0000] {processor.py:186} INFO - Started process (PID=3742) to work on /home/airflow/.local/lib/python3.12/site-packages/airflow/example_dags/example_short_circuit_decorator.py
[2026-06-29T22:36:53.477+0000] {processor.py:914} INFO - Processing file /home/airflow/.local/lib/python3.12/site-packages/airflow/example_dags/example_short_circuit_decorator.py for tasks to queue
[2026-06-29T22:36:53.481+0000] {logging_mixin.py:190} INFO - [2026-06-29T22:36:53.481+0000] {dagbag.py:588} INFO - Filling up the DagBag from /home/airflow/.local/lib/python3.12/site-packages/airflow/example_dags/example_short_circuit_decorator.py
[2026-06-29T22:36:53.494+0000] {processor.py:925} INFO - DAG(s) 'example_short_circuit_decorator' retrieved from /home/airflow/.local/lib/python3.12/site-packages/airflow/example_dags/example_short_circuit_decorator.py
[2026-06-29T22:36:53.534+0000] {logging_mixin.py:190} INFO - [2026-06-29T22:36:53.534+0000] {dag.py:3239} INFO - Sync 1 DAGs
[2026-06-29T22:36:53.548+0000] {logging_mixin.py:190} INFO - [2026-06-29T22:36:53.548+0000] {dag.py:4180} INFO - Setting next_dagrun for example_short_circuit_decorator to None, run_after=None
[2026-06-29T22:36:53.568+0000] {processor.py:208} INFO - Processing /home/airflow/.local/lib/python3.12/site-packages/airflow/example_dags/example_short_circuit_decorator.py took 0.106 seconds
[2026-06-29T22:37:23.783+0000] {processor.py:186} INFO - Started process (PID=3806) to work on /home/airflow/.local/lib/python3.12/site-packages/airflow/example_dags/example_short_circuit_decorator.py
[2026-06-29T22:37:23.785+0000] {processor.py:914} INFO - Processing file /home/airflow/.local/lib/python3.12/site-packages/airflow/example_dags/example_short_circuit_decorator.py for tasks to queue
[2026-06-29T22:37:23.788+0000] {logging_mixin.py:190} INFO - [2026-06-29T22:37:23.788+0000] {dagbag.py:588} INFO - Filling up the DagBag from /home/airflow/.local/lib/python3.12/site-packages/airflow/example_dags/example_short_circuit_decorator.py
[2026-06-29T22:37:23.800+0000] {processor.py:925} INFO - DAG(s) 'example_short_circuit_decorator' retrieved from /home/airflow/.local/lib/python3.12/site-packages/airflow/example_dags/example_short_circuit_decorator.py
[2026-06-29T22:37:23.829+0000] {logging_mixin.py:190} INFO - [2026-06-29T22:37:23.828+0000] {dag.py:3239} INFO - Sync 1 DAGs
[2026-06-29T22:37:23.846+0000] {logging_mixin.py:190} INFO - [2026-06-29T22:37:23.845+0000] {dag.py:4180} INFO - Setting next_dagrun for example_short_circuit_decorator to None, run_after=None
[2026-06-29T22:37:24.041+0000] {processor.py:208} INFO - Processing /home/airflow/.local/lib/python3.12/site-packages/airflow/example_dags/example_short_circuit_decorator.py took 0.269 seconds
[2026-06-29T22:37:54.206+0000] {processor.py:186} INFO - Started process (PID=3869) to work on /home/airflow/.local/lib/python3.12/site-packages/airflow/example_dags/example_short_circuit_decorator.py
[2026-06-29T22:37:54.208+0000] {processor.py:914} INFO - Processing file /home/airflow/.local/lib/python3.12/site-packages/airflow/example_dags/example_short_circuit_decorator.py for tasks to queue
[2026-06-29T22:37:54.212+0000] {logging_mixin.py:190} INFO - [2026-06-29T22:37:54.212+0000] {dagbag.py:588} INFO - Filling up the DagBag from /home/airflow/.local/lib/python3.12/site-packages/airflow/example_dags/example_short_circuit_decorator.py
[2026-06-29T22:37:54.226+0000] {processor.py:925} INFO - DAG(s) 'example_short_circuit_decorator' retrieved from /home/airflow/.local/lib/python3.12/site-packages/airflow/example_dags/example_short_circuit_decorator.py
[2026-06-29T22:37:54.255+0000] {logging_mixin.py:190} INFO - [2026-06-29T22:37:54.254+0000] {dag.py:3239} INFO - Sync 1 DAGs
[2026-06-29T22:37:54.269+0000] {logging_mixin.py:190} INFO - [2026-06-29T22:37:54.269+0000] {dag.py:4180} INFO - Setting next_dagrun for example_short_circuit_decorator to None, run_after=None
[2026-06-29T22:37:54.289+0000] {processor.py:208} INFO - Processing /home/airflow/.local/lib/python3.12/site-packages/airflow/example_dags/example_short_circuit_decorator.py took 0.099 seconds
[2026-06-29T22:38:25.407+0000] {processor.py:186} INFO - Started process (PID=3933) to work on /home/airflow/.local/lib/python3.12/site-packages/airflow/example_dags/example_short_circuit_decorator.py
[2026-06-29T22:38:25.410+0000] {processor.py:914} INFO - Processing file /home/airflow/.local/lib/python3.12/site-packages/airflow/example_dags/example_short_circuit_decorator.py for tasks to queue
[2026-06-29T22:38:25.413+0000] {logging_mixin.py:190} INFO - [2026-06-29T22:38:25.412+0000] {dagbag.py:588} INFO - Filling up the DagBag from /home/airflow/.local/lib/python3.12/site-packages/airflow/example_dags/example_short_circuit_decorator.py
[2026-06-29T22:38:25.423+0000] {processor.py:925} INFO - DAG(s) 'example_short_circuit_decorator' retrieved from /home/airflow/.local/lib/python3.12/site-packages/airflow/example_dags/example_short_circuit_decorator.py
[2026-06-29T22:38:25.449+0000] {logging_mixin.py:190} INFO - [2026-06-29T22:38:25.449+0000] {dag.py:3239} INFO - Sync 1 DAGs
[2026-06-29T22:38:25.464+0000] {logging_mixin.py:190} INFO - [2026-06-29T22:38:25.464+0000] {dag.py:4180} INFO - Setting next_dagrun for example_short_circuit_decorator to None, run_after=None
[2026-06-29T22:38:25.484+0000] {processor.py:208} INFO - Processing /home/airflow/.local/lib/python3.12/site-packages/airflow/example_dags/example_short_circuit_decorator.py took 0.089 seconds
[2026-06-29T22:38:56.328+0000] {processor.py:186} INFO - Started process (PID=3997) to work on /home/airflow/.local/lib/python3.12/site-packages/airflow/example_dags/example_short_circuit_decorator.py
[2026-06-29T22:38:56.330+0000] {processor.py:914} INFO - Processing file /home/airflow/.local/lib/python3.12/site-packages/airflow/example_dags/example_short_circuit_decorator.py for tasks to queue
[2026-06-29T22:38:56.338+0000] {logging_mixin.py:190} INFO - [2026-06-29T22:38:56.337+0000] {dagbag.py:588} INFO - Filling up the DagBag from /home/airflow/.local/lib/python3.12/site-packages/airflow/example_dags/example_short_circuit_decorator.py
[2026-06-29T22:38:56.356+0000] {processor.py:925} INFO - DAG(s) 'example_short_circuit_decorator' retrieved from /home/airflow/.local/lib/python3.12/site-packages/airflow/example_dags/example_short_circuit_decorator.py
[2026-06-29T22:38:56.397+0000] {logging_mixin.py:190} INFO - [2026-06-29T22:38:56.397+0000] {dag.py:3239} INFO - Sync 1 DAGs
[2026-06-29T22:38:56.419+0000] {logging_mixin.py:190} INFO - [2026-06-29T22:38:56.419+0000] {dag.py:4180} INFO - Setting next_dagrun for example_short_circuit_decorator to None, run_after=None
[2026-06-29T22:38:56.456+0000] {processor.py:208} INFO - Processing /home/airflow/.local/lib/python3.12/site-packages/airflow/example_dags/example_short_circuit_decorator.py took 0.143 seconds
[2026-06-29T22:39:26.527+0000] {processor.py:186} INFO - Started process (PID=4060) to work on /home/airflow/.local/lib/python3.12/site-packages/airflow/example_dags/example_short_circuit_decorator.py
[2026-06-29T22:39:26.529+0000] {processor.py:914} INFO - Processing file /home/airflow/.local/lib/python3.12/site-packages/airflow/example_dags/example_short_circuit_decorator.py for tasks to queue
[2026-06-29T22:39:26.534+0000] {logging_mixin.py:190} INFO - [2026-06-29T22:39:26.533+0000] {dagbag.py:588} INFO - Filling up the DagBag from /home/airflow/.local/lib/python3.12/site-packages/airflow/example_dags/example_short_circuit_decorator.py
[2026-06-29T22:39:26.546+0000] {processor.py:925} INFO - DAG(s) 'example_short_circuit_decorator' retrieved from /home/airflow/.local/lib/python3.12/site-packages/airflow/example_dags/example_short_circuit_decorator.py
[2026-06-29T22:39:26.572+0000] {logging_mixin.py:190} INFO - [2026-06-29T22:39:26.572+0000] {dag.py:3239} INFO - Sync 1 DAGs
[2026-06-29T22:39:26.588+0000] {logging_mixin.py:190} INFO - [2026-06-29T22:39:26.587+0000] {dag.py:4180} INFO - Setting next_dagrun for example_short_circuit_decorator to None, run_after=None
[2026-06-29T22:39:26.610+0000] {processor.py:208} INFO - Processing /home/airflow/.local/lib/python3.12/site-packages/airflow/example_dags/example_short_circuit_decorator.py took 0.094 seconds
[2026-06-29T22:39:58.892+0000] {processor.py:186} INFO - Started process (PID=4124) to work on /home/airflow/.local/lib/python3.12/site-packages/airflow/example_dags/example_short_circuit_decorator.py
[2026-06-29T22:39:58.894+0000] {processor.py:914} INFO - Processing file /home/airflow/.local/lib/python3.12/site-packages/airflow/example_dags/example_short_circuit_decorator.py for tasks to queue
[2026-06-29T22:39:58.901+0000] {logging_mixin.py:190} INFO - [2026-06-29T22:39:58.900+0000] {dagbag.py:588} INFO - Filling up the DagBag from /home/airflow/.local/lib/python3.12/site-packages/airflow/example_dags/example_short_circuit_decorator.py
[2026-06-29T22:39:58.915+0000] {processor.py:925} INFO - DAG(s) 'example_short_circuit_decorator' retrieved from /home/airflow/.local/lib/python3.12/site-packages/airflow/example_dags/example_short_circuit_decorator.py
[2026-06-29T22:39:58.951+0000] {logging_mixin.py:190} INFO - [2026-06-29T22:39:58.951+0000] {dag.py:3239} INFO - Sync 1 DAGs
[2026-06-29T22:39:59.178+0000] {logging_mixin.py:190} INFO - [2026-06-29T22:39:59.178+0000] {dag.py:4180} INFO - Setting next_dagrun for example_short_circuit_decorator to None, run_after=None
[2026-06-29T22:39:59.207+0000] {processor.py:208} INFO - Processing /home/airflow/.local/lib/python3.12/site-packages/airflow/example_dags/example_short_circuit_decorator.py took 0.329 seconds
[2026-06-29T22:41:34.051+0000] {processor.py:186} INFO - Started process (PID=131) to work on /home/airflow/.local/lib/python3.12/site-packages/airflow/example_dags/example_short_circuit_decorator.py
[2026-06-29T22:41:34.055+0000] {processor.py:914} INFO - Processing file /home/airflow/.local/lib/python3.12/site-packages/airflow/example_dags/example_short_circuit_decorator.py for tasks to queue
[2026-06-29T22:41:34.067+0000] {logging_mixin.py:190} INFO - [2026-06-29T22:41:34.065+0000] {dagbag.py:588} INFO - Filling up the DagBag from /home/airflow/.local/lib/python3.12/site-packages/airflow/example_dags/example_short_circuit_decorator.py
[2026-06-29T22:41:34.105+0000] {processor.py:925} INFO - DAG(s) 'example_short_circuit_decorator' retrieved from /home/airflow/.local/lib/python3.12/site-packages/airflow/example_dags/example_short_circuit_decorator.py
[2026-06-29T22:41:34.179+0000] {logging_mixin.py:190} INFO - [2026-06-29T22:41:34.178+0000] {dag.py:3239} INFO - Sync 1 DAGs
[2026-06-29T22:41:34.224+0000] {logging_mixin.py:190} INFO - [2026-06-29T22:41:34.223+0000] {dag.py:4180} INFO - Setting next_dagrun for example_short_circuit_decorator to None, run_after=None
[2026-06-29T22:41:34.287+0000] {processor.py:208} INFO - Processing /home/airflow/.local/lib/python3.12/site-packages/airflow/example_dags/example_short_circuit_decorator.py took 0.251 seconds
[2026-06-29T22:42:05.156+0000] {processor.py:186} INFO - Started process (PID=195) to work on /home/airflow/.local/lib/python3.12/site-packages/airflow/example_dags/example_short_circuit_decorator.py
[2026-06-29T22:42:05.159+0000] {processor.py:914} INFO - Processing file /home/airflow/.local/lib/python3.12/site-packages/airflow/example_dags/example_short_circuit_decorator.py for tasks to queue
[2026-06-29T22:42:05.167+0000] {logging_mixin.py:190} INFO - [2026-06-29T22:42:05.166+0000] {dagbag.py:588} INFO - Filling up the DagBag from /home/airflow/.local/lib/python3.12/site-packages/airflow/example_dags/example_short_circuit_decorator.py
[2026-06-29T22:42:05.190+0000] {processor.py:925} INFO - DAG(s) 'example_short_circuit_decorator' retrieved from /home/airflow/.local/lib/python3.12/site-packages/airflow/example_dags/example_short_circuit_decorator.py
[2026-06-29T22:42:05.279+0000] {logging_mixin.py:190} INFO - [2026-06-29T22:42:05.278+0000] {dag.py:3239} INFO - Sync 1 DAGs
[2026-06-29T22:42:05.310+0000] {logging_mixin.py:190} INFO - [2026-06-29T22:42:05.309+0000] {dag.py:4180} INFO - Setting next_dagrun for example_short_circuit_decorator to None, run_after=None
[2026-06-29T22:42:05.386+0000] {processor.py:208} INFO - Processing /home/airflow/.local/lib/python3.12/site-packages/airflow/example_dags/example_short_circuit_decorator.py took 0.247 seconds
[2026-06-29T22:42:36.865+0000] {processor.py:186} INFO - Started process (PID=258) to work on /home/airflow/.local/lib/python3.12/site-packages/airflow/example_dags/example_short_circuit_decorator.py
[2026-06-29T22:42:36.868+0000] {processor.py:914} INFO - Processing file /home/airflow/.local/lib/python3.12/site-packages/airflow/example_dags/example_short_circuit_decorator.py for tasks to queue
[2026-06-29T22:42:36.879+0000] {logging_mixin.py:190} INFO - [2026-06-29T22:42:36.878+0000] {dagbag.py:588} INFO - Filling up the DagBag from /home/airflow/.local/lib/python3.12/site-packages/airflow/example_dags/example_short_circuit_decorator.py
[2026-06-29T22:42:36.925+0000] {processor.py:925} INFO - DAG(s) 'example_short_circuit_decorator' retrieved from /home/airflow/.local/lib/python3.12/site-packages/airflow/example_dags/example_short_circuit_decorator.py
[2026-06-29T22:42:37.030+0000] {logging_mixin.py:190} INFO - [2026-06-29T22:42:37.029+0000] {dag.py:3239} INFO - Sync 1 DAGs
[2026-06-29T22:42:37.102+0000] {logging_mixin.py:190} INFO - [2026-06-29T22:42:37.101+0000] {dag.py:4180} INFO - Setting next_dagrun for example_short_circuit_decorator to None, run_after=None
[2026-06-29T22:42:37.210+0000] {processor.py:208} INFO - Processing /home/airflow/.local/lib/python3.12/site-packages/airflow/example_dags/example_short_circuit_decorator.py took 0.371 seconds
[2026-06-29T22:43:13.023+0000] {processor.py:186} INFO - Started process (PID=329) to work on /home/airflow/.local/lib/python3.12/site-packages/airflow/example_dags/example_short_circuit_decorator.py
[2026-06-29T22:43:13.030+0000] {processor.py:914} INFO - Processing file /home/airflow/.local/lib/python3.12/site-packages/airflow/example_dags/example_short_circuit_decorator.py for tasks to queue
[2026-06-29T22:43:13.041+0000] {logging_mixin.py:190} INFO - [2026-06-29T22:43:13.040+0000] {dagbag.py:588} INFO - Filling up the DagBag from /home/airflow/.local/lib/python3.12/site-packages/airflow/example_dags/example_short_circuit_decorator.py
[2026-06-29T22:43:13.079+0000] {processor.py:925} INFO - DAG(s) 'example_short_circuit_decorator' retrieved from /home/airflow/.local/lib/python3.12/site-packages/airflow/example_dags/example_short_circuit_decorator.py
[2026-06-29T22:43:13.151+0000] {logging_mixin.py:190} INFO - [2026-06-29T22:43:13.150+0000] {dag.py:3239} INFO - Sync 1 DAGs
[2026-06-29T22:43:13.199+0000] {logging_mixin.py:190} INFO - [2026-06-29T22:43:13.195+0000] {dag.py:4180} INFO - Setting next_dagrun for example_short_circuit_decorator to None, run_after=None
[2026-06-29T22:43:13.253+0000] {processor.py:208} INFO - Processing /home/airflow/.local/lib/python3.12/site-packages/airflow/example_dags/example_short_circuit_decorator.py took 0.241 seconds
[2026-06-29T22:43:44.792+0000] {processor.py:186} INFO - Started process (PID=394) to work on /home/airflow/.local/lib/python3.12/site-packages/airflow/example_dags/example_short_circuit_decorator.py
[2026-06-29T22:43:44.795+0000] {processor.py:914} INFO - Processing file /home/airflow/.local/lib/python3.12/site-packages/airflow/example_dags/example_short_circuit_decorator.py for tasks to queue
[2026-06-29T22:43:44.802+0000] {logging_mixin.py:190} INFO - [2026-06-29T22:43:44.801+0000] {dagbag.py:588} INFO - Filling up the DagBag from /home/airflow/.local/lib/python3.12/site-packages/airflow/example_dags/example_short_circuit_decorator.py
[2026-06-29T22:43:44.824+0000] {processor.py:925} INFO - DAG(s) 'example_short_circuit_decorator' retrieved from /home/airflow/.local/lib/python3.12/site-packages/airflow/example_dags/example_short_circuit_decorator.py
[2026-06-29T22:43:44.875+0000] {logging_mixin.py:190} INFO - [2026-06-29T22:43:44.874+0000] {dag.py:3239} INFO - Sync 1 DAGs
[2026-06-29T22:43:44.924+0000] {logging_mixin.py:190} INFO - [2026-06-29T22:43:44.923+0000] {dag.py:4180} INFO - Setting next_dagrun for example_short_circuit_decorator to None, run_after=None
[2026-06-29T22:43:45.063+0000] {processor.py:208} INFO - Processing /home/airflow/.local/lib/python3.12/site-packages/airflow/example_dags/example_short_circuit_decorator.py took 0.286 seconds
[2026-06-29T22:44:15.494+0000] {processor.py:186} INFO - Started process (PID=458) to work on /home/airflow/.local/lib/python3.12/site-packages/airflow/example_dags/example_short_circuit_decorator.py
[2026-06-29T22:44:15.496+0000] {processor.py:914} INFO - Processing file /home/airflow/.local/lib/python3.12/site-packages/airflow/example_dags/example_short_circuit_decorator.py for tasks to queue
[2026-06-29T22:44:15.502+0000] {logging_mixin.py:190} INFO - [2026-06-29T22:44:15.501+0000] {dagbag.py:588} INFO - Filling up the DagBag from /home/airflow/.local/lib/python3.12/site-packages/airflow/example_dags/example_short_circuit_decorator.py
[2026-06-29T22:44:15.526+0000] {processor.py:925} INFO - DAG(s) 'example_short_circuit_decorator' retrieved from /home/airflow/.local/lib/python3.12/site-packages/airflow/example_dags/example_short_circuit_decorator.py
[2026-06-29T22:44:15.565+0000] {logging_mixin.py:190} INFO - [2026-06-29T22:44:15.564+0000] {dag.py:3239} INFO - Sync 1 DAGs
[2026-06-29T22:44:15.594+0000] {logging_mixin.py:190} INFO - [2026-06-29T22:44:15.594+0000] {dag.py:4180} INFO - Setting next_dagrun for example_short_circuit_decorator to None, run_after=None
[2026-06-29T22:44:15.633+0000] {processor.py:208} INFO - Processing /home/airflow/.local/lib/python3.12/site-packages/airflow/example_dags/example_short_circuit_decorator.py took 0.147 seconds
[2026-06-29T22:44:45.808+0000] {processor.py:186} INFO - Started process (PID=522) to work on /home/airflow/.local/lib/python3.12/site-packages/airflow/example_dags/example_short_circuit_decorator.py
[2026-06-29T22:44:45.810+0000] {processor.py:914} INFO - Processing file /home/airflow/.local/lib/python3.12/site-packages/airflow/example_dags/example_short_circuit_decorator.py for tasks to queue
[2026-06-29T22:44:45.814+0000] {logging_mixin.py:190} INFO - [2026-06-29T22:44:45.813+0000] {dagbag.py:588} INFO - Filling up the DagBag from /home/airflow/.local/lib/python3.12/site-packages/airflow/example_dags/example_short_circuit_decorator.py
[2026-06-29T22:44:45.826+0000] {processor.py:925} INFO - DAG(s) 'example_short_circuit_decorator' retrieved from /home/airflow/.local/lib/python3.12/site-packages/airflow/example_dags/example_short_circuit_decorator.py
[2026-06-29T22:44:45.868+0000] {logging_mixin.py:190} INFO - [2026-06-29T22:44:45.867+0000] {dag.py:3239} INFO - Sync 1 DAGs
[2026-06-29T22:44:45.928+0000] {logging_mixin.py:190} INFO - [2026-06-29T22:44:45.926+0000] {dag.py:4180} INFO - Setting next_dagrun for example_short_circuit_decorator to None, run_after=None
[2026-06-29T22:44:46.017+0000] {processor.py:208} INFO - Processing /home/airflow/.local/lib/python3.12/site-packages/airflow/example_dags/example_short_circuit_decorator.py took 0.217 seconds
[2026-06-29T22:45:16.603+0000] {processor.py:186} INFO - Started process (PID=585) to work on /home/airflow/.local/lib/python3.12/site-packages/airflow/example_dags/example_short_circuit_decorator.py
[2026-06-29T22:45:16.606+0000] {processor.py:914} INFO - Processing file /home/airflow/.local/lib/python3.12/site-packages/airflow/example_dags/example_short_circuit_decorator.py for tasks to queue
[2026-06-29T22:45:16.610+0000] {logging_mixin.py:190} INFO - [2026-06-29T22:45:16.609+0000] {dagbag.py:588} INFO - Filling up the DagBag from /home/airflow/.local/lib/python3.12/site-packages/airflow/example_dags/example_short_circuit_decorator.py
[2026-06-29T22:45:16.623+0000] {processor.py:925} INFO - DAG(s) 'example_short_circuit_decorator' retrieved from /home/airflow/.local/lib/python3.12/site-packages/airflow/example_dags/example_short_circuit_decorator.py
[2026-06-29T22:45:16.655+0000] {logging_mixin.py:190} INFO - [2026-06-29T22:45:16.654+0000] {dag.py:3239} INFO - Sync 1 DAGs
[2026-06-29T22:45:16.683+0000] {logging_mixin.py:190} INFO - [2026-06-29T22:45:16.683+0000] {dag.py:4180} INFO - Setting next_dagrun for example_short_circuit_decorator to None, run_after=None
[2026-06-29T22:45:16.725+0000] {processor.py:208} INFO - Processing /home/airflow/.local/lib/python3.12/site-packages/airflow/example_dags/example_short_circuit_decorator.py took 0.131 seconds
[2026-06-29T22:45:47.481+0000] {processor.py:186} INFO - Started process (PID=649) to work on /home/airflow/.local/lib/python3.12/site-packages/airflow/example_dags/example_short_circuit_decorator.py
[2026-06-29T22:45:47.486+0000] {processor.py:914} INFO - Processing file /home/airflow/.local/lib/python3.12/site-packages/airflow/example_dags/example_short_circuit_decorator.py for tasks to queue
[2026-06-29T22:45:47.562+0000] {logging_mixin.py:190} INFO - [2026-06-29T22:45:47.561+0000] {dagbag.py:588} INFO - Filling up the DagBag from /home/airflow/.local/lib/python3.12/site-packages/airflow/example_dags/example_short_circuit_decorator.py
[2026-06-29T22:45:47.618+0000] {processor.py:925} INFO - DAG(s) 'example_short_circuit_decorator' retrieved from /home/airflow/.local/lib/python3.12/site-packages/airflow/example_dags/example_short_circuit_decorator.py
[2026-06-29T22:45:47.706+0000] {logging_mixin.py:190} INFO - [2026-06-29T22:45:47.705+0000] {dag.py:3239} INFO - Sync 1 DAGs
[2026-06-29T22:45:47.776+0000] {logging_mixin.py:190} INFO - [2026-06-29T22:45:47.776+0000] {dag.py:4180} INFO - Setting next_dagrun for example_short_circuit_decorator to None, run_after=None
[2026-06-29T22:45:47.844+0000] {processor.py:208} INFO - Processing /home/airflow/.local/lib/python3.12/site-packages/airflow/example_dags/example_short_circuit_decorator.py took 0.380 seconds
[2026-06-29T22:46:18.223+0000] {processor.py:186} INFO - Started process (PID=713) to work on /home/airflow/.local/lib/python3.12/site-packages/airflow/example_dags/example_short_circuit_decorator.py
[2026-06-29T22:46:18.225+0000] {processor.py:914} INFO - Processing file /home/airflow/.local/lib/python3.12/site-packages/airflow/example_dags/example_short_circuit_decorator.py for tasks to queue
[2026-06-29T22:46:18.229+0000] {logging_mixin.py:190} INFO - [2026-06-29T22:46:18.229+0000] {dagbag.py:588} INFO - Filling up the DagBag from /home/airflow/.local/lib/python3.12/site-packages/airflow/example_dags/example_short_circuit_decorator.py
[2026-06-29T22:46:18.240+0000] {processor.py:925} INFO - DAG(s) 'example_short_circuit_decorator' retrieved from /home/airflow/.local/lib/python3.12/site-packages/airflow/example_dags/example_short_circuit_decorator.py
[2026-06-29T22:46:18.267+0000] {logging_mixin.py:190} INFO - [2026-06-29T22:46:18.266+0000] {dag.py:3239} INFO - Sync 1 DAGs
[2026-06-29T22:46:18.283+0000] {logging_mixin.py:190} INFO - [2026-06-29T22:46:18.283+0000] {dag.py:4180} INFO - Setting next_dagrun for example_short_circuit_decorator to None, run_after=None
[2026-06-29T22:46:18.306+0000] {processor.py:208} INFO - Processing /home/airflow/.local/lib/python3.12/site-packages/airflow/example_dags/example_short_circuit_decorator.py took 0.089 seconds
[2026-06-29T22:46:48.739+0000] {processor.py:186} INFO - Started process (PID=777) to work on /home/airflow/.local/lib/python3.12/site-packages/airflow/example_dags/example_short_circuit_decorator.py
[2026-06-29T22:46:48.743+0000] {processor.py:914} INFO - Processing file /home/airflow/.local/lib/python3.12/site-packages/airflow/example_dags/example_short_circuit_decorator.py for tasks to queue
[2026-06-29T22:46:48.748+0000] {logging_mixin.py:190} INFO - [2026-06-29T22:46:48.747+0000] {dagbag.py:588} INFO - Filling up the DagBag from /home/airflow/.local/lib/python3.12/site-packages/airflow/example_dags/example_short_circuit_decorator.py
[2026-06-29T22:46:48.788+0000] {processor.py:925} INFO - DAG(s) 'example_short_circuit_decorator' retrieved from /home/airflow/.local/lib/python3.12/site-packages/airflow/example_dags/example_short_circuit_decorator.py
[2026-06-29T22:46:48.857+0000] {logging_mixin.py:190} INFO - [2026-06-29T22:46:48.856+0000] {dag.py:3239} INFO - Sync 1 DAGs
[2026-06-29T22:46:48.894+0000] {logging_mixin.py:190} INFO - [2026-06-29T22:46:48.893+0000] {dag.py:4180} INFO - Setting next_dagrun for example_short_circuit_decorator to None, run_after=None
[2026-06-29T22:46:48.959+0000] {processor.py:208} INFO - Processing /home/airflow/.local/lib/python3.12/site-packages/airflow/example_dags/example_short_circuit_decorator.py took 0.237 seconds
