[2026-06-29T21:59:13.515+0000] {processor.py:186} INFO - Started process (PID=101) to work on /home/airflow/.local/lib/python3.12/site-packages/airflow/example_dags/example_subdag_operator.py
[2026-06-29T21:59:13.520+0000] {processor.py:914} INFO - Processing file /home/airflow/.local/lib/python3.12/site-packages/airflow/example_dags/example_subdag_operator.py for tasks to queue
[2026-06-29T21:59:13.527+0000] {logging_mixin.py:190} INFO - [2026-06-29T21:59:13.526+0000] {dagbag.py:588} INFO - Filling up the DagBag from /home/airflow/.local/lib/python3.12/site-packages/airflow/example_dags/example_subdag_operator.py
[2026-06-29T21:59:13.602+0000] {processor.py:925} INFO - DAG(s) 'example_subdag_operator.section-1', 'example_subdag_operator.section-2', 'example_subdag_operator' retrieved from /home/airflow/.local/lib/python3.12/site-packages/airflow/example_dags/example_subdag_operator.py
[2026-06-29T21:59:13.837+0000] {logging_mixin.py:190} INFO - [2026-06-29T21:59:13.836+0000] {override.py:1912} INFO - Created Permission View: can read on DAG:example_subdag_operator
[2026-06-29T21:59:13.861+0000] {logging_mixin.py:190} INFO - [2026-06-29T21:59:13.860+0000] {override.py:1912} INFO - Created Permission View: can delete on DAG:example_subdag_operator
[2026-06-29T21:59:13.883+0000] {logging_mixin.py:190} INFO - [2026-06-29T21:59:13.883+0000] {override.py:1912} INFO - Created Permission View: can edit on DAG:example_subdag_operator
[2026-06-29T21:59:13.908+0000] {logging_mixin.py:190} INFO - [2026-06-29T21:59:13.907+0000] {override.py:1912} INFO - Created Permission View: menu access on DAG Run:example_subdag_operator
[2026-06-29T21:59:13.933+0000] {logging_mixin.py:190} INFO - [2026-06-29T21:59:13.932+0000] {override.py:1912} INFO - Created Permission View: can read on DAG Run:example_subdag_operator
[2026-06-29T21:59:13.959+0000] {logging_mixin.py:190} INFO - [2026-06-29T21:59:13.959+0000] {override.py:1912} INFO - Created Permission View: can delete on DAG Run:example_subdag_operator
[2026-06-29T21:59:13.980+0000] {logging_mixin.py:190} INFO - [2026-06-29T21:59:13.980+0000] {override.py:1912} INFO - Created Permission View: can create on DAG Run:example_subdag_operator
[2026-06-29T21:59:13.983+0000] {logging_mixin.py:190} INFO - [2026-06-29T21:59:13.983+0000] {dag.py:3239} INFO - Sync 3 DAGs
[2026-06-29T21:59:14.012+0000] {logging_mixin.py:190} INFO - [2026-06-29T21:59:14.011+0000] {dag.py:3262} INFO - Creating ORM DAG for example_subdag_operator.section-2
[2026-06-29T21:59:14.015+0000] {logging_mixin.py:190} INFO - [2026-06-29T21:59:14.015+0000] {dag.py:3262} INFO - Creating ORM DAG for example_subdag_operator
[2026-06-29T21:59:14.020+0000] {logging_mixin.py:190} INFO - [2026-06-29T21:59:14.019+0000] {dag.py:3262} INFO - Creating ORM DAG for example_subdag_operator.section-1
[2026-06-29T21:59:14.039+0000] {logging_mixin.py:190} INFO - [2026-06-29T21:59:14.039+0000] {dag.py:4180} INFO - Setting next_dagrun for example_subdag_operator to 2022-01-01 00:00:00+00:00, run_after=2022-01-01 00:00:00+00:00
[2026-06-29T21:59:14.042+0000] {logging_mixin.py:190} INFO - [2026-06-29T21:59:14.042+0000] {dag.py:4180} INFO - Setting next_dagrun for example_subdag_operator.section-1 to None, run_after=None
[2026-06-29T21:59:14.044+0000] {logging_mixin.py:190} INFO - [2026-06-29T21:59:14.044+0000] {dag.py:4180} INFO - Setting next_dagrun for example_subdag_operator.section-2 to None, run_after=None
[2026-06-29T21:59:14.067+0000] {logging_mixin.py:190} INFO - [2026-06-29T21:59:14.066+0000] {dag.py:3239} INFO - Sync 2 DAGs
[2026-06-29T21:59:14.083+0000] {logging_mixin.py:190} INFO - [2026-06-29T21:59:14.083+0000] {dag.py:4180} INFO - Setting next_dagrun for example_subdag_operator.section-1 to None, run_after=None
[2026-06-29T21:59:14.090+0000] {logging_mixin.py:190} INFO - [2026-06-29T21:59:14.090+0000] {dag.py:4180} INFO - Setting next_dagrun for example_subdag_operator.section-2 to None, run_after=None
[2026-06-29T21:59:14.124+0000] {processor.py:208} INFO - Processing /home/airflow/.local/lib/python3.12/site-packages/airflow/example_dags/example_subdag_operator.py took 0.620 seconds
[2026-06-29T21:59:45.662+0000] {processor.py:186} INFO - Started process (PID=164) to work on /home/airflow/.local/lib/python3.12/site-packages/airflow/example_dags/example_subdag_operator.py
[2026-06-29T21:59:45.666+0000] {processor.py:914} INFO - Processing file /home/airflow/.local/lib/python3.12/site-packages/airflow/example_dags/example_subdag_operator.py for tasks to queue
[2026-06-29T21:59:45.674+0000] {logging_mixin.py:190} INFO - [2026-06-29T21:59:45.672+0000] {dagbag.py:588} INFO - Filling up the DagBag from /home/airflow/.local/lib/python3.12/site-packages/airflow/example_dags/example_subdag_operator.py
[2026-06-29T21:59:45.750+0000] {processor.py:925} INFO - DAG(s) 'example_subdag_operator.section-1', 'example_subdag_operator.section-2', 'example_subdag_operator' retrieved from /home/airflow/.local/lib/python3.12/site-packages/airflow/example_dags/example_subdag_operator.py
[2026-06-29T21:59:45.794+0000] {logging_mixin.py:190} INFO - [2026-06-29T21:59:45.793+0000] {dag.py:3239} INFO - Sync 3 DAGs
[2026-06-29T21:59:45.865+0000] {logging_mixin.py:190} INFO - [2026-06-29T21:59:45.863+0000] {dag.py:4180} INFO - Setting next_dagrun for example_subdag_operator to 2022-01-01 00:00:00+00:00, run_after=2022-01-01 00:00:00+00:00
[2026-06-29T21:59:45.881+0000] {logging_mixin.py:190} INFO - [2026-06-29T21:59:45.881+0000] {dag.py:4180} INFO - Setting next_dagrun for example_subdag_operator.section-1 to None, run_after=None
[2026-06-29T21:59:45.888+0000] {logging_mixin.py:190} INFO - [2026-06-29T21:59:45.888+0000] {dag.py:4180} INFO - Setting next_dagrun for example_subdag_operator.section-2 to None, run_after=None
[2026-06-29T21:59:45.912+0000] {logging_mixin.py:190} INFO - [2026-06-29T21:59:45.911+0000] {dag.py:3239} INFO - Sync 2 DAGs
[2026-06-29T21:59:45.927+0000] {logging_mixin.py:190} INFO - [2026-06-29T21:59:45.927+0000] {dag.py:4180} INFO - Setting next_dagrun for example_subdag_operator.section-1 to None, run_after=None
[2026-06-29T21:59:45.929+0000] {logging_mixin.py:190} INFO - [2026-06-29T21:59:45.929+0000] {dag.py:4180} INFO - Setting next_dagrun for example_subdag_operator.section-2 to None, run_after=None
[2026-06-29T21:59:45.962+0000] {processor.py:208} INFO - Processing /home/airflow/.local/lib/python3.12/site-packages/airflow/example_dags/example_subdag_operator.py took 0.364 seconds
[2026-06-29T22:00:16.935+0000] {processor.py:186} INFO - Started process (PID=227) to work on /home/airflow/.local/lib/python3.12/site-packages/airflow/example_dags/example_subdag_operator.py
[2026-06-29T22:00:16.937+0000] {processor.py:914} INFO - Processing file /home/airflow/.local/lib/python3.12/site-packages/airflow/example_dags/example_subdag_operator.py for tasks to queue
[2026-06-29T22:00:16.942+0000] {logging_mixin.py:190} INFO - [2026-06-29T22:00:16.942+0000] {dagbag.py:588} INFO - Filling up the DagBag from /home/airflow/.local/lib/python3.12/site-packages/airflow/example_dags/example_subdag_operator.py
[2026-06-29T22:00:17.013+0000] {processor.py:925} INFO - DAG(s) 'example_subdag_operator.section-1', 'example_subdag_operator.section-2', 'example_subdag_operator' retrieved from /home/airflow/.local/lib/python3.12/site-packages/airflow/example_dags/example_subdag_operator.py
[2026-06-29T22:00:17.045+0000] {logging_mixin.py:190} INFO - [2026-06-29T22:00:17.045+0000] {dag.py:3239} INFO - Sync 3 DAGs
[2026-06-29T22:00:17.081+0000] {logging_mixin.py:190} INFO - [2026-06-29T22:00:17.080+0000] {dag.py:4180} INFO - Setting next_dagrun for example_subdag_operator to 2022-01-01 00:00:00+00:00, run_after=2022-01-01 00:00:00+00:00
[2026-06-29T22:00:17.094+0000] {logging_mixin.py:190} INFO - [2026-06-29T22:00:17.093+0000] {dag.py:4180} INFO - Setting next_dagrun for example_subdag_operator.section-1 to None, run_after=None
[2026-06-29T22:00:17.099+0000] {logging_mixin.py:190} INFO - [2026-06-29T22:00:17.099+0000] {dag.py:4180} INFO - Setting next_dagrun for example_subdag_operator.section-2 to None, run_after=None
[2026-06-29T22:00:17.112+0000] {logging_mixin.py:190} INFO - [2026-06-29T22:00:17.111+0000] {dag.py:3239} INFO - Sync 2 DAGs
[2026-06-29T22:00:17.130+0000] {logging_mixin.py:190} INFO - [2026-06-29T22:00:17.130+0000] {dag.py:4180} INFO - Setting next_dagrun for example_subdag_operator.section-1 to None, run_after=None
[2026-06-29T22:00:17.133+0000] {logging_mixin.py:190} INFO - [2026-06-29T22:00:17.132+0000] {dag.py:4180} INFO - Setting next_dagrun for example_subdag_operator.section-2 to None, run_after=None
[2026-06-29T22:00:17.180+0000] {processor.py:208} INFO - Processing /home/airflow/.local/lib/python3.12/site-packages/airflow/example_dags/example_subdag_operator.py took 0.255 seconds
[2026-06-29T22:00:47.459+0000] {processor.py:186} INFO - Started process (PID=291) to work on /home/airflow/.local/lib/python3.12/site-packages/airflow/example_dags/example_subdag_operator.py
[2026-06-29T22:00:47.461+0000] {processor.py:914} INFO - Processing file /home/airflow/.local/lib/python3.12/site-packages/airflow/example_dags/example_subdag_operator.py for tasks to queue
[2026-06-29T22:00:47.463+0000] {logging_mixin.py:190} INFO - [2026-06-29T22:00:47.463+0000] {dagbag.py:588} INFO - Filling up the DagBag from /home/airflow/.local/lib/python3.12/site-packages/airflow/example_dags/example_subdag_operator.py
[2026-06-29T22:00:47.490+0000] {processor.py:925} INFO - DAG(s) 'example_subdag_operator.section-1', 'example_subdag_operator.section-2', 'example_subdag_operator' retrieved from /home/airflow/.local/lib/python3.12/site-packages/airflow/example_dags/example_subdag_operator.py
[2026-06-29T22:00:47.504+0000] {logging_mixin.py:190} INFO - [2026-06-29T22:00:47.503+0000] {dag.py:3239} INFO - Sync 3 DAGs
[2026-06-29T22:00:47.526+0000] {logging_mixin.py:190} INFO - [2026-06-29T22:00:47.526+0000] {dag.py:4180} INFO - Setting next_dagrun for example_subdag_operator to 2022-01-01 00:00:00+00:00, run_after=2022-01-01 00:00:00+00:00
[2026-06-29T22:00:47.530+0000] {logging_mixin.py:190} INFO - [2026-06-29T22:00:47.530+0000] {dag.py:4180} INFO - Setting next_dagrun for example_subdag_operator.section-1 to None, run_after=None
[2026-06-29T22:00:47.532+0000] {logging_mixin.py:190} INFO - [2026-06-29T22:00:47.532+0000] {dag.py:4180} INFO - Setting next_dagrun for example_subdag_operator.section-2 to None, run_after=None
[2026-06-29T22:00:47.539+0000] {logging_mixin.py:190} INFO - [2026-06-29T22:00:47.539+0000] {dag.py:3239} INFO - Sync 2 DAGs
[2026-06-29T22:00:47.544+0000] {logging_mixin.py:190} INFO - [2026-06-29T22:00:47.544+0000] {dag.py:4180} INFO - Setting next_dagrun for example_subdag_operator.section-1 to None, run_after=None
[2026-06-29T22:00:47.545+0000] {logging_mixin.py:190} INFO - [2026-06-29T22:00:47.545+0000] {dag.py:4180} INFO - Setting next_dagrun for example_subdag_operator.section-2 to None, run_after=None
[2026-06-29T22:00:47.557+0000] {processor.py:208} INFO - Processing /home/airflow/.local/lib/python3.12/site-packages/airflow/example_dags/example_subdag_operator.py took 0.104 seconds
[2026-06-29T22:01:18.884+0000] {processor.py:186} INFO - Started process (PID=354) to work on /home/airflow/.local/lib/python3.12/site-packages/airflow/example_dags/example_subdag_operator.py
[2026-06-29T22:01:18.889+0000] {processor.py:914} INFO - Processing file /home/airflow/.local/lib/python3.12/site-packages/airflow/example_dags/example_subdag_operator.py for tasks to queue
[2026-06-29T22:01:18.899+0000] {logging_mixin.py:190} INFO - [2026-06-29T22:01:18.898+0000] {dagbag.py:588} INFO - Filling up the DagBag from /home/airflow/.local/lib/python3.12/site-packages/airflow/example_dags/example_subdag_operator.py
[2026-06-29T22:01:18.963+0000] {processor.py:925} INFO - DAG(s) 'example_subdag_operator.section-1', 'example_subdag_operator.section-2', 'example_subdag_operator' retrieved from /home/airflow/.local/lib/python3.12/site-packages/airflow/example_dags/example_subdag_operator.py
[2026-06-29T22:01:19.013+0000] {logging_mixin.py:190} INFO - [2026-06-29T22:01:19.010+0000] {dag.py:3239} INFO - Sync 3 DAGs
[2026-06-29T22:01:19.120+0000] {logging_mixin.py:190} INFO - [2026-06-29T22:01:19.117+0000] {dag.py:4180} INFO - Setting next_dagrun for example_subdag_operator to 2022-01-01 00:00:00+00:00, run_after=2022-01-01 00:00:00+00:00
[2026-06-29T22:01:19.142+0000] {logging_mixin.py:190} INFO - [2026-06-29T22:01:19.140+0000] {dag.py:4180} INFO - Setting next_dagrun for example_subdag_operator.section-1 to None, run_after=None
[2026-06-29T22:01:19.155+0000] {logging_mixin.py:190} INFO - [2026-06-29T22:01:19.153+0000] {dag.py:4180} INFO - Setting next_dagrun for example_subdag_operator.section-2 to None, run_after=None
[2026-06-29T22:01:19.226+0000] {logging_mixin.py:190} INFO - [2026-06-29T22:01:19.219+0000] {dag.py:3239} INFO - Sync 2 DAGs
[2026-06-29T22:01:19.326+0000] {logging_mixin.py:190} INFO - [2026-06-29T22:01:19.324+0000] {dag.py:4180} INFO - Setting next_dagrun for example_subdag_operator.section-1 to None, run_after=None
[2026-06-29T22:01:19.342+0000] {logging_mixin.py:190} INFO - [2026-06-29T22:01:19.340+0000] {dag.py:4180} INFO - Setting next_dagrun for example_subdag_operator.section-2 to None, run_after=None
[2026-06-29T22:01:19.475+0000] {processor.py:208} INFO - Processing /home/airflow/.local/lib/python3.12/site-packages/airflow/example_dags/example_subdag_operator.py took 0.604 seconds
[2026-06-29T22:01:49.977+0000] {processor.py:186} INFO - Started process (PID=416) to work on /home/airflow/.local/lib/python3.12/site-packages/airflow/example_dags/example_subdag_operator.py
[2026-06-29T22:01:49.979+0000] {processor.py:914} INFO - Processing file /home/airflow/.local/lib/python3.12/site-packages/airflow/example_dags/example_subdag_operator.py for tasks to queue
[2026-06-29T22:01:49.982+0000] {logging_mixin.py:190} INFO - [2026-06-29T22:01:49.982+0000] {dagbag.py:588} INFO - Filling up the DagBag from /home/airflow/.local/lib/python3.12/site-packages/airflow/example_dags/example_subdag_operator.py
[2026-06-29T22:01:50.018+0000] {processor.py:925} INFO - DAG(s) 'example_subdag_operator.section-1', 'example_subdag_operator.section-2', 'example_subdag_operator' retrieved from /home/airflow/.local/lib/python3.12/site-packages/airflow/example_dags/example_subdag_operator.py
[2026-06-29T22:01:50.036+0000] {logging_mixin.py:190} INFO - [2026-06-29T22:01:50.036+0000] {dag.py:3239} INFO - Sync 3 DAGs
[2026-06-29T22:01:50.060+0000] {logging_mixin.py:190} INFO - [2026-06-29T22:01:50.060+0000] {dag.py:4180} INFO - Setting next_dagrun for example_subdag_operator to 2022-01-01 00:00:00+00:00, run_after=2022-01-01 00:00:00+00:00
[2026-06-29T22:01:50.064+0000] {logging_mixin.py:190} INFO - [2026-06-29T22:01:50.064+0000] {dag.py:4180} INFO - Setting next_dagrun for example_subdag_operator.section-1 to None, run_after=None
[2026-06-29T22:01:50.066+0000] {logging_mixin.py:190} INFO - [2026-06-29T22:01:50.066+0000] {dag.py:4180} INFO - Setting next_dagrun for example_subdag_operator.section-2 to None, run_after=None
[2026-06-29T22:01:50.075+0000] {logging_mixin.py:190} INFO - [2026-06-29T22:01:50.074+0000] {dag.py:3239} INFO - Sync 2 DAGs
[2026-06-29T22:01:50.081+0000] {logging_mixin.py:190} INFO - [2026-06-29T22:01:50.080+0000] {dag.py:4180} INFO - Setting next_dagrun for example_subdag_operator.section-1 to None, run_after=None
[2026-06-29T22:01:50.081+0000] {logging_mixin.py:190} INFO - [2026-06-29T22:01:50.081+0000] {dag.py:4180} INFO - Setting next_dagrun for example_subdag_operator.section-2 to None, run_after=None
[2026-06-29T22:01:50.095+0000] {processor.py:208} INFO - Processing /home/airflow/.local/lib/python3.12/site-packages/airflow/example_dags/example_subdag_operator.py took 0.126 seconds
[2026-06-29T22:02:20.564+0000] {processor.py:186} INFO - Started process (PID=480) to work on /home/airflow/.local/lib/python3.12/site-packages/airflow/example_dags/example_subdag_operator.py
[2026-06-29T22:02:20.566+0000] {processor.py:914} INFO - Processing file /home/airflow/.local/lib/python3.12/site-packages/airflow/example_dags/example_subdag_operator.py for tasks to queue
[2026-06-29T22:02:20.571+0000] {logging_mixin.py:190} INFO - [2026-06-29T22:02:20.570+0000] {dagbag.py:588} INFO - Filling up the DagBag from /home/airflow/.local/lib/python3.12/site-packages/airflow/example_dags/example_subdag_operator.py
[2026-06-29T22:02:20.619+0000] {processor.py:925} INFO - DAG(s) 'example_subdag_operator.section-1', 'example_subdag_operator.section-2', 'example_subdag_operator' retrieved from /home/airflow/.local/lib/python3.12/site-packages/airflow/example_dags/example_subdag_operator.py
[2026-06-29T22:02:20.642+0000] {logging_mixin.py:190} INFO - [2026-06-29T22:02:20.641+0000] {dag.py:3239} INFO - Sync 3 DAGs
[2026-06-29T22:02:20.680+0000] {logging_mixin.py:190} INFO - [2026-06-29T22:02:20.680+0000] {dag.py:4180} INFO - Setting next_dagrun for example_subdag_operator to 2022-01-01 00:00:00+00:00, run_after=2022-01-01 00:00:00+00:00
[2026-06-29T22:02:20.687+0000] {logging_mixin.py:190} INFO - [2026-06-29T22:02:20.687+0000] {dag.py:4180} INFO - Setting next_dagrun for example_subdag_operator.section-1 to None, run_after=None
[2026-06-29T22:02:20.690+0000] {logging_mixin.py:190} INFO - [2026-06-29T22:02:20.689+0000] {dag.py:4180} INFO - Setting next_dagrun for example_subdag_operator.section-2 to None, run_after=None
[2026-06-29T22:02:20.702+0000] {logging_mixin.py:190} INFO - [2026-06-29T22:02:20.702+0000] {dag.py:3239} INFO - Sync 2 DAGs
[2026-06-29T22:02:20.712+0000] {logging_mixin.py:190} INFO - [2026-06-29T22:02:20.712+0000] {dag.py:4180} INFO - Setting next_dagrun for example_subdag_operator.section-1 to None, run_after=None
[2026-06-29T22:02:20.714+0000] {logging_mixin.py:190} INFO - [2026-06-29T22:02:20.713+0000] {dag.py:4180} INFO - Setting next_dagrun for example_subdag_operator.section-2 to None, run_after=None
[2026-06-29T22:02:20.734+0000] {processor.py:208} INFO - Processing /home/airflow/.local/lib/python3.12/site-packages/airflow/example_dags/example_subdag_operator.py took 0.181 seconds
[2026-06-29T22:02:57.722+0000] {processor.py:186} INFO - Started process (PID=544) to work on /home/airflow/.local/lib/python3.12/site-packages/airflow/example_dags/example_subdag_operator.py
[2026-06-29T22:02:57.727+0000] {processor.py:914} INFO - Processing file /home/airflow/.local/lib/python3.12/site-packages/airflow/example_dags/example_subdag_operator.py for tasks to queue
[2026-06-29T22:02:57.740+0000] {logging_mixin.py:190} INFO - [2026-06-29T22:02:57.739+0000] {dagbag.py:588} INFO - Filling up the DagBag from /home/airflow/.local/lib/python3.12/site-packages/airflow/example_dags/example_subdag_operator.py
[2026-06-29T22:02:57.856+0000] {processor.py:925} INFO - DAG(s) 'example_subdag_operator.section-1', 'example_subdag_operator.section-2', 'example_subdag_operator' retrieved from /home/airflow/.local/lib/python3.12/site-packages/airflow/example_dags/example_subdag_operator.py
[2026-06-29T22:02:57.915+0000] {logging_mixin.py:190} INFO - [2026-06-29T22:02:57.912+0000] {dag.py:3239} INFO - Sync 3 DAGs
[2026-06-29T22:02:57.999+0000] {logging_mixin.py:190} INFO - [2026-06-29T22:02:57.997+0000] {dag.py:4180} INFO - Setting next_dagrun for example_subdag_operator to 2022-01-01 00:00:00+00:00, run_after=2022-01-01 00:00:00+00:00
[2026-06-29T22:02:58.030+0000] {logging_mixin.py:190} INFO - [2026-06-29T22:02:58.029+0000] {dag.py:4180} INFO - Setting next_dagrun for example_subdag_operator.section-1 to None, run_after=None
[2026-06-29T22:02:58.037+0000] {logging_mixin.py:190} INFO - [2026-06-29T22:02:58.037+0000] {dag.py:4180} INFO - Setting next_dagrun for example_subdag_operator.section-2 to None, run_after=None
[2026-06-29T22:02:58.055+0000] {logging_mixin.py:190} INFO - [2026-06-29T22:02:58.055+0000] {dag.py:3239} INFO - Sync 2 DAGs
[2026-06-29T22:02:58.074+0000] {logging_mixin.py:190} INFO - [2026-06-29T22:02:58.072+0000] {dag.py:4180} INFO - Setting next_dagrun for example_subdag_operator.section-1 to None, run_after=None
[2026-06-29T22:02:58.079+0000] {logging_mixin.py:190} INFO - [2026-06-29T22:02:58.078+0000] {dag.py:4180} INFO - Setting next_dagrun for example_subdag_operator.section-2 to None, run_after=None
[2026-06-29T22:02:58.122+0000] {processor.py:208} INFO - Processing /home/airflow/.local/lib/python3.12/site-packages/airflow/example_dags/example_subdag_operator.py took 0.445 seconds
[2026-06-29T22:03:28.729+0000] {processor.py:186} INFO - Started process (PID=608) to work on /home/airflow/.local/lib/python3.12/site-packages/airflow/example_dags/example_subdag_operator.py
[2026-06-29T22:03:28.732+0000] {processor.py:914} INFO - Processing file /home/airflow/.local/lib/python3.12/site-packages/airflow/example_dags/example_subdag_operator.py for tasks to queue
[2026-06-29T22:03:28.738+0000] {logging_mixin.py:190} INFO - [2026-06-29T22:03:28.738+0000] {dagbag.py:588} INFO - Filling up the DagBag from /home/airflow/.local/lib/python3.12/site-packages/airflow/example_dags/example_subdag_operator.py
[2026-06-29T22:03:28.803+0000] {processor.py:925} INFO - DAG(s) 'example_subdag_operator.section-1', 'example_subdag_operator.section-2', 'example_subdag_operator' retrieved from /home/airflow/.local/lib/python3.12/site-packages/airflow/example_dags/example_subdag_operator.py
[2026-06-29T22:03:28.841+0000] {logging_mixin.py:190} INFO - [2026-06-29T22:03:28.841+0000] {dag.py:3239} INFO - Sync 3 DAGs
[2026-06-29T22:03:28.883+0000] {logging_mixin.py:190} INFO - [2026-06-29T22:03:28.882+0000] {dag.py:4180} INFO - Setting next_dagrun for example_subdag_operator to 2022-01-01 00:00:00+00:00, run_after=2022-01-01 00:00:00+00:00
[2026-06-29T22:03:28.889+0000] {logging_mixin.py:190} INFO - [2026-06-29T22:03:28.888+0000] {dag.py:4180} INFO - Setting next_dagrun for example_subdag_operator.section-1 to None, run_after=None
[2026-06-29T22:03:28.892+0000] {logging_mixin.py:190} INFO - [2026-06-29T22:03:28.892+0000] {dag.py:4180} INFO - Setting next_dagrun for example_subdag_operator.section-2 to None, run_after=None
[2026-06-29T22:03:28.907+0000] {logging_mixin.py:190} INFO - [2026-06-29T22:03:28.906+0000] {dag.py:3239} INFO - Sync 2 DAGs
[2026-06-29T22:03:28.918+0000] {logging_mixin.py:190} INFO - [2026-06-29T22:03:28.918+0000] {dag.py:4180} INFO - Setting next_dagrun for example_subdag_operator.section-1 to None, run_after=None
[2026-06-29T22:03:28.919+0000] {logging_mixin.py:190} INFO - [2026-06-29T22:03:28.919+0000] {dag.py:4180} INFO - Setting next_dagrun for example_subdag_operator.section-2 to None, run_after=None
[2026-06-29T22:03:28.940+0000] {processor.py:208} INFO - Processing /home/airflow/.local/lib/python3.12/site-packages/airflow/example_dags/example_subdag_operator.py took 0.227 seconds
[2026-06-29T22:04:00.163+0000] {processor.py:186} INFO - Started process (PID=670) to work on /home/airflow/.local/lib/python3.12/site-packages/airflow/example_dags/example_subdag_operator.py
[2026-06-29T22:04:00.167+0000] {processor.py:914} INFO - Processing file /home/airflow/.local/lib/python3.12/site-packages/airflow/example_dags/example_subdag_operator.py for tasks to queue
[2026-06-29T22:04:00.175+0000] {logging_mixin.py:190} INFO - [2026-06-29T22:04:00.173+0000] {dagbag.py:588} INFO - Filling up the DagBag from /home/airflow/.local/lib/python3.12/site-packages/airflow/example_dags/example_subdag_operator.py
[2026-06-29T22:04:00.268+0000] {processor.py:925} INFO - DAG(s) 'example_subdag_operator.section-1', 'example_subdag_operator.section-2', 'example_subdag_operator' retrieved from /home/airflow/.local/lib/python3.12/site-packages/airflow/example_dags/example_subdag_operator.py
[2026-06-29T22:04:00.319+0000] {logging_mixin.py:190} INFO - [2026-06-29T22:04:00.318+0000] {dag.py:3239} INFO - Sync 3 DAGs
[2026-06-29T22:04:00.404+0000] {logging_mixin.py:190} INFO - [2026-06-29T22:04:00.403+0000] {dag.py:4180} INFO - Setting next_dagrun for example_subdag_operator to 2022-01-01 00:00:00+00:00, run_after=2022-01-01 00:00:00+00:00
[2026-06-29T22:04:00.419+0000] {logging_mixin.py:190} INFO - [2026-06-29T22:04:00.419+0000] {dag.py:4180} INFO - Setting next_dagrun for example_subdag_operator.section-1 to None, run_after=None
[2026-06-29T22:04:00.425+0000] {logging_mixin.py:190} INFO - [2026-06-29T22:04:00.424+0000] {dag.py:4180} INFO - Setting next_dagrun for example_subdag_operator.section-2 to None, run_after=None
[2026-06-29T22:04:00.453+0000] {logging_mixin.py:190} INFO - [2026-06-29T22:04:00.453+0000] {dag.py:3239} INFO - Sync 2 DAGs
[2026-06-29T22:04:00.477+0000] {logging_mixin.py:190} INFO - [2026-06-29T22:04:00.476+0000] {dag.py:4180} INFO - Setting next_dagrun for example_subdag_operator.section-1 to None, run_after=None
[2026-06-29T22:04:00.479+0000] {logging_mixin.py:190} INFO - [2026-06-29T22:04:00.478+0000] {dag.py:4180} INFO - Setting next_dagrun for example_subdag_operator.section-2 to None, run_after=None
[2026-06-29T22:04:00.536+0000] {processor.py:208} INFO - Processing /home/airflow/.local/lib/python3.12/site-packages/airflow/example_dags/example_subdag_operator.py took 0.391 seconds
[2026-06-29T22:04:30.983+0000] {processor.py:186} INFO - Started process (PID=733) to work on /home/airflow/.local/lib/python3.12/site-packages/airflow/example_dags/example_subdag_operator.py
[2026-06-29T22:04:30.994+0000] {processor.py:914} INFO - Processing file /home/airflow/.local/lib/python3.12/site-packages/airflow/example_dags/example_subdag_operator.py for tasks to queue
[2026-06-29T22:04:31.004+0000] {logging_mixin.py:190} INFO - [2026-06-29T22:04:31.004+0000] {dagbag.py:588} INFO - Filling up the DagBag from /home/airflow/.local/lib/python3.12/site-packages/airflow/example_dags/example_subdag_operator.py
[2026-06-29T22:04:31.312+0000] {processor.py:925} INFO - DAG(s) 'example_subdag_operator.section-1', 'example_subdag_operator.section-2', 'example_subdag_operator' retrieved from /home/airflow/.local/lib/python3.12/site-packages/airflow/example_dags/example_subdag_operator.py
[2026-06-29T22:04:31.491+0000] {logging_mixin.py:190} INFO - [2026-06-29T22:04:31.490+0000] {dag.py:3239} INFO - Sync 3 DAGs
[2026-06-29T22:04:31.600+0000] {logging_mixin.py:190} INFO - [2026-06-29T22:04:31.600+0000] {dag.py:4180} INFO - Setting next_dagrun for example_subdag_operator to 2022-01-01 00:00:00+00:00, run_after=2022-01-01 00:00:00+00:00
[2026-06-29T22:04:31.618+0000] {logging_mixin.py:190} INFO - [2026-06-29T22:04:31.617+0000] {dag.py:4180} INFO - Setting next_dagrun for example_subdag_operator.section-1 to None, run_after=None
[2026-06-29T22:04:31.622+0000] {logging_mixin.py:190} INFO - [2026-06-29T22:04:31.622+0000] {dag.py:4180} INFO - Setting next_dagrun for example_subdag_operator.section-2 to None, run_after=None
[2026-06-29T22:04:31.656+0000] {logging_mixin.py:190} INFO - [2026-06-29T22:04:31.655+0000] {dag.py:3239} INFO - Sync 2 DAGs
[2026-06-29T22:04:31.678+0000] {logging_mixin.py:190} INFO - [2026-06-29T22:04:31.677+0000] {dag.py:4180} INFO - Setting next_dagrun for example_subdag_operator.section-1 to None, run_after=None
[2026-06-29T22:04:31.682+0000] {logging_mixin.py:190} INFO - [2026-06-29T22:04:31.681+0000] {dag.py:4180} INFO - Setting next_dagrun for example_subdag_operator.section-2 to None, run_after=None
[2026-06-29T22:04:31.748+0000] {processor.py:208} INFO - Processing /home/airflow/.local/lib/python3.12/site-packages/airflow/example_dags/example_subdag_operator.py took 0.776 seconds
[2026-06-29T22:05:02.314+0000] {processor.py:186} INFO - Started process (PID=797) to work on /home/airflow/.local/lib/python3.12/site-packages/airflow/example_dags/example_subdag_operator.py
[2026-06-29T22:05:02.318+0000] {processor.py:914} INFO - Processing file /home/airflow/.local/lib/python3.12/site-packages/airflow/example_dags/example_subdag_operator.py for tasks to queue
[2026-06-29T22:05:02.333+0000] {logging_mixin.py:190} INFO - [2026-06-29T22:05:02.331+0000] {dagbag.py:588} INFO - Filling up the DagBag from /home/airflow/.local/lib/python3.12/site-packages/airflow/example_dags/example_subdag_operator.py
[2026-06-29T22:05:02.423+0000] {processor.py:925} INFO - DAG(s) 'example_subdag_operator.section-1', 'example_subdag_operator.section-2', 'example_subdag_operator' retrieved from /home/airflow/.local/lib/python3.12/site-packages/airflow/example_dags/example_subdag_operator.py
[2026-06-29T22:05:02.461+0000] {logging_mixin.py:190} INFO - [2026-06-29T22:05:02.461+0000] {dag.py:3239} INFO - Sync 3 DAGs
[2026-06-29T22:05:02.504+0000] {logging_mixin.py:190} INFO - [2026-06-29T22:05:02.503+0000] {dag.py:4180} INFO - Setting next_dagrun for example_subdag_operator to 2022-01-01 00:00:00+00:00, run_after=2022-01-01 00:00:00+00:00
[2026-06-29T22:05:02.512+0000] {logging_mixin.py:190} INFO - [2026-06-29T22:05:02.511+0000] {dag.py:4180} INFO - Setting next_dagrun for example_subdag_operator.section-1 to None, run_after=None
[2026-06-29T22:05:02.515+0000] {logging_mixin.py:190} INFO - [2026-06-29T22:05:02.515+0000] {dag.py:4180} INFO - Setting next_dagrun for example_subdag_operator.section-2 to None, run_after=None
[2026-06-29T22:05:02.528+0000] {logging_mixin.py:190} INFO - [2026-06-29T22:05:02.527+0000] {dag.py:3239} INFO - Sync 2 DAGs
[2026-06-29T22:05:02.540+0000] {logging_mixin.py:190} INFO - [2026-06-29T22:05:02.539+0000] {dag.py:4180} INFO - Setting next_dagrun for example_subdag_operator.section-1 to None, run_after=None
[2026-06-29T22:05:02.541+0000] {logging_mixin.py:190} INFO - [2026-06-29T22:05:02.541+0000] {dag.py:4180} INFO - Setting next_dagrun for example_subdag_operator.section-2 to None, run_after=None
[2026-06-29T22:05:02.561+0000] {processor.py:208} INFO - Processing /home/airflow/.local/lib/python3.12/site-packages/airflow/example_dags/example_subdag_operator.py took 0.270 seconds
[2026-06-29T22:05:33.137+0000] {processor.py:186} INFO - Started process (PID=868) to work on /home/airflow/.local/lib/python3.12/site-packages/airflow/example_dags/example_subdag_operator.py
[2026-06-29T22:05:33.138+0000] {processor.py:914} INFO - Processing file /home/airflow/.local/lib/python3.12/site-packages/airflow/example_dags/example_subdag_operator.py for tasks to queue
[2026-06-29T22:05:33.142+0000] {logging_mixin.py:190} INFO - [2026-06-29T22:05:33.141+0000] {dagbag.py:588} INFO - Filling up the DagBag from /home/airflow/.local/lib/python3.12/site-packages/airflow/example_dags/example_subdag_operator.py
[2026-06-29T22:05:33.171+0000] {processor.py:925} INFO - DAG(s) 'example_subdag_operator.section-1', 'example_subdag_operator.section-2', 'example_subdag_operator' retrieved from /home/airflow/.local/lib/python3.12/site-packages/airflow/example_dags/example_subdag_operator.py
[2026-06-29T22:05:33.187+0000] {logging_mixin.py:190} INFO - [2026-06-29T22:05:33.186+0000] {dag.py:3239} INFO - Sync 3 DAGs
[2026-06-29T22:05:33.213+0000] {logging_mixin.py:190} INFO - [2026-06-29T22:05:33.213+0000] {dag.py:4180} INFO - Setting next_dagrun for example_subdag_operator to 2022-01-01 00:00:00+00:00, run_after=2022-01-01 00:00:00+00:00
[2026-06-29T22:05:33.218+0000] {logging_mixin.py:190} INFO - [2026-06-29T22:05:33.218+0000] {dag.py:4180} INFO - Setting next_dagrun for example_subdag_operator.section-1 to None, run_after=None
[2026-06-29T22:05:33.220+0000] {logging_mixin.py:190} INFO - [2026-06-29T22:05:33.220+0000] {dag.py:4180} INFO - Setting next_dagrun for example_subdag_operator.section-2 to None, run_after=None
[2026-06-29T22:05:33.228+0000] {logging_mixin.py:190} INFO - [2026-06-29T22:05:33.228+0000] {dag.py:3239} INFO - Sync 2 DAGs
[2026-06-29T22:05:33.236+0000] {logging_mixin.py:190} INFO - [2026-06-29T22:05:33.236+0000] {dag.py:4180} INFO - Setting next_dagrun for example_subdag_operator.section-1 to None, run_after=None
[2026-06-29T22:05:33.238+0000] {logging_mixin.py:190} INFO - [2026-06-29T22:05:33.237+0000] {dag.py:4180} INFO - Setting next_dagrun for example_subdag_operator.section-2 to None, run_after=None
[2026-06-29T22:05:33.252+0000] {processor.py:208} INFO - Processing /home/airflow/.local/lib/python3.12/site-packages/airflow/example_dags/example_subdag_operator.py took 0.122 seconds
[2026-06-29T22:06:03.702+0000] {processor.py:186} INFO - Started process (PID=932) to work on /home/airflow/.local/lib/python3.12/site-packages/airflow/example_dags/example_subdag_operator.py
[2026-06-29T22:06:03.705+0000] {processor.py:914} INFO - Processing file /home/airflow/.local/lib/python3.12/site-packages/airflow/example_dags/example_subdag_operator.py for tasks to queue
[2026-06-29T22:06:03.710+0000] {logging_mixin.py:190} INFO - [2026-06-29T22:06:03.709+0000] {dagbag.py:588} INFO - Filling up the DagBag from /home/airflow/.local/lib/python3.12/site-packages/airflow/example_dags/example_subdag_operator.py
[2026-06-29T22:06:03.740+0000] {processor.py:925} INFO - DAG(s) 'example_subdag_operator.section-1', 'example_subdag_operator.section-2', 'example_subdag_operator' retrieved from /home/airflow/.local/lib/python3.12/site-packages/airflow/example_dags/example_subdag_operator.py
[2026-06-29T22:06:03.756+0000] {logging_mixin.py:190} INFO - [2026-06-29T22:06:03.756+0000] {dag.py:3239} INFO - Sync 3 DAGs
[2026-06-29T22:06:03.779+0000] {logging_mixin.py:190} INFO - [2026-06-29T22:06:03.779+0000] {dag.py:4180} INFO - Setting next_dagrun for example_subdag_operator to 2022-01-01 00:00:00+00:00, run_after=2022-01-01 00:00:00+00:00
[2026-06-29T22:06:03.783+0000] {logging_mixin.py:190} INFO - [2026-06-29T22:06:03.783+0000] {dag.py:4180} INFO - Setting next_dagrun for example_subdag_operator.section-1 to None, run_after=None
[2026-06-29T22:06:03.786+0000] {logging_mixin.py:190} INFO - [2026-06-29T22:06:03.785+0000] {dag.py:4180} INFO - Setting next_dagrun for example_subdag_operator.section-2 to None, run_after=None
[2026-06-29T22:06:03.793+0000] {logging_mixin.py:190} INFO - [2026-06-29T22:06:03.793+0000] {dag.py:3239} INFO - Sync 2 DAGs
[2026-06-29T22:06:03.800+0000] {logging_mixin.py:190} INFO - [2026-06-29T22:06:03.799+0000] {dag.py:4180} INFO - Setting next_dagrun for example_subdag_operator.section-1 to None, run_after=None
[2026-06-29T22:06:03.801+0000] {logging_mixin.py:190} INFO - [2026-06-29T22:06:03.800+0000] {dag.py:4180} INFO - Setting next_dagrun for example_subdag_operator.section-2 to None, run_after=None
[2026-06-29T22:06:03.813+0000] {processor.py:208} INFO - Processing /home/airflow/.local/lib/python3.12/site-packages/airflow/example_dags/example_subdag_operator.py took 0.124 seconds
[2026-06-29T22:08:26.692+0000] {processor.py:186} INFO - Started process (PID=109) to work on /home/airflow/.local/lib/python3.12/site-packages/airflow/example_dags/example_subdag_operator.py
[2026-06-29T22:08:26.695+0000] {processor.py:914} INFO - Processing file /home/airflow/.local/lib/python3.12/site-packages/airflow/example_dags/example_subdag_operator.py for tasks to queue
[2026-06-29T22:08:26.700+0000] {logging_mixin.py:190} INFO - [2026-06-29T22:08:26.699+0000] {dagbag.py:588} INFO - Filling up the DagBag from /home/airflow/.local/lib/python3.12/site-packages/airflow/example_dags/example_subdag_operator.py
[2026-06-29T22:08:26.766+0000] {processor.py:925} INFO - DAG(s) 'example_subdag_operator.section-1', 'example_subdag_operator.section-2', 'example_subdag_operator' retrieved from /home/airflow/.local/lib/python3.12/site-packages/airflow/example_dags/example_subdag_operator.py
[2026-06-29T22:08:26.795+0000] {logging_mixin.py:190} INFO - [2026-06-29T22:08:26.794+0000] {dag.py:3239} INFO - Sync 3 DAGs
[2026-06-29T22:08:26.841+0000] {logging_mixin.py:190} INFO - [2026-06-29T22:08:26.840+0000] {dag.py:4180} INFO - Setting next_dagrun for example_subdag_operator to 2022-01-01 00:00:00+00:00, run_after=2022-01-01 00:00:00+00:00
[2026-06-29T22:08:26.851+0000] {logging_mixin.py:190} INFO - [2026-06-29T22:08:26.850+0000] {dag.py:4180} INFO - Setting next_dagrun for example_subdag_operator.section-1 to None, run_after=None
[2026-06-29T22:08:26.854+0000] {logging_mixin.py:190} INFO - [2026-06-29T22:08:26.854+0000] {dag.py:4180} INFO - Setting next_dagrun for example_subdag_operator.section-2 to None, run_after=None
[2026-06-29T22:08:26.868+0000] {logging_mixin.py:190} INFO - [2026-06-29T22:08:26.868+0000] {dag.py:3239} INFO - Sync 2 DAGs
[2026-06-29T22:08:26.881+0000] {logging_mixin.py:190} INFO - [2026-06-29T22:08:26.880+0000] {dag.py:4180} INFO - Setting next_dagrun for example_subdag_operator.section-1 to None, run_after=None
[2026-06-29T22:08:26.882+0000] {logging_mixin.py:190} INFO - [2026-06-29T22:08:26.882+0000] {dag.py:4180} INFO - Setting next_dagrun for example_subdag_operator.section-2 to None, run_after=None
[2026-06-29T22:08:26.907+0000] {processor.py:208} INFO - Processing /home/airflow/.local/lib/python3.12/site-packages/airflow/example_dags/example_subdag_operator.py took 0.232 seconds
[2026-06-29T22:09:02.351+0000] {processor.py:186} INFO - Started process (PID=173) to work on /home/airflow/.local/lib/python3.12/site-packages/airflow/example_dags/example_subdag_operator.py
[2026-06-29T22:09:02.354+0000] {processor.py:914} INFO - Processing file /home/airflow/.local/lib/python3.12/site-packages/airflow/example_dags/example_subdag_operator.py for tasks to queue
[2026-06-29T22:09:02.364+0000] {logging_mixin.py:190} INFO - [2026-06-29T22:09:02.363+0000] {dagbag.py:588} INFO - Filling up the DagBag from /home/airflow/.local/lib/python3.12/site-packages/airflow/example_dags/example_subdag_operator.py
[2026-06-29T22:09:02.514+0000] {processor.py:925} INFO - DAG(s) 'example_subdag_operator.section-1', 'example_subdag_operator.section-2', 'example_subdag_operator' retrieved from /home/airflow/.local/lib/python3.12/site-packages/airflow/example_dags/example_subdag_operator.py
[2026-06-29T22:09:02.588+0000] {logging_mixin.py:190} INFO - [2026-06-29T22:09:02.587+0000] {dag.py:3239} INFO - Sync 3 DAGs
[2026-06-29T22:09:02.726+0000] {logging_mixin.py:190} INFO - [2026-06-29T22:09:02.725+0000] {dag.py:4180} INFO - Setting next_dagrun for example_subdag_operator to 2022-01-01 00:00:00+00:00, run_after=2022-01-01 00:00:00+00:00
[2026-06-29T22:09:02.746+0000] {logging_mixin.py:190} INFO - [2026-06-29T22:09:02.744+0000] {dag.py:4180} INFO - Setting next_dagrun for example_subdag_operator.section-1 to None, run_after=None
[2026-06-29T22:09:02.751+0000] {logging_mixin.py:190} INFO - [2026-06-29T22:09:02.750+0000] {dag.py:4180} INFO - Setting next_dagrun for example_subdag_operator.section-2 to None, run_after=None
[2026-06-29T22:09:02.772+0000] {logging_mixin.py:190} INFO - [2026-06-29T22:09:02.771+0000] {dag.py:3239} INFO - Sync 2 DAGs
[2026-06-29T22:09:02.785+0000] {logging_mixin.py:190} INFO - [2026-06-29T22:09:02.785+0000] {dag.py:4180} INFO - Setting next_dagrun for example_subdag_operator.section-1 to None, run_after=None
[2026-06-29T22:09:02.787+0000] {logging_mixin.py:190} INFO - [2026-06-29T22:09:02.787+0000] {dag.py:4180} INFO - Setting next_dagrun for example_subdag_operator.section-2 to None, run_after=None
[2026-06-29T22:09:02.815+0000] {processor.py:208} INFO - Processing /home/airflow/.local/lib/python3.12/site-packages/airflow/example_dags/example_subdag_operator.py took 0.479 seconds
[2026-06-29T22:09:36.632+0000] {processor.py:186} INFO - Started process (PID=243) to work on /home/airflow/.local/lib/python3.12/site-packages/airflow/example_dags/example_subdag_operator.py
[2026-06-29T22:09:36.635+0000] {processor.py:914} INFO - Processing file /home/airflow/.local/lib/python3.12/site-packages/airflow/example_dags/example_subdag_operator.py for tasks to queue
[2026-06-29T22:09:36.640+0000] {logging_mixin.py:190} INFO - [2026-06-29T22:09:36.640+0000] {dagbag.py:588} INFO - Filling up the DagBag from /home/airflow/.local/lib/python3.12/site-packages/airflow/example_dags/example_subdag_operator.py
[2026-06-29T22:09:36.703+0000] {processor.py:925} INFO - DAG(s) 'example_subdag_operator.section-1', 'example_subdag_operator.section-2', 'example_subdag_operator' retrieved from /home/airflow/.local/lib/python3.12/site-packages/airflow/example_dags/example_subdag_operator.py
[2026-06-29T22:09:36.730+0000] {logging_mixin.py:190} INFO - [2026-06-29T22:09:36.729+0000] {dag.py:3239} INFO - Sync 3 DAGs
[2026-06-29T22:09:36.768+0000] {logging_mixin.py:190} INFO - [2026-06-29T22:09:36.768+0000] {dag.py:4180} INFO - Setting next_dagrun for example_subdag_operator to 2022-01-01 00:00:00+00:00, run_after=2022-01-01 00:00:00+00:00
[2026-06-29T22:09:36.776+0000] {logging_mixin.py:190} INFO - [2026-06-29T22:09:36.776+0000] {dag.py:4180} INFO - Setting next_dagrun for example_subdag_operator.section-1 to None, run_after=None
[2026-06-29T22:09:36.782+0000] {logging_mixin.py:190} INFO - [2026-06-29T22:09:36.781+0000] {dag.py:4180} INFO - Setting next_dagrun for example_subdag_operator.section-2 to None, run_after=None
[2026-06-29T22:09:36.797+0000] {logging_mixin.py:190} INFO - [2026-06-29T22:09:36.797+0000] {dag.py:3239} INFO - Sync 2 DAGs
[2026-06-29T22:09:36.807+0000] {logging_mixin.py:190} INFO - [2026-06-29T22:09:36.807+0000] {dag.py:4180} INFO - Setting next_dagrun for example_subdag_operator.section-1 to None, run_after=None
[2026-06-29T22:09:36.809+0000] {logging_mixin.py:190} INFO - [2026-06-29T22:09:36.809+0000] {dag.py:4180} INFO - Setting next_dagrun for example_subdag_operator.section-2 to None, run_after=None
[2026-06-29T22:09:36.831+0000] {processor.py:208} INFO - Processing /home/airflow/.local/lib/python3.12/site-packages/airflow/example_dags/example_subdag_operator.py took 0.210 seconds
[2026-06-29T22:10:11.721+0000] {processor.py:186} INFO - Started process (PID=308) to work on /home/airflow/.local/lib/python3.12/site-packages/airflow/example_dags/example_subdag_operator.py
[2026-06-29T22:10:11.730+0000] {processor.py:914} INFO - Processing file /home/airflow/.local/lib/python3.12/site-packages/airflow/example_dags/example_subdag_operator.py for tasks to queue
[2026-06-29T22:10:11.743+0000] {logging_mixin.py:190} INFO - [2026-06-29T22:10:11.741+0000] {dagbag.py:588} INFO - Filling up the DagBag from /home/airflow/.local/lib/python3.12/site-packages/airflow/example_dags/example_subdag_operator.py
[2026-06-29T22:10:11.873+0000] {processor.py:925} INFO - DAG(s) 'example_subdag_operator.section-1', 'example_subdag_operator.section-2', 'example_subdag_operator' retrieved from /home/airflow/.local/lib/python3.12/site-packages/airflow/example_dags/example_subdag_operator.py
[2026-06-29T22:10:11.924+0000] {logging_mixin.py:190} INFO - [2026-06-29T22:10:11.922+0000] {dag.py:3239} INFO - Sync 3 DAGs
[2026-06-29T22:10:12.000+0000] {logging_mixin.py:190} INFO - [2026-06-29T22:10:11.997+0000] {dag.py:4180} INFO - Setting next_dagrun for example_subdag_operator to 2022-01-01 00:00:00+00:00, run_after=2022-01-01 00:00:00+00:00
[2026-06-29T22:10:12.018+0000] {logging_mixin.py:190} INFO - [2026-06-29T22:10:12.018+0000] {dag.py:4180} INFO - Setting next_dagrun for example_subdag_operator.section-1 to None, run_after=None
[2026-06-29T22:10:12.031+0000] {logging_mixin.py:190} INFO - [2026-06-29T22:10:12.030+0000] {dag.py:4180} INFO - Setting next_dagrun for example_subdag_operator.section-2 to None, run_after=None
[2026-06-29T22:10:12.065+0000] {logging_mixin.py:190} INFO - [2026-06-29T22:10:12.064+0000] {dag.py:3239} INFO - Sync 2 DAGs
[2026-06-29T22:10:12.081+0000] {logging_mixin.py:190} INFO - [2026-06-29T22:10:12.081+0000] {dag.py:4180} INFO - Setting next_dagrun for example_subdag_operator.section-1 to None, run_after=None
[2026-06-29T22:10:12.084+0000] {logging_mixin.py:190} INFO - [2026-06-29T22:10:12.083+0000] {dag.py:4180} INFO - Setting next_dagrun for example_subdag_operator.section-2 to None, run_after=None
[2026-06-29T22:10:12.145+0000] {processor.py:208} INFO - Processing /home/airflow/.local/lib/python3.12/site-packages/airflow/example_dags/example_subdag_operator.py took 0.452 seconds
[2026-06-29T22:10:43.102+0000] {processor.py:186} INFO - Started process (PID=372) to work on /home/airflow/.local/lib/python3.12/site-packages/airflow/example_dags/example_subdag_operator.py
[2026-06-29T22:10:43.104+0000] {processor.py:914} INFO - Processing file /home/airflow/.local/lib/python3.12/site-packages/airflow/example_dags/example_subdag_operator.py for tasks to queue
[2026-06-29T22:10:43.109+0000] {logging_mixin.py:190} INFO - [2026-06-29T22:10:43.109+0000] {dagbag.py:588} INFO - Filling up the DagBag from /home/airflow/.local/lib/python3.12/site-packages/airflow/example_dags/example_subdag_operator.py
[2026-06-29T22:10:43.143+0000] {processor.py:925} INFO - DAG(s) 'example_subdag_operator.section-1', 'example_subdag_operator.section-2', 'example_subdag_operator' retrieved from /home/airflow/.local/lib/python3.12/site-packages/airflow/example_dags/example_subdag_operator.py
[2026-06-29T22:10:43.159+0000] {logging_mixin.py:190} INFO - [2026-06-29T22:10:43.159+0000] {dag.py:3239} INFO - Sync 3 DAGs
[2026-06-29T22:10:43.184+0000] {logging_mixin.py:190} INFO - [2026-06-29T22:10:43.184+0000] {dag.py:4180} INFO - Setting next_dagrun for example_subdag_operator to 2022-01-01 00:00:00+00:00, run_after=2022-01-01 00:00:00+00:00
[2026-06-29T22:10:43.189+0000] {logging_mixin.py:190} INFO - [2026-06-29T22:10:43.189+0000] {dag.py:4180} INFO - Setting next_dagrun for example_subdag_operator.section-1 to None, run_after=None
[2026-06-29T22:10:43.192+0000] {logging_mixin.py:190} INFO - [2026-06-29T22:10:43.192+0000] {dag.py:4180} INFO - Setting next_dagrun for example_subdag_operator.section-2 to None, run_after=None
[2026-06-29T22:10:43.201+0000] {logging_mixin.py:190} INFO - [2026-06-29T22:10:43.201+0000] {dag.py:3239} INFO - Sync 2 DAGs
[2026-06-29T22:10:43.209+0000] {logging_mixin.py:190} INFO - [2026-06-29T22:10:43.208+0000] {dag.py:4180} INFO - Setting next_dagrun for example_subdag_operator.section-1 to None, run_after=None
[2026-06-29T22:10:43.210+0000] {logging_mixin.py:190} INFO - [2026-06-29T22:10:43.209+0000] {dag.py:4180} INFO - Setting next_dagrun for example_subdag_operator.section-2 to None, run_after=None
[2026-06-29T22:10:43.225+0000] {processor.py:208} INFO - Processing /home/airflow/.local/lib/python3.12/site-packages/airflow/example_dags/example_subdag_operator.py took 0.135 seconds
[2026-06-29T22:11:13.635+0000] {processor.py:186} INFO - Started process (PID=436) to work on /home/airflow/.local/lib/python3.12/site-packages/airflow/example_dags/example_subdag_operator.py
[2026-06-29T22:11:13.637+0000] {processor.py:914} INFO - Processing file /home/airflow/.local/lib/python3.12/site-packages/airflow/example_dags/example_subdag_operator.py for tasks to queue
[2026-06-29T22:11:13.642+0000] {logging_mixin.py:190} INFO - [2026-06-29T22:11:13.642+0000] {dagbag.py:588} INFO - Filling up the DagBag from /home/airflow/.local/lib/python3.12/site-packages/airflow/example_dags/example_subdag_operator.py
[2026-06-29T22:11:13.674+0000] {processor.py:925} INFO - DAG(s) 'example_subdag_operator.section-1', 'example_subdag_operator.section-2', 'example_subdag_operator' retrieved from /home/airflow/.local/lib/python3.12/site-packages/airflow/example_dags/example_subdag_operator.py
[2026-06-29T22:11:13.691+0000] {logging_mixin.py:190} INFO - [2026-06-29T22:11:13.690+0000] {dag.py:3239} INFO - Sync 3 DAGs
[2026-06-29T22:11:13.721+0000] {logging_mixin.py:190} INFO - [2026-06-29T22:11:13.721+0000] {dag.py:4180} INFO - Setting next_dagrun for example_subdag_operator to 2022-01-01 00:00:00+00:00, run_after=2022-01-01 00:00:00+00:00
[2026-06-29T22:11:13.730+0000] {logging_mixin.py:190} INFO - [2026-06-29T22:11:13.730+0000] {dag.py:4180} INFO - Setting next_dagrun for example_subdag_operator.section-1 to None, run_after=None
[2026-06-29T22:11:13.733+0000] {logging_mixin.py:190} INFO - [2026-06-29T22:11:13.733+0000] {dag.py:4180} INFO - Setting next_dagrun for example_subdag_operator.section-2 to None, run_after=None
[2026-06-29T22:11:13.746+0000] {logging_mixin.py:190} INFO - [2026-06-29T22:11:13.746+0000] {dag.py:3239} INFO - Sync 2 DAGs
[2026-06-29T22:11:13.754+0000] {logging_mixin.py:190} INFO - [2026-06-29T22:11:13.753+0000] {dag.py:4180} INFO - Setting next_dagrun for example_subdag_operator.section-1 to None, run_after=None
[2026-06-29T22:11:13.754+0000] {logging_mixin.py:190} INFO - [2026-06-29T22:11:13.754+0000] {dag.py:4180} INFO - Setting next_dagrun for example_subdag_operator.section-2 to None, run_after=None
[2026-06-29T22:11:13.778+0000] {processor.py:208} INFO - Processing /home/airflow/.local/lib/python3.12/site-packages/airflow/example_dags/example_subdag_operator.py took 0.150 seconds
[2026-06-29T22:11:44.621+0000] {processor.py:186} INFO - Started process (PID=500) to work on /home/airflow/.local/lib/python3.12/site-packages/airflow/example_dags/example_subdag_operator.py
[2026-06-29T22:11:44.623+0000] {processor.py:914} INFO - Processing file /home/airflow/.local/lib/python3.12/site-packages/airflow/example_dags/example_subdag_operator.py for tasks to queue
[2026-06-29T22:11:44.628+0000] {logging_mixin.py:190} INFO - [2026-06-29T22:11:44.627+0000] {dagbag.py:588} INFO - Filling up the DagBag from /home/airflow/.local/lib/python3.12/site-packages/airflow/example_dags/example_subdag_operator.py
[2026-06-29T22:11:44.664+0000] {processor.py:925} INFO - DAG(s) 'example_subdag_operator.section-1', 'example_subdag_operator.section-2', 'example_subdag_operator' retrieved from /home/airflow/.local/lib/python3.12/site-packages/airflow/example_dags/example_subdag_operator.py
[2026-06-29T22:11:44.683+0000] {logging_mixin.py:190} INFO - [2026-06-29T22:11:44.683+0000] {dag.py:3239} INFO - Sync 3 DAGs
[2026-06-29T22:11:44.717+0000] {logging_mixin.py:190} INFO - [2026-06-29T22:11:44.717+0000] {dag.py:4180} INFO - Setting next_dagrun for example_subdag_operator to 2022-01-01 00:00:00+00:00, run_after=2022-01-01 00:00:00+00:00
[2026-06-29T22:11:44.725+0000] {logging_mixin.py:190} INFO - [2026-06-29T22:11:44.725+0000] {dag.py:4180} INFO - Setting next_dagrun for example_subdag_operator.section-1 to None, run_after=None
[2026-06-29T22:11:44.729+0000] {logging_mixin.py:190} INFO - [2026-06-29T22:11:44.728+0000] {dag.py:4180} INFO - Setting next_dagrun for example_subdag_operator.section-2 to None, run_after=None
[2026-06-29T22:11:44.744+0000] {logging_mixin.py:190} INFO - [2026-06-29T22:11:44.743+0000] {dag.py:3239} INFO - Sync 2 DAGs
[2026-06-29T22:11:44.759+0000] {logging_mixin.py:190} INFO - [2026-06-29T22:11:44.759+0000] {dag.py:4180} INFO - Setting next_dagrun for example_subdag_operator.section-1 to None, run_after=None
[2026-06-29T22:11:44.761+0000] {logging_mixin.py:190} INFO - [2026-06-29T22:11:44.761+0000] {dag.py:4180} INFO - Setting next_dagrun for example_subdag_operator.section-2 to None, run_after=None
[2026-06-29T22:11:44.792+0000] {processor.py:208} INFO - Processing /home/airflow/.local/lib/python3.12/site-packages/airflow/example_dags/example_subdag_operator.py took 0.180 seconds
[2026-06-29T22:12:16.312+0000] {processor.py:186} INFO - Started process (PID=564) to work on /home/airflow/.local/lib/python3.12/site-packages/airflow/example_dags/example_subdag_operator.py
[2026-06-29T22:12:16.314+0000] {processor.py:914} INFO - Processing file /home/airflow/.local/lib/python3.12/site-packages/airflow/example_dags/example_subdag_operator.py for tasks to queue
[2026-06-29T22:12:16.322+0000] {logging_mixin.py:190} INFO - [2026-06-29T22:12:16.321+0000] {dagbag.py:588} INFO - Filling up the DagBag from /home/airflow/.local/lib/python3.12/site-packages/airflow/example_dags/example_subdag_operator.py
[2026-06-29T22:12:16.381+0000] {processor.py:925} INFO - DAG(s) 'example_subdag_operator.section-1', 'example_subdag_operator.section-2', 'example_subdag_operator' retrieved from /home/airflow/.local/lib/python3.12/site-packages/airflow/example_dags/example_subdag_operator.py
[2026-06-29T22:12:16.411+0000] {logging_mixin.py:190} INFO - [2026-06-29T22:12:16.410+0000] {dag.py:3239} INFO - Sync 3 DAGs
[2026-06-29T22:12:16.453+0000] {logging_mixin.py:190} INFO - [2026-06-29T22:12:16.453+0000] {dag.py:4180} INFO - Setting next_dagrun for example_subdag_operator to 2022-01-01 00:00:00+00:00, run_after=2022-01-01 00:00:00+00:00
[2026-06-29T22:12:16.460+0000] {logging_mixin.py:190} INFO - [2026-06-29T22:12:16.460+0000] {dag.py:4180} INFO - Setting next_dagrun for example_subdag_operator.section-1 to None, run_after=None
[2026-06-29T22:12:16.464+0000] {logging_mixin.py:190} INFO - [2026-06-29T22:12:16.463+0000] {dag.py:4180} INFO - Setting next_dagrun for example_subdag_operator.section-2 to None, run_after=None
[2026-06-29T22:12:16.479+0000] {logging_mixin.py:190} INFO - [2026-06-29T22:12:16.479+0000] {dag.py:3239} INFO - Sync 2 DAGs
[2026-06-29T22:12:16.490+0000] {logging_mixin.py:190} INFO - [2026-06-29T22:12:16.490+0000] {dag.py:4180} INFO - Setting next_dagrun for example_subdag_operator.section-1 to None, run_after=None
[2026-06-29T22:12:16.493+0000] {logging_mixin.py:190} INFO - [2026-06-29T22:12:16.492+0000] {dag.py:4180} INFO - Setting next_dagrun for example_subdag_operator.section-2 to None, run_after=None
[2026-06-29T22:12:16.517+0000] {processor.py:208} INFO - Processing /home/airflow/.local/lib/python3.12/site-packages/airflow/example_dags/example_subdag_operator.py took 0.216 seconds
[2026-06-29T22:12:47.973+0000] {processor.py:186} INFO - Started process (PID=628) to work on /home/airflow/.local/lib/python3.12/site-packages/airflow/example_dags/example_subdag_operator.py
[2026-06-29T22:12:47.975+0000] {processor.py:914} INFO - Processing file /home/airflow/.local/lib/python3.12/site-packages/airflow/example_dags/example_subdag_operator.py for tasks to queue
[2026-06-29T22:12:47.982+0000] {logging_mixin.py:190} INFO - [2026-06-29T22:12:47.981+0000] {dagbag.py:588} INFO - Filling up the DagBag from /home/airflow/.local/lib/python3.12/site-packages/airflow/example_dags/example_subdag_operator.py
[2026-06-29T22:12:48.023+0000] {processor.py:925} INFO - DAG(s) 'example_subdag_operator.section-1', 'example_subdag_operator.section-2', 'example_subdag_operator' retrieved from /home/airflow/.local/lib/python3.12/site-packages/airflow/example_dags/example_subdag_operator.py
[2026-06-29T22:12:48.042+0000] {logging_mixin.py:190} INFO - [2026-06-29T22:12:48.041+0000] {dag.py:3239} INFO - Sync 3 DAGs
[2026-06-29T22:12:48.073+0000] {logging_mixin.py:190} INFO - [2026-06-29T22:12:48.073+0000] {dag.py:4180} INFO - Setting next_dagrun for example_subdag_operator to 2022-01-01 00:00:00+00:00, run_after=2022-01-01 00:00:00+00:00
[2026-06-29T22:12:48.080+0000] {logging_mixin.py:190} INFO - [2026-06-29T22:12:48.080+0000] {dag.py:4180} INFO - Setting next_dagrun for example_subdag_operator.section-1 to None, run_after=None
[2026-06-29T22:12:48.083+0000] {logging_mixin.py:190} INFO - [2026-06-29T22:12:48.082+0000] {dag.py:4180} INFO - Setting next_dagrun for example_subdag_operator.section-2 to None, run_after=None
[2026-06-29T22:12:48.095+0000] {logging_mixin.py:190} INFO - [2026-06-29T22:12:48.095+0000] {dag.py:3239} INFO - Sync 2 DAGs
[2026-06-29T22:12:48.103+0000] {logging_mixin.py:190} INFO - [2026-06-29T22:12:48.103+0000] {dag.py:4180} INFO - Setting next_dagrun for example_subdag_operator.section-1 to None, run_after=None
[2026-06-29T22:12:48.104+0000] {logging_mixin.py:190} INFO - [2026-06-29T22:12:48.104+0000] {dag.py:4180} INFO - Setting next_dagrun for example_subdag_operator.section-2 to None, run_after=None
[2026-06-29T22:12:48.122+0000] {processor.py:208} INFO - Processing /home/airflow/.local/lib/python3.12/site-packages/airflow/example_dags/example_subdag_operator.py took 0.159 seconds
[2026-06-29T22:13:19.687+0000] {processor.py:186} INFO - Started process (PID=692) to work on /home/airflow/.local/lib/python3.12/site-packages/airflow/example_dags/example_subdag_operator.py
[2026-06-29T22:13:19.690+0000] {processor.py:914} INFO - Processing file /home/airflow/.local/lib/python3.12/site-packages/airflow/example_dags/example_subdag_operator.py for tasks to queue
[2026-06-29T22:13:19.698+0000] {logging_mixin.py:190} INFO - [2026-06-29T22:13:19.697+0000] {dagbag.py:588} INFO - Filling up the DagBag from /home/airflow/.local/lib/python3.12/site-packages/airflow/example_dags/example_subdag_operator.py
[2026-06-29T22:13:19.773+0000] {processor.py:925} INFO - DAG(s) 'example_subdag_operator.section-1', 'example_subdag_operator.section-2', 'example_subdag_operator' retrieved from /home/airflow/.local/lib/python3.12/site-packages/airflow/example_dags/example_subdag_operator.py
[2026-06-29T22:13:19.809+0000] {logging_mixin.py:190} INFO - [2026-06-29T22:13:19.808+0000] {dag.py:3239} INFO - Sync 3 DAGs
[2026-06-29T22:13:19.857+0000] {logging_mixin.py:190} INFO - [2026-06-29T22:13:19.857+0000] {dag.py:4180} INFO - Setting next_dagrun for example_subdag_operator to 2022-01-01 00:00:00+00:00, run_after=2022-01-01 00:00:00+00:00
[2026-06-29T22:13:19.864+0000] {logging_mixin.py:190} INFO - [2026-06-29T22:13:19.864+0000] {dag.py:4180} INFO - Setting next_dagrun for example_subdag_operator.section-1 to None, run_after=None
[2026-06-29T22:13:19.869+0000] {logging_mixin.py:190} INFO - [2026-06-29T22:13:19.868+0000] {dag.py:4180} INFO - Setting next_dagrun for example_subdag_operator.section-2 to None, run_after=None
[2026-06-29T22:13:19.888+0000] {logging_mixin.py:190} INFO - [2026-06-29T22:13:19.888+0000] {dag.py:3239} INFO - Sync 2 DAGs
[2026-06-29T22:13:19.907+0000] {logging_mixin.py:190} INFO - [2026-06-29T22:13:19.906+0000] {dag.py:4180} INFO - Setting next_dagrun for example_subdag_operator.section-1 to None, run_after=None
[2026-06-29T22:13:19.910+0000] {logging_mixin.py:190} INFO - [2026-06-29T22:13:19.909+0000] {dag.py:4180} INFO - Setting next_dagrun for example_subdag_operator.section-2 to None, run_after=None
[2026-06-29T22:13:19.950+0000] {processor.py:208} INFO - Processing /home/airflow/.local/lib/python3.12/site-packages/airflow/example_dags/example_subdag_operator.py took 0.280 seconds
[2026-06-29T22:13:51.049+0000] {processor.py:186} INFO - Started process (PID=757) to work on /home/airflow/.local/lib/python3.12/site-packages/airflow/example_dags/example_subdag_operator.py
[2026-06-29T22:13:51.051+0000] {processor.py:914} INFO - Processing file /home/airflow/.local/lib/python3.12/site-packages/airflow/example_dags/example_subdag_operator.py for tasks to queue
[2026-06-29T22:13:51.056+0000] {logging_mixin.py:190} INFO - [2026-06-29T22:13:51.055+0000] {dagbag.py:588} INFO - Filling up the DagBag from /home/airflow/.local/lib/python3.12/site-packages/airflow/example_dags/example_subdag_operator.py
[2026-06-29T22:13:51.103+0000] {processor.py:925} INFO - DAG(s) 'example_subdag_operator.section-1', 'example_subdag_operator.section-2', 'example_subdag_operator' retrieved from /home/airflow/.local/lib/python3.12/site-packages/airflow/example_dags/example_subdag_operator.py
[2026-06-29T22:13:51.124+0000] {logging_mixin.py:190} INFO - [2026-06-29T22:13:51.124+0000] {dag.py:3239} INFO - Sync 3 DAGs
[2026-06-29T22:13:51.162+0000] {logging_mixin.py:190} INFO - [2026-06-29T22:13:51.161+0000] {dag.py:4180} INFO - Setting next_dagrun for example_subdag_operator to 2022-01-01 00:00:00+00:00, run_after=2022-01-01 00:00:00+00:00
[2026-06-29T22:13:51.167+0000] {logging_mixin.py:190} INFO - [2026-06-29T22:13:51.167+0000] {dag.py:4180} INFO - Setting next_dagrun for example_subdag_operator.section-1 to None, run_after=None
[2026-06-29T22:13:51.170+0000] {logging_mixin.py:190} INFO - [2026-06-29T22:13:51.169+0000] {dag.py:4180} INFO - Setting next_dagrun for example_subdag_operator.section-2 to None, run_after=None
[2026-06-29T22:13:51.179+0000] {logging_mixin.py:190} INFO - [2026-06-29T22:13:51.178+0000] {dag.py:3239} INFO - Sync 2 DAGs
[2026-06-29T22:13:51.186+0000] {logging_mixin.py:190} INFO - [2026-06-29T22:13:51.186+0000] {dag.py:4180} INFO - Setting next_dagrun for example_subdag_operator.section-1 to None, run_after=None
[2026-06-29T22:13:51.187+0000] {logging_mixin.py:190} INFO - [2026-06-29T22:13:51.187+0000] {dag.py:4180} INFO - Setting next_dagrun for example_subdag_operator.section-2 to None, run_after=None
[2026-06-29T22:13:51.203+0000] {processor.py:208} INFO - Processing /home/airflow/.local/lib/python3.12/site-packages/airflow/example_dags/example_subdag_operator.py took 0.164 seconds
[2026-06-29T22:14:23.186+0000] {processor.py:186} INFO - Started process (PID=821) to work on /home/airflow/.local/lib/python3.12/site-packages/airflow/example_dags/example_subdag_operator.py
[2026-06-29T22:14:23.189+0000] {processor.py:914} INFO - Processing file /home/airflow/.local/lib/python3.12/site-packages/airflow/example_dags/example_subdag_operator.py for tasks to queue
[2026-06-29T22:14:23.193+0000] {logging_mixin.py:190} INFO - [2026-06-29T22:14:23.192+0000] {dagbag.py:588} INFO - Filling up the DagBag from /home/airflow/.local/lib/python3.12/site-packages/airflow/example_dags/example_subdag_operator.py
[2026-06-29T22:14:23.261+0000] {processor.py:925} INFO - DAG(s) 'example_subdag_operator.section-1', 'example_subdag_operator.section-2', 'example_subdag_operator' retrieved from /home/airflow/.local/lib/python3.12/site-packages/airflow/example_dags/example_subdag_operator.py
[2026-06-29T22:14:23.298+0000] {logging_mixin.py:190} INFO - [2026-06-29T22:14:23.297+0000] {dag.py:3239} INFO - Sync 3 DAGs
[2026-06-29T22:14:23.354+0000] {logging_mixin.py:190} INFO - [2026-06-29T22:14:23.354+0000] {dag.py:4180} INFO - Setting next_dagrun for example_subdag_operator to 2022-01-01 00:00:00+00:00, run_after=2022-01-01 00:00:00+00:00
[2026-06-29T22:14:23.367+0000] {logging_mixin.py:190} INFO - [2026-06-29T22:14:23.366+0000] {dag.py:4180} INFO - Setting next_dagrun for example_subdag_operator.section-1 to None, run_after=None
[2026-06-29T22:14:23.374+0000] {logging_mixin.py:190} INFO - [2026-06-29T22:14:23.374+0000] {dag.py:4180} INFO - Setting next_dagrun for example_subdag_operator.section-2 to None, run_after=None
[2026-06-29T22:14:23.394+0000] {logging_mixin.py:190} INFO - [2026-06-29T22:14:23.393+0000] {dag.py:3239} INFO - Sync 2 DAGs
[2026-06-29T22:14:23.411+0000] {logging_mixin.py:190} INFO - [2026-06-29T22:14:23.411+0000] {dag.py:4180} INFO - Setting next_dagrun for example_subdag_operator.section-1 to None, run_after=None
[2026-06-29T22:14:23.414+0000] {logging_mixin.py:190} INFO - [2026-06-29T22:14:23.413+0000] {dag.py:4180} INFO - Setting next_dagrun for example_subdag_operator.section-2 to None, run_after=None
[2026-06-29T22:14:23.451+0000] {processor.py:208} INFO - Processing /home/airflow/.local/lib/python3.12/site-packages/airflow/example_dags/example_subdag_operator.py took 0.278 seconds
[2026-06-29T22:14:54.286+0000] {processor.py:186} INFO - Started process (PID=885) to work on /home/airflow/.local/lib/python3.12/site-packages/airflow/example_dags/example_subdag_operator.py
[2026-06-29T22:14:54.289+0000] {processor.py:914} INFO - Processing file /home/airflow/.local/lib/python3.12/site-packages/airflow/example_dags/example_subdag_operator.py for tasks to queue
[2026-06-29T22:14:54.295+0000] {logging_mixin.py:190} INFO - [2026-06-29T22:14:54.294+0000] {dagbag.py:588} INFO - Filling up the DagBag from /home/airflow/.local/lib/python3.12/site-packages/airflow/example_dags/example_subdag_operator.py
[2026-06-29T22:14:54.349+0000] {processor.py:925} INFO - DAG(s) 'example_subdag_operator.section-1', 'example_subdag_operator.section-2', 'example_subdag_operator' retrieved from /home/airflow/.local/lib/python3.12/site-packages/airflow/example_dags/example_subdag_operator.py
[2026-06-29T22:14:54.383+0000] {logging_mixin.py:190} INFO - [2026-06-29T22:14:54.382+0000] {dag.py:3239} INFO - Sync 3 DAGs
[2026-06-29T22:14:54.431+0000] {logging_mixin.py:190} INFO - [2026-06-29T22:14:54.431+0000] {dag.py:4180} INFO - Setting next_dagrun for example_subdag_operator to 2022-01-01 00:00:00+00:00, run_after=2022-01-01 00:00:00+00:00
[2026-06-29T22:14:54.438+0000] {logging_mixin.py:190} INFO - [2026-06-29T22:14:54.438+0000] {dag.py:4180} INFO - Setting next_dagrun for example_subdag_operator.section-1 to None, run_after=None
[2026-06-29T22:14:54.441+0000] {logging_mixin.py:190} INFO - [2026-06-29T22:14:54.440+0000] {dag.py:4180} INFO - Setting next_dagrun for example_subdag_operator.section-2 to None, run_after=None
[2026-06-29T22:14:54.454+0000] {logging_mixin.py:190} INFO - [2026-06-29T22:14:54.454+0000] {dag.py:3239} INFO - Sync 2 DAGs
[2026-06-29T22:14:54.463+0000] {logging_mixin.py:190} INFO - [2026-06-29T22:14:54.462+0000] {dag.py:4180} INFO - Setting next_dagrun for example_subdag_operator.section-1 to None, run_after=None
[2026-06-29T22:14:54.464+0000] {logging_mixin.py:190} INFO - [2026-06-29T22:14:54.464+0000] {dag.py:4180} INFO - Setting next_dagrun for example_subdag_operator.section-2 to None, run_after=None
[2026-06-29T22:14:54.486+0000] {processor.py:208} INFO - Processing /home/airflow/.local/lib/python3.12/site-packages/airflow/example_dags/example_subdag_operator.py took 0.215 seconds
[2026-06-29T22:15:26.051+0000] {processor.py:186} INFO - Started process (PID=949) to work on /home/airflow/.local/lib/python3.12/site-packages/airflow/example_dags/example_subdag_operator.py
[2026-06-29T22:15:26.053+0000] {processor.py:914} INFO - Processing file /home/airflow/.local/lib/python3.12/site-packages/airflow/example_dags/example_subdag_operator.py for tasks to queue
[2026-06-29T22:15:26.059+0000] {logging_mixin.py:190} INFO - [2026-06-29T22:15:26.059+0000] {dagbag.py:588} INFO - Filling up the DagBag from /home/airflow/.local/lib/python3.12/site-packages/airflow/example_dags/example_subdag_operator.py
[2026-06-29T22:15:26.121+0000] {processor.py:925} INFO - DAG(s) 'example_subdag_operator.section-1', 'example_subdag_operator.section-2', 'example_subdag_operator' retrieved from /home/airflow/.local/lib/python3.12/site-packages/airflow/example_dags/example_subdag_operator.py
[2026-06-29T22:15:26.155+0000] {logging_mixin.py:190} INFO - [2026-06-29T22:15:26.154+0000] {dag.py:3239} INFO - Sync 3 DAGs
[2026-06-29T22:15:26.199+0000] {logging_mixin.py:190} INFO - [2026-06-29T22:15:26.199+0000] {dag.py:4180} INFO - Setting next_dagrun for example_subdag_operator to 2022-01-01 00:00:00+00:00, run_after=2022-01-01 00:00:00+00:00
[2026-06-29T22:15:26.207+0000] {logging_mixin.py:190} INFO - [2026-06-29T22:15:26.206+0000] {dag.py:4180} INFO - Setting next_dagrun for example_subdag_operator.section-1 to None, run_after=None
[2026-06-29T22:15:26.212+0000] {logging_mixin.py:190} INFO - [2026-06-29T22:15:26.212+0000] {dag.py:4180} INFO - Setting next_dagrun for example_subdag_operator.section-2 to None, run_after=None
[2026-06-29T22:15:26.228+0000] {logging_mixin.py:190} INFO - [2026-06-29T22:15:26.228+0000] {dag.py:3239} INFO - Sync 2 DAGs
[2026-06-29T22:15:26.241+0000] {logging_mixin.py:190} INFO - [2026-06-29T22:15:26.241+0000] {dag.py:4180} INFO - Setting next_dagrun for example_subdag_operator.section-1 to None, run_after=None
[2026-06-29T22:15:26.243+0000] {logging_mixin.py:190} INFO - [2026-06-29T22:15:26.243+0000] {dag.py:4180} INFO - Setting next_dagrun for example_subdag_operator.section-2 to None, run_after=None
[2026-06-29T22:15:26.265+0000] {processor.py:208} INFO - Processing /home/airflow/.local/lib/python3.12/site-packages/airflow/example_dags/example_subdag_operator.py took 0.226 seconds
[2026-06-29T22:15:57.461+0000] {processor.py:186} INFO - Started process (PID=1013) to work on /home/airflow/.local/lib/python3.12/site-packages/airflow/example_dags/example_subdag_operator.py
[2026-06-29T22:15:57.463+0000] {processor.py:914} INFO - Processing file /home/airflow/.local/lib/python3.12/site-packages/airflow/example_dags/example_subdag_operator.py for tasks to queue
[2026-06-29T22:15:57.471+0000] {logging_mixin.py:190} INFO - [2026-06-29T22:15:57.469+0000] {dagbag.py:588} INFO - Filling up the DagBag from /home/airflow/.local/lib/python3.12/site-packages/airflow/example_dags/example_subdag_operator.py
[2026-06-29T22:15:57.531+0000] {processor.py:925} INFO - DAG(s) 'example_subdag_operator.section-1', 'example_subdag_operator.section-2', 'example_subdag_operator' retrieved from /home/airflow/.local/lib/python3.12/site-packages/airflow/example_dags/example_subdag_operator.py
[2026-06-29T22:15:57.569+0000] {logging_mixin.py:190} INFO - [2026-06-29T22:15:57.569+0000] {dag.py:3239} INFO - Sync 3 DAGs
[2026-06-29T22:15:57.610+0000] {logging_mixin.py:190} INFO - [2026-06-29T22:15:57.609+0000] {dag.py:4180} INFO - Setting next_dagrun for example_subdag_operator to 2022-01-01 00:00:00+00:00, run_after=2022-01-01 00:00:00+00:00
[2026-06-29T22:15:57.616+0000] {logging_mixin.py:190} INFO - [2026-06-29T22:15:57.615+0000] {dag.py:4180} INFO - Setting next_dagrun for example_subdag_operator.section-1 to None, run_after=None
[2026-06-29T22:15:57.619+0000] {logging_mixin.py:190} INFO - [2026-06-29T22:15:57.618+0000] {dag.py:4180} INFO - Setting next_dagrun for example_subdag_operator.section-2 to None, run_after=None
[2026-06-29T22:15:57.635+0000] {logging_mixin.py:190} INFO - [2026-06-29T22:15:57.635+0000] {dag.py:3239} INFO - Sync 2 DAGs
[2026-06-29T22:15:57.648+0000] {logging_mixin.py:190} INFO - [2026-06-29T22:15:57.647+0000] {dag.py:4180} INFO - Setting next_dagrun for example_subdag_operator.section-1 to None, run_after=None
[2026-06-29T22:15:57.649+0000] {logging_mixin.py:190} INFO - [2026-06-29T22:15:57.649+0000] {dag.py:4180} INFO - Setting next_dagrun for example_subdag_operator.section-2 to None, run_after=None
[2026-06-29T22:15:57.673+0000] {processor.py:208} INFO - Processing /home/airflow/.local/lib/python3.12/site-packages/airflow/example_dags/example_subdag_operator.py took 0.227 seconds
[2026-06-29T22:16:28.773+0000] {processor.py:186} INFO - Started process (PID=1077) to work on /home/airflow/.local/lib/python3.12/site-packages/airflow/example_dags/example_subdag_operator.py
[2026-06-29T22:16:28.775+0000] {processor.py:914} INFO - Processing file /home/airflow/.local/lib/python3.12/site-packages/airflow/example_dags/example_subdag_operator.py for tasks to queue
[2026-06-29T22:16:28.779+0000] {logging_mixin.py:190} INFO - [2026-06-29T22:16:28.778+0000] {dagbag.py:588} INFO - Filling up the DagBag from /home/airflow/.local/lib/python3.12/site-packages/airflow/example_dags/example_subdag_operator.py
[2026-06-29T22:16:28.812+0000] {processor.py:925} INFO - DAG(s) 'example_subdag_operator.section-1', 'example_subdag_operator.section-2', 'example_subdag_operator' retrieved from /home/airflow/.local/lib/python3.12/site-packages/airflow/example_dags/example_subdag_operator.py
[2026-06-29T22:16:28.830+0000] {logging_mixin.py:190} INFO - [2026-06-29T22:16:28.829+0000] {dag.py:3239} INFO - Sync 3 DAGs
[2026-06-29T22:16:28.861+0000] {logging_mixin.py:190} INFO - [2026-06-29T22:16:28.861+0000] {dag.py:4180} INFO - Setting next_dagrun for example_subdag_operator to 2022-01-01 00:00:00+00:00, run_after=2022-01-01 00:00:00+00:00
[2026-06-29T22:16:28.867+0000] {logging_mixin.py:190} INFO - [2026-06-29T22:16:28.866+0000] {dag.py:4180} INFO - Setting next_dagrun for example_subdag_operator.section-1 to None, run_after=None
[2026-06-29T22:16:28.870+0000] {logging_mixin.py:190} INFO - [2026-06-29T22:16:28.869+0000] {dag.py:4180} INFO - Setting next_dagrun for example_subdag_operator.section-2 to None, run_after=None
[2026-06-29T22:16:28.880+0000] {logging_mixin.py:190} INFO - [2026-06-29T22:16:28.880+0000] {dag.py:3239} INFO - Sync 2 DAGs
[2026-06-29T22:16:28.889+0000] {logging_mixin.py:190} INFO - [2026-06-29T22:16:28.888+0000] {dag.py:4180} INFO - Setting next_dagrun for example_subdag_operator.section-1 to None, run_after=None
[2026-06-29T22:16:28.890+0000] {logging_mixin.py:190} INFO - [2026-06-29T22:16:28.890+0000] {dag.py:4180} INFO - Setting next_dagrun for example_subdag_operator.section-2 to None, run_after=None
[2026-06-29T22:16:28.908+0000] {processor.py:208} INFO - Processing /home/airflow/.local/lib/python3.12/site-packages/airflow/example_dags/example_subdag_operator.py took 0.143 seconds
[2026-06-29T22:16:59.779+0000] {processor.py:186} INFO - Started process (PID=1141) to work on /home/airflow/.local/lib/python3.12/site-packages/airflow/example_dags/example_subdag_operator.py
[2026-06-29T22:16:59.782+0000] {processor.py:914} INFO - Processing file /home/airflow/.local/lib/python3.12/site-packages/airflow/example_dags/example_subdag_operator.py for tasks to queue
[2026-06-29T22:16:59.785+0000] {logging_mixin.py:190} INFO - [2026-06-29T22:16:59.784+0000] {dagbag.py:588} INFO - Filling up the DagBag from /home/airflow/.local/lib/python3.12/site-packages/airflow/example_dags/example_subdag_operator.py
[2026-06-29T22:16:59.823+0000] {processor.py:925} INFO - DAG(s) 'example_subdag_operator.section-1', 'example_subdag_operator.section-2', 'example_subdag_operator' retrieved from /home/airflow/.local/lib/python3.12/site-packages/airflow/example_dags/example_subdag_operator.py
[2026-06-29T22:16:59.843+0000] {logging_mixin.py:190} INFO - [2026-06-29T22:16:59.843+0000] {dag.py:3239} INFO - Sync 3 DAGs
[2026-06-29T22:16:59.878+0000] {logging_mixin.py:190} INFO - [2026-06-29T22:16:59.877+0000] {dag.py:4180} INFO - Setting next_dagrun for example_subdag_operator to 2022-01-01 00:00:00+00:00, run_after=2022-01-01 00:00:00+00:00
[2026-06-29T22:16:59.883+0000] {logging_mixin.py:190} INFO - [2026-06-29T22:16:59.883+0000] {dag.py:4180} INFO - Setting next_dagrun for example_subdag_operator.section-1 to None, run_after=None
[2026-06-29T22:16:59.886+0000] {logging_mixin.py:190} INFO - [2026-06-29T22:16:59.886+0000] {dag.py:4180} INFO - Setting next_dagrun for example_subdag_operator.section-2 to None, run_after=None
[2026-06-29T22:16:59.897+0000] {logging_mixin.py:190} INFO - [2026-06-29T22:16:59.897+0000] {dag.py:3239} INFO - Sync 2 DAGs
[2026-06-29T22:16:59.907+0000] {logging_mixin.py:190} INFO - [2026-06-29T22:16:59.907+0000] {dag.py:4180} INFO - Setting next_dagrun for example_subdag_operator.section-1 to None, run_after=None
[2026-06-29T22:16:59.908+0000] {logging_mixin.py:190} INFO - [2026-06-29T22:16:59.908+0000] {dag.py:4180} INFO - Setting next_dagrun for example_subdag_operator.section-2 to None, run_after=None
[2026-06-29T22:16:59.925+0000] {processor.py:208} INFO - Processing /home/airflow/.local/lib/python3.12/site-packages/airflow/example_dags/example_subdag_operator.py took 0.153 seconds
[2026-06-29T22:17:32.006+0000] {processor.py:186} INFO - Started process (PID=1205) to work on /home/airflow/.local/lib/python3.12/site-packages/airflow/example_dags/example_subdag_operator.py
[2026-06-29T22:17:32.009+0000] {processor.py:914} INFO - Processing file /home/airflow/.local/lib/python3.12/site-packages/airflow/example_dags/example_subdag_operator.py for tasks to queue
[2026-06-29T22:17:32.016+0000] {logging_mixin.py:190} INFO - [2026-06-29T22:17:32.015+0000] {dagbag.py:588} INFO - Filling up the DagBag from /home/airflow/.local/lib/python3.12/site-packages/airflow/example_dags/example_subdag_operator.py
[2026-06-29T22:17:32.095+0000] {processor.py:925} INFO - DAG(s) 'example_subdag_operator.section-1', 'example_subdag_operator.section-2', 'example_subdag_operator' retrieved from /home/airflow/.local/lib/python3.12/site-packages/airflow/example_dags/example_subdag_operator.py
[2026-06-29T22:17:32.122+0000] {logging_mixin.py:190} INFO - [2026-06-29T22:17:32.121+0000] {dag.py:3239} INFO - Sync 3 DAGs
[2026-06-29T22:17:32.172+0000] {logging_mixin.py:190} INFO - [2026-06-29T22:17:32.172+0000] {dag.py:4180} INFO - Setting next_dagrun for example_subdag_operator to 2022-01-01 00:00:00+00:00, run_after=2022-01-01 00:00:00+00:00
[2026-06-29T22:17:32.183+0000] {logging_mixin.py:190} INFO - [2026-06-29T22:17:32.182+0000] {dag.py:4180} INFO - Setting next_dagrun for example_subdag_operator.section-1 to None, run_after=None
[2026-06-29T22:17:32.187+0000] {logging_mixin.py:190} INFO - [2026-06-29T22:17:32.186+0000] {dag.py:4180} INFO - Setting next_dagrun for example_subdag_operator.section-2 to None, run_after=None
[2026-06-29T22:17:32.202+0000] {logging_mixin.py:190} INFO - [2026-06-29T22:17:32.201+0000] {dag.py:3239} INFO - Sync 2 DAGs
[2026-06-29T22:17:32.214+0000] {logging_mixin.py:190} INFO - [2026-06-29T22:17:32.213+0000] {dag.py:4180} INFO - Setting next_dagrun for example_subdag_operator.section-1 to None, run_after=None
[2026-06-29T22:17:32.215+0000] {logging_mixin.py:190} INFO - [2026-06-29T22:17:32.215+0000] {dag.py:4180} INFO - Setting next_dagrun for example_subdag_operator.section-2 to None, run_after=None
[2026-06-29T22:17:32.239+0000] {processor.py:208} INFO - Processing /home/airflow/.local/lib/python3.12/site-packages/airflow/example_dags/example_subdag_operator.py took 0.265 seconds
[2026-06-29T22:18:03.475+0000] {processor.py:186} INFO - Started process (PID=1269) to work on /home/airflow/.local/lib/python3.12/site-packages/airflow/example_dags/example_subdag_operator.py
[2026-06-29T22:18:03.477+0000] {processor.py:914} INFO - Processing file /home/airflow/.local/lib/python3.12/site-packages/airflow/example_dags/example_subdag_operator.py for tasks to queue
[2026-06-29T22:18:03.482+0000] {logging_mixin.py:190} INFO - [2026-06-29T22:18:03.481+0000] {dagbag.py:588} INFO - Filling up the DagBag from /home/airflow/.local/lib/python3.12/site-packages/airflow/example_dags/example_subdag_operator.py
[2026-06-29T22:18:03.521+0000] {processor.py:925} INFO - DAG(s) 'example_subdag_operator.section-1', 'example_subdag_operator.section-2', 'example_subdag_operator' retrieved from /home/airflow/.local/lib/python3.12/site-packages/airflow/example_dags/example_subdag_operator.py
[2026-06-29T22:18:03.542+0000] {logging_mixin.py:190} INFO - [2026-06-29T22:18:03.541+0000] {dag.py:3239} INFO - Sync 3 DAGs
[2026-06-29T22:18:03.573+0000] {logging_mixin.py:190} INFO - [2026-06-29T22:18:03.573+0000] {dag.py:4180} INFO - Setting next_dagrun for example_subdag_operator to 2022-01-01 00:00:00+00:00, run_after=2022-01-01 00:00:00+00:00
[2026-06-29T22:18:03.578+0000] {logging_mixin.py:190} INFO - [2026-06-29T22:18:03.578+0000] {dag.py:4180} INFO - Setting next_dagrun for example_subdag_operator.section-1 to None, run_after=None
[2026-06-29T22:18:03.580+0000] {logging_mixin.py:190} INFO - [2026-06-29T22:18:03.580+0000] {dag.py:4180} INFO - Setting next_dagrun for example_subdag_operator.section-2 to None, run_after=None
[2026-06-29T22:18:03.589+0000] {logging_mixin.py:190} INFO - [2026-06-29T22:18:03.589+0000] {dag.py:3239} INFO - Sync 2 DAGs
[2026-06-29T22:18:03.596+0000] {logging_mixin.py:190} INFO - [2026-06-29T22:18:03.595+0000] {dag.py:4180} INFO - Setting next_dagrun for example_subdag_operator.section-1 to None, run_after=None
[2026-06-29T22:18:03.597+0000] {logging_mixin.py:190} INFO - [2026-06-29T22:18:03.597+0000] {dag.py:4180} INFO - Setting next_dagrun for example_subdag_operator.section-2 to None, run_after=None
[2026-06-29T22:18:03.612+0000] {processor.py:208} INFO - Processing /home/airflow/.local/lib/python3.12/site-packages/airflow/example_dags/example_subdag_operator.py took 0.146 seconds
[2026-06-29T22:18:35.226+0000] {processor.py:186} INFO - Started process (PID=1333) to work on /home/airflow/.local/lib/python3.12/site-packages/airflow/example_dags/example_subdag_operator.py
[2026-06-29T22:18:35.229+0000] {processor.py:914} INFO - Processing file /home/airflow/.local/lib/python3.12/site-packages/airflow/example_dags/example_subdag_operator.py for tasks to queue
[2026-06-29T22:18:35.235+0000] {logging_mixin.py:190} INFO - [2026-06-29T22:18:35.235+0000] {dagbag.py:588} INFO - Filling up the DagBag from /home/airflow/.local/lib/python3.12/site-packages/airflow/example_dags/example_subdag_operator.py
[2026-06-29T22:18:35.310+0000] {processor.py:925} INFO - DAG(s) 'example_subdag_operator.section-1', 'example_subdag_operator.section-2', 'example_subdag_operator' retrieved from /home/airflow/.local/lib/python3.12/site-packages/airflow/example_dags/example_subdag_operator.py
[2026-06-29T22:18:35.349+0000] {logging_mixin.py:190} INFO - [2026-06-29T22:18:35.348+0000] {dag.py:3239} INFO - Sync 3 DAGs
[2026-06-29T22:18:35.391+0000] {logging_mixin.py:190} INFO - [2026-06-29T22:18:35.391+0000] {dag.py:4180} INFO - Setting next_dagrun for example_subdag_operator to 2022-01-01 00:00:00+00:00, run_after=2022-01-01 00:00:00+00:00
[2026-06-29T22:18:35.401+0000] {logging_mixin.py:190} INFO - [2026-06-29T22:18:35.401+0000] {dag.py:4180} INFO - Setting next_dagrun for example_subdag_operator.section-1 to None, run_after=None
[2026-06-29T22:18:35.405+0000] {logging_mixin.py:190} INFO - [2026-06-29T22:18:35.404+0000] {dag.py:4180} INFO - Setting next_dagrun for example_subdag_operator.section-2 to None, run_after=None
[2026-06-29T22:18:35.423+0000] {logging_mixin.py:190} INFO - [2026-06-29T22:18:35.422+0000] {dag.py:3239} INFO - Sync 2 DAGs
[2026-06-29T22:18:35.439+0000] {logging_mixin.py:190} INFO - [2026-06-29T22:18:35.439+0000] {dag.py:4180} INFO - Setting next_dagrun for example_subdag_operator.section-1 to None, run_after=None
[2026-06-29T22:18:35.442+0000] {logging_mixin.py:190} INFO - [2026-06-29T22:18:35.441+0000] {dag.py:4180} INFO - Setting next_dagrun for example_subdag_operator.section-2 to None, run_after=None
[2026-06-29T22:18:35.471+0000] {processor.py:208} INFO - Processing /home/airflow/.local/lib/python3.12/site-packages/airflow/example_dags/example_subdag_operator.py took 0.260 seconds
[2026-06-29T22:19:06.694+0000] {processor.py:186} INFO - Started process (PID=1397) to work on /home/airflow/.local/lib/python3.12/site-packages/airflow/example_dags/example_subdag_operator.py
[2026-06-29T22:19:06.696+0000] {processor.py:914} INFO - Processing file /home/airflow/.local/lib/python3.12/site-packages/airflow/example_dags/example_subdag_operator.py for tasks to queue
[2026-06-29T22:19:06.701+0000] {logging_mixin.py:190} INFO - [2026-06-29T22:19:06.700+0000] {dagbag.py:588} INFO - Filling up the DagBag from /home/airflow/.local/lib/python3.12/site-packages/airflow/example_dags/example_subdag_operator.py
[2026-06-29T22:19:06.743+0000] {processor.py:925} INFO - DAG(s) 'example_subdag_operator.section-1', 'example_subdag_operator.section-2', 'example_subdag_operator' retrieved from /home/airflow/.local/lib/python3.12/site-packages/airflow/example_dags/example_subdag_operator.py
[2026-06-29T22:19:06.767+0000] {logging_mixin.py:190} INFO - [2026-06-29T22:19:06.767+0000] {dag.py:3239} INFO - Sync 3 DAGs
[2026-06-29T22:19:06.801+0000] {logging_mixin.py:190} INFO - [2026-06-29T22:19:06.801+0000] {dag.py:4180} INFO - Setting next_dagrun for example_subdag_operator to 2022-01-01 00:00:00+00:00, run_after=2022-01-01 00:00:00+00:00
[2026-06-29T22:19:06.806+0000] {logging_mixin.py:190} INFO - [2026-06-29T22:19:06.806+0000] {dag.py:4180} INFO - Setting next_dagrun for example_subdag_operator.section-1 to None, run_after=None
[2026-06-29T22:19:06.809+0000] {logging_mixin.py:190} INFO - [2026-06-29T22:19:06.809+0000] {dag.py:4180} INFO - Setting next_dagrun for example_subdag_operator.section-2 to None, run_after=None
[2026-06-29T22:19:06.820+0000] {logging_mixin.py:190} INFO - [2026-06-29T22:19:06.820+0000] {dag.py:3239} INFO - Sync 2 DAGs
[2026-06-29T22:19:06.830+0000] {logging_mixin.py:190} INFO - [2026-06-29T22:19:06.829+0000] {dag.py:4180} INFO - Setting next_dagrun for example_subdag_operator.section-1 to None, run_after=None
[2026-06-29T22:19:06.831+0000] {logging_mixin.py:190} INFO - [2026-06-29T22:19:06.831+0000] {dag.py:4180} INFO - Setting next_dagrun for example_subdag_operator.section-2 to None, run_after=None
[2026-06-29T22:19:06.846+0000] {processor.py:208} INFO - Processing /home/airflow/.local/lib/python3.12/site-packages/airflow/example_dags/example_subdag_operator.py took 0.161 seconds
[2026-06-29T22:19:38.692+0000] {processor.py:186} INFO - Started process (PID=1461) to work on /home/airflow/.local/lib/python3.12/site-packages/airflow/example_dags/example_subdag_operator.py
[2026-06-29T22:19:38.694+0000] {processor.py:914} INFO - Processing file /home/airflow/.local/lib/python3.12/site-packages/airflow/example_dags/example_subdag_operator.py for tasks to queue
[2026-06-29T22:19:38.700+0000] {logging_mixin.py:190} INFO - [2026-06-29T22:19:38.700+0000] {dagbag.py:588} INFO - Filling up the DagBag from /home/airflow/.local/lib/python3.12/site-packages/airflow/example_dags/example_subdag_operator.py
[2026-06-29T22:19:38.754+0000] {processor.py:925} INFO - DAG(s) 'example_subdag_operator.section-1', 'example_subdag_operator.section-2', 'example_subdag_operator' retrieved from /home/airflow/.local/lib/python3.12/site-packages/airflow/example_dags/example_subdag_operator.py
[2026-06-29T22:19:38.787+0000] {logging_mixin.py:190} INFO - [2026-06-29T22:19:38.786+0000] {dag.py:3239} INFO - Sync 3 DAGs
[2026-06-29T22:19:38.836+0000] {logging_mixin.py:190} INFO - [2026-06-29T22:19:38.835+0000] {dag.py:4180} INFO - Setting next_dagrun for example_subdag_operator to 2022-01-01 00:00:00+00:00, run_after=2022-01-01 00:00:00+00:00
[2026-06-29T22:19:38.841+0000] {logging_mixin.py:190} INFO - [2026-06-29T22:19:38.841+0000] {dag.py:4180} INFO - Setting next_dagrun for example_subdag_operator.section-1 to None, run_after=None
[2026-06-29T22:19:38.844+0000] {logging_mixin.py:190} INFO - [2026-06-29T22:19:38.844+0000] {dag.py:4180} INFO - Setting next_dagrun for example_subdag_operator.section-2 to None, run_after=None
[2026-06-29T22:19:38.859+0000] {logging_mixin.py:190} INFO - [2026-06-29T22:19:38.859+0000] {dag.py:3239} INFO - Sync 2 DAGs
[2026-06-29T22:19:38.869+0000] {logging_mixin.py:190} INFO - [2026-06-29T22:19:38.869+0000] {dag.py:4180} INFO - Setting next_dagrun for example_subdag_operator.section-1 to None, run_after=None
[2026-06-29T22:19:38.870+0000] {logging_mixin.py:190} INFO - [2026-06-29T22:19:38.870+0000] {dag.py:4180} INFO - Setting next_dagrun for example_subdag_operator.section-2 to None, run_after=None
[2026-06-29T22:19:38.891+0000] {processor.py:208} INFO - Processing /home/airflow/.local/lib/python3.12/site-packages/airflow/example_dags/example_subdag_operator.py took 0.213 seconds
[2026-06-29T22:20:11.396+0000] {processor.py:186} INFO - Started process (PID=1531) to work on /home/airflow/.local/lib/python3.12/site-packages/airflow/example_dags/example_subdag_operator.py
[2026-06-29T22:20:11.398+0000] {processor.py:914} INFO - Processing file /home/airflow/.local/lib/python3.12/site-packages/airflow/example_dags/example_subdag_operator.py for tasks to queue
[2026-06-29T22:20:11.403+0000] {logging_mixin.py:190} INFO - [2026-06-29T22:20:11.403+0000] {dagbag.py:588} INFO - Filling up the DagBag from /home/airflow/.local/lib/python3.12/site-packages/airflow/example_dags/example_subdag_operator.py
[2026-06-29T22:20:11.481+0000] {processor.py:925} INFO - DAG(s) 'example_subdag_operator.section-1', 'example_subdag_operator.section-2', 'example_subdag_operator' retrieved from /home/airflow/.local/lib/python3.12/site-packages/airflow/example_dags/example_subdag_operator.py
[2026-06-29T22:20:11.518+0000] {logging_mixin.py:190} INFO - [2026-06-29T22:20:11.518+0000] {dag.py:3239} INFO - Sync 3 DAGs
[2026-06-29T22:20:11.591+0000] {logging_mixin.py:190} INFO - [2026-06-29T22:20:11.591+0000] {dag.py:4180} INFO - Setting next_dagrun for example_subdag_operator to 2022-01-01 00:00:00+00:00, run_after=2022-01-01 00:00:00+00:00
[2026-06-29T22:20:11.604+0000] {logging_mixin.py:190} INFO - [2026-06-29T22:20:11.604+0000] {dag.py:4180} INFO - Setting next_dagrun for example_subdag_operator.section-1 to None, run_after=None
[2026-06-29T22:20:11.609+0000] {logging_mixin.py:190} INFO - [2026-06-29T22:20:11.609+0000] {dag.py:4180} INFO - Setting next_dagrun for example_subdag_operator.section-2 to None, run_after=None
[2026-06-29T22:20:11.630+0000] {logging_mixin.py:190} INFO - [2026-06-29T22:20:11.630+0000] {dag.py:3239} INFO - Sync 2 DAGs
[2026-06-29T22:20:11.644+0000] {logging_mixin.py:190} INFO - [2026-06-29T22:20:11.643+0000] {dag.py:4180} INFO - Setting next_dagrun for example_subdag_operator.section-1 to None, run_after=None
[2026-06-29T22:20:11.646+0000] {logging_mixin.py:190} INFO - [2026-06-29T22:20:11.646+0000] {dag.py:4180} INFO - Setting next_dagrun for example_subdag_operator.section-2 to None, run_after=None
[2026-06-29T22:20:11.681+0000] {processor.py:208} INFO - Processing /home/airflow/.local/lib/python3.12/site-packages/airflow/example_dags/example_subdag_operator.py took 0.300 seconds
[2026-06-29T22:20:43.518+0000] {processor.py:186} INFO - Started process (PID=1595) to work on /home/airflow/.local/lib/python3.12/site-packages/airflow/example_dags/example_subdag_operator.py
[2026-06-29T22:20:43.520+0000] {processor.py:914} INFO - Processing file /home/airflow/.local/lib/python3.12/site-packages/airflow/example_dags/example_subdag_operator.py for tasks to queue
[2026-06-29T22:20:43.529+0000] {logging_mixin.py:190} INFO - [2026-06-29T22:20:43.527+0000] {dagbag.py:588} INFO - Filling up the DagBag from /home/airflow/.local/lib/python3.12/site-packages/airflow/example_dags/example_subdag_operator.py
[2026-06-29T22:20:43.613+0000] {processor.py:925} INFO - DAG(s) 'example_subdag_operator.section-1', 'example_subdag_operator.section-2', 'example_subdag_operator' retrieved from /home/airflow/.local/lib/python3.12/site-packages/airflow/example_dags/example_subdag_operator.py
[2026-06-29T22:20:43.645+0000] {logging_mixin.py:190} INFO - [2026-06-29T22:20:43.645+0000] {dag.py:3239} INFO - Sync 3 DAGs
[2026-06-29T22:20:43.718+0000] {logging_mixin.py:190} INFO - [2026-06-29T22:20:43.717+0000] {dag.py:4180} INFO - Setting next_dagrun for example_subdag_operator to 2022-01-01 00:00:00+00:00, run_after=2022-01-01 00:00:00+00:00
[2026-06-29T22:20:43.735+0000] {logging_mixin.py:190} INFO - [2026-06-29T22:20:43.735+0000] {dag.py:4180} INFO - Setting next_dagrun for example_subdag_operator.section-1 to None, run_after=None
[2026-06-29T22:20:43.739+0000] {logging_mixin.py:190} INFO - [2026-06-29T22:20:43.738+0000] {dag.py:4180} INFO - Setting next_dagrun for example_subdag_operator.section-2 to None, run_after=None
[2026-06-29T22:20:43.764+0000] {logging_mixin.py:190} INFO - [2026-06-29T22:20:43.763+0000] {dag.py:3239} INFO - Sync 2 DAGs
[2026-06-29T22:20:43.783+0000] {logging_mixin.py:190} INFO - [2026-06-29T22:20:43.782+0000] {dag.py:4180} INFO - Setting next_dagrun for example_subdag_operator.section-1 to None, run_after=None
[2026-06-29T22:20:43.785+0000] {logging_mixin.py:190} INFO - [2026-06-29T22:20:43.784+0000] {dag.py:4180} INFO - Setting next_dagrun for example_subdag_operator.section-2 to None, run_after=None
[2026-06-29T22:20:43.819+0000] {processor.py:208} INFO - Processing /home/airflow/.local/lib/python3.12/site-packages/airflow/example_dags/example_subdag_operator.py took 0.326 seconds
[2026-06-29T22:21:14.447+0000] {processor.py:186} INFO - Started process (PID=1659) to work on /home/airflow/.local/lib/python3.12/site-packages/airflow/example_dags/example_subdag_operator.py
[2026-06-29T22:21:14.450+0000] {processor.py:914} INFO - Processing file /home/airflow/.local/lib/python3.12/site-packages/airflow/example_dags/example_subdag_operator.py for tasks to queue
[2026-06-29T22:21:14.458+0000] {logging_mixin.py:190} INFO - [2026-06-29T22:21:14.456+0000] {dagbag.py:588} INFO - Filling up the DagBag from /home/airflow/.local/lib/python3.12/site-packages/airflow/example_dags/example_subdag_operator.py
[2026-06-29T22:21:14.537+0000] {processor.py:925} INFO - DAG(s) 'example_subdag_operator.section-1', 'example_subdag_operator.section-2', 'example_subdag_operator' retrieved from /home/airflow/.local/lib/python3.12/site-packages/airflow/example_dags/example_subdag_operator.py
[2026-06-29T22:21:14.573+0000] {logging_mixin.py:190} INFO - [2026-06-29T22:21:14.572+0000] {dag.py:3239} INFO - Sync 3 DAGs
[2026-06-29T22:21:14.618+0000] {logging_mixin.py:190} INFO - [2026-06-29T22:21:14.618+0000] {dag.py:4180} INFO - Setting next_dagrun for example_subdag_operator to 2022-01-01 00:00:00+00:00, run_after=2022-01-01 00:00:00+00:00
[2026-06-29T22:21:14.627+0000] {logging_mixin.py:190} INFO - [2026-06-29T22:21:14.627+0000] {dag.py:4180} INFO - Setting next_dagrun for example_subdag_operator.section-1 to None, run_after=None
[2026-06-29T22:21:14.631+0000] {logging_mixin.py:190} INFO - [2026-06-29T22:21:14.631+0000] {dag.py:4180} INFO - Setting next_dagrun for example_subdag_operator.section-2 to None, run_after=None
[2026-06-29T22:21:14.649+0000] {logging_mixin.py:190} INFO - [2026-06-29T22:21:14.649+0000] {dag.py:3239} INFO - Sync 2 DAGs
[2026-06-29T22:21:14.662+0000] {logging_mixin.py:190} INFO - [2026-06-29T22:21:14.661+0000] {dag.py:4180} INFO - Setting next_dagrun for example_subdag_operator.section-1 to None, run_after=None
[2026-06-29T22:21:14.663+0000] {logging_mixin.py:190} INFO - [2026-06-29T22:21:14.663+0000] {dag.py:4180} INFO - Setting next_dagrun for example_subdag_operator.section-2 to None, run_after=None
[2026-06-29T22:21:14.686+0000] {processor.py:208} INFO - Processing /home/airflow/.local/lib/python3.12/site-packages/airflow/example_dags/example_subdag_operator.py took 0.254 seconds
[2026-06-29T22:21:45.054+0000] {processor.py:186} INFO - Started process (PID=1722) to work on /home/airflow/.local/lib/python3.12/site-packages/airflow/example_dags/example_subdag_operator.py
[2026-06-29T22:21:45.056+0000] {processor.py:914} INFO - Processing file /home/airflow/.local/lib/python3.12/site-packages/airflow/example_dags/example_subdag_operator.py for tasks to queue
[2026-06-29T22:21:45.059+0000] {logging_mixin.py:190} INFO - [2026-06-29T22:21:45.059+0000] {dagbag.py:588} INFO - Filling up the DagBag from /home/airflow/.local/lib/python3.12/site-packages/airflow/example_dags/example_subdag_operator.py
[2026-06-29T22:21:45.087+0000] {processor.py:925} INFO - DAG(s) 'example_subdag_operator.section-1', 'example_subdag_operator.section-2', 'example_subdag_operator' retrieved from /home/airflow/.local/lib/python3.12/site-packages/airflow/example_dags/example_subdag_operator.py
[2026-06-29T22:21:45.101+0000] {logging_mixin.py:190} INFO - [2026-06-29T22:21:45.101+0000] {dag.py:3239} INFO - Sync 3 DAGs
[2026-06-29T22:21:45.127+0000] {logging_mixin.py:190} INFO - [2026-06-29T22:21:45.126+0000] {dag.py:4180} INFO - Setting next_dagrun for example_subdag_operator to 2022-01-01 00:00:00+00:00, run_after=2022-01-01 00:00:00+00:00
[2026-06-29T22:21:45.132+0000] {logging_mixin.py:190} INFO - [2026-06-29T22:21:45.132+0000] {dag.py:4180} INFO - Setting next_dagrun for example_subdag_operator.section-1 to None, run_after=None
[2026-06-29T22:21:45.134+0000] {logging_mixin.py:190} INFO - [2026-06-29T22:21:45.134+0000] {dag.py:4180} INFO - Setting next_dagrun for example_subdag_operator.section-2 to None, run_after=None
[2026-06-29T22:21:45.141+0000] {logging_mixin.py:190} INFO - [2026-06-29T22:21:45.141+0000] {dag.py:3239} INFO - Sync 2 DAGs
[2026-06-29T22:21:45.147+0000] {logging_mixin.py:190} INFO - [2026-06-29T22:21:45.146+0000] {dag.py:4180} INFO - Setting next_dagrun for example_subdag_operator.section-1 to None, run_after=None
[2026-06-29T22:21:45.148+0000] {logging_mixin.py:190} INFO - [2026-06-29T22:21:45.148+0000] {dag.py:4180} INFO - Setting next_dagrun for example_subdag_operator.section-2 to None, run_after=None
[2026-06-29T22:21:45.162+0000] {processor.py:208} INFO - Processing /home/airflow/.local/lib/python3.12/site-packages/airflow/example_dags/example_subdag_operator.py took 0.113 seconds
[2026-06-29T22:22:16.041+0000] {processor.py:186} INFO - Started process (PID=1787) to work on /home/airflow/.local/lib/python3.12/site-packages/airflow/example_dags/example_subdag_operator.py
[2026-06-29T22:22:16.043+0000] {processor.py:914} INFO - Processing file /home/airflow/.local/lib/python3.12/site-packages/airflow/example_dags/example_subdag_operator.py for tasks to queue
[2026-06-29T22:22:16.046+0000] {logging_mixin.py:190} INFO - [2026-06-29T22:22:16.046+0000] {dagbag.py:588} INFO - Filling up the DagBag from /home/airflow/.local/lib/python3.12/site-packages/airflow/example_dags/example_subdag_operator.py
[2026-06-29T22:22:16.074+0000] {processor.py:925} INFO - DAG(s) 'example_subdag_operator.section-1', 'example_subdag_operator.section-2', 'example_subdag_operator' retrieved from /home/airflow/.local/lib/python3.12/site-packages/airflow/example_dags/example_subdag_operator.py
[2026-06-29T22:22:16.093+0000] {logging_mixin.py:190} INFO - [2026-06-29T22:22:16.093+0000] {dag.py:3239} INFO - Sync 3 DAGs
[2026-06-29T22:22:16.119+0000] {logging_mixin.py:190} INFO - [2026-06-29T22:22:16.118+0000] {dag.py:4180} INFO - Setting next_dagrun for example_subdag_operator to 2022-01-01 00:00:00+00:00, run_after=2022-01-01 00:00:00+00:00
[2026-06-29T22:22:16.123+0000] {logging_mixin.py:190} INFO - [2026-06-29T22:22:16.123+0000] {dag.py:4180} INFO - Setting next_dagrun for example_subdag_operator.section-1 to None, run_after=None
[2026-06-29T22:22:16.125+0000] {logging_mixin.py:190} INFO - [2026-06-29T22:22:16.125+0000] {dag.py:4180} INFO - Setting next_dagrun for example_subdag_operator.section-2 to None, run_after=None
[2026-06-29T22:22:16.134+0000] {logging_mixin.py:190} INFO - [2026-06-29T22:22:16.134+0000] {dag.py:3239} INFO - Sync 2 DAGs
[2026-06-29T22:22:16.142+0000] {logging_mixin.py:190} INFO - [2026-06-29T22:22:16.142+0000] {dag.py:4180} INFO - Setting next_dagrun for example_subdag_operator.section-1 to None, run_after=None
[2026-06-29T22:22:16.143+0000] {logging_mixin.py:190} INFO - [2026-06-29T22:22:16.143+0000] {dag.py:4180} INFO - Setting next_dagrun for example_subdag_operator.section-2 to None, run_after=None
[2026-06-29T22:22:16.158+0000] {processor.py:208} INFO - Processing /home/airflow/.local/lib/python3.12/site-packages/airflow/example_dags/example_subdag_operator.py took 0.124 seconds
[2026-06-29T22:22:46.448+0000] {processor.py:186} INFO - Started process (PID=1852) to work on /home/airflow/.local/lib/python3.12/site-packages/airflow/example_dags/example_subdag_operator.py
[2026-06-29T22:22:46.450+0000] {processor.py:914} INFO - Processing file /home/airflow/.local/lib/python3.12/site-packages/airflow/example_dags/example_subdag_operator.py for tasks to queue
[2026-06-29T22:22:46.453+0000] {logging_mixin.py:190} INFO - [2026-06-29T22:22:46.453+0000] {dagbag.py:588} INFO - Filling up the DagBag from /home/airflow/.local/lib/python3.12/site-packages/airflow/example_dags/example_subdag_operator.py
[2026-06-29T22:22:46.484+0000] {processor.py:925} INFO - DAG(s) 'example_subdag_operator.section-1', 'example_subdag_operator.section-2', 'example_subdag_operator' retrieved from /home/airflow/.local/lib/python3.12/site-packages/airflow/example_dags/example_subdag_operator.py
[2026-06-29T22:22:46.502+0000] {logging_mixin.py:190} INFO - [2026-06-29T22:22:46.501+0000] {dag.py:3239} INFO - Sync 3 DAGs
[2026-06-29T22:22:46.527+0000] {logging_mixin.py:190} INFO - [2026-06-29T22:22:46.527+0000] {dag.py:4180} INFO - Setting next_dagrun for example_subdag_operator to 2022-01-01 00:00:00+00:00, run_after=2022-01-01 00:00:00+00:00
[2026-06-29T22:22:46.532+0000] {logging_mixin.py:190} INFO - [2026-06-29T22:22:46.532+0000] {dag.py:4180} INFO - Setting next_dagrun for example_subdag_operator.section-1 to None, run_after=None
[2026-06-29T22:22:46.535+0000] {logging_mixin.py:190} INFO - [2026-06-29T22:22:46.534+0000] {dag.py:4180} INFO - Setting next_dagrun for example_subdag_operator.section-2 to None, run_after=None
[2026-06-29T22:22:46.546+0000] {logging_mixin.py:190} INFO - [2026-06-29T22:22:46.545+0000] {dag.py:3239} INFO - Sync 2 DAGs
[2026-06-29T22:22:46.554+0000] {logging_mixin.py:190} INFO - [2026-06-29T22:22:46.554+0000] {dag.py:4180} INFO - Setting next_dagrun for example_subdag_operator.section-1 to None, run_after=None
[2026-06-29T22:22:46.556+0000] {logging_mixin.py:190} INFO - [2026-06-29T22:22:46.555+0000] {dag.py:4180} INFO - Setting next_dagrun for example_subdag_operator.section-2 to None, run_after=None
[2026-06-29T22:22:46.574+0000] {processor.py:208} INFO - Processing /home/airflow/.local/lib/python3.12/site-packages/airflow/example_dags/example_subdag_operator.py took 0.132 seconds
[2026-06-29T22:23:17.588+0000] {processor.py:186} INFO - Started process (PID=1916) to work on /home/airflow/.local/lib/python3.12/site-packages/airflow/example_dags/example_subdag_operator.py
[2026-06-29T22:23:17.592+0000] {processor.py:914} INFO - Processing file /home/airflow/.local/lib/python3.12/site-packages/airflow/example_dags/example_subdag_operator.py for tasks to queue
[2026-06-29T22:23:17.598+0000] {logging_mixin.py:190} INFO - [2026-06-29T22:23:17.597+0000] {dagbag.py:588} INFO - Filling up the DagBag from /home/airflow/.local/lib/python3.12/site-packages/airflow/example_dags/example_subdag_operator.py
[2026-06-29T22:23:17.637+0000] {processor.py:925} INFO - DAG(s) 'example_subdag_operator.section-1', 'example_subdag_operator.section-2', 'example_subdag_operator' retrieved from /home/airflow/.local/lib/python3.12/site-packages/airflow/example_dags/example_subdag_operator.py
[2026-06-29T22:23:17.667+0000] {logging_mixin.py:190} INFO - [2026-06-29T22:23:17.667+0000] {dag.py:3239} INFO - Sync 3 DAGs
[2026-06-29T22:23:17.708+0000] {logging_mixin.py:190} INFO - [2026-06-29T22:23:17.708+0000] {dag.py:4180} INFO - Setting next_dagrun for example_subdag_operator to 2022-01-01 00:00:00+00:00, run_after=2022-01-01 00:00:00+00:00
[2026-06-29T22:23:17.714+0000] {logging_mixin.py:190} INFO - [2026-06-29T22:23:17.714+0000] {dag.py:4180} INFO - Setting next_dagrun for example_subdag_operator.section-1 to None, run_after=None
[2026-06-29T22:23:17.716+0000] {logging_mixin.py:190} INFO - [2026-06-29T22:23:17.716+0000] {dag.py:4180} INFO - Setting next_dagrun for example_subdag_operator.section-2 to None, run_after=None
[2026-06-29T22:23:17.727+0000] {logging_mixin.py:190} INFO - [2026-06-29T22:23:17.727+0000] {dag.py:3239} INFO - Sync 2 DAGs
[2026-06-29T22:23:17.736+0000] {logging_mixin.py:190} INFO - [2026-06-29T22:23:17.735+0000] {dag.py:4180} INFO - Setting next_dagrun for example_subdag_operator.section-1 to None, run_after=None
[2026-06-29T22:23:17.737+0000] {logging_mixin.py:190} INFO - [2026-06-29T22:23:17.736+0000] {dag.py:4180} INFO - Setting next_dagrun for example_subdag_operator.section-2 to None, run_after=None
[2026-06-29T22:23:17.756+0000] {processor.py:208} INFO - Processing /home/airflow/.local/lib/python3.12/site-packages/airflow/example_dags/example_subdag_operator.py took 0.183 seconds
[2026-06-29T22:23:47.831+0000] {processor.py:186} INFO - Started process (PID=1980) to work on /home/airflow/.local/lib/python3.12/site-packages/airflow/example_dags/example_subdag_operator.py
[2026-06-29T22:23:47.833+0000] {processor.py:914} INFO - Processing file /home/airflow/.local/lib/python3.12/site-packages/airflow/example_dags/example_subdag_operator.py for tasks to queue
[2026-06-29T22:23:47.839+0000] {logging_mixin.py:190} INFO - [2026-06-29T22:23:47.838+0000] {dagbag.py:588} INFO - Filling up the DagBag from /home/airflow/.local/lib/python3.12/site-packages/airflow/example_dags/example_subdag_operator.py
[2026-06-29T22:23:47.868+0000] {processor.py:925} INFO - DAG(s) 'example_subdag_operator.section-1', 'example_subdag_operator.section-2', 'example_subdag_operator' retrieved from /home/airflow/.local/lib/python3.12/site-packages/airflow/example_dags/example_subdag_operator.py
[2026-06-29T22:23:47.883+0000] {logging_mixin.py:190} INFO - [2026-06-29T22:23:47.883+0000] {dag.py:3239} INFO - Sync 3 DAGs
[2026-06-29T22:23:47.909+0000] {logging_mixin.py:190} INFO - [2026-06-29T22:23:47.909+0000] {dag.py:4180} INFO - Setting next_dagrun for example_subdag_operator to 2022-01-01 00:00:00+00:00, run_after=2022-01-01 00:00:00+00:00
[2026-06-29T22:23:47.913+0000] {logging_mixin.py:190} INFO - [2026-06-29T22:23:47.913+0000] {dag.py:4180} INFO - Setting next_dagrun for example_subdag_operator.section-1 to None, run_after=None
[2026-06-29T22:23:47.915+0000] {logging_mixin.py:190} INFO - [2026-06-29T22:23:47.915+0000] {dag.py:4180} INFO - Setting next_dagrun for example_subdag_operator.section-2 to None, run_after=None
[2026-06-29T22:23:47.923+0000] {logging_mixin.py:190} INFO - [2026-06-29T22:23:47.923+0000] {dag.py:3239} INFO - Sync 2 DAGs
[2026-06-29T22:23:47.929+0000] {logging_mixin.py:190} INFO - [2026-06-29T22:23:47.928+0000] {dag.py:4180} INFO - Setting next_dagrun for example_subdag_operator.section-1 to None, run_after=None
[2026-06-29T22:23:47.929+0000] {logging_mixin.py:190} INFO - [2026-06-29T22:23:47.929+0000] {dag.py:4180} INFO - Setting next_dagrun for example_subdag_operator.section-2 to None, run_after=None
[2026-06-29T22:23:47.941+0000] {processor.py:208} INFO - Processing /home/airflow/.local/lib/python3.12/site-packages/airflow/example_dags/example_subdag_operator.py took 0.117 seconds
[2026-06-29T22:24:18.095+0000] {processor.py:186} INFO - Started process (PID=2044) to work on /home/airflow/.local/lib/python3.12/site-packages/airflow/example_dags/example_subdag_operator.py
[2026-06-29T22:24:18.096+0000] {processor.py:914} INFO - Processing file /home/airflow/.local/lib/python3.12/site-packages/airflow/example_dags/example_subdag_operator.py for tasks to queue
[2026-06-29T22:24:18.101+0000] {logging_mixin.py:190} INFO - [2026-06-29T22:24:18.100+0000] {dagbag.py:588} INFO - Filling up the DagBag from /home/airflow/.local/lib/python3.12/site-packages/airflow/example_dags/example_subdag_operator.py
[2026-06-29T22:24:18.136+0000] {processor.py:925} INFO - DAG(s) 'example_subdag_operator.section-1', 'example_subdag_operator.section-2', 'example_subdag_operator' retrieved from /home/airflow/.local/lib/python3.12/site-packages/airflow/example_dags/example_subdag_operator.py
[2026-06-29T22:24:18.157+0000] {logging_mixin.py:190} INFO - [2026-06-29T22:24:18.157+0000] {dag.py:3239} INFO - Sync 3 DAGs
[2026-06-29T22:24:18.182+0000] {logging_mixin.py:190} INFO - [2026-06-29T22:24:18.182+0000] {dag.py:4180} INFO - Setting next_dagrun for example_subdag_operator to 2022-01-01 00:00:00+00:00, run_after=2022-01-01 00:00:00+00:00
[2026-06-29T22:24:18.189+0000] {logging_mixin.py:190} INFO - [2026-06-29T22:24:18.189+0000] {dag.py:4180} INFO - Setting next_dagrun for example_subdag_operator.section-1 to None, run_after=None
[2026-06-29T22:24:18.192+0000] {logging_mixin.py:190} INFO - [2026-06-29T22:24:18.191+0000] {dag.py:4180} INFO - Setting next_dagrun for example_subdag_operator.section-2 to None, run_after=None
[2026-06-29T22:24:18.199+0000] {logging_mixin.py:190} INFO - [2026-06-29T22:24:18.199+0000] {dag.py:3239} INFO - Sync 2 DAGs
[2026-06-29T22:24:18.209+0000] {logging_mixin.py:190} INFO - [2026-06-29T22:24:18.208+0000] {dag.py:4180} INFO - Setting next_dagrun for example_subdag_operator.section-1 to None, run_after=None
[2026-06-29T22:24:18.210+0000] {logging_mixin.py:190} INFO - [2026-06-29T22:24:18.210+0000] {dag.py:4180} INFO - Setting next_dagrun for example_subdag_operator.section-2 to None, run_after=None
[2026-06-29T22:24:18.227+0000] {processor.py:208} INFO - Processing /home/airflow/.local/lib/python3.12/site-packages/airflow/example_dags/example_subdag_operator.py took 0.139 seconds
[2026-06-29T22:24:48.341+0000] {processor.py:186} INFO - Started process (PID=2108) to work on /home/airflow/.local/lib/python3.12/site-packages/airflow/example_dags/example_subdag_operator.py
[2026-06-29T22:24:48.342+0000] {processor.py:914} INFO - Processing file /home/airflow/.local/lib/python3.12/site-packages/airflow/example_dags/example_subdag_operator.py for tasks to queue
[2026-06-29T22:24:48.345+0000] {logging_mixin.py:190} INFO - [2026-06-29T22:24:48.345+0000] {dagbag.py:588} INFO - Filling up the DagBag from /home/airflow/.local/lib/python3.12/site-packages/airflow/example_dags/example_subdag_operator.py
[2026-06-29T22:24:48.375+0000] {processor.py:925} INFO - DAG(s) 'example_subdag_operator.section-1', 'example_subdag_operator.section-2', 'example_subdag_operator' retrieved from /home/airflow/.local/lib/python3.12/site-packages/airflow/example_dags/example_subdag_operator.py
[2026-06-29T22:24:48.390+0000] {logging_mixin.py:190} INFO - [2026-06-29T22:24:48.390+0000] {dag.py:3239} INFO - Sync 3 DAGs
[2026-06-29T22:24:48.414+0000] {logging_mixin.py:190} INFO - [2026-06-29T22:24:48.414+0000] {dag.py:4180} INFO - Setting next_dagrun for example_subdag_operator to 2022-01-01 00:00:00+00:00, run_after=2022-01-01 00:00:00+00:00
[2026-06-29T22:24:48.418+0000] {logging_mixin.py:190} INFO - [2026-06-29T22:24:48.418+0000] {dag.py:4180} INFO - Setting next_dagrun for example_subdag_operator.section-1 to None, run_after=None
[2026-06-29T22:24:48.420+0000] {logging_mixin.py:190} INFO - [2026-06-29T22:24:48.420+0000] {dag.py:4180} INFO - Setting next_dagrun for example_subdag_operator.section-2 to None, run_after=None
[2026-06-29T22:24:48.429+0000] {logging_mixin.py:190} INFO - [2026-06-29T22:24:48.428+0000] {dag.py:3239} INFO - Sync 2 DAGs
[2026-06-29T22:24:48.435+0000] {logging_mixin.py:190} INFO - [2026-06-29T22:24:48.435+0000] {dag.py:4180} INFO - Setting next_dagrun for example_subdag_operator.section-1 to None, run_after=None
[2026-06-29T22:24:48.436+0000] {logging_mixin.py:190} INFO - [2026-06-29T22:24:48.436+0000] {dag.py:4180} INFO - Setting next_dagrun for example_subdag_operator.section-2 to None, run_after=None
[2026-06-29T22:24:48.449+0000] {processor.py:208} INFO - Processing /home/airflow/.local/lib/python3.12/site-packages/airflow/example_dags/example_subdag_operator.py took 0.114 seconds
[2026-06-29T22:25:19.097+0000] {processor.py:186} INFO - Started process (PID=2172) to work on /home/airflow/.local/lib/python3.12/site-packages/airflow/example_dags/example_subdag_operator.py
[2026-06-29T22:25:19.099+0000] {processor.py:914} INFO - Processing file /home/airflow/.local/lib/python3.12/site-packages/airflow/example_dags/example_subdag_operator.py for tasks to queue
[2026-06-29T22:25:19.103+0000] {logging_mixin.py:190} INFO - [2026-06-29T22:25:19.102+0000] {dagbag.py:588} INFO - Filling up the DagBag from /home/airflow/.local/lib/python3.12/site-packages/airflow/example_dags/example_subdag_operator.py
[2026-06-29T22:25:19.133+0000] {processor.py:925} INFO - DAG(s) 'example_subdag_operator.section-1', 'example_subdag_operator.section-2', 'example_subdag_operator' retrieved from /home/airflow/.local/lib/python3.12/site-packages/airflow/example_dags/example_subdag_operator.py
[2026-06-29T22:25:19.149+0000] {logging_mixin.py:190} INFO - [2026-06-29T22:25:19.149+0000] {dag.py:3239} INFO - Sync 3 DAGs
[2026-06-29T22:25:19.173+0000] {logging_mixin.py:190} INFO - [2026-06-29T22:25:19.173+0000] {dag.py:4180} INFO - Setting next_dagrun for example_subdag_operator to 2022-01-01 00:00:00+00:00, run_after=2022-01-01 00:00:00+00:00
[2026-06-29T22:25:19.178+0000] {logging_mixin.py:190} INFO - [2026-06-29T22:25:19.178+0000] {dag.py:4180} INFO - Setting next_dagrun for example_subdag_operator.section-1 to None, run_after=None
[2026-06-29T22:25:19.179+0000] {logging_mixin.py:190} INFO - [2026-06-29T22:25:19.179+0000] {dag.py:4180} INFO - Setting next_dagrun for example_subdag_operator.section-2 to None, run_after=None
[2026-06-29T22:25:19.188+0000] {logging_mixin.py:190} INFO - [2026-06-29T22:25:19.188+0000] {dag.py:3239} INFO - Sync 2 DAGs
[2026-06-29T22:25:19.194+0000] {logging_mixin.py:190} INFO - [2026-06-29T22:25:19.194+0000] {dag.py:4180} INFO - Setting next_dagrun for example_subdag_operator.section-1 to None, run_after=None
[2026-06-29T22:25:19.195+0000] {logging_mixin.py:190} INFO - [2026-06-29T22:25:19.195+0000] {dag.py:4180} INFO - Setting next_dagrun for example_subdag_operator.section-2 to None, run_after=None
[2026-06-29T22:25:19.207+0000] {processor.py:208} INFO - Processing /home/airflow/.local/lib/python3.12/site-packages/airflow/example_dags/example_subdag_operator.py took 0.116 seconds
[2026-06-29T22:25:49.522+0000] {processor.py:186} INFO - Started process (PID=2236) to work on /home/airflow/.local/lib/python3.12/site-packages/airflow/example_dags/example_subdag_operator.py
[2026-06-29T22:25:49.524+0000] {processor.py:914} INFO - Processing file /home/airflow/.local/lib/python3.12/site-packages/airflow/example_dags/example_subdag_operator.py for tasks to queue
[2026-06-29T22:25:49.528+0000] {logging_mixin.py:190} INFO - [2026-06-29T22:25:49.527+0000] {dagbag.py:588} INFO - Filling up the DagBag from /home/airflow/.local/lib/python3.12/site-packages/airflow/example_dags/example_subdag_operator.py
[2026-06-29T22:25:49.560+0000] {processor.py:925} INFO - DAG(s) 'example_subdag_operator.section-1', 'example_subdag_operator.section-2', 'example_subdag_operator' retrieved from /home/airflow/.local/lib/python3.12/site-packages/airflow/example_dags/example_subdag_operator.py
[2026-06-29T22:25:49.578+0000] {logging_mixin.py:190} INFO - [2026-06-29T22:25:49.578+0000] {dag.py:3239} INFO - Sync 3 DAGs
[2026-06-29T22:25:49.603+0000] {logging_mixin.py:190} INFO - [2026-06-29T22:25:49.603+0000] {dag.py:4180} INFO - Setting next_dagrun for example_subdag_operator to 2022-01-01 00:00:00+00:00, run_after=2022-01-01 00:00:00+00:00
[2026-06-29T22:25:49.607+0000] {logging_mixin.py:190} INFO - [2026-06-29T22:25:49.607+0000] {dag.py:4180} INFO - Setting next_dagrun for example_subdag_operator.section-1 to None, run_after=None
[2026-06-29T22:25:49.609+0000] {logging_mixin.py:190} INFO - [2026-06-29T22:25:49.608+0000] {dag.py:4180} INFO - Setting next_dagrun for example_subdag_operator.section-2 to None, run_after=None
[2026-06-29T22:25:49.616+0000] {logging_mixin.py:190} INFO - [2026-06-29T22:25:49.616+0000] {dag.py:3239} INFO - Sync 2 DAGs
[2026-06-29T22:25:49.623+0000] {logging_mixin.py:190} INFO - [2026-06-29T22:25:49.623+0000] {dag.py:4180} INFO - Setting next_dagrun for example_subdag_operator.section-1 to None, run_after=None
[2026-06-29T22:25:49.624+0000] {logging_mixin.py:190} INFO - [2026-06-29T22:25:49.624+0000] {dag.py:4180} INFO - Setting next_dagrun for example_subdag_operator.section-2 to None, run_after=None
[2026-06-29T22:25:49.637+0000] {processor.py:208} INFO - Processing /home/airflow/.local/lib/python3.12/site-packages/airflow/example_dags/example_subdag_operator.py took 0.121 seconds
[2026-06-29T22:26:19.952+0000] {processor.py:186} INFO - Started process (PID=2300) to work on /home/airflow/.local/lib/python3.12/site-packages/airflow/example_dags/example_subdag_operator.py
[2026-06-29T22:26:19.953+0000] {processor.py:914} INFO - Processing file /home/airflow/.local/lib/python3.12/site-packages/airflow/example_dags/example_subdag_operator.py for tasks to queue
[2026-06-29T22:26:19.956+0000] {logging_mixin.py:190} INFO - [2026-06-29T22:26:19.955+0000] {dagbag.py:588} INFO - Filling up the DagBag from /home/airflow/.local/lib/python3.12/site-packages/airflow/example_dags/example_subdag_operator.py
[2026-06-29T22:26:19.987+0000] {processor.py:925} INFO - DAG(s) 'example_subdag_operator.section-1', 'example_subdag_operator.section-2', 'example_subdag_operator' retrieved from /home/airflow/.local/lib/python3.12/site-packages/airflow/example_dags/example_subdag_operator.py
[2026-06-29T22:26:20.003+0000] {logging_mixin.py:190} INFO - [2026-06-29T22:26:20.002+0000] {dag.py:3239} INFO - Sync 3 DAGs
[2026-06-29T22:26:20.028+0000] {logging_mixin.py:190} INFO - [2026-06-29T22:26:20.027+0000] {dag.py:4180} INFO - Setting next_dagrun for example_subdag_operator to 2022-01-01 00:00:00+00:00, run_after=2022-01-01 00:00:00+00:00
[2026-06-29T22:26:20.033+0000] {logging_mixin.py:190} INFO - [2026-06-29T22:26:20.032+0000] {dag.py:4180} INFO - Setting next_dagrun for example_subdag_operator.section-1 to None, run_after=None
[2026-06-29T22:26:20.035+0000] {logging_mixin.py:190} INFO - [2026-06-29T22:26:20.034+0000] {dag.py:4180} INFO - Setting next_dagrun for example_subdag_operator.section-2 to None, run_after=None
[2026-06-29T22:26:20.042+0000] {logging_mixin.py:190} INFO - [2026-06-29T22:26:20.042+0000] {dag.py:3239} INFO - Sync 2 DAGs
[2026-06-29T22:26:20.049+0000] {logging_mixin.py:190} INFO - [2026-06-29T22:26:20.048+0000] {dag.py:4180} INFO - Setting next_dagrun for example_subdag_operator.section-1 to None, run_after=None
[2026-06-29T22:26:20.050+0000] {logging_mixin.py:190} INFO - [2026-06-29T22:26:20.049+0000] {dag.py:4180} INFO - Setting next_dagrun for example_subdag_operator.section-2 to None, run_after=None
[2026-06-29T22:26:20.062+0000] {processor.py:208} INFO - Processing /home/airflow/.local/lib/python3.12/site-packages/airflow/example_dags/example_subdag_operator.py took 0.116 seconds
[2026-06-29T22:26:50.197+0000] {processor.py:186} INFO - Started process (PID=2363) to work on /home/airflow/.local/lib/python3.12/site-packages/airflow/example_dags/example_subdag_operator.py
[2026-06-29T22:26:50.198+0000] {processor.py:914} INFO - Processing file /home/airflow/.local/lib/python3.12/site-packages/airflow/example_dags/example_subdag_operator.py for tasks to queue
[2026-06-29T22:26:50.202+0000] {logging_mixin.py:190} INFO - [2026-06-29T22:26:50.201+0000] {dagbag.py:588} INFO - Filling up the DagBag from /home/airflow/.local/lib/python3.12/site-packages/airflow/example_dags/example_subdag_operator.py
[2026-06-29T22:26:50.231+0000] {processor.py:925} INFO - DAG(s) 'example_subdag_operator.section-1', 'example_subdag_operator.section-2', 'example_subdag_operator' retrieved from /home/airflow/.local/lib/python3.12/site-packages/airflow/example_dags/example_subdag_operator.py
[2026-06-29T22:26:50.248+0000] {logging_mixin.py:190} INFO - [2026-06-29T22:26:50.248+0000] {dag.py:3239} INFO - Sync 3 DAGs
[2026-06-29T22:26:50.275+0000] {logging_mixin.py:190} INFO - [2026-06-29T22:26:50.275+0000] {dag.py:4180} INFO - Setting next_dagrun for example_subdag_operator to 2022-01-01 00:00:00+00:00, run_after=2022-01-01 00:00:00+00:00
[2026-06-29T22:26:50.281+0000] {logging_mixin.py:190} INFO - [2026-06-29T22:26:50.281+0000] {dag.py:4180} INFO - Setting next_dagrun for example_subdag_operator.section-1 to None, run_after=None
[2026-06-29T22:26:50.283+0000] {logging_mixin.py:190} INFO - [2026-06-29T22:26:50.283+0000] {dag.py:4180} INFO - Setting next_dagrun for example_subdag_operator.section-2 to None, run_after=None
[2026-06-29T22:26:50.291+0000] {logging_mixin.py:190} INFO - [2026-06-29T22:26:50.290+0000] {dag.py:3239} INFO - Sync 2 DAGs
[2026-06-29T22:26:50.298+0000] {logging_mixin.py:190} INFO - [2026-06-29T22:26:50.298+0000] {dag.py:4180} INFO - Setting next_dagrun for example_subdag_operator.section-1 to None, run_after=None
[2026-06-29T22:26:50.299+0000] {logging_mixin.py:190} INFO - [2026-06-29T22:26:50.299+0000] {dag.py:4180} INFO - Setting next_dagrun for example_subdag_operator.section-2 to None, run_after=None
[2026-06-29T22:26:50.313+0000] {processor.py:208} INFO - Processing /home/airflow/.local/lib/python3.12/site-packages/airflow/example_dags/example_subdag_operator.py took 0.123 seconds
[2026-06-29T22:27:20.473+0000] {processor.py:186} INFO - Started process (PID=2427) to work on /home/airflow/.local/lib/python3.12/site-packages/airflow/example_dags/example_subdag_operator.py
[2026-06-29T22:27:20.475+0000] {processor.py:914} INFO - Processing file /home/airflow/.local/lib/python3.12/site-packages/airflow/example_dags/example_subdag_operator.py for tasks to queue
[2026-06-29T22:27:20.479+0000] {logging_mixin.py:190} INFO - [2026-06-29T22:27:20.478+0000] {dagbag.py:588} INFO - Filling up the DagBag from /home/airflow/.local/lib/python3.12/site-packages/airflow/example_dags/example_subdag_operator.py
[2026-06-29T22:27:20.513+0000] {processor.py:925} INFO - DAG(s) 'example_subdag_operator.section-1', 'example_subdag_operator.section-2', 'example_subdag_operator' retrieved from /home/airflow/.local/lib/python3.12/site-packages/airflow/example_dags/example_subdag_operator.py
[2026-06-29T22:27:20.531+0000] {logging_mixin.py:190} INFO - [2026-06-29T22:27:20.531+0000] {dag.py:3239} INFO - Sync 3 DAGs
[2026-06-29T22:27:20.560+0000] {logging_mixin.py:190} INFO - [2026-06-29T22:27:20.559+0000] {dag.py:4180} INFO - Setting next_dagrun for example_subdag_operator to 2022-01-01 00:00:00+00:00, run_after=2022-01-01 00:00:00+00:00
[2026-06-29T22:27:20.566+0000] {logging_mixin.py:190} INFO - [2026-06-29T22:27:20.566+0000] {dag.py:4180} INFO - Setting next_dagrun for example_subdag_operator.section-1 to None, run_after=None
[2026-06-29T22:27:20.569+0000] {logging_mixin.py:190} INFO - [2026-06-29T22:27:20.569+0000] {dag.py:4180} INFO - Setting next_dagrun for example_subdag_operator.section-2 to None, run_after=None
[2026-06-29T22:27:20.579+0000] {logging_mixin.py:190} INFO - [2026-06-29T22:27:20.579+0000] {dag.py:3239} INFO - Sync 2 DAGs
[2026-06-29T22:27:20.588+0000] {logging_mixin.py:190} INFO - [2026-06-29T22:27:20.588+0000] {dag.py:4180} INFO - Setting next_dagrun for example_subdag_operator.section-1 to None, run_after=None
[2026-06-29T22:27:20.589+0000] {logging_mixin.py:190} INFO - [2026-06-29T22:27:20.589+0000] {dag.py:4180} INFO - Setting next_dagrun for example_subdag_operator.section-2 to None, run_after=None
[2026-06-29T22:27:20.611+0000] {processor.py:208} INFO - Processing /home/airflow/.local/lib/python3.12/site-packages/airflow/example_dags/example_subdag_operator.py took 0.143 seconds
[2026-06-29T22:27:51.068+0000] {processor.py:186} INFO - Started process (PID=2490) to work on /home/airflow/.local/lib/python3.12/site-packages/airflow/example_dags/example_subdag_operator.py
[2026-06-29T22:27:51.070+0000] {processor.py:914} INFO - Processing file /home/airflow/.local/lib/python3.12/site-packages/airflow/example_dags/example_subdag_operator.py for tasks to queue
[2026-06-29T22:27:51.074+0000] {logging_mixin.py:190} INFO - [2026-06-29T22:27:51.073+0000] {dagbag.py:588} INFO - Filling up the DagBag from /home/airflow/.local/lib/python3.12/site-packages/airflow/example_dags/example_subdag_operator.py
[2026-06-29T22:27:51.106+0000] {processor.py:925} INFO - DAG(s) 'example_subdag_operator.section-1', 'example_subdag_operator.section-2', 'example_subdag_operator' retrieved from /home/airflow/.local/lib/python3.12/site-packages/airflow/example_dags/example_subdag_operator.py
[2026-06-29T22:27:51.125+0000] {logging_mixin.py:190} INFO - [2026-06-29T22:27:51.124+0000] {dag.py:3239} INFO - Sync 3 DAGs
[2026-06-29T22:27:51.152+0000] {logging_mixin.py:190} INFO - [2026-06-29T22:27:51.152+0000] {dag.py:4180} INFO - Setting next_dagrun for example_subdag_operator to 2022-01-01 00:00:00+00:00, run_after=2022-01-01 00:00:00+00:00
[2026-06-29T22:27:51.159+0000] {logging_mixin.py:190} INFO - [2026-06-29T22:27:51.159+0000] {dag.py:4180} INFO - Setting next_dagrun for example_subdag_operator.section-1 to None, run_after=None
[2026-06-29T22:27:51.162+0000] {logging_mixin.py:190} INFO - [2026-06-29T22:27:51.161+0000] {dag.py:4180} INFO - Setting next_dagrun for example_subdag_operator.section-2 to None, run_after=None
[2026-06-29T22:27:51.170+0000] {logging_mixin.py:190} INFO - [2026-06-29T22:27:51.170+0000] {dag.py:3239} INFO - Sync 2 DAGs
[2026-06-29T22:27:51.178+0000] {logging_mixin.py:190} INFO - [2026-06-29T22:27:51.178+0000] {dag.py:4180} INFO - Setting next_dagrun for example_subdag_operator.section-1 to None, run_after=None
[2026-06-29T22:27:51.180+0000] {logging_mixin.py:190} INFO - [2026-06-29T22:27:51.179+0000] {dag.py:4180} INFO - Setting next_dagrun for example_subdag_operator.section-2 to None, run_after=None
[2026-06-29T22:27:51.195+0000] {processor.py:208} INFO - Processing /home/airflow/.local/lib/python3.12/site-packages/airflow/example_dags/example_subdag_operator.py took 0.134 seconds
[2026-06-29T22:28:22.160+0000] {processor.py:186} INFO - Started process (PID=2554) to work on /home/airflow/.local/lib/python3.12/site-packages/airflow/example_dags/example_subdag_operator.py
[2026-06-29T22:28:22.162+0000] {processor.py:914} INFO - Processing file /home/airflow/.local/lib/python3.12/site-packages/airflow/example_dags/example_subdag_operator.py for tasks to queue
[2026-06-29T22:28:22.167+0000] {logging_mixin.py:190} INFO - [2026-06-29T22:28:22.166+0000] {dagbag.py:588} INFO - Filling up the DagBag from /home/airflow/.local/lib/python3.12/site-packages/airflow/example_dags/example_subdag_operator.py
[2026-06-29T22:28:22.213+0000] {processor.py:925} INFO - DAG(s) 'example_subdag_operator.section-1', 'example_subdag_operator.section-2', 'example_subdag_operator' retrieved from /home/airflow/.local/lib/python3.12/site-packages/airflow/example_dags/example_subdag_operator.py
[2026-06-29T22:28:22.230+0000] {logging_mixin.py:190} INFO - [2026-06-29T22:28:22.229+0000] {dag.py:3239} INFO - Sync 3 DAGs
[2026-06-29T22:28:22.252+0000] {logging_mixin.py:190} INFO - [2026-06-29T22:28:22.252+0000] {dag.py:4180} INFO - Setting next_dagrun for example_subdag_operator to 2022-01-01 00:00:00+00:00, run_after=2022-01-01 00:00:00+00:00
[2026-06-29T22:28:22.257+0000] {logging_mixin.py:190} INFO - [2026-06-29T22:28:22.257+0000] {dag.py:4180} INFO - Setting next_dagrun for example_subdag_operator.section-1 to None, run_after=None
[2026-06-29T22:28:22.260+0000] {logging_mixin.py:190} INFO - [2026-06-29T22:28:22.260+0000] {dag.py:4180} INFO - Setting next_dagrun for example_subdag_operator.section-2 to None, run_after=None
[2026-06-29T22:28:22.268+0000] {logging_mixin.py:190} INFO - [2026-06-29T22:28:22.267+0000] {dag.py:3239} INFO - Sync 2 DAGs
[2026-06-29T22:28:22.274+0000] {logging_mixin.py:190} INFO - [2026-06-29T22:28:22.274+0000] {dag.py:4180} INFO - Setting next_dagrun for example_subdag_operator.section-1 to None, run_after=None
[2026-06-29T22:28:22.275+0000] {logging_mixin.py:190} INFO - [2026-06-29T22:28:22.275+0000] {dag.py:4180} INFO - Setting next_dagrun for example_subdag_operator.section-2 to None, run_after=None
[2026-06-29T22:28:22.287+0000] {processor.py:208} INFO - Processing /home/airflow/.local/lib/python3.12/site-packages/airflow/example_dags/example_subdag_operator.py took 0.134 seconds
[2026-06-29T22:28:53.005+0000] {processor.py:186} INFO - Started process (PID=2618) to work on /home/airflow/.local/lib/python3.12/site-packages/airflow/example_dags/example_subdag_operator.py
[2026-06-29T22:28:53.007+0000] {processor.py:914} INFO - Processing file /home/airflow/.local/lib/python3.12/site-packages/airflow/example_dags/example_subdag_operator.py for tasks to queue
[2026-06-29T22:28:53.014+0000] {logging_mixin.py:190} INFO - [2026-06-29T22:28:53.014+0000] {dagbag.py:588} INFO - Filling up the DagBag from /home/airflow/.local/lib/python3.12/site-packages/airflow/example_dags/example_subdag_operator.py
[2026-06-29T22:28:53.053+0000] {processor.py:925} INFO - DAG(s) 'example_subdag_operator.section-1', 'example_subdag_operator.section-2', 'example_subdag_operator' retrieved from /home/airflow/.local/lib/python3.12/site-packages/airflow/example_dags/example_subdag_operator.py
[2026-06-29T22:28:53.073+0000] {logging_mixin.py:190} INFO - [2026-06-29T22:28:53.073+0000] {dag.py:3239} INFO - Sync 3 DAGs
[2026-06-29T22:28:53.107+0000] {logging_mixin.py:190} INFO - [2026-06-29T22:28:53.107+0000] {dag.py:4180} INFO - Setting next_dagrun for example_subdag_operator to 2022-01-01 00:00:00+00:00, run_after=2022-01-01 00:00:00+00:00
[2026-06-29T22:28:53.113+0000] {logging_mixin.py:190} INFO - [2026-06-29T22:28:53.112+0000] {dag.py:4180} INFO - Setting next_dagrun for example_subdag_operator.section-1 to None, run_after=None
[2026-06-29T22:28:53.115+0000] {logging_mixin.py:190} INFO - [2026-06-29T22:28:53.115+0000] {dag.py:4180} INFO - Setting next_dagrun for example_subdag_operator.section-2 to None, run_after=None
[2026-06-29T22:28:53.126+0000] {logging_mixin.py:190} INFO - [2026-06-29T22:28:53.125+0000] {dag.py:3239} INFO - Sync 2 DAGs
[2026-06-29T22:28:53.134+0000] {logging_mixin.py:190} INFO - [2026-06-29T22:28:53.133+0000] {dag.py:4180} INFO - Setting next_dagrun for example_subdag_operator.section-1 to None, run_after=None
[2026-06-29T22:28:53.135+0000] {logging_mixin.py:190} INFO - [2026-06-29T22:28:53.135+0000] {dag.py:4180} INFO - Setting next_dagrun for example_subdag_operator.section-2 to None, run_after=None
[2026-06-29T22:28:53.156+0000] {processor.py:208} INFO - Processing /home/airflow/.local/lib/python3.12/site-packages/airflow/example_dags/example_subdag_operator.py took 0.159 seconds
[2026-06-29T22:29:23.516+0000] {processor.py:186} INFO - Started process (PID=2682) to work on /home/airflow/.local/lib/python3.12/site-packages/airflow/example_dags/example_subdag_operator.py
[2026-06-29T22:29:23.519+0000] {processor.py:914} INFO - Processing file /home/airflow/.local/lib/python3.12/site-packages/airflow/example_dags/example_subdag_operator.py for tasks to queue
[2026-06-29T22:29:23.526+0000] {logging_mixin.py:190} INFO - [2026-06-29T22:29:23.525+0000] {dagbag.py:588} INFO - Filling up the DagBag from /home/airflow/.local/lib/python3.12/site-packages/airflow/example_dags/example_subdag_operator.py
[2026-06-29T22:29:23.620+0000] {processor.py:925} INFO - DAG(s) 'example_subdag_operator.section-1', 'example_subdag_operator.section-2', 'example_subdag_operator' retrieved from /home/airflow/.local/lib/python3.12/site-packages/airflow/example_dags/example_subdag_operator.py
[2026-06-29T22:29:23.654+0000] {logging_mixin.py:190} INFO - [2026-06-29T22:29:23.653+0000] {dag.py:3239} INFO - Sync 3 DAGs
[2026-06-29T22:29:23.713+0000] {logging_mixin.py:190} INFO - [2026-06-29T22:29:23.713+0000] {dag.py:4180} INFO - Setting next_dagrun for example_subdag_operator to 2022-01-01 00:00:00+00:00, run_after=2022-01-01 00:00:00+00:00
[2026-06-29T22:29:23.723+0000] {logging_mixin.py:190} INFO - [2026-06-29T22:29:23.722+0000] {dag.py:4180} INFO - Setting next_dagrun for example_subdag_operator.section-1 to None, run_after=None
[2026-06-29T22:29:23.727+0000] {logging_mixin.py:190} INFO - [2026-06-29T22:29:23.726+0000] {dag.py:4180} INFO - Setting next_dagrun for example_subdag_operator.section-2 to None, run_after=None
[2026-06-29T22:29:23.747+0000] {logging_mixin.py:190} INFO - [2026-06-29T22:29:23.746+0000] {dag.py:3239} INFO - Sync 2 DAGs
[2026-06-29T22:29:23.761+0000] {logging_mixin.py:190} INFO - [2026-06-29T22:29:23.761+0000] {dag.py:4180} INFO - Setting next_dagrun for example_subdag_operator.section-1 to None, run_after=None
[2026-06-29T22:29:23.763+0000] {logging_mixin.py:190} INFO - [2026-06-29T22:29:23.763+0000] {dag.py:4180} INFO - Setting next_dagrun for example_subdag_operator.section-2 to None, run_after=None
[2026-06-29T22:29:23.791+0000] {processor.py:208} INFO - Processing /home/airflow/.local/lib/python3.12/site-packages/airflow/example_dags/example_subdag_operator.py took 0.291 seconds
[2026-06-29T22:29:54.415+0000] {processor.py:186} INFO - Started process (PID=2746) to work on /home/airflow/.local/lib/python3.12/site-packages/airflow/example_dags/example_subdag_operator.py
[2026-06-29T22:29:54.429+0000] {processor.py:914} INFO - Processing file /home/airflow/.local/lib/python3.12/site-packages/airflow/example_dags/example_subdag_operator.py for tasks to queue
[2026-06-29T22:29:54.442+0000] {logging_mixin.py:190} INFO - [2026-06-29T22:29:54.441+0000] {dagbag.py:588} INFO - Filling up the DagBag from /home/airflow/.local/lib/python3.12/site-packages/airflow/example_dags/example_subdag_operator.py
[2026-06-29T22:29:54.551+0000] {processor.py:925} INFO - DAG(s) 'example_subdag_operator.section-1', 'example_subdag_operator.section-2', 'example_subdag_operator' retrieved from /home/airflow/.local/lib/python3.12/site-packages/airflow/example_dags/example_subdag_operator.py
[2026-06-29T22:29:54.612+0000] {logging_mixin.py:190} INFO - [2026-06-29T22:29:54.611+0000] {dag.py:3239} INFO - Sync 3 DAGs
[2026-06-29T22:29:54.673+0000] {logging_mixin.py:190} INFO - [2026-06-29T22:29:54.673+0000] {dag.py:4180} INFO - Setting next_dagrun for example_subdag_operator to 2022-01-01 00:00:00+00:00, run_after=2022-01-01 00:00:00+00:00
[2026-06-29T22:29:54.686+0000] {logging_mixin.py:190} INFO - [2026-06-29T22:29:54.685+0000] {dag.py:4180} INFO - Setting next_dagrun for example_subdag_operator.section-1 to None, run_after=None
[2026-06-29T22:29:54.691+0000] {logging_mixin.py:190} INFO - [2026-06-29T22:29:54.691+0000] {dag.py:4180} INFO - Setting next_dagrun for example_subdag_operator.section-2 to None, run_after=None
[2026-06-29T22:29:54.726+0000] {logging_mixin.py:190} INFO - [2026-06-29T22:29:54.725+0000] {dag.py:3239} INFO - Sync 2 DAGs
[2026-06-29T22:29:54.743+0000] {logging_mixin.py:190} INFO - [2026-06-29T22:29:54.742+0000] {dag.py:4180} INFO - Setting next_dagrun for example_subdag_operator.section-1 to None, run_after=None
[2026-06-29T22:29:54.745+0000] {logging_mixin.py:190} INFO - [2026-06-29T22:29:54.745+0000] {dag.py:4180} INFO - Setting next_dagrun for example_subdag_operator.section-2 to None, run_after=None
[2026-06-29T22:29:54.784+0000] {processor.py:208} INFO - Processing /home/airflow/.local/lib/python3.12/site-packages/airflow/example_dags/example_subdag_operator.py took 0.389 seconds
[2026-06-29T22:30:24.993+0000] {processor.py:186} INFO - Started process (PID=2810) to work on /home/airflow/.local/lib/python3.12/site-packages/airflow/example_dags/example_subdag_operator.py
[2026-06-29T22:30:24.996+0000] {processor.py:914} INFO - Processing file /home/airflow/.local/lib/python3.12/site-packages/airflow/example_dags/example_subdag_operator.py for tasks to queue
[2026-06-29T22:30:25.006+0000] {logging_mixin.py:190} INFO - [2026-06-29T22:30:25.005+0000] {dagbag.py:588} INFO - Filling up the DagBag from /home/airflow/.local/lib/python3.12/site-packages/airflow/example_dags/example_subdag_operator.py
[2026-06-29T22:30:25.068+0000] {processor.py:925} INFO - DAG(s) 'example_subdag_operator.section-1', 'example_subdag_operator.section-2', 'example_subdag_operator' retrieved from /home/airflow/.local/lib/python3.12/site-packages/airflow/example_dags/example_subdag_operator.py
[2026-06-29T22:30:25.095+0000] {logging_mixin.py:190} INFO - [2026-06-29T22:30:25.094+0000] {dag.py:3239} INFO - Sync 3 DAGs
[2026-06-29T22:30:25.143+0000] {logging_mixin.py:190} INFO - [2026-06-29T22:30:25.142+0000] {dag.py:4180} INFO - Setting next_dagrun for example_subdag_operator to 2022-01-01 00:00:00+00:00, run_after=2022-01-01 00:00:00+00:00
[2026-06-29T22:30:25.156+0000] {logging_mixin.py:190} INFO - [2026-06-29T22:30:25.156+0000] {dag.py:4180} INFO - Setting next_dagrun for example_subdag_operator.section-1 to None, run_after=None
[2026-06-29T22:30:25.161+0000] {logging_mixin.py:190} INFO - [2026-06-29T22:30:25.161+0000] {dag.py:4180} INFO - Setting next_dagrun for example_subdag_operator.section-2 to None, run_after=None
[2026-06-29T22:30:25.184+0000] {logging_mixin.py:190} INFO - [2026-06-29T22:30:25.184+0000] {dag.py:3239} INFO - Sync 2 DAGs
[2026-06-29T22:30:25.196+0000] {logging_mixin.py:190} INFO - [2026-06-29T22:30:25.196+0000] {dag.py:4180} INFO - Setting next_dagrun for example_subdag_operator.section-1 to None, run_after=None
[2026-06-29T22:30:25.199+0000] {logging_mixin.py:190} INFO - [2026-06-29T22:30:25.198+0000] {dag.py:4180} INFO - Setting next_dagrun for example_subdag_operator.section-2 to None, run_after=None
[2026-06-29T22:30:25.226+0000] {processor.py:208} INFO - Processing /home/airflow/.local/lib/python3.12/site-packages/airflow/example_dags/example_subdag_operator.py took 0.246 seconds
[2026-06-29T22:30:56.705+0000] {processor.py:186} INFO - Started process (PID=2874) to work on /home/airflow/.local/lib/python3.12/site-packages/airflow/example_dags/example_subdag_operator.py
[2026-06-29T22:30:56.708+0000] {processor.py:914} INFO - Processing file /home/airflow/.local/lib/python3.12/site-packages/airflow/example_dags/example_subdag_operator.py for tasks to queue
[2026-06-29T22:30:56.718+0000] {logging_mixin.py:190} INFO - [2026-06-29T22:30:56.717+0000] {dagbag.py:588} INFO - Filling up the DagBag from /home/airflow/.local/lib/python3.12/site-packages/airflow/example_dags/example_subdag_operator.py
[2026-06-29T22:30:56.807+0000] {processor.py:925} INFO - DAG(s) 'example_subdag_operator.section-1', 'example_subdag_operator.section-2', 'example_subdag_operator' retrieved from /home/airflow/.local/lib/python3.12/site-packages/airflow/example_dags/example_subdag_operator.py
[2026-06-29T22:30:56.846+0000] {logging_mixin.py:190} INFO - [2026-06-29T22:30:56.845+0000] {dag.py:3239} INFO - Sync 3 DAGs
[2026-06-29T22:30:56.904+0000] {logging_mixin.py:190} INFO - [2026-06-29T22:30:56.903+0000] {dag.py:4180} INFO - Setting next_dagrun for example_subdag_operator to 2022-01-01 00:00:00+00:00, run_after=2022-01-01 00:00:00+00:00
[2026-06-29T22:30:56.915+0000] {logging_mixin.py:190} INFO - [2026-06-29T22:30:56.915+0000] {dag.py:4180} INFO - Setting next_dagrun for example_subdag_operator.section-1 to None, run_after=None
[2026-06-29T22:30:56.920+0000] {logging_mixin.py:190} INFO - [2026-06-29T22:30:56.920+0000] {dag.py:4180} INFO - Setting next_dagrun for example_subdag_operator.section-2 to None, run_after=None
[2026-06-29T22:30:56.943+0000] {logging_mixin.py:190} INFO - [2026-06-29T22:30:56.942+0000] {dag.py:3239} INFO - Sync 2 DAGs
[2026-06-29T22:30:56.961+0000] {logging_mixin.py:190} INFO - [2026-06-29T22:30:56.960+0000] {dag.py:4180} INFO - Setting next_dagrun for example_subdag_operator.section-1 to None, run_after=None
[2026-06-29T22:30:56.964+0000] {logging_mixin.py:190} INFO - [2026-06-29T22:30:56.963+0000] {dag.py:4180} INFO - Setting next_dagrun for example_subdag_operator.section-2 to None, run_after=None
[2026-06-29T22:30:57.004+0000] {processor.py:208} INFO - Processing /home/airflow/.local/lib/python3.12/site-packages/airflow/example_dags/example_subdag_operator.py took 0.310 seconds
[2026-06-29T22:31:28.190+0000] {processor.py:186} INFO - Started process (PID=2945) to work on /home/airflow/.local/lib/python3.12/site-packages/airflow/example_dags/example_subdag_operator.py
[2026-06-29T22:31:28.193+0000] {processor.py:914} INFO - Processing file /home/airflow/.local/lib/python3.12/site-packages/airflow/example_dags/example_subdag_operator.py for tasks to queue
[2026-06-29T22:31:28.198+0000] {logging_mixin.py:190} INFO - [2026-06-29T22:31:28.197+0000] {dagbag.py:588} INFO - Filling up the DagBag from /home/airflow/.local/lib/python3.12/site-packages/airflow/example_dags/example_subdag_operator.py
[2026-06-29T22:31:28.256+0000] {processor.py:925} INFO - DAG(s) 'example_subdag_operator.section-1', 'example_subdag_operator.section-2', 'example_subdag_operator' retrieved from /home/airflow/.local/lib/python3.12/site-packages/airflow/example_dags/example_subdag_operator.py
[2026-06-29T22:31:28.287+0000] {logging_mixin.py:190} INFO - [2026-06-29T22:31:28.287+0000] {dag.py:3239} INFO - Sync 3 DAGs
[2026-06-29T22:31:28.326+0000] {logging_mixin.py:190} INFO - [2026-06-29T22:31:28.326+0000] {dag.py:4180} INFO - Setting next_dagrun for example_subdag_operator to 2022-01-01 00:00:00+00:00, run_after=2022-01-01 00:00:00+00:00
[2026-06-29T22:31:28.335+0000] {logging_mixin.py:190} INFO - [2026-06-29T22:31:28.335+0000] {dag.py:4180} INFO - Setting next_dagrun for example_subdag_operator.section-1 to None, run_after=None
[2026-06-29T22:31:28.338+0000] {logging_mixin.py:190} INFO - [2026-06-29T22:31:28.338+0000] {dag.py:4180} INFO - Setting next_dagrun for example_subdag_operator.section-2 to None, run_after=None
[2026-06-29T22:31:28.350+0000] {logging_mixin.py:190} INFO - [2026-06-29T22:31:28.350+0000] {dag.py:3239} INFO - Sync 2 DAGs
[2026-06-29T22:31:28.363+0000] {logging_mixin.py:190} INFO - [2026-06-29T22:31:28.363+0000] {dag.py:4180} INFO - Setting next_dagrun for example_subdag_operator.section-1 to None, run_after=None
[2026-06-29T22:31:28.365+0000] {logging_mixin.py:190} INFO - [2026-06-29T22:31:28.364+0000] {dag.py:4180} INFO - Setting next_dagrun for example_subdag_operator.section-2 to None, run_after=None
[2026-06-29T22:31:28.387+0000] {processor.py:208} INFO - Processing /home/airflow/.local/lib/python3.12/site-packages/airflow/example_dags/example_subdag_operator.py took 0.206 seconds
[2026-06-29T22:32:00.567+0000] {processor.py:186} INFO - Started process (PID=3046) to work on /home/airflow/.local/lib/python3.12/site-packages/airflow/example_dags/example_subdag_operator.py
[2026-06-29T22:32:00.577+0000] {processor.py:914} INFO - Processing file /home/airflow/.local/lib/python3.12/site-packages/airflow/example_dags/example_subdag_operator.py for tasks to queue
[2026-06-29T22:32:00.606+0000] {logging_mixin.py:190} INFO - [2026-06-29T22:32:00.605+0000] {dagbag.py:588} INFO - Filling up the DagBag from /home/airflow/.local/lib/python3.12/site-packages/airflow/example_dags/example_subdag_operator.py
[2026-06-29T22:32:00.738+0000] {processor.py:925} INFO - DAG(s) 'example_subdag_operator.section-1', 'example_subdag_operator.section-2', 'example_subdag_operator' retrieved from /home/airflow/.local/lib/python3.12/site-packages/airflow/example_dags/example_subdag_operator.py
[2026-06-29T22:32:00.805+0000] {logging_mixin.py:190} INFO - [2026-06-29T22:32:00.804+0000] {dag.py:3239} INFO - Sync 3 DAGs
[2026-06-29T22:32:00.877+0000] {logging_mixin.py:190} INFO - [2026-06-29T22:32:00.876+0000] {dag.py:4180} INFO - Setting next_dagrun for example_subdag_operator to 2022-01-01 00:00:00+00:00, run_after=2022-01-01 00:00:00+00:00
[2026-06-29T22:32:00.934+0000] {logging_mixin.py:190} INFO - [2026-06-29T22:32:00.925+0000] {dag.py:4180} INFO - Setting next_dagrun for example_subdag_operator.section-1 to None, run_after=None
[2026-06-29T22:32:00.950+0000] {logging_mixin.py:190} INFO - [2026-06-29T22:32:00.947+0000] {dag.py:4180} INFO - Setting next_dagrun for example_subdag_operator.section-2 to None, run_after=None
[2026-06-29T22:32:00.997+0000] {logging_mixin.py:190} INFO - [2026-06-29T22:32:00.996+0000] {dag.py:3239} INFO - Sync 2 DAGs
[2026-06-29T22:32:01.038+0000] {logging_mixin.py:190} INFO - [2026-06-29T22:32:01.037+0000] {dag.py:4180} INFO - Setting next_dagrun for example_subdag_operator.section-1 to None, run_after=None
[2026-06-29T22:32:01.054+0000] {logging_mixin.py:190} INFO - [2026-06-29T22:32:01.051+0000] {dag.py:4180} INFO - Setting next_dagrun for example_subdag_operator.section-2 to None, run_after=None
[2026-06-29T22:32:01.192+0000] {processor.py:208} INFO - Processing /home/airflow/.local/lib/python3.12/site-packages/airflow/example_dags/example_subdag_operator.py took 0.636 seconds
[2026-06-29T22:32:31.560+0000] {processor.py:186} INFO - Started process (PID=3165) to work on /home/airflow/.local/lib/python3.12/site-packages/airflow/example_dags/example_subdag_operator.py
[2026-06-29T22:32:31.579+0000] {processor.py:914} INFO - Processing file /home/airflow/.local/lib/python3.12/site-packages/airflow/example_dags/example_subdag_operator.py for tasks to queue
[2026-06-29T22:32:31.622+0000] {logging_mixin.py:190} INFO - [2026-06-29T22:32:31.610+0000] {dagbag.py:588} INFO - Filling up the DagBag from /home/airflow/.local/lib/python3.12/site-packages/airflow/example_dags/example_subdag_operator.py
[2026-06-29T22:32:31.800+0000] {processor.py:925} INFO - DAG(s) 'example_subdag_operator.section-1', 'example_subdag_operator.section-2', 'example_subdag_operator' retrieved from /home/airflow/.local/lib/python3.12/site-packages/airflow/example_dags/example_subdag_operator.py
[2026-06-29T22:32:31.865+0000] {logging_mixin.py:190} INFO - [2026-06-29T22:32:31.864+0000] {dag.py:3239} INFO - Sync 3 DAGs
[2026-06-29T22:32:32.051+0000] {logging_mixin.py:190} INFO - [2026-06-29T22:32:32.050+0000] {dag.py:4180} INFO - Setting next_dagrun for example_subdag_operator to 2022-01-01 00:00:00+00:00, run_after=2022-01-01 00:00:00+00:00
[2026-06-29T22:32:32.085+0000] {logging_mixin.py:190} INFO - [2026-06-29T22:32:32.085+0000] {dag.py:4180} INFO - Setting next_dagrun for example_subdag_operator.section-1 to None, run_after=None
[2026-06-29T22:32:32.107+0000] {logging_mixin.py:190} INFO - [2026-06-29T22:32:32.106+0000] {dag.py:4180} INFO - Setting next_dagrun for example_subdag_operator.section-2 to None, run_after=None
[2026-06-29T22:32:32.159+0000] {logging_mixin.py:190} INFO - [2026-06-29T22:32:32.157+0000] {dag.py:3239} INFO - Sync 2 DAGs
[2026-06-29T22:32:32.191+0000] {logging_mixin.py:190} INFO - [2026-06-29T22:32:32.189+0000] {dag.py:4180} INFO - Setting next_dagrun for example_subdag_operator.section-1 to None, run_after=None
[2026-06-29T22:32:32.194+0000] {logging_mixin.py:190} INFO - [2026-06-29T22:32:32.193+0000] {dag.py:4180} INFO - Setting next_dagrun for example_subdag_operator.section-2 to None, run_after=None
[2026-06-29T22:32:32.241+0000] {processor.py:208} INFO - Processing /home/airflow/.local/lib/python3.12/site-packages/airflow/example_dags/example_subdag_operator.py took 0.698 seconds
[2026-06-29T22:33:03.097+0000] {processor.py:186} INFO - Started process (PID=3243) to work on /home/airflow/.local/lib/python3.12/site-packages/airflow/example_dags/example_subdag_operator.py
[2026-06-29T22:33:03.099+0000] {processor.py:914} INFO - Processing file /home/airflow/.local/lib/python3.12/site-packages/airflow/example_dags/example_subdag_operator.py for tasks to queue
[2026-06-29T22:33:03.104+0000] {logging_mixin.py:190} INFO - [2026-06-29T22:33:03.103+0000] {dagbag.py:588} INFO - Filling up the DagBag from /home/airflow/.local/lib/python3.12/site-packages/airflow/example_dags/example_subdag_operator.py
[2026-06-29T22:33:03.136+0000] {processor.py:925} INFO - DAG(s) 'example_subdag_operator.section-1', 'example_subdag_operator.section-2', 'example_subdag_operator' retrieved from /home/airflow/.local/lib/python3.12/site-packages/airflow/example_dags/example_subdag_operator.py
[2026-06-29T22:33:03.154+0000] {logging_mixin.py:190} INFO - [2026-06-29T22:33:03.154+0000] {dag.py:3239} INFO - Sync 3 DAGs
[2026-06-29T22:33:03.209+0000] {logging_mixin.py:190} INFO - [2026-06-29T22:33:03.207+0000] {dag.py:4180} INFO - Setting next_dagrun for example_subdag_operator to 2022-01-01 00:00:00+00:00, run_after=2022-01-01 00:00:00+00:00
[2026-06-29T22:33:03.218+0000] {logging_mixin.py:190} INFO - [2026-06-29T22:33:03.218+0000] {dag.py:4180} INFO - Setting next_dagrun for example_subdag_operator.section-1 to None, run_after=None
[2026-06-29T22:33:03.225+0000] {logging_mixin.py:190} INFO - [2026-06-29T22:33:03.223+0000] {dag.py:4180} INFO - Setting next_dagrun for example_subdag_operator.section-2 to None, run_after=None
[2026-06-29T22:33:03.246+0000] {logging_mixin.py:190} INFO - [2026-06-29T22:33:03.245+0000] {dag.py:3239} INFO - Sync 2 DAGs
[2026-06-29T22:33:03.259+0000] {logging_mixin.py:190} INFO - [2026-06-29T22:33:03.258+0000] {dag.py:4180} INFO - Setting next_dagrun for example_subdag_operator.section-1 to None, run_after=None
[2026-06-29T22:33:03.261+0000] {logging_mixin.py:190} INFO - [2026-06-29T22:33:03.261+0000] {dag.py:4180} INFO - Setting next_dagrun for example_subdag_operator.section-2 to None, run_after=None
[2026-06-29T22:33:03.287+0000] {processor.py:208} INFO - Processing /home/airflow/.local/lib/python3.12/site-packages/airflow/example_dags/example_subdag_operator.py took 0.200 seconds
[2026-06-29T22:33:33.839+0000] {processor.py:186} INFO - Started process (PID=3307) to work on /home/airflow/.local/lib/python3.12/site-packages/airflow/example_dags/example_subdag_operator.py
[2026-06-29T22:33:33.841+0000] {processor.py:914} INFO - Processing file /home/airflow/.local/lib/python3.12/site-packages/airflow/example_dags/example_subdag_operator.py for tasks to queue
[2026-06-29T22:33:33.844+0000] {logging_mixin.py:190} INFO - [2026-06-29T22:33:33.843+0000] {dagbag.py:588} INFO - Filling up the DagBag from /home/airflow/.local/lib/python3.12/site-packages/airflow/example_dags/example_subdag_operator.py
[2026-06-29T22:33:33.876+0000] {processor.py:925} INFO - DAG(s) 'example_subdag_operator.section-1', 'example_subdag_operator.section-2', 'example_subdag_operator' retrieved from /home/airflow/.local/lib/python3.12/site-packages/airflow/example_dags/example_subdag_operator.py
[2026-06-29T22:33:33.894+0000] {logging_mixin.py:190} INFO - [2026-06-29T22:33:33.893+0000] {dag.py:3239} INFO - Sync 3 DAGs
[2026-06-29T22:33:33.924+0000] {logging_mixin.py:190} INFO - [2026-06-29T22:33:33.924+0000] {dag.py:4180} INFO - Setting next_dagrun for example_subdag_operator to 2022-01-01 00:00:00+00:00, run_after=2022-01-01 00:00:00+00:00
[2026-06-29T22:33:33.929+0000] {logging_mixin.py:190} INFO - [2026-06-29T22:33:33.929+0000] {dag.py:4180} INFO - Setting next_dagrun for example_subdag_operator.section-1 to None, run_after=None
[2026-06-29T22:33:33.931+0000] {logging_mixin.py:190} INFO - [2026-06-29T22:33:33.931+0000] {dag.py:4180} INFO - Setting next_dagrun for example_subdag_operator.section-2 to None, run_after=None
[2026-06-29T22:33:33.940+0000] {logging_mixin.py:190} INFO - [2026-06-29T22:33:33.940+0000] {dag.py:3239} INFO - Sync 2 DAGs
[2026-06-29T22:33:33.947+0000] {logging_mixin.py:190} INFO - [2026-06-29T22:33:33.946+0000] {dag.py:4180} INFO - Setting next_dagrun for example_subdag_operator.section-1 to None, run_after=None
[2026-06-29T22:33:33.947+0000] {logging_mixin.py:190} INFO - [2026-06-29T22:33:33.947+0000] {dag.py:4180} INFO - Setting next_dagrun for example_subdag_operator.section-2 to None, run_after=None
[2026-06-29T22:33:33.962+0000] {processor.py:208} INFO - Processing /home/airflow/.local/lib/python3.12/site-packages/airflow/example_dags/example_subdag_operator.py took 0.131 seconds
[2026-06-29T22:34:04.282+0000] {processor.py:186} INFO - Started process (PID=3371) to work on /home/airflow/.local/lib/python3.12/site-packages/airflow/example_dags/example_subdag_operator.py
[2026-06-29T22:34:04.284+0000] {processor.py:914} INFO - Processing file /home/airflow/.local/lib/python3.12/site-packages/airflow/example_dags/example_subdag_operator.py for tasks to queue
[2026-06-29T22:34:04.288+0000] {logging_mixin.py:190} INFO - [2026-06-29T22:34:04.287+0000] {dagbag.py:588} INFO - Filling up the DagBag from /home/airflow/.local/lib/python3.12/site-packages/airflow/example_dags/example_subdag_operator.py
[2026-06-29T22:34:04.315+0000] {processor.py:925} INFO - DAG(s) 'example_subdag_operator.section-1', 'example_subdag_operator.section-2', 'example_subdag_operator' retrieved from /home/airflow/.local/lib/python3.12/site-packages/airflow/example_dags/example_subdag_operator.py
[2026-06-29T22:34:04.330+0000] {logging_mixin.py:190} INFO - [2026-06-29T22:34:04.330+0000] {dag.py:3239} INFO - Sync 3 DAGs
[2026-06-29T22:34:04.353+0000] {logging_mixin.py:190} INFO - [2026-06-29T22:34:04.353+0000] {dag.py:4180} INFO - Setting next_dagrun for example_subdag_operator to 2022-01-01 00:00:00+00:00, run_after=2022-01-01 00:00:00+00:00
[2026-06-29T22:34:04.358+0000] {logging_mixin.py:190} INFO - [2026-06-29T22:34:04.357+0000] {dag.py:4180} INFO - Setting next_dagrun for example_subdag_operator.section-1 to None, run_after=None
[2026-06-29T22:34:04.361+0000] {logging_mixin.py:190} INFO - [2026-06-29T22:34:04.360+0000] {dag.py:4180} INFO - Setting next_dagrun for example_subdag_operator.section-2 to None, run_after=None
[2026-06-29T22:34:04.370+0000] {logging_mixin.py:190} INFO - [2026-06-29T22:34:04.370+0000] {dag.py:3239} INFO - Sync 2 DAGs
[2026-06-29T22:34:04.376+0000] {logging_mixin.py:190} INFO - [2026-06-29T22:34:04.376+0000] {dag.py:4180} INFO - Setting next_dagrun for example_subdag_operator.section-1 to None, run_after=None
[2026-06-29T22:34:04.378+0000] {logging_mixin.py:190} INFO - [2026-06-29T22:34:04.377+0000] {dag.py:4180} INFO - Setting next_dagrun for example_subdag_operator.section-2 to None, run_after=None
[2026-06-29T22:34:04.391+0000] {processor.py:208} INFO - Processing /home/airflow/.local/lib/python3.12/site-packages/airflow/example_dags/example_subdag_operator.py took 0.119 seconds
[2026-06-29T22:34:34.569+0000] {processor.py:186} INFO - Started process (PID=3435) to work on /home/airflow/.local/lib/python3.12/site-packages/airflow/example_dags/example_subdag_operator.py
[2026-06-29T22:34:34.571+0000] {processor.py:914} INFO - Processing file /home/airflow/.local/lib/python3.12/site-packages/airflow/example_dags/example_subdag_operator.py for tasks to queue
[2026-06-29T22:34:34.579+0000] {logging_mixin.py:190} INFO - [2026-06-29T22:34:34.578+0000] {dagbag.py:588} INFO - Filling up the DagBag from /home/airflow/.local/lib/python3.12/site-packages/airflow/example_dags/example_subdag_operator.py
[2026-06-29T22:34:34.653+0000] {processor.py:925} INFO - DAG(s) 'example_subdag_operator.section-1', 'example_subdag_operator.section-2', 'example_subdag_operator' retrieved from /home/airflow/.local/lib/python3.12/site-packages/airflow/example_dags/example_subdag_operator.py
[2026-06-29T22:34:34.690+0000] {logging_mixin.py:190} INFO - [2026-06-29T22:34:34.689+0000] {dag.py:3239} INFO - Sync 3 DAGs
[2026-06-29T22:34:34.742+0000] {logging_mixin.py:190} INFO - [2026-06-29T22:34:34.742+0000] {dag.py:4180} INFO - Setting next_dagrun for example_subdag_operator to 2022-01-01 00:00:00+00:00, run_after=2022-01-01 00:00:00+00:00
[2026-06-29T22:34:34.751+0000] {logging_mixin.py:190} INFO - [2026-06-29T22:34:34.750+0000] {dag.py:4180} INFO - Setting next_dagrun for example_subdag_operator.section-1 to None, run_after=None
[2026-06-29T22:34:34.757+0000] {logging_mixin.py:190} INFO - [2026-06-29T22:34:34.756+0000] {dag.py:4180} INFO - Setting next_dagrun for example_subdag_operator.section-2 to None, run_after=None
[2026-06-29T22:34:34.778+0000] {logging_mixin.py:190} INFO - [2026-06-29T22:34:34.778+0000] {dag.py:3239} INFO - Sync 2 DAGs
[2026-06-29T22:34:34.794+0000] {logging_mixin.py:190} INFO - [2026-06-29T22:34:34.793+0000] {dag.py:4180} INFO - Setting next_dagrun for example_subdag_operator.section-1 to None, run_after=None
[2026-06-29T22:34:34.796+0000] {logging_mixin.py:190} INFO - [2026-06-29T22:34:34.795+0000] {dag.py:4180} INFO - Setting next_dagrun for example_subdag_operator.section-2 to None, run_after=None
[2026-06-29T22:34:34.831+0000] {processor.py:208} INFO - Processing /home/airflow/.local/lib/python3.12/site-packages/airflow/example_dags/example_subdag_operator.py took 0.284 seconds
[2026-06-29T22:35:05.185+0000] {processor.py:186} INFO - Started process (PID=3499) to work on /home/airflow/.local/lib/python3.12/site-packages/airflow/example_dags/example_subdag_operator.py
[2026-06-29T22:35:05.186+0000] {processor.py:914} INFO - Processing file /home/airflow/.local/lib/python3.12/site-packages/airflow/example_dags/example_subdag_operator.py for tasks to queue
[2026-06-29T22:35:05.189+0000] {logging_mixin.py:190} INFO - [2026-06-29T22:35:05.189+0000] {dagbag.py:588} INFO - Filling up the DagBag from /home/airflow/.local/lib/python3.12/site-packages/airflow/example_dags/example_subdag_operator.py
[2026-06-29T22:35:05.215+0000] {processor.py:925} INFO - DAG(s) 'example_subdag_operator.section-1', 'example_subdag_operator.section-2', 'example_subdag_operator' retrieved from /home/airflow/.local/lib/python3.12/site-packages/airflow/example_dags/example_subdag_operator.py
[2026-06-29T22:35:05.231+0000] {logging_mixin.py:190} INFO - [2026-06-29T22:35:05.231+0000] {dag.py:3239} INFO - Sync 3 DAGs
[2026-06-29T22:35:05.255+0000] {logging_mixin.py:190} INFO - [2026-06-29T22:35:05.255+0000] {dag.py:4180} INFO - Setting next_dagrun for example_subdag_operator to 2022-01-01 00:00:00+00:00, run_after=2022-01-01 00:00:00+00:00
[2026-06-29T22:35:05.259+0000] {logging_mixin.py:190} INFO - [2026-06-29T22:35:05.259+0000] {dag.py:4180} INFO - Setting next_dagrun for example_subdag_operator.section-1 to None, run_after=None
[2026-06-29T22:35:05.261+0000] {logging_mixin.py:190} INFO - [2026-06-29T22:35:05.261+0000] {dag.py:4180} INFO - Setting next_dagrun for example_subdag_operator.section-2 to None, run_after=None
[2026-06-29T22:35:05.270+0000] {logging_mixin.py:190} INFO - [2026-06-29T22:35:05.270+0000] {dag.py:3239} INFO - Sync 2 DAGs
[2026-06-29T22:35:05.276+0000] {logging_mixin.py:190} INFO - [2026-06-29T22:35:05.276+0000] {dag.py:4180} INFO - Setting next_dagrun for example_subdag_operator.section-1 to None, run_after=None
[2026-06-29T22:35:05.277+0000] {logging_mixin.py:190} INFO - [2026-06-29T22:35:05.277+0000] {dag.py:4180} INFO - Setting next_dagrun for example_subdag_operator.section-2 to None, run_after=None
[2026-06-29T22:35:05.290+0000] {processor.py:208} INFO - Processing /home/airflow/.local/lib/python3.12/site-packages/airflow/example_dags/example_subdag_operator.py took 0.115 seconds
[2026-06-29T22:35:35.623+0000] {processor.py:186} INFO - Started process (PID=3563) to work on /home/airflow/.local/lib/python3.12/site-packages/airflow/example_dags/example_subdag_operator.py
[2026-06-29T22:35:35.625+0000] {processor.py:914} INFO - Processing file /home/airflow/.local/lib/python3.12/site-packages/airflow/example_dags/example_subdag_operator.py for tasks to queue
[2026-06-29T22:35:35.628+0000] {logging_mixin.py:190} INFO - [2026-06-29T22:35:35.628+0000] {dagbag.py:588} INFO - Filling up the DagBag from /home/airflow/.local/lib/python3.12/site-packages/airflow/example_dags/example_subdag_operator.py
[2026-06-29T22:35:35.658+0000] {processor.py:925} INFO - DAG(s) 'example_subdag_operator.section-1', 'example_subdag_operator.section-2', 'example_subdag_operator' retrieved from /home/airflow/.local/lib/python3.12/site-packages/airflow/example_dags/example_subdag_operator.py
[2026-06-29T22:35:35.674+0000] {logging_mixin.py:190} INFO - [2026-06-29T22:35:35.674+0000] {dag.py:3239} INFO - Sync 3 DAGs
[2026-06-29T22:35:35.698+0000] {logging_mixin.py:190} INFO - [2026-06-29T22:35:35.697+0000] {dag.py:4180} INFO - Setting next_dagrun for example_subdag_operator to 2022-01-01 00:00:00+00:00, run_after=2022-01-01 00:00:00+00:00
[2026-06-29T22:35:35.702+0000] {logging_mixin.py:190} INFO - [2026-06-29T22:35:35.702+0000] {dag.py:4180} INFO - Setting next_dagrun for example_subdag_operator.section-1 to None, run_after=None
[2026-06-29T22:35:35.704+0000] {logging_mixin.py:190} INFO - [2026-06-29T22:35:35.704+0000] {dag.py:4180} INFO - Setting next_dagrun for example_subdag_operator.section-2 to None, run_after=None
[2026-06-29T22:35:35.712+0000] {logging_mixin.py:190} INFO - [2026-06-29T22:35:35.712+0000] {dag.py:3239} INFO - Sync 2 DAGs
[2026-06-29T22:35:35.719+0000] {logging_mixin.py:190} INFO - [2026-06-29T22:35:35.718+0000] {dag.py:4180} INFO - Setting next_dagrun for example_subdag_operator.section-1 to None, run_after=None
[2026-06-29T22:35:35.720+0000] {logging_mixin.py:190} INFO - [2026-06-29T22:35:35.720+0000] {dag.py:4180} INFO - Setting next_dagrun for example_subdag_operator.section-2 to None, run_after=None
[2026-06-29T22:35:35.734+0000] {processor.py:208} INFO - Processing /home/airflow/.local/lib/python3.12/site-packages/airflow/example_dags/example_subdag_operator.py took 0.121 seconds
[2026-06-29T22:36:05.851+0000] {processor.py:186} INFO - Started process (PID=3627) to work on /home/airflow/.local/lib/python3.12/site-packages/airflow/example_dags/example_subdag_operator.py
[2026-06-29T22:36:05.853+0000] {processor.py:914} INFO - Processing file /home/airflow/.local/lib/python3.12/site-packages/airflow/example_dags/example_subdag_operator.py for tasks to queue
[2026-06-29T22:36:05.857+0000] {logging_mixin.py:190} INFO - [2026-06-29T22:36:05.856+0000] {dagbag.py:588} INFO - Filling up the DagBag from /home/airflow/.local/lib/python3.12/site-packages/airflow/example_dags/example_subdag_operator.py
[2026-06-29T22:36:05.890+0000] {processor.py:925} INFO - DAG(s) 'example_subdag_operator.section-1', 'example_subdag_operator.section-2', 'example_subdag_operator' retrieved from /home/airflow/.local/lib/python3.12/site-packages/airflow/example_dags/example_subdag_operator.py
[2026-06-29T22:36:05.906+0000] {logging_mixin.py:190} INFO - [2026-06-29T22:36:05.906+0000] {dag.py:3239} INFO - Sync 3 DAGs
[2026-06-29T22:36:05.930+0000] {logging_mixin.py:190} INFO - [2026-06-29T22:36:05.930+0000] {dag.py:4180} INFO - Setting next_dagrun for example_subdag_operator to 2022-01-01 00:00:00+00:00, run_after=2022-01-01 00:00:00+00:00
[2026-06-29T22:36:05.934+0000] {logging_mixin.py:190} INFO - [2026-06-29T22:36:05.934+0000] {dag.py:4180} INFO - Setting next_dagrun for example_subdag_operator.section-1 to None, run_after=None
[2026-06-29T22:36:05.936+0000] {logging_mixin.py:190} INFO - [2026-06-29T22:36:05.936+0000] {dag.py:4180} INFO - Setting next_dagrun for example_subdag_operator.section-2 to None, run_after=None
[2026-06-29T22:36:05.945+0000] {logging_mixin.py:190} INFO - [2026-06-29T22:36:05.945+0000] {dag.py:3239} INFO - Sync 2 DAGs
[2026-06-29T22:36:05.952+0000] {logging_mixin.py:190} INFO - [2026-06-29T22:36:05.951+0000] {dag.py:4180} INFO - Setting next_dagrun for example_subdag_operator.section-1 to None, run_after=None
[2026-06-29T22:36:05.953+0000] {logging_mixin.py:190} INFO - [2026-06-29T22:36:05.952+0000] {dag.py:4180} INFO - Setting next_dagrun for example_subdag_operator.section-2 to None, run_after=None
[2026-06-29T22:36:05.966+0000] {processor.py:208} INFO - Processing /home/airflow/.local/lib/python3.12/site-packages/airflow/example_dags/example_subdag_operator.py took 0.124 seconds
[2026-06-29T22:36:36.361+0000] {processor.py:186} INFO - Started process (PID=3691) to work on /home/airflow/.local/lib/python3.12/site-packages/airflow/example_dags/example_subdag_operator.py
[2026-06-29T22:36:36.363+0000] {processor.py:914} INFO - Processing file /home/airflow/.local/lib/python3.12/site-packages/airflow/example_dags/example_subdag_operator.py for tasks to queue
[2026-06-29T22:36:36.368+0000] {logging_mixin.py:190} INFO - [2026-06-29T22:36:36.367+0000] {dagbag.py:588} INFO - Filling up the DagBag from /home/airflow/.local/lib/python3.12/site-packages/airflow/example_dags/example_subdag_operator.py
[2026-06-29T22:36:36.405+0000] {processor.py:925} INFO - DAG(s) 'example_subdag_operator.section-1', 'example_subdag_operator.section-2', 'example_subdag_operator' retrieved from /home/airflow/.local/lib/python3.12/site-packages/airflow/example_dags/example_subdag_operator.py
[2026-06-29T22:36:36.430+0000] {logging_mixin.py:190} INFO - [2026-06-29T22:36:36.429+0000] {dag.py:3239} INFO - Sync 3 DAGs
[2026-06-29T22:36:36.464+0000] {logging_mixin.py:190} INFO - [2026-06-29T22:36:36.463+0000] {dag.py:4180} INFO - Setting next_dagrun for example_subdag_operator to 2022-01-01 00:00:00+00:00, run_after=2022-01-01 00:00:00+00:00
[2026-06-29T22:36:36.469+0000] {logging_mixin.py:190} INFO - [2026-06-29T22:36:36.469+0000] {dag.py:4180} INFO - Setting next_dagrun for example_subdag_operator.section-1 to None, run_after=None
[2026-06-29T22:36:36.471+0000] {logging_mixin.py:190} INFO - [2026-06-29T22:36:36.471+0000] {dag.py:4180} INFO - Setting next_dagrun for example_subdag_operator.section-2 to None, run_after=None
[2026-06-29T22:36:36.481+0000] {logging_mixin.py:190} INFO - [2026-06-29T22:36:36.481+0000] {dag.py:3239} INFO - Sync 2 DAGs
[2026-06-29T22:36:36.488+0000] {logging_mixin.py:190} INFO - [2026-06-29T22:36:36.488+0000] {dag.py:4180} INFO - Setting next_dagrun for example_subdag_operator.section-1 to None, run_after=None
[2026-06-29T22:36:36.489+0000] {logging_mixin.py:190} INFO - [2026-06-29T22:36:36.489+0000] {dag.py:4180} INFO - Setting next_dagrun for example_subdag_operator.section-2 to None, run_after=None
[2026-06-29T22:36:36.507+0000] {processor.py:208} INFO - Processing /home/airflow/.local/lib/python3.12/site-packages/airflow/example_dags/example_subdag_operator.py took 0.158 seconds
[2026-06-29T22:37:06.949+0000] {processor.py:186} INFO - Started process (PID=3755) to work on /home/airflow/.local/lib/python3.12/site-packages/airflow/example_dags/example_subdag_operator.py
[2026-06-29T22:37:06.951+0000] {processor.py:914} INFO - Processing file /home/airflow/.local/lib/python3.12/site-packages/airflow/example_dags/example_subdag_operator.py for tasks to queue
[2026-06-29T22:37:06.955+0000] {logging_mixin.py:190} INFO - [2026-06-29T22:37:06.954+0000] {dagbag.py:588} INFO - Filling up the DagBag from /home/airflow/.local/lib/python3.12/site-packages/airflow/example_dags/example_subdag_operator.py
[2026-06-29T22:37:06.988+0000] {processor.py:925} INFO - DAG(s) 'example_subdag_operator.section-1', 'example_subdag_operator.section-2', 'example_subdag_operator' retrieved from /home/airflow/.local/lib/python3.12/site-packages/airflow/example_dags/example_subdag_operator.py
[2026-06-29T22:37:07.006+0000] {logging_mixin.py:190} INFO - [2026-06-29T22:37:07.006+0000] {dag.py:3239} INFO - Sync 3 DAGs
[2026-06-29T22:37:07.039+0000] {logging_mixin.py:190} INFO - [2026-06-29T22:37:07.039+0000] {dag.py:4180} INFO - Setting next_dagrun for example_subdag_operator to 2022-01-01 00:00:00+00:00, run_after=2022-01-01 00:00:00+00:00
[2026-06-29T22:37:07.046+0000] {logging_mixin.py:190} INFO - [2026-06-29T22:37:07.045+0000] {dag.py:4180} INFO - Setting next_dagrun for example_subdag_operator.section-1 to None, run_after=None
[2026-06-29T22:37:07.048+0000] {logging_mixin.py:190} INFO - [2026-06-29T22:37:07.048+0000] {dag.py:4180} INFO - Setting next_dagrun for example_subdag_operator.section-2 to None, run_after=None
[2026-06-29T22:37:07.060+0000] {logging_mixin.py:190} INFO - [2026-06-29T22:37:07.059+0000] {dag.py:3239} INFO - Sync 2 DAGs
[2026-06-29T22:37:07.070+0000] {logging_mixin.py:190} INFO - [2026-06-29T22:37:07.070+0000] {dag.py:4180} INFO - Setting next_dagrun for example_subdag_operator.section-1 to None, run_after=None
[2026-06-29T22:37:07.071+0000] {logging_mixin.py:190} INFO - [2026-06-29T22:37:07.071+0000] {dag.py:4180} INFO - Setting next_dagrun for example_subdag_operator.section-2 to None, run_after=None
[2026-06-29T22:37:07.088+0000] {processor.py:208} INFO - Processing /home/airflow/.local/lib/python3.12/site-packages/airflow/example_dags/example_subdag_operator.py took 0.151 seconds
[2026-06-29T22:37:37.310+0000] {processor.py:186} INFO - Started process (PID=3818) to work on /home/airflow/.local/lib/python3.12/site-packages/airflow/example_dags/example_subdag_operator.py
[2026-06-29T22:37:37.313+0000] {processor.py:914} INFO - Processing file /home/airflow/.local/lib/python3.12/site-packages/airflow/example_dags/example_subdag_operator.py for tasks to queue
[2026-06-29T22:37:37.320+0000] {logging_mixin.py:190} INFO - [2026-06-29T22:37:37.319+0000] {dagbag.py:588} INFO - Filling up the DagBag from /home/airflow/.local/lib/python3.12/site-packages/airflow/example_dags/example_subdag_operator.py
[2026-06-29T22:37:37.369+0000] {processor.py:925} INFO - DAG(s) 'example_subdag_operator.section-1', 'example_subdag_operator.section-2', 'example_subdag_operator' retrieved from /home/airflow/.local/lib/python3.12/site-packages/airflow/example_dags/example_subdag_operator.py
[2026-06-29T22:37:37.387+0000] {logging_mixin.py:190} INFO - [2026-06-29T22:37:37.386+0000] {dag.py:3239} INFO - Sync 3 DAGs
[2026-06-29T22:37:37.412+0000] {logging_mixin.py:190} INFO - [2026-06-29T22:37:37.412+0000] {dag.py:4180} INFO - Setting next_dagrun for example_subdag_operator to 2022-01-01 00:00:00+00:00, run_after=2022-01-01 00:00:00+00:00
[2026-06-29T22:37:37.417+0000] {logging_mixin.py:190} INFO - [2026-06-29T22:37:37.416+0000] {dag.py:4180} INFO - Setting next_dagrun for example_subdag_operator.section-1 to None, run_after=None
[2026-06-29T22:37:37.420+0000] {logging_mixin.py:190} INFO - [2026-06-29T22:37:37.419+0000] {dag.py:4180} INFO - Setting next_dagrun for example_subdag_operator.section-2 to None, run_after=None
[2026-06-29T22:37:37.429+0000] {logging_mixin.py:190} INFO - [2026-06-29T22:37:37.429+0000] {dag.py:3239} INFO - Sync 2 DAGs
[2026-06-29T22:37:37.435+0000] {logging_mixin.py:190} INFO - [2026-06-29T22:37:37.435+0000] {dag.py:4180} INFO - Setting next_dagrun for example_subdag_operator.section-1 to None, run_after=None
[2026-06-29T22:37:37.436+0000] {logging_mixin.py:190} INFO - [2026-06-29T22:37:37.436+0000] {dag.py:4180} INFO - Setting next_dagrun for example_subdag_operator.section-2 to None, run_after=None
[2026-06-29T22:37:37.450+0000] {processor.py:208} INFO - Processing /home/airflow/.local/lib/python3.12/site-packages/airflow/example_dags/example_subdag_operator.py took 0.152 seconds
[2026-06-29T22:38:08.149+0000] {processor.py:186} INFO - Started process (PID=3882) to work on /home/airflow/.local/lib/python3.12/site-packages/airflow/example_dags/example_subdag_operator.py
[2026-06-29T22:38:08.151+0000] {processor.py:914} INFO - Processing file /home/airflow/.local/lib/python3.12/site-packages/airflow/example_dags/example_subdag_operator.py for tasks to queue
[2026-06-29T22:38:08.154+0000] {logging_mixin.py:190} INFO - [2026-06-29T22:38:08.154+0000] {dagbag.py:588} INFO - Filling up the DagBag from /home/airflow/.local/lib/python3.12/site-packages/airflow/example_dags/example_subdag_operator.py
[2026-06-29T22:38:08.184+0000] {processor.py:925} INFO - DAG(s) 'example_subdag_operator.section-1', 'example_subdag_operator.section-2', 'example_subdag_operator' retrieved from /home/airflow/.local/lib/python3.12/site-packages/airflow/example_dags/example_subdag_operator.py
[2026-06-29T22:38:08.198+0000] {logging_mixin.py:190} INFO - [2026-06-29T22:38:08.198+0000] {dag.py:3239} INFO - Sync 3 DAGs
[2026-06-29T22:38:08.388+0000] {logging_mixin.py:190} INFO - [2026-06-29T22:38:08.388+0000] {dag.py:4180} INFO - Setting next_dagrun for example_subdag_operator to 2022-01-01 00:00:00+00:00, run_after=2022-01-01 00:00:00+00:00
[2026-06-29T22:38:08.393+0000] {logging_mixin.py:190} INFO - [2026-06-29T22:38:08.393+0000] {dag.py:4180} INFO - Setting next_dagrun for example_subdag_operator.section-1 to None, run_after=None
[2026-06-29T22:38:08.396+0000] {logging_mixin.py:190} INFO - [2026-06-29T22:38:08.395+0000] {dag.py:4180} INFO - Setting next_dagrun for example_subdag_operator.section-2 to None, run_after=None
[2026-06-29T22:38:08.403+0000] {logging_mixin.py:190} INFO - [2026-06-29T22:38:08.403+0000] {dag.py:3239} INFO - Sync 2 DAGs
[2026-06-29T22:38:08.411+0000] {logging_mixin.py:190} INFO - [2026-06-29T22:38:08.411+0000] {dag.py:4180} INFO - Setting next_dagrun for example_subdag_operator.section-1 to None, run_after=None
[2026-06-29T22:38:08.412+0000] {logging_mixin.py:190} INFO - [2026-06-29T22:38:08.412+0000] {dag.py:4180} INFO - Setting next_dagrun for example_subdag_operator.section-2 to None, run_after=None
[2026-06-29T22:38:08.426+0000] {processor.py:208} INFO - Processing /home/airflow/.local/lib/python3.12/site-packages/airflow/example_dags/example_subdag_operator.py took 0.286 seconds
[2026-06-29T22:38:38.741+0000] {processor.py:186} INFO - Started process (PID=3946) to work on /home/airflow/.local/lib/python3.12/site-packages/airflow/example_dags/example_subdag_operator.py
[2026-06-29T22:38:38.743+0000] {processor.py:914} INFO - Processing file /home/airflow/.local/lib/python3.12/site-packages/airflow/example_dags/example_subdag_operator.py for tasks to queue
[2026-06-29T22:38:38.748+0000] {logging_mixin.py:190} INFO - [2026-06-29T22:38:38.748+0000] {dagbag.py:588} INFO - Filling up the DagBag from /home/airflow/.local/lib/python3.12/site-packages/airflow/example_dags/example_subdag_operator.py
[2026-06-29T22:38:38.790+0000] {processor.py:925} INFO - DAG(s) 'example_subdag_operator.section-1', 'example_subdag_operator.section-2', 'example_subdag_operator' retrieved from /home/airflow/.local/lib/python3.12/site-packages/airflow/example_dags/example_subdag_operator.py
[2026-06-29T22:38:38.816+0000] {logging_mixin.py:190} INFO - [2026-06-29T22:38:38.815+0000] {dag.py:3239} INFO - Sync 3 DAGs
[2026-06-29T22:38:38.851+0000] {logging_mixin.py:190} INFO - [2026-06-29T22:38:38.851+0000] {dag.py:4180} INFO - Setting next_dagrun for example_subdag_operator to 2022-01-01 00:00:00+00:00, run_after=2022-01-01 00:00:00+00:00
[2026-06-29T22:38:39.079+0000] {logging_mixin.py:190} INFO - [2026-06-29T22:38:39.079+0000] {dag.py:4180} INFO - Setting next_dagrun for example_subdag_operator.section-1 to None, run_after=None
[2026-06-29T22:38:39.082+0000] {logging_mixin.py:190} INFO - [2026-06-29T22:38:39.082+0000] {dag.py:4180} INFO - Setting next_dagrun for example_subdag_operator.section-2 to None, run_after=None
[2026-06-29T22:38:39.096+0000] {logging_mixin.py:190} INFO - [2026-06-29T22:38:39.095+0000] {dag.py:3239} INFO - Sync 2 DAGs
[2026-06-29T22:38:39.106+0000] {logging_mixin.py:190} INFO - [2026-06-29T22:38:39.106+0000] {dag.py:4180} INFO - Setting next_dagrun for example_subdag_operator.section-1 to None, run_after=None
[2026-06-29T22:38:39.107+0000] {logging_mixin.py:190} INFO - [2026-06-29T22:38:39.107+0000] {dag.py:4180} INFO - Setting next_dagrun for example_subdag_operator.section-2 to None, run_after=None
[2026-06-29T22:38:39.130+0000] {processor.py:208} INFO - Processing /home/airflow/.local/lib/python3.12/site-packages/airflow/example_dags/example_subdag_operator.py took 0.402 seconds
[2026-06-29T22:39:09.785+0000] {processor.py:186} INFO - Started process (PID=4010) to work on /home/airflow/.local/lib/python3.12/site-packages/airflow/example_dags/example_subdag_operator.py
[2026-06-29T22:39:09.787+0000] {processor.py:914} INFO - Processing file /home/airflow/.local/lib/python3.12/site-packages/airflow/example_dags/example_subdag_operator.py for tasks to queue
[2026-06-29T22:39:09.791+0000] {logging_mixin.py:190} INFO - [2026-06-29T22:39:09.790+0000] {dagbag.py:588} INFO - Filling up the DagBag from /home/airflow/.local/lib/python3.12/site-packages/airflow/example_dags/example_subdag_operator.py
[2026-06-29T22:39:09.829+0000] {processor.py:925} INFO - DAG(s) 'example_subdag_operator.section-1', 'example_subdag_operator.section-2', 'example_subdag_operator' retrieved from /home/airflow/.local/lib/python3.12/site-packages/airflow/example_dags/example_subdag_operator.py
[2026-06-29T22:39:09.845+0000] {logging_mixin.py:190} INFO - [2026-06-29T22:39:09.845+0000] {dag.py:3239} INFO - Sync 3 DAGs
[2026-06-29T22:39:09.874+0000] {logging_mixin.py:190} INFO - [2026-06-29T22:39:09.873+0000] {dag.py:4180} INFO - Setting next_dagrun for example_subdag_operator to 2022-01-01 00:00:00+00:00, run_after=2022-01-01 00:00:00+00:00
[2026-06-29T22:39:09.879+0000] {logging_mixin.py:190} INFO - [2026-06-29T22:39:09.879+0000] {dag.py:4180} INFO - Setting next_dagrun for example_subdag_operator.section-1 to None, run_after=None
[2026-06-29T22:39:09.882+0000] {logging_mixin.py:190} INFO - [2026-06-29T22:39:09.881+0000] {dag.py:4180} INFO - Setting next_dagrun for example_subdag_operator.section-2 to None, run_after=None
[2026-06-29T22:39:09.897+0000] {logging_mixin.py:190} INFO - [2026-06-29T22:39:09.897+0000] {dag.py:3239} INFO - Sync 2 DAGs
[2026-06-29T22:39:09.908+0000] {logging_mixin.py:190} INFO - [2026-06-29T22:39:09.907+0000] {dag.py:4180} INFO - Setting next_dagrun for example_subdag_operator.section-1 to None, run_after=None
[2026-06-29T22:39:09.909+0000] {logging_mixin.py:190} INFO - [2026-06-29T22:39:09.909+0000] {dag.py:4180} INFO - Setting next_dagrun for example_subdag_operator.section-2 to None, run_after=None
[2026-06-29T22:39:09.929+0000] {processor.py:208} INFO - Processing /home/airflow/.local/lib/python3.12/site-packages/airflow/example_dags/example_subdag_operator.py took 0.153 seconds
[2026-06-29T22:39:40.193+0000] {processor.py:186} INFO - Started process (PID=4074) to work on /home/airflow/.local/lib/python3.12/site-packages/airflow/example_dags/example_subdag_operator.py
[2026-06-29T22:39:40.195+0000] {processor.py:914} INFO - Processing file /home/airflow/.local/lib/python3.12/site-packages/airflow/example_dags/example_subdag_operator.py for tasks to queue
[2026-06-29T22:39:40.199+0000] {logging_mixin.py:190} INFO - [2026-06-29T22:39:40.198+0000] {dagbag.py:588} INFO - Filling up the DagBag from /home/airflow/.local/lib/python3.12/site-packages/airflow/example_dags/example_subdag_operator.py
[2026-06-29T22:39:40.232+0000] {processor.py:925} INFO - DAG(s) 'example_subdag_operator.section-1', 'example_subdag_operator.section-2', 'example_subdag_operator' retrieved from /home/airflow/.local/lib/python3.12/site-packages/airflow/example_dags/example_subdag_operator.py
[2026-06-29T22:39:40.248+0000] {logging_mixin.py:190} INFO - [2026-06-29T22:39:40.247+0000] {dag.py:3239} INFO - Sync 3 DAGs
[2026-06-29T22:39:40.274+0000] {logging_mixin.py:190} INFO - [2026-06-29T22:39:40.273+0000] {dag.py:4180} INFO - Setting next_dagrun for example_subdag_operator to 2022-01-01 00:00:00+00:00, run_after=2022-01-01 00:00:00+00:00
[2026-06-29T22:39:40.279+0000] {logging_mixin.py:190} INFO - [2026-06-29T22:39:40.279+0000] {dag.py:4180} INFO - Setting next_dagrun for example_subdag_operator.section-1 to None, run_after=None
[2026-06-29T22:39:40.281+0000] {logging_mixin.py:190} INFO - [2026-06-29T22:39:40.281+0000] {dag.py:4180} INFO - Setting next_dagrun for example_subdag_operator.section-2 to None, run_after=None
[2026-06-29T22:39:40.291+0000] {logging_mixin.py:190} INFO - [2026-06-29T22:39:40.291+0000] {dag.py:3239} INFO - Sync 2 DAGs
[2026-06-29T22:39:40.297+0000] {logging_mixin.py:190} INFO - [2026-06-29T22:39:40.297+0000] {dag.py:4180} INFO - Setting next_dagrun for example_subdag_operator.section-1 to None, run_after=None
[2026-06-29T22:39:40.298+0000] {logging_mixin.py:190} INFO - [2026-06-29T22:39:40.298+0000] {dag.py:4180} INFO - Setting next_dagrun for example_subdag_operator.section-2 to None, run_after=None
[2026-06-29T22:39:40.312+0000] {processor.py:208} INFO - Processing /home/airflow/.local/lib/python3.12/site-packages/airflow/example_dags/example_subdag_operator.py took 0.132 seconds
[2026-06-29T22:41:28.963+0000] {processor.py:186} INFO - Started process (PID=109) to work on /home/airflow/.local/lib/python3.12/site-packages/airflow/example_dags/example_subdag_operator.py
[2026-06-29T22:41:28.966+0000] {processor.py:914} INFO - Processing file /home/airflow/.local/lib/python3.12/site-packages/airflow/example_dags/example_subdag_operator.py for tasks to queue
[2026-06-29T22:41:28.975+0000] {logging_mixin.py:190} INFO - [2026-06-29T22:41:28.974+0000] {dagbag.py:588} INFO - Filling up the DagBag from /home/airflow/.local/lib/python3.12/site-packages/airflow/example_dags/example_subdag_operator.py
[2026-06-29T22:41:29.105+0000] {processor.py:925} INFO - DAG(s) 'example_subdag_operator.section-1', 'example_subdag_operator.section-2', 'example_subdag_operator' retrieved from /home/airflow/.local/lib/python3.12/site-packages/airflow/example_dags/example_subdag_operator.py
[2026-06-29T22:41:29.222+0000] {logging_mixin.py:190} INFO - [2026-06-29T22:41:29.221+0000] {dag.py:3239} INFO - Sync 3 DAGs
[2026-06-29T22:41:29.293+0000] {logging_mixin.py:190} INFO - [2026-06-29T22:41:29.292+0000] {dag.py:4180} INFO - Setting next_dagrun for example_subdag_operator to 2022-01-01 00:00:00+00:00, run_after=2022-01-01 00:00:00+00:00
[2026-06-29T22:41:29.315+0000] {logging_mixin.py:190} INFO - [2026-06-29T22:41:29.314+0000] {dag.py:4180} INFO - Setting next_dagrun for example_subdag_operator.section-1 to None, run_after=None
[2026-06-29T22:41:29.320+0000] {logging_mixin.py:190} INFO - [2026-06-29T22:41:29.320+0000] {dag.py:4180} INFO - Setting next_dagrun for example_subdag_operator.section-2 to None, run_after=None
[2026-06-29T22:41:29.348+0000] {logging_mixin.py:190} INFO - [2026-06-29T22:41:29.347+0000] {dag.py:3239} INFO - Sync 2 DAGs
[2026-06-29T22:41:29.368+0000] {logging_mixin.py:190} INFO - [2026-06-29T22:41:29.368+0000] {dag.py:4180} INFO - Setting next_dagrun for example_subdag_operator.section-1 to None, run_after=None
[2026-06-29T22:41:29.371+0000] {logging_mixin.py:190} INFO - [2026-06-29T22:41:29.370+0000] {dag.py:4180} INFO - Setting next_dagrun for example_subdag_operator.section-2 to None, run_after=None
[2026-06-29T22:41:29.414+0000] {processor.py:208} INFO - Processing /home/airflow/.local/lib/python3.12/site-packages/airflow/example_dags/example_subdag_operator.py took 0.463 seconds
[2026-06-29T22:42:00.770+0000] {processor.py:186} INFO - Started process (PID=173) to work on /home/airflow/.local/lib/python3.12/site-packages/airflow/example_dags/example_subdag_operator.py
[2026-06-29T22:42:00.772+0000] {processor.py:914} INFO - Processing file /home/airflow/.local/lib/python3.12/site-packages/airflow/example_dags/example_subdag_operator.py for tasks to queue
[2026-06-29T22:42:00.775+0000] {logging_mixin.py:190} INFO - [2026-06-29T22:42:00.774+0000] {dagbag.py:588} INFO - Filling up the DagBag from /home/airflow/.local/lib/python3.12/site-packages/airflow/example_dags/example_subdag_operator.py
[2026-06-29T22:42:00.812+0000] {processor.py:925} INFO - DAG(s) 'example_subdag_operator.section-1', 'example_subdag_operator.section-2', 'example_subdag_operator' retrieved from /home/airflow/.local/lib/python3.12/site-packages/airflow/example_dags/example_subdag_operator.py
[2026-06-29T22:42:00.833+0000] {logging_mixin.py:190} INFO - [2026-06-29T22:42:00.832+0000] {dag.py:3239} INFO - Sync 3 DAGs
[2026-06-29T22:42:00.867+0000] {logging_mixin.py:190} INFO - [2026-06-29T22:42:00.866+0000] {dag.py:4180} INFO - Setting next_dagrun for example_subdag_operator to 2022-01-01 00:00:00+00:00, run_after=2022-01-01 00:00:00+00:00
[2026-06-29T22:42:00.872+0000] {logging_mixin.py:190} INFO - [2026-06-29T22:42:00.872+0000] {dag.py:4180} INFO - Setting next_dagrun for example_subdag_operator.section-1 to None, run_after=None
[2026-06-29T22:42:00.875+0000] {logging_mixin.py:190} INFO - [2026-06-29T22:42:00.875+0000] {dag.py:4180} INFO - Setting next_dagrun for example_subdag_operator.section-2 to None, run_after=None
[2026-06-29T22:42:00.888+0000] {logging_mixin.py:190} INFO - [2026-06-29T22:42:00.887+0000] {dag.py:3239} INFO - Sync 2 DAGs
[2026-06-29T22:42:00.899+0000] {logging_mixin.py:190} INFO - [2026-06-29T22:42:00.899+0000] {dag.py:4180} INFO - Setting next_dagrun for example_subdag_operator.section-1 to None, run_after=None
[2026-06-29T22:42:00.901+0000] {logging_mixin.py:190} INFO - [2026-06-29T22:42:00.900+0000] {dag.py:4180} INFO - Setting next_dagrun for example_subdag_operator.section-2 to None, run_after=None
[2026-06-29T22:42:00.924+0000] {processor.py:208} INFO - Processing /home/airflow/.local/lib/python3.12/site-packages/airflow/example_dags/example_subdag_operator.py took 0.160 seconds
[2026-06-29T22:42:32.930+0000] {processor.py:186} INFO - Started process (PID=237) to work on /home/airflow/.local/lib/python3.12/site-packages/airflow/example_dags/example_subdag_operator.py
[2026-06-29T22:42:32.933+0000] {processor.py:914} INFO - Processing file /home/airflow/.local/lib/python3.12/site-packages/airflow/example_dags/example_subdag_operator.py for tasks to queue
[2026-06-29T22:42:32.942+0000] {logging_mixin.py:190} INFO - [2026-06-29T22:42:32.941+0000] {dagbag.py:588} INFO - Filling up the DagBag from /home/airflow/.local/lib/python3.12/site-packages/airflow/example_dags/example_subdag_operator.py
[2026-06-29T22:42:33.025+0000] {processor.py:925} INFO - DAG(s) 'example_subdag_operator.section-1', 'example_subdag_operator.section-2', 'example_subdag_operator' retrieved from /home/airflow/.local/lib/python3.12/site-packages/airflow/example_dags/example_subdag_operator.py
[2026-06-29T22:42:33.070+0000] {logging_mixin.py:190} INFO - [2026-06-29T22:42:33.069+0000] {dag.py:3239} INFO - Sync 3 DAGs
[2026-06-29T22:42:33.155+0000] {logging_mixin.py:190} INFO - [2026-06-29T22:42:33.154+0000] {dag.py:4180} INFO - Setting next_dagrun for example_subdag_operator to 2022-01-01 00:00:00+00:00, run_after=2022-01-01 00:00:00+00:00
[2026-06-29T22:42:33.169+0000] {logging_mixin.py:190} INFO - [2026-06-29T22:42:33.169+0000] {dag.py:4180} INFO - Setting next_dagrun for example_subdag_operator.section-1 to None, run_after=None
[2026-06-29T22:42:33.174+0000] {logging_mixin.py:190} INFO - [2026-06-29T22:42:33.174+0000] {dag.py:4180} INFO - Setting next_dagrun for example_subdag_operator.section-2 to None, run_after=None
[2026-06-29T22:42:33.197+0000] {logging_mixin.py:190} INFO - [2026-06-29T22:42:33.196+0000] {dag.py:3239} INFO - Sync 2 DAGs
[2026-06-29T22:42:33.224+0000] {logging_mixin.py:190} INFO - [2026-06-29T22:42:33.224+0000] {dag.py:4180} INFO - Setting next_dagrun for example_subdag_operator.section-1 to None, run_after=None
[2026-06-29T22:42:33.226+0000] {logging_mixin.py:190} INFO - [2026-06-29T22:42:33.226+0000] {dag.py:4180} INFO - Setting next_dagrun for example_subdag_operator.section-2 to None, run_after=None
[2026-06-29T22:42:33.251+0000] {processor.py:208} INFO - Processing /home/airflow/.local/lib/python3.12/site-packages/airflow/example_dags/example_subdag_operator.py took 0.347 seconds
[2026-06-29T22:43:04.674+0000] {processor.py:186} INFO - Started process (PID=301) to work on /home/airflow/.local/lib/python3.12/site-packages/airflow/example_dags/example_subdag_operator.py
[2026-06-29T22:43:04.677+0000] {processor.py:914} INFO - Processing file /home/airflow/.local/lib/python3.12/site-packages/airflow/example_dags/example_subdag_operator.py for tasks to queue
[2026-06-29T22:43:04.687+0000] {logging_mixin.py:190} INFO - [2026-06-29T22:43:04.686+0000] {dagbag.py:588} INFO - Filling up the DagBag from /home/airflow/.local/lib/python3.12/site-packages/airflow/example_dags/example_subdag_operator.py
[2026-06-29T22:43:04.792+0000] {processor.py:925} INFO - DAG(s) 'example_subdag_operator.section-1', 'example_subdag_operator.section-2', 'example_subdag_operator' retrieved from /home/airflow/.local/lib/python3.12/site-packages/airflow/example_dags/example_subdag_operator.py
[2026-06-29T22:43:04.839+0000] {logging_mixin.py:190} INFO - [2026-06-29T22:43:04.839+0000] {dag.py:3239} INFO - Sync 3 DAGs
[2026-06-29T22:43:04.956+0000] {logging_mixin.py:190} INFO - [2026-06-29T22:43:04.956+0000] {dag.py:4180} INFO - Setting next_dagrun for example_subdag_operator to 2022-01-01 00:00:00+00:00, run_after=2022-01-01 00:00:00+00:00
[2026-06-29T22:43:04.981+0000] {logging_mixin.py:190} INFO - [2026-06-29T22:43:04.980+0000] {dag.py:4180} INFO - Setting next_dagrun for example_subdag_operator.section-1 to None, run_after=None
[2026-06-29T22:43:04.987+0000] {logging_mixin.py:190} INFO - [2026-06-29T22:43:04.986+0000] {dag.py:4180} INFO - Setting next_dagrun for example_subdag_operator.section-2 to None, run_after=None
[2026-06-29T22:43:05.021+0000] {logging_mixin.py:190} INFO - [2026-06-29T22:43:05.020+0000] {dag.py:3239} INFO - Sync 2 DAGs
[2026-06-29T22:43:05.041+0000] {logging_mixin.py:190} INFO - [2026-06-29T22:43:05.041+0000] {dag.py:4180} INFO - Setting next_dagrun for example_subdag_operator.section-1 to None, run_after=None
[2026-06-29T22:43:05.044+0000] {logging_mixin.py:190} INFO - [2026-06-29T22:43:05.043+0000] {dag.py:4180} INFO - Setting next_dagrun for example_subdag_operator.section-2 to None, run_after=None
[2026-06-29T22:43:05.091+0000] {processor.py:208} INFO - Processing /home/airflow/.local/lib/python3.12/site-packages/airflow/example_dags/example_subdag_operator.py took 0.432 seconds
[2026-06-29T22:43:35.209+0000] {processor.py:186} INFO - Started process (PID=364) to work on /home/airflow/.local/lib/python3.12/site-packages/airflow/example_dags/example_subdag_operator.py
[2026-06-29T22:43:35.211+0000] {processor.py:914} INFO - Processing file /home/airflow/.local/lib/python3.12/site-packages/airflow/example_dags/example_subdag_operator.py for tasks to queue
[2026-06-29T22:43:35.214+0000] {logging_mixin.py:190} INFO - [2026-06-29T22:43:35.213+0000] {dagbag.py:588} INFO - Filling up the DagBag from /home/airflow/.local/lib/python3.12/site-packages/airflow/example_dags/example_subdag_operator.py
[2026-06-29T22:43:35.243+0000] {processor.py:925} INFO - DAG(s) 'example_subdag_operator.section-1', 'example_subdag_operator.section-2', 'example_subdag_operator' retrieved from /home/airflow/.local/lib/python3.12/site-packages/airflow/example_dags/example_subdag_operator.py
[2026-06-29T22:43:35.262+0000] {logging_mixin.py:190} INFO - [2026-06-29T22:43:35.262+0000] {dag.py:3239} INFO - Sync 3 DAGs
[2026-06-29T22:43:35.287+0000] {logging_mixin.py:190} INFO - [2026-06-29T22:43:35.287+0000] {dag.py:4180} INFO - Setting next_dagrun for example_subdag_operator to 2022-01-01 00:00:00+00:00, run_after=2022-01-01 00:00:00+00:00
[2026-06-29T22:43:35.293+0000] {logging_mixin.py:190} INFO - [2026-06-29T22:43:35.293+0000] {dag.py:4180} INFO - Setting next_dagrun for example_subdag_operator.section-1 to None, run_after=None
[2026-06-29T22:43:35.295+0000] {logging_mixin.py:190} INFO - [2026-06-29T22:43:35.295+0000] {dag.py:4180} INFO - Setting next_dagrun for example_subdag_operator.section-2 to None, run_after=None
[2026-06-29T22:43:35.306+0000] {logging_mixin.py:190} INFO - [2026-06-29T22:43:35.305+0000] {dag.py:3239} INFO - Sync 2 DAGs
[2026-06-29T22:43:35.314+0000] {logging_mixin.py:190} INFO - [2026-06-29T22:43:35.314+0000] {dag.py:4180} INFO - Setting next_dagrun for example_subdag_operator.section-1 to None, run_after=None
[2026-06-29T22:43:35.315+0000] {logging_mixin.py:190} INFO - [2026-06-29T22:43:35.315+0000] {dag.py:4180} INFO - Setting next_dagrun for example_subdag_operator.section-2 to None, run_after=None
[2026-06-29T22:43:35.328+0000] {processor.py:208} INFO - Processing /home/airflow/.local/lib/python3.12/site-packages/airflow/example_dags/example_subdag_operator.py took 0.126 seconds
[2026-06-29T22:44:05.850+0000] {processor.py:186} INFO - Started process (PID=428) to work on /home/airflow/.local/lib/python3.12/site-packages/airflow/example_dags/example_subdag_operator.py
[2026-06-29T22:44:05.853+0000] {processor.py:914} INFO - Processing file /home/airflow/.local/lib/python3.12/site-packages/airflow/example_dags/example_subdag_operator.py for tasks to queue
[2026-06-29T22:44:05.860+0000] {logging_mixin.py:190} INFO - [2026-06-29T22:44:05.859+0000] {dagbag.py:588} INFO - Filling up the DagBag from /home/airflow/.local/lib/python3.12/site-packages/airflow/example_dags/example_subdag_operator.py
[2026-06-29T22:44:05.908+0000] {processor.py:925} INFO - DAG(s) 'example_subdag_operator.section-1', 'example_subdag_operator.section-2', 'example_subdag_operator' retrieved from /home/airflow/.local/lib/python3.12/site-packages/airflow/example_dags/example_subdag_operator.py
[2026-06-29T22:44:05.927+0000] {logging_mixin.py:190} INFO - [2026-06-29T22:44:05.927+0000] {dag.py:3239} INFO - Sync 3 DAGs
[2026-06-29T22:44:05.964+0000] {logging_mixin.py:190} INFO - [2026-06-29T22:44:05.963+0000] {dag.py:4180} INFO - Setting next_dagrun for example_subdag_operator to 2022-01-01 00:00:00+00:00, run_after=2022-01-01 00:00:00+00:00
[2026-06-29T22:44:05.971+0000] {logging_mixin.py:190} INFO - [2026-06-29T22:44:05.971+0000] {dag.py:4180} INFO - Setting next_dagrun for example_subdag_operator.section-1 to None, run_after=None
[2026-06-29T22:44:05.975+0000] {logging_mixin.py:190} INFO - [2026-06-29T22:44:05.975+0000] {dag.py:4180} INFO - Setting next_dagrun for example_subdag_operator.section-2 to None, run_after=None
[2026-06-29T22:44:05.988+0000] {logging_mixin.py:190} INFO - [2026-06-29T22:44:05.988+0000] {dag.py:3239} INFO - Sync 2 DAGs
[2026-06-29T22:44:06.000+0000] {logging_mixin.py:190} INFO - [2026-06-29T22:44:06.000+0000] {dag.py:4180} INFO - Setting next_dagrun for example_subdag_operator.section-1 to None, run_after=None
[2026-06-29T22:44:06.001+0000] {logging_mixin.py:190} INFO - [2026-06-29T22:44:06.001+0000] {dag.py:4180} INFO - Setting next_dagrun for example_subdag_operator.section-2 to None, run_after=None
[2026-06-29T22:44:06.021+0000] {processor.py:208} INFO - Processing /home/airflow/.local/lib/python3.12/site-packages/airflow/example_dags/example_subdag_operator.py took 0.188 seconds
[2026-06-29T22:44:36.625+0000] {processor.py:186} INFO - Started process (PID=492) to work on /home/airflow/.local/lib/python3.12/site-packages/airflow/example_dags/example_subdag_operator.py
[2026-06-29T22:44:36.627+0000] {processor.py:914} INFO - Processing file /home/airflow/.local/lib/python3.12/site-packages/airflow/example_dags/example_subdag_operator.py for tasks to queue
[2026-06-29T22:44:36.632+0000] {logging_mixin.py:190} INFO - [2026-06-29T22:44:36.632+0000] {dagbag.py:588} INFO - Filling up the DagBag from /home/airflow/.local/lib/python3.12/site-packages/airflow/example_dags/example_subdag_operator.py
[2026-06-29T22:44:36.679+0000] {processor.py:925} INFO - DAG(s) 'example_subdag_operator.section-1', 'example_subdag_operator.section-2', 'example_subdag_operator' retrieved from /home/airflow/.local/lib/python3.12/site-packages/airflow/example_dags/example_subdag_operator.py
[2026-06-29T22:44:36.709+0000] {logging_mixin.py:190} INFO - [2026-06-29T22:44:36.709+0000] {dag.py:3239} INFO - Sync 3 DAGs
[2026-06-29T22:44:36.751+0000] {logging_mixin.py:190} INFO - [2026-06-29T22:44:36.751+0000] {dag.py:4180} INFO - Setting next_dagrun for example_subdag_operator to 2022-01-01 00:00:00+00:00, run_after=2022-01-01 00:00:00+00:00
[2026-06-29T22:44:36.764+0000] {logging_mixin.py:190} INFO - [2026-06-29T22:44:36.763+0000] {dag.py:4180} INFO - Setting next_dagrun for example_subdag_operator.section-1 to None, run_after=None
[2026-06-29T22:44:36.767+0000] {logging_mixin.py:190} INFO - [2026-06-29T22:44:36.767+0000] {dag.py:4180} INFO - Setting next_dagrun for example_subdag_operator.section-2 to None, run_after=None
[2026-06-29T22:44:36.785+0000] {logging_mixin.py:190} INFO - [2026-06-29T22:44:36.784+0000] {dag.py:3239} INFO - Sync 2 DAGs
[2026-06-29T22:44:36.800+0000] {logging_mixin.py:190} INFO - [2026-06-29T22:44:36.799+0000] {dag.py:4180} INFO - Setting next_dagrun for example_subdag_operator.section-1 to None, run_after=None
[2026-06-29T22:44:36.801+0000] {logging_mixin.py:190} INFO - [2026-06-29T22:44:36.801+0000] {dag.py:4180} INFO - Setting next_dagrun for example_subdag_operator.section-2 to None, run_after=None
[2026-06-29T22:44:36.835+0000] {processor.py:208} INFO - Processing /home/airflow/.local/lib/python3.12/site-packages/airflow/example_dags/example_subdag_operator.py took 0.218 seconds
[2026-06-29T22:45:07.118+0000] {processor.py:186} INFO - Started process (PID=557) to work on /home/airflow/.local/lib/python3.12/site-packages/airflow/example_dags/example_subdag_operator.py
[2026-06-29T22:45:07.124+0000] {processor.py:914} INFO - Processing file /home/airflow/.local/lib/python3.12/site-packages/airflow/example_dags/example_subdag_operator.py for tasks to queue
[2026-06-29T22:45:07.130+0000] {logging_mixin.py:190} INFO - [2026-06-29T22:45:07.129+0000] {dagbag.py:588} INFO - Filling up the DagBag from /home/airflow/.local/lib/python3.12/site-packages/airflow/example_dags/example_subdag_operator.py
[2026-06-29T22:45:07.194+0000] {processor.py:925} INFO - DAG(s) 'example_subdag_operator.section-1', 'example_subdag_operator.section-2', 'example_subdag_operator' retrieved from /home/airflow/.local/lib/python3.12/site-packages/airflow/example_dags/example_subdag_operator.py
[2026-06-29T22:45:07.229+0000] {logging_mixin.py:190} INFO - [2026-06-29T22:45:07.228+0000] {dag.py:3239} INFO - Sync 3 DAGs
[2026-06-29T22:45:07.294+0000] {logging_mixin.py:190} INFO - [2026-06-29T22:45:07.294+0000] {dag.py:4180} INFO - Setting next_dagrun for example_subdag_operator to 2022-01-01 00:00:00+00:00, run_after=2022-01-01 00:00:00+00:00
[2026-06-29T22:45:07.309+0000] {logging_mixin.py:190} INFO - [2026-06-29T22:45:07.308+0000] {dag.py:4180} INFO - Setting next_dagrun for example_subdag_operator.section-1 to None, run_after=None
[2026-06-29T22:45:07.313+0000] {logging_mixin.py:190} INFO - [2026-06-29T22:45:07.312+0000] {dag.py:4180} INFO - Setting next_dagrun for example_subdag_operator.section-2 to None, run_after=None
[2026-06-29T22:45:07.330+0000] {logging_mixin.py:190} INFO - [2026-06-29T22:45:07.330+0000] {dag.py:3239} INFO - Sync 2 DAGs
[2026-06-29T22:45:07.342+0000] {logging_mixin.py:190} INFO - [2026-06-29T22:45:07.342+0000] {dag.py:4180} INFO - Setting next_dagrun for example_subdag_operator.section-1 to None, run_after=None
[2026-06-29T22:45:07.343+0000] {logging_mixin.py:190} INFO - [2026-06-29T22:45:07.343+0000] {dag.py:4180} INFO - Setting next_dagrun for example_subdag_operator.section-2 to None, run_after=None
[2026-06-29T22:45:07.361+0000] {processor.py:208} INFO - Processing /home/airflow/.local/lib/python3.12/site-packages/airflow/example_dags/example_subdag_operator.py took 0.263 seconds
[2026-06-29T22:45:37.558+0000] {processor.py:186} INFO - Started process (PID=620) to work on /home/airflow/.local/lib/python3.12/site-packages/airflow/example_dags/example_subdag_operator.py
[2026-06-29T22:45:37.559+0000] {processor.py:914} INFO - Processing file /home/airflow/.local/lib/python3.12/site-packages/airflow/example_dags/example_subdag_operator.py for tasks to queue
[2026-06-29T22:45:37.564+0000] {logging_mixin.py:190} INFO - [2026-06-29T22:45:37.563+0000] {dagbag.py:588} INFO - Filling up the DagBag from /home/airflow/.local/lib/python3.12/site-packages/airflow/example_dags/example_subdag_operator.py
[2026-06-29T22:45:37.599+0000] {processor.py:925} INFO - DAG(s) 'example_subdag_operator.section-1', 'example_subdag_operator.section-2', 'example_subdag_operator' retrieved from /home/airflow/.local/lib/python3.12/site-packages/airflow/example_dags/example_subdag_operator.py
[2026-06-29T22:45:37.616+0000] {logging_mixin.py:190} INFO - [2026-06-29T22:45:37.616+0000] {dag.py:3239} INFO - Sync 3 DAGs
[2026-06-29T22:45:37.645+0000] {logging_mixin.py:190} INFO - [2026-06-29T22:45:37.645+0000] {dag.py:4180} INFO - Setting next_dagrun for example_subdag_operator to 2022-01-01 00:00:00+00:00, run_after=2022-01-01 00:00:00+00:00
[2026-06-29T22:45:37.650+0000] {logging_mixin.py:190} INFO - [2026-06-29T22:45:37.649+0000] {dag.py:4180} INFO - Setting next_dagrun for example_subdag_operator.section-1 to None, run_after=None
[2026-06-29T22:45:37.652+0000] {logging_mixin.py:190} INFO - [2026-06-29T22:45:37.652+0000] {dag.py:4180} INFO - Setting next_dagrun for example_subdag_operator.section-2 to None, run_after=None
[2026-06-29T22:45:37.662+0000] {logging_mixin.py:190} INFO - [2026-06-29T22:45:37.661+0000] {dag.py:3239} INFO - Sync 2 DAGs
[2026-06-29T22:45:37.668+0000] {logging_mixin.py:190} INFO - [2026-06-29T22:45:37.668+0000] {dag.py:4180} INFO - Setting next_dagrun for example_subdag_operator.section-1 to None, run_after=None
[2026-06-29T22:45:37.669+0000] {logging_mixin.py:190} INFO - [2026-06-29T22:45:37.668+0000] {dag.py:4180} INFO - Setting next_dagrun for example_subdag_operator.section-2 to None, run_after=None
[2026-06-29T22:45:37.683+0000] {processor.py:208} INFO - Processing /home/airflow/.local/lib/python3.12/site-packages/airflow/example_dags/example_subdag_operator.py took 0.134 seconds
[2026-06-29T22:46:07.779+0000] {processor.py:186} INFO - Started process (PID=684) to work on /home/airflow/.local/lib/python3.12/site-packages/airflow/example_dags/example_subdag_operator.py
[2026-06-29T22:46:07.781+0000] {processor.py:914} INFO - Processing file /home/airflow/.local/lib/python3.12/site-packages/airflow/example_dags/example_subdag_operator.py for tasks to queue
[2026-06-29T22:46:07.786+0000] {logging_mixin.py:190} INFO - [2026-06-29T22:46:07.786+0000] {dagbag.py:588} INFO - Filling up the DagBag from /home/airflow/.local/lib/python3.12/site-packages/airflow/example_dags/example_subdag_operator.py
[2026-06-29T22:46:07.845+0000] {processor.py:925} INFO - DAG(s) 'example_subdag_operator.section-1', 'example_subdag_operator.section-2', 'example_subdag_operator' retrieved from /home/airflow/.local/lib/python3.12/site-packages/airflow/example_dags/example_subdag_operator.py
[2026-06-29T22:46:07.872+0000] {logging_mixin.py:190} INFO - [2026-06-29T22:46:07.872+0000] {dag.py:3239} INFO - Sync 3 DAGs
[2026-06-29T22:46:07.911+0000] {logging_mixin.py:190} INFO - [2026-06-29T22:46:07.911+0000] {dag.py:4180} INFO - Setting next_dagrun for example_subdag_operator to 2022-01-01 00:00:00+00:00, run_after=2022-01-01 00:00:00+00:00
[2026-06-29T22:46:07.918+0000] {logging_mixin.py:190} INFO - [2026-06-29T22:46:07.918+0000] {dag.py:4180} INFO - Setting next_dagrun for example_subdag_operator.section-1 to None, run_after=None
[2026-06-29T22:46:07.922+0000] {logging_mixin.py:190} INFO - [2026-06-29T22:46:07.921+0000] {dag.py:4180} INFO - Setting next_dagrun for example_subdag_operator.section-2 to None, run_after=None
[2026-06-29T22:46:07.937+0000] {logging_mixin.py:190} INFO - [2026-06-29T22:46:07.937+0000] {dag.py:3239} INFO - Sync 2 DAGs
[2026-06-29T22:46:07.950+0000] {logging_mixin.py:190} INFO - [2026-06-29T22:46:07.949+0000] {dag.py:4180} INFO - Setting next_dagrun for example_subdag_operator.section-1 to None, run_after=None
[2026-06-29T22:46:07.952+0000] {logging_mixin.py:190} INFO - [2026-06-29T22:46:07.951+0000] {dag.py:4180} INFO - Setting next_dagrun for example_subdag_operator.section-2 to None, run_after=None
[2026-06-29T22:46:07.973+0000] {processor.py:208} INFO - Processing /home/airflow/.local/lib/python3.12/site-packages/airflow/example_dags/example_subdag_operator.py took 0.208 seconds
[2026-06-29T22:46:38.812+0000] {processor.py:186} INFO - Started process (PID=748) to work on /home/airflow/.local/lib/python3.12/site-packages/airflow/example_dags/example_subdag_operator.py
[2026-06-29T22:46:38.814+0000] {processor.py:914} INFO - Processing file /home/airflow/.local/lib/python3.12/site-packages/airflow/example_dags/example_subdag_operator.py for tasks to queue
[2026-06-29T22:46:38.825+0000] {logging_mixin.py:190} INFO - [2026-06-29T22:46:38.823+0000] {dagbag.py:588} INFO - Filling up the DagBag from /home/airflow/.local/lib/python3.12/site-packages/airflow/example_dags/example_subdag_operator.py
[2026-06-29T22:46:38.931+0000] {processor.py:925} INFO - DAG(s) 'example_subdag_operator.section-1', 'example_subdag_operator.section-2', 'example_subdag_operator' retrieved from /home/airflow/.local/lib/python3.12/site-packages/airflow/example_dags/example_subdag_operator.py
[2026-06-29T22:46:38.996+0000] {logging_mixin.py:190} INFO - [2026-06-29T22:46:38.993+0000] {dag.py:3239} INFO - Sync 3 DAGs
[2026-06-29T22:46:39.228+0000] {logging_mixin.py:190} INFO - [2026-06-29T22:46:39.227+0000] {dag.py:4180} INFO - Setting next_dagrun for example_subdag_operator to 2022-01-01 00:00:00+00:00, run_after=2022-01-01 00:00:00+00:00
[2026-06-29T22:46:39.243+0000] {logging_mixin.py:190} INFO - [2026-06-29T22:46:39.243+0000] {dag.py:4180} INFO - Setting next_dagrun for example_subdag_operator.section-1 to None, run_after=None
[2026-06-29T22:46:39.249+0000] {logging_mixin.py:190} INFO - [2026-06-29T22:46:39.249+0000] {dag.py:4180} INFO - Setting next_dagrun for example_subdag_operator.section-2 to None, run_after=None
[2026-06-29T22:46:39.307+0000] {logging_mixin.py:190} INFO - [2026-06-29T22:46:39.306+0000] {dag.py:3239} INFO - Sync 2 DAGs
[2026-06-29T22:46:39.355+0000] {logging_mixin.py:190} INFO - [2026-06-29T22:46:39.354+0000] {dag.py:4180} INFO - Setting next_dagrun for example_subdag_operator.section-1 to None, run_after=None
[2026-06-29T22:46:39.358+0000] {logging_mixin.py:190} INFO - [2026-06-29T22:46:39.357+0000] {dag.py:4180} INFO - Setting next_dagrun for example_subdag_operator.section-2 to None, run_after=None
[2026-06-29T22:46:39.429+0000] {processor.py:208} INFO - Processing /home/airflow/.local/lib/python3.12/site-packages/airflow/example_dags/example_subdag_operator.py took 0.626 seconds
