[2026-06-29T21:59:15.549+0000] {processor.py:186} INFO - Started process (PID=106) to work on /home/airflow/.local/lib/python3.12/site-packages/airflow/example_dags/example_setup_teardown.py
[2026-06-29T21:59:15.552+0000] {processor.py:914} INFO - Processing file /home/airflow/.local/lib/python3.12/site-packages/airflow/example_dags/example_setup_teardown.py for tasks to queue
[2026-06-29T21:59:15.563+0000] {logging_mixin.py:190} INFO - [2026-06-29T21:59:15.562+0000] {dagbag.py:588} INFO - Filling up the DagBag from /home/airflow/.local/lib/python3.12/site-packages/airflow/example_dags/example_setup_teardown.py
[2026-06-29T21:59:15.588+0000] {processor.py:925} INFO - DAG(s) 'example_setup_teardown' retrieved from /home/airflow/.local/lib/python3.12/site-packages/airflow/example_dags/example_setup_teardown.py
[2026-06-29T21:59:15.810+0000] {logging_mixin.py:190} INFO - [2026-06-29T21:59:15.809+0000] {override.py:1912} INFO - Created Permission View: can read on DAG:example_setup_teardown
[2026-06-29T21:59:15.839+0000] {logging_mixin.py:190} INFO - [2026-06-29T21:59:15.839+0000] {override.py:1912} INFO - Created Permission View: can delete on DAG:example_setup_teardown
[2026-06-29T21:59:15.867+0000] {logging_mixin.py:190} INFO - [2026-06-29T21:59:15.867+0000] {override.py:1912} INFO - Created Permission View: can edit on DAG:example_setup_teardown
[2026-06-29T21:59:15.902+0000] {logging_mixin.py:190} INFO - [2026-06-29T21:59:15.901+0000] {override.py:1912} INFO - Created Permission View: menu access on DAG Run:example_setup_teardown
[2026-06-29T21:59:15.917+0000] {logging_mixin.py:190} INFO - [2026-06-29T21:59:15.917+0000] {override.py:1912} INFO - Created Permission View: can read on DAG Run:example_setup_teardown
[2026-06-29T21:59:15.934+0000] {logging_mixin.py:190} INFO - [2026-06-29T21:59:15.933+0000] {override.py:1912} INFO - Created Permission View: can delete on DAG Run:example_setup_teardown
[2026-06-29T21:59:15.949+0000] {logging_mixin.py:190} INFO - [2026-06-29T21:59:15.949+0000] {override.py:1912} INFO - Created Permission View: can create on DAG Run:example_setup_teardown
[2026-06-29T21:59:15.952+0000] {logging_mixin.py:190} INFO - [2026-06-29T21:59:15.951+0000] {dag.py:3239} INFO - Sync 1 DAGs
[2026-06-29T21:59:15.980+0000] {logging_mixin.py:190} INFO - [2026-06-29T21:59:15.979+0000] {dag.py:3262} INFO - Creating ORM DAG for example_setup_teardown
[2026-06-29T21:59:15.983+0000] {logging_mixin.py:190} INFO - [2026-06-29T21:59:15.982+0000] {dag.py:4180} INFO - Setting next_dagrun for example_setup_teardown to None, run_after=None
[2026-06-29T21:59:16.022+0000] {processor.py:208} INFO - Processing /home/airflow/.local/lib/python3.12/site-packages/airflow/example_dags/example_setup_teardown.py took 0.485 seconds
[2026-06-29T21:59:46.557+0000] {processor.py:186} INFO - Started process (PID=169) to work on /home/airflow/.local/lib/python3.12/site-packages/airflow/example_dags/example_setup_teardown.py
[2026-06-29T21:59:46.561+0000] {processor.py:914} INFO - Processing file /home/airflow/.local/lib/python3.12/site-packages/airflow/example_dags/example_setup_teardown.py for tasks to queue
[2026-06-29T21:59:46.572+0000] {logging_mixin.py:190} INFO - [2026-06-29T21:59:46.571+0000] {dagbag.py:588} INFO - Filling up the DagBag from /home/airflow/.local/lib/python3.12/site-packages/airflow/example_dags/example_setup_teardown.py
[2026-06-29T21:59:46.630+0000] {processor.py:925} INFO - DAG(s) 'example_setup_teardown' retrieved from /home/airflow/.local/lib/python3.12/site-packages/airflow/example_dags/example_setup_teardown.py
[2026-06-29T21:59:46.706+0000] {logging_mixin.py:190} INFO - [2026-06-29T21:59:46.705+0000] {dag.py:3239} INFO - Sync 1 DAGs
[2026-06-29T21:59:46.779+0000] {logging_mixin.py:190} INFO - [2026-06-29T21:59:46.778+0000] {dag.py:4180} INFO - Setting next_dagrun for example_setup_teardown to None, run_after=None
[2026-06-29T21:59:46.873+0000] {processor.py:208} INFO - Processing /home/airflow/.local/lib/python3.12/site-packages/airflow/example_dags/example_setup_teardown.py took 0.336 seconds
[2026-06-29T22:00:17.582+0000] {processor.py:186} INFO - Started process (PID=232) to work on /home/airflow/.local/lib/python3.12/site-packages/airflow/example_dags/example_setup_teardown.py
[2026-06-29T22:00:17.584+0000] {processor.py:914} INFO - Processing file /home/airflow/.local/lib/python3.12/site-packages/airflow/example_dags/example_setup_teardown.py for tasks to queue
[2026-06-29T22:00:17.588+0000] {logging_mixin.py:190} INFO - [2026-06-29T22:00:17.588+0000] {dagbag.py:588} INFO - Filling up the DagBag from /home/airflow/.local/lib/python3.12/site-packages/airflow/example_dags/example_setup_teardown.py
[2026-06-29T22:00:17.600+0000] {processor.py:925} INFO - DAG(s) 'example_setup_teardown' retrieved from /home/airflow/.local/lib/python3.12/site-packages/airflow/example_dags/example_setup_teardown.py
[2026-06-29T22:00:17.633+0000] {logging_mixin.py:190} INFO - [2026-06-29T22:00:17.632+0000] {dag.py:3239} INFO - Sync 1 DAGs
[2026-06-29T22:00:17.654+0000] {logging_mixin.py:190} INFO - [2026-06-29T22:00:17.654+0000] {dag.py:4180} INFO - Setting next_dagrun for example_setup_teardown to None, run_after=None
[2026-06-29T22:00:17.685+0000] {processor.py:208} INFO - Processing /home/airflow/.local/lib/python3.12/site-packages/airflow/example_dags/example_setup_teardown.py took 0.111 seconds
[2026-06-29T22:00:48.025+0000] {processor.py:186} INFO - Started process (PID=296) to work on /home/airflow/.local/lib/python3.12/site-packages/airflow/example_dags/example_setup_teardown.py
[2026-06-29T22:00:48.027+0000] {processor.py:914} INFO - Processing file /home/airflow/.local/lib/python3.12/site-packages/airflow/example_dags/example_setup_teardown.py for tasks to queue
[2026-06-29T22:00:48.030+0000] {logging_mixin.py:190} INFO - [2026-06-29T22:00:48.030+0000] {dagbag.py:588} INFO - Filling up the DagBag from /home/airflow/.local/lib/python3.12/site-packages/airflow/example_dags/example_setup_teardown.py
[2026-06-29T22:00:48.041+0000] {processor.py:925} INFO - DAG(s) 'example_setup_teardown' retrieved from /home/airflow/.local/lib/python3.12/site-packages/airflow/example_dags/example_setup_teardown.py
[2026-06-29T22:00:48.068+0000] {logging_mixin.py:190} INFO - [2026-06-29T22:00:48.068+0000] {dag.py:3239} INFO - Sync 1 DAGs
[2026-06-29T22:00:48.088+0000] {logging_mixin.py:190} INFO - [2026-06-29T22:00:48.088+0000] {dag.py:4180} INFO - Setting next_dagrun for example_setup_teardown to None, run_after=None
[2026-06-29T22:00:48.113+0000] {processor.py:208} INFO - Processing /home/airflow/.local/lib/python3.12/site-packages/airflow/example_dags/example_setup_teardown.py took 0.095 seconds
[2026-06-29T22:01:20.759+0000] {processor.py:186} INFO - Started process (PID=359) to work on /home/airflow/.local/lib/python3.12/site-packages/airflow/example_dags/example_setup_teardown.py
[2026-06-29T22:01:20.761+0000] {processor.py:914} INFO - Processing file /home/airflow/.local/lib/python3.12/site-packages/airflow/example_dags/example_setup_teardown.py for tasks to queue
[2026-06-29T22:01:20.766+0000] {logging_mixin.py:190} INFO - [2026-06-29T22:01:20.766+0000] {dagbag.py:588} INFO - Filling up the DagBag from /home/airflow/.local/lib/python3.12/site-packages/airflow/example_dags/example_setup_teardown.py
[2026-06-29T22:01:20.782+0000] {processor.py:925} INFO - DAG(s) 'example_setup_teardown' retrieved from /home/airflow/.local/lib/python3.12/site-packages/airflow/example_dags/example_setup_teardown.py
[2026-06-29T22:01:20.817+0000] {logging_mixin.py:190} INFO - [2026-06-29T22:01:20.817+0000] {dag.py:3239} INFO - Sync 1 DAGs
[2026-06-29T22:01:20.841+0000] {logging_mixin.py:190} INFO - [2026-06-29T22:01:20.841+0000] {dag.py:4180} INFO - Setting next_dagrun for example_setup_teardown to None, run_after=None
[2026-06-29T22:01:20.884+0000] {processor.py:208} INFO - Processing /home/airflow/.local/lib/python3.12/site-packages/airflow/example_dags/example_setup_teardown.py took 0.136 seconds
[2026-06-29T22:01:51.451+0000] {processor.py:186} INFO - Started process (PID=422) to work on /home/airflow/.local/lib/python3.12/site-packages/airflow/example_dags/example_setup_teardown.py
[2026-06-29T22:01:51.453+0000] {processor.py:914} INFO - Processing file /home/airflow/.local/lib/python3.12/site-packages/airflow/example_dags/example_setup_teardown.py for tasks to queue
[2026-06-29T22:01:51.457+0000] {logging_mixin.py:190} INFO - [2026-06-29T22:01:51.457+0000] {dagbag.py:588} INFO - Filling up the DagBag from /home/airflow/.local/lib/python3.12/site-packages/airflow/example_dags/example_setup_teardown.py
[2026-06-29T22:01:51.467+0000] {processor.py:925} INFO - DAG(s) 'example_setup_teardown' retrieved from /home/airflow/.local/lib/python3.12/site-packages/airflow/example_dags/example_setup_teardown.py
[2026-06-29T22:01:51.491+0000] {logging_mixin.py:190} INFO - [2026-06-29T22:01:51.491+0000] {dag.py:3239} INFO - Sync 1 DAGs
[2026-06-29T22:01:51.505+0000] {logging_mixin.py:190} INFO - [2026-06-29T22:01:51.505+0000] {dag.py:4180} INFO - Setting next_dagrun for example_setup_teardown to None, run_after=None
[2026-06-29T22:01:51.525+0000] {processor.py:208} INFO - Processing /home/airflow/.local/lib/python3.12/site-packages/airflow/example_dags/example_setup_teardown.py took 0.080 seconds
[2026-06-29T22:02:22.793+0000] {processor.py:186} INFO - Started process (PID=486) to work on /home/airflow/.local/lib/python3.12/site-packages/airflow/example_dags/example_setup_teardown.py
[2026-06-29T22:02:22.797+0000] {processor.py:914} INFO - Processing file /home/airflow/.local/lib/python3.12/site-packages/airflow/example_dags/example_setup_teardown.py for tasks to queue
[2026-06-29T22:02:22.803+0000] {logging_mixin.py:190} INFO - [2026-06-29T22:02:22.802+0000] {dagbag.py:588} INFO - Filling up the DagBag from /home/airflow/.local/lib/python3.12/site-packages/airflow/example_dags/example_setup_teardown.py
[2026-06-29T22:02:22.819+0000] {processor.py:925} INFO - DAG(s) 'example_setup_teardown' retrieved from /home/airflow/.local/lib/python3.12/site-packages/airflow/example_dags/example_setup_teardown.py
[2026-06-29T22:02:22.862+0000] {logging_mixin.py:190} INFO - [2026-06-29T22:02:22.862+0000] {dag.py:3239} INFO - Sync 1 DAGs
[2026-06-29T22:02:22.889+0000] {logging_mixin.py:190} INFO - [2026-06-29T22:02:22.889+0000] {dag.py:4180} INFO - Setting next_dagrun for example_setup_teardown to None, run_after=None
[2026-06-29T22:02:22.924+0000] {processor.py:208} INFO - Processing /home/airflow/.local/lib/python3.12/site-packages/airflow/example_dags/example_setup_teardown.py took 0.146 seconds
[2026-06-29T22:02:58.643+0000] {processor.py:186} INFO - Started process (PID=549) to work on /home/airflow/.local/lib/python3.12/site-packages/airflow/example_dags/example_setup_teardown.py
[2026-06-29T22:02:58.646+0000] {processor.py:914} INFO - Processing file /home/airflow/.local/lib/python3.12/site-packages/airflow/example_dags/example_setup_teardown.py for tasks to queue
[2026-06-29T22:02:58.656+0000] {logging_mixin.py:190} INFO - [2026-06-29T22:02:58.655+0000] {dagbag.py:588} INFO - Filling up the DagBag from /home/airflow/.local/lib/python3.12/site-packages/airflow/example_dags/example_setup_teardown.py
[2026-06-29T22:02:58.679+0000] {processor.py:925} INFO - DAG(s) 'example_setup_teardown' retrieved from /home/airflow/.local/lib/python3.12/site-packages/airflow/example_dags/example_setup_teardown.py
[2026-06-29T22:02:58.727+0000] {logging_mixin.py:190} INFO - [2026-06-29T22:02:58.726+0000] {dag.py:3239} INFO - Sync 1 DAGs
[2026-06-29T22:02:58.754+0000] {logging_mixin.py:190} INFO - [2026-06-29T22:02:58.754+0000] {dag.py:4180} INFO - Setting next_dagrun for example_setup_teardown to None, run_after=None
[2026-06-29T22:02:58.803+0000] {processor.py:208} INFO - Processing /home/airflow/.local/lib/python3.12/site-packages/airflow/example_dags/example_setup_teardown.py took 0.171 seconds
[2026-06-29T22:03:30.441+0000] {processor.py:186} INFO - Started process (PID=613) to work on /home/airflow/.local/lib/python3.12/site-packages/airflow/example_dags/example_setup_teardown.py
[2026-06-29T22:03:30.446+0000] {processor.py:914} INFO - Processing file /home/airflow/.local/lib/python3.12/site-packages/airflow/example_dags/example_setup_teardown.py for tasks to queue
[2026-06-29T22:03:30.453+0000] {logging_mixin.py:190} INFO - [2026-06-29T22:03:30.452+0000] {dagbag.py:588} INFO - Filling up the DagBag from /home/airflow/.local/lib/python3.12/site-packages/airflow/example_dags/example_setup_teardown.py
[2026-06-29T22:03:30.494+0000] {processor.py:925} INFO - DAG(s) 'example_setup_teardown' retrieved from /home/airflow/.local/lib/python3.12/site-packages/airflow/example_dags/example_setup_teardown.py
[2026-06-29T22:03:30.553+0000] {logging_mixin.py:190} INFO - [2026-06-29T22:03:30.553+0000] {dag.py:3239} INFO - Sync 1 DAGs
[2026-06-29T22:03:30.579+0000] {logging_mixin.py:190} INFO - [2026-06-29T22:03:30.579+0000] {dag.py:4180} INFO - Setting next_dagrun for example_setup_teardown to None, run_after=None
[2026-06-29T22:03:30.619+0000] {processor.py:208} INFO - Processing /home/airflow/.local/lib/python3.12/site-packages/airflow/example_dags/example_setup_teardown.py took 0.194 seconds
[2026-06-29T22:04:01.905+0000] {processor.py:186} INFO - Started process (PID=676) to work on /home/airflow/.local/lib/python3.12/site-packages/airflow/example_dags/example_setup_teardown.py
[2026-06-29T22:04:01.908+0000] {processor.py:914} INFO - Processing file /home/airflow/.local/lib/python3.12/site-packages/airflow/example_dags/example_setup_teardown.py for tasks to queue
[2026-06-29T22:04:01.914+0000] {logging_mixin.py:190} INFO - [2026-06-29T22:04:01.913+0000] {dagbag.py:588} INFO - Filling up the DagBag from /home/airflow/.local/lib/python3.12/site-packages/airflow/example_dags/example_setup_teardown.py
[2026-06-29T22:04:01.941+0000] {processor.py:925} INFO - DAG(s) 'example_setup_teardown' retrieved from /home/airflow/.local/lib/python3.12/site-packages/airflow/example_dags/example_setup_teardown.py
[2026-06-29T22:04:02.058+0000] {logging_mixin.py:190} INFO - [2026-06-29T22:04:02.057+0000] {dag.py:3239} INFO - Sync 1 DAGs
[2026-06-29T22:04:02.129+0000] {logging_mixin.py:190} INFO - [2026-06-29T22:04:02.128+0000] {dag.py:4180} INFO - Setting next_dagrun for example_setup_teardown to None, run_after=None
[2026-06-29T22:04:02.208+0000] {processor.py:208} INFO - Processing /home/airflow/.local/lib/python3.12/site-packages/airflow/example_dags/example_setup_teardown.py took 0.322 seconds
[2026-06-29T22:04:36.883+0000] {processor.py:186} INFO - Started process (PID=746) to work on /home/airflow/.local/lib/python3.12/site-packages/airflow/example_dags/example_setup_teardown.py
[2026-06-29T22:04:36.887+0000] {processor.py:914} INFO - Processing file /home/airflow/.local/lib/python3.12/site-packages/airflow/example_dags/example_setup_teardown.py for tasks to queue
[2026-06-29T22:04:36.895+0000] {logging_mixin.py:190} INFO - [2026-06-29T22:04:36.894+0000] {dagbag.py:588} INFO - Filling up the DagBag from /home/airflow/.local/lib/python3.12/site-packages/airflow/example_dags/example_setup_teardown.py
[2026-06-29T22:04:36.915+0000] {processor.py:925} INFO - DAG(s) 'example_setup_teardown' retrieved from /home/airflow/.local/lib/python3.12/site-packages/airflow/example_dags/example_setup_teardown.py
[2026-06-29T22:04:36.977+0000] {logging_mixin.py:190} INFO - [2026-06-29T22:04:36.975+0000] {dag.py:3239} INFO - Sync 1 DAGs
[2026-06-29T22:04:37.013+0000] {logging_mixin.py:190} INFO - [2026-06-29T22:04:37.013+0000] {dag.py:4180} INFO - Setting next_dagrun for example_setup_teardown to None, run_after=None
[2026-06-29T22:04:37.080+0000] {processor.py:208} INFO - Processing /home/airflow/.local/lib/python3.12/site-packages/airflow/example_dags/example_setup_teardown.py took 0.210 seconds
[2026-06-29T22:05:07.796+0000] {processor.py:186} INFO - Started process (PID=809) to work on /home/airflow/.local/lib/python3.12/site-packages/airflow/example_dags/example_setup_teardown.py
[2026-06-29T22:05:07.798+0000] {processor.py:914} INFO - Processing file /home/airflow/.local/lib/python3.12/site-packages/airflow/example_dags/example_setup_teardown.py for tasks to queue
[2026-06-29T22:05:07.801+0000] {logging_mixin.py:190} INFO - [2026-06-29T22:05:07.800+0000] {dagbag.py:588} INFO - Filling up the DagBag from /home/airflow/.local/lib/python3.12/site-packages/airflow/example_dags/example_setup_teardown.py
[2026-06-29T22:05:07.811+0000] {processor.py:925} INFO - DAG(s) 'example_setup_teardown' retrieved from /home/airflow/.local/lib/python3.12/site-packages/airflow/example_dags/example_setup_teardown.py
[2026-06-29T22:05:07.835+0000] {logging_mixin.py:190} INFO - [2026-06-29T22:05:07.835+0000] {dag.py:3239} INFO - Sync 1 DAGs
[2026-06-29T22:05:07.850+0000] {logging_mixin.py:190} INFO - [2026-06-29T22:05:07.850+0000] {dag.py:4180} INFO - Setting next_dagrun for example_setup_teardown to None, run_after=None
[2026-06-29T22:05:07.872+0000] {processor.py:208} INFO - Processing /home/airflow/.local/lib/python3.12/site-packages/airflow/example_dags/example_setup_teardown.py took 0.082 seconds
[2026-06-29T22:05:38.599+0000] {processor.py:186} INFO - Started process (PID=874) to work on /home/airflow/.local/lib/python3.12/site-packages/airflow/example_dags/example_setup_teardown.py
[2026-06-29T22:05:38.601+0000] {processor.py:914} INFO - Processing file /home/airflow/.local/lib/python3.12/site-packages/airflow/example_dags/example_setup_teardown.py for tasks to queue
[2026-06-29T22:05:38.605+0000] {logging_mixin.py:190} INFO - [2026-06-29T22:05:38.604+0000] {dagbag.py:588} INFO - Filling up the DagBag from /home/airflow/.local/lib/python3.12/site-packages/airflow/example_dags/example_setup_teardown.py
[2026-06-29T22:05:38.616+0000] {processor.py:925} INFO - DAG(s) 'example_setup_teardown' retrieved from /home/airflow/.local/lib/python3.12/site-packages/airflow/example_dags/example_setup_teardown.py
[2026-06-29T22:05:38.643+0000] {logging_mixin.py:190} INFO - [2026-06-29T22:05:38.642+0000] {dag.py:3239} INFO - Sync 1 DAGs
[2026-06-29T22:05:38.660+0000] {logging_mixin.py:190} INFO - [2026-06-29T22:05:38.659+0000] {dag.py:4180} INFO - Setting next_dagrun for example_setup_teardown to None, run_after=None
[2026-06-29T22:05:38.682+0000] {processor.py:208} INFO - Processing /home/airflow/.local/lib/python3.12/site-packages/airflow/example_dags/example_setup_teardown.py took 0.091 seconds
[2026-06-29T22:06:09.138+0000] {processor.py:186} INFO - Started process (PID=937) to work on /home/airflow/.local/lib/python3.12/site-packages/airflow/example_dags/example_setup_teardown.py
[2026-06-29T22:06:09.142+0000] {processor.py:914} INFO - Processing file /home/airflow/.local/lib/python3.12/site-packages/airflow/example_dags/example_setup_teardown.py for tasks to queue
[2026-06-29T22:06:09.145+0000] {logging_mixin.py:190} INFO - [2026-06-29T22:06:09.145+0000] {dagbag.py:588} INFO - Filling up the DagBag from /home/airflow/.local/lib/python3.12/site-packages/airflow/example_dags/example_setup_teardown.py
[2026-06-29T22:06:09.154+0000] {processor.py:925} INFO - DAG(s) 'example_setup_teardown' retrieved from /home/airflow/.local/lib/python3.12/site-packages/airflow/example_dags/example_setup_teardown.py
[2026-06-29T22:06:09.182+0000] {logging_mixin.py:190} INFO - [2026-06-29T22:06:09.181+0000] {dag.py:3239} INFO - Sync 1 DAGs
[2026-06-29T22:06:09.214+0000] {logging_mixin.py:190} INFO - [2026-06-29T22:06:09.214+0000] {dag.py:4180} INFO - Setting next_dagrun for example_setup_teardown to None, run_after=None
[2026-06-29T22:06:09.247+0000] {processor.py:208} INFO - Processing /home/airflow/.local/lib/python3.12/site-packages/airflow/example_dags/example_setup_teardown.py took 0.117 seconds
[2026-06-29T22:08:27.374+0000] {processor.py:186} INFO - Started process (PID=114) to work on /home/airflow/.local/lib/python3.12/site-packages/airflow/example_dags/example_setup_teardown.py
[2026-06-29T22:08:27.377+0000] {processor.py:914} INFO - Processing file /home/airflow/.local/lib/python3.12/site-packages/airflow/example_dags/example_setup_teardown.py for tasks to queue
[2026-06-29T22:08:27.387+0000] {logging_mixin.py:190} INFO - [2026-06-29T22:08:27.385+0000] {dagbag.py:588} INFO - Filling up the DagBag from /home/airflow/.local/lib/python3.12/site-packages/airflow/example_dags/example_setup_teardown.py
[2026-06-29T22:08:27.418+0000] {processor.py:925} INFO - DAG(s) 'example_setup_teardown' retrieved from /home/airflow/.local/lib/python3.12/site-packages/airflow/example_dags/example_setup_teardown.py
[2026-06-29T22:08:27.481+0000] {logging_mixin.py:190} INFO - [2026-06-29T22:08:27.480+0000] {dag.py:3239} INFO - Sync 1 DAGs
[2026-06-29T22:08:27.516+0000] {logging_mixin.py:190} INFO - [2026-06-29T22:08:27.516+0000] {dag.py:4180} INFO - Setting next_dagrun for example_setup_teardown to None, run_after=None
[2026-06-29T22:08:27.565+0000] {processor.py:208} INFO - Processing /home/airflow/.local/lib/python3.12/site-packages/airflow/example_dags/example_setup_teardown.py took 0.205 seconds
[2026-06-29T22:09:03.707+0000] {processor.py:186} INFO - Started process (PID=178) to work on /home/airflow/.local/lib/python3.12/site-packages/airflow/example_dags/example_setup_teardown.py
[2026-06-29T22:09:03.711+0000] {processor.py:914} INFO - Processing file /home/airflow/.local/lib/python3.12/site-packages/airflow/example_dags/example_setup_teardown.py for tasks to queue
[2026-06-29T22:09:03.719+0000] {logging_mixin.py:190} INFO - [2026-06-29T22:09:03.717+0000] {dagbag.py:588} INFO - Filling up the DagBag from /home/airflow/.local/lib/python3.12/site-packages/airflow/example_dags/example_setup_teardown.py
[2026-06-29T22:09:03.765+0000] {processor.py:925} INFO - DAG(s) 'example_setup_teardown' retrieved from /home/airflow/.local/lib/python3.12/site-packages/airflow/example_dags/example_setup_teardown.py
[2026-06-29T22:09:03.871+0000] {logging_mixin.py:190} INFO - [2026-06-29T22:09:03.870+0000] {dag.py:3239} INFO - Sync 1 DAGs
[2026-06-29T22:09:03.937+0000] {logging_mixin.py:190} INFO - [2026-06-29T22:09:03.936+0000] {dag.py:4180} INFO - Setting next_dagrun for example_setup_teardown to None, run_after=None
[2026-06-29T22:09:04.015+0000] {processor.py:208} INFO - Processing /home/airflow/.local/lib/python3.12/site-packages/airflow/example_dags/example_setup_teardown.py took 0.341 seconds
[2026-06-29T22:09:37.210+0000] {processor.py:186} INFO - Started process (PID=248) to work on /home/airflow/.local/lib/python3.12/site-packages/airflow/example_dags/example_setup_teardown.py
[2026-06-29T22:09:37.213+0000] {processor.py:914} INFO - Processing file /home/airflow/.local/lib/python3.12/site-packages/airflow/example_dags/example_setup_teardown.py for tasks to queue
[2026-06-29T22:09:37.219+0000] {logging_mixin.py:190} INFO - [2026-06-29T22:09:37.218+0000] {dagbag.py:588} INFO - Filling up the DagBag from /home/airflow/.local/lib/python3.12/site-packages/airflow/example_dags/example_setup_teardown.py
[2026-06-29T22:09:37.237+0000] {processor.py:925} INFO - DAG(s) 'example_setup_teardown' retrieved from /home/airflow/.local/lib/python3.12/site-packages/airflow/example_dags/example_setup_teardown.py
[2026-06-29T22:09:37.285+0000] {logging_mixin.py:190} INFO - [2026-06-29T22:09:37.285+0000] {dag.py:3239} INFO - Sync 1 DAGs
[2026-06-29T22:09:37.319+0000] {logging_mixin.py:190} INFO - [2026-06-29T22:09:37.318+0000] {dag.py:4180} INFO - Setting next_dagrun for example_setup_teardown to None, run_after=None
[2026-06-29T22:09:37.364+0000] {processor.py:208} INFO - Processing /home/airflow/.local/lib/python3.12/site-packages/airflow/example_dags/example_setup_teardown.py took 0.166 seconds
[2026-06-29T22:10:13.443+0000] {processor.py:186} INFO - Started process (PID=313) to work on /home/airflow/.local/lib/python3.12/site-packages/airflow/example_dags/example_setup_teardown.py
[2026-06-29T22:10:13.454+0000] {processor.py:914} INFO - Processing file /home/airflow/.local/lib/python3.12/site-packages/airflow/example_dags/example_setup_teardown.py for tasks to queue
[2026-06-29T22:10:13.473+0000] {logging_mixin.py:190} INFO - [2026-06-29T22:10:13.472+0000] {dagbag.py:588} INFO - Filling up the DagBag from /home/airflow/.local/lib/python3.12/site-packages/airflow/example_dags/example_setup_teardown.py
[2026-06-29T22:10:13.510+0000] {processor.py:925} INFO - DAG(s) 'example_setup_teardown' retrieved from /home/airflow/.local/lib/python3.12/site-packages/airflow/example_dags/example_setup_teardown.py
[2026-06-29T22:10:13.623+0000] {logging_mixin.py:190} INFO - [2026-06-29T22:10:13.622+0000] {dag.py:3239} INFO - Sync 1 DAGs
[2026-06-29T22:10:13.691+0000] {logging_mixin.py:190} INFO - [2026-06-29T22:10:13.691+0000] {dag.py:4180} INFO - Setting next_dagrun for example_setup_teardown to None, run_after=None
[2026-06-29T22:10:13.803+0000] {processor.py:208} INFO - Processing /home/airflow/.local/lib/python3.12/site-packages/airflow/example_dags/example_setup_teardown.py took 0.406 seconds
[2026-06-29T22:10:44.466+0000] {processor.py:186} INFO - Started process (PID=377) to work on /home/airflow/.local/lib/python3.12/site-packages/airflow/example_dags/example_setup_teardown.py
[2026-06-29T22:10:44.469+0000] {processor.py:914} INFO - Processing file /home/airflow/.local/lib/python3.12/site-packages/airflow/example_dags/example_setup_teardown.py for tasks to queue
[2026-06-29T22:10:44.479+0000] {logging_mixin.py:190} INFO - [2026-06-29T22:10:44.478+0000] {dagbag.py:588} INFO - Filling up the DagBag from /home/airflow/.local/lib/python3.12/site-packages/airflow/example_dags/example_setup_teardown.py
[2026-06-29T22:10:44.510+0000] {processor.py:925} INFO - DAG(s) 'example_setup_teardown' retrieved from /home/airflow/.local/lib/python3.12/site-packages/airflow/example_dags/example_setup_teardown.py
[2026-06-29T22:10:44.565+0000] {logging_mixin.py:190} INFO - [2026-06-29T22:10:44.565+0000] {dag.py:3239} INFO - Sync 1 DAGs
[2026-06-29T22:10:44.598+0000] {logging_mixin.py:190} INFO - [2026-06-29T22:10:44.598+0000] {dag.py:4180} INFO - Setting next_dagrun for example_setup_teardown to None, run_after=None
[2026-06-29T22:10:44.644+0000] {processor.py:208} INFO - Processing /home/airflow/.local/lib/python3.12/site-packages/airflow/example_dags/example_setup_teardown.py took 0.199 seconds
[2026-06-29T22:11:15.068+0000] {processor.py:186} INFO - Started process (PID=441) to work on /home/airflow/.local/lib/python3.12/site-packages/airflow/example_dags/example_setup_teardown.py
[2026-06-29T22:11:15.069+0000] {processor.py:914} INFO - Processing file /home/airflow/.local/lib/python3.12/site-packages/airflow/example_dags/example_setup_teardown.py for tasks to queue
[2026-06-29T22:11:15.073+0000] {logging_mixin.py:190} INFO - [2026-06-29T22:11:15.072+0000] {dagbag.py:588} INFO - Filling up the DagBag from /home/airflow/.local/lib/python3.12/site-packages/airflow/example_dags/example_setup_teardown.py
[2026-06-29T22:11:15.087+0000] {processor.py:925} INFO - DAG(s) 'example_setup_teardown' retrieved from /home/airflow/.local/lib/python3.12/site-packages/airflow/example_dags/example_setup_teardown.py
[2026-06-29T22:11:15.112+0000] {logging_mixin.py:190} INFO - [2026-06-29T22:11:15.111+0000] {dag.py:3239} INFO - Sync 1 DAGs
[2026-06-29T22:11:15.126+0000] {logging_mixin.py:190} INFO - [2026-06-29T22:11:15.126+0000] {dag.py:4180} INFO - Setting next_dagrun for example_setup_teardown to None, run_after=None
[2026-06-29T22:11:15.150+0000] {processor.py:208} INFO - Processing /home/airflow/.local/lib/python3.12/site-packages/airflow/example_dags/example_setup_teardown.py took 0.089 seconds
[2026-06-29T22:11:46.073+0000] {processor.py:186} INFO - Started process (PID=505) to work on /home/airflow/.local/lib/python3.12/site-packages/airflow/example_dags/example_setup_teardown.py
[2026-06-29T22:11:46.075+0000] {processor.py:914} INFO - Processing file /home/airflow/.local/lib/python3.12/site-packages/airflow/example_dags/example_setup_teardown.py for tasks to queue
[2026-06-29T22:11:46.078+0000] {logging_mixin.py:190} INFO - [2026-06-29T22:11:46.077+0000] {dagbag.py:588} INFO - Filling up the DagBag from /home/airflow/.local/lib/python3.12/site-packages/airflow/example_dags/example_setup_teardown.py
[2026-06-29T22:11:46.087+0000] {processor.py:925} INFO - DAG(s) 'example_setup_teardown' retrieved from /home/airflow/.local/lib/python3.12/site-packages/airflow/example_dags/example_setup_teardown.py
[2026-06-29T22:11:46.120+0000] {logging_mixin.py:190} INFO - [2026-06-29T22:11:46.120+0000] {dag.py:3239} INFO - Sync 1 DAGs
[2026-06-29T22:11:46.141+0000] {logging_mixin.py:190} INFO - [2026-06-29T22:11:46.141+0000] {dag.py:4180} INFO - Setting next_dagrun for example_setup_teardown to None, run_after=None
[2026-06-29T22:11:46.178+0000] {processor.py:208} INFO - Processing /home/airflow/.local/lib/python3.12/site-packages/airflow/example_dags/example_setup_teardown.py took 0.112 seconds
[2026-06-29T22:12:16.848+0000] {processor.py:186} INFO - Started process (PID=569) to work on /home/airflow/.local/lib/python3.12/site-packages/airflow/example_dags/example_setup_teardown.py
[2026-06-29T22:12:16.850+0000] {processor.py:914} INFO - Processing file /home/airflow/.local/lib/python3.12/site-packages/airflow/example_dags/example_setup_teardown.py for tasks to queue
[2026-06-29T22:12:16.855+0000] {logging_mixin.py:190} INFO - [2026-06-29T22:12:16.855+0000] {dagbag.py:588} INFO - Filling up the DagBag from /home/airflow/.local/lib/python3.12/site-packages/airflow/example_dags/example_setup_teardown.py
[2026-06-29T22:12:16.868+0000] {processor.py:925} INFO - DAG(s) 'example_setup_teardown' retrieved from /home/airflow/.local/lib/python3.12/site-packages/airflow/example_dags/example_setup_teardown.py
[2026-06-29T22:12:16.900+0000] {logging_mixin.py:190} INFO - [2026-06-29T22:12:16.899+0000] {dag.py:3239} INFO - Sync 1 DAGs
[2026-06-29T22:12:16.918+0000] {logging_mixin.py:190} INFO - [2026-06-29T22:12:16.917+0000] {dag.py:4180} INFO - Setting next_dagrun for example_setup_teardown to None, run_after=None
[2026-06-29T22:12:16.945+0000] {processor.py:208} INFO - Processing /home/airflow/.local/lib/python3.12/site-packages/airflow/example_dags/example_setup_teardown.py took 0.109 seconds
[2026-06-29T22:12:48.503+0000] {processor.py:186} INFO - Started process (PID=633) to work on /home/airflow/.local/lib/python3.12/site-packages/airflow/example_dags/example_setup_teardown.py
[2026-06-29T22:12:48.505+0000] {processor.py:914} INFO - Processing file /home/airflow/.local/lib/python3.12/site-packages/airflow/example_dags/example_setup_teardown.py for tasks to queue
[2026-06-29T22:12:48.510+0000] {logging_mixin.py:190} INFO - [2026-06-29T22:12:48.509+0000] {dagbag.py:588} INFO - Filling up the DagBag from /home/airflow/.local/lib/python3.12/site-packages/airflow/example_dags/example_setup_teardown.py
[2026-06-29T22:12:48.524+0000] {processor.py:925} INFO - DAG(s) 'example_setup_teardown' retrieved from /home/airflow/.local/lib/python3.12/site-packages/airflow/example_dags/example_setup_teardown.py
[2026-06-29T22:12:48.549+0000] {logging_mixin.py:190} INFO - [2026-06-29T22:12:48.548+0000] {dag.py:3239} INFO - Sync 1 DAGs
[2026-06-29T22:12:48.566+0000] {logging_mixin.py:190} INFO - [2026-06-29T22:12:48.566+0000] {dag.py:4180} INFO - Setting next_dagrun for example_setup_teardown to None, run_after=None
[2026-06-29T22:12:48.591+0000] {processor.py:208} INFO - Processing /home/airflow/.local/lib/python3.12/site-packages/airflow/example_dags/example_setup_teardown.py took 0.104 seconds
[2026-06-29T22:13:20.583+0000] {processor.py:186} INFO - Started process (PID=697) to work on /home/airflow/.local/lib/python3.12/site-packages/airflow/example_dags/example_setup_teardown.py
[2026-06-29T22:13:20.586+0000] {processor.py:914} INFO - Processing file /home/airflow/.local/lib/python3.12/site-packages/airflow/example_dags/example_setup_teardown.py for tasks to queue
[2026-06-29T22:13:20.592+0000] {logging_mixin.py:190} INFO - [2026-06-29T22:13:20.592+0000] {dagbag.py:588} INFO - Filling up the DagBag from /home/airflow/.local/lib/python3.12/site-packages/airflow/example_dags/example_setup_teardown.py
[2026-06-29T22:13:20.611+0000] {processor.py:925} INFO - DAG(s) 'example_setup_teardown' retrieved from /home/airflow/.local/lib/python3.12/site-packages/airflow/example_dags/example_setup_teardown.py
[2026-06-29T22:13:20.662+0000] {logging_mixin.py:190} INFO - [2026-06-29T22:13:20.662+0000] {dag.py:3239} INFO - Sync 1 DAGs
[2026-06-29T22:13:20.694+0000] {logging_mixin.py:190} INFO - [2026-06-29T22:13:20.694+0000] {dag.py:4180} INFO - Setting next_dagrun for example_setup_teardown to None, run_after=None
[2026-06-29T22:13:20.748+0000] {processor.py:208} INFO - Processing /home/airflow/.local/lib/python3.12/site-packages/airflow/example_dags/example_setup_teardown.py took 0.176 seconds
[2026-06-29T22:13:51.456+0000] {processor.py:186} INFO - Started process (PID=762) to work on /home/airflow/.local/lib/python3.12/site-packages/airflow/example_dags/example_setup_teardown.py
[2026-06-29T22:13:51.458+0000] {processor.py:914} INFO - Processing file /home/airflow/.local/lib/python3.12/site-packages/airflow/example_dags/example_setup_teardown.py for tasks to queue
[2026-06-29T22:13:51.463+0000] {logging_mixin.py:190} INFO - [2026-06-29T22:13:51.462+0000] {dagbag.py:588} INFO - Filling up the DagBag from /home/airflow/.local/lib/python3.12/site-packages/airflow/example_dags/example_setup_teardown.py
[2026-06-29T22:13:51.476+0000] {processor.py:925} INFO - DAG(s) 'example_setup_teardown' retrieved from /home/airflow/.local/lib/python3.12/site-packages/airflow/example_dags/example_setup_teardown.py
[2026-06-29T22:13:51.507+0000] {logging_mixin.py:190} INFO - [2026-06-29T22:13:51.506+0000] {dag.py:3239} INFO - Sync 1 DAGs
[2026-06-29T22:13:51.528+0000] {logging_mixin.py:190} INFO - [2026-06-29T22:13:51.527+0000] {dag.py:4180} INFO - Setting next_dagrun for example_setup_teardown to None, run_after=None
[2026-06-29T22:13:51.555+0000] {processor.py:208} INFO - Processing /home/airflow/.local/lib/python3.12/site-packages/airflow/example_dags/example_setup_teardown.py took 0.108 seconds
[2026-06-29T22:14:24.157+0000] {processor.py:186} INFO - Started process (PID=826) to work on /home/airflow/.local/lib/python3.12/site-packages/airflow/example_dags/example_setup_teardown.py
[2026-06-29T22:14:24.159+0000] {processor.py:914} INFO - Processing file /home/airflow/.local/lib/python3.12/site-packages/airflow/example_dags/example_setup_teardown.py for tasks to queue
[2026-06-29T22:14:24.168+0000] {logging_mixin.py:190} INFO - [2026-06-29T22:14:24.167+0000] {dagbag.py:588} INFO - Filling up the DagBag from /home/airflow/.local/lib/python3.12/site-packages/airflow/example_dags/example_setup_teardown.py
[2026-06-29T22:14:24.188+0000] {processor.py:925} INFO - DAG(s) 'example_setup_teardown' retrieved from /home/airflow/.local/lib/python3.12/site-packages/airflow/example_dags/example_setup_teardown.py
[2026-06-29T22:14:24.320+0000] {logging_mixin.py:190} INFO - [2026-06-29T22:14:24.319+0000] {dag.py:3239} INFO - Sync 1 DAGs
[2026-06-29T22:14:24.373+0000] {logging_mixin.py:190} INFO - [2026-06-29T22:14:24.372+0000] {dag.py:4180} INFO - Setting next_dagrun for example_setup_teardown to None, run_after=None
[2026-06-29T22:14:24.433+0000] {processor.py:208} INFO - Processing /home/airflow/.local/lib/python3.12/site-packages/airflow/example_dags/example_setup_teardown.py took 0.294 seconds
[2026-06-29T22:14:55.002+0000] {processor.py:186} INFO - Started process (PID=890) to work on /home/airflow/.local/lib/python3.12/site-packages/airflow/example_dags/example_setup_teardown.py
[2026-06-29T22:14:55.004+0000] {processor.py:914} INFO - Processing file /home/airflow/.local/lib/python3.12/site-packages/airflow/example_dags/example_setup_teardown.py for tasks to queue
[2026-06-29T22:14:55.010+0000] {logging_mixin.py:190} INFO - [2026-06-29T22:14:55.010+0000] {dagbag.py:588} INFO - Filling up the DagBag from /home/airflow/.local/lib/python3.12/site-packages/airflow/example_dags/example_setup_teardown.py
[2026-06-29T22:14:55.030+0000] {processor.py:925} INFO - DAG(s) 'example_setup_teardown' retrieved from /home/airflow/.local/lib/python3.12/site-packages/airflow/example_dags/example_setup_teardown.py
[2026-06-29T22:14:55.080+0000] {logging_mixin.py:190} INFO - [2026-06-29T22:14:55.079+0000] {dag.py:3239} INFO - Sync 1 DAGs
[2026-06-29T22:14:55.119+0000] {logging_mixin.py:190} INFO - [2026-06-29T22:14:55.118+0000] {dag.py:4180} INFO - Setting next_dagrun for example_setup_teardown to None, run_after=None
[2026-06-29T22:14:55.176+0000] {processor.py:208} INFO - Processing /home/airflow/.local/lib/python3.12/site-packages/airflow/example_dags/example_setup_teardown.py took 0.187 seconds
[2026-06-29T22:15:26.636+0000] {processor.py:186} INFO - Started process (PID=954) to work on /home/airflow/.local/lib/python3.12/site-packages/airflow/example_dags/example_setup_teardown.py
[2026-06-29T22:15:26.638+0000] {processor.py:914} INFO - Processing file /home/airflow/.local/lib/python3.12/site-packages/airflow/example_dags/example_setup_teardown.py for tasks to queue
[2026-06-29T22:15:26.642+0000] {logging_mixin.py:190} INFO - [2026-06-29T22:15:26.641+0000] {dagbag.py:588} INFO - Filling up the DagBag from /home/airflow/.local/lib/python3.12/site-packages/airflow/example_dags/example_setup_teardown.py
[2026-06-29T22:15:26.656+0000] {processor.py:925} INFO - DAG(s) 'example_setup_teardown' retrieved from /home/airflow/.local/lib/python3.12/site-packages/airflow/example_dags/example_setup_teardown.py
[2026-06-29T22:15:26.687+0000] {logging_mixin.py:190} INFO - [2026-06-29T22:15:26.687+0000] {dag.py:3239} INFO - Sync 1 DAGs
[2026-06-29T22:15:26.708+0000] {logging_mixin.py:190} INFO - [2026-06-29T22:15:26.708+0000] {dag.py:4180} INFO - Setting next_dagrun for example_setup_teardown to None, run_after=None
[2026-06-29T22:15:26.743+0000] {processor.py:208} INFO - Processing /home/airflow/.local/lib/python3.12/site-packages/airflow/example_dags/example_setup_teardown.py took 0.115 seconds
[2026-06-29T22:15:58.117+0000] {processor.py:186} INFO - Started process (PID=1018) to work on /home/airflow/.local/lib/python3.12/site-packages/airflow/example_dags/example_setup_teardown.py
[2026-06-29T22:15:58.120+0000] {processor.py:914} INFO - Processing file /home/airflow/.local/lib/python3.12/site-packages/airflow/example_dags/example_setup_teardown.py for tasks to queue
[2026-06-29T22:15:58.127+0000] {logging_mixin.py:190} INFO - [2026-06-29T22:15:58.126+0000] {dagbag.py:588} INFO - Filling up the DagBag from /home/airflow/.local/lib/python3.12/site-packages/airflow/example_dags/example_setup_teardown.py
[2026-06-29T22:15:58.144+0000] {processor.py:925} INFO - DAG(s) 'example_setup_teardown' retrieved from /home/airflow/.local/lib/python3.12/site-packages/airflow/example_dags/example_setup_teardown.py
[2026-06-29T22:15:58.181+0000] {logging_mixin.py:190} INFO - [2026-06-29T22:15:58.181+0000] {dag.py:3239} INFO - Sync 1 DAGs
[2026-06-29T22:15:58.214+0000] {logging_mixin.py:190} INFO - [2026-06-29T22:15:58.214+0000] {dag.py:4180} INFO - Setting next_dagrun for example_setup_teardown to None, run_after=None
[2026-06-29T22:15:58.245+0000] {processor.py:208} INFO - Processing /home/airflow/.local/lib/python3.12/site-packages/airflow/example_dags/example_setup_teardown.py took 0.139 seconds
[2026-06-29T22:16:29.200+0000] {processor.py:186} INFO - Started process (PID=1082) to work on /home/airflow/.local/lib/python3.12/site-packages/airflow/example_dags/example_setup_teardown.py
[2026-06-29T22:16:29.202+0000] {processor.py:914} INFO - Processing file /home/airflow/.local/lib/python3.12/site-packages/airflow/example_dags/example_setup_teardown.py for tasks to queue
[2026-06-29T22:16:29.209+0000] {logging_mixin.py:190} INFO - [2026-06-29T22:16:29.208+0000] {dagbag.py:588} INFO - Filling up the DagBag from /home/airflow/.local/lib/python3.12/site-packages/airflow/example_dags/example_setup_teardown.py
[2026-06-29T22:16:29.224+0000] {processor.py:925} INFO - DAG(s) 'example_setup_teardown' retrieved from /home/airflow/.local/lib/python3.12/site-packages/airflow/example_dags/example_setup_teardown.py
[2026-06-29T22:16:29.259+0000] {logging_mixin.py:190} INFO - [2026-06-29T22:16:29.259+0000] {dag.py:3239} INFO - Sync 1 DAGs
[2026-06-29T22:16:29.282+0000] {logging_mixin.py:190} INFO - [2026-06-29T22:16:29.281+0000] {dag.py:4180} INFO - Setting next_dagrun for example_setup_teardown to None, run_after=None
[2026-06-29T22:16:29.309+0000] {processor.py:208} INFO - Processing /home/airflow/.local/lib/python3.12/site-packages/airflow/example_dags/example_setup_teardown.py took 0.117 seconds
[2026-06-29T22:17:00.599+0000] {processor.py:186} INFO - Started process (PID=1146) to work on /home/airflow/.local/lib/python3.12/site-packages/airflow/example_dags/example_setup_teardown.py
[2026-06-29T22:17:00.606+0000] {processor.py:914} INFO - Processing file /home/airflow/.local/lib/python3.12/site-packages/airflow/example_dags/example_setup_teardown.py for tasks to queue
[2026-06-29T22:17:00.614+0000] {logging_mixin.py:190} INFO - [2026-06-29T22:17:00.613+0000] {dagbag.py:588} INFO - Filling up the DagBag from /home/airflow/.local/lib/python3.12/site-packages/airflow/example_dags/example_setup_teardown.py
[2026-06-29T22:17:00.651+0000] {processor.py:925} INFO - DAG(s) 'example_setup_teardown' retrieved from /home/airflow/.local/lib/python3.12/site-packages/airflow/example_dags/example_setup_teardown.py
[2026-06-29T22:17:00.727+0000] {logging_mixin.py:190} INFO - [2026-06-29T22:17:00.727+0000] {dag.py:3239} INFO - Sync 1 DAGs
[2026-06-29T22:17:00.759+0000] {logging_mixin.py:190} INFO - [2026-06-29T22:17:00.759+0000] {dag.py:4180} INFO - Setting next_dagrun for example_setup_teardown to None, run_after=None
[2026-06-29T22:17:00.799+0000] {processor.py:208} INFO - Processing /home/airflow/.local/lib/python3.12/site-packages/airflow/example_dags/example_setup_teardown.py took 0.222 seconds
[2026-06-29T22:17:33.051+0000] {processor.py:186} INFO - Started process (PID=1210) to work on /home/airflow/.local/lib/python3.12/site-packages/airflow/example_dags/example_setup_teardown.py
[2026-06-29T22:17:33.054+0000] {processor.py:914} INFO - Processing file /home/airflow/.local/lib/python3.12/site-packages/airflow/example_dags/example_setup_teardown.py for tasks to queue
[2026-06-29T22:17:33.060+0000] {logging_mixin.py:190} INFO - [2026-06-29T22:17:33.059+0000] {dagbag.py:588} INFO - Filling up the DagBag from /home/airflow/.local/lib/python3.12/site-packages/airflow/example_dags/example_setup_teardown.py
[2026-06-29T22:17:33.087+0000] {processor.py:925} INFO - DAG(s) 'example_setup_teardown' retrieved from /home/airflow/.local/lib/python3.12/site-packages/airflow/example_dags/example_setup_teardown.py
[2026-06-29T22:17:33.145+0000] {logging_mixin.py:190} INFO - [2026-06-29T22:17:33.144+0000] {dag.py:3239} INFO - Sync 1 DAGs
[2026-06-29T22:17:33.178+0000] {logging_mixin.py:190} INFO - [2026-06-29T22:17:33.178+0000] {dag.py:4180} INFO - Setting next_dagrun for example_setup_teardown to None, run_after=None
[2026-06-29T22:17:33.230+0000] {processor.py:208} INFO - Processing /home/airflow/.local/lib/python3.12/site-packages/airflow/example_dags/example_setup_teardown.py took 0.191 seconds
[2026-06-29T22:18:03.978+0000] {processor.py:186} INFO - Started process (PID=1274) to work on /home/airflow/.local/lib/python3.12/site-packages/airflow/example_dags/example_setup_teardown.py
[2026-06-29T22:18:03.979+0000] {processor.py:914} INFO - Processing file /home/airflow/.local/lib/python3.12/site-packages/airflow/example_dags/example_setup_teardown.py for tasks to queue
[2026-06-29T22:18:03.982+0000] {logging_mixin.py:190} INFO - [2026-06-29T22:18:03.982+0000] {dagbag.py:588} INFO - Filling up the DagBag from /home/airflow/.local/lib/python3.12/site-packages/airflow/example_dags/example_setup_teardown.py
[2026-06-29T22:18:03.993+0000] {processor.py:925} INFO - DAG(s) 'example_setup_teardown' retrieved from /home/airflow/.local/lib/python3.12/site-packages/airflow/example_dags/example_setup_teardown.py
[2026-06-29T22:18:04.019+0000] {logging_mixin.py:190} INFO - [2026-06-29T22:18:04.018+0000] {dag.py:3239} INFO - Sync 1 DAGs
[2026-06-29T22:18:04.032+0000] {logging_mixin.py:190} INFO - [2026-06-29T22:18:04.032+0000] {dag.py:4180} INFO - Setting next_dagrun for example_setup_teardown to None, run_after=None
[2026-06-29T22:18:04.053+0000] {processor.py:208} INFO - Processing /home/airflow/.local/lib/python3.12/site-packages/airflow/example_dags/example_setup_teardown.py took 0.081 seconds
[2026-06-29T22:18:36.060+0000] {processor.py:186} INFO - Started process (PID=1338) to work on /home/airflow/.local/lib/python3.12/site-packages/airflow/example_dags/example_setup_teardown.py
[2026-06-29T22:18:36.063+0000] {processor.py:914} INFO - Processing file /home/airflow/.local/lib/python3.12/site-packages/airflow/example_dags/example_setup_teardown.py for tasks to queue
[2026-06-29T22:18:36.069+0000] {logging_mixin.py:190} INFO - [2026-06-29T22:18:36.068+0000] {dagbag.py:588} INFO - Filling up the DagBag from /home/airflow/.local/lib/python3.12/site-packages/airflow/example_dags/example_setup_teardown.py
[2026-06-29T22:18:36.088+0000] {processor.py:925} INFO - DAG(s) 'example_setup_teardown' retrieved from /home/airflow/.local/lib/python3.12/site-packages/airflow/example_dags/example_setup_teardown.py
[2026-06-29T22:18:36.127+0000] {logging_mixin.py:190} INFO - [2026-06-29T22:18:36.127+0000] {dag.py:3239} INFO - Sync 1 DAGs
[2026-06-29T22:18:36.150+0000] {logging_mixin.py:190} INFO - [2026-06-29T22:18:36.150+0000] {dag.py:4180} INFO - Setting next_dagrun for example_setup_teardown to None, run_after=None
[2026-06-29T22:18:36.185+0000] {processor.py:208} INFO - Processing /home/airflow/.local/lib/python3.12/site-packages/airflow/example_dags/example_setup_teardown.py took 0.136 seconds
[2026-06-29T22:19:07.118+0000] {processor.py:186} INFO - Started process (PID=1402) to work on /home/airflow/.local/lib/python3.12/site-packages/airflow/example_dags/example_setup_teardown.py
[2026-06-29T22:19:07.120+0000] {processor.py:914} INFO - Processing file /home/airflow/.local/lib/python3.12/site-packages/airflow/example_dags/example_setup_teardown.py for tasks to queue
[2026-06-29T22:19:07.124+0000] {logging_mixin.py:190} INFO - [2026-06-29T22:19:07.124+0000] {dagbag.py:588} INFO - Filling up the DagBag from /home/airflow/.local/lib/python3.12/site-packages/airflow/example_dags/example_setup_teardown.py
[2026-06-29T22:19:07.137+0000] {processor.py:925} INFO - DAG(s) 'example_setup_teardown' retrieved from /home/airflow/.local/lib/python3.12/site-packages/airflow/example_dags/example_setup_teardown.py
[2026-06-29T22:19:07.165+0000] {logging_mixin.py:190} INFO - [2026-06-29T22:19:07.164+0000] {dag.py:3239} INFO - Sync 1 DAGs
[2026-06-29T22:19:07.183+0000] {logging_mixin.py:190} INFO - [2026-06-29T22:19:07.183+0000] {dag.py:4180} INFO - Setting next_dagrun for example_setup_teardown to None, run_after=None
[2026-06-29T22:19:07.212+0000] {processor.py:208} INFO - Processing /home/airflow/.local/lib/python3.12/site-packages/airflow/example_dags/example_setup_teardown.py took 0.104 seconds
[2026-06-29T22:19:39.703+0000] {processor.py:186} INFO - Started process (PID=1474) to work on /home/airflow/.local/lib/python3.12/site-packages/airflow/example_dags/example_setup_teardown.py
[2026-06-29T22:19:39.706+0000] {processor.py:914} INFO - Processing file /home/airflow/.local/lib/python3.12/site-packages/airflow/example_dags/example_setup_teardown.py for tasks to queue
[2026-06-29T22:19:39.715+0000] {logging_mixin.py:190} INFO - [2026-06-29T22:19:39.714+0000] {dagbag.py:588} INFO - Filling up the DagBag from /home/airflow/.local/lib/python3.12/site-packages/airflow/example_dags/example_setup_teardown.py
[2026-06-29T22:19:39.741+0000] {processor.py:925} INFO - DAG(s) 'example_setup_teardown' retrieved from /home/airflow/.local/lib/python3.12/site-packages/airflow/example_dags/example_setup_teardown.py
[2026-06-29T22:19:39.801+0000] {logging_mixin.py:190} INFO - [2026-06-29T22:19:39.801+0000] {dag.py:3239} INFO - Sync 1 DAGs
[2026-06-29T22:19:39.833+0000] {logging_mixin.py:190} INFO - [2026-06-29T22:19:39.833+0000] {dag.py:4180} INFO - Setting next_dagrun for example_setup_teardown to None, run_after=None
[2026-06-29T22:19:39.891+0000] {processor.py:208} INFO - Processing /home/airflow/.local/lib/python3.12/site-packages/airflow/example_dags/example_setup_teardown.py took 0.206 seconds
[2026-06-29T22:20:13.000+0000] {processor.py:186} INFO - Started process (PID=1539) to work on /home/airflow/.local/lib/python3.12/site-packages/airflow/example_dags/example_setup_teardown.py
[2026-06-29T22:20:13.003+0000] {processor.py:914} INFO - Processing file /home/airflow/.local/lib/python3.12/site-packages/airflow/example_dags/example_setup_teardown.py for tasks to queue
[2026-06-29T22:20:13.014+0000] {logging_mixin.py:190} INFO - [2026-06-29T22:20:13.012+0000] {dagbag.py:588} INFO - Filling up the DagBag from /home/airflow/.local/lib/python3.12/site-packages/airflow/example_dags/example_setup_teardown.py
[2026-06-29T22:20:13.037+0000] {processor.py:925} INFO - DAG(s) 'example_setup_teardown' retrieved from /home/airflow/.local/lib/python3.12/site-packages/airflow/example_dags/example_setup_teardown.py
[2026-06-29T22:20:13.082+0000] {logging_mixin.py:190} INFO - [2026-06-29T22:20:13.082+0000] {dag.py:3239} INFO - Sync 1 DAGs
[2026-06-29T22:20:13.120+0000] {logging_mixin.py:190} INFO - [2026-06-29T22:20:13.119+0000] {dag.py:4180} INFO - Setting next_dagrun for example_setup_teardown to None, run_after=None
[2026-06-29T22:20:13.167+0000] {processor.py:208} INFO - Processing /home/airflow/.local/lib/python3.12/site-packages/airflow/example_dags/example_setup_teardown.py took 0.181 seconds
[2026-06-29T22:20:45.275+0000] {processor.py:186} INFO - Started process (PID=1603) to work on /home/airflow/.local/lib/python3.12/site-packages/airflow/example_dags/example_setup_teardown.py
[2026-06-29T22:20:45.279+0000] {processor.py:914} INFO - Processing file /home/airflow/.local/lib/python3.12/site-packages/airflow/example_dags/example_setup_teardown.py for tasks to queue
[2026-06-29T22:20:45.293+0000] {logging_mixin.py:190} INFO - [2026-06-29T22:20:45.292+0000] {dagbag.py:588} INFO - Filling up the DagBag from /home/airflow/.local/lib/python3.12/site-packages/airflow/example_dags/example_setup_teardown.py
[2026-06-29T22:20:45.358+0000] {processor.py:925} INFO - DAG(s) 'example_setup_teardown' retrieved from /home/airflow/.local/lib/python3.12/site-packages/airflow/example_dags/example_setup_teardown.py
[2026-06-29T22:20:45.500+0000] {logging_mixin.py:190} INFO - [2026-06-29T22:20:45.498+0000] {dag.py:3239} INFO - Sync 1 DAGs
[2026-06-29T22:20:45.563+0000] {logging_mixin.py:190} INFO - [2026-06-29T22:20:45.563+0000] {dag.py:4180} INFO - Setting next_dagrun for example_setup_teardown to None, run_after=None
[2026-06-29T22:20:45.652+0000] {processor.py:208} INFO - Processing /home/airflow/.local/lib/python3.12/site-packages/airflow/example_dags/example_setup_teardown.py took 0.409 seconds
[2026-06-29T22:21:16.299+0000] {processor.py:186} INFO - Started process (PID=1667) to work on /home/airflow/.local/lib/python3.12/site-packages/airflow/example_dags/example_setup_teardown.py
[2026-06-29T22:21:16.303+0000] {processor.py:914} INFO - Processing file /home/airflow/.local/lib/python3.12/site-packages/airflow/example_dags/example_setup_teardown.py for tasks to queue
[2026-06-29T22:21:16.314+0000] {logging_mixin.py:190} INFO - [2026-06-29T22:21:16.314+0000] {dagbag.py:588} INFO - Filling up the DagBag from /home/airflow/.local/lib/python3.12/site-packages/airflow/example_dags/example_setup_teardown.py
[2026-06-29T22:21:16.338+0000] {processor.py:925} INFO - DAG(s) 'example_setup_teardown' retrieved from /home/airflow/.local/lib/python3.12/site-packages/airflow/example_dags/example_setup_teardown.py
[2026-06-29T22:21:16.399+0000] {logging_mixin.py:190} INFO - [2026-06-29T22:21:16.398+0000] {dag.py:3239} INFO - Sync 1 DAGs
[2026-06-29T22:21:16.437+0000] {logging_mixin.py:190} INFO - [2026-06-29T22:21:16.436+0000] {dag.py:4180} INFO - Setting next_dagrun for example_setup_teardown to None, run_after=None
[2026-06-29T22:21:16.501+0000] {processor.py:208} INFO - Processing /home/airflow/.local/lib/python3.12/site-packages/airflow/example_dags/example_setup_teardown.py took 0.235 seconds
[2026-06-29T22:21:46.685+0000] {processor.py:186} INFO - Started process (PID=1731) to work on /home/airflow/.local/lib/python3.12/site-packages/airflow/example_dags/example_setup_teardown.py
[2026-06-29T22:21:46.687+0000] {processor.py:914} INFO - Processing file /home/airflow/.local/lib/python3.12/site-packages/airflow/example_dags/example_setup_teardown.py for tasks to queue
[2026-06-29T22:21:46.691+0000] {logging_mixin.py:190} INFO - [2026-06-29T22:21:46.690+0000] {dagbag.py:588} INFO - Filling up the DagBag from /home/airflow/.local/lib/python3.12/site-packages/airflow/example_dags/example_setup_teardown.py
[2026-06-29T22:21:46.703+0000] {processor.py:925} INFO - DAG(s) 'example_setup_teardown' retrieved from /home/airflow/.local/lib/python3.12/site-packages/airflow/example_dags/example_setup_teardown.py
[2026-06-29T22:21:46.737+0000] {logging_mixin.py:190} INFO - [2026-06-29T22:21:46.737+0000] {dag.py:3239} INFO - Sync 1 DAGs
[2026-06-29T22:21:46.760+0000] {logging_mixin.py:190} INFO - [2026-06-29T22:21:46.760+0000] {dag.py:4180} INFO - Setting next_dagrun for example_setup_teardown to None, run_after=None
[2026-06-29T22:21:46.791+0000] {processor.py:208} INFO - Processing /home/airflow/.local/lib/python3.12/site-packages/airflow/example_dags/example_setup_teardown.py took 0.113 seconds
[2026-06-29T22:22:17.368+0000] {processor.py:186} INFO - Started process (PID=1795) to work on /home/airflow/.local/lib/python3.12/site-packages/airflow/example_dags/example_setup_teardown.py
[2026-06-29T22:22:17.370+0000] {processor.py:914} INFO - Processing file /home/airflow/.local/lib/python3.12/site-packages/airflow/example_dags/example_setup_teardown.py for tasks to queue
[2026-06-29T22:22:17.374+0000] {logging_mixin.py:190} INFO - [2026-06-29T22:22:17.373+0000] {dagbag.py:588} INFO - Filling up the DagBag from /home/airflow/.local/lib/python3.12/site-packages/airflow/example_dags/example_setup_teardown.py
[2026-06-29T22:22:17.385+0000] {processor.py:925} INFO - DAG(s) 'example_setup_teardown' retrieved from /home/airflow/.local/lib/python3.12/site-packages/airflow/example_dags/example_setup_teardown.py
[2026-06-29T22:22:17.413+0000] {logging_mixin.py:190} INFO - [2026-06-29T22:22:17.412+0000] {dag.py:3239} INFO - Sync 1 DAGs
[2026-06-29T22:22:17.430+0000] {logging_mixin.py:190} INFO - [2026-06-29T22:22:17.429+0000] {dag.py:4180} INFO - Setting next_dagrun for example_setup_teardown to None, run_after=None
[2026-06-29T22:22:17.454+0000] {processor.py:208} INFO - Processing /home/airflow/.local/lib/python3.12/site-packages/airflow/example_dags/example_setup_teardown.py took 0.093 seconds
[2026-06-29T22:22:48.365+0000] {processor.py:186} INFO - Started process (PID=1860) to work on /home/airflow/.local/lib/python3.12/site-packages/airflow/example_dags/example_setup_teardown.py
[2026-06-29T22:22:48.367+0000] {processor.py:914} INFO - Processing file /home/airflow/.local/lib/python3.12/site-packages/airflow/example_dags/example_setup_teardown.py for tasks to queue
[2026-06-29T22:22:48.372+0000] {logging_mixin.py:190} INFO - [2026-06-29T22:22:48.371+0000] {dagbag.py:588} INFO - Filling up the DagBag from /home/airflow/.local/lib/python3.12/site-packages/airflow/example_dags/example_setup_teardown.py
[2026-06-29T22:22:48.385+0000] {processor.py:925} INFO - DAG(s) 'example_setup_teardown' retrieved from /home/airflow/.local/lib/python3.12/site-packages/airflow/example_dags/example_setup_teardown.py
[2026-06-29T22:22:48.416+0000] {logging_mixin.py:190} INFO - [2026-06-29T22:22:48.416+0000] {dag.py:3239} INFO - Sync 1 DAGs
[2026-06-29T22:22:48.434+0000] {logging_mixin.py:190} INFO - [2026-06-29T22:22:48.434+0000] {dag.py:4180} INFO - Setting next_dagrun for example_setup_teardown to None, run_after=None
[2026-06-29T22:22:48.463+0000] {processor.py:208} INFO - Processing /home/airflow/.local/lib/python3.12/site-packages/airflow/example_dags/example_setup_teardown.py took 0.107 seconds
[2026-06-29T22:23:19.149+0000] {processor.py:186} INFO - Started process (PID=1923) to work on /home/airflow/.local/lib/python3.12/site-packages/airflow/example_dags/example_setup_teardown.py
[2026-06-29T22:23:19.151+0000] {processor.py:914} INFO - Processing file /home/airflow/.local/lib/python3.12/site-packages/airflow/example_dags/example_setup_teardown.py for tasks to queue
[2026-06-29T22:23:19.154+0000] {logging_mixin.py:190} INFO - [2026-06-29T22:23:19.154+0000] {dagbag.py:588} INFO - Filling up the DagBag from /home/airflow/.local/lib/python3.12/site-packages/airflow/example_dags/example_setup_teardown.py
[2026-06-29T22:23:19.165+0000] {processor.py:925} INFO - DAG(s) 'example_setup_teardown' retrieved from /home/airflow/.local/lib/python3.12/site-packages/airflow/example_dags/example_setup_teardown.py
[2026-06-29T22:23:19.189+0000] {logging_mixin.py:190} INFO - [2026-06-29T22:23:19.189+0000] {dag.py:3239} INFO - Sync 1 DAGs
[2026-06-29T22:23:19.205+0000] {logging_mixin.py:190} INFO - [2026-06-29T22:23:19.204+0000] {dag.py:4180} INFO - Setting next_dagrun for example_setup_teardown to None, run_after=None
[2026-06-29T22:23:19.225+0000] {processor.py:208} INFO - Processing /home/airflow/.local/lib/python3.12/site-packages/airflow/example_dags/example_setup_teardown.py took 0.084 seconds
[2026-06-29T22:23:49.336+0000] {processor.py:186} INFO - Started process (PID=1986) to work on /home/airflow/.local/lib/python3.12/site-packages/airflow/example_dags/example_setup_teardown.py
[2026-06-29T22:23:49.338+0000] {processor.py:914} INFO - Processing file /home/airflow/.local/lib/python3.12/site-packages/airflow/example_dags/example_setup_teardown.py for tasks to queue
[2026-06-29T22:23:49.342+0000] {logging_mixin.py:190} INFO - [2026-06-29T22:23:49.341+0000] {dagbag.py:588} INFO - Filling up the DagBag from /home/airflow/.local/lib/python3.12/site-packages/airflow/example_dags/example_setup_teardown.py
[2026-06-29T22:23:49.356+0000] {processor.py:925} INFO - DAG(s) 'example_setup_teardown' retrieved from /home/airflow/.local/lib/python3.12/site-packages/airflow/example_dags/example_setup_teardown.py
[2026-06-29T22:23:49.381+0000] {logging_mixin.py:190} INFO - [2026-06-29T22:23:49.381+0000] {dag.py:3239} INFO - Sync 1 DAGs
[2026-06-29T22:23:49.396+0000] {logging_mixin.py:190} INFO - [2026-06-29T22:23:49.396+0000] {dag.py:4180} INFO - Setting next_dagrun for example_setup_teardown to None, run_after=None
[2026-06-29T22:23:49.417+0000] {processor.py:208} INFO - Processing /home/airflow/.local/lib/python3.12/site-packages/airflow/example_dags/example_setup_teardown.py took 0.089 seconds
[2026-06-29T22:24:19.674+0000] {processor.py:186} INFO - Started process (PID=2049) to work on /home/airflow/.local/lib/python3.12/site-packages/airflow/example_dags/example_setup_teardown.py
[2026-06-29T22:24:19.677+0000] {processor.py:914} INFO - Processing file /home/airflow/.local/lib/python3.12/site-packages/airflow/example_dags/example_setup_teardown.py for tasks to queue
[2026-06-29T22:24:19.683+0000] {logging_mixin.py:190} INFO - [2026-06-29T22:24:19.683+0000] {dagbag.py:588} INFO - Filling up the DagBag from /home/airflow/.local/lib/python3.12/site-packages/airflow/example_dags/example_setup_teardown.py
[2026-06-29T22:24:19.699+0000] {processor.py:925} INFO - DAG(s) 'example_setup_teardown' retrieved from /home/airflow/.local/lib/python3.12/site-packages/airflow/example_dags/example_setup_teardown.py
[2026-06-29T22:24:19.758+0000] {logging_mixin.py:190} INFO - [2026-06-29T22:24:19.758+0000] {dag.py:3239} INFO - Sync 1 DAGs
[2026-06-29T22:24:19.790+0000] {logging_mixin.py:190} INFO - [2026-06-29T22:24:19.789+0000] {dag.py:4180} INFO - Setting next_dagrun for example_setup_teardown to None, run_after=None
[2026-06-29T22:24:19.821+0000] {processor.py:208} INFO - Processing /home/airflow/.local/lib/python3.12/site-packages/airflow/example_dags/example_setup_teardown.py took 0.159 seconds
[2026-06-29T22:24:50.727+0000] {processor.py:186} INFO - Started process (PID=2114) to work on /home/airflow/.local/lib/python3.12/site-packages/airflow/example_dags/example_setup_teardown.py
[2026-06-29T22:24:50.730+0000] {processor.py:914} INFO - Processing file /home/airflow/.local/lib/python3.12/site-packages/airflow/example_dags/example_setup_teardown.py for tasks to queue
[2026-06-29T22:24:50.737+0000] {logging_mixin.py:190} INFO - [2026-06-29T22:24:50.736+0000] {dagbag.py:588} INFO - Filling up the DagBag from /home/airflow/.local/lib/python3.12/site-packages/airflow/example_dags/example_setup_teardown.py
[2026-06-29T22:24:50.759+0000] {processor.py:925} INFO - DAG(s) 'example_setup_teardown' retrieved from /home/airflow/.local/lib/python3.12/site-packages/airflow/example_dags/example_setup_teardown.py
[2026-06-29T22:24:50.812+0000] {logging_mixin.py:190} INFO - [2026-06-29T22:24:50.811+0000] {dag.py:3239} INFO - Sync 1 DAGs
[2026-06-29T22:24:50.839+0000] {logging_mixin.py:190} INFO - [2026-06-29T22:24:50.838+0000] {dag.py:4180} INFO - Setting next_dagrun for example_setup_teardown to None, run_after=None
[2026-06-29T22:24:50.882+0000] {processor.py:208} INFO - Processing /home/airflow/.local/lib/python3.12/site-packages/airflow/example_dags/example_setup_teardown.py took 0.166 seconds
[2026-06-29T22:25:21.469+0000] {processor.py:186} INFO - Started process (PID=2178) to work on /home/airflow/.local/lib/python3.12/site-packages/airflow/example_dags/example_setup_teardown.py
[2026-06-29T22:25:21.471+0000] {processor.py:914} INFO - Processing file /home/airflow/.local/lib/python3.12/site-packages/airflow/example_dags/example_setup_teardown.py for tasks to queue
[2026-06-29T22:25:21.476+0000] {logging_mixin.py:190} INFO - [2026-06-29T22:25:21.475+0000] {dagbag.py:588} INFO - Filling up the DagBag from /home/airflow/.local/lib/python3.12/site-packages/airflow/example_dags/example_setup_teardown.py
[2026-06-29T22:25:21.491+0000] {processor.py:925} INFO - DAG(s) 'example_setup_teardown' retrieved from /home/airflow/.local/lib/python3.12/site-packages/airflow/example_dags/example_setup_teardown.py
[2026-06-29T22:25:21.519+0000] {logging_mixin.py:190} INFO - [2026-06-29T22:25:21.519+0000] {dag.py:3239} INFO - Sync 1 DAGs
[2026-06-29T22:25:21.534+0000] {logging_mixin.py:190} INFO - [2026-06-29T22:25:21.534+0000] {dag.py:4180} INFO - Setting next_dagrun for example_setup_teardown to None, run_after=None
[2026-06-29T22:25:21.559+0000] {processor.py:208} INFO - Processing /home/airflow/.local/lib/python3.12/site-packages/airflow/example_dags/example_setup_teardown.py took 0.103 seconds
[2026-06-29T22:25:51.955+0000] {processor.py:186} INFO - Started process (PID=2242) to work on /home/airflow/.local/lib/python3.12/site-packages/airflow/example_dags/example_setup_teardown.py
[2026-06-29T22:25:51.957+0000] {processor.py:914} INFO - Processing file /home/airflow/.local/lib/python3.12/site-packages/airflow/example_dags/example_setup_teardown.py for tasks to queue
[2026-06-29T22:25:51.959+0000] {logging_mixin.py:190} INFO - [2026-06-29T22:25:51.959+0000] {dagbag.py:588} INFO - Filling up the DagBag from /home/airflow/.local/lib/python3.12/site-packages/airflow/example_dags/example_setup_teardown.py
[2026-06-29T22:25:51.971+0000] {processor.py:925} INFO - DAG(s) 'example_setup_teardown' retrieved from /home/airflow/.local/lib/python3.12/site-packages/airflow/example_dags/example_setup_teardown.py
[2026-06-29T22:25:51.995+0000] {logging_mixin.py:190} INFO - [2026-06-29T22:25:51.995+0000] {dag.py:3239} INFO - Sync 1 DAGs
[2026-06-29T22:25:52.011+0000] {logging_mixin.py:190} INFO - [2026-06-29T22:25:52.010+0000] {dag.py:4180} INFO - Setting next_dagrun for example_setup_teardown to None, run_after=None
[2026-06-29T22:25:52.033+0000] {processor.py:208} INFO - Processing /home/airflow/.local/lib/python3.12/site-packages/airflow/example_dags/example_setup_teardown.py took 0.085 seconds
[2026-06-29T22:26:22.472+0000] {processor.py:186} INFO - Started process (PID=2306) to work on /home/airflow/.local/lib/python3.12/site-packages/airflow/example_dags/example_setup_teardown.py
[2026-06-29T22:26:22.474+0000] {processor.py:914} INFO - Processing file /home/airflow/.local/lib/python3.12/site-packages/airflow/example_dags/example_setup_teardown.py for tasks to queue
[2026-06-29T22:26:22.478+0000] {logging_mixin.py:190} INFO - [2026-06-29T22:26:22.477+0000] {dagbag.py:588} INFO - Filling up the DagBag from /home/airflow/.local/lib/python3.12/site-packages/airflow/example_dags/example_setup_teardown.py
[2026-06-29T22:26:22.488+0000] {processor.py:925} INFO - DAG(s) 'example_setup_teardown' retrieved from /home/airflow/.local/lib/python3.12/site-packages/airflow/example_dags/example_setup_teardown.py
[2026-06-29T22:26:22.517+0000] {logging_mixin.py:190} INFO - [2026-06-29T22:26:22.517+0000] {dag.py:3239} INFO - Sync 1 DAGs
[2026-06-29T22:26:22.540+0000] {logging_mixin.py:190} INFO - [2026-06-29T22:26:22.540+0000] {dag.py:4180} INFO - Setting next_dagrun for example_setup_teardown to None, run_after=None
[2026-06-29T22:26:22.560+0000] {processor.py:208} INFO - Processing /home/airflow/.local/lib/python3.12/site-packages/airflow/example_dags/example_setup_teardown.py took 0.094 seconds
[2026-06-29T22:26:53.204+0000] {processor.py:186} INFO - Started process (PID=2370) to work on /home/airflow/.local/lib/python3.12/site-packages/airflow/example_dags/example_setup_teardown.py
[2026-06-29T22:26:53.205+0000] {processor.py:914} INFO - Processing file /home/airflow/.local/lib/python3.12/site-packages/airflow/example_dags/example_setup_teardown.py for tasks to queue
[2026-06-29T22:26:53.210+0000] {logging_mixin.py:190} INFO - [2026-06-29T22:26:53.209+0000] {dagbag.py:588} INFO - Filling up the DagBag from /home/airflow/.local/lib/python3.12/site-packages/airflow/example_dags/example_setup_teardown.py
[2026-06-29T22:26:53.226+0000] {processor.py:925} INFO - DAG(s) 'example_setup_teardown' retrieved from /home/airflow/.local/lib/python3.12/site-packages/airflow/example_dags/example_setup_teardown.py
[2026-06-29T22:26:53.256+0000] {logging_mixin.py:190} INFO - [2026-06-29T22:26:53.256+0000] {dag.py:3239} INFO - Sync 1 DAGs
[2026-06-29T22:26:53.273+0000] {logging_mixin.py:190} INFO - [2026-06-29T22:26:53.273+0000] {dag.py:4180} INFO - Setting next_dagrun for example_setup_teardown to None, run_after=None
[2026-06-29T22:26:53.297+0000] {processor.py:208} INFO - Processing /home/airflow/.local/lib/python3.12/site-packages/airflow/example_dags/example_setup_teardown.py took 0.103 seconds
[2026-06-29T22:27:23.677+0000] {processor.py:186} INFO - Started process (PID=2434) to work on /home/airflow/.local/lib/python3.12/site-packages/airflow/example_dags/example_setup_teardown.py
[2026-06-29T22:27:23.679+0000] {processor.py:914} INFO - Processing file /home/airflow/.local/lib/python3.12/site-packages/airflow/example_dags/example_setup_teardown.py for tasks to queue
[2026-06-29T22:27:23.684+0000] {logging_mixin.py:190} INFO - [2026-06-29T22:27:23.683+0000] {dagbag.py:588} INFO - Filling up the DagBag from /home/airflow/.local/lib/python3.12/site-packages/airflow/example_dags/example_setup_teardown.py
[2026-06-29T22:27:23.707+0000] {processor.py:925} INFO - DAG(s) 'example_setup_teardown' retrieved from /home/airflow/.local/lib/python3.12/site-packages/airflow/example_dags/example_setup_teardown.py
[2026-06-29T22:27:23.739+0000] {logging_mixin.py:190} INFO - [2026-06-29T22:27:23.738+0000] {dag.py:3239} INFO - Sync 1 DAGs
[2026-06-29T22:27:23.769+0000] {logging_mixin.py:190} INFO - [2026-06-29T22:27:23.769+0000] {dag.py:4180} INFO - Setting next_dagrun for example_setup_teardown to None, run_after=None
[2026-06-29T22:27:23.806+0000] {processor.py:208} INFO - Processing /home/airflow/.local/lib/python3.12/site-packages/airflow/example_dags/example_setup_teardown.py took 0.145 seconds
[2026-06-29T22:27:54.695+0000] {processor.py:186} INFO - Started process (PID=2497) to work on /home/airflow/.local/lib/python3.12/site-packages/airflow/example_dags/example_setup_teardown.py
[2026-06-29T22:27:54.696+0000] {processor.py:914} INFO - Processing file /home/airflow/.local/lib/python3.12/site-packages/airflow/example_dags/example_setup_teardown.py for tasks to queue
[2026-06-29T22:27:54.699+0000] {logging_mixin.py:190} INFO - [2026-06-29T22:27:54.699+0000] {dagbag.py:588} INFO - Filling up the DagBag from /home/airflow/.local/lib/python3.12/site-packages/airflow/example_dags/example_setup_teardown.py
[2026-06-29T22:27:54.710+0000] {processor.py:925} INFO - DAG(s) 'example_setup_teardown' retrieved from /home/airflow/.local/lib/python3.12/site-packages/airflow/example_dags/example_setup_teardown.py
[2026-06-29T22:27:54.734+0000] {logging_mixin.py:190} INFO - [2026-06-29T22:27:54.734+0000] {dag.py:3239} INFO - Sync 1 DAGs
[2026-06-29T22:27:54.750+0000] {logging_mixin.py:190} INFO - [2026-06-29T22:27:54.750+0000] {dag.py:4180} INFO - Setting next_dagrun for example_setup_teardown to None, run_after=None
[2026-06-29T22:27:54.775+0000] {processor.py:208} INFO - Processing /home/airflow/.local/lib/python3.12/site-packages/airflow/example_dags/example_setup_teardown.py took 0.088 seconds
[2026-06-29T22:28:25.017+0000] {processor.py:186} INFO - Started process (PID=2560) to work on /home/airflow/.local/lib/python3.12/site-packages/airflow/example_dags/example_setup_teardown.py
[2026-06-29T22:28:25.018+0000] {processor.py:914} INFO - Processing file /home/airflow/.local/lib/python3.12/site-packages/airflow/example_dags/example_setup_teardown.py for tasks to queue
[2026-06-29T22:28:25.022+0000] {logging_mixin.py:190} INFO - [2026-06-29T22:28:25.022+0000] {dagbag.py:588} INFO - Filling up the DagBag from /home/airflow/.local/lib/python3.12/site-packages/airflow/example_dags/example_setup_teardown.py
[2026-06-29T22:28:25.034+0000] {processor.py:925} INFO - DAG(s) 'example_setup_teardown' retrieved from /home/airflow/.local/lib/python3.12/site-packages/airflow/example_dags/example_setup_teardown.py
[2026-06-29T22:28:25.059+0000] {logging_mixin.py:190} INFO - [2026-06-29T22:28:25.059+0000] {dag.py:3239} INFO - Sync 1 DAGs
[2026-06-29T22:28:25.075+0000] {logging_mixin.py:190} INFO - [2026-06-29T22:28:25.075+0000] {dag.py:4180} INFO - Setting next_dagrun for example_setup_teardown to None, run_after=None
[2026-06-29T22:28:25.099+0000] {processor.py:208} INFO - Processing /home/airflow/.local/lib/python3.12/site-packages/airflow/example_dags/example_setup_teardown.py took 0.092 seconds
[2026-06-29T22:28:55.456+0000] {processor.py:186} INFO - Started process (PID=2624) to work on /home/airflow/.local/lib/python3.12/site-packages/airflow/example_dags/example_setup_teardown.py
[2026-06-29T22:28:55.458+0000] {processor.py:914} INFO - Processing file /home/airflow/.local/lib/python3.12/site-packages/airflow/example_dags/example_setup_teardown.py for tasks to queue
[2026-06-29T22:28:55.465+0000] {logging_mixin.py:190} INFO - [2026-06-29T22:28:55.464+0000] {dagbag.py:588} INFO - Filling up the DagBag from /home/airflow/.local/lib/python3.12/site-packages/airflow/example_dags/example_setup_teardown.py
[2026-06-29T22:28:55.484+0000] {processor.py:925} INFO - DAG(s) 'example_setup_teardown' retrieved from /home/airflow/.local/lib/python3.12/site-packages/airflow/example_dags/example_setup_teardown.py
[2026-06-29T22:28:55.518+0000] {logging_mixin.py:190} INFO - [2026-06-29T22:28:55.518+0000] {dag.py:3239} INFO - Sync 1 DAGs
[2026-06-29T22:28:55.541+0000] {logging_mixin.py:190} INFO - [2026-06-29T22:28:55.541+0000] {dag.py:4180} INFO - Setting next_dagrun for example_setup_teardown to None, run_after=None
[2026-06-29T22:28:55.579+0000] {processor.py:208} INFO - Processing /home/airflow/.local/lib/python3.12/site-packages/airflow/example_dags/example_setup_teardown.py took 0.135 seconds
[2026-06-29T22:29:26.108+0000] {processor.py:186} INFO - Started process (PID=2688) to work on /home/airflow/.local/lib/python3.12/site-packages/airflow/example_dags/example_setup_teardown.py
[2026-06-29T22:29:26.110+0000] {processor.py:914} INFO - Processing file /home/airflow/.local/lib/python3.12/site-packages/airflow/example_dags/example_setup_teardown.py for tasks to queue
[2026-06-29T22:29:26.117+0000] {logging_mixin.py:190} INFO - [2026-06-29T22:29:26.115+0000] {dagbag.py:588} INFO - Filling up the DagBag from /home/airflow/.local/lib/python3.12/site-packages/airflow/example_dags/example_setup_teardown.py
[2026-06-29T22:29:26.148+0000] {processor.py:925} INFO - DAG(s) 'example_setup_teardown' retrieved from /home/airflow/.local/lib/python3.12/site-packages/airflow/example_dags/example_setup_teardown.py
[2026-06-29T22:29:26.172+0000] {logging_mixin.py:190} INFO - [2026-06-29T22:29:26.172+0000] {dag.py:3239} INFO - Sync 1 DAGs
[2026-06-29T22:29:26.187+0000] {logging_mixin.py:190} INFO - [2026-06-29T22:29:26.186+0000] {dag.py:4180} INFO - Setting next_dagrun for example_setup_teardown to None, run_after=None
[2026-06-29T22:29:26.204+0000] {processor.py:208} INFO - Processing /home/airflow/.local/lib/python3.12/site-packages/airflow/example_dags/example_setup_teardown.py took 0.108 seconds
[2026-06-29T22:29:56.517+0000] {processor.py:186} INFO - Started process (PID=2752) to work on /home/airflow/.local/lib/python3.12/site-packages/airflow/example_dags/example_setup_teardown.py
[2026-06-29T22:29:56.520+0000] {processor.py:914} INFO - Processing file /home/airflow/.local/lib/python3.12/site-packages/airflow/example_dags/example_setup_teardown.py for tasks to queue
[2026-06-29T22:29:56.533+0000] {logging_mixin.py:190} INFO - [2026-06-29T22:29:56.530+0000] {dagbag.py:588} INFO - Filling up the DagBag from /home/airflow/.local/lib/python3.12/site-packages/airflow/example_dags/example_setup_teardown.py
[2026-06-29T22:29:56.567+0000] {processor.py:925} INFO - DAG(s) 'example_setup_teardown' retrieved from /home/airflow/.local/lib/python3.12/site-packages/airflow/example_dags/example_setup_teardown.py
[2026-06-29T22:29:56.628+0000] {logging_mixin.py:190} INFO - [2026-06-29T22:29:56.627+0000] {dag.py:3239} INFO - Sync 1 DAGs
[2026-06-29T22:29:56.669+0000] {logging_mixin.py:190} INFO - [2026-06-29T22:29:56.669+0000] {dag.py:4180} INFO - Setting next_dagrun for example_setup_teardown to None, run_after=None
[2026-06-29T22:29:56.728+0000] {processor.py:208} INFO - Processing /home/airflow/.local/lib/python3.12/site-packages/airflow/example_dags/example_setup_teardown.py took 0.240 seconds
[2026-06-29T22:30:26.911+0000] {processor.py:186} INFO - Started process (PID=2815) to work on /home/airflow/.local/lib/python3.12/site-packages/airflow/example_dags/example_setup_teardown.py
[2026-06-29T22:30:26.913+0000] {processor.py:914} INFO - Processing file /home/airflow/.local/lib/python3.12/site-packages/airflow/example_dags/example_setup_teardown.py for tasks to queue
[2026-06-29T22:30:26.916+0000] {logging_mixin.py:190} INFO - [2026-06-29T22:30:26.916+0000] {dagbag.py:588} INFO - Filling up the DagBag from /home/airflow/.local/lib/python3.12/site-packages/airflow/example_dags/example_setup_teardown.py
[2026-06-29T22:30:26.926+0000] {processor.py:925} INFO - DAG(s) 'example_setup_teardown' retrieved from /home/airflow/.local/lib/python3.12/site-packages/airflow/example_dags/example_setup_teardown.py
[2026-06-29T22:30:26.947+0000] {logging_mixin.py:190} INFO - [2026-06-29T22:30:26.947+0000] {dag.py:3239} INFO - Sync 1 DAGs
[2026-06-29T22:30:26.960+0000] {logging_mixin.py:190} INFO - [2026-06-29T22:30:26.960+0000] {dag.py:4180} INFO - Setting next_dagrun for example_setup_teardown to None, run_after=None
[2026-06-29T22:30:26.981+0000] {processor.py:208} INFO - Processing /home/airflow/.local/lib/python3.12/site-packages/airflow/example_dags/example_setup_teardown.py took 0.076 seconds
[2026-06-29T22:30:57.762+0000] {processor.py:186} INFO - Started process (PID=2880) to work on /home/airflow/.local/lib/python3.12/site-packages/airflow/example_dags/example_setup_teardown.py
[2026-06-29T22:30:57.765+0000] {processor.py:914} INFO - Processing file /home/airflow/.local/lib/python3.12/site-packages/airflow/example_dags/example_setup_teardown.py for tasks to queue
[2026-06-29T22:30:57.775+0000] {logging_mixin.py:190} INFO - [2026-06-29T22:30:57.773+0000] {dagbag.py:588} INFO - Filling up the DagBag from /home/airflow/.local/lib/python3.12/site-packages/airflow/example_dags/example_setup_teardown.py
[2026-06-29T22:30:57.791+0000] {processor.py:925} INFO - DAG(s) 'example_setup_teardown' retrieved from /home/airflow/.local/lib/python3.12/site-packages/airflow/example_dags/example_setup_teardown.py
[2026-06-29T22:30:57.839+0000] {logging_mixin.py:190} INFO - [2026-06-29T22:30:57.839+0000] {dag.py:3239} INFO - Sync 1 DAGs
[2026-06-29T22:30:57.870+0000] {logging_mixin.py:190} INFO - [2026-06-29T22:30:57.870+0000] {dag.py:4180} INFO - Setting next_dagrun for example_setup_teardown to None, run_after=None
[2026-06-29T22:30:57.919+0000] {processor.py:208} INFO - Processing /home/airflow/.local/lib/python3.12/site-packages/airflow/example_dags/example_setup_teardown.py took 0.167 seconds
[2026-06-29T22:31:29.084+0000] {processor.py:186} INFO - Started process (PID=2951) to work on /home/airflow/.local/lib/python3.12/site-packages/airflow/example_dags/example_setup_teardown.py
[2026-06-29T22:31:29.087+0000] {processor.py:914} INFO - Processing file /home/airflow/.local/lib/python3.12/site-packages/airflow/example_dags/example_setup_teardown.py for tasks to queue
[2026-06-29T22:31:29.096+0000] {logging_mixin.py:190} INFO - [2026-06-29T22:31:29.095+0000] {dagbag.py:588} INFO - Filling up the DagBag from /home/airflow/.local/lib/python3.12/site-packages/airflow/example_dags/example_setup_teardown.py
[2026-06-29T22:31:29.119+0000] {processor.py:925} INFO - DAG(s) 'example_setup_teardown' retrieved from /home/airflow/.local/lib/python3.12/site-packages/airflow/example_dags/example_setup_teardown.py
[2026-06-29T22:31:29.171+0000] {logging_mixin.py:190} INFO - [2026-06-29T22:31:29.170+0000] {dag.py:3239} INFO - Sync 1 DAGs
[2026-06-29T22:31:29.201+0000] {logging_mixin.py:190} INFO - [2026-06-29T22:31:29.201+0000] {dag.py:4180} INFO - Setting next_dagrun for example_setup_teardown to None, run_after=None
[2026-06-29T22:31:29.249+0000] {processor.py:208} INFO - Processing /home/airflow/.local/lib/python3.12/site-packages/airflow/example_dags/example_setup_teardown.py took 0.179 seconds
[2026-06-29T22:32:02.290+0000] {processor.py:186} INFO - Started process (PID=3052) to work on /home/airflow/.local/lib/python3.12/site-packages/airflow/example_dags/example_setup_teardown.py
[2026-06-29T22:32:02.294+0000] {processor.py:914} INFO - Processing file /home/airflow/.local/lib/python3.12/site-packages/airflow/example_dags/example_setup_teardown.py for tasks to queue
[2026-06-29T22:32:02.299+0000] {logging_mixin.py:190} INFO - [2026-06-29T22:32:02.299+0000] {dagbag.py:588} INFO - Filling up the DagBag from /home/airflow/.local/lib/python3.12/site-packages/airflow/example_dags/example_setup_teardown.py
[2026-06-29T22:32:02.320+0000] {processor.py:925} INFO - DAG(s) 'example_setup_teardown' retrieved from /home/airflow/.local/lib/python3.12/site-packages/airflow/example_dags/example_setup_teardown.py
[2026-06-29T22:32:02.388+0000] {logging_mixin.py:190} INFO - [2026-06-29T22:32:02.387+0000] {dag.py:3239} INFO - Sync 1 DAGs
[2026-06-29T22:32:02.417+0000] {logging_mixin.py:190} INFO - [2026-06-29T22:32:02.417+0000] {dag.py:4180} INFO - Setting next_dagrun for example_setup_teardown to None, run_after=None
[2026-06-29T22:32:02.472+0000] {processor.py:208} INFO - Processing /home/airflow/.local/lib/python3.12/site-packages/airflow/example_dags/example_setup_teardown.py took 0.202 seconds
[2026-06-29T22:32:34.329+0000] {processor.py:186} INFO - Started process (PID=3173) to work on /home/airflow/.local/lib/python3.12/site-packages/airflow/example_dags/example_setup_teardown.py
[2026-06-29T22:32:34.331+0000] {processor.py:914} INFO - Processing file /home/airflow/.local/lib/python3.12/site-packages/airflow/example_dags/example_setup_teardown.py for tasks to queue
[2026-06-29T22:32:34.343+0000] {logging_mixin.py:190} INFO - [2026-06-29T22:32:34.341+0000] {dagbag.py:588} INFO - Filling up the DagBag from /home/airflow/.local/lib/python3.12/site-packages/airflow/example_dags/example_setup_teardown.py
[2026-06-29T22:32:34.377+0000] {processor.py:925} INFO - DAG(s) 'example_setup_teardown' retrieved from /home/airflow/.local/lib/python3.12/site-packages/airflow/example_dags/example_setup_teardown.py
[2026-06-29T22:32:34.454+0000] {logging_mixin.py:190} INFO - [2026-06-29T22:32:34.453+0000] {dag.py:3239} INFO - Sync 1 DAGs
[2026-06-29T22:32:34.503+0000] {logging_mixin.py:190} INFO - [2026-06-29T22:32:34.503+0000] {dag.py:4180} INFO - Setting next_dagrun for example_setup_teardown to None, run_after=None
[2026-06-29T22:32:34.592+0000] {processor.py:208} INFO - Processing /home/airflow/.local/lib/python3.12/site-packages/airflow/example_dags/example_setup_teardown.py took 0.277 seconds
[2026-06-29T22:33:04.976+0000] {processor.py:186} INFO - Started process (PID=3250) to work on /home/airflow/.local/lib/python3.12/site-packages/airflow/example_dags/example_setup_teardown.py
[2026-06-29T22:33:04.978+0000] {processor.py:914} INFO - Processing file /home/airflow/.local/lib/python3.12/site-packages/airflow/example_dags/example_setup_teardown.py for tasks to queue
[2026-06-29T22:33:04.982+0000] {logging_mixin.py:190} INFO - [2026-06-29T22:33:04.982+0000] {dagbag.py:588} INFO - Filling up the DagBag from /home/airflow/.local/lib/python3.12/site-packages/airflow/example_dags/example_setup_teardown.py
[2026-06-29T22:33:04.997+0000] {processor.py:925} INFO - DAG(s) 'example_setup_teardown' retrieved from /home/airflow/.local/lib/python3.12/site-packages/airflow/example_dags/example_setup_teardown.py
[2026-06-29T22:33:05.035+0000] {logging_mixin.py:190} INFO - [2026-06-29T22:33:05.034+0000] {dag.py:3239} INFO - Sync 1 DAGs
[2026-06-29T22:33:05.061+0000] {logging_mixin.py:190} INFO - [2026-06-29T22:33:05.061+0000] {dag.py:4180} INFO - Setting next_dagrun for example_setup_teardown to None, run_after=None
[2026-06-29T22:33:05.102+0000] {processor.py:208} INFO - Processing /home/airflow/.local/lib/python3.12/site-packages/airflow/example_dags/example_setup_teardown.py took 0.141 seconds
[2026-06-29T22:33:36.645+0000] {processor.py:186} INFO - Started process (PID=3315) to work on /home/airflow/.local/lib/python3.12/site-packages/airflow/example_dags/example_setup_teardown.py
[2026-06-29T22:33:36.647+0000] {processor.py:914} INFO - Processing file /home/airflow/.local/lib/python3.12/site-packages/airflow/example_dags/example_setup_teardown.py for tasks to queue
[2026-06-29T22:33:36.653+0000] {logging_mixin.py:190} INFO - [2026-06-29T22:33:36.652+0000] {dagbag.py:588} INFO - Filling up the DagBag from /home/airflow/.local/lib/python3.12/site-packages/airflow/example_dags/example_setup_teardown.py
[2026-06-29T22:33:36.667+0000] {processor.py:925} INFO - DAG(s) 'example_setup_teardown' retrieved from /home/airflow/.local/lib/python3.12/site-packages/airflow/example_dags/example_setup_teardown.py
[2026-06-29T22:33:36.706+0000] {logging_mixin.py:190} INFO - [2026-06-29T22:33:36.705+0000] {dag.py:3239} INFO - Sync 1 DAGs
[2026-06-29T22:33:36.729+0000] {logging_mixin.py:190} INFO - [2026-06-29T22:33:36.729+0000] {dag.py:4180} INFO - Setting next_dagrun for example_setup_teardown to None, run_after=None
[2026-06-29T22:33:36.764+0000] {processor.py:208} INFO - Processing /home/airflow/.local/lib/python3.12/site-packages/airflow/example_dags/example_setup_teardown.py took 0.133 seconds
[2026-06-29T22:34:07.163+0000] {processor.py:186} INFO - Started process (PID=3379) to work on /home/airflow/.local/lib/python3.12/site-packages/airflow/example_dags/example_setup_teardown.py
[2026-06-29T22:34:07.165+0000] {processor.py:914} INFO - Processing file /home/airflow/.local/lib/python3.12/site-packages/airflow/example_dags/example_setup_teardown.py for tasks to queue
[2026-06-29T22:34:07.173+0000] {logging_mixin.py:190} INFO - [2026-06-29T22:34:07.172+0000] {dagbag.py:588} INFO - Filling up the DagBag from /home/airflow/.local/lib/python3.12/site-packages/airflow/example_dags/example_setup_teardown.py
[2026-06-29T22:34:07.187+0000] {processor.py:925} INFO - DAG(s) 'example_setup_teardown' retrieved from /home/airflow/.local/lib/python3.12/site-packages/airflow/example_dags/example_setup_teardown.py
[2026-06-29T22:34:07.224+0000] {logging_mixin.py:190} INFO - [2026-06-29T22:34:07.223+0000] {dag.py:3239} INFO - Sync 1 DAGs
[2026-06-29T22:34:07.247+0000] {logging_mixin.py:190} INFO - [2026-06-29T22:34:07.247+0000] {dag.py:4180} INFO - Setting next_dagrun for example_setup_teardown to None, run_after=None
[2026-06-29T22:34:07.286+0000] {processor.py:208} INFO - Processing /home/airflow/.local/lib/python3.12/site-packages/airflow/example_dags/example_setup_teardown.py took 0.138 seconds
[2026-06-29T22:34:37.584+0000] {processor.py:186} INFO - Started process (PID=3442) to work on /home/airflow/.local/lib/python3.12/site-packages/airflow/example_dags/example_setup_teardown.py
[2026-06-29T22:34:37.587+0000] {processor.py:914} INFO - Processing file /home/airflow/.local/lib/python3.12/site-packages/airflow/example_dags/example_setup_teardown.py for tasks to queue
[2026-06-29T22:34:37.595+0000] {logging_mixin.py:190} INFO - [2026-06-29T22:34:37.594+0000] {dagbag.py:588} INFO - Filling up the DagBag from /home/airflow/.local/lib/python3.12/site-packages/airflow/example_dags/example_setup_teardown.py
[2026-06-29T22:34:37.618+0000] {processor.py:925} INFO - DAG(s) 'example_setup_teardown' retrieved from /home/airflow/.local/lib/python3.12/site-packages/airflow/example_dags/example_setup_teardown.py
[2026-06-29T22:34:37.674+0000] {logging_mixin.py:190} INFO - [2026-06-29T22:34:37.673+0000] {dag.py:3239} INFO - Sync 1 DAGs
[2026-06-29T22:34:37.707+0000] {logging_mixin.py:190} INFO - [2026-06-29T22:34:37.706+0000] {dag.py:4180} INFO - Setting next_dagrun for example_setup_teardown to None, run_after=None
[2026-06-29T22:34:37.763+0000] {processor.py:208} INFO - Processing /home/airflow/.local/lib/python3.12/site-packages/airflow/example_dags/example_setup_teardown.py took 0.200 seconds
[2026-06-29T22:35:07.822+0000] {processor.py:186} INFO - Started process (PID=3506) to work on /home/airflow/.local/lib/python3.12/site-packages/airflow/example_dags/example_setup_teardown.py
[2026-06-29T22:35:07.824+0000] {processor.py:914} INFO - Processing file /home/airflow/.local/lib/python3.12/site-packages/airflow/example_dags/example_setup_teardown.py for tasks to queue
[2026-06-29T22:35:07.827+0000] {logging_mixin.py:190} INFO - [2026-06-29T22:35:07.826+0000] {dagbag.py:588} INFO - Filling up the DagBag from /home/airflow/.local/lib/python3.12/site-packages/airflow/example_dags/example_setup_teardown.py
[2026-06-29T22:35:07.836+0000] {processor.py:925} INFO - DAG(s) 'example_setup_teardown' retrieved from /home/airflow/.local/lib/python3.12/site-packages/airflow/example_dags/example_setup_teardown.py
[2026-06-29T22:35:07.859+0000] {logging_mixin.py:190} INFO - [2026-06-29T22:35:07.858+0000] {dag.py:3239} INFO - Sync 1 DAGs
[2026-06-29T22:35:07.873+0000] {logging_mixin.py:190} INFO - [2026-06-29T22:35:07.872+0000] {dag.py:4180} INFO - Setting next_dagrun for example_setup_teardown to None, run_after=None
[2026-06-29T22:35:07.893+0000] {processor.py:208} INFO - Processing /home/airflow/.local/lib/python3.12/site-packages/airflow/example_dags/example_setup_teardown.py took 0.081 seconds
[2026-06-29T22:35:38.062+0000] {processor.py:186} INFO - Started process (PID=3570) to work on /home/airflow/.local/lib/python3.12/site-packages/airflow/example_dags/example_setup_teardown.py
[2026-06-29T22:35:38.064+0000] {processor.py:914} INFO - Processing file /home/airflow/.local/lib/python3.12/site-packages/airflow/example_dags/example_setup_teardown.py for tasks to queue
[2026-06-29T22:35:38.067+0000] {logging_mixin.py:190} INFO - [2026-06-29T22:35:38.067+0000] {dagbag.py:588} INFO - Filling up the DagBag from /home/airflow/.local/lib/python3.12/site-packages/airflow/example_dags/example_setup_teardown.py
[2026-06-29T22:35:38.077+0000] {processor.py:925} INFO - DAG(s) 'example_setup_teardown' retrieved from /home/airflow/.local/lib/python3.12/site-packages/airflow/example_dags/example_setup_teardown.py
[2026-06-29T22:35:38.097+0000] {logging_mixin.py:190} INFO - [2026-06-29T22:35:38.097+0000] {dag.py:3239} INFO - Sync 1 DAGs
[2026-06-29T22:35:38.113+0000] {logging_mixin.py:190} INFO - [2026-06-29T22:35:38.112+0000] {dag.py:4180} INFO - Setting next_dagrun for example_setup_teardown to None, run_after=None
[2026-06-29T22:35:38.134+0000] {processor.py:208} INFO - Processing /home/airflow/.local/lib/python3.12/site-packages/airflow/example_dags/example_setup_teardown.py took 0.081 seconds
[2026-06-29T22:36:08.602+0000] {processor.py:186} INFO - Started process (PID=3634) to work on /home/airflow/.local/lib/python3.12/site-packages/airflow/example_dags/example_setup_teardown.py
[2026-06-29T22:36:08.604+0000] {processor.py:914} INFO - Processing file /home/airflow/.local/lib/python3.12/site-packages/airflow/example_dags/example_setup_teardown.py for tasks to queue
[2026-06-29T22:36:08.608+0000] {logging_mixin.py:190} INFO - [2026-06-29T22:36:08.608+0000] {dagbag.py:588} INFO - Filling up the DagBag from /home/airflow/.local/lib/python3.12/site-packages/airflow/example_dags/example_setup_teardown.py
[2026-06-29T22:36:08.618+0000] {processor.py:925} INFO - DAG(s) 'example_setup_teardown' retrieved from /home/airflow/.local/lib/python3.12/site-packages/airflow/example_dags/example_setup_teardown.py
[2026-06-29T22:36:08.644+0000] {logging_mixin.py:190} INFO - [2026-06-29T22:36:08.644+0000] {dag.py:3239} INFO - Sync 1 DAGs
[2026-06-29T22:36:08.666+0000] {logging_mixin.py:190} INFO - [2026-06-29T22:36:08.666+0000] {dag.py:4180} INFO - Setting next_dagrun for example_setup_teardown to None, run_after=None
[2026-06-29T22:36:08.690+0000] {processor.py:208} INFO - Processing /home/airflow/.local/lib/python3.12/site-packages/airflow/example_dags/example_setup_teardown.py took 0.099 seconds
[2026-06-29T22:36:38.841+0000] {processor.py:186} INFO - Started process (PID=3698) to work on /home/airflow/.local/lib/python3.12/site-packages/airflow/example_dags/example_setup_teardown.py
[2026-06-29T22:36:38.845+0000] {processor.py:914} INFO - Processing file /home/airflow/.local/lib/python3.12/site-packages/airflow/example_dags/example_setup_teardown.py for tasks to queue
[2026-06-29T22:36:38.853+0000] {logging_mixin.py:190} INFO - [2026-06-29T22:36:38.852+0000] {dagbag.py:588} INFO - Filling up the DagBag from /home/airflow/.local/lib/python3.12/site-packages/airflow/example_dags/example_setup_teardown.py
[2026-06-29T22:36:38.878+0000] {processor.py:925} INFO - DAG(s) 'example_setup_teardown' retrieved from /home/airflow/.local/lib/python3.12/site-packages/airflow/example_dags/example_setup_teardown.py
[2026-06-29T22:36:38.957+0000] {logging_mixin.py:190} INFO - [2026-06-29T22:36:38.953+0000] {dag.py:3239} INFO - Sync 1 DAGs
[2026-06-29T22:36:39.033+0000] {logging_mixin.py:190} INFO - [2026-06-29T22:36:39.033+0000] {dag.py:4180} INFO - Setting next_dagrun for example_setup_teardown to None, run_after=None
[2026-06-29T22:36:39.105+0000] {processor.py:208} INFO - Processing /home/airflow/.local/lib/python3.12/site-packages/airflow/example_dags/example_setup_teardown.py took 0.284 seconds
[2026-06-29T22:37:10.035+0000] {processor.py:186} INFO - Started process (PID=3762) to work on /home/airflow/.local/lib/python3.12/site-packages/airflow/example_dags/example_setup_teardown.py
[2026-06-29T22:37:10.037+0000] {processor.py:914} INFO - Processing file /home/airflow/.local/lib/python3.12/site-packages/airflow/example_dags/example_setup_teardown.py for tasks to queue
[2026-06-29T22:37:10.042+0000] {logging_mixin.py:190} INFO - [2026-06-29T22:37:10.041+0000] {dagbag.py:588} INFO - Filling up the DagBag from /home/airflow/.local/lib/python3.12/site-packages/airflow/example_dags/example_setup_teardown.py
[2026-06-29T22:37:10.052+0000] {processor.py:925} INFO - DAG(s) 'example_setup_teardown' retrieved from /home/airflow/.local/lib/python3.12/site-packages/airflow/example_dags/example_setup_teardown.py
[2026-06-29T22:37:10.080+0000] {logging_mixin.py:190} INFO - [2026-06-29T22:37:10.080+0000] {dag.py:3239} INFO - Sync 1 DAGs
[2026-06-29T22:37:10.095+0000] {logging_mixin.py:190} INFO - [2026-06-29T22:37:10.095+0000] {dag.py:4180} INFO - Setting next_dagrun for example_setup_teardown to None, run_after=None
[2026-06-29T22:37:10.116+0000] {processor.py:208} INFO - Processing /home/airflow/.local/lib/python3.12/site-packages/airflow/example_dags/example_setup_teardown.py took 0.091 seconds
[2026-06-29T22:37:40.453+0000] {processor.py:186} INFO - Started process (PID=3826) to work on /home/airflow/.local/lib/python3.12/site-packages/airflow/example_dags/example_setup_teardown.py
[2026-06-29T22:37:40.455+0000] {processor.py:914} INFO - Processing file /home/airflow/.local/lib/python3.12/site-packages/airflow/example_dags/example_setup_teardown.py for tasks to queue
[2026-06-29T22:37:40.460+0000] {logging_mixin.py:190} INFO - [2026-06-29T22:37:40.459+0000] {dagbag.py:588} INFO - Filling up the DagBag from /home/airflow/.local/lib/python3.12/site-packages/airflow/example_dags/example_setup_teardown.py
[2026-06-29T22:37:40.470+0000] {processor.py:925} INFO - DAG(s) 'example_setup_teardown' retrieved from /home/airflow/.local/lib/python3.12/site-packages/airflow/example_dags/example_setup_teardown.py
[2026-06-29T22:37:40.496+0000] {logging_mixin.py:190} INFO - [2026-06-29T22:37:40.496+0000] {dag.py:3239} INFO - Sync 1 DAGs
[2026-06-29T22:37:40.513+0000] {logging_mixin.py:190} INFO - [2026-06-29T22:37:40.513+0000] {dag.py:4180} INFO - Setting next_dagrun for example_setup_teardown to None, run_after=None
[2026-06-29T22:37:40.535+0000] {processor.py:208} INFO - Processing /home/airflow/.local/lib/python3.12/site-packages/airflow/example_dags/example_setup_teardown.py took 0.095 seconds
[2026-06-29T22:38:10.592+0000] {processor.py:186} INFO - Started process (PID=3890) to work on /home/airflow/.local/lib/python3.12/site-packages/airflow/example_dags/example_setup_teardown.py
[2026-06-29T22:38:10.594+0000] {processor.py:914} INFO - Processing file /home/airflow/.local/lib/python3.12/site-packages/airflow/example_dags/example_setup_teardown.py for tasks to queue
[2026-06-29T22:38:10.597+0000] {logging_mixin.py:190} INFO - [2026-06-29T22:38:10.597+0000] {dagbag.py:588} INFO - Filling up the DagBag from /home/airflow/.local/lib/python3.12/site-packages/airflow/example_dags/example_setup_teardown.py
[2026-06-29T22:38:10.606+0000] {processor.py:925} INFO - DAG(s) 'example_setup_teardown' retrieved from /home/airflow/.local/lib/python3.12/site-packages/airflow/example_dags/example_setup_teardown.py
[2026-06-29T22:38:10.630+0000] {logging_mixin.py:190} INFO - [2026-06-29T22:38:10.630+0000] {dag.py:3239} INFO - Sync 1 DAGs
[2026-06-29T22:38:10.646+0000] {logging_mixin.py:190} INFO - [2026-06-29T22:38:10.645+0000] {dag.py:4180} INFO - Setting next_dagrun for example_setup_teardown to None, run_after=None
[2026-06-29T22:38:10.667+0000] {processor.py:208} INFO - Processing /home/airflow/.local/lib/python3.12/site-packages/airflow/example_dags/example_setup_teardown.py took 0.085 seconds
[2026-06-29T22:38:42.332+0000] {processor.py:186} INFO - Started process (PID=3954) to work on /home/airflow/.local/lib/python3.12/site-packages/airflow/example_dags/example_setup_teardown.py
[2026-06-29T22:38:42.334+0000] {processor.py:914} INFO - Processing file /home/airflow/.local/lib/python3.12/site-packages/airflow/example_dags/example_setup_teardown.py for tasks to queue
[2026-06-29T22:38:42.339+0000] {logging_mixin.py:190} INFO - [2026-06-29T22:38:42.338+0000] {dagbag.py:588} INFO - Filling up the DagBag from /home/airflow/.local/lib/python3.12/site-packages/airflow/example_dags/example_setup_teardown.py
[2026-06-29T22:38:42.356+0000] {processor.py:925} INFO - DAG(s) 'example_setup_teardown' retrieved from /home/airflow/.local/lib/python3.12/site-packages/airflow/example_dags/example_setup_teardown.py
[2026-06-29T22:38:42.395+0000] {logging_mixin.py:190} INFO - [2026-06-29T22:38:42.394+0000] {dag.py:3239} INFO - Sync 1 DAGs
[2026-06-29T22:38:42.673+0000] {logging_mixin.py:190} INFO - [2026-06-29T22:38:42.672+0000] {dag.py:4180} INFO - Setting next_dagrun for example_setup_teardown to None, run_after=None
[2026-06-29T22:38:42.707+0000] {processor.py:208} INFO - Processing /home/airflow/.local/lib/python3.12/site-packages/airflow/example_dags/example_setup_teardown.py took 0.394 seconds
[2026-06-29T22:39:13.355+0000] {processor.py:186} INFO - Started process (PID=4018) to work on /home/airflow/.local/lib/python3.12/site-packages/airflow/example_dags/example_setup_teardown.py
[2026-06-29T22:39:13.357+0000] {processor.py:914} INFO - Processing file /home/airflow/.local/lib/python3.12/site-packages/airflow/example_dags/example_setup_teardown.py for tasks to queue
[2026-06-29T22:39:13.361+0000] {logging_mixin.py:190} INFO - [2026-06-29T22:39:13.360+0000] {dagbag.py:588} INFO - Filling up the DagBag from /home/airflow/.local/lib/python3.12/site-packages/airflow/example_dags/example_setup_teardown.py
[2026-06-29T22:39:13.373+0000] {processor.py:925} INFO - DAG(s) 'example_setup_teardown' retrieved from /home/airflow/.local/lib/python3.12/site-packages/airflow/example_dags/example_setup_teardown.py
[2026-06-29T22:39:13.424+0000] {logging_mixin.py:190} INFO - [2026-06-29T22:39:13.423+0000] {dag.py:3239} INFO - Sync 1 DAGs
[2026-06-29T22:39:13.446+0000] {logging_mixin.py:190} INFO - [2026-06-29T22:39:13.445+0000] {dag.py:4180} INFO - Setting next_dagrun for example_setup_teardown to None, run_after=None
[2026-06-29T22:39:13.483+0000] {processor.py:208} INFO - Processing /home/airflow/.local/lib/python3.12/site-packages/airflow/example_dags/example_setup_teardown.py took 0.138 seconds
[2026-06-29T22:39:43.796+0000] {processor.py:186} INFO - Started process (PID=4081) to work on /home/airflow/.local/lib/python3.12/site-packages/airflow/example_dags/example_setup_teardown.py
[2026-06-29T22:39:43.799+0000] {processor.py:914} INFO - Processing file /home/airflow/.local/lib/python3.12/site-packages/airflow/example_dags/example_setup_teardown.py for tasks to queue
[2026-06-29T22:39:43.809+0000] {logging_mixin.py:190} INFO - [2026-06-29T22:39:43.808+0000] {dagbag.py:588} INFO - Filling up the DagBag from /home/airflow/.local/lib/python3.12/site-packages/airflow/example_dags/example_setup_teardown.py
[2026-06-29T22:39:43.833+0000] {processor.py:925} INFO - DAG(s) 'example_setup_teardown' retrieved from /home/airflow/.local/lib/python3.12/site-packages/airflow/example_dags/example_setup_teardown.py
[2026-06-29T22:39:43.892+0000] {logging_mixin.py:190} INFO - [2026-06-29T22:39:43.891+0000] {dag.py:3239} INFO - Sync 1 DAGs
[2026-06-29T22:39:43.931+0000] {logging_mixin.py:190} INFO - [2026-06-29T22:39:43.931+0000] {dag.py:4180} INFO - Setting next_dagrun for example_setup_teardown to None, run_after=None
[2026-06-29T22:39:43.987+0000] {processor.py:208} INFO - Processing /home/airflow/.local/lib/python3.12/site-packages/airflow/example_dags/example_setup_teardown.py took 0.209 seconds
[2026-06-29T22:41:30.050+0000] {processor.py:186} INFO - Started process (PID=114) to work on /home/airflow/.local/lib/python3.12/site-packages/airflow/example_dags/example_setup_teardown.py
[2026-06-29T22:41:30.053+0000] {processor.py:914} INFO - Processing file /home/airflow/.local/lib/python3.12/site-packages/airflow/example_dags/example_setup_teardown.py for tasks to queue
[2026-06-29T22:41:30.065+0000] {logging_mixin.py:190} INFO - [2026-06-29T22:41:30.062+0000] {dagbag.py:588} INFO - Filling up the DagBag from /home/airflow/.local/lib/python3.12/site-packages/airflow/example_dags/example_setup_teardown.py
[2026-06-29T22:41:30.088+0000] {processor.py:925} INFO - DAG(s) 'example_setup_teardown' retrieved from /home/airflow/.local/lib/python3.12/site-packages/airflow/example_dags/example_setup_teardown.py
[2026-06-29T22:41:30.173+0000] {logging_mixin.py:190} INFO - [2026-06-29T22:41:30.172+0000] {dag.py:3239} INFO - Sync 1 DAGs
[2026-06-29T22:41:30.237+0000] {logging_mixin.py:190} INFO - [2026-06-29T22:41:30.236+0000] {dag.py:4180} INFO - Setting next_dagrun for example_setup_teardown to None, run_after=None
[2026-06-29T22:41:30.303+0000] {processor.py:208} INFO - Processing /home/airflow/.local/lib/python3.12/site-packages/airflow/example_dags/example_setup_teardown.py took 0.271 seconds
[2026-06-29T22:42:01.318+0000] {processor.py:186} INFO - Started process (PID=178) to work on /home/airflow/.local/lib/python3.12/site-packages/airflow/example_dags/example_setup_teardown.py
[2026-06-29T22:42:01.321+0000] {processor.py:914} INFO - Processing file /home/airflow/.local/lib/python3.12/site-packages/airflow/example_dags/example_setup_teardown.py for tasks to queue
[2026-06-29T22:42:01.329+0000] {logging_mixin.py:190} INFO - [2026-06-29T22:42:01.327+0000] {dagbag.py:588} INFO - Filling up the DagBag from /home/airflow/.local/lib/python3.12/site-packages/airflow/example_dags/example_setup_teardown.py
[2026-06-29T22:42:01.344+0000] {processor.py:925} INFO - DAG(s) 'example_setup_teardown' retrieved from /home/airflow/.local/lib/python3.12/site-packages/airflow/example_dags/example_setup_teardown.py
[2026-06-29T22:42:01.397+0000] {logging_mixin.py:190} INFO - [2026-06-29T22:42:01.396+0000] {dag.py:3239} INFO - Sync 1 DAGs
[2026-06-29T22:42:01.439+0000] {logging_mixin.py:190} INFO - [2026-06-29T22:42:01.438+0000] {dag.py:4180} INFO - Setting next_dagrun for example_setup_teardown to None, run_after=None
[2026-06-29T22:42:01.514+0000] {processor.py:208} INFO - Processing /home/airflow/.local/lib/python3.12/site-packages/airflow/example_dags/example_setup_teardown.py took 0.210 seconds
[2026-06-29T22:42:33.598+0000] {processor.py:186} INFO - Started process (PID=242) to work on /home/airflow/.local/lib/python3.12/site-packages/airflow/example_dags/example_setup_teardown.py
[2026-06-29T22:42:33.601+0000] {processor.py:914} INFO - Processing file /home/airflow/.local/lib/python3.12/site-packages/airflow/example_dags/example_setup_teardown.py for tasks to queue
[2026-06-29T22:42:33.607+0000] {logging_mixin.py:190} INFO - [2026-06-29T22:42:33.606+0000] {dagbag.py:588} INFO - Filling up the DagBag from /home/airflow/.local/lib/python3.12/site-packages/airflow/example_dags/example_setup_teardown.py
[2026-06-29T22:42:33.630+0000] {processor.py:925} INFO - DAG(s) 'example_setup_teardown' retrieved from /home/airflow/.local/lib/python3.12/site-packages/airflow/example_dags/example_setup_teardown.py
[2026-06-29T22:42:33.695+0000] {logging_mixin.py:190} INFO - [2026-06-29T22:42:33.694+0000] {dag.py:3239} INFO - Sync 1 DAGs
[2026-06-29T22:42:33.744+0000] {logging_mixin.py:190} INFO - [2026-06-29T22:42:33.743+0000] {dag.py:4180} INFO - Setting next_dagrun for example_setup_teardown to None, run_after=None
[2026-06-29T22:42:33.806+0000] {processor.py:208} INFO - Processing /home/airflow/.local/lib/python3.12/site-packages/airflow/example_dags/example_setup_teardown.py took 0.221 seconds
[2026-06-29T22:43:06.860+0000] {processor.py:186} INFO - Started process (PID=306) to work on /home/airflow/.local/lib/python3.12/site-packages/airflow/example_dags/example_setup_teardown.py
[2026-06-29T22:43:06.867+0000] {processor.py:914} INFO - Processing file /home/airflow/.local/lib/python3.12/site-packages/airflow/example_dags/example_setup_teardown.py for tasks to queue
[2026-06-29T22:43:06.877+0000] {logging_mixin.py:190} INFO - [2026-06-29T22:43:06.876+0000] {dagbag.py:588} INFO - Filling up the DagBag from /home/airflow/.local/lib/python3.12/site-packages/airflow/example_dags/example_setup_teardown.py
[2026-06-29T22:43:06.933+0000] {processor.py:925} INFO - DAG(s) 'example_setup_teardown' retrieved from /home/airflow/.local/lib/python3.12/site-packages/airflow/example_dags/example_setup_teardown.py
[2026-06-29T22:43:07.058+0000] {logging_mixin.py:190} INFO - [2026-06-29T22:43:07.056+0000] {dag.py:3239} INFO - Sync 1 DAGs
[2026-06-29T22:43:07.195+0000] {logging_mixin.py:190} INFO - [2026-06-29T22:43:07.194+0000] {dag.py:4180} INFO - Setting next_dagrun for example_setup_teardown to None, run_after=None
[2026-06-29T22:43:07.489+0000] {processor.py:208} INFO - Processing /home/airflow/.local/lib/python3.12/site-packages/airflow/example_dags/example_setup_teardown.py took 0.644 seconds
[2026-06-29T22:43:38.227+0000] {processor.py:186} INFO - Started process (PID=370) to work on /home/airflow/.local/lib/python3.12/site-packages/airflow/example_dags/example_setup_teardown.py
[2026-06-29T22:43:38.229+0000] {processor.py:914} INFO - Processing file /home/airflow/.local/lib/python3.12/site-packages/airflow/example_dags/example_setup_teardown.py for tasks to queue
[2026-06-29T22:43:38.232+0000] {logging_mixin.py:190} INFO - [2026-06-29T22:43:38.232+0000] {dagbag.py:588} INFO - Filling up the DagBag from /home/airflow/.local/lib/python3.12/site-packages/airflow/example_dags/example_setup_teardown.py
[2026-06-29T22:43:38.245+0000] {processor.py:925} INFO - DAG(s) 'example_setup_teardown' retrieved from /home/airflow/.local/lib/python3.12/site-packages/airflow/example_dags/example_setup_teardown.py
[2026-06-29T22:43:38.272+0000] {logging_mixin.py:190} INFO - [2026-06-29T22:43:38.272+0000] {dag.py:3239} INFO - Sync 1 DAGs
[2026-06-29T22:43:38.292+0000] {logging_mixin.py:190} INFO - [2026-06-29T22:43:38.292+0000] {dag.py:4180} INFO - Setting next_dagrun for example_setup_teardown to None, run_after=None
[2026-06-29T22:43:38.320+0000] {processor.py:208} INFO - Processing /home/airflow/.local/lib/python3.12/site-packages/airflow/example_dags/example_setup_teardown.py took 0.100 seconds
[2026-06-29T22:44:08.897+0000] {processor.py:186} INFO - Started process (PID=435) to work on /home/airflow/.local/lib/python3.12/site-packages/airflow/example_dags/example_setup_teardown.py
[2026-06-29T22:44:08.898+0000] {processor.py:914} INFO - Processing file /home/airflow/.local/lib/python3.12/site-packages/airflow/example_dags/example_setup_teardown.py for tasks to queue
[2026-06-29T22:44:08.901+0000] {logging_mixin.py:190} INFO - [2026-06-29T22:44:08.900+0000] {dagbag.py:588} INFO - Filling up the DagBag from /home/airflow/.local/lib/python3.12/site-packages/airflow/example_dags/example_setup_teardown.py
[2026-06-29T22:44:08.910+0000] {processor.py:925} INFO - DAG(s) 'example_setup_teardown' retrieved from /home/airflow/.local/lib/python3.12/site-packages/airflow/example_dags/example_setup_teardown.py
[2026-06-29T22:44:08.933+0000] {logging_mixin.py:190} INFO - [2026-06-29T22:44:08.932+0000] {dag.py:3239} INFO - Sync 1 DAGs
[2026-06-29T22:44:08.947+0000] {logging_mixin.py:190} INFO - [2026-06-29T22:44:08.947+0000] {dag.py:4180} INFO - Setting next_dagrun for example_setup_teardown to None, run_after=None
[2026-06-29T22:44:08.968+0000] {processor.py:208} INFO - Processing /home/airflow/.local/lib/python3.12/site-packages/airflow/example_dags/example_setup_teardown.py took 0.080 seconds
[2026-06-29T22:44:39.833+0000] {processor.py:186} INFO - Started process (PID=499) to work on /home/airflow/.local/lib/python3.12/site-packages/airflow/example_dags/example_setup_teardown.py
[2026-06-29T22:44:39.836+0000] {processor.py:914} INFO - Processing file /home/airflow/.local/lib/python3.12/site-packages/airflow/example_dags/example_setup_teardown.py for tasks to queue
[2026-06-29T22:44:39.844+0000] {logging_mixin.py:190} INFO - [2026-06-29T22:44:39.843+0000] {dagbag.py:588} INFO - Filling up the DagBag from /home/airflow/.local/lib/python3.12/site-packages/airflow/example_dags/example_setup_teardown.py
[2026-06-29T22:44:39.864+0000] {processor.py:925} INFO - DAG(s) 'example_setup_teardown' retrieved from /home/airflow/.local/lib/python3.12/site-packages/airflow/example_dags/example_setup_teardown.py
[2026-06-29T22:44:39.914+0000] {logging_mixin.py:190} INFO - [2026-06-29T22:44:39.913+0000] {dag.py:3239} INFO - Sync 1 DAGs
[2026-06-29T22:44:39.952+0000] {logging_mixin.py:190} INFO - [2026-06-29T22:44:39.951+0000] {dag.py:4180} INFO - Setting next_dagrun for example_setup_teardown to None, run_after=None
[2026-06-29T22:44:40.012+0000] {processor.py:208} INFO - Processing /home/airflow/.local/lib/python3.12/site-packages/airflow/example_dags/example_setup_teardown.py took 0.188 seconds
[2026-06-29T22:45:10.831+0000] {processor.py:186} INFO - Started process (PID=563) to work on /home/airflow/.local/lib/python3.12/site-packages/airflow/example_dags/example_setup_teardown.py
[2026-06-29T22:45:10.834+0000] {processor.py:914} INFO - Processing file /home/airflow/.local/lib/python3.12/site-packages/airflow/example_dags/example_setup_teardown.py for tasks to queue
[2026-06-29T22:45:10.838+0000] {logging_mixin.py:190} INFO - [2026-06-29T22:45:10.838+0000] {dagbag.py:588} INFO - Filling up the DagBag from /home/airflow/.local/lib/python3.12/site-packages/airflow/example_dags/example_setup_teardown.py
[2026-06-29T22:45:10.853+0000] {processor.py:925} INFO - DAG(s) 'example_setup_teardown' retrieved from /home/airflow/.local/lib/python3.12/site-packages/airflow/example_dags/example_setup_teardown.py
[2026-06-29T22:45:10.895+0000] {logging_mixin.py:190} INFO - [2026-06-29T22:45:10.895+0000] {dag.py:3239} INFO - Sync 1 DAGs
[2026-06-29T22:45:10.919+0000] {logging_mixin.py:190} INFO - [2026-06-29T22:45:10.919+0000] {dag.py:4180} INFO - Setting next_dagrun for example_setup_teardown to None, run_after=None
[2026-06-29T22:45:10.950+0000] {processor.py:208} INFO - Processing /home/airflow/.local/lib/python3.12/site-packages/airflow/example_dags/example_setup_teardown.py took 0.132 seconds
[2026-06-29T22:45:41.072+0000] {processor.py:186} INFO - Started process (PID=626) to work on /home/airflow/.local/lib/python3.12/site-packages/airflow/example_dags/example_setup_teardown.py
[2026-06-29T22:45:41.073+0000] {processor.py:914} INFO - Processing file /home/airflow/.local/lib/python3.12/site-packages/airflow/example_dags/example_setup_teardown.py for tasks to queue
[2026-06-29T22:45:41.076+0000] {logging_mixin.py:190} INFO - [2026-06-29T22:45:41.076+0000] {dagbag.py:588} INFO - Filling up the DagBag from /home/airflow/.local/lib/python3.12/site-packages/airflow/example_dags/example_setup_teardown.py
[2026-06-29T22:45:41.087+0000] {processor.py:925} INFO - DAG(s) 'example_setup_teardown' retrieved from /home/airflow/.local/lib/python3.12/site-packages/airflow/example_dags/example_setup_teardown.py
[2026-06-29T22:45:41.112+0000] {logging_mixin.py:190} INFO - [2026-06-29T22:45:41.111+0000] {dag.py:3239} INFO - Sync 1 DAGs
[2026-06-29T22:45:41.130+0000] {logging_mixin.py:190} INFO - [2026-06-29T22:45:41.129+0000] {dag.py:4180} INFO - Setting next_dagrun for example_setup_teardown to None, run_after=None
[2026-06-29T22:45:41.159+0000] {processor.py:208} INFO - Processing /home/airflow/.local/lib/python3.12/site-packages/airflow/example_dags/example_setup_teardown.py took 0.095 seconds
[2026-06-29T22:46:11.364+0000] {processor.py:186} INFO - Started process (PID=690) to work on /home/airflow/.local/lib/python3.12/site-packages/airflow/example_dags/example_setup_teardown.py
[2026-06-29T22:46:11.365+0000] {processor.py:914} INFO - Processing file /home/airflow/.local/lib/python3.12/site-packages/airflow/example_dags/example_setup_teardown.py for tasks to queue
[2026-06-29T22:46:11.369+0000] {logging_mixin.py:190} INFO - [2026-06-29T22:46:11.368+0000] {dagbag.py:588} INFO - Filling up the DagBag from /home/airflow/.local/lib/python3.12/site-packages/airflow/example_dags/example_setup_teardown.py
[2026-06-29T22:46:11.380+0000] {processor.py:925} INFO - DAG(s) 'example_setup_teardown' retrieved from /home/airflow/.local/lib/python3.12/site-packages/airflow/example_dags/example_setup_teardown.py
[2026-06-29T22:46:11.406+0000] {logging_mixin.py:190} INFO - [2026-06-29T22:46:11.405+0000] {dag.py:3239} INFO - Sync 1 DAGs
[2026-06-29T22:46:11.422+0000] {logging_mixin.py:190} INFO - [2026-06-29T22:46:11.422+0000] {dag.py:4180} INFO - Setting next_dagrun for example_setup_teardown to None, run_after=None
[2026-06-29T22:46:11.443+0000] {processor.py:208} INFO - Processing /home/airflow/.local/lib/python3.12/site-packages/airflow/example_dags/example_setup_teardown.py took 0.088 seconds
[2026-06-29T22:46:41.726+0000] {processor.py:186} INFO - Started process (PID=759) to work on /home/airflow/.local/lib/python3.12/site-packages/airflow/example_dags/example_setup_teardown.py
[2026-06-29T22:46:41.731+0000] {processor.py:914} INFO - Processing file /home/airflow/.local/lib/python3.12/site-packages/airflow/example_dags/example_setup_teardown.py for tasks to queue
[2026-06-29T22:46:41.740+0000] {logging_mixin.py:190} INFO - [2026-06-29T22:46:41.738+0000] {dagbag.py:588} INFO - Filling up the DagBag from /home/airflow/.local/lib/python3.12/site-packages/airflow/example_dags/example_setup_teardown.py
[2026-06-29T22:46:41.763+0000] {processor.py:925} INFO - DAG(s) 'example_setup_teardown' retrieved from /home/airflow/.local/lib/python3.12/site-packages/airflow/example_dags/example_setup_teardown.py
[2026-06-29T22:46:41.828+0000] {logging_mixin.py:190} INFO - [2026-06-29T22:46:41.827+0000] {dag.py:3239} INFO - Sync 1 DAGs
[2026-06-29T22:46:41.873+0000] {logging_mixin.py:190} INFO - [2026-06-29T22:46:41.872+0000] {dag.py:4180} INFO - Setting next_dagrun for example_setup_teardown to None, run_after=None
[2026-06-29T22:46:41.930+0000] {processor.py:208} INFO - Processing /home/airflow/.local/lib/python3.12/site-packages/airflow/example_dags/example_setup_teardown.py took 0.233 seconds
