[2026-06-29T21:57:03.216+0000] {processor.py:186} INFO - Started process (PID=97) to work on /home/airflow/.local/lib/python3.12/site-packages/airflow/example_dags/example_datasets.py
[2026-06-29T21:57:03.219+0000] {processor.py:914} INFO - Processing file /home/airflow/.local/lib/python3.12/site-packages/airflow/example_dags/example_datasets.py for tasks to queue
[2026-06-29T21:57:03.227+0000] {logging_mixin.py:190} INFO - [2026-06-29T21:57:03.227+0000] {dagbag.py:588} INFO - Filling up the DagBag from /home/airflow/.local/lib/python3.12/site-packages/airflow/example_dags/example_datasets.py
[2026-06-29T21:57:06.422+0000] {logging_mixin.py:190} INFO - [2026-06-29T21:57:06.422+0000] {process_utils.py:266} INFO - Waiting up to 5 seconds for processes to exit...
[2026-06-29T21:57:06.425+0000] {logging_mixin.py:190} WARNING - Exception ignored in: <function WeakKeyDictionary.__init__.<locals>.remove at 0x7430c6051260>
[2026-06-29T21:57:06.426+0000] {logging_mixin.py:190} WARNING - Traceback (most recent call last):
[2026-06-29T21:57:06.427+0000] {logging_mixin.py:190} WARNING -   File "/usr/local/lib/python3.12/weakref.py", line 369, in remove
[2026-06-29T21:57:06.429+0000] {logging_mixin.py:190} WARNING -     def remove(k, selfref=ref(self)):
[2026-06-29T21:57:06.431+0000] {logging_mixin.py:190} WARNING -   File "/home/airflow/.local/lib/python3.12/site-packages/airflow/dag_processing/manager.py", line 466, in _exit_gracefully
[2026-06-29T21:57:06.432+0000] {logging_mixin.py:190} WARNING -     self.log.debug("Current Stacktrace is: %s", "\n".join(map(str, inspect.stack())))
[2026-06-29T21:57:06.434+0000] {logging_mixin.py:190} WARNING -                                                                    ^^^^^^^^^^^^^^^
[2026-06-29T21:57:06.435+0000] {logging_mixin.py:190} WARNING -   File "/usr/local/lib/python3.12/inspect.py", line 1781, in stack
[2026-06-29T21:57:06.437+0000] {logging_mixin.py:190} WARNING -     return getouterframes(sys._getframe(1), context)
[2026-06-29T21:57:06.439+0000] {logging_mixin.py:190} WARNING -            ^^^^^^^^^^^^^^^^^^^^^^^^^^^^^^^^^^^^^^^^^
[2026-06-29T21:57:06.440+0000] {logging_mixin.py:190} WARNING -   File "/usr/local/lib/python3.12/inspect.py", line 1756, in getouterframes
[2026-06-29T21:57:06.442+0000] {logging_mixin.py:190} WARNING -     traceback_info = getframeinfo(frame, context)
[2026-06-29T21:57:06.444+0000] {logging_mixin.py:190} WARNING -                      ^^^^^^^^^^^^^^^^^^^^^^^^^^^^
[2026-06-29T21:57:06.445+0000] {logging_mixin.py:190} WARNING -   File "/usr/local/lib/python3.12/inspect.py", line 1718, in getframeinfo
[2026-06-29T21:57:06.447+0000] {logging_mixin.py:190} WARNING -     lines, lnum = findsource(frame)
[2026-06-29T21:57:06.449+0000] {logging_mixin.py:190} WARNING -                   ^^^^^^^^^^^^^^^^^
[2026-06-29T21:57:06.450+0000] {logging_mixin.py:190} WARNING -   File "/usr/local/lib/python3.12/inspect.py", line 1090, in findsource
[2026-06-29T21:57:06.452+0000] {logging_mixin.py:190} WARNING -     module = getmodule(object, file)
[2026-06-29T21:57:06.454+0000] {logging_mixin.py:190} WARNING -              ^^^^^^^^^^^^^^^^^^^^^^^
[2026-06-29T21:57:06.455+0000] {logging_mixin.py:190} WARNING -   File "/usr/local/lib/python3.12/inspect.py", line 1009, in getmodule
[2026-06-29T21:57:06.458+0000] {logging_mixin.py:190} WARNING -     if f == _filesbymodname.get(modname, None):
[2026-06-29T21:57:06.460+0000] {logging_mixin.py:190} WARNING -             ^^^^^^^^^^^^^^^^^^^^^^^^^^^^^^^^^^
[2026-06-29T21:57:06.461+0000] {logging_mixin.py:190} WARNING -   File "/home/airflow/.local/lib/python3.12/site-packages/airflow/dag_processing/manager.py", line 470, in _exit_gracefully
[2026-06-29T21:57:06.463+0000] {logging_mixin.py:190} WARNING -     sys.exit(os.EX_OK)
[2026-06-29T21:57:06.464+0000] {logging_mixin.py:190} WARNING - SystemExit: 0
[2026-06-29T21:57:06.523+0000] {processor.py:925} INFO - DAG(s) 'dataset_produces_1', 'dataset_consumes_1_never_scheduled', 'consume_1_or_2_with_dataset_expressions', 'dataset_consumes_1_and_2', 'conditional_dataset_and_time_based_timetable', 'dataset_consumes_unknown_never_scheduled', 'dataset_produces_2', 'consume_1_and_2_with_dataset_expressions', 'consume_1_or_both_2_and_3_with_dataset_expressions', 'dataset_consumes_1' retrieved from /home/airflow/.local/lib/python3.12/site-packages/airflow/example_dags/example_datasets.py
[2026-06-29T21:57:06.799+0000] {logging_mixin.py:190} INFO - [2026-06-29T21:57:06.797+0000] {override.py:1912} INFO - Created Permission View: can edit on DAG:dataset_produces_1
[2026-06-29T21:57:06.824+0000] {logging_mixin.py:190} INFO - [2026-06-29T21:57:06.823+0000] {override.py:1912} INFO - Created Permission View: can read on DAG:dataset_produces_1
[2026-06-29T21:57:06.840+0000] {logging_mixin.py:190} INFO - [2026-06-29T21:57:06.839+0000] {override.py:1912} INFO - Created Permission View: can delete on DAG:dataset_produces_1
[2026-06-29T21:57:06.862+0000] {logging_mixin.py:190} INFO - [2026-06-29T21:57:06.861+0000] {override.py:1912} INFO - Created Permission View: can create on DAG Run:dataset_produces_1
[2026-06-29T21:57:06.877+0000] {logging_mixin.py:190} INFO - [2026-06-29T21:57:06.877+0000] {override.py:1912} INFO - Created Permission View: can read on DAG Run:dataset_produces_1
[2026-06-29T21:57:06.898+0000] {logging_mixin.py:190} INFO - [2026-06-29T21:57:06.897+0000] {override.py:1912} INFO - Created Permission View: can delete on DAG Run:dataset_produces_1
[2026-06-29T21:57:06.918+0000] {logging_mixin.py:190} INFO - [2026-06-29T21:57:06.918+0000] {override.py:1912} INFO - Created Permission View: menu access on DAG Run:dataset_produces_1
[2026-06-29T21:57:06.952+0000] {logging_mixin.py:190} INFO - [2026-06-29T21:57:06.951+0000] {override.py:1912} INFO - Created Permission View: can edit on DAG:dataset_consumes_1_never_scheduled
[2026-06-29T21:57:06.976+0000] {logging_mixin.py:190} INFO - [2026-06-29T21:57:06.975+0000] {override.py:1912} INFO - Created Permission View: can read on DAG:dataset_consumes_1_never_scheduled
[2026-06-29T21:57:06.990+0000] {logging_mixin.py:190} INFO - [2026-06-29T21:57:06.990+0000] {override.py:1912} INFO - Created Permission View: can delete on DAG:dataset_consumes_1_never_scheduled
[2026-06-29T21:57:07.012+0000] {logging_mixin.py:190} INFO - [2026-06-29T21:57:07.012+0000] {override.py:1912} INFO - Created Permission View: can create on DAG Run:dataset_consumes_1_never_scheduled
[2026-06-29T21:57:07.031+0000] {logging_mixin.py:190} INFO - [2026-06-29T21:57:07.030+0000] {override.py:1912} INFO - Created Permission View: can read on DAG Run:dataset_consumes_1_never_scheduled
[2026-06-29T21:57:07.052+0000] {logging_mixin.py:190} INFO - [2026-06-29T21:57:07.052+0000] {override.py:1912} INFO - Created Permission View: can delete on DAG Run:dataset_consumes_1_never_scheduled
[2026-06-29T21:57:07.075+0000] {logging_mixin.py:190} INFO - [2026-06-29T21:57:07.074+0000] {override.py:1912} INFO - Created Permission View: menu access on DAG Run:dataset_consumes_1_never_scheduled
[2026-06-29T21:57:07.110+0000] {logging_mixin.py:190} INFO - [2026-06-29T21:57:07.109+0000] {override.py:1912} INFO - Created Permission View: can edit on DAG:consume_1_or_2_with_dataset_expressions
[2026-06-29T21:57:07.131+0000] {logging_mixin.py:190} INFO - [2026-06-29T21:57:07.131+0000] {override.py:1912} INFO - Created Permission View: can read on DAG:consume_1_or_2_with_dataset_expressions
[2026-06-29T21:57:07.149+0000] {logging_mixin.py:190} INFO - [2026-06-29T21:57:07.148+0000] {override.py:1912} INFO - Created Permission View: can delete on DAG:consume_1_or_2_with_dataset_expressions
[2026-06-29T21:57:07.170+0000] {logging_mixin.py:190} INFO - [2026-06-29T21:57:07.169+0000] {override.py:1912} INFO - Created Permission View: can create on DAG Run:consume_1_or_2_with_dataset_expressions
[2026-06-29T21:57:07.188+0000] {logging_mixin.py:190} INFO - [2026-06-29T21:57:07.187+0000] {override.py:1912} INFO - Created Permission View: can read on DAG Run:consume_1_or_2_with_dataset_expressions
[2026-06-29T21:57:07.206+0000] {logging_mixin.py:190} INFO - [2026-06-29T21:57:07.205+0000] {override.py:1912} INFO - Created Permission View: can delete on DAG Run:consume_1_or_2_with_dataset_expressions
[2026-06-29T21:57:07.226+0000] {logging_mixin.py:190} INFO - [2026-06-29T21:57:07.225+0000] {override.py:1912} INFO - Created Permission View: menu access on DAG Run:consume_1_or_2_with_dataset_expressions
[2026-06-29T21:57:07.258+0000] {logging_mixin.py:190} INFO - [2026-06-29T21:57:07.257+0000] {override.py:1912} INFO - Created Permission View: can edit on DAG:dataset_consumes_1_and_2
[2026-06-29T21:57:07.278+0000] {logging_mixin.py:190} INFO - [2026-06-29T21:57:07.277+0000] {override.py:1912} INFO - Created Permission View: can read on DAG:dataset_consumes_1_and_2
[2026-06-29T21:57:07.302+0000] {logging_mixin.py:190} INFO - [2026-06-29T21:57:07.301+0000] {override.py:1912} INFO - Created Permission View: can delete on DAG:dataset_consumes_1_and_2
[2026-06-29T21:57:07.324+0000] {logging_mixin.py:190} INFO - [2026-06-29T21:57:07.324+0000] {override.py:1912} INFO - Created Permission View: can create on DAG Run:dataset_consumes_1_and_2
[2026-06-29T21:57:07.345+0000] {logging_mixin.py:190} INFO - [2026-06-29T21:57:07.344+0000] {override.py:1912} INFO - Created Permission View: can read on DAG Run:dataset_consumes_1_and_2
[2026-06-29T21:57:07.362+0000] {logging_mixin.py:190} INFO - [2026-06-29T21:57:07.361+0000] {override.py:1912} INFO - Created Permission View: can delete on DAG Run:dataset_consumes_1_and_2
[2026-06-29T21:57:07.382+0000] {logging_mixin.py:190} INFO - [2026-06-29T21:57:07.381+0000] {override.py:1912} INFO - Created Permission View: menu access on DAG Run:dataset_consumes_1_and_2
[2026-06-29T21:57:07.415+0000] {logging_mixin.py:190} INFO - [2026-06-29T21:57:07.414+0000] {override.py:1912} INFO - Created Permission View: can edit on DAG:conditional_dataset_and_time_based_timetable
[2026-06-29T21:57:07.433+0000] {logging_mixin.py:190} INFO - [2026-06-29T21:57:07.433+0000] {override.py:1912} INFO - Created Permission View: can read on DAG:conditional_dataset_and_time_based_timetable
[2026-06-29T21:57:07.453+0000] {logging_mixin.py:190} INFO - [2026-06-29T21:57:07.452+0000] {override.py:1912} INFO - Created Permission View: can delete on DAG:conditional_dataset_and_time_based_timetable
[2026-06-29T21:57:07.476+0000] {logging_mixin.py:190} INFO - [2026-06-29T21:57:07.475+0000] {override.py:1912} INFO - Created Permission View: can create on DAG Run:conditional_dataset_and_time_based_timetable
[2026-06-29T21:57:07.491+0000] {logging_mixin.py:190} INFO - [2026-06-29T21:57:07.490+0000] {override.py:1912} INFO - Created Permission View: can read on DAG Run:conditional_dataset_and_time_based_timetable
[2026-06-29T21:57:07.509+0000] {logging_mixin.py:190} INFO - [2026-06-29T21:57:07.509+0000] {override.py:1912} INFO - Created Permission View: can delete on DAG Run:conditional_dataset_and_time_based_timetable
[2026-06-29T21:57:07.530+0000] {logging_mixin.py:190} INFO - [2026-06-29T21:57:07.529+0000] {override.py:1912} INFO - Created Permission View: menu access on DAG Run:conditional_dataset_and_time_based_timetable
[2026-06-29T21:57:07.567+0000] {logging_mixin.py:190} INFO - [2026-06-29T21:57:07.566+0000] {override.py:1912} INFO - Created Permission View: can edit on DAG:dataset_consumes_unknown_never_scheduled
[2026-06-29T21:57:07.596+0000] {logging_mixin.py:190} INFO - [2026-06-29T21:57:07.595+0000] {override.py:1912} INFO - Created Permission View: can read on DAG:dataset_consumes_unknown_never_scheduled
[2026-06-29T21:57:07.626+0000] {logging_mixin.py:190} INFO - [2026-06-29T21:57:07.625+0000] {override.py:1912} INFO - Created Permission View: can delete on DAG:dataset_consumes_unknown_never_scheduled
[2026-06-29T21:57:07.652+0000] {logging_mixin.py:190} INFO - [2026-06-29T21:57:07.651+0000] {override.py:1912} INFO - Created Permission View: can create on DAG Run:dataset_consumes_unknown_never_scheduled
[2026-06-29T21:57:07.674+0000] {logging_mixin.py:190} INFO - [2026-06-29T21:57:07.674+0000] {override.py:1912} INFO - Created Permission View: can read on DAG Run:dataset_consumes_unknown_never_scheduled
[2026-06-29T21:57:07.699+0000] {logging_mixin.py:190} INFO - [2026-06-29T21:57:07.699+0000] {override.py:1912} INFO - Created Permission View: can delete on DAG Run:dataset_consumes_unknown_never_scheduled
[2026-06-29T21:57:07.719+0000] {logging_mixin.py:190} INFO - [2026-06-29T21:57:07.718+0000] {override.py:1912} INFO - Created Permission View: menu access on DAG Run:dataset_consumes_unknown_never_scheduled
[2026-06-29T21:57:07.756+0000] {logging_mixin.py:190} INFO - [2026-06-29T21:57:07.755+0000] {override.py:1912} INFO - Created Permission View: can edit on DAG:dataset_produces_2
[2026-06-29T21:57:07.778+0000] {logging_mixin.py:190} INFO - [2026-06-29T21:57:07.777+0000] {override.py:1912} INFO - Created Permission View: can read on DAG:dataset_produces_2
[2026-06-29T21:57:07.805+0000] {logging_mixin.py:190} INFO - [2026-06-29T21:57:07.804+0000] {override.py:1912} INFO - Created Permission View: can delete on DAG:dataset_produces_2
[2026-06-29T21:57:07.832+0000] {logging_mixin.py:190} INFO - [2026-06-29T21:57:07.831+0000] {override.py:1912} INFO - Created Permission View: can create on DAG Run:dataset_produces_2
[2026-06-29T21:57:07.857+0000] {logging_mixin.py:190} INFO - [2026-06-29T21:57:07.856+0000] {override.py:1912} INFO - Created Permission View: can read on DAG Run:dataset_produces_2
[2026-06-29T21:57:07.883+0000] {logging_mixin.py:190} INFO - [2026-06-29T21:57:07.882+0000] {override.py:1912} INFO - Created Permission View: can delete on DAG Run:dataset_produces_2
[2026-06-29T21:57:07.908+0000] {logging_mixin.py:190} INFO - [2026-06-29T21:57:07.907+0000] {override.py:1912} INFO - Created Permission View: menu access on DAG Run:dataset_produces_2
[2026-06-29T21:57:07.955+0000] {logging_mixin.py:190} INFO - [2026-06-29T21:57:07.954+0000] {override.py:1912} INFO - Created Permission View: can edit on DAG:consume_1_and_2_with_dataset_expressions
[2026-06-29T21:57:07.980+0000] {logging_mixin.py:190} INFO - [2026-06-29T21:57:07.980+0000] {override.py:1912} INFO - Created Permission View: can read on DAG:consume_1_and_2_with_dataset_expressions
[2026-06-29T21:57:08.007+0000] {logging_mixin.py:190} INFO - [2026-06-29T21:57:08.006+0000] {override.py:1912} INFO - Created Permission View: can delete on DAG:consume_1_and_2_with_dataset_expressions
[2026-06-29T21:57:08.034+0000] {logging_mixin.py:190} INFO - [2026-06-29T21:57:08.033+0000] {override.py:1912} INFO - Created Permission View: can create on DAG Run:consume_1_and_2_with_dataset_expressions
[2026-06-29T21:57:08.058+0000] {logging_mixin.py:190} INFO - [2026-06-29T21:57:08.058+0000] {override.py:1912} INFO - Created Permission View: can read on DAG Run:consume_1_and_2_with_dataset_expressions
[2026-06-29T21:57:08.083+0000] {logging_mixin.py:190} INFO - [2026-06-29T21:57:08.083+0000] {override.py:1912} INFO - Created Permission View: can delete on DAG Run:consume_1_and_2_with_dataset_expressions
[2026-06-29T21:57:08.107+0000] {logging_mixin.py:190} INFO - [2026-06-29T21:57:08.107+0000] {override.py:1912} INFO - Created Permission View: menu access on DAG Run:consume_1_and_2_with_dataset_expressions
[2026-06-29T21:57:08.148+0000] {logging_mixin.py:190} INFO - [2026-06-29T21:57:08.147+0000] {override.py:1912} INFO - Created Permission View: can edit on DAG:consume_1_or_both_2_and_3_with_dataset_expressions
[2026-06-29T21:57:08.172+0000] {logging_mixin.py:190} INFO - [2026-06-29T21:57:08.171+0000] {override.py:1912} INFO - Created Permission View: can read on DAG:consume_1_or_both_2_and_3_with_dataset_expressions
[2026-06-29T21:57:08.194+0000] {logging_mixin.py:190} INFO - [2026-06-29T21:57:08.193+0000] {override.py:1912} INFO - Created Permission View: can delete on DAG:consume_1_or_both_2_and_3_with_dataset_expressions
[2026-06-29T21:57:08.218+0000] {logging_mixin.py:190} INFO - [2026-06-29T21:57:08.217+0000] {override.py:1912} INFO - Created Permission View: can create on DAG Run:consume_1_or_both_2_and_3_with_dataset_expressions
[2026-06-29T21:57:08.233+0000] {logging_mixin.py:190} INFO - [2026-06-29T21:57:08.232+0000] {override.py:1912} INFO - Created Permission View: can read on DAG Run:consume_1_or_both_2_and_3_with_dataset_expressions
[2026-06-29T21:57:08.249+0000] {logging_mixin.py:190} INFO - [2026-06-29T21:57:08.248+0000] {override.py:1912} INFO - Created Permission View: can delete on DAG Run:consume_1_or_both_2_and_3_with_dataset_expressions
[2026-06-29T21:57:08.266+0000] {logging_mixin.py:190} INFO - [2026-06-29T21:57:08.265+0000] {override.py:1912} INFO - Created Permission View: menu access on DAG Run:consume_1_or_both_2_and_3_with_dataset_expressions
[2026-06-29T21:57:08.301+0000] {logging_mixin.py:190} INFO - [2026-06-29T21:57:08.301+0000] {override.py:1912} INFO - Created Permission View: can edit on DAG:dataset_consumes_1
[2026-06-29T21:57:08.322+0000] {logging_mixin.py:190} INFO - [2026-06-29T21:57:08.321+0000] {override.py:1912} INFO - Created Permission View: can read on DAG:dataset_consumes_1
[2026-06-29T21:57:08.341+0000] {logging_mixin.py:190} INFO - [2026-06-29T21:57:08.340+0000] {override.py:1912} INFO - Created Permission View: can delete on DAG:dataset_consumes_1
[2026-06-29T21:57:08.365+0000] {logging_mixin.py:190} INFO - [2026-06-29T21:57:08.364+0000] {override.py:1912} INFO - Created Permission View: can create on DAG Run:dataset_consumes_1
[2026-06-29T21:57:08.386+0000] {logging_mixin.py:190} INFO - [2026-06-29T21:57:08.385+0000] {override.py:1912} INFO - Created Permission View: can read on DAG Run:dataset_consumes_1
[2026-06-29T21:57:08.403+0000] {logging_mixin.py:190} INFO - [2026-06-29T21:57:08.403+0000] {override.py:1912} INFO - Created Permission View: can delete on DAG Run:dataset_consumes_1
[2026-06-29T21:57:08.421+0000] {logging_mixin.py:190} INFO - [2026-06-29T21:57:08.420+0000] {override.py:1912} INFO - Created Permission View: menu access on DAG Run:dataset_consumes_1
[2026-06-29T21:57:08.423+0000] {logging_mixin.py:190} INFO - [2026-06-29T21:57:08.422+0000] {dag.py:3239} INFO - Sync 10 DAGs
[2026-06-29T21:57:08.450+0000] {logging_mixin.py:190} INFO - [2026-06-29T21:57:08.449+0000] {dag.py:3262} INFO - Creating ORM DAG for conditional_dataset_and_time_based_timetable
[2026-06-29T21:57:08.453+0000] {logging_mixin.py:190} INFO - [2026-06-29T21:57:08.452+0000] {dag.py:3262} INFO - Creating ORM DAG for dataset_consumes_1
[2026-06-29T21:57:08.456+0000] {logging_mixin.py:190} INFO - [2026-06-29T21:57:08.455+0000] {dag.py:3262} INFO - Creating ORM DAG for dataset_consumes_1_and_2
[2026-06-29T21:57:08.461+0000] {logging_mixin.py:190} INFO - [2026-06-29T21:57:08.461+0000] {dag.py:3262} INFO - Creating ORM DAG for dataset_consumes_unknown_never_scheduled
[2026-06-29T21:57:08.465+0000] {logging_mixin.py:190} INFO - [2026-06-29T21:57:08.464+0000] {dag.py:3262} INFO - Creating ORM DAG for dataset_produces_2
[2026-06-29T21:57:08.467+0000] {logging_mixin.py:190} INFO - [2026-06-29T21:57:08.467+0000] {dag.py:3262} INFO - Creating ORM DAG for consume_1_or_2_with_dataset_expressions
[2026-06-29T21:57:08.470+0000] {logging_mixin.py:190} INFO - [2026-06-29T21:57:08.469+0000] {dag.py:3262} INFO - Creating ORM DAG for dataset_consumes_1_never_scheduled
[2026-06-29T21:57:08.475+0000] {logging_mixin.py:190} INFO - [2026-06-29T21:57:08.473+0000] {dag.py:3262} INFO - Creating ORM DAG for consume_1_and_2_with_dataset_expressions
[2026-06-29T21:57:08.478+0000] {logging_mixin.py:190} INFO - [2026-06-29T21:57:08.477+0000] {dag.py:3262} INFO - Creating ORM DAG for consume_1_or_both_2_and_3_with_dataset_expressions
[2026-06-29T21:57:08.481+0000] {logging_mixin.py:190} INFO - [2026-06-29T21:57:08.480+0000] {dag.py:3262} INFO - Creating ORM DAG for dataset_produces_1
[2026-06-29T21:57:08.509+0000] {logging_mixin.py:190} INFO - [2026-06-29T21:57:08.509+0000] {dag.py:4180} INFO - Setting next_dagrun for conditional_dataset_and_time_based_timetable to 2026-06-24 01:00:00+00:00, run_after=2026-06-24 01:00:00+00:00
[2026-06-29T21:57:08.512+0000] {logging_mixin.py:190} INFO - [2026-06-29T21:57:08.512+0000] {dag.py:4180} INFO - Setting next_dagrun for consume_1_and_2_with_dataset_expressions to None, run_after=None
[2026-06-29T21:57:08.515+0000] {logging_mixin.py:190} INFO - [2026-06-29T21:57:08.514+0000] {dag.py:4180} INFO - Setting next_dagrun for consume_1_or_2_with_dataset_expressions to None, run_after=None
[2026-06-29T21:57:08.518+0000] {logging_mixin.py:190} INFO - [2026-06-29T21:57:08.517+0000] {dag.py:4180} INFO - Setting next_dagrun for consume_1_or_both_2_and_3_with_dataset_expressions to None, run_after=None
[2026-06-29T21:57:08.521+0000] {logging_mixin.py:190} INFO - [2026-06-29T21:57:08.520+0000] {dag.py:4180} INFO - Setting next_dagrun for dataset_consumes_1 to None, run_after=None
[2026-06-29T21:57:08.524+0000] {logging_mixin.py:190} INFO - [2026-06-29T21:57:08.523+0000] {dag.py:4180} INFO - Setting next_dagrun for dataset_consumes_1_and_2 to None, run_after=None
[2026-06-29T21:57:08.527+0000] {logging_mixin.py:190} INFO - [2026-06-29T21:57:08.527+0000] {dag.py:4180} INFO - Setting next_dagrun for dataset_consumes_1_never_scheduled to None, run_after=None
[2026-06-29T21:57:08.530+0000] {logging_mixin.py:190} INFO - [2026-06-29T21:57:08.529+0000] {dag.py:4180} INFO - Setting next_dagrun for dataset_consumes_unknown_never_scheduled to None, run_after=None
[2026-06-29T21:57:08.536+0000] {logging_mixin.py:190} INFO - [2026-06-29T21:57:08.535+0000] {dag.py:4180} INFO - Setting next_dagrun for dataset_produces_1 to 2026-06-28 00:00:00+00:00, run_after=2026-06-29 00:00:00+00:00
[2026-06-29T21:57:08.539+0000] {logging_mixin.py:190} INFO - [2026-06-29T21:57:08.538+0000] {dag.py:4180} INFO - Setting next_dagrun for dataset_produces_2 to None, run_after=None
[2026-06-29T21:57:08.664+0000] {processor.py:208} INFO - Processing /home/airflow/.local/lib/python3.12/site-packages/airflow/example_dags/example_datasets.py took 5.464 seconds
[2026-06-29T21:59:10.683+0000] {processor.py:186} INFO - Started process (PID=97) to work on /home/airflow/.local/lib/python3.12/site-packages/airflow/example_dags/example_datasets.py
[2026-06-29T21:59:10.687+0000] {processor.py:914} INFO - Processing file /home/airflow/.local/lib/python3.12/site-packages/airflow/example_dags/example_datasets.py for tasks to queue
[2026-06-29T21:59:10.691+0000] {logging_mixin.py:190} INFO - [2026-06-29T21:59:10.691+0000] {dagbag.py:588} INFO - Filling up the DagBag from /home/airflow/.local/lib/python3.12/site-packages/airflow/example_dags/example_datasets.py
[2026-06-29T21:59:11.954+0000] {processor.py:925} INFO - DAG(s) 'dataset_consumes_unknown_never_scheduled', 'conditional_dataset_and_time_based_timetable', 'consume_1_or_2_with_dataset_expressions', 'dataset_consumes_1', 'dataset_consumes_1_and_2', 'dataset_consumes_1_never_scheduled', 'dataset_produces_2', 'consume_1_or_both_2_and_3_with_dataset_expressions', 'dataset_produces_1', 'consume_1_and_2_with_dataset_expressions' retrieved from /home/airflow/.local/lib/python3.12/site-packages/airflow/example_dags/example_datasets.py
[2026-06-29T21:59:12.124+0000] {logging_mixin.py:190} INFO - [2026-06-29T21:59:12.124+0000] {dag.py:3239} INFO - Sync 10 DAGs
[2026-06-29T21:59:12.226+0000] {logging_mixin.py:190} INFO - [2026-06-29T21:59:12.225+0000] {dag.py:4180} INFO - Setting next_dagrun for conditional_dataset_and_time_based_timetable to 2026-06-24 01:00:00+00:00, run_after=2026-06-24 01:00:00+00:00
[2026-06-29T21:59:12.254+0000] {logging_mixin.py:190} INFO - [2026-06-29T21:59:12.251+0000] {dag.py:4180} INFO - Setting next_dagrun for consume_1_and_2_with_dataset_expressions to None, run_after=None
[2026-06-29T21:59:12.267+0000] {logging_mixin.py:190} INFO - [2026-06-29T21:59:12.267+0000] {dag.py:4180} INFO - Setting next_dagrun for consume_1_or_2_with_dataset_expressions to None, run_after=None
[2026-06-29T21:59:12.271+0000] {logging_mixin.py:190} INFO - [2026-06-29T21:59:12.271+0000] {dag.py:4180} INFO - Setting next_dagrun for consume_1_or_both_2_and_3_with_dataset_expressions to None, run_after=None
[2026-06-29T21:59:12.281+0000] {logging_mixin.py:190} INFO - [2026-06-29T21:59:12.280+0000] {dag.py:4180} INFO - Setting next_dagrun for dataset_consumes_1 to None, run_after=None
[2026-06-29T21:59:12.286+0000] {logging_mixin.py:190} INFO - [2026-06-29T21:59:12.286+0000] {dag.py:4180} INFO - Setting next_dagrun for dataset_consumes_1_and_2 to None, run_after=None
[2026-06-29T21:59:12.293+0000] {logging_mixin.py:190} INFO - [2026-06-29T21:59:12.293+0000] {dag.py:4180} INFO - Setting next_dagrun for dataset_consumes_1_never_scheduled to None, run_after=None
[2026-06-29T21:59:12.301+0000] {logging_mixin.py:190} INFO - [2026-06-29T21:59:12.300+0000] {dag.py:4180} INFO - Setting next_dagrun for dataset_consumes_unknown_never_scheduled to None, run_after=None
[2026-06-29T21:59:12.308+0000] {logging_mixin.py:190} INFO - [2026-06-29T21:59:12.308+0000] {dag.py:4180} INFO - Setting next_dagrun for dataset_produces_1 to 2026-06-28 00:00:00+00:00, run_after=2026-06-29 00:00:00+00:00
[2026-06-29T21:59:12.314+0000] {logging_mixin.py:190} INFO - [2026-06-29T21:59:12.313+0000] {dag.py:4180} INFO - Setting next_dagrun for dataset_produces_2 to None, run_after=None
[2026-06-29T21:59:12.465+0000] {processor.py:208} INFO - Processing /home/airflow/.local/lib/python3.12/site-packages/airflow/example_dags/example_datasets.py took 1.792 seconds
[2026-06-29T21:59:42.815+0000] {processor.py:186} INFO - Started process (PID=159) to work on /home/airflow/.local/lib/python3.12/site-packages/airflow/example_dags/example_datasets.py
[2026-06-29T21:59:42.819+0000] {processor.py:914} INFO - Processing file /home/airflow/.local/lib/python3.12/site-packages/airflow/example_dags/example_datasets.py for tasks to queue
[2026-06-29T21:59:42.828+0000] {logging_mixin.py:190} INFO - [2026-06-29T21:59:42.827+0000] {dagbag.py:588} INFO - Filling up the DagBag from /home/airflow/.local/lib/python3.12/site-packages/airflow/example_dags/example_datasets.py
[2026-06-29T21:59:44.287+0000] {processor.py:925} INFO - DAG(s) 'dataset_consumes_unknown_never_scheduled', 'consume_1_or_both_2_and_3_with_dataset_expressions', 'dataset_consumes_1_never_scheduled', 'dataset_produces_1', 'consume_1_and_2_with_dataset_expressions', 'consume_1_or_2_with_dataset_expressions', 'dataset_consumes_1', 'conditional_dataset_and_time_based_timetable', 'dataset_consumes_1_and_2', 'dataset_produces_2' retrieved from /home/airflow/.local/lib/python3.12/site-packages/airflow/example_dags/example_datasets.py
[2026-06-29T21:59:44.415+0000] {logging_mixin.py:190} INFO - [2026-06-29T21:59:44.414+0000] {dag.py:3239} INFO - Sync 10 DAGs
[2026-06-29T21:59:44.498+0000] {logging_mixin.py:190} INFO - [2026-06-29T21:59:44.497+0000] {dag.py:4180} INFO - Setting next_dagrun for conditional_dataset_and_time_based_timetable to 2026-06-24 01:00:00+00:00, run_after=2026-06-24 01:00:00+00:00
[2026-06-29T21:59:44.509+0000] {logging_mixin.py:190} INFO - [2026-06-29T21:59:44.509+0000] {dag.py:4180} INFO - Setting next_dagrun for consume_1_and_2_with_dataset_expressions to None, run_after=None
[2026-06-29T21:59:44.518+0000] {logging_mixin.py:190} INFO - [2026-06-29T21:59:44.517+0000] {dag.py:4180} INFO - Setting next_dagrun for consume_1_or_2_with_dataset_expressions to None, run_after=None
[2026-06-29T21:59:44.524+0000] {logging_mixin.py:190} INFO - [2026-06-29T21:59:44.523+0000] {dag.py:4180} INFO - Setting next_dagrun for consume_1_or_both_2_and_3_with_dataset_expressions to None, run_after=None
[2026-06-29T21:59:44.534+0000] {logging_mixin.py:190} INFO - [2026-06-29T21:59:44.534+0000] {dag.py:4180} INFO - Setting next_dagrun for dataset_consumes_1 to None, run_after=None
[2026-06-29T21:59:44.540+0000] {logging_mixin.py:190} INFO - [2026-06-29T21:59:44.540+0000] {dag.py:4180} INFO - Setting next_dagrun for dataset_consumes_1_and_2 to None, run_after=None
[2026-06-29T21:59:44.544+0000] {logging_mixin.py:190} INFO - [2026-06-29T21:59:44.544+0000] {dag.py:4180} INFO - Setting next_dagrun for dataset_consumes_1_never_scheduled to None, run_after=None
[2026-06-29T21:59:44.552+0000] {logging_mixin.py:190} INFO - [2026-06-29T21:59:44.550+0000] {dag.py:4180} INFO - Setting next_dagrun for dataset_consumes_unknown_never_scheduled to None, run_after=None
[2026-06-29T21:59:44.562+0000] {logging_mixin.py:190} INFO - [2026-06-29T21:59:44.561+0000] {dag.py:4180} INFO - Setting next_dagrun for dataset_produces_1 to 2026-06-28 00:00:00+00:00, run_after=2026-06-29 00:00:00+00:00
[2026-06-29T21:59:44.568+0000] {logging_mixin.py:190} INFO - [2026-06-29T21:59:44.567+0000] {dag.py:4180} INFO - Setting next_dagrun for dataset_produces_2 to None, run_after=None
[2026-06-29T21:59:44.706+0000] {processor.py:208} INFO - Processing /home/airflow/.local/lib/python3.12/site-packages/airflow/example_dags/example_datasets.py took 1.924 seconds
[2026-06-29T22:00:15.004+0000] {processor.py:186} INFO - Started process (PID=222) to work on /home/airflow/.local/lib/python3.12/site-packages/airflow/example_dags/example_datasets.py
[2026-06-29T22:00:15.007+0000] {processor.py:914} INFO - Processing file /home/airflow/.local/lib/python3.12/site-packages/airflow/example_dags/example_datasets.py for tasks to queue
[2026-06-29T22:00:15.012+0000] {logging_mixin.py:190} INFO - [2026-06-29T22:00:15.011+0000] {dagbag.py:588} INFO - Filling up the DagBag from /home/airflow/.local/lib/python3.12/site-packages/airflow/example_dags/example_datasets.py
[2026-06-29T22:00:15.801+0000] {processor.py:925} INFO - DAG(s) 'dataset_consumes_1', 'dataset_consumes_unknown_never_scheduled', 'dataset_produces_1', 'dataset_consumes_1_never_scheduled', 'dataset_consumes_1_and_2', 'consume_1_or_2_with_dataset_expressions', 'consume_1_and_2_with_dataset_expressions', 'consume_1_or_both_2_and_3_with_dataset_expressions', 'dataset_produces_2', 'conditional_dataset_and_time_based_timetable' retrieved from /home/airflow/.local/lib/python3.12/site-packages/airflow/example_dags/example_datasets.py
[2026-06-29T22:00:15.874+0000] {logging_mixin.py:190} INFO - [2026-06-29T22:00:15.874+0000] {dag.py:3239} INFO - Sync 10 DAGs
[2026-06-29T22:00:15.913+0000] {logging_mixin.py:190} INFO - [2026-06-29T22:00:15.912+0000] {dag.py:4180} INFO - Setting next_dagrun for conditional_dataset_and_time_based_timetable to 2026-06-24 01:00:00+00:00, run_after=2026-06-24 01:00:00+00:00
[2026-06-29T22:00:15.921+0000] {logging_mixin.py:190} INFO - [2026-06-29T22:00:15.921+0000] {dag.py:4180} INFO - Setting next_dagrun for consume_1_and_2_with_dataset_expressions to None, run_after=None
[2026-06-29T22:00:15.926+0000] {logging_mixin.py:190} INFO - [2026-06-29T22:00:15.926+0000] {dag.py:4180} INFO - Setting next_dagrun for consume_1_or_2_with_dataset_expressions to None, run_after=None
[2026-06-29T22:00:15.930+0000] {logging_mixin.py:190} INFO - [2026-06-29T22:00:15.929+0000] {dag.py:4180} INFO - Setting next_dagrun for consume_1_or_both_2_and_3_with_dataset_expressions to None, run_after=None
[2026-06-29T22:00:15.933+0000] {logging_mixin.py:190} INFO - [2026-06-29T22:00:15.933+0000] {dag.py:4180} INFO - Setting next_dagrun for dataset_consumes_1 to None, run_after=None
[2026-06-29T22:00:15.937+0000] {logging_mixin.py:190} INFO - [2026-06-29T22:00:15.937+0000] {dag.py:4180} INFO - Setting next_dagrun for dataset_consumes_1_and_2 to None, run_after=None
[2026-06-29T22:00:15.942+0000] {logging_mixin.py:190} INFO - [2026-06-29T22:00:15.941+0000] {dag.py:4180} INFO - Setting next_dagrun for dataset_consumes_1_never_scheduled to None, run_after=None
[2026-06-29T22:00:15.946+0000] {logging_mixin.py:190} INFO - [2026-06-29T22:00:15.945+0000] {dag.py:4180} INFO - Setting next_dagrun for dataset_consumes_unknown_never_scheduled to None, run_after=None
[2026-06-29T22:00:15.950+0000] {logging_mixin.py:190} INFO - [2026-06-29T22:00:15.950+0000] {dag.py:4180} INFO - Setting next_dagrun for dataset_produces_1 to 2026-06-28 00:00:00+00:00, run_after=2026-06-29 00:00:00+00:00
[2026-06-29T22:00:15.955+0000] {logging_mixin.py:190} INFO - [2026-06-29T22:00:15.955+0000] {dag.py:4180} INFO - Setting next_dagrun for dataset_produces_2 to None, run_after=None
[2026-06-29T22:00:16.028+0000] {processor.py:208} INFO - Processing /home/airflow/.local/lib/python3.12/site-packages/airflow/example_dags/example_datasets.py took 1.034 seconds
[2026-06-29T22:00:46.632+0000] {processor.py:186} INFO - Started process (PID=286) to work on /home/airflow/.local/lib/python3.12/site-packages/airflow/example_dags/example_datasets.py
[2026-06-29T22:00:46.634+0000] {processor.py:914} INFO - Processing file /home/airflow/.local/lib/python3.12/site-packages/airflow/example_dags/example_datasets.py for tasks to queue
[2026-06-29T22:00:46.637+0000] {logging_mixin.py:190} INFO - [2026-06-29T22:00:46.637+0000] {dagbag.py:588} INFO - Filling up the DagBag from /home/airflow/.local/lib/python3.12/site-packages/airflow/example_dags/example_datasets.py
[2026-06-29T22:00:47.182+0000] {processor.py:925} INFO - DAG(s) 'dataset_consumes_1_and_2', 'dataset_produces_1', 'dataset_consumes_1', 'conditional_dataset_and_time_based_timetable', 'dataset_consumes_1_never_scheduled', 'consume_1_or_2_with_dataset_expressions', 'consume_1_and_2_with_dataset_expressions', 'consume_1_or_both_2_and_3_with_dataset_expressions', 'dataset_produces_2', 'dataset_consumes_unknown_never_scheduled' retrieved from /home/airflow/.local/lib/python3.12/site-packages/airflow/example_dags/example_datasets.py
[2026-06-29T22:00:47.223+0000] {logging_mixin.py:190} INFO - [2026-06-29T22:00:47.223+0000] {dag.py:3239} INFO - Sync 10 DAGs
[2026-06-29T22:00:47.245+0000] {logging_mixin.py:190} INFO - [2026-06-29T22:00:47.245+0000] {dag.py:4180} INFO - Setting next_dagrun for conditional_dataset_and_time_based_timetable to 2026-06-24 01:00:00+00:00, run_after=2026-06-24 01:00:00+00:00
[2026-06-29T22:00:47.249+0000] {logging_mixin.py:190} INFO - [2026-06-29T22:00:47.249+0000] {dag.py:4180} INFO - Setting next_dagrun for consume_1_and_2_with_dataset_expressions to None, run_after=None
[2026-06-29T22:00:47.251+0000] {logging_mixin.py:190} INFO - [2026-06-29T22:00:47.251+0000] {dag.py:4180} INFO - Setting next_dagrun for consume_1_or_2_with_dataset_expressions to None, run_after=None
[2026-06-29T22:00:47.253+0000] {logging_mixin.py:190} INFO - [2026-06-29T22:00:47.253+0000] {dag.py:4180} INFO - Setting next_dagrun for consume_1_or_both_2_and_3_with_dataset_expressions to None, run_after=None
[2026-06-29T22:00:47.255+0000] {logging_mixin.py:190} INFO - [2026-06-29T22:00:47.254+0000] {dag.py:4180} INFO - Setting next_dagrun for dataset_consumes_1 to None, run_after=None
[2026-06-29T22:00:47.256+0000] {logging_mixin.py:190} INFO - [2026-06-29T22:00:47.256+0000] {dag.py:4180} INFO - Setting next_dagrun for dataset_consumes_1_and_2 to None, run_after=None
[2026-06-29T22:00:47.258+0000] {logging_mixin.py:190} INFO - [2026-06-29T22:00:47.258+0000] {dag.py:4180} INFO - Setting next_dagrun for dataset_consumes_1_never_scheduled to None, run_after=None
[2026-06-29T22:00:47.260+0000] {logging_mixin.py:190} INFO - [2026-06-29T22:00:47.260+0000] {dag.py:4180} INFO - Setting next_dagrun for dataset_consumes_unknown_never_scheduled to None, run_after=None
[2026-06-29T22:00:47.263+0000] {logging_mixin.py:190} INFO - [2026-06-29T22:00:47.263+0000] {dag.py:4180} INFO - Setting next_dagrun for dataset_produces_1 to 2026-06-28 00:00:00+00:00, run_after=2026-06-29 00:00:00+00:00
[2026-06-29T22:00:47.265+0000] {logging_mixin.py:190} INFO - [2026-06-29T22:00:47.265+0000] {dag.py:4180} INFO - Setting next_dagrun for dataset_produces_2 to None, run_after=None
[2026-06-29T22:00:47.295+0000] {processor.py:208} INFO - Processing /home/airflow/.local/lib/python3.12/site-packages/airflow/example_dags/example_datasets.py took 0.669 seconds
[2026-06-29T22:01:17.482+0000] {processor.py:186} INFO - Started process (PID=351) to work on /home/airflow/.local/lib/python3.12/site-packages/airflow/example_dags/example_datasets.py
[2026-06-29T22:01:17.485+0000] {processor.py:914} INFO - Processing file /home/airflow/.local/lib/python3.12/site-packages/airflow/example_dags/example_datasets.py for tasks to queue
[2026-06-29T22:01:17.490+0000] {logging_mixin.py:190} INFO - [2026-06-29T22:01:17.489+0000] {dagbag.py:588} INFO - Filling up the DagBag from /home/airflow/.local/lib/python3.12/site-packages/airflow/example_dags/example_datasets.py
[2026-06-29T22:01:18.129+0000] {processor.py:925} INFO - DAG(s) 'dataset_consumes_unknown_never_scheduled', 'dataset_consumes_1_never_scheduled', 'consume_1_or_both_2_and_3_with_dataset_expressions', 'dataset_produces_2', 'consume_1_or_2_with_dataset_expressions', 'consume_1_and_2_with_dataset_expressions', 'dataset_produces_1', 'conditional_dataset_and_time_based_timetable', 'dataset_consumes_1_and_2', 'dataset_consumes_1' retrieved from /home/airflow/.local/lib/python3.12/site-packages/airflow/example_dags/example_datasets.py
[2026-06-29T22:01:18.191+0000] {logging_mixin.py:190} INFO - [2026-06-29T22:01:18.190+0000] {dag.py:3239} INFO - Sync 10 DAGs
[2026-06-29T22:01:18.222+0000] {logging_mixin.py:190} INFO - [2026-06-29T22:01:18.222+0000] {dag.py:4180} INFO - Setting next_dagrun for conditional_dataset_and_time_based_timetable to 2026-06-24 01:00:00+00:00, run_after=2026-06-24 01:00:00+00:00
[2026-06-29T22:01:18.227+0000] {logging_mixin.py:190} INFO - [2026-06-29T22:01:18.227+0000] {dag.py:4180} INFO - Setting next_dagrun for consume_1_and_2_with_dataset_expressions to None, run_after=None
[2026-06-29T22:01:18.230+0000] {logging_mixin.py:190} INFO - [2026-06-29T22:01:18.230+0000] {dag.py:4180} INFO - Setting next_dagrun for consume_1_or_2_with_dataset_expressions to None, run_after=None
[2026-06-29T22:01:18.232+0000] {logging_mixin.py:190} INFO - [2026-06-29T22:01:18.232+0000] {dag.py:4180} INFO - Setting next_dagrun for consume_1_or_both_2_and_3_with_dataset_expressions to None, run_after=None
[2026-06-29T22:01:18.234+0000] {logging_mixin.py:190} INFO - [2026-06-29T22:01:18.234+0000] {dag.py:4180} INFO - Setting next_dagrun for dataset_consumes_1 to None, run_after=None
[2026-06-29T22:01:18.236+0000] {logging_mixin.py:190} INFO - [2026-06-29T22:01:18.236+0000] {dag.py:4180} INFO - Setting next_dagrun for dataset_consumes_1_and_2 to None, run_after=None
[2026-06-29T22:01:18.239+0000] {logging_mixin.py:190} INFO - [2026-06-29T22:01:18.239+0000] {dag.py:4180} INFO - Setting next_dagrun for dataset_consumes_1_never_scheduled to None, run_after=None
[2026-06-29T22:01:18.241+0000] {logging_mixin.py:190} INFO - [2026-06-29T22:01:18.241+0000] {dag.py:4180} INFO - Setting next_dagrun for dataset_consumes_unknown_never_scheduled to None, run_after=None
[2026-06-29T22:01:18.245+0000] {logging_mixin.py:190} INFO - [2026-06-29T22:01:18.245+0000] {dag.py:4180} INFO - Setting next_dagrun for dataset_produces_1 to 2026-06-28 00:00:00+00:00, run_after=2026-06-29 00:00:00+00:00
[2026-06-29T22:01:18.247+0000] {logging_mixin.py:190} INFO - [2026-06-29T22:01:18.247+0000] {dag.py:4180} INFO - Setting next_dagrun for dataset_produces_2 to None, run_after=None
[2026-06-29T22:01:18.294+0000] {processor.py:208} INFO - Processing /home/airflow/.local/lib/python3.12/site-packages/airflow/example_dags/example_datasets.py took 0.823 seconds
[2026-06-29T22:01:49.167+0000] {processor.py:186} INFO - Started process (PID=414) to work on /home/airflow/.local/lib/python3.12/site-packages/airflow/example_dags/example_datasets.py
[2026-06-29T22:01:49.169+0000] {processor.py:914} INFO - Processing file /home/airflow/.local/lib/python3.12/site-packages/airflow/example_dags/example_datasets.py for tasks to queue
[2026-06-29T22:01:49.172+0000] {logging_mixin.py:190} INFO - [2026-06-29T22:01:49.172+0000] {dagbag.py:588} INFO - Filling up the DagBag from /home/airflow/.local/lib/python3.12/site-packages/airflow/example_dags/example_datasets.py
[2026-06-29T22:01:49.766+0000] {processor.py:925} INFO - DAG(s) 'dataset_consumes_1_never_scheduled', 'consume_1_or_both_2_and_3_with_dataset_expressions', 'dataset_consumes_1_and_2', 'dataset_consumes_1', 'dataset_produces_2', 'consume_1_and_2_with_dataset_expressions', 'dataset_consumes_unknown_never_scheduled', 'consume_1_or_2_with_dataset_expressions', 'dataset_produces_1', 'conditional_dataset_and_time_based_timetable' retrieved from /home/airflow/.local/lib/python3.12/site-packages/airflow/example_dags/example_datasets.py
[2026-06-29T22:01:49.815+0000] {logging_mixin.py:190} INFO - [2026-06-29T22:01:49.815+0000] {dag.py:3239} INFO - Sync 10 DAGs
[2026-06-29T22:01:49.837+0000] {logging_mixin.py:190} INFO - [2026-06-29T22:01:49.837+0000] {dag.py:4180} INFO - Setting next_dagrun for conditional_dataset_and_time_based_timetable to 2026-06-24 01:00:00+00:00, run_after=2026-06-24 01:00:00+00:00
[2026-06-29T22:01:49.843+0000] {logging_mixin.py:190} INFO - [2026-06-29T22:01:49.842+0000] {dag.py:4180} INFO - Setting next_dagrun for consume_1_and_2_with_dataset_expressions to None, run_after=None
[2026-06-29T22:01:49.845+0000] {logging_mixin.py:190} INFO - [2026-06-29T22:01:49.845+0000] {dag.py:4180} INFO - Setting next_dagrun for consume_1_or_2_with_dataset_expressions to None, run_after=None
[2026-06-29T22:01:49.847+0000] {logging_mixin.py:190} INFO - [2026-06-29T22:01:49.846+0000] {dag.py:4180} INFO - Setting next_dagrun for consume_1_or_both_2_and_3_with_dataset_expressions to None, run_after=None
[2026-06-29T22:01:49.848+0000] {logging_mixin.py:190} INFO - [2026-06-29T22:01:49.848+0000] {dag.py:4180} INFO - Setting next_dagrun for dataset_consumes_1 to None, run_after=None
[2026-06-29T22:01:49.850+0000] {logging_mixin.py:190} INFO - [2026-06-29T22:01:49.850+0000] {dag.py:4180} INFO - Setting next_dagrun for dataset_consumes_1_and_2 to None, run_after=None
[2026-06-29T22:01:49.852+0000] {logging_mixin.py:190} INFO - [2026-06-29T22:01:49.852+0000] {dag.py:4180} INFO - Setting next_dagrun for dataset_consumes_1_never_scheduled to None, run_after=None
[2026-06-29T22:01:49.854+0000] {logging_mixin.py:190} INFO - [2026-06-29T22:01:49.854+0000] {dag.py:4180} INFO - Setting next_dagrun for dataset_consumes_unknown_never_scheduled to None, run_after=None
[2026-06-29T22:01:49.857+0000] {logging_mixin.py:190} INFO - [2026-06-29T22:01:49.857+0000] {dag.py:4180} INFO - Setting next_dagrun for dataset_produces_1 to 2026-06-28 00:00:00+00:00, run_after=2026-06-29 00:00:00+00:00
[2026-06-29T22:01:49.859+0000] {logging_mixin.py:190} INFO - [2026-06-29T22:01:49.859+0000] {dag.py:4180} INFO - Setting next_dagrun for dataset_produces_2 to None, run_after=None
[2026-06-29T22:01:49.894+0000] {processor.py:208} INFO - Processing /home/airflow/.local/lib/python3.12/site-packages/airflow/example_dags/example_datasets.py took 0.733 seconds
[2026-06-29T22:02:20.563+0000] {processor.py:186} INFO - Started process (PID=479) to work on /home/airflow/.local/lib/python3.12/site-packages/airflow/example_dags/example_datasets.py
[2026-06-29T22:02:20.565+0000] {processor.py:914} INFO - Processing file /home/airflow/.local/lib/python3.12/site-packages/airflow/example_dags/example_datasets.py for tasks to queue
[2026-06-29T22:02:20.570+0000] {logging_mixin.py:190} INFO - [2026-06-29T22:02:20.569+0000] {dagbag.py:588} INFO - Filling up the DagBag from /home/airflow/.local/lib/python3.12/site-packages/airflow/example_dags/example_datasets.py
[2026-06-29T22:02:21.538+0000] {processor.py:925} INFO - DAG(s) 'dataset_produces_1', 'dataset_consumes_1', 'dataset_consumes_1_never_scheduled', 'dataset_produces_2', 'consume_1_and_2_with_dataset_expressions', 'dataset_consumes_1_and_2', 'consume_1_or_both_2_and_3_with_dataset_expressions', 'dataset_consumes_unknown_never_scheduled', 'conditional_dataset_and_time_based_timetable', 'consume_1_or_2_with_dataset_expressions' retrieved from /home/airflow/.local/lib/python3.12/site-packages/airflow/example_dags/example_datasets.py
[2026-06-29T22:02:21.649+0000] {logging_mixin.py:190} INFO - [2026-06-29T22:02:21.648+0000] {dag.py:3239} INFO - Sync 10 DAGs
[2026-06-29T22:02:21.698+0000] {logging_mixin.py:190} INFO - [2026-06-29T22:02:21.698+0000] {dag.py:4180} INFO - Setting next_dagrun for conditional_dataset_and_time_based_timetable to 2026-06-24 01:00:00+00:00, run_after=2026-06-24 01:00:00+00:00
[2026-06-29T22:02:21.709+0000] {logging_mixin.py:190} INFO - [2026-06-29T22:02:21.708+0000] {dag.py:4180} INFO - Setting next_dagrun for consume_1_and_2_with_dataset_expressions to None, run_after=None
[2026-06-29T22:02:21.713+0000] {logging_mixin.py:190} INFO - [2026-06-29T22:02:21.713+0000] {dag.py:4180} INFO - Setting next_dagrun for consume_1_or_2_with_dataset_expressions to None, run_after=None
[2026-06-29T22:02:21.719+0000] {logging_mixin.py:190} INFO - [2026-06-29T22:02:21.718+0000] {dag.py:4180} INFO - Setting next_dagrun for consume_1_or_both_2_and_3_with_dataset_expressions to None, run_after=None
[2026-06-29T22:02:21.723+0000] {logging_mixin.py:190} INFO - [2026-06-29T22:02:21.722+0000] {dag.py:4180} INFO - Setting next_dagrun for dataset_consumes_1 to None, run_after=None
[2026-06-29T22:02:21.728+0000] {logging_mixin.py:190} INFO - [2026-06-29T22:02:21.728+0000] {dag.py:4180} INFO - Setting next_dagrun for dataset_consumes_1_and_2 to None, run_after=None
[2026-06-29T22:02:21.734+0000] {logging_mixin.py:190} INFO - [2026-06-29T22:02:21.733+0000] {dag.py:4180} INFO - Setting next_dagrun for dataset_consumes_1_never_scheduled to None, run_after=None
[2026-06-29T22:02:21.739+0000] {logging_mixin.py:190} INFO - [2026-06-29T22:02:21.739+0000] {dag.py:4180} INFO - Setting next_dagrun for dataset_consumes_unknown_never_scheduled to None, run_after=None
[2026-06-29T22:02:21.751+0000] {logging_mixin.py:190} INFO - [2026-06-29T22:02:21.750+0000] {dag.py:4180} INFO - Setting next_dagrun for dataset_produces_1 to 2026-06-28 00:00:00+00:00, run_after=2026-06-29 00:00:00+00:00
[2026-06-29T22:02:21.756+0000] {logging_mixin.py:190} INFO - [2026-06-29T22:02:21.756+0000] {dag.py:4180} INFO - Setting next_dagrun for dataset_produces_2 to None, run_after=None
[2026-06-29T22:02:21.846+0000] {processor.py:208} INFO - Processing /home/airflow/.local/lib/python3.12/site-packages/airflow/example_dags/example_datasets.py took 1.293 seconds
[2026-06-29T22:02:55.112+0000] {processor.py:186} INFO - Started process (PID=543) to work on /home/airflow/.local/lib/python3.12/site-packages/airflow/example_dags/example_datasets.py
[2026-06-29T22:02:55.121+0000] {processor.py:914} INFO - Processing file /home/airflow/.local/lib/python3.12/site-packages/airflow/example_dags/example_datasets.py for tasks to queue
[2026-06-29T22:02:55.136+0000] {logging_mixin.py:190} INFO - [2026-06-29T22:02:55.135+0000] {dagbag.py:588} INFO - Filling up the DagBag from /home/airflow/.local/lib/python3.12/site-packages/airflow/example_dags/example_datasets.py
[2026-06-29T22:02:57.060+0000] {processor.py:925} INFO - DAG(s) 'dataset_consumes_1_never_scheduled', 'dataset_consumes_unknown_never_scheduled', 'conditional_dataset_and_time_based_timetable', 'dataset_consumes_1_and_2', 'dataset_produces_1', 'consume_1_or_both_2_and_3_with_dataset_expressions', 'dataset_produces_2', 'dataset_consumes_1', 'consume_1_and_2_with_dataset_expressions', 'consume_1_or_2_with_dataset_expressions' retrieved from /home/airflow/.local/lib/python3.12/site-packages/airflow/example_dags/example_datasets.py
[2026-06-29T22:02:57.190+0000] {logging_mixin.py:190} INFO - [2026-06-29T22:02:57.189+0000] {dag.py:3239} INFO - Sync 10 DAGs
[2026-06-29T22:02:57.276+0000] {logging_mixin.py:190} INFO - [2026-06-29T22:02:57.275+0000] {dag.py:4180} INFO - Setting next_dagrun for conditional_dataset_and_time_based_timetable to 2026-06-24 01:00:00+00:00, run_after=2026-06-24 01:00:00+00:00
[2026-06-29T22:02:57.286+0000] {logging_mixin.py:190} INFO - [2026-06-29T22:02:57.285+0000] {dag.py:4180} INFO - Setting next_dagrun for consume_1_and_2_with_dataset_expressions to None, run_after=None
[2026-06-29T22:02:57.291+0000] {logging_mixin.py:190} INFO - [2026-06-29T22:02:57.290+0000] {dag.py:4180} INFO - Setting next_dagrun for consume_1_or_2_with_dataset_expressions to None, run_after=None
[2026-06-29T22:02:57.301+0000] {logging_mixin.py:190} INFO - [2026-06-29T22:02:57.300+0000] {dag.py:4180} INFO - Setting next_dagrun for consume_1_or_both_2_and_3_with_dataset_expressions to None, run_after=None
[2026-06-29T22:02:57.307+0000] {logging_mixin.py:190} INFO - [2026-06-29T22:02:57.307+0000] {dag.py:4180} INFO - Setting next_dagrun for dataset_consumes_1 to None, run_after=None
[2026-06-29T22:02:57.313+0000] {logging_mixin.py:190} INFO - [2026-06-29T22:02:57.312+0000] {dag.py:4180} INFO - Setting next_dagrun for dataset_consumes_1_and_2 to None, run_after=None
[2026-06-29T22:02:57.321+0000] {logging_mixin.py:190} INFO - [2026-06-29T22:02:57.320+0000] {dag.py:4180} INFO - Setting next_dagrun for dataset_consumes_1_never_scheduled to None, run_after=None
[2026-06-29T22:02:57.325+0000] {logging_mixin.py:190} INFO - [2026-06-29T22:02:57.325+0000] {dag.py:4180} INFO - Setting next_dagrun for dataset_consumes_unknown_never_scheduled to None, run_after=None
[2026-06-29T22:02:57.335+0000] {logging_mixin.py:190} INFO - [2026-06-29T22:02:57.334+0000] {dag.py:4180} INFO - Setting next_dagrun for dataset_produces_1 to 2026-06-28 00:00:00+00:00, run_after=2026-06-29 00:00:00+00:00
[2026-06-29T22:02:57.339+0000] {logging_mixin.py:190} INFO - [2026-06-29T22:02:57.339+0000] {dag.py:4180} INFO - Setting next_dagrun for dataset_produces_2 to None, run_after=None
[2026-06-29T22:02:57.451+0000] {processor.py:208} INFO - Processing /home/airflow/.local/lib/python3.12/site-packages/airflow/example_dags/example_datasets.py took 2.359 seconds
[2026-06-29T22:03:27.586+0000] {processor.py:186} INFO - Started process (PID=606) to work on /home/airflow/.local/lib/python3.12/site-packages/airflow/example_dags/example_datasets.py
[2026-06-29T22:03:27.588+0000] {processor.py:914} INFO - Processing file /home/airflow/.local/lib/python3.12/site-packages/airflow/example_dags/example_datasets.py for tasks to queue
[2026-06-29T22:03:27.592+0000] {logging_mixin.py:190} INFO - [2026-06-29T22:03:27.591+0000] {dagbag.py:588} INFO - Filling up the DagBag from /home/airflow/.local/lib/python3.12/site-packages/airflow/example_dags/example_datasets.py
[2026-06-29T22:03:28.424+0000] {processor.py:925} INFO - DAG(s) 'dataset_produces_1', 'dataset_consumes_1', 'consume_1_or_both_2_and_3_with_dataset_expressions', 'dataset_consumes_1_and_2', 'consume_1_or_2_with_dataset_expressions', 'consume_1_and_2_with_dataset_expressions', 'dataset_consumes_unknown_never_scheduled', 'conditional_dataset_and_time_based_timetable', 'dataset_consumes_1_never_scheduled', 'dataset_produces_2' retrieved from /home/airflow/.local/lib/python3.12/site-packages/airflow/example_dags/example_datasets.py
[2026-06-29T22:03:28.496+0000] {logging_mixin.py:190} INFO - [2026-06-29T22:03:28.495+0000] {dag.py:3239} INFO - Sync 10 DAGs
[2026-06-29T22:03:28.537+0000] {logging_mixin.py:190} INFO - [2026-06-29T22:03:28.537+0000] {dag.py:4180} INFO - Setting next_dagrun for conditional_dataset_and_time_based_timetable to 2026-06-24 01:00:00+00:00, run_after=2026-06-24 01:00:00+00:00
[2026-06-29T22:03:28.542+0000] {logging_mixin.py:190} INFO - [2026-06-29T22:03:28.542+0000] {dag.py:4180} INFO - Setting next_dagrun for consume_1_and_2_with_dataset_expressions to None, run_after=None
[2026-06-29T22:03:28.548+0000] {logging_mixin.py:190} INFO - [2026-06-29T22:03:28.547+0000] {dag.py:4180} INFO - Setting next_dagrun for consume_1_or_2_with_dataset_expressions to None, run_after=None
[2026-06-29T22:03:28.551+0000] {logging_mixin.py:190} INFO - [2026-06-29T22:03:28.551+0000] {dag.py:4180} INFO - Setting next_dagrun for consume_1_or_both_2_and_3_with_dataset_expressions to None, run_after=None
[2026-06-29T22:03:28.555+0000] {logging_mixin.py:190} INFO - [2026-06-29T22:03:28.555+0000] {dag.py:4180} INFO - Setting next_dagrun for dataset_consumes_1 to None, run_after=None
[2026-06-29T22:03:28.559+0000] {logging_mixin.py:190} INFO - [2026-06-29T22:03:28.558+0000] {dag.py:4180} INFO - Setting next_dagrun for dataset_consumes_1_and_2 to None, run_after=None
[2026-06-29T22:03:28.564+0000] {logging_mixin.py:190} INFO - [2026-06-29T22:03:28.563+0000] {dag.py:4180} INFO - Setting next_dagrun for dataset_consumes_1_never_scheduled to None, run_after=None
[2026-06-29T22:03:28.568+0000] {logging_mixin.py:190} INFO - [2026-06-29T22:03:28.568+0000] {dag.py:4180} INFO - Setting next_dagrun for dataset_consumes_unknown_never_scheduled to None, run_after=None
[2026-06-29T22:03:28.572+0000] {logging_mixin.py:190} INFO - [2026-06-29T22:03:28.571+0000] {dag.py:4180} INFO - Setting next_dagrun for dataset_produces_1 to 2026-06-28 00:00:00+00:00, run_after=2026-06-29 00:00:00+00:00
[2026-06-29T22:03:28.575+0000] {logging_mixin.py:190} INFO - [2026-06-29T22:03:28.575+0000] {dag.py:4180} INFO - Setting next_dagrun for dataset_produces_2 to None, run_after=None
[2026-06-29T22:03:28.650+0000] {processor.py:208} INFO - Processing /home/airflow/.local/lib/python3.12/site-packages/airflow/example_dags/example_datasets.py took 1.073 seconds
[2026-06-29T22:03:59.397+0000] {processor.py:186} INFO - Started process (PID=669) to work on /home/airflow/.local/lib/python3.12/site-packages/airflow/example_dags/example_datasets.py
[2026-06-29T22:03:59.400+0000] {processor.py:914} INFO - Processing file /home/airflow/.local/lib/python3.12/site-packages/airflow/example_dags/example_datasets.py for tasks to queue
[2026-06-29T22:03:59.408+0000] {logging_mixin.py:190} INFO - [2026-06-29T22:03:59.406+0000] {dagbag.py:588} INFO - Filling up the DagBag from /home/airflow/.local/lib/python3.12/site-packages/airflow/example_dags/example_datasets.py
[2026-06-29T22:04:00.824+0000] {processor.py:925} INFO - DAG(s) 'conditional_dataset_and_time_based_timetable', 'dataset_consumes_1', 'dataset_consumes_1_never_scheduled', 'consume_1_or_2_with_dataset_expressions', 'dataset_consumes_unknown_never_scheduled', 'dataset_produces_1', 'dataset_produces_2', 'dataset_consumes_1_and_2', 'consume_1_or_both_2_and_3_with_dataset_expressions', 'consume_1_and_2_with_dataset_expressions' retrieved from /home/airflow/.local/lib/python3.12/site-packages/airflow/example_dags/example_datasets.py
[2026-06-29T22:04:00.898+0000] {logging_mixin.py:190} INFO - [2026-06-29T22:04:00.897+0000] {dag.py:3239} INFO - Sync 10 DAGs
[2026-06-29T22:04:00.940+0000] {logging_mixin.py:190} INFO - [2026-06-29T22:04:00.939+0000] {dag.py:4180} INFO - Setting next_dagrun for conditional_dataset_and_time_based_timetable to 2026-06-24 01:00:00+00:00, run_after=2026-06-24 01:00:00+00:00
[2026-06-29T22:04:00.947+0000] {logging_mixin.py:190} INFO - [2026-06-29T22:04:00.947+0000] {dag.py:4180} INFO - Setting next_dagrun for consume_1_and_2_with_dataset_expressions to None, run_after=None
[2026-06-29T22:04:00.951+0000] {logging_mixin.py:190} INFO - [2026-06-29T22:04:00.950+0000] {dag.py:4180} INFO - Setting next_dagrun for consume_1_or_2_with_dataset_expressions to None, run_after=None
[2026-06-29T22:04:00.954+0000] {logging_mixin.py:190} INFO - [2026-06-29T22:04:00.954+0000] {dag.py:4180} INFO - Setting next_dagrun for consume_1_or_both_2_and_3_with_dataset_expressions to None, run_after=None
[2026-06-29T22:04:00.958+0000] {logging_mixin.py:190} INFO - [2026-06-29T22:04:00.958+0000] {dag.py:4180} INFO - Setting next_dagrun for dataset_consumes_1 to None, run_after=None
[2026-06-29T22:04:00.962+0000] {logging_mixin.py:190} INFO - [2026-06-29T22:04:00.961+0000] {dag.py:4180} INFO - Setting next_dagrun for dataset_consumes_1_and_2 to None, run_after=None
[2026-06-29T22:04:00.965+0000] {logging_mixin.py:190} INFO - [2026-06-29T22:04:00.965+0000] {dag.py:4180} INFO - Setting next_dagrun for dataset_consumes_1_never_scheduled to None, run_after=None
[2026-06-29T22:04:00.969+0000] {logging_mixin.py:190} INFO - [2026-06-29T22:04:00.968+0000] {dag.py:4180} INFO - Setting next_dagrun for dataset_consumes_unknown_never_scheduled to None, run_after=None
[2026-06-29T22:04:00.976+0000] {logging_mixin.py:190} INFO - [2026-06-29T22:04:00.976+0000] {dag.py:4180} INFO - Setting next_dagrun for dataset_produces_1 to 2026-06-28 00:00:00+00:00, run_after=2026-06-29 00:00:00+00:00
[2026-06-29T22:04:00.980+0000] {logging_mixin.py:190} INFO - [2026-06-29T22:04:00.979+0000] {dag.py:4180} INFO - Setting next_dagrun for dataset_produces_2 to None, run_after=None
[2026-06-29T22:04:01.051+0000] {processor.py:208} INFO - Processing /home/airflow/.local/lib/python3.12/site-packages/airflow/example_dags/example_datasets.py took 1.668 seconds
[2026-06-29T22:04:32.395+0000] {processor.py:186} INFO - Started process (PID=735) to work on /home/airflow/.local/lib/python3.12/site-packages/airflow/example_dags/example_datasets.py
[2026-06-29T22:04:32.401+0000] {processor.py:914} INFO - Processing file /home/airflow/.local/lib/python3.12/site-packages/airflow/example_dags/example_datasets.py for tasks to queue
[2026-06-29T22:04:32.421+0000] {logging_mixin.py:190} INFO - [2026-06-29T22:04:32.420+0000] {dagbag.py:588} INFO - Filling up the DagBag from /home/airflow/.local/lib/python3.12/site-packages/airflow/example_dags/example_datasets.py
[2026-06-29T22:04:35.837+0000] {processor.py:925} INFO - DAG(s) 'conditional_dataset_and_time_based_timetable', 'dataset_consumes_1', 'dataset_consumes_1_never_scheduled', 'dataset_produces_1', 'consume_1_or_2_with_dataset_expressions', 'consume_1_or_both_2_and_3_with_dataset_expressions', 'dataset_consumes_unknown_never_scheduled', 'consume_1_and_2_with_dataset_expressions', 'dataset_consumes_1_and_2', 'dataset_produces_2' retrieved from /home/airflow/.local/lib/python3.12/site-packages/airflow/example_dags/example_datasets.py
[2026-06-29T22:04:36.029+0000] {logging_mixin.py:190} INFO - [2026-06-29T22:04:36.028+0000] {dag.py:3239} INFO - Sync 10 DAGs
[2026-06-29T22:04:36.121+0000] {logging_mixin.py:190} INFO - [2026-06-29T22:04:36.121+0000] {dag.py:4180} INFO - Setting next_dagrun for conditional_dataset_and_time_based_timetable to 2026-06-24 01:00:00+00:00, run_after=2026-06-24 01:00:00+00:00
[2026-06-29T22:04:36.133+0000] {logging_mixin.py:190} INFO - [2026-06-29T22:04:36.132+0000] {dag.py:4180} INFO - Setting next_dagrun for consume_1_and_2_with_dataset_expressions to None, run_after=None
[2026-06-29T22:04:36.138+0000] {logging_mixin.py:190} INFO - [2026-06-29T22:04:36.137+0000] {dag.py:4180} INFO - Setting next_dagrun for consume_1_or_2_with_dataset_expressions to None, run_after=None
[2026-06-29T22:04:36.142+0000] {logging_mixin.py:190} INFO - [2026-06-29T22:04:36.142+0000] {dag.py:4180} INFO - Setting next_dagrun for consume_1_or_both_2_and_3_with_dataset_expressions to None, run_after=None
[2026-06-29T22:04:36.150+0000] {logging_mixin.py:190} INFO - [2026-06-29T22:04:36.150+0000] {dag.py:4180} INFO - Setting next_dagrun for dataset_consumes_1 to None, run_after=None
[2026-06-29T22:04:36.155+0000] {logging_mixin.py:190} INFO - [2026-06-29T22:04:36.155+0000] {dag.py:4180} INFO - Setting next_dagrun for dataset_consumes_1_and_2 to None, run_after=None
[2026-06-29T22:04:36.160+0000] {logging_mixin.py:190} INFO - [2026-06-29T22:04:36.159+0000] {dag.py:4180} INFO - Setting next_dagrun for dataset_consumes_1_never_scheduled to None, run_after=None
[2026-06-29T22:04:36.165+0000] {logging_mixin.py:190} INFO - [2026-06-29T22:04:36.164+0000] {dag.py:4180} INFO - Setting next_dagrun for dataset_consumes_unknown_never_scheduled to None, run_after=None
[2026-06-29T22:04:36.173+0000] {logging_mixin.py:190} INFO - [2026-06-29T22:04:36.172+0000] {dag.py:4180} INFO - Setting next_dagrun for dataset_produces_1 to 2026-06-28 00:00:00+00:00, run_after=2026-06-29 00:00:00+00:00
[2026-06-29T22:04:36.178+0000] {logging_mixin.py:190} INFO - [2026-06-29T22:04:36.177+0000] {dag.py:4180} INFO - Setting next_dagrun for dataset_produces_2 to None, run_after=None
[2026-06-29T22:04:36.312+0000] {processor.py:208} INFO - Processing /home/airflow/.local/lib/python3.12/site-packages/airflow/example_dags/example_datasets.py took 3.928 seconds
[2026-06-29T22:05:06.960+0000] {processor.py:186} INFO - Started process (PID=807) to work on /home/airflow/.local/lib/python3.12/site-packages/airflow/example_dags/example_datasets.py
[2026-06-29T22:05:06.963+0000] {processor.py:914} INFO - Processing file /home/airflow/.local/lib/python3.12/site-packages/airflow/example_dags/example_datasets.py for tasks to queue
[2026-06-29T22:05:06.967+0000] {logging_mixin.py:190} INFO - [2026-06-29T22:05:06.966+0000] {dagbag.py:588} INFO - Filling up the DagBag from /home/airflow/.local/lib/python3.12/site-packages/airflow/example_dags/example_datasets.py
[2026-06-29T22:05:07.609+0000] {processor.py:925} INFO - DAG(s) 'dataset_consumes_1_never_scheduled', 'consume_1_or_2_with_dataset_expressions', 'dataset_consumes_1', 'dataset_produces_1', 'dataset_consumes_unknown_never_scheduled', 'consume_1_or_both_2_and_3_with_dataset_expressions', 'consume_1_and_2_with_dataset_expressions', 'dataset_consumes_1_and_2', 'dataset_produces_2', 'conditional_dataset_and_time_based_timetable' retrieved from /home/airflow/.local/lib/python3.12/site-packages/airflow/example_dags/example_datasets.py
[2026-06-29T22:05:07.655+0000] {logging_mixin.py:190} INFO - [2026-06-29T22:05:07.655+0000] {dag.py:3239} INFO - Sync 10 DAGs
[2026-06-29T22:05:07.685+0000] {logging_mixin.py:190} INFO - [2026-06-29T22:05:07.684+0000] {dag.py:4180} INFO - Setting next_dagrun for conditional_dataset_and_time_based_timetable to 2026-06-24 01:00:00+00:00, run_after=2026-06-24 01:00:00+00:00
[2026-06-29T22:05:07.690+0000] {logging_mixin.py:190} INFO - [2026-06-29T22:05:07.689+0000] {dag.py:4180} INFO - Setting next_dagrun for consume_1_and_2_with_dataset_expressions to None, run_after=None
[2026-06-29T22:05:07.692+0000] {logging_mixin.py:190} INFO - [2026-06-29T22:05:07.692+0000] {dag.py:4180} INFO - Setting next_dagrun for consume_1_or_2_with_dataset_expressions to None, run_after=None
[2026-06-29T22:05:07.694+0000] {logging_mixin.py:190} INFO - [2026-06-29T22:05:07.694+0000] {dag.py:4180} INFO - Setting next_dagrun for consume_1_or_both_2_and_3_with_dataset_expressions to None, run_after=None
[2026-06-29T22:05:07.696+0000] {logging_mixin.py:190} INFO - [2026-06-29T22:05:07.696+0000] {dag.py:4180} INFO - Setting next_dagrun for dataset_consumes_1 to None, run_after=None
[2026-06-29T22:05:07.698+0000] {logging_mixin.py:190} INFO - [2026-06-29T22:05:07.698+0000] {dag.py:4180} INFO - Setting next_dagrun for dataset_consumes_1_and_2 to None, run_after=None
[2026-06-29T22:05:07.700+0000] {logging_mixin.py:190} INFO - [2026-06-29T22:05:07.700+0000] {dag.py:4180} INFO - Setting next_dagrun for dataset_consumes_1_never_scheduled to None, run_after=None
[2026-06-29T22:05:07.702+0000] {logging_mixin.py:190} INFO - [2026-06-29T22:05:07.702+0000] {dag.py:4180} INFO - Setting next_dagrun for dataset_consumes_unknown_never_scheduled to None, run_after=None
[2026-06-29T22:05:07.705+0000] {logging_mixin.py:190} INFO - [2026-06-29T22:05:07.705+0000] {dag.py:4180} INFO - Setting next_dagrun for dataset_produces_1 to 2026-06-28 00:00:00+00:00, run_after=2026-06-29 00:00:00+00:00
[2026-06-29T22:05:07.707+0000] {logging_mixin.py:190} INFO - [2026-06-29T22:05:07.707+0000] {dag.py:4180} INFO - Setting next_dagrun for dataset_produces_2 to None, run_after=None
[2026-06-29T22:05:07.741+0000] {processor.py:208} INFO - Processing /home/airflow/.local/lib/python3.12/site-packages/airflow/example_dags/example_datasets.py took 0.788 seconds
[2026-06-29T22:05:38.602+0000] {processor.py:186} INFO - Started process (PID=873) to work on /home/airflow/.local/lib/python3.12/site-packages/airflow/example_dags/example_datasets.py
[2026-06-29T22:05:38.603+0000] {processor.py:914} INFO - Processing file /home/airflow/.local/lib/python3.12/site-packages/airflow/example_dags/example_datasets.py for tasks to queue
[2026-06-29T22:05:38.607+0000] {logging_mixin.py:190} INFO - [2026-06-29T22:05:38.606+0000] {dagbag.py:588} INFO - Filling up the DagBag from /home/airflow/.local/lib/python3.12/site-packages/airflow/example_dags/example_datasets.py
[2026-06-29T22:05:39.221+0000] {processor.py:925} INFO - DAG(s) 'consume_1_and_2_with_dataset_expressions', 'dataset_consumes_1_and_2', 'consume_1_or_both_2_and_3_with_dataset_expressions', 'conditional_dataset_and_time_based_timetable', 'dataset_produces_2', 'consume_1_or_2_with_dataset_expressions', 'dataset_consumes_1_never_scheduled', 'dataset_produces_1', 'dataset_consumes_1', 'dataset_consumes_unknown_never_scheduled' retrieved from /home/airflow/.local/lib/python3.12/site-packages/airflow/example_dags/example_datasets.py
[2026-06-29T22:05:39.273+0000] {logging_mixin.py:190} INFO - [2026-06-29T22:05:39.273+0000] {dag.py:3239} INFO - Sync 10 DAGs
[2026-06-29T22:05:39.302+0000] {logging_mixin.py:190} INFO - [2026-06-29T22:05:39.302+0000] {dag.py:4180} INFO - Setting next_dagrun for conditional_dataset_and_time_based_timetable to 2026-06-24 01:00:00+00:00, run_after=2026-06-24 01:00:00+00:00
[2026-06-29T22:05:39.307+0000] {logging_mixin.py:190} INFO - [2026-06-29T22:05:39.307+0000] {dag.py:4180} INFO - Setting next_dagrun for consume_1_and_2_with_dataset_expressions to None, run_after=None
[2026-06-29T22:05:39.310+0000] {logging_mixin.py:190} INFO - [2026-06-29T22:05:39.310+0000] {dag.py:4180} INFO - Setting next_dagrun for consume_1_or_2_with_dataset_expressions to None, run_after=None
[2026-06-29T22:05:39.313+0000] {logging_mixin.py:190} INFO - [2026-06-29T22:05:39.312+0000] {dag.py:4180} INFO - Setting next_dagrun for consume_1_or_both_2_and_3_with_dataset_expressions to None, run_after=None
[2026-06-29T22:05:39.315+0000] {logging_mixin.py:190} INFO - [2026-06-29T22:05:39.315+0000] {dag.py:4180} INFO - Setting next_dagrun for dataset_consumes_1 to None, run_after=None
[2026-06-29T22:05:39.317+0000] {logging_mixin.py:190} INFO - [2026-06-29T22:05:39.317+0000] {dag.py:4180} INFO - Setting next_dagrun for dataset_consumes_1_and_2 to None, run_after=None
[2026-06-29T22:05:39.319+0000] {logging_mixin.py:190} INFO - [2026-06-29T22:05:39.319+0000] {dag.py:4180} INFO - Setting next_dagrun for dataset_consumes_1_never_scheduled to None, run_after=None
[2026-06-29T22:05:39.321+0000] {logging_mixin.py:190} INFO - [2026-06-29T22:05:39.321+0000] {dag.py:4180} INFO - Setting next_dagrun for dataset_consumes_unknown_never_scheduled to None, run_after=None
[2026-06-29T22:05:39.324+0000] {logging_mixin.py:190} INFO - [2026-06-29T22:05:39.324+0000] {dag.py:4180} INFO - Setting next_dagrun for dataset_produces_1 to 2026-06-28 00:00:00+00:00, run_after=2026-06-29 00:00:00+00:00
[2026-06-29T22:05:39.327+0000] {logging_mixin.py:190} INFO - [2026-06-29T22:05:39.327+0000] {dag.py:4180} INFO - Setting next_dagrun for dataset_produces_2 to None, run_after=None
[2026-06-29T22:05:39.372+0000] {processor.py:208} INFO - Processing /home/airflow/.local/lib/python3.12/site-packages/airflow/example_dags/example_datasets.py took 0.780 seconds
[2026-06-29T22:06:10.293+0000] {processor.py:186} INFO - Started process (PID=940) to work on /home/airflow/.local/lib/python3.12/site-packages/airflow/example_dags/example_datasets.py
[2026-06-29T22:06:10.294+0000] {processor.py:914} INFO - Processing file /home/airflow/.local/lib/python3.12/site-packages/airflow/example_dags/example_datasets.py for tasks to queue
[2026-06-29T22:06:10.298+0000] {logging_mixin.py:190} INFO - [2026-06-29T22:06:10.298+0000] {dagbag.py:588} INFO - Filling up the DagBag from /home/airflow/.local/lib/python3.12/site-packages/airflow/example_dags/example_datasets.py
[2026-06-29T22:06:11.050+0000] {processor.py:925} INFO - DAG(s) 'consume_1_or_both_2_and_3_with_dataset_expressions', 'consume_1_and_2_with_dataset_expressions', 'consume_1_or_2_with_dataset_expressions', 'dataset_consumes_1', 'conditional_dataset_and_time_based_timetable', 'dataset_produces_1', 'dataset_consumes_1_and_2', 'dataset_produces_2', 'dataset_consumes_1_never_scheduled', 'dataset_consumes_unknown_never_scheduled' retrieved from /home/airflow/.local/lib/python3.12/site-packages/airflow/example_dags/example_datasets.py
[2026-06-29T22:06:11.104+0000] {logging_mixin.py:190} INFO - [2026-06-29T22:06:11.103+0000] {dag.py:3239} INFO - Sync 10 DAGs
[2026-06-29T22:06:11.135+0000] {logging_mixin.py:190} INFO - [2026-06-29T22:06:11.135+0000] {dag.py:4180} INFO - Setting next_dagrun for conditional_dataset_and_time_based_timetable to 2026-06-24 01:00:00+00:00, run_after=2026-06-24 01:00:00+00:00
[2026-06-29T22:06:11.140+0000] {logging_mixin.py:190} INFO - [2026-06-29T22:06:11.140+0000] {dag.py:4180} INFO - Setting next_dagrun for consume_1_and_2_with_dataset_expressions to None, run_after=None
[2026-06-29T22:06:11.144+0000] {logging_mixin.py:190} INFO - [2026-06-29T22:06:11.144+0000] {dag.py:4180} INFO - Setting next_dagrun for consume_1_or_2_with_dataset_expressions to None, run_after=None
[2026-06-29T22:06:11.147+0000] {logging_mixin.py:190} INFO - [2026-06-29T22:06:11.147+0000] {dag.py:4180} INFO - Setting next_dagrun for consume_1_or_both_2_and_3_with_dataset_expressions to None, run_after=None
[2026-06-29T22:06:11.149+0000] {logging_mixin.py:190} INFO - [2026-06-29T22:06:11.149+0000] {dag.py:4180} INFO - Setting next_dagrun for dataset_consumes_1 to None, run_after=None
[2026-06-29T22:06:11.151+0000] {logging_mixin.py:190} INFO - [2026-06-29T22:06:11.151+0000] {dag.py:4180} INFO - Setting next_dagrun for dataset_consumes_1_and_2 to None, run_after=None
[2026-06-29T22:06:11.153+0000] {logging_mixin.py:190} INFO - [2026-06-29T22:06:11.153+0000] {dag.py:4180} INFO - Setting next_dagrun for dataset_consumes_1_never_scheduled to None, run_after=None
[2026-06-29T22:06:11.155+0000] {logging_mixin.py:190} INFO - [2026-06-29T22:06:11.155+0000] {dag.py:4180} INFO - Setting next_dagrun for dataset_consumes_unknown_never_scheduled to None, run_after=None
[2026-06-29T22:06:11.159+0000] {logging_mixin.py:190} INFO - [2026-06-29T22:06:11.159+0000] {dag.py:4180} INFO - Setting next_dagrun for dataset_produces_1 to 2026-06-28 00:00:00+00:00, run_after=2026-06-29 00:00:00+00:00
[2026-06-29T22:06:11.162+0000] {logging_mixin.py:190} INFO - [2026-06-29T22:06:11.162+0000] {dag.py:4180} INFO - Setting next_dagrun for dataset_produces_2 to None, run_after=None
[2026-06-29T22:06:11.209+0000] {processor.py:208} INFO - Processing /home/airflow/.local/lib/python3.12/site-packages/airflow/example_dags/example_datasets.py took 0.924 seconds
[2026-06-29T22:08:24.204+0000] {processor.py:186} INFO - Started process (PID=105) to work on /home/airflow/.local/lib/python3.12/site-packages/airflow/example_dags/example_datasets.py
[2026-06-29T22:08:24.207+0000] {processor.py:914} INFO - Processing file /home/airflow/.local/lib/python3.12/site-packages/airflow/example_dags/example_datasets.py for tasks to queue
[2026-06-29T22:08:24.212+0000] {logging_mixin.py:190} INFO - [2026-06-29T22:08:24.212+0000] {dagbag.py:588} INFO - Filling up the DagBag from /home/airflow/.local/lib/python3.12/site-packages/airflow/example_dags/example_datasets.py
[2026-06-29T22:08:25.674+0000] {processor.py:925} INFO - DAG(s) 'conditional_dataset_and_time_based_timetable', 'dataset_consumes_1', 'dataset_consumes_1_never_scheduled', 'consume_1_or_2_with_dataset_expressions', 'dataset_consumes_1_and_2', 'consume_1_or_both_2_and_3_with_dataset_expressions', 'consume_1_and_2_with_dataset_expressions', 'dataset_produces_2', 'dataset_produces_1', 'dataset_consumes_unknown_never_scheduled' retrieved from /home/airflow/.local/lib/python3.12/site-packages/airflow/example_dags/example_datasets.py
[2026-06-29T22:08:25.785+0000] {logging_mixin.py:190} INFO - [2026-06-29T22:08:25.785+0000] {dag.py:3239} INFO - Sync 10 DAGs
[2026-06-29T22:08:25.842+0000] {logging_mixin.py:190} INFO - [2026-06-29T22:08:25.841+0000] {dag.py:4180} INFO - Setting next_dagrun for conditional_dataset_and_time_based_timetable to 2026-06-24 01:00:00+00:00, run_after=2026-06-24 01:00:00+00:00
[2026-06-29T22:08:25.870+0000] {logging_mixin.py:190} INFO - [2026-06-29T22:08:25.864+0000] {dag.py:4180} INFO - Setting next_dagrun for consume_1_and_2_with_dataset_expressions to None, run_after=None
[2026-06-29T22:08:25.878+0000] {logging_mixin.py:190} INFO - [2026-06-29T22:08:25.877+0000] {dag.py:4180} INFO - Setting next_dagrun for consume_1_or_2_with_dataset_expressions to None, run_after=None
[2026-06-29T22:08:25.885+0000] {logging_mixin.py:190} INFO - [2026-06-29T22:08:25.884+0000] {dag.py:4180} INFO - Setting next_dagrun for consume_1_or_both_2_and_3_with_dataset_expressions to None, run_after=None
[2026-06-29T22:08:25.911+0000] {logging_mixin.py:190} INFO - [2026-06-29T22:08:25.910+0000] {dag.py:4180} INFO - Setting next_dagrun for dataset_consumes_1 to None, run_after=None
[2026-06-29T22:08:25.917+0000] {logging_mixin.py:190} INFO - [2026-06-29T22:08:25.916+0000] {dag.py:4180} INFO - Setting next_dagrun for dataset_consumes_1_and_2 to None, run_after=None
[2026-06-29T22:08:25.923+0000] {logging_mixin.py:190} INFO - [2026-06-29T22:08:25.922+0000] {dag.py:4180} INFO - Setting next_dagrun for dataset_consumes_1_never_scheduled to None, run_after=None
[2026-06-29T22:08:25.937+0000] {logging_mixin.py:190} INFO - [2026-06-29T22:08:25.936+0000] {dag.py:4180} INFO - Setting next_dagrun for dataset_consumes_unknown_never_scheduled to None, run_after=None
[2026-06-29T22:08:25.951+0000] {logging_mixin.py:190} INFO - [2026-06-29T22:08:25.951+0000] {dag.py:4180} INFO - Setting next_dagrun for dataset_produces_1 to 2026-06-28 00:00:00+00:00, run_after=2026-06-29 00:00:00+00:00
[2026-06-29T22:08:25.956+0000] {logging_mixin.py:190} INFO - [2026-06-29T22:08:25.956+0000] {dag.py:4180} INFO - Setting next_dagrun for dataset_produces_2 to None, run_after=None
[2026-06-29T22:08:26.041+0000] {processor.py:208} INFO - Processing /home/airflow/.local/lib/python3.12/site-packages/airflow/example_dags/example_datasets.py took 1.855 seconds
[2026-06-29T22:08:59.812+0000] {processor.py:186} INFO - Started process (PID=169) to work on /home/airflow/.local/lib/python3.12/site-packages/airflow/example_dags/example_datasets.py
[2026-06-29T22:08:59.820+0000] {processor.py:914} INFO - Processing file /home/airflow/.local/lib/python3.12/site-packages/airflow/example_dags/example_datasets.py for tasks to queue
[2026-06-29T22:08:59.837+0000] {logging_mixin.py:190} INFO - [2026-06-29T22:08:59.836+0000] {dagbag.py:588} INFO - Filling up the DagBag from /home/airflow/.local/lib/python3.12/site-packages/airflow/example_dags/example_datasets.py
[2026-06-29T22:09:01.406+0000] {processor.py:925} INFO - DAG(s) 'dataset_consumes_1_and_2', 'dataset_consumes_1_never_scheduled', 'dataset_consumes_unknown_never_scheduled', 'dataset_produces_2', 'dataset_consumes_1', 'dataset_produces_1', 'consume_1_or_both_2_and_3_with_dataset_expressions', 'consume_1_and_2_with_dataset_expressions', 'conditional_dataset_and_time_based_timetable', 'consume_1_or_2_with_dataset_expressions' retrieved from /home/airflow/.local/lib/python3.12/site-packages/airflow/example_dags/example_datasets.py
[2026-06-29T22:09:01.568+0000] {logging_mixin.py:190} INFO - [2026-06-29T22:09:01.568+0000] {dag.py:3239} INFO - Sync 10 DAGs
[2026-06-29T22:09:01.634+0000] {logging_mixin.py:190} INFO - [2026-06-29T22:09:01.633+0000] {dag.py:4180} INFO - Setting next_dagrun for conditional_dataset_and_time_based_timetable to 2026-06-24 01:00:00+00:00, run_after=2026-06-24 01:00:00+00:00
[2026-06-29T22:09:01.646+0000] {logging_mixin.py:190} INFO - [2026-06-29T22:09:01.645+0000] {dag.py:4180} INFO - Setting next_dagrun for consume_1_and_2_with_dataset_expressions to None, run_after=None
[2026-06-29T22:09:01.652+0000] {logging_mixin.py:190} INFO - [2026-06-29T22:09:01.652+0000] {dag.py:4180} INFO - Setting next_dagrun for consume_1_or_2_with_dataset_expressions to None, run_after=None
[2026-06-29T22:09:01.657+0000] {logging_mixin.py:190} INFO - [2026-06-29T22:09:01.656+0000] {dag.py:4180} INFO - Setting next_dagrun for consume_1_or_both_2_and_3_with_dataset_expressions to None, run_after=None
[2026-06-29T22:09:01.664+0000] {logging_mixin.py:190} INFO - [2026-06-29T22:09:01.663+0000] {dag.py:4180} INFO - Setting next_dagrun for dataset_consumes_1 to None, run_after=None
[2026-06-29T22:09:01.670+0000] {logging_mixin.py:190} INFO - [2026-06-29T22:09:01.668+0000] {dag.py:4180} INFO - Setting next_dagrun for dataset_consumes_1_and_2 to None, run_after=None
[2026-06-29T22:09:01.676+0000] {logging_mixin.py:190} INFO - [2026-06-29T22:09:01.674+0000] {dag.py:4180} INFO - Setting next_dagrun for dataset_consumes_1_never_scheduled to None, run_after=None
[2026-06-29T22:09:01.684+0000] {logging_mixin.py:190} INFO - [2026-06-29T22:09:01.684+0000] {dag.py:4180} INFO - Setting next_dagrun for dataset_consumes_unknown_never_scheduled to None, run_after=None
[2026-06-29T22:09:01.694+0000] {logging_mixin.py:190} INFO - [2026-06-29T22:09:01.694+0000] {dag.py:4180} INFO - Setting next_dagrun for dataset_produces_1 to 2026-06-28 00:00:00+00:00, run_after=2026-06-29 00:00:00+00:00
[2026-06-29T22:09:01.699+0000] {logging_mixin.py:190} INFO - [2026-06-29T22:09:01.698+0000] {dag.py:4180} INFO - Setting next_dagrun for dataset_produces_2 to None, run_after=None
[2026-06-29T22:09:01.804+0000] {processor.py:208} INFO - Processing /home/airflow/.local/lib/python3.12/site-packages/airflow/example_dags/example_datasets.py took 2.004 seconds
[2026-06-29T22:09:33.586+0000] {processor.py:186} INFO - Started process (PID=233) to work on /home/airflow/.local/lib/python3.12/site-packages/airflow/example_dags/example_datasets.py
[2026-06-29T22:09:33.590+0000] {processor.py:914} INFO - Processing file /home/airflow/.local/lib/python3.12/site-packages/airflow/example_dags/example_datasets.py for tasks to queue
[2026-06-29T22:09:33.604+0000] {logging_mixin.py:190} INFO - [2026-06-29T22:09:33.602+0000] {dagbag.py:588} INFO - Filling up the DagBag from /home/airflow/.local/lib/python3.12/site-packages/airflow/example_dags/example_datasets.py
[2026-06-29T22:09:35.942+0000] {processor.py:925} INFO - DAG(s) 'dataset_consumes_1_never_scheduled', 'dataset_consumes_1_and_2', 'conditional_dataset_and_time_based_timetable', 'consume_1_or_both_2_and_3_with_dataset_expressions', 'consume_1_or_2_with_dataset_expressions', 'dataset_consumes_1', 'dataset_consumes_unknown_never_scheduled', 'consume_1_and_2_with_dataset_expressions', 'dataset_produces_1', 'dataset_produces_2' retrieved from /home/airflow/.local/lib/python3.12/site-packages/airflow/example_dags/example_datasets.py
[2026-06-29T22:09:36.082+0000] {logging_mixin.py:190} INFO - [2026-06-29T22:09:36.082+0000] {dag.py:3239} INFO - Sync 10 DAGs
[2026-06-29T22:09:36.148+0000] {logging_mixin.py:190} INFO - [2026-06-29T22:09:36.147+0000] {dag.py:4180} INFO - Setting next_dagrun for conditional_dataset_and_time_based_timetable to 2026-06-24 01:00:00+00:00, run_after=2026-06-24 01:00:00+00:00
[2026-06-29T22:09:36.165+0000] {logging_mixin.py:190} INFO - [2026-06-29T22:09:36.164+0000] {dag.py:4180} INFO - Setting next_dagrun for consume_1_and_2_with_dataset_expressions to None, run_after=None
[2026-06-29T22:09:36.175+0000] {logging_mixin.py:190} INFO - [2026-06-29T22:09:36.174+0000] {dag.py:4180} INFO - Setting next_dagrun for consume_1_or_2_with_dataset_expressions to None, run_after=None
[2026-06-29T22:09:36.183+0000] {logging_mixin.py:190} INFO - [2026-06-29T22:09:36.182+0000] {dag.py:4180} INFO - Setting next_dagrun for consume_1_or_both_2_and_3_with_dataset_expressions to None, run_after=None
[2026-06-29T22:09:36.187+0000] {logging_mixin.py:190} INFO - [2026-06-29T22:09:36.187+0000] {dag.py:4180} INFO - Setting next_dagrun for dataset_consumes_1 to None, run_after=None
[2026-06-29T22:09:36.192+0000] {logging_mixin.py:190} INFO - [2026-06-29T22:09:36.191+0000] {dag.py:4180} INFO - Setting next_dagrun for dataset_consumes_1_and_2 to None, run_after=None
[2026-06-29T22:09:36.198+0000] {logging_mixin.py:190} INFO - [2026-06-29T22:09:36.197+0000] {dag.py:4180} INFO - Setting next_dagrun for dataset_consumes_1_never_scheduled to None, run_after=None
[2026-06-29T22:09:36.201+0000] {logging_mixin.py:190} INFO - [2026-06-29T22:09:36.201+0000] {dag.py:4180} INFO - Setting next_dagrun for dataset_consumes_unknown_never_scheduled to None, run_after=None
[2026-06-29T22:09:36.206+0000] {logging_mixin.py:190} INFO - [2026-06-29T22:09:36.206+0000] {dag.py:4180} INFO - Setting next_dagrun for dataset_produces_1 to 2026-06-28 00:00:00+00:00, run_after=2026-06-29 00:00:00+00:00
[2026-06-29T22:09:36.214+0000] {logging_mixin.py:190} INFO - [2026-06-29T22:09:36.214+0000] {dag.py:4180} INFO - Setting next_dagrun for dataset_produces_2 to None, run_after=None
[2026-06-29T22:09:36.330+0000] {processor.py:208} INFO - Processing /home/airflow/.local/lib/python3.12/site-packages/airflow/example_dags/example_datasets.py took 2.762 seconds
[2026-06-29T22:10:07.340+0000] {processor.py:186} INFO - Started process (PID=304) to work on /home/airflow/.local/lib/python3.12/site-packages/airflow/example_dags/example_datasets.py
[2026-06-29T22:10:07.353+0000] {processor.py:914} INFO - Processing file /home/airflow/.local/lib/python3.12/site-packages/airflow/example_dags/example_datasets.py for tasks to queue
[2026-06-29T22:10:07.363+0000] {logging_mixin.py:190} INFO - [2026-06-29T22:10:07.363+0000] {dagbag.py:588} INFO - Filling up the DagBag from /home/airflow/.local/lib/python3.12/site-packages/airflow/example_dags/example_datasets.py
[2026-06-29T22:10:09.189+0000] {processor.py:925} INFO - DAG(s) 'dataset_produces_1', 'consume_1_or_both_2_and_3_with_dataset_expressions', 'consume_1_or_2_with_dataset_expressions', 'dataset_consumes_1_never_scheduled', 'dataset_produces_2', 'dataset_consumes_1', 'conditional_dataset_and_time_based_timetable', 'dataset_consumes_1_and_2', 'consume_1_and_2_with_dataset_expressions', 'dataset_consumes_unknown_never_scheduled' retrieved from /home/airflow/.local/lib/python3.12/site-packages/airflow/example_dags/example_datasets.py
[2026-06-29T22:10:09.450+0000] {logging_mixin.py:190} INFO - [2026-06-29T22:10:09.449+0000] {dag.py:3239} INFO - Sync 10 DAGs
[2026-06-29T22:10:09.567+0000] {logging_mixin.py:190} INFO - [2026-06-29T22:10:09.567+0000] {dag.py:4180} INFO - Setting next_dagrun for conditional_dataset_and_time_based_timetable to 2026-06-24 01:00:00+00:00, run_after=2026-06-24 01:00:00+00:00
[2026-06-29T22:10:09.589+0000] {logging_mixin.py:190} INFO - [2026-06-29T22:10:09.588+0000] {dag.py:4180} INFO - Setting next_dagrun for consume_1_and_2_with_dataset_expressions to None, run_after=None
[2026-06-29T22:10:09.602+0000] {logging_mixin.py:190} INFO - [2026-06-29T22:10:09.601+0000] {dag.py:4180} INFO - Setting next_dagrun for consume_1_or_2_with_dataset_expressions to None, run_after=None
[2026-06-29T22:10:09.612+0000] {logging_mixin.py:190} INFO - [2026-06-29T22:10:09.611+0000] {dag.py:4180} INFO - Setting next_dagrun for consume_1_or_both_2_and_3_with_dataset_expressions to None, run_after=None
[2026-06-29T22:10:09.623+0000] {logging_mixin.py:190} INFO - [2026-06-29T22:10:09.623+0000] {dag.py:4180} INFO - Setting next_dagrun for dataset_consumes_1 to None, run_after=None
[2026-06-29T22:10:09.633+0000] {logging_mixin.py:190} INFO - [2026-06-29T22:10:09.633+0000] {dag.py:4180} INFO - Setting next_dagrun for dataset_consumes_1_and_2 to None, run_after=None
[2026-06-29T22:10:09.645+0000] {logging_mixin.py:190} INFO - [2026-06-29T22:10:09.644+0000] {dag.py:4180} INFO - Setting next_dagrun for dataset_consumes_1_never_scheduled to None, run_after=None
[2026-06-29T22:10:09.672+0000] {logging_mixin.py:190} INFO - [2026-06-29T22:10:09.671+0000] {dag.py:4180} INFO - Setting next_dagrun for dataset_consumes_unknown_never_scheduled to None, run_after=None
[2026-06-29T22:10:09.682+0000] {logging_mixin.py:190} INFO - [2026-06-29T22:10:09.681+0000] {dag.py:4180} INFO - Setting next_dagrun for dataset_produces_1 to 2026-06-28 00:00:00+00:00, run_after=2026-06-29 00:00:00+00:00
[2026-06-29T22:10:09.693+0000] {logging_mixin.py:190} INFO - [2026-06-29T22:10:09.692+0000] {dag.py:4180} INFO - Setting next_dagrun for dataset_produces_2 to None, run_after=None
[2026-06-29T22:10:09.964+0000] {processor.py:208} INFO - Processing /home/airflow/.local/lib/python3.12/site-packages/airflow/example_dags/example_datasets.py took 2.644 seconds
[2026-06-29T22:10:40.219+0000] {processor.py:186} INFO - Started process (PID=367) to work on /home/airflow/.local/lib/python3.12/site-packages/airflow/example_dags/example_datasets.py
[2026-06-29T22:10:40.222+0000] {processor.py:914} INFO - Processing file /home/airflow/.local/lib/python3.12/site-packages/airflow/example_dags/example_datasets.py for tasks to queue
[2026-06-29T22:10:40.228+0000] {logging_mixin.py:190} INFO - [2026-06-29T22:10:40.227+0000] {dagbag.py:588} INFO - Filling up the DagBag from /home/airflow/.local/lib/python3.12/site-packages/airflow/example_dags/example_datasets.py
[2026-06-29T22:10:41.315+0000] {processor.py:925} INFO - DAG(s) 'dataset_consumes_1_never_scheduled', 'dataset_consumes_1_and_2', 'consume_1_and_2_with_dataset_expressions', 'dataset_produces_1', 'dataset_consumes_1', 'conditional_dataset_and_time_based_timetable', 'dataset_consumes_unknown_never_scheduled', 'consume_1_or_2_with_dataset_expressions', 'dataset_produces_2', 'consume_1_or_both_2_and_3_with_dataset_expressions' retrieved from /home/airflow/.local/lib/python3.12/site-packages/airflow/example_dags/example_datasets.py
[2026-06-29T22:10:41.449+0000] {logging_mixin.py:190} INFO - [2026-06-29T22:10:41.448+0000] {dag.py:3239} INFO - Sync 10 DAGs
[2026-06-29T22:10:41.491+0000] {logging_mixin.py:190} INFO - [2026-06-29T22:10:41.491+0000] {dag.py:4180} INFO - Setting next_dagrun for conditional_dataset_and_time_based_timetable to 2026-06-24 01:00:00+00:00, run_after=2026-06-24 01:00:00+00:00
[2026-06-29T22:10:41.497+0000] {logging_mixin.py:190} INFO - [2026-06-29T22:10:41.497+0000] {dag.py:4180} INFO - Setting next_dagrun for consume_1_and_2_with_dataset_expressions to None, run_after=None
[2026-06-29T22:10:41.504+0000] {logging_mixin.py:190} INFO - [2026-06-29T22:10:41.503+0000] {dag.py:4180} INFO - Setting next_dagrun for consume_1_or_2_with_dataset_expressions to None, run_after=None
[2026-06-29T22:10:41.507+0000] {logging_mixin.py:190} INFO - [2026-06-29T22:10:41.507+0000] {dag.py:4180} INFO - Setting next_dagrun for consume_1_or_both_2_and_3_with_dataset_expressions to None, run_after=None
[2026-06-29T22:10:41.511+0000] {logging_mixin.py:190} INFO - [2026-06-29T22:10:41.511+0000] {dag.py:4180} INFO - Setting next_dagrun for dataset_consumes_1 to None, run_after=None
[2026-06-29T22:10:41.513+0000] {logging_mixin.py:190} INFO - [2026-06-29T22:10:41.513+0000] {dag.py:4180} INFO - Setting next_dagrun for dataset_consumes_1_and_2 to None, run_after=None
[2026-06-29T22:10:41.516+0000] {logging_mixin.py:190} INFO - [2026-06-29T22:10:41.515+0000] {dag.py:4180} INFO - Setting next_dagrun for dataset_consumes_1_never_scheduled to None, run_after=None
[2026-06-29T22:10:41.518+0000] {logging_mixin.py:190} INFO - [2026-06-29T22:10:41.518+0000] {dag.py:4180} INFO - Setting next_dagrun for dataset_consumes_unknown_never_scheduled to None, run_after=None
[2026-06-29T22:10:41.522+0000] {logging_mixin.py:190} INFO - [2026-06-29T22:10:41.522+0000] {dag.py:4180} INFO - Setting next_dagrun for dataset_produces_1 to 2026-06-28 00:00:00+00:00, run_after=2026-06-29 00:00:00+00:00
[2026-06-29T22:10:41.525+0000] {logging_mixin.py:190} INFO - [2026-06-29T22:10:41.525+0000] {dag.py:4180} INFO - Setting next_dagrun for dataset_produces_2 to None, run_after=None
[2026-06-29T22:10:41.569+0000] {processor.py:208} INFO - Processing /home/airflow/.local/lib/python3.12/site-packages/airflow/example_dags/example_datasets.py took 1.368 seconds
[2026-06-29T22:11:12.184+0000] {processor.py:186} INFO - Started process (PID=431) to work on /home/airflow/.local/lib/python3.12/site-packages/airflow/example_dags/example_datasets.py
[2026-06-29T22:11:12.186+0000] {processor.py:914} INFO - Processing file /home/airflow/.local/lib/python3.12/site-packages/airflow/example_dags/example_datasets.py for tasks to queue
[2026-06-29T22:11:12.192+0000] {logging_mixin.py:190} INFO - [2026-06-29T22:11:12.192+0000] {dagbag.py:588} INFO - Filling up the DagBag from /home/airflow/.local/lib/python3.12/site-packages/airflow/example_dags/example_datasets.py
[2026-06-29T22:11:12.959+0000] {processor.py:925} INFO - DAG(s) 'dataset_consumes_1', 'dataset_consumes_unknown_never_scheduled', 'dataset_consumes_1_and_2', 'conditional_dataset_and_time_based_timetable', 'consume_1_or_both_2_and_3_with_dataset_expressions', 'consume_1_and_2_with_dataset_expressions', 'dataset_produces_2', 'consume_1_or_2_with_dataset_expressions', 'dataset_consumes_1_never_scheduled', 'dataset_produces_1' retrieved from /home/airflow/.local/lib/python3.12/site-packages/airflow/example_dags/example_datasets.py
[2026-06-29T22:11:13.020+0000] {logging_mixin.py:190} INFO - [2026-06-29T22:11:13.020+0000] {dag.py:3239} INFO - Sync 10 DAGs
[2026-06-29T22:11:13.057+0000] {logging_mixin.py:190} INFO - [2026-06-29T22:11:13.057+0000] {dag.py:4180} INFO - Setting next_dagrun for conditional_dataset_and_time_based_timetable to 2026-06-24 01:00:00+00:00, run_after=2026-06-24 01:00:00+00:00
[2026-06-29T22:11:13.063+0000] {logging_mixin.py:190} INFO - [2026-06-29T22:11:13.063+0000] {dag.py:4180} INFO - Setting next_dagrun for consume_1_and_2_with_dataset_expressions to None, run_after=None
[2026-06-29T22:11:13.066+0000] {logging_mixin.py:190} INFO - [2026-06-29T22:11:13.066+0000] {dag.py:4180} INFO - Setting next_dagrun for consume_1_or_2_with_dataset_expressions to None, run_after=None
[2026-06-29T22:11:13.068+0000] {logging_mixin.py:190} INFO - [2026-06-29T22:11:13.068+0000] {dag.py:4180} INFO - Setting next_dagrun for consume_1_or_both_2_and_3_with_dataset_expressions to None, run_after=None
[2026-06-29T22:11:13.070+0000] {logging_mixin.py:190} INFO - [2026-06-29T22:11:13.070+0000] {dag.py:4180} INFO - Setting next_dagrun for dataset_consumes_1 to None, run_after=None
[2026-06-29T22:11:13.073+0000] {logging_mixin.py:190} INFO - [2026-06-29T22:11:13.072+0000] {dag.py:4180} INFO - Setting next_dagrun for dataset_consumes_1_and_2 to None, run_after=None
[2026-06-29T22:11:13.076+0000] {logging_mixin.py:190} INFO - [2026-06-29T22:11:13.076+0000] {dag.py:4180} INFO - Setting next_dagrun for dataset_consumes_1_never_scheduled to None, run_after=None
[2026-06-29T22:11:13.079+0000] {logging_mixin.py:190} INFO - [2026-06-29T22:11:13.078+0000] {dag.py:4180} INFO - Setting next_dagrun for dataset_consumes_unknown_never_scheduled to None, run_after=None
[2026-06-29T22:11:13.082+0000] {logging_mixin.py:190} INFO - [2026-06-29T22:11:13.082+0000] {dag.py:4180} INFO - Setting next_dagrun for dataset_produces_1 to 2026-06-28 00:00:00+00:00, run_after=2026-06-29 00:00:00+00:00
[2026-06-29T22:11:13.085+0000] {logging_mixin.py:190} INFO - [2026-06-29T22:11:13.084+0000] {dag.py:4180} INFO - Setting next_dagrun for dataset_produces_2 to None, run_after=None
[2026-06-29T22:11:13.146+0000] {processor.py:208} INFO - Processing /home/airflow/.local/lib/python3.12/site-packages/airflow/example_dags/example_datasets.py took 0.971 seconds
[2026-06-29T22:11:43.747+0000] {processor.py:186} INFO - Started process (PID=499) to work on /home/airflow/.local/lib/python3.12/site-packages/airflow/example_dags/example_datasets.py
[2026-06-29T22:11:43.749+0000] {processor.py:914} INFO - Processing file /home/airflow/.local/lib/python3.12/site-packages/airflow/example_dags/example_datasets.py for tasks to queue
[2026-06-29T22:11:43.753+0000] {logging_mixin.py:190} INFO - [2026-06-29T22:11:43.752+0000] {dagbag.py:588} INFO - Filling up the DagBag from /home/airflow/.local/lib/python3.12/site-packages/airflow/example_dags/example_datasets.py
[2026-06-29T22:11:44.402+0000] {processor.py:925} INFO - DAG(s) 'dataset_consumes_1', 'dataset_produces_2', 'consume_1_or_both_2_and_3_with_dataset_expressions', 'consume_1_or_2_with_dataset_expressions', 'conditional_dataset_and_time_based_timetable', 'dataset_consumes_unknown_never_scheduled', 'consume_1_and_2_with_dataset_expressions', 'dataset_produces_1', 'dataset_consumes_1_never_scheduled', 'dataset_consumes_1_and_2' retrieved from /home/airflow/.local/lib/python3.12/site-packages/airflow/example_dags/example_datasets.py
[2026-06-29T22:11:44.477+0000] {logging_mixin.py:190} INFO - [2026-06-29T22:11:44.476+0000] {dag.py:3239} INFO - Sync 10 DAGs
[2026-06-29T22:11:44.513+0000] {logging_mixin.py:190} INFO - [2026-06-29T22:11:44.513+0000] {dag.py:4180} INFO - Setting next_dagrun for conditional_dataset_and_time_based_timetable to 2026-06-24 01:00:00+00:00, run_after=2026-06-24 01:00:00+00:00
[2026-06-29T22:11:44.519+0000] {logging_mixin.py:190} INFO - [2026-06-29T22:11:44.519+0000] {dag.py:4180} INFO - Setting next_dagrun for consume_1_and_2_with_dataset_expressions to None, run_after=None
[2026-06-29T22:11:44.524+0000] {logging_mixin.py:190} INFO - [2026-06-29T22:11:44.524+0000] {dag.py:4180} INFO - Setting next_dagrun for consume_1_or_2_with_dataset_expressions to None, run_after=None
[2026-06-29T22:11:44.527+0000] {logging_mixin.py:190} INFO - [2026-06-29T22:11:44.527+0000] {dag.py:4180} INFO - Setting next_dagrun for consume_1_or_both_2_and_3_with_dataset_expressions to None, run_after=None
[2026-06-29T22:11:44.530+0000] {logging_mixin.py:190} INFO - [2026-06-29T22:11:44.529+0000] {dag.py:4180} INFO - Setting next_dagrun for dataset_consumes_1 to None, run_after=None
[2026-06-29T22:11:44.532+0000] {logging_mixin.py:190} INFO - [2026-06-29T22:11:44.532+0000] {dag.py:4180} INFO - Setting next_dagrun for dataset_consumes_1_and_2 to None, run_after=None
[2026-06-29T22:11:44.534+0000] {logging_mixin.py:190} INFO - [2026-06-29T22:11:44.534+0000] {dag.py:4180} INFO - Setting next_dagrun for dataset_consumes_1_never_scheduled to None, run_after=None
[2026-06-29T22:11:44.536+0000] {logging_mixin.py:190} INFO - [2026-06-29T22:11:44.536+0000] {dag.py:4180} INFO - Setting next_dagrun for dataset_consumes_unknown_never_scheduled to None, run_after=None
[2026-06-29T22:11:44.542+0000] {logging_mixin.py:190} INFO - [2026-06-29T22:11:44.541+0000] {dag.py:4180} INFO - Setting next_dagrun for dataset_produces_1 to 2026-06-28 00:00:00+00:00, run_after=2026-06-29 00:00:00+00:00
[2026-06-29T22:11:44.544+0000] {logging_mixin.py:190} INFO - [2026-06-29T22:11:44.544+0000] {dag.py:4180} INFO - Setting next_dagrun for dataset_produces_2 to None, run_after=None
[2026-06-29T22:11:44.605+0000] {processor.py:208} INFO - Processing /home/airflow/.local/lib/python3.12/site-packages/airflow/example_dags/example_datasets.py took 0.869 seconds
[2026-06-29T22:12:15.043+0000] {processor.py:186} INFO - Started process (PID=563) to work on /home/airflow/.local/lib/python3.12/site-packages/airflow/example_dags/example_datasets.py
[2026-06-29T22:12:15.045+0000] {processor.py:914} INFO - Processing file /home/airflow/.local/lib/python3.12/site-packages/airflow/example_dags/example_datasets.py for tasks to queue
[2026-06-29T22:12:15.051+0000] {logging_mixin.py:190} INFO - [2026-06-29T22:12:15.050+0000] {dagbag.py:588} INFO - Filling up the DagBag from /home/airflow/.local/lib/python3.12/site-packages/airflow/example_dags/example_datasets.py
[2026-06-29T22:12:16.098+0000] {processor.py:925} INFO - DAG(s) 'consume_1_or_both_2_and_3_with_dataset_expressions', 'dataset_consumes_1_and_2', 'dataset_consumes_1', 'dataset_produces_2', 'dataset_consumes_1_never_scheduled', 'consume_1_or_2_with_dataset_expressions', 'conditional_dataset_and_time_based_timetable', 'dataset_consumes_unknown_never_scheduled', 'consume_1_and_2_with_dataset_expressions', 'dataset_produces_1' retrieved from /home/airflow/.local/lib/python3.12/site-packages/airflow/example_dags/example_datasets.py
[2026-06-29T22:12:16.184+0000] {logging_mixin.py:190} INFO - [2026-06-29T22:12:16.183+0000] {dag.py:3239} INFO - Sync 10 DAGs
[2026-06-29T22:12:16.222+0000] {logging_mixin.py:190} INFO - [2026-06-29T22:12:16.222+0000] {dag.py:4180} INFO - Setting next_dagrun for conditional_dataset_and_time_based_timetable to 2026-06-24 01:00:00+00:00, run_after=2026-06-24 01:00:00+00:00
[2026-06-29T22:12:16.230+0000] {logging_mixin.py:190} INFO - [2026-06-29T22:12:16.229+0000] {dag.py:4180} INFO - Setting next_dagrun for consume_1_and_2_with_dataset_expressions to None, run_after=None
[2026-06-29T22:12:16.233+0000] {logging_mixin.py:190} INFO - [2026-06-29T22:12:16.233+0000] {dag.py:4180} INFO - Setting next_dagrun for consume_1_or_2_with_dataset_expressions to None, run_after=None
[2026-06-29T22:12:16.237+0000] {logging_mixin.py:190} INFO - [2026-06-29T22:12:16.237+0000] {dag.py:4180} INFO - Setting next_dagrun for consume_1_or_both_2_and_3_with_dataset_expressions to None, run_after=None
[2026-06-29T22:12:16.241+0000] {logging_mixin.py:190} INFO - [2026-06-29T22:12:16.240+0000] {dag.py:4180} INFO - Setting next_dagrun for dataset_consumes_1 to None, run_after=None
[2026-06-29T22:12:16.244+0000] {logging_mixin.py:190} INFO - [2026-06-29T22:12:16.243+0000] {dag.py:4180} INFO - Setting next_dagrun for dataset_consumes_1_and_2 to None, run_after=None
[2026-06-29T22:12:16.246+0000] {logging_mixin.py:190} INFO - [2026-06-29T22:12:16.246+0000] {dag.py:4180} INFO - Setting next_dagrun for dataset_consumes_1_never_scheduled to None, run_after=None
[2026-06-29T22:12:16.250+0000] {logging_mixin.py:190} INFO - [2026-06-29T22:12:16.250+0000] {dag.py:4180} INFO - Setting next_dagrun for dataset_consumes_unknown_never_scheduled to None, run_after=None
[2026-06-29T22:12:16.257+0000] {logging_mixin.py:190} INFO - [2026-06-29T22:12:16.256+0000] {dag.py:4180} INFO - Setting next_dagrun for dataset_produces_1 to 2026-06-28 00:00:00+00:00, run_after=2026-06-29 00:00:00+00:00
[2026-06-29T22:12:16.260+0000] {logging_mixin.py:190} INFO - [2026-06-29T22:12:16.260+0000] {dag.py:4180} INFO - Setting next_dagrun for dataset_produces_2 to None, run_after=None
[2026-06-29T22:12:16.340+0000] {processor.py:208} INFO - Processing /home/airflow/.local/lib/python3.12/site-packages/airflow/example_dags/example_datasets.py took 1.309 seconds
[2026-06-29T22:12:47.069+0000] {processor.py:186} INFO - Started process (PID=627) to work on /home/airflow/.local/lib/python3.12/site-packages/airflow/example_dags/example_datasets.py
[2026-06-29T22:12:47.071+0000] {processor.py:914} INFO - Processing file /home/airflow/.local/lib/python3.12/site-packages/airflow/example_dags/example_datasets.py for tasks to queue
[2026-06-29T22:12:47.075+0000] {logging_mixin.py:190} INFO - [2026-06-29T22:12:47.074+0000] {dagbag.py:588} INFO - Filling up the DagBag from /home/airflow/.local/lib/python3.12/site-packages/airflow/example_dags/example_datasets.py
[2026-06-29T22:12:47.780+0000] {processor.py:925} INFO - DAG(s) 'consume_1_or_both_2_and_3_with_dataset_expressions', 'consume_1_or_2_with_dataset_expressions', 'dataset_consumes_unknown_never_scheduled', 'consume_1_and_2_with_dataset_expressions', 'dataset_consumes_1_and_2', 'dataset_consumes_1', 'dataset_produces_1', 'dataset_produces_2', 'conditional_dataset_and_time_based_timetable', 'dataset_consumes_1_never_scheduled' retrieved from /home/airflow/.local/lib/python3.12/site-packages/airflow/example_dags/example_datasets.py
[2026-06-29T22:12:47.842+0000] {logging_mixin.py:190} INFO - [2026-06-29T22:12:47.842+0000] {dag.py:3239} INFO - Sync 10 DAGs
[2026-06-29T22:12:47.877+0000] {logging_mixin.py:190} INFO - [2026-06-29T22:12:47.877+0000] {dag.py:4180} INFO - Setting next_dagrun for conditional_dataset_and_time_based_timetable to 2026-06-24 01:00:00+00:00, run_after=2026-06-24 01:00:00+00:00
[2026-06-29T22:12:47.882+0000] {logging_mixin.py:190} INFO - [2026-06-29T22:12:47.882+0000] {dag.py:4180} INFO - Setting next_dagrun for consume_1_and_2_with_dataset_expressions to None, run_after=None
[2026-06-29T22:12:47.886+0000] {logging_mixin.py:190} INFO - [2026-06-29T22:12:47.885+0000] {dag.py:4180} INFO - Setting next_dagrun for consume_1_or_2_with_dataset_expressions to None, run_after=None
[2026-06-29T22:12:47.889+0000] {logging_mixin.py:190} INFO - [2026-06-29T22:12:47.888+0000] {dag.py:4180} INFO - Setting next_dagrun for consume_1_or_both_2_and_3_with_dataset_expressions to None, run_after=None
[2026-06-29T22:12:47.891+0000] {logging_mixin.py:190} INFO - [2026-06-29T22:12:47.891+0000] {dag.py:4180} INFO - Setting next_dagrun for dataset_consumes_1 to None, run_after=None
[2026-06-29T22:12:47.894+0000] {logging_mixin.py:190} INFO - [2026-06-29T22:12:47.894+0000] {dag.py:4180} INFO - Setting next_dagrun for dataset_consumes_1_and_2 to None, run_after=None
[2026-06-29T22:12:47.896+0000] {logging_mixin.py:190} INFO - [2026-06-29T22:12:47.896+0000] {dag.py:4180} INFO - Setting next_dagrun for dataset_consumes_1_never_scheduled to None, run_after=None
[2026-06-29T22:12:47.898+0000] {logging_mixin.py:190} INFO - [2026-06-29T22:12:47.898+0000] {dag.py:4180} INFO - Setting next_dagrun for dataset_consumes_unknown_never_scheduled to None, run_after=None
[2026-06-29T22:12:47.904+0000] {logging_mixin.py:190} INFO - [2026-06-29T22:12:47.904+0000] {dag.py:4180} INFO - Setting next_dagrun for dataset_produces_1 to 2026-06-28 00:00:00+00:00, run_after=2026-06-29 00:00:00+00:00
[2026-06-29T22:12:47.906+0000] {logging_mixin.py:190} INFO - [2026-06-29T22:12:47.906+0000] {dag.py:4180} INFO - Setting next_dagrun for dataset_produces_2 to None, run_after=None
[2026-06-29T22:12:47.961+0000] {processor.py:208} INFO - Processing /home/airflow/.local/lib/python3.12/site-packages/airflow/example_dags/example_datasets.py took 0.899 seconds
[2026-06-29T22:13:18.166+0000] {processor.py:186} INFO - Started process (PID=691) to work on /home/airflow/.local/lib/python3.12/site-packages/airflow/example_dags/example_datasets.py
[2026-06-29T22:13:18.171+0000] {processor.py:914} INFO - Processing file /home/airflow/.local/lib/python3.12/site-packages/airflow/example_dags/example_datasets.py for tasks to queue
[2026-06-29T22:13:18.179+0000] {logging_mixin.py:190} INFO - [2026-06-29T22:13:18.178+0000] {dagbag.py:588} INFO - Filling up the DagBag from /home/airflow/.local/lib/python3.12/site-packages/airflow/example_dags/example_datasets.py
[2026-06-29T22:13:19.393+0000] {processor.py:925} INFO - DAG(s) 'consume_1_and_2_with_dataset_expressions', 'consume_1_or_2_with_dataset_expressions', 'dataset_produces_2', 'dataset_consumes_1_never_scheduled', 'dataset_consumes_1_and_2', 'dataset_consumes_1', 'conditional_dataset_and_time_based_timetable', 'dataset_consumes_unknown_never_scheduled', 'dataset_produces_1', 'consume_1_or_both_2_and_3_with_dataset_expressions' retrieved from /home/airflow/.local/lib/python3.12/site-packages/airflow/example_dags/example_datasets.py
[2026-06-29T22:13:19.517+0000] {logging_mixin.py:190} INFO - [2026-06-29T22:13:19.516+0000] {dag.py:3239} INFO - Sync 10 DAGs
[2026-06-29T22:13:19.576+0000] {logging_mixin.py:190} INFO - [2026-06-29T22:13:19.575+0000] {dag.py:4180} INFO - Setting next_dagrun for conditional_dataset_and_time_based_timetable to 2026-06-24 01:00:00+00:00, run_after=2026-06-24 01:00:00+00:00
[2026-06-29T22:13:19.584+0000] {logging_mixin.py:190} INFO - [2026-06-29T22:13:19.583+0000] {dag.py:4180} INFO - Setting next_dagrun for consume_1_and_2_with_dataset_expressions to None, run_after=None
[2026-06-29T22:13:19.589+0000] {logging_mixin.py:190} INFO - [2026-06-29T22:13:19.588+0000] {dag.py:4180} INFO - Setting next_dagrun for consume_1_or_2_with_dataset_expressions to None, run_after=None
[2026-06-29T22:13:19.592+0000] {logging_mixin.py:190} INFO - [2026-06-29T22:13:19.592+0000] {dag.py:4180} INFO - Setting next_dagrun for consume_1_or_both_2_and_3_with_dataset_expressions to None, run_after=None
[2026-06-29T22:13:19.597+0000] {logging_mixin.py:190} INFO - [2026-06-29T22:13:19.596+0000] {dag.py:4180} INFO - Setting next_dagrun for dataset_consumes_1 to None, run_after=None
[2026-06-29T22:13:19.600+0000] {logging_mixin.py:190} INFO - [2026-06-29T22:13:19.599+0000] {dag.py:4180} INFO - Setting next_dagrun for dataset_consumes_1_and_2 to None, run_after=None
[2026-06-29T22:13:19.604+0000] {logging_mixin.py:190} INFO - [2026-06-29T22:13:19.603+0000] {dag.py:4180} INFO - Setting next_dagrun for dataset_consumes_1_never_scheduled to None, run_after=None
[2026-06-29T22:13:19.607+0000] {logging_mixin.py:190} INFO - [2026-06-29T22:13:19.606+0000] {dag.py:4180} INFO - Setting next_dagrun for dataset_consumes_unknown_never_scheduled to None, run_after=None
[2026-06-29T22:13:19.614+0000] {logging_mixin.py:190} INFO - [2026-06-29T22:13:19.614+0000] {dag.py:4180} INFO - Setting next_dagrun for dataset_produces_1 to 2026-06-28 00:00:00+00:00, run_after=2026-06-29 00:00:00+00:00
[2026-06-29T22:13:19.618+0000] {logging_mixin.py:190} INFO - [2026-06-29T22:13:19.617+0000] {dag.py:4180} INFO - Setting next_dagrun for dataset_produces_2 to None, run_after=None
[2026-06-29T22:13:19.716+0000] {processor.py:208} INFO - Processing /home/airflow/.local/lib/python3.12/site-packages/airflow/example_dags/example_datasets.py took 1.560 seconds
[2026-06-29T22:13:49.815+0000] {processor.py:186} INFO - Started process (PID=756) to work on /home/airflow/.local/lib/python3.12/site-packages/airflow/example_dags/example_datasets.py
[2026-06-29T22:13:49.817+0000] {processor.py:914} INFO - Processing file /home/airflow/.local/lib/python3.12/site-packages/airflow/example_dags/example_datasets.py for tasks to queue
[2026-06-29T22:13:49.820+0000] {logging_mixin.py:190} INFO - [2026-06-29T22:13:49.820+0000] {dagbag.py:588} INFO - Filling up the DagBag from /home/airflow/.local/lib/python3.12/site-packages/airflow/example_dags/example_datasets.py
[2026-06-29T22:13:50.867+0000] {processor.py:925} INFO - DAG(s) 'consume_1_and_2_with_dataset_expressions', 'consume_1_or_2_with_dataset_expressions', 'dataset_consumes_1', 'dataset_consumes_unknown_never_scheduled', 'dataset_consumes_1_and_2', 'conditional_dataset_and_time_based_timetable', 'consume_1_or_both_2_and_3_with_dataset_expressions', 'dataset_consumes_1_never_scheduled', 'dataset_produces_1', 'dataset_produces_2' retrieved from /home/airflow/.local/lib/python3.12/site-packages/airflow/example_dags/example_datasets.py
[2026-06-29T22:13:50.925+0000] {logging_mixin.py:190} INFO - [2026-06-29T22:13:50.924+0000] {dag.py:3239} INFO - Sync 10 DAGs
[2026-06-29T22:13:50.961+0000] {logging_mixin.py:190} INFO - [2026-06-29T22:13:50.961+0000] {dag.py:4180} INFO - Setting next_dagrun for conditional_dataset_and_time_based_timetable to 2026-06-24 01:00:00+00:00, run_after=2026-06-24 01:00:00+00:00
[2026-06-29T22:13:50.968+0000] {logging_mixin.py:190} INFO - [2026-06-29T22:13:50.967+0000] {dag.py:4180} INFO - Setting next_dagrun for consume_1_and_2_with_dataset_expressions to None, run_after=None
[2026-06-29T22:13:50.971+0000] {logging_mixin.py:190} INFO - [2026-06-29T22:13:50.971+0000] {dag.py:4180} INFO - Setting next_dagrun for consume_1_or_2_with_dataset_expressions to None, run_after=None
[2026-06-29T22:13:50.974+0000] {logging_mixin.py:190} INFO - [2026-06-29T22:13:50.974+0000] {dag.py:4180} INFO - Setting next_dagrun for consume_1_or_both_2_and_3_with_dataset_expressions to None, run_after=None
[2026-06-29T22:13:50.977+0000] {logging_mixin.py:190} INFO - [2026-06-29T22:13:50.977+0000] {dag.py:4180} INFO - Setting next_dagrun for dataset_consumes_1 to None, run_after=None
[2026-06-29T22:13:50.980+0000] {logging_mixin.py:190} INFO - [2026-06-29T22:13:50.979+0000] {dag.py:4180} INFO - Setting next_dagrun for dataset_consumes_1_and_2 to None, run_after=None
[2026-06-29T22:13:50.984+0000] {logging_mixin.py:190} INFO - [2026-06-29T22:13:50.983+0000] {dag.py:4180} INFO - Setting next_dagrun for dataset_consumes_1_never_scheduled to None, run_after=None
[2026-06-29T22:13:50.987+0000] {logging_mixin.py:190} INFO - [2026-06-29T22:13:50.987+0000] {dag.py:4180} INFO - Setting next_dagrun for dataset_consumes_unknown_never_scheduled to None, run_after=None
[2026-06-29T22:13:50.992+0000] {logging_mixin.py:190} INFO - [2026-06-29T22:13:50.991+0000] {dag.py:4180} INFO - Setting next_dagrun for dataset_produces_1 to 2026-06-28 00:00:00+00:00, run_after=2026-06-29 00:00:00+00:00
[2026-06-29T22:13:50.995+0000] {logging_mixin.py:190} INFO - [2026-06-29T22:13:50.995+0000] {dag.py:4180} INFO - Setting next_dagrun for dataset_produces_2 to None, run_after=None
[2026-06-29T22:13:51.069+0000] {processor.py:208} INFO - Processing /home/airflow/.local/lib/python3.12/site-packages/airflow/example_dags/example_datasets.py took 1.261 seconds
[2026-06-29T22:14:21.473+0000] {processor.py:186} INFO - Started process (PID=820) to work on /home/airflow/.local/lib/python3.12/site-packages/airflow/example_dags/example_datasets.py
[2026-06-29T22:14:21.475+0000] {processor.py:914} INFO - Processing file /home/airflow/.local/lib/python3.12/site-packages/airflow/example_dags/example_datasets.py for tasks to queue
[2026-06-29T22:14:21.483+0000] {logging_mixin.py:190} INFO - [2026-06-29T22:14:21.482+0000] {dagbag.py:588} INFO - Filling up the DagBag from /home/airflow/.local/lib/python3.12/site-packages/airflow/example_dags/example_datasets.py
[2026-06-29T22:14:22.744+0000] {processor.py:925} INFO - DAG(s) 'dataset_produces_2', 'conditional_dataset_and_time_based_timetable', 'dataset_consumes_1_and_2', 'dataset_consumes_1_never_scheduled', 'consume_1_or_2_with_dataset_expressions', 'consume_1_and_2_with_dataset_expressions', 'dataset_consumes_unknown_never_scheduled', 'dataset_consumes_1', 'consume_1_or_both_2_and_3_with_dataset_expressions', 'dataset_produces_1' retrieved from /home/airflow/.local/lib/python3.12/site-packages/airflow/example_dags/example_datasets.py
[2026-06-29T22:14:22.868+0000] {logging_mixin.py:190} INFO - [2026-06-29T22:14:22.867+0000] {dag.py:3239} INFO - Sync 10 DAGs
[2026-06-29T22:14:22.925+0000] {logging_mixin.py:190} INFO - [2026-06-29T22:14:22.925+0000] {dag.py:4180} INFO - Setting next_dagrun for conditional_dataset_and_time_based_timetable to 2026-06-24 01:00:00+00:00, run_after=2026-06-24 01:00:00+00:00
[2026-06-29T22:14:22.940+0000] {logging_mixin.py:190} INFO - [2026-06-29T22:14:22.939+0000] {dag.py:4180} INFO - Setting next_dagrun for consume_1_and_2_with_dataset_expressions to None, run_after=None
[2026-06-29T22:14:22.947+0000] {logging_mixin.py:190} INFO - [2026-06-29T22:14:22.946+0000] {dag.py:4180} INFO - Setting next_dagrun for consume_1_or_2_with_dataset_expressions to None, run_after=None
[2026-06-29T22:14:22.954+0000] {logging_mixin.py:190} INFO - [2026-06-29T22:14:22.953+0000] {dag.py:4180} INFO - Setting next_dagrun for consume_1_or_both_2_and_3_with_dataset_expressions to None, run_after=None
[2026-06-29T22:14:22.957+0000] {logging_mixin.py:190} INFO - [2026-06-29T22:14:22.957+0000] {dag.py:4180} INFO - Setting next_dagrun for dataset_consumes_1 to None, run_after=None
[2026-06-29T22:14:22.963+0000] {logging_mixin.py:190} INFO - [2026-06-29T22:14:22.963+0000] {dag.py:4180} INFO - Setting next_dagrun for dataset_consumes_1_and_2 to None, run_after=None
[2026-06-29T22:14:22.970+0000] {logging_mixin.py:190} INFO - [2026-06-29T22:14:22.969+0000] {dag.py:4180} INFO - Setting next_dagrun for dataset_consumes_1_never_scheduled to None, run_after=None
[2026-06-29T22:14:22.979+0000] {logging_mixin.py:190} INFO - [2026-06-29T22:14:22.977+0000] {dag.py:4180} INFO - Setting next_dagrun for dataset_consumes_unknown_never_scheduled to None, run_after=None
[2026-06-29T22:14:22.986+0000] {logging_mixin.py:190} INFO - [2026-06-29T22:14:22.985+0000] {dag.py:4180} INFO - Setting next_dagrun for dataset_produces_1 to 2026-06-28 00:00:00+00:00, run_after=2026-06-29 00:00:00+00:00
[2026-06-29T22:14:22.994+0000] {logging_mixin.py:190} INFO - [2026-06-29T22:14:22.994+0000] {dag.py:4180} INFO - Setting next_dagrun for dataset_produces_2 to None, run_after=None
[2026-06-29T22:14:23.091+0000] {processor.py:208} INFO - Processing /home/airflow/.local/lib/python3.12/site-packages/airflow/example_dags/example_datasets.py took 1.628 seconds
[2026-06-29T22:14:53.416+0000] {processor.py:186} INFO - Started process (PID=884) to work on /home/airflow/.local/lib/python3.12/site-packages/airflow/example_dags/example_datasets.py
[2026-06-29T22:14:53.418+0000] {processor.py:914} INFO - Processing file /home/airflow/.local/lib/python3.12/site-packages/airflow/example_dags/example_datasets.py for tasks to queue
[2026-06-29T22:14:53.423+0000] {logging_mixin.py:190} INFO - [2026-06-29T22:14:53.422+0000] {dagbag.py:588} INFO - Filling up the DagBag from /home/airflow/.local/lib/python3.12/site-packages/airflow/example_dags/example_datasets.py
[2026-06-29T22:14:54.268+0000] {processor.py:925} INFO - DAG(s) 'dataset_consumes_unknown_never_scheduled', 'consume_1_and_2_with_dataset_expressions', 'dataset_produces_1', 'consume_1_or_both_2_and_3_with_dataset_expressions', 'dataset_produces_2', 'conditional_dataset_and_time_based_timetable', 'dataset_consumes_1_never_scheduled', 'dataset_consumes_1', 'dataset_consumes_1_and_2', 'consume_1_or_2_with_dataset_expressions' retrieved from /home/airflow/.local/lib/python3.12/site-packages/airflow/example_dags/example_datasets.py
[2026-06-29T22:14:54.377+0000] {logging_mixin.py:190} INFO - [2026-06-29T22:14:54.376+0000] {dag.py:3239} INFO - Sync 10 DAGs
[2026-06-29T22:14:54.426+0000] {logging_mixin.py:190} INFO - [2026-06-29T22:14:54.425+0000] {dag.py:4180} INFO - Setting next_dagrun for conditional_dataset_and_time_based_timetable to 2026-06-24 01:00:00+00:00, run_after=2026-06-24 01:00:00+00:00
[2026-06-29T22:14:54.435+0000] {logging_mixin.py:190} INFO - [2026-06-29T22:14:54.434+0000] {dag.py:4180} INFO - Setting next_dagrun for consume_1_and_2_with_dataset_expressions to None, run_after=None
[2026-06-29T22:14:54.438+0000] {logging_mixin.py:190} INFO - [2026-06-29T22:14:54.438+0000] {dag.py:4180} INFO - Setting next_dagrun for consume_1_or_2_with_dataset_expressions to None, run_after=None
[2026-06-29T22:14:54.442+0000] {logging_mixin.py:190} INFO - [2026-06-29T22:14:54.441+0000] {dag.py:4180} INFO - Setting next_dagrun for consume_1_or_both_2_and_3_with_dataset_expressions to None, run_after=None
[2026-06-29T22:14:54.444+0000] {logging_mixin.py:190} INFO - [2026-06-29T22:14:54.444+0000] {dag.py:4180} INFO - Setting next_dagrun for dataset_consumes_1 to None, run_after=None
[2026-06-29T22:14:54.448+0000] {logging_mixin.py:190} INFO - [2026-06-29T22:14:54.447+0000] {dag.py:4180} INFO - Setting next_dagrun for dataset_consumes_1_and_2 to None, run_after=None
[2026-06-29T22:14:54.452+0000] {logging_mixin.py:190} INFO - [2026-06-29T22:14:54.451+0000] {dag.py:4180} INFO - Setting next_dagrun for dataset_consumes_1_never_scheduled to None, run_after=None
[2026-06-29T22:14:54.455+0000] {logging_mixin.py:190} INFO - [2026-06-29T22:14:54.455+0000] {dag.py:4180} INFO - Setting next_dagrun for dataset_consumes_unknown_never_scheduled to None, run_after=None
[2026-06-29T22:14:54.461+0000] {logging_mixin.py:190} INFO - [2026-06-29T22:14:54.460+0000] {dag.py:4180} INFO - Setting next_dagrun for dataset_produces_1 to 2026-06-28 00:00:00+00:00, run_after=2026-06-29 00:00:00+00:00
[2026-06-29T22:14:54.464+0000] {logging_mixin.py:190} INFO - [2026-06-29T22:14:54.464+0000] {dag.py:4180} INFO - Setting next_dagrun for dataset_produces_2 to None, run_after=None
[2026-06-29T22:14:54.534+0000] {processor.py:208} INFO - Processing /home/airflow/.local/lib/python3.12/site-packages/airflow/example_dags/example_datasets.py took 1.128 seconds
[2026-06-29T22:15:24.825+0000] {processor.py:186} INFO - Started process (PID=948) to work on /home/airflow/.local/lib/python3.12/site-packages/airflow/example_dags/example_datasets.py
[2026-06-29T22:15:24.827+0000] {processor.py:914} INFO - Processing file /home/airflow/.local/lib/python3.12/site-packages/airflow/example_dags/example_datasets.py for tasks to queue
[2026-06-29T22:15:24.830+0000] {logging_mixin.py:190} INFO - [2026-06-29T22:15:24.830+0000] {dagbag.py:588} INFO - Filling up the DagBag from /home/airflow/.local/lib/python3.12/site-packages/airflow/example_dags/example_datasets.py
[2026-06-29T22:15:25.869+0000] {processor.py:925} INFO - DAG(s) 'consume_1_and_2_with_dataset_expressions', 'dataset_consumes_1', 'dataset_consumes_1_and_2', 'dataset_produces_2', 'dataset_produces_1', 'consume_1_or_both_2_and_3_with_dataset_expressions', 'conditional_dataset_and_time_based_timetable', 'consume_1_or_2_with_dataset_expressions', 'dataset_consumes_unknown_never_scheduled', 'dataset_consumes_1_never_scheduled' retrieved from /home/airflow/.local/lib/python3.12/site-packages/airflow/example_dags/example_datasets.py
[2026-06-29T22:15:25.974+0000] {logging_mixin.py:190} INFO - [2026-06-29T22:15:25.973+0000] {dag.py:3239} INFO - Sync 10 DAGs
[2026-06-29T22:15:26.032+0000] {logging_mixin.py:190} INFO - [2026-06-29T22:15:26.032+0000] {dag.py:4180} INFO - Setting next_dagrun for conditional_dataset_and_time_based_timetable to 2026-06-24 01:00:00+00:00, run_after=2026-06-24 01:00:00+00:00
[2026-06-29T22:15:26.040+0000] {logging_mixin.py:190} INFO - [2026-06-29T22:15:26.039+0000] {dag.py:4180} INFO - Setting next_dagrun for consume_1_and_2_with_dataset_expressions to None, run_after=None
[2026-06-29T22:15:26.045+0000] {logging_mixin.py:190} INFO - [2026-06-29T22:15:26.044+0000] {dag.py:4180} INFO - Setting next_dagrun for consume_1_or_2_with_dataset_expressions to None, run_after=None
[2026-06-29T22:15:26.049+0000] {logging_mixin.py:190} INFO - [2026-06-29T22:15:26.049+0000] {dag.py:4180} INFO - Setting next_dagrun for consume_1_or_both_2_and_3_with_dataset_expressions to None, run_after=None
[2026-06-29T22:15:26.053+0000] {logging_mixin.py:190} INFO - [2026-06-29T22:15:26.053+0000] {dag.py:4180} INFO - Setting next_dagrun for dataset_consumes_1 to None, run_after=None
[2026-06-29T22:15:26.058+0000] {logging_mixin.py:190} INFO - [2026-06-29T22:15:26.057+0000] {dag.py:4180} INFO - Setting next_dagrun for dataset_consumes_1_and_2 to None, run_after=None
[2026-06-29T22:15:26.062+0000] {logging_mixin.py:190} INFO - [2026-06-29T22:15:26.061+0000] {dag.py:4180} INFO - Setting next_dagrun for dataset_consumes_1_never_scheduled to None, run_after=None
[2026-06-29T22:15:26.066+0000] {logging_mixin.py:190} INFO - [2026-06-29T22:15:26.065+0000] {dag.py:4180} INFO - Setting next_dagrun for dataset_consumes_unknown_never_scheduled to None, run_after=None
[2026-06-29T22:15:26.072+0000] {logging_mixin.py:190} INFO - [2026-06-29T22:15:26.071+0000] {dag.py:4180} INFO - Setting next_dagrun for dataset_produces_1 to 2026-06-28 00:00:00+00:00, run_after=2026-06-29 00:00:00+00:00
[2026-06-29T22:15:26.078+0000] {logging_mixin.py:190} INFO - [2026-06-29T22:15:26.077+0000] {dag.py:4180} INFO - Setting next_dagrun for dataset_produces_2 to None, run_after=None
[2026-06-29T22:15:26.161+0000] {processor.py:208} INFO - Processing /home/airflow/.local/lib/python3.12/site-packages/airflow/example_dags/example_datasets.py took 1.349 seconds
[2026-06-29T22:15:56.323+0000] {processor.py:186} INFO - Started process (PID=1012) to work on /home/airflow/.local/lib/python3.12/site-packages/airflow/example_dags/example_datasets.py
[2026-06-29T22:15:56.324+0000] {processor.py:914} INFO - Processing file /home/airflow/.local/lib/python3.12/site-packages/airflow/example_dags/example_datasets.py for tasks to queue
[2026-06-29T22:15:56.328+0000] {logging_mixin.py:190} INFO - [2026-06-29T22:15:56.328+0000] {dagbag.py:588} INFO - Filling up the DagBag from /home/airflow/.local/lib/python3.12/site-packages/airflow/example_dags/example_datasets.py
[2026-06-29T22:15:57.314+0000] {processor.py:925} INFO - DAG(s) 'dataset_consumes_unknown_never_scheduled', 'dataset_consumes_1', 'dataset_consumes_1_and_2', 'dataset_produces_2', 'consume_1_or_both_2_and_3_with_dataset_expressions', 'conditional_dataset_and_time_based_timetable', 'dataset_consumes_1_never_scheduled', 'consume_1_and_2_with_dataset_expressions', 'dataset_produces_1', 'consume_1_or_2_with_dataset_expressions' retrieved from /home/airflow/.local/lib/python3.12/site-packages/airflow/example_dags/example_datasets.py
[2026-06-29T22:15:57.400+0000] {logging_mixin.py:190} INFO - [2026-06-29T22:15:57.400+0000] {dag.py:3239} INFO - Sync 10 DAGs
[2026-06-29T22:15:57.459+0000] {logging_mixin.py:190} INFO - [2026-06-29T22:15:57.458+0000] {dag.py:4180} INFO - Setting next_dagrun for conditional_dataset_and_time_based_timetable to 2026-06-24 01:00:00+00:00, run_after=2026-06-24 01:00:00+00:00
[2026-06-29T22:15:57.467+0000] {logging_mixin.py:190} INFO - [2026-06-29T22:15:57.466+0000] {dag.py:4180} INFO - Setting next_dagrun for consume_1_and_2_with_dataset_expressions to None, run_after=None
[2026-06-29T22:15:57.473+0000] {logging_mixin.py:190} INFO - [2026-06-29T22:15:57.472+0000] {dag.py:4180} INFO - Setting next_dagrun for consume_1_or_2_with_dataset_expressions to None, run_after=None
[2026-06-29T22:15:57.477+0000] {logging_mixin.py:190} INFO - [2026-06-29T22:15:57.476+0000] {dag.py:4180} INFO - Setting next_dagrun for consume_1_or_both_2_and_3_with_dataset_expressions to None, run_after=None
[2026-06-29T22:15:57.481+0000] {logging_mixin.py:190} INFO - [2026-06-29T22:15:57.481+0000] {dag.py:4180} INFO - Setting next_dagrun for dataset_consumes_1 to None, run_after=None
[2026-06-29T22:15:57.485+0000] {logging_mixin.py:190} INFO - [2026-06-29T22:15:57.484+0000] {dag.py:4180} INFO - Setting next_dagrun for dataset_consumes_1_and_2 to None, run_after=None
[2026-06-29T22:15:57.489+0000] {logging_mixin.py:190} INFO - [2026-06-29T22:15:57.489+0000] {dag.py:4180} INFO - Setting next_dagrun for dataset_consumes_1_never_scheduled to None, run_after=None
[2026-06-29T22:15:57.494+0000] {logging_mixin.py:190} INFO - [2026-06-29T22:15:57.493+0000] {dag.py:4180} INFO - Setting next_dagrun for dataset_consumes_unknown_never_scheduled to None, run_after=None
[2026-06-29T22:15:57.502+0000] {logging_mixin.py:190} INFO - [2026-06-29T22:15:57.501+0000] {dag.py:4180} INFO - Setting next_dagrun for dataset_produces_1 to 2026-06-28 00:00:00+00:00, run_after=2026-06-29 00:00:00+00:00
[2026-06-29T22:15:57.505+0000] {logging_mixin.py:190} INFO - [2026-06-29T22:15:57.505+0000] {dag.py:4180} INFO - Setting next_dagrun for dataset_produces_2 to None, run_after=None
[2026-06-29T22:15:57.592+0000] {processor.py:208} INFO - Processing /home/airflow/.local/lib/python3.12/site-packages/airflow/example_dags/example_datasets.py took 1.276 seconds
[2026-06-29T22:16:27.801+0000] {processor.py:186} INFO - Started process (PID=1076) to work on /home/airflow/.local/lib/python3.12/site-packages/airflow/example_dags/example_datasets.py
[2026-06-29T22:16:27.803+0000] {processor.py:914} INFO - Processing file /home/airflow/.local/lib/python3.12/site-packages/airflow/example_dags/example_datasets.py for tasks to queue
[2026-06-29T22:16:27.809+0000] {logging_mixin.py:190} INFO - [2026-06-29T22:16:27.808+0000] {dagbag.py:588} INFO - Filling up the DagBag from /home/airflow/.local/lib/python3.12/site-packages/airflow/example_dags/example_datasets.py
[2026-06-29T22:16:28.613+0000] {processor.py:925} INFO - DAG(s) 'dataset_consumes_unknown_never_scheduled', 'dataset_consumes_1', 'dataset_consumes_1_never_scheduled', 'conditional_dataset_and_time_based_timetable', 'dataset_consumes_1_and_2', 'consume_1_and_2_with_dataset_expressions', 'consume_1_or_both_2_and_3_with_dataset_expressions', 'consume_1_or_2_with_dataset_expressions', 'dataset_produces_1', 'dataset_produces_2' retrieved from /home/airflow/.local/lib/python3.12/site-packages/airflow/example_dags/example_datasets.py
[2026-06-29T22:16:28.671+0000] {logging_mixin.py:190} INFO - [2026-06-29T22:16:28.670+0000] {dag.py:3239} INFO - Sync 10 DAGs
[2026-06-29T22:16:28.702+0000] {logging_mixin.py:190} INFO - [2026-06-29T22:16:28.702+0000] {dag.py:4180} INFO - Setting next_dagrun for conditional_dataset_and_time_based_timetable to 2026-06-24 01:00:00+00:00, run_after=2026-06-24 01:00:00+00:00
[2026-06-29T22:16:28.709+0000] {logging_mixin.py:190} INFO - [2026-06-29T22:16:28.709+0000] {dag.py:4180} INFO - Setting next_dagrun for consume_1_and_2_with_dataset_expressions to None, run_after=None
[2026-06-29T22:16:28.713+0000] {logging_mixin.py:190} INFO - [2026-06-29T22:16:28.713+0000] {dag.py:4180} INFO - Setting next_dagrun for consume_1_or_2_with_dataset_expressions to None, run_after=None
[2026-06-29T22:16:28.715+0000] {logging_mixin.py:190} INFO - [2026-06-29T22:16:28.715+0000] {dag.py:4180} INFO - Setting next_dagrun for consume_1_or_both_2_and_3_with_dataset_expressions to None, run_after=None
[2026-06-29T22:16:28.717+0000] {logging_mixin.py:190} INFO - [2026-06-29T22:16:28.717+0000] {dag.py:4180} INFO - Setting next_dagrun for dataset_consumes_1 to None, run_after=None
[2026-06-29T22:16:28.720+0000] {logging_mixin.py:190} INFO - [2026-06-29T22:16:28.719+0000] {dag.py:4180} INFO - Setting next_dagrun for dataset_consumes_1_and_2 to None, run_after=None
[2026-06-29T22:16:28.723+0000] {logging_mixin.py:190} INFO - [2026-06-29T22:16:28.723+0000] {dag.py:4180} INFO - Setting next_dagrun for dataset_consumes_1_never_scheduled to None, run_after=None
[2026-06-29T22:16:28.726+0000] {logging_mixin.py:190} INFO - [2026-06-29T22:16:28.726+0000] {dag.py:4180} INFO - Setting next_dagrun for dataset_consumes_unknown_never_scheduled to None, run_after=None
[2026-06-29T22:16:28.730+0000] {logging_mixin.py:190} INFO - [2026-06-29T22:16:28.730+0000] {dag.py:4180} INFO - Setting next_dagrun for dataset_produces_1 to 2026-06-28 00:00:00+00:00, run_after=2026-06-29 00:00:00+00:00
[2026-06-29T22:16:28.733+0000] {logging_mixin.py:190} INFO - [2026-06-29T22:16:28.733+0000] {dag.py:4180} INFO - Setting next_dagrun for dataset_produces_2 to None, run_after=None
[2026-06-29T22:16:28.783+0000] {processor.py:208} INFO - Processing /home/airflow/.local/lib/python3.12/site-packages/airflow/example_dags/example_datasets.py took 0.997 seconds
[2026-06-29T22:16:58.912+0000] {processor.py:186} INFO - Started process (PID=1140) to work on /home/airflow/.local/lib/python3.12/site-packages/airflow/example_dags/example_datasets.py
[2026-06-29T22:16:58.914+0000] {processor.py:914} INFO - Processing file /home/airflow/.local/lib/python3.12/site-packages/airflow/example_dags/example_datasets.py for tasks to queue
[2026-06-29T22:16:58.917+0000] {logging_mixin.py:190} INFO - [2026-06-29T22:16:58.917+0000] {dagbag.py:588} INFO - Filling up the DagBag from /home/airflow/.local/lib/python3.12/site-packages/airflow/example_dags/example_datasets.py
[2026-06-29T22:16:59.606+0000] {processor.py:925} INFO - DAG(s) 'dataset_produces_1', 'dataset_produces_2', 'consume_1_and_2_with_dataset_expressions', 'dataset_consumes_1', 'dataset_consumes_1_never_scheduled', 'dataset_consumes_1_and_2', 'consume_1_or_2_with_dataset_expressions', 'consume_1_or_both_2_and_3_with_dataset_expressions', 'conditional_dataset_and_time_based_timetable', 'dataset_consumes_unknown_never_scheduled' retrieved from /home/airflow/.local/lib/python3.12/site-packages/airflow/example_dags/example_datasets.py
[2026-06-29T22:16:59.676+0000] {logging_mixin.py:190} INFO - [2026-06-29T22:16:59.675+0000] {dag.py:3239} INFO - Sync 10 DAGs
[2026-06-29T22:16:59.711+0000] {logging_mixin.py:190} INFO - [2026-06-29T22:16:59.711+0000] {dag.py:4180} INFO - Setting next_dagrun for conditional_dataset_and_time_based_timetable to 2026-06-24 01:00:00+00:00, run_after=2026-06-24 01:00:00+00:00
[2026-06-29T22:16:59.717+0000] {logging_mixin.py:190} INFO - [2026-06-29T22:16:59.717+0000] {dag.py:4180} INFO - Setting next_dagrun for consume_1_and_2_with_dataset_expressions to None, run_after=None
[2026-06-29T22:16:59.722+0000] {logging_mixin.py:190} INFO - [2026-06-29T22:16:59.722+0000] {dag.py:4180} INFO - Setting next_dagrun for consume_1_or_2_with_dataset_expressions to None, run_after=None
[2026-06-29T22:16:59.725+0000] {logging_mixin.py:190} INFO - [2026-06-29T22:16:59.725+0000] {dag.py:4180} INFO - Setting next_dagrun for consume_1_or_both_2_and_3_with_dataset_expressions to None, run_after=None
[2026-06-29T22:16:59.728+0000] {logging_mixin.py:190} INFO - [2026-06-29T22:16:59.728+0000] {dag.py:4180} INFO - Setting next_dagrun for dataset_consumes_1 to None, run_after=None
[2026-06-29T22:16:59.731+0000] {logging_mixin.py:190} INFO - [2026-06-29T22:16:59.731+0000] {dag.py:4180} INFO - Setting next_dagrun for dataset_consumes_1_and_2 to None, run_after=None
[2026-06-29T22:16:59.734+0000] {logging_mixin.py:190} INFO - [2026-06-29T22:16:59.734+0000] {dag.py:4180} INFO - Setting next_dagrun for dataset_consumes_1_never_scheduled to None, run_after=None
[2026-06-29T22:16:59.738+0000] {logging_mixin.py:190} INFO - [2026-06-29T22:16:59.738+0000] {dag.py:4180} INFO - Setting next_dagrun for dataset_consumes_unknown_never_scheduled to None, run_after=None
[2026-06-29T22:16:59.742+0000] {logging_mixin.py:190} INFO - [2026-06-29T22:16:59.742+0000] {dag.py:4180} INFO - Setting next_dagrun for dataset_produces_1 to 2026-06-28 00:00:00+00:00, run_after=2026-06-29 00:00:00+00:00
[2026-06-29T22:16:59.745+0000] {logging_mixin.py:190} INFO - [2026-06-29T22:16:59.744+0000] {dag.py:4180} INFO - Setting next_dagrun for dataset_produces_2 to None, run_after=None
[2026-06-29T22:16:59.796+0000] {processor.py:208} INFO - Processing /home/airflow/.local/lib/python3.12/site-packages/airflow/example_dags/example_datasets.py took 0.889 seconds
[2026-06-29T22:17:29.994+0000] {processor.py:186} INFO - Started process (PID=1204) to work on /home/airflow/.local/lib/python3.12/site-packages/airflow/example_dags/example_datasets.py
[2026-06-29T22:17:29.996+0000] {processor.py:914} INFO - Processing file /home/airflow/.local/lib/python3.12/site-packages/airflow/example_dags/example_datasets.py for tasks to queue
[2026-06-29T22:17:29.999+0000] {logging_mixin.py:190} INFO - [2026-06-29T22:17:29.998+0000] {dagbag.py:588} INFO - Filling up the DagBag from /home/airflow/.local/lib/python3.12/site-packages/airflow/example_dags/example_datasets.py
[2026-06-29T22:17:31.437+0000] {processor.py:925} INFO - DAG(s) 'consume_1_or_2_with_dataset_expressions', 'consume_1_or_both_2_and_3_with_dataset_expressions', 'consume_1_and_2_with_dataset_expressions', 'dataset_produces_2', 'dataset_consumes_unknown_never_scheduled', 'dataset_consumes_1_never_scheduled', 'dataset_consumes_1', 'conditional_dataset_and_time_based_timetable', 'dataset_produces_1', 'dataset_consumes_1_and_2' retrieved from /home/airflow/.local/lib/python3.12/site-packages/airflow/example_dags/example_datasets.py
[2026-06-29T22:17:31.562+0000] {logging_mixin.py:190} INFO - [2026-06-29T22:17:31.562+0000] {dag.py:3239} INFO - Sync 10 DAGs
[2026-06-29T22:17:31.625+0000] {logging_mixin.py:190} INFO - [2026-06-29T22:17:31.625+0000] {dag.py:4180} INFO - Setting next_dagrun for conditional_dataset_and_time_based_timetable to 2026-06-24 01:00:00+00:00, run_after=2026-06-24 01:00:00+00:00
[2026-06-29T22:17:31.635+0000] {logging_mixin.py:190} INFO - [2026-06-29T22:17:31.634+0000] {dag.py:4180} INFO - Setting next_dagrun for consume_1_and_2_with_dataset_expressions to None, run_after=None
[2026-06-29T22:17:31.640+0000] {logging_mixin.py:190} INFO - [2026-06-29T22:17:31.639+0000] {dag.py:4180} INFO - Setting next_dagrun for consume_1_or_2_with_dataset_expressions to None, run_after=None
[2026-06-29T22:17:31.645+0000] {logging_mixin.py:190} INFO - [2026-06-29T22:17:31.644+0000] {dag.py:4180} INFO - Setting next_dagrun for consume_1_or_both_2_and_3_with_dataset_expressions to None, run_after=None
[2026-06-29T22:17:31.649+0000] {logging_mixin.py:190} INFO - [2026-06-29T22:17:31.649+0000] {dag.py:4180} INFO - Setting next_dagrun for dataset_consumes_1 to None, run_after=None
[2026-06-29T22:17:31.654+0000] {logging_mixin.py:190} INFO - [2026-06-29T22:17:31.654+0000] {dag.py:4180} INFO - Setting next_dagrun for dataset_consumes_1_and_2 to None, run_after=None
[2026-06-29T22:17:31.658+0000] {logging_mixin.py:190} INFO - [2026-06-29T22:17:31.658+0000] {dag.py:4180} INFO - Setting next_dagrun for dataset_consumes_1_never_scheduled to None, run_after=None
[2026-06-29T22:17:31.662+0000] {logging_mixin.py:190} INFO - [2026-06-29T22:17:31.662+0000] {dag.py:4180} INFO - Setting next_dagrun for dataset_consumes_unknown_never_scheduled to None, run_after=None
[2026-06-29T22:17:31.669+0000] {logging_mixin.py:190} INFO - [2026-06-29T22:17:31.668+0000] {dag.py:4180} INFO - Setting next_dagrun for dataset_produces_1 to 2026-06-28 00:00:00+00:00, run_after=2026-06-29 00:00:00+00:00
[2026-06-29T22:17:31.674+0000] {logging_mixin.py:190} INFO - [2026-06-29T22:17:31.673+0000] {dag.py:4180} INFO - Setting next_dagrun for dataset_produces_2 to None, run_after=None
[2026-06-29T22:17:31.771+0000] {processor.py:208} INFO - Processing /home/airflow/.local/lib/python3.12/site-packages/airflow/example_dags/example_datasets.py took 1.784 seconds
[2026-06-29T22:18:02.153+0000] {processor.py:186} INFO - Started process (PID=1268) to work on /home/airflow/.local/lib/python3.12/site-packages/airflow/example_dags/example_datasets.py
[2026-06-29T22:18:02.156+0000] {processor.py:914} INFO - Processing file /home/airflow/.local/lib/python3.12/site-packages/airflow/example_dags/example_datasets.py for tasks to queue
[2026-06-29T22:18:02.162+0000] {logging_mixin.py:190} INFO - [2026-06-29T22:18:02.162+0000] {dagbag.py:588} INFO - Filling up the DagBag from /home/airflow/.local/lib/python3.12/site-packages/airflow/example_dags/example_datasets.py
[2026-06-29T22:18:03.266+0000] {processor.py:925} INFO - DAG(s) 'consume_1_or_both_2_and_3_with_dataset_expressions', 'dataset_produces_2', 'consume_1_or_2_with_dataset_expressions', 'consume_1_and_2_with_dataset_expressions', 'dataset_consumes_1', 'dataset_consumes_1_never_scheduled', 'dataset_produces_1', 'dataset_consumes_unknown_never_scheduled', 'dataset_consumes_1_and_2', 'conditional_dataset_and_time_based_timetable' retrieved from /home/airflow/.local/lib/python3.12/site-packages/airflow/example_dags/example_datasets.py
[2026-06-29T22:18:03.342+0000] {logging_mixin.py:190} INFO - [2026-06-29T22:18:03.342+0000] {dag.py:3239} INFO - Sync 10 DAGs
[2026-06-29T22:18:03.381+0000] {logging_mixin.py:190} INFO - [2026-06-29T22:18:03.381+0000] {dag.py:4180} INFO - Setting next_dagrun for conditional_dataset_and_time_based_timetable to 2026-06-24 01:00:00+00:00, run_after=2026-06-24 01:00:00+00:00
[2026-06-29T22:18:03.389+0000] {logging_mixin.py:190} INFO - [2026-06-29T22:18:03.389+0000] {dag.py:4180} INFO - Setting next_dagrun for consume_1_and_2_with_dataset_expressions to None, run_after=None
[2026-06-29T22:18:03.392+0000] {logging_mixin.py:190} INFO - [2026-06-29T22:18:03.391+0000] {dag.py:4180} INFO - Setting next_dagrun for consume_1_or_2_with_dataset_expressions to None, run_after=None
[2026-06-29T22:18:03.394+0000] {logging_mixin.py:190} INFO - [2026-06-29T22:18:03.394+0000] {dag.py:4180} INFO - Setting next_dagrun for consume_1_or_both_2_and_3_with_dataset_expressions to None, run_after=None
[2026-06-29T22:18:03.396+0000] {logging_mixin.py:190} INFO - [2026-06-29T22:18:03.396+0000] {dag.py:4180} INFO - Setting next_dagrun for dataset_consumes_1 to None, run_after=None
[2026-06-29T22:18:03.398+0000] {logging_mixin.py:190} INFO - [2026-06-29T22:18:03.398+0000] {dag.py:4180} INFO - Setting next_dagrun for dataset_consumes_1_and_2 to None, run_after=None
[2026-06-29T22:18:03.400+0000] {logging_mixin.py:190} INFO - [2026-06-29T22:18:03.400+0000] {dag.py:4180} INFO - Setting next_dagrun for dataset_consumes_1_never_scheduled to None, run_after=None
[2026-06-29T22:18:03.403+0000] {logging_mixin.py:190} INFO - [2026-06-29T22:18:03.402+0000] {dag.py:4180} INFO - Setting next_dagrun for dataset_consumes_unknown_never_scheduled to None, run_after=None
[2026-06-29T22:18:03.407+0000] {logging_mixin.py:190} INFO - [2026-06-29T22:18:03.406+0000] {dag.py:4180} INFO - Setting next_dagrun for dataset_produces_1 to 2026-06-28 00:00:00+00:00, run_after=2026-06-29 00:00:00+00:00
[2026-06-29T22:18:03.409+0000] {logging_mixin.py:190} INFO - [2026-06-29T22:18:03.409+0000] {dag.py:4180} INFO - Setting next_dagrun for dataset_produces_2 to None, run_after=None
[2026-06-29T22:18:03.461+0000] {processor.py:208} INFO - Processing /home/airflow/.local/lib/python3.12/site-packages/airflow/example_dags/example_datasets.py took 1.317 seconds
[2026-06-29T22:18:33.571+0000] {processor.py:186} INFO - Started process (PID=1332) to work on /home/airflow/.local/lib/python3.12/site-packages/airflow/example_dags/example_datasets.py
[2026-06-29T22:18:33.573+0000] {processor.py:914} INFO - Processing file /home/airflow/.local/lib/python3.12/site-packages/airflow/example_dags/example_datasets.py for tasks to queue
[2026-06-29T22:18:33.579+0000] {logging_mixin.py:190} INFO - [2026-06-29T22:18:33.578+0000] {dagbag.py:588} INFO - Filling up the DagBag from /home/airflow/.local/lib/python3.12/site-packages/airflow/example_dags/example_datasets.py
[2026-06-29T22:18:34.938+0000] {processor.py:925} INFO - DAG(s) 'conditional_dataset_and_time_based_timetable', 'dataset_consumes_1', 'dataset_produces_2', 'consume_1_or_both_2_and_3_with_dataset_expressions', 'dataset_consumes_1_and_2', 'consume_1_or_2_with_dataset_expressions', 'dataset_produces_1', 'dataset_consumes_1_never_scheduled', 'consume_1_and_2_with_dataset_expressions', 'dataset_consumes_unknown_never_scheduled' retrieved from /home/airflow/.local/lib/python3.12/site-packages/airflow/example_dags/example_datasets.py
[2026-06-29T22:18:35.063+0000] {logging_mixin.py:190} INFO - [2026-06-29T22:18:35.062+0000] {dag.py:3239} INFO - Sync 10 DAGs
[2026-06-29T22:18:35.126+0000] {logging_mixin.py:190} INFO - [2026-06-29T22:18:35.125+0000] {dag.py:4180} INFO - Setting next_dagrun for conditional_dataset_and_time_based_timetable to 2026-06-24 01:00:00+00:00, run_after=2026-06-24 01:00:00+00:00
[2026-06-29T22:18:35.136+0000] {logging_mixin.py:190} INFO - [2026-06-29T22:18:35.135+0000] {dag.py:4180} INFO - Setting next_dagrun for consume_1_and_2_with_dataset_expressions to None, run_after=None
[2026-06-29T22:18:35.141+0000] {logging_mixin.py:190} INFO - [2026-06-29T22:18:35.141+0000] {dag.py:4180} INFO - Setting next_dagrun for consume_1_or_2_with_dataset_expressions to None, run_after=None
[2026-06-29T22:18:35.146+0000] {logging_mixin.py:190} INFO - [2026-06-29T22:18:35.146+0000] {dag.py:4180} INFO - Setting next_dagrun for consume_1_or_both_2_and_3_with_dataset_expressions to None, run_after=None
[2026-06-29T22:18:35.152+0000] {logging_mixin.py:190} INFO - [2026-06-29T22:18:35.151+0000] {dag.py:4180} INFO - Setting next_dagrun for dataset_consumes_1 to None, run_after=None
[2026-06-29T22:18:35.157+0000] {logging_mixin.py:190} INFO - [2026-06-29T22:18:35.156+0000] {dag.py:4180} INFO - Setting next_dagrun for dataset_consumes_1_and_2 to None, run_after=None
[2026-06-29T22:18:35.162+0000] {logging_mixin.py:190} INFO - [2026-06-29T22:18:35.161+0000] {dag.py:4180} INFO - Setting next_dagrun for dataset_consumes_1_never_scheduled to None, run_after=None
[2026-06-29T22:18:35.168+0000] {logging_mixin.py:190} INFO - [2026-06-29T22:18:35.168+0000] {dag.py:4180} INFO - Setting next_dagrun for dataset_consumes_unknown_never_scheduled to None, run_after=None
[2026-06-29T22:18:35.173+0000] {logging_mixin.py:190} INFO - [2026-06-29T22:18:35.173+0000] {dag.py:4180} INFO - Setting next_dagrun for dataset_produces_1 to 2026-06-28 00:00:00+00:00, run_after=2026-06-29 00:00:00+00:00
[2026-06-29T22:18:35.179+0000] {logging_mixin.py:190} INFO - [2026-06-29T22:18:35.178+0000] {dag.py:4180} INFO - Setting next_dagrun for dataset_produces_2 to None, run_after=None
[2026-06-29T22:18:35.299+0000] {processor.py:208} INFO - Processing /home/airflow/.local/lib/python3.12/site-packages/airflow/example_dags/example_datasets.py took 1.742 seconds
[2026-06-29T22:19:05.499+0000] {processor.py:186} INFO - Started process (PID=1396) to work on /home/airflow/.local/lib/python3.12/site-packages/airflow/example_dags/example_datasets.py
[2026-06-29T22:19:05.502+0000] {processor.py:914} INFO - Processing file /home/airflow/.local/lib/python3.12/site-packages/airflow/example_dags/example_datasets.py for tasks to queue
[2026-06-29T22:19:05.506+0000] {logging_mixin.py:190} INFO - [2026-06-29T22:19:05.506+0000] {dagbag.py:588} INFO - Filling up the DagBag from /home/airflow/.local/lib/python3.12/site-packages/airflow/example_dags/example_datasets.py
[2026-06-29T22:19:06.504+0000] {processor.py:925} INFO - DAG(s) 'consume_1_and_2_with_dataset_expressions', 'consume_1_or_2_with_dataset_expressions', 'dataset_consumes_unknown_never_scheduled', 'dataset_consumes_1_never_scheduled', 'dataset_consumes_1_and_2', 'conditional_dataset_and_time_based_timetable', 'dataset_produces_2', 'consume_1_or_both_2_and_3_with_dataset_expressions', 'dataset_produces_1', 'dataset_consumes_1' retrieved from /home/airflow/.local/lib/python3.12/site-packages/airflow/example_dags/example_datasets.py
[2026-06-29T22:19:06.587+0000] {logging_mixin.py:190} INFO - [2026-06-29T22:19:06.587+0000] {dag.py:3239} INFO - Sync 10 DAGs
[2026-06-29T22:19:06.621+0000] {logging_mixin.py:190} INFO - [2026-06-29T22:19:06.621+0000] {dag.py:4180} INFO - Setting next_dagrun for conditional_dataset_and_time_based_timetable to 2026-06-24 01:00:00+00:00, run_after=2026-06-24 01:00:00+00:00
[2026-06-29T22:19:06.627+0000] {logging_mixin.py:190} INFO - [2026-06-29T22:19:06.627+0000] {dag.py:4180} INFO - Setting next_dagrun for consume_1_and_2_with_dataset_expressions to None, run_after=None
[2026-06-29T22:19:06.631+0000] {logging_mixin.py:190} INFO - [2026-06-29T22:19:06.631+0000] {dag.py:4180} INFO - Setting next_dagrun for consume_1_or_2_with_dataset_expressions to None, run_after=None
[2026-06-29T22:19:06.635+0000] {logging_mixin.py:190} INFO - [2026-06-29T22:19:06.634+0000] {dag.py:4180} INFO - Setting next_dagrun for consume_1_or_both_2_and_3_with_dataset_expressions to None, run_after=None
[2026-06-29T22:19:06.637+0000] {logging_mixin.py:190} INFO - [2026-06-29T22:19:06.637+0000] {dag.py:4180} INFO - Setting next_dagrun for dataset_consumes_1 to None, run_after=None
[2026-06-29T22:19:06.640+0000] {logging_mixin.py:190} INFO - [2026-06-29T22:19:06.639+0000] {dag.py:4180} INFO - Setting next_dagrun for dataset_consumes_1_and_2 to None, run_after=None
[2026-06-29T22:19:06.642+0000] {logging_mixin.py:190} INFO - [2026-06-29T22:19:06.642+0000] {dag.py:4180} INFO - Setting next_dagrun for dataset_consumes_1_never_scheduled to None, run_after=None
[2026-06-29T22:19:06.646+0000] {logging_mixin.py:190} INFO - [2026-06-29T22:19:06.645+0000] {dag.py:4180} INFO - Setting next_dagrun for dataset_consumes_unknown_never_scheduled to None, run_after=None
[2026-06-29T22:19:06.651+0000] {logging_mixin.py:190} INFO - [2026-06-29T22:19:06.651+0000] {dag.py:4180} INFO - Setting next_dagrun for dataset_produces_1 to 2026-06-28 00:00:00+00:00, run_after=2026-06-29 00:00:00+00:00
[2026-06-29T22:19:06.654+0000] {logging_mixin.py:190} INFO - [2026-06-29T22:19:06.654+0000] {dag.py:4180} INFO - Setting next_dagrun for dataset_produces_2 to None, run_after=None
[2026-06-29T22:19:06.714+0000] {processor.py:208} INFO - Processing /home/airflow/.local/lib/python3.12/site-packages/airflow/example_dags/example_datasets.py took 1.227 seconds
[2026-06-29T22:19:37.285+0000] {processor.py:186} INFO - Started process (PID=1460) to work on /home/airflow/.local/lib/python3.12/site-packages/airflow/example_dags/example_datasets.py
[2026-06-29T22:19:37.287+0000] {processor.py:914} INFO - Processing file /home/airflow/.local/lib/python3.12/site-packages/airflow/example_dags/example_datasets.py for tasks to queue
[2026-06-29T22:19:37.293+0000] {logging_mixin.py:190} INFO - [2026-06-29T22:19:37.292+0000] {dagbag.py:588} INFO - Filling up the DagBag from /home/airflow/.local/lib/python3.12/site-packages/airflow/example_dags/example_datasets.py
[2026-06-29T22:19:38.485+0000] {processor.py:925} INFO - DAG(s) 'consume_1_and_2_with_dataset_expressions', 'dataset_consumes_1_and_2', 'dataset_produces_2', 'dataset_consumes_1_never_scheduled', 'dataset_consumes_unknown_never_scheduled', 'dataset_consumes_1', 'consume_1_or_2_with_dataset_expressions', 'consume_1_or_both_2_and_3_with_dataset_expressions', 'conditional_dataset_and_time_based_timetable', 'dataset_produces_1' retrieved from /home/airflow/.local/lib/python3.12/site-packages/airflow/example_dags/example_datasets.py
[2026-06-29T22:19:38.567+0000] {logging_mixin.py:190} INFO - [2026-06-29T22:19:38.567+0000] {dag.py:3239} INFO - Sync 10 DAGs
[2026-06-29T22:19:38.603+0000] {logging_mixin.py:190} INFO - [2026-06-29T22:19:38.603+0000] {dag.py:4180} INFO - Setting next_dagrun for conditional_dataset_and_time_based_timetable to 2026-06-24 01:00:00+00:00, run_after=2026-06-24 01:00:00+00:00
[2026-06-29T22:19:38.608+0000] {logging_mixin.py:190} INFO - [2026-06-29T22:19:38.608+0000] {dag.py:4180} INFO - Setting next_dagrun for consume_1_and_2_with_dataset_expressions to None, run_after=None
[2026-06-29T22:19:38.611+0000] {logging_mixin.py:190} INFO - [2026-06-29T22:19:38.611+0000] {dag.py:4180} INFO - Setting next_dagrun for consume_1_or_2_with_dataset_expressions to None, run_after=None
[2026-06-29T22:19:38.615+0000] {logging_mixin.py:190} INFO - [2026-06-29T22:19:38.614+0000] {dag.py:4180} INFO - Setting next_dagrun for consume_1_or_both_2_and_3_with_dataset_expressions to None, run_after=None
[2026-06-29T22:19:38.619+0000] {logging_mixin.py:190} INFO - [2026-06-29T22:19:38.618+0000] {dag.py:4180} INFO - Setting next_dagrun for dataset_consumes_1 to None, run_after=None
[2026-06-29T22:19:38.622+0000] {logging_mixin.py:190} INFO - [2026-06-29T22:19:38.622+0000] {dag.py:4180} INFO - Setting next_dagrun for dataset_consumes_1_and_2 to None, run_after=None
[2026-06-29T22:19:38.626+0000] {logging_mixin.py:190} INFO - [2026-06-29T22:19:38.625+0000] {dag.py:4180} INFO - Setting next_dagrun for dataset_consumes_1_never_scheduled to None, run_after=None
[2026-06-29T22:19:38.629+0000] {logging_mixin.py:190} INFO - [2026-06-29T22:19:38.629+0000] {dag.py:4180} INFO - Setting next_dagrun for dataset_consumes_unknown_never_scheduled to None, run_after=None
[2026-06-29T22:19:38.636+0000] {logging_mixin.py:190} INFO - [2026-06-29T22:19:38.636+0000] {dag.py:4180} INFO - Setting next_dagrun for dataset_produces_1 to 2026-06-28 00:00:00+00:00, run_after=2026-06-29 00:00:00+00:00
[2026-06-29T22:19:38.640+0000] {logging_mixin.py:190} INFO - [2026-06-29T22:19:38.640+0000] {dag.py:4180} INFO - Setting next_dagrun for dataset_produces_2 to None, run_after=None
[2026-06-29T22:19:38.705+0000] {processor.py:208} INFO - Processing /home/airflow/.local/lib/python3.12/site-packages/airflow/example_dags/example_datasets.py took 1.437 seconds
[2026-06-29T22:20:09.592+0000] {processor.py:186} INFO - Started process (PID=1530) to work on /home/airflow/.local/lib/python3.12/site-packages/airflow/example_dags/example_datasets.py
[2026-06-29T22:20:09.601+0000] {processor.py:914} INFO - Processing file /home/airflow/.local/lib/python3.12/site-packages/airflow/example_dags/example_datasets.py for tasks to queue
[2026-06-29T22:20:09.623+0000] {logging_mixin.py:190} INFO - [2026-06-29T22:20:09.622+0000] {dagbag.py:588} INFO - Filling up the DagBag from /home/airflow/.local/lib/python3.12/site-packages/airflow/example_dags/example_datasets.py
[2026-06-29T22:20:11.201+0000] {processor.py:925} INFO - DAG(s) 'conditional_dataset_and_time_based_timetable', 'dataset_consumes_unknown_never_scheduled', 'dataset_produces_1', 'dataset_consumes_1', 'consume_1_or_2_with_dataset_expressions', 'dataset_consumes_1_and_2', 'consume_1_and_2_with_dataset_expressions', 'dataset_consumes_1_never_scheduled', 'consume_1_or_both_2_and_3_with_dataset_expressions', 'dataset_produces_2' retrieved from /home/airflow/.local/lib/python3.12/site-packages/airflow/example_dags/example_datasets.py
[2026-06-29T22:20:11.302+0000] {logging_mixin.py:190} INFO - [2026-06-29T22:20:11.301+0000] {dag.py:3239} INFO - Sync 10 DAGs
[2026-06-29T22:20:11.355+0000] {logging_mixin.py:190} INFO - [2026-06-29T22:20:11.355+0000] {dag.py:4180} INFO - Setting next_dagrun for conditional_dataset_and_time_based_timetable to 2026-06-24 01:00:00+00:00, run_after=2026-06-24 01:00:00+00:00
[2026-06-29T22:20:11.369+0000] {logging_mixin.py:190} INFO - [2026-06-29T22:20:11.368+0000] {dag.py:4180} INFO - Setting next_dagrun for consume_1_and_2_with_dataset_expressions to None, run_after=None
[2026-06-29T22:20:11.373+0000] {logging_mixin.py:190} INFO - [2026-06-29T22:20:11.373+0000] {dag.py:4180} INFO - Setting next_dagrun for consume_1_or_2_with_dataset_expressions to None, run_after=None
[2026-06-29T22:20:11.377+0000] {logging_mixin.py:190} INFO - [2026-06-29T22:20:11.377+0000] {dag.py:4180} INFO - Setting next_dagrun for consume_1_or_both_2_and_3_with_dataset_expressions to None, run_after=None
[2026-06-29T22:20:11.382+0000] {logging_mixin.py:190} INFO - [2026-06-29T22:20:11.382+0000] {dag.py:4180} INFO - Setting next_dagrun for dataset_consumes_1 to None, run_after=None
[2026-06-29T22:20:11.388+0000] {logging_mixin.py:190} INFO - [2026-06-29T22:20:11.387+0000] {dag.py:4180} INFO - Setting next_dagrun for dataset_consumes_1_and_2 to None, run_after=None
[2026-06-29T22:20:11.393+0000] {logging_mixin.py:190} INFO - [2026-06-29T22:20:11.392+0000] {dag.py:4180} INFO - Setting next_dagrun for dataset_consumes_1_never_scheduled to None, run_after=None
[2026-06-29T22:20:11.397+0000] {logging_mixin.py:190} INFO - [2026-06-29T22:20:11.397+0000] {dag.py:4180} INFO - Setting next_dagrun for dataset_consumes_unknown_never_scheduled to None, run_after=None
[2026-06-29T22:20:11.405+0000] {logging_mixin.py:190} INFO - [2026-06-29T22:20:11.405+0000] {dag.py:4180} INFO - Setting next_dagrun for dataset_produces_1 to 2026-06-28 00:00:00+00:00, run_after=2026-06-29 00:00:00+00:00
[2026-06-29T22:20:11.411+0000] {logging_mixin.py:190} INFO - [2026-06-29T22:20:11.410+0000] {dag.py:4180} INFO - Setting next_dagrun for dataset_produces_2 to None, run_after=None
[2026-06-29T22:20:11.523+0000] {processor.py:208} INFO - Processing /home/airflow/.local/lib/python3.12/site-packages/airflow/example_dags/example_datasets.py took 1.969 seconds
[2026-06-29T22:20:41.814+0000] {processor.py:186} INFO - Started process (PID=1594) to work on /home/airflow/.local/lib/python3.12/site-packages/airflow/example_dags/example_datasets.py
[2026-06-29T22:20:41.816+0000] {processor.py:914} INFO - Processing file /home/airflow/.local/lib/python3.12/site-packages/airflow/example_dags/example_datasets.py for tasks to queue
[2026-06-29T22:20:41.822+0000] {logging_mixin.py:190} INFO - [2026-06-29T22:20:41.821+0000] {dagbag.py:588} INFO - Filling up the DagBag from /home/airflow/.local/lib/python3.12/site-packages/airflow/example_dags/example_datasets.py
[2026-06-29T22:20:43.204+0000] {processor.py:925} INFO - DAG(s) 'conditional_dataset_and_time_based_timetable', 'consume_1_or_2_with_dataset_expressions', 'dataset_consumes_unknown_never_scheduled', 'consume_1_or_both_2_and_3_with_dataset_expressions', 'dataset_produces_2', 'dataset_produces_1', 'dataset_consumes_1_and_2', 'dataset_consumes_1', 'dataset_consumes_1_never_scheduled', 'consume_1_and_2_with_dataset_expressions' retrieved from /home/airflow/.local/lib/python3.12/site-packages/airflow/example_dags/example_datasets.py
[2026-06-29T22:20:43.365+0000] {logging_mixin.py:190} INFO - [2026-06-29T22:20:43.365+0000] {dag.py:3239} INFO - Sync 10 DAGs
[2026-06-29T22:20:43.459+0000] {logging_mixin.py:190} INFO - [2026-06-29T22:20:43.458+0000] {dag.py:4180} INFO - Setting next_dagrun for conditional_dataset_and_time_based_timetable to 2026-06-24 01:00:00+00:00, run_after=2026-06-24 01:00:00+00:00
[2026-06-29T22:20:43.474+0000] {logging_mixin.py:190} INFO - [2026-06-29T22:20:43.474+0000] {dag.py:4180} INFO - Setting next_dagrun for consume_1_and_2_with_dataset_expressions to None, run_after=None
[2026-06-29T22:20:43.481+0000] {logging_mixin.py:190} INFO - [2026-06-29T22:20:43.479+0000] {dag.py:4180} INFO - Setting next_dagrun for consume_1_or_2_with_dataset_expressions to None, run_after=None
[2026-06-29T22:20:43.487+0000] {logging_mixin.py:190} INFO - [2026-06-29T22:20:43.487+0000] {dag.py:4180} INFO - Setting next_dagrun for consume_1_or_both_2_and_3_with_dataset_expressions to None, run_after=None
[2026-06-29T22:20:43.492+0000] {logging_mixin.py:190} INFO - [2026-06-29T22:20:43.491+0000] {dag.py:4180} INFO - Setting next_dagrun for dataset_consumes_1 to None, run_after=None
[2026-06-29T22:20:43.502+0000] {logging_mixin.py:190} INFO - [2026-06-29T22:20:43.501+0000] {dag.py:4180} INFO - Setting next_dagrun for dataset_consumes_1_and_2 to None, run_after=None
[2026-06-29T22:20:43.508+0000] {logging_mixin.py:190} INFO - [2026-06-29T22:20:43.508+0000] {dag.py:4180} INFO - Setting next_dagrun for dataset_consumes_1_never_scheduled to None, run_after=None
[2026-06-29T22:20:43.515+0000] {logging_mixin.py:190} INFO - [2026-06-29T22:20:43.514+0000] {dag.py:4180} INFO - Setting next_dagrun for dataset_consumes_unknown_never_scheduled to None, run_after=None
[2026-06-29T22:20:43.524+0000] {logging_mixin.py:190} INFO - [2026-06-29T22:20:43.524+0000] {dag.py:4180} INFO - Setting next_dagrun for dataset_produces_1 to 2026-06-28 00:00:00+00:00, run_after=2026-06-29 00:00:00+00:00
[2026-06-29T22:20:43.528+0000] {logging_mixin.py:190} INFO - [2026-06-29T22:20:43.527+0000] {dag.py:4180} INFO - Setting next_dagrun for dataset_produces_2 to None, run_after=None
[2026-06-29T22:20:43.637+0000] {processor.py:208} INFO - Processing /home/airflow/.local/lib/python3.12/site-packages/airflow/example_dags/example_datasets.py took 1.835 seconds
[2026-06-29T22:21:13.974+0000] {processor.py:186} INFO - Started process (PID=1658) to work on /home/airflow/.local/lib/python3.12/site-packages/airflow/example_dags/example_datasets.py
[2026-06-29T22:21:13.976+0000] {processor.py:914} INFO - Processing file /home/airflow/.local/lib/python3.12/site-packages/airflow/example_dags/example_datasets.py for tasks to queue
[2026-06-29T22:21:13.979+0000] {logging_mixin.py:190} INFO - [2026-06-29T22:21:13.979+0000] {dagbag.py:588} INFO - Filling up the DagBag from /home/airflow/.local/lib/python3.12/site-packages/airflow/example_dags/example_datasets.py
[2026-06-29T22:21:15.097+0000] {processor.py:925} INFO - DAG(s) 'dataset_consumes_unknown_never_scheduled', 'consume_1_or_2_with_dataset_expressions', 'dataset_produces_2', 'dataset_consumes_1_and_2', 'dataset_consumes_1_never_scheduled', 'dataset_produces_1', 'consume_1_and_2_with_dataset_expressions', 'dataset_consumes_1', 'consume_1_or_both_2_and_3_with_dataset_expressions', 'conditional_dataset_and_time_based_timetable' retrieved from /home/airflow/.local/lib/python3.12/site-packages/airflow/example_dags/example_datasets.py
[2026-06-29T22:21:15.203+0000] {logging_mixin.py:190} INFO - [2026-06-29T22:21:15.202+0000] {dag.py:3239} INFO - Sync 10 DAGs
[2026-06-29T22:21:15.270+0000] {logging_mixin.py:190} INFO - [2026-06-29T22:21:15.270+0000] {dag.py:4180} INFO - Setting next_dagrun for conditional_dataset_and_time_based_timetable to 2026-06-24 01:00:00+00:00, run_after=2026-06-24 01:00:00+00:00
[2026-06-29T22:21:15.287+0000] {logging_mixin.py:190} INFO - [2026-06-29T22:21:15.287+0000] {dag.py:4180} INFO - Setting next_dagrun for consume_1_and_2_with_dataset_expressions to None, run_after=None
[2026-06-29T22:21:15.297+0000] {logging_mixin.py:190} INFO - [2026-06-29T22:21:15.296+0000] {dag.py:4180} INFO - Setting next_dagrun for consume_1_or_2_with_dataset_expressions to None, run_after=None
[2026-06-29T22:21:15.307+0000] {logging_mixin.py:190} INFO - [2026-06-29T22:21:15.306+0000] {dag.py:4180} INFO - Setting next_dagrun for consume_1_or_both_2_and_3_with_dataset_expressions to None, run_after=None
[2026-06-29T22:21:15.314+0000] {logging_mixin.py:190} INFO - [2026-06-29T22:21:15.313+0000] {dag.py:4180} INFO - Setting next_dagrun for dataset_consumes_1 to None, run_after=None
[2026-06-29T22:21:15.320+0000] {logging_mixin.py:190} INFO - [2026-06-29T22:21:15.319+0000] {dag.py:4180} INFO - Setting next_dagrun for dataset_consumes_1_and_2 to None, run_after=None
[2026-06-29T22:21:15.325+0000] {logging_mixin.py:190} INFO - [2026-06-29T22:21:15.324+0000] {dag.py:4180} INFO - Setting next_dagrun for dataset_consumes_1_never_scheduled to None, run_after=None
[2026-06-29T22:21:15.331+0000] {logging_mixin.py:190} INFO - [2026-06-29T22:21:15.331+0000] {dag.py:4180} INFO - Setting next_dagrun for dataset_consumes_unknown_never_scheduled to None, run_after=None
[2026-06-29T22:21:15.342+0000] {logging_mixin.py:190} INFO - [2026-06-29T22:21:15.341+0000] {dag.py:4180} INFO - Setting next_dagrun for dataset_produces_1 to 2026-06-28 00:00:00+00:00, run_after=2026-06-29 00:00:00+00:00
[2026-06-29T22:21:15.347+0000] {logging_mixin.py:190} INFO - [2026-06-29T22:21:15.346+0000] {dag.py:4180} INFO - Setting next_dagrun for dataset_produces_2 to None, run_after=None
[2026-06-29T22:21:15.471+0000] {processor.py:208} INFO - Processing /home/airflow/.local/lib/python3.12/site-packages/airflow/example_dags/example_datasets.py took 1.503 seconds
[2026-06-29T22:21:45.632+0000] {processor.py:186} INFO - Started process (PID=1725) to work on /home/airflow/.local/lib/python3.12/site-packages/airflow/example_dags/example_datasets.py
[2026-06-29T22:21:45.633+0000] {processor.py:914} INFO - Processing file /home/airflow/.local/lib/python3.12/site-packages/airflow/example_dags/example_datasets.py for tasks to queue
[2026-06-29T22:21:45.637+0000] {logging_mixin.py:190} INFO - [2026-06-29T22:21:45.637+0000] {dagbag.py:588} INFO - Filling up the DagBag from /home/airflow/.local/lib/python3.12/site-packages/airflow/example_dags/example_datasets.py
[2026-06-29T22:21:46.428+0000] {processor.py:925} INFO - DAG(s) 'dataset_produces_1', 'dataset_consumes_1_and_2', 'dataset_consumes_1', 'conditional_dataset_and_time_based_timetable', 'dataset_consumes_1_never_scheduled', 'consume_1_and_2_with_dataset_expressions', 'consume_1_or_2_with_dataset_expressions', 'dataset_produces_2', 'dataset_consumes_unknown_never_scheduled', 'consume_1_or_both_2_and_3_with_dataset_expressions' retrieved from /home/airflow/.local/lib/python3.12/site-packages/airflow/example_dags/example_datasets.py
[2026-06-29T22:21:46.485+0000] {logging_mixin.py:190} INFO - [2026-06-29T22:21:46.485+0000] {dag.py:3239} INFO - Sync 10 DAGs
[2026-06-29T22:21:46.515+0000] {logging_mixin.py:190} INFO - [2026-06-29T22:21:46.515+0000] {dag.py:4180} INFO - Setting next_dagrun for conditional_dataset_and_time_based_timetable to 2026-06-24 01:00:00+00:00, run_after=2026-06-24 01:00:00+00:00
[2026-06-29T22:21:46.520+0000] {logging_mixin.py:190} INFO - [2026-06-29T22:21:46.520+0000] {dag.py:4180} INFO - Setting next_dagrun for consume_1_and_2_with_dataset_expressions to None, run_after=None
[2026-06-29T22:21:46.523+0000] {logging_mixin.py:190} INFO - [2026-06-29T22:21:46.523+0000] {dag.py:4180} INFO - Setting next_dagrun for consume_1_or_2_with_dataset_expressions to None, run_after=None
[2026-06-29T22:21:46.526+0000] {logging_mixin.py:190} INFO - [2026-06-29T22:21:46.526+0000] {dag.py:4180} INFO - Setting next_dagrun for consume_1_or_both_2_and_3_with_dataset_expressions to None, run_after=None
[2026-06-29T22:21:46.528+0000] {logging_mixin.py:190} INFO - [2026-06-29T22:21:46.528+0000] {dag.py:4180} INFO - Setting next_dagrun for dataset_consumes_1 to None, run_after=None
[2026-06-29T22:21:46.531+0000] {logging_mixin.py:190} INFO - [2026-06-29T22:21:46.530+0000] {dag.py:4180} INFO - Setting next_dagrun for dataset_consumes_1_and_2 to None, run_after=None
[2026-06-29T22:21:46.533+0000] {logging_mixin.py:190} INFO - [2026-06-29T22:21:46.533+0000] {dag.py:4180} INFO - Setting next_dagrun for dataset_consumes_1_never_scheduled to None, run_after=None
[2026-06-29T22:21:46.535+0000] {logging_mixin.py:190} INFO - [2026-06-29T22:21:46.535+0000] {dag.py:4180} INFO - Setting next_dagrun for dataset_consumes_unknown_never_scheduled to None, run_after=None
[2026-06-29T22:21:46.538+0000] {logging_mixin.py:190} INFO - [2026-06-29T22:21:46.538+0000] {dag.py:4180} INFO - Setting next_dagrun for dataset_produces_1 to 2026-06-28 00:00:00+00:00, run_after=2026-06-29 00:00:00+00:00
[2026-06-29T22:21:46.541+0000] {logging_mixin.py:190} INFO - [2026-06-29T22:21:46.540+0000] {dag.py:4180} INFO - Setting next_dagrun for dataset_produces_2 to None, run_after=None
[2026-06-29T22:21:46.589+0000] {processor.py:208} INFO - Processing /home/airflow/.local/lib/python3.12/site-packages/airflow/example_dags/example_datasets.py took 0.969 seconds
[2026-06-29T22:22:16.831+0000] {processor.py:186} INFO - Started process (PID=1790) to work on /home/airflow/.local/lib/python3.12/site-packages/airflow/example_dags/example_datasets.py
[2026-06-29T22:22:16.833+0000] {processor.py:914} INFO - Processing file /home/airflow/.local/lib/python3.12/site-packages/airflow/example_dags/example_datasets.py for tasks to queue
[2026-06-29T22:22:16.836+0000] {logging_mixin.py:190} INFO - [2026-06-29T22:22:16.835+0000] {dagbag.py:588} INFO - Filling up the DagBag from /home/airflow/.local/lib/python3.12/site-packages/airflow/example_dags/example_datasets.py
[2026-06-29T22:22:17.460+0000] {processor.py:925} INFO - DAG(s) 'dataset_consumes_1', 'dataset_consumes_unknown_never_scheduled', 'dataset_produces_2', 'dataset_consumes_1_and_2', 'consume_1_or_both_2_and_3_with_dataset_expressions', 'consume_1_or_2_with_dataset_expressions', 'conditional_dataset_and_time_based_timetable', 'dataset_produces_1', 'dataset_consumes_1_never_scheduled', 'consume_1_and_2_with_dataset_expressions' retrieved from /home/airflow/.local/lib/python3.12/site-packages/airflow/example_dags/example_datasets.py
[2026-06-29T22:22:17.515+0000] {logging_mixin.py:190} INFO - [2026-06-29T22:22:17.515+0000] {dag.py:3239} INFO - Sync 10 DAGs
[2026-06-29T22:22:17.543+0000] {logging_mixin.py:190} INFO - [2026-06-29T22:22:17.543+0000] {dag.py:4180} INFO - Setting next_dagrun for conditional_dataset_and_time_based_timetable to 2026-06-24 01:00:00+00:00, run_after=2026-06-24 01:00:00+00:00
[2026-06-29T22:22:17.548+0000] {logging_mixin.py:190} INFO - [2026-06-29T22:22:17.548+0000] {dag.py:4180} INFO - Setting next_dagrun for consume_1_and_2_with_dataset_expressions to None, run_after=None
[2026-06-29T22:22:17.550+0000] {logging_mixin.py:190} INFO - [2026-06-29T22:22:17.550+0000] {dag.py:4180} INFO - Setting next_dagrun for consume_1_or_2_with_dataset_expressions to None, run_after=None
[2026-06-29T22:22:17.552+0000] {logging_mixin.py:190} INFO - [2026-06-29T22:22:17.552+0000] {dag.py:4180} INFO - Setting next_dagrun for consume_1_or_both_2_and_3_with_dataset_expressions to None, run_after=None
[2026-06-29T22:22:17.554+0000] {logging_mixin.py:190} INFO - [2026-06-29T22:22:17.554+0000] {dag.py:4180} INFO - Setting next_dagrun for dataset_consumes_1 to None, run_after=None
[2026-06-29T22:22:17.556+0000] {logging_mixin.py:190} INFO - [2026-06-29T22:22:17.556+0000] {dag.py:4180} INFO - Setting next_dagrun for dataset_consumes_1_and_2 to None, run_after=None
[2026-06-29T22:22:17.559+0000] {logging_mixin.py:190} INFO - [2026-06-29T22:22:17.559+0000] {dag.py:4180} INFO - Setting next_dagrun for dataset_consumes_1_never_scheduled to None, run_after=None
[2026-06-29T22:22:17.562+0000] {logging_mixin.py:190} INFO - [2026-06-29T22:22:17.561+0000] {dag.py:4180} INFO - Setting next_dagrun for dataset_consumes_unknown_never_scheduled to None, run_after=None
[2026-06-29T22:22:17.565+0000] {logging_mixin.py:190} INFO - [2026-06-29T22:22:17.565+0000] {dag.py:4180} INFO - Setting next_dagrun for dataset_produces_1 to 2026-06-28 00:00:00+00:00, run_after=2026-06-29 00:00:00+00:00
[2026-06-29T22:22:17.567+0000] {logging_mixin.py:190} INFO - [2026-06-29T22:22:17.567+0000] {dag.py:4180} INFO - Setting next_dagrun for dataset_produces_2 to None, run_after=None
[2026-06-29T22:22:17.610+0000] {processor.py:208} INFO - Processing /home/airflow/.local/lib/python3.12/site-packages/airflow/example_dags/example_datasets.py took 0.787 seconds
[2026-06-29T22:22:48.100+0000] {processor.py:186} INFO - Started process (PID=1859) to work on /home/airflow/.local/lib/python3.12/site-packages/airflow/example_dags/example_datasets.py
[2026-06-29T22:22:48.102+0000] {processor.py:914} INFO - Processing file /home/airflow/.local/lib/python3.12/site-packages/airflow/example_dags/example_datasets.py for tasks to queue
[2026-06-29T22:22:48.106+0000] {logging_mixin.py:190} INFO - [2026-06-29T22:22:48.105+0000] {dagbag.py:588} INFO - Filling up the DagBag from /home/airflow/.local/lib/python3.12/site-packages/airflow/example_dags/example_datasets.py
[2026-06-29T22:22:48.829+0000] {processor.py:925} INFO - DAG(s) 'dataset_produces_2', 'dataset_consumes_1_and_2', 'consume_1_and_2_with_dataset_expressions', 'dataset_consumes_unknown_never_scheduled', 'consume_1_or_both_2_and_3_with_dataset_expressions', 'dataset_consumes_1', 'dataset_consumes_1_never_scheduled', 'consume_1_or_2_with_dataset_expressions', 'conditional_dataset_and_time_based_timetable', 'dataset_produces_1' retrieved from /home/airflow/.local/lib/python3.12/site-packages/airflow/example_dags/example_datasets.py
[2026-06-29T22:22:48.889+0000] {logging_mixin.py:190} INFO - [2026-06-29T22:22:48.888+0000] {dag.py:3239} INFO - Sync 10 DAGs
[2026-06-29T22:22:48.918+0000] {logging_mixin.py:190} INFO - [2026-06-29T22:22:48.917+0000] {dag.py:4180} INFO - Setting next_dagrun for conditional_dataset_and_time_based_timetable to 2026-06-24 01:00:00+00:00, run_after=2026-06-24 01:00:00+00:00
[2026-06-29T22:22:48.924+0000] {logging_mixin.py:190} INFO - [2026-06-29T22:22:48.924+0000] {dag.py:4180} INFO - Setting next_dagrun for consume_1_and_2_with_dataset_expressions to None, run_after=None
[2026-06-29T22:22:48.928+0000] {logging_mixin.py:190} INFO - [2026-06-29T22:22:48.928+0000] {dag.py:4180} INFO - Setting next_dagrun for consume_1_or_2_with_dataset_expressions to None, run_after=None
[2026-06-29T22:22:48.932+0000] {logging_mixin.py:190} INFO - [2026-06-29T22:22:48.932+0000] {dag.py:4180} INFO - Setting next_dagrun for consume_1_or_both_2_and_3_with_dataset_expressions to None, run_after=None
[2026-06-29T22:22:48.935+0000] {logging_mixin.py:190} INFO - [2026-06-29T22:22:48.935+0000] {dag.py:4180} INFO - Setting next_dagrun for dataset_consumes_1 to None, run_after=None
[2026-06-29T22:22:48.939+0000] {logging_mixin.py:190} INFO - [2026-06-29T22:22:48.938+0000] {dag.py:4180} INFO - Setting next_dagrun for dataset_consumes_1_and_2 to None, run_after=None
[2026-06-29T22:22:48.943+0000] {logging_mixin.py:190} INFO - [2026-06-29T22:22:48.943+0000] {dag.py:4180} INFO - Setting next_dagrun for dataset_consumes_1_never_scheduled to None, run_after=None
[2026-06-29T22:22:48.946+0000] {logging_mixin.py:190} INFO - [2026-06-29T22:22:48.946+0000] {dag.py:4180} INFO - Setting next_dagrun for dataset_consumes_unknown_never_scheduled to None, run_after=None
[2026-06-29T22:22:48.949+0000] {logging_mixin.py:190} INFO - [2026-06-29T22:22:48.949+0000] {dag.py:4180} INFO - Setting next_dagrun for dataset_produces_1 to 2026-06-28 00:00:00+00:00, run_after=2026-06-29 00:00:00+00:00
[2026-06-29T22:22:48.951+0000] {logging_mixin.py:190} INFO - [2026-06-29T22:22:48.951+0000] {dag.py:4180} INFO - Setting next_dagrun for dataset_produces_2 to None, run_after=None
[2026-06-29T22:22:48.988+0000] {processor.py:208} INFO - Processing /home/airflow/.local/lib/python3.12/site-packages/airflow/example_dags/example_datasets.py took 0.898 seconds
[2026-06-29T22:23:19.149+0000] {processor.py:186} INFO - Started process (PID=1922) to work on /home/airflow/.local/lib/python3.12/site-packages/airflow/example_dags/example_datasets.py
[2026-06-29T22:23:19.151+0000] {processor.py:914} INFO - Processing file /home/airflow/.local/lib/python3.12/site-packages/airflow/example_dags/example_datasets.py for tasks to queue
[2026-06-29T22:23:19.155+0000] {logging_mixin.py:190} INFO - [2026-06-29T22:23:19.154+0000] {dagbag.py:588} INFO - Filling up the DagBag from /home/airflow/.local/lib/python3.12/site-packages/airflow/example_dags/example_datasets.py
[2026-06-29T22:23:19.758+0000] {processor.py:925} INFO - DAG(s) 'dataset_produces_2', 'dataset_consumes_unknown_never_scheduled', 'dataset_produces_1', 'consume_1_or_both_2_and_3_with_dataset_expressions', 'consume_1_or_2_with_dataset_expressions', 'dataset_consumes_1_never_scheduled', 'consume_1_and_2_with_dataset_expressions', 'dataset_consumes_1', 'conditional_dataset_and_time_based_timetable', 'dataset_consumes_1_and_2' retrieved from /home/airflow/.local/lib/python3.12/site-packages/airflow/example_dags/example_datasets.py
[2026-06-29T22:23:19.820+0000] {logging_mixin.py:190} INFO - [2026-06-29T22:23:19.819+0000] {dag.py:3239} INFO - Sync 10 DAGs
[2026-06-29T22:23:19.852+0000] {logging_mixin.py:190} INFO - [2026-06-29T22:23:19.852+0000] {dag.py:4180} INFO - Setting next_dagrun for conditional_dataset_and_time_based_timetable to 2026-06-24 01:00:00+00:00, run_after=2026-06-24 01:00:00+00:00
[2026-06-29T22:23:19.858+0000] {logging_mixin.py:190} INFO - [2026-06-29T22:23:19.858+0000] {dag.py:4180} INFO - Setting next_dagrun for consume_1_and_2_with_dataset_expressions to None, run_after=None
[2026-06-29T22:23:19.860+0000] {logging_mixin.py:190} INFO - [2026-06-29T22:23:19.860+0000] {dag.py:4180} INFO - Setting next_dagrun for consume_1_or_2_with_dataset_expressions to None, run_after=None
[2026-06-29T22:23:19.863+0000] {logging_mixin.py:190} INFO - [2026-06-29T22:23:19.862+0000] {dag.py:4180} INFO - Setting next_dagrun for consume_1_or_both_2_and_3_with_dataset_expressions to None, run_after=None
[2026-06-29T22:23:19.865+0000] {logging_mixin.py:190} INFO - [2026-06-29T22:23:19.865+0000] {dag.py:4180} INFO - Setting next_dagrun for dataset_consumes_1 to None, run_after=None
[2026-06-29T22:23:19.867+0000] {logging_mixin.py:190} INFO - [2026-06-29T22:23:19.867+0000] {dag.py:4180} INFO - Setting next_dagrun for dataset_consumes_1_and_2 to None, run_after=None
[2026-06-29T22:23:19.869+0000] {logging_mixin.py:190} INFO - [2026-06-29T22:23:19.869+0000] {dag.py:4180} INFO - Setting next_dagrun for dataset_consumes_1_never_scheduled to None, run_after=None
[2026-06-29T22:23:19.872+0000] {logging_mixin.py:190} INFO - [2026-06-29T22:23:19.872+0000] {dag.py:4180} INFO - Setting next_dagrun for dataset_consumes_unknown_never_scheduled to None, run_after=None
[2026-06-29T22:23:19.875+0000] {logging_mixin.py:190} INFO - [2026-06-29T22:23:19.875+0000] {dag.py:4180} INFO - Setting next_dagrun for dataset_produces_1 to 2026-06-28 00:00:00+00:00, run_after=2026-06-29 00:00:00+00:00
[2026-06-29T22:23:19.878+0000] {logging_mixin.py:190} INFO - [2026-06-29T22:23:19.877+0000] {dag.py:4180} INFO - Setting next_dagrun for dataset_produces_2 to None, run_after=None
[2026-06-29T22:23:19.917+0000] {processor.py:208} INFO - Processing /home/airflow/.local/lib/python3.12/site-packages/airflow/example_dags/example_datasets.py took 0.777 seconds
[2026-06-29T22:23:50.056+0000] {processor.py:186} INFO - Started process (PID=1991) to work on /home/airflow/.local/lib/python3.12/site-packages/airflow/example_dags/example_datasets.py
[2026-06-29T22:23:50.058+0000] {processor.py:914} INFO - Processing file /home/airflow/.local/lib/python3.12/site-packages/airflow/example_dags/example_datasets.py for tasks to queue
[2026-06-29T22:23:50.062+0000] {logging_mixin.py:190} INFO - [2026-06-29T22:23:50.061+0000] {dagbag.py:588} INFO - Filling up the DagBag from /home/airflow/.local/lib/python3.12/site-packages/airflow/example_dags/example_datasets.py
[2026-06-29T22:23:51.034+0000] {processor.py:925} INFO - DAG(s) 'consume_1_or_both_2_and_3_with_dataset_expressions', 'dataset_produces_1', 'dataset_consumes_unknown_never_scheduled', 'dataset_produces_2', 'dataset_consumes_1', 'dataset_consumes_1_and_2', 'consume_1_and_2_with_dataset_expressions', 'dataset_consumes_1_never_scheduled', 'conditional_dataset_and_time_based_timetable', 'consume_1_or_2_with_dataset_expressions' retrieved from /home/airflow/.local/lib/python3.12/site-packages/airflow/example_dags/example_datasets.py
[2026-06-29T22:23:51.104+0000] {logging_mixin.py:190} INFO - [2026-06-29T22:23:51.104+0000] {dag.py:3239} INFO - Sync 10 DAGs
[2026-06-29T22:23:51.142+0000] {logging_mixin.py:190} INFO - [2026-06-29T22:23:51.142+0000] {dag.py:4180} INFO - Setting next_dagrun for conditional_dataset_and_time_based_timetable to 2026-06-24 01:00:00+00:00, run_after=2026-06-24 01:00:00+00:00
[2026-06-29T22:23:51.147+0000] {logging_mixin.py:190} INFO - [2026-06-29T22:23:51.147+0000] {dag.py:4180} INFO - Setting next_dagrun for consume_1_and_2_with_dataset_expressions to None, run_after=None
[2026-06-29T22:23:51.150+0000] {logging_mixin.py:190} INFO - [2026-06-29T22:23:51.150+0000] {dag.py:4180} INFO - Setting next_dagrun for consume_1_or_2_with_dataset_expressions to None, run_after=None
[2026-06-29T22:23:51.152+0000] {logging_mixin.py:190} INFO - [2026-06-29T22:23:51.152+0000] {dag.py:4180} INFO - Setting next_dagrun for consume_1_or_both_2_and_3_with_dataset_expressions to None, run_after=None
[2026-06-29T22:23:51.155+0000] {logging_mixin.py:190} INFO - [2026-06-29T22:23:51.155+0000] {dag.py:4180} INFO - Setting next_dagrun for dataset_consumes_1 to None, run_after=None
[2026-06-29T22:23:51.157+0000] {logging_mixin.py:190} INFO - [2026-06-29T22:23:51.157+0000] {dag.py:4180} INFO - Setting next_dagrun for dataset_consumes_1_and_2 to None, run_after=None
[2026-06-29T22:23:51.160+0000] {logging_mixin.py:190} INFO - [2026-06-29T22:23:51.159+0000] {dag.py:4180} INFO - Setting next_dagrun for dataset_consumes_1_never_scheduled to None, run_after=None
[2026-06-29T22:23:51.162+0000] {logging_mixin.py:190} INFO - [2026-06-29T22:23:51.161+0000] {dag.py:4180} INFO - Setting next_dagrun for dataset_consumes_unknown_never_scheduled to None, run_after=None
[2026-06-29T22:23:51.165+0000] {logging_mixin.py:190} INFO - [2026-06-29T22:23:51.165+0000] {dag.py:4180} INFO - Setting next_dagrun for dataset_produces_1 to 2026-06-28 00:00:00+00:00, run_after=2026-06-29 00:00:00+00:00
[2026-06-29T22:23:51.167+0000] {logging_mixin.py:190} INFO - [2026-06-29T22:23:51.167+0000] {dag.py:4180} INFO - Setting next_dagrun for dataset_produces_2 to None, run_after=None
[2026-06-29T22:23:51.205+0000] {processor.py:208} INFO - Processing /home/airflow/.local/lib/python3.12/site-packages/airflow/example_dags/example_datasets.py took 1.156 seconds
[2026-06-29T22:24:21.405+0000] {processor.py:186} INFO - Started process (PID=2059) to work on /home/airflow/.local/lib/python3.12/site-packages/airflow/example_dags/example_datasets.py
[2026-06-29T22:24:21.406+0000] {processor.py:914} INFO - Processing file /home/airflow/.local/lib/python3.12/site-packages/airflow/example_dags/example_datasets.py for tasks to queue
[2026-06-29T22:24:21.410+0000] {logging_mixin.py:190} INFO - [2026-06-29T22:24:21.409+0000] {dagbag.py:588} INFO - Filling up the DagBag from /home/airflow/.local/lib/python3.12/site-packages/airflow/example_dags/example_datasets.py
[2026-06-29T22:24:22.032+0000] {processor.py:925} INFO - DAG(s) 'dataset_consumes_unknown_never_scheduled', 'consume_1_or_2_with_dataset_expressions', 'dataset_consumes_1', 'consume_1_and_2_with_dataset_expressions', 'dataset_produces_1', 'dataset_consumes_1_and_2', 'dataset_produces_2', 'dataset_consumes_1_never_scheduled', 'consume_1_or_both_2_and_3_with_dataset_expressions', 'conditional_dataset_and_time_based_timetable' retrieved from /home/airflow/.local/lib/python3.12/site-packages/airflow/example_dags/example_datasets.py
[2026-06-29T22:24:22.074+0000] {logging_mixin.py:190} INFO - [2026-06-29T22:24:22.074+0000] {dag.py:3239} INFO - Sync 10 DAGs
[2026-06-29T22:24:22.097+0000] {logging_mixin.py:190} INFO - [2026-06-29T22:24:22.097+0000] {dag.py:4180} INFO - Setting next_dagrun for conditional_dataset_and_time_based_timetable to 2026-06-24 01:00:00+00:00, run_after=2026-06-24 01:00:00+00:00
[2026-06-29T22:24:22.102+0000] {logging_mixin.py:190} INFO - [2026-06-29T22:24:22.101+0000] {dag.py:4180} INFO - Setting next_dagrun for consume_1_and_2_with_dataset_expressions to None, run_after=None
[2026-06-29T22:24:22.104+0000] {logging_mixin.py:190} INFO - [2026-06-29T22:24:22.104+0000] {dag.py:4180} INFO - Setting next_dagrun for consume_1_or_2_with_dataset_expressions to None, run_after=None
[2026-06-29T22:24:22.106+0000] {logging_mixin.py:190} INFO - [2026-06-29T22:24:22.106+0000] {dag.py:4180} INFO - Setting next_dagrun for consume_1_or_both_2_and_3_with_dataset_expressions to None, run_after=None
[2026-06-29T22:24:22.108+0000] {logging_mixin.py:190} INFO - [2026-06-29T22:24:22.108+0000] {dag.py:4180} INFO - Setting next_dagrun for dataset_consumes_1 to None, run_after=None
[2026-06-29T22:24:22.111+0000] {logging_mixin.py:190} INFO - [2026-06-29T22:24:22.111+0000] {dag.py:4180} INFO - Setting next_dagrun for dataset_consumes_1_and_2 to None, run_after=None
[2026-06-29T22:24:22.113+0000] {logging_mixin.py:190} INFO - [2026-06-29T22:24:22.113+0000] {dag.py:4180} INFO - Setting next_dagrun for dataset_consumes_1_never_scheduled to None, run_after=None
[2026-06-29T22:24:22.115+0000] {logging_mixin.py:190} INFO - [2026-06-29T22:24:22.115+0000] {dag.py:4180} INFO - Setting next_dagrun for dataset_consumes_unknown_never_scheduled to None, run_after=None
[2026-06-29T22:24:22.118+0000] {logging_mixin.py:190} INFO - [2026-06-29T22:24:22.118+0000] {dag.py:4180} INFO - Setting next_dagrun for dataset_produces_1 to 2026-06-28 00:00:00+00:00, run_after=2026-06-29 00:00:00+00:00
[2026-06-29T22:24:22.121+0000] {logging_mixin.py:190} INFO - [2026-06-29T22:24:22.121+0000] {dag.py:4180} INFO - Setting next_dagrun for dataset_produces_2 to None, run_after=None
[2026-06-29T22:24:22.159+0000] {processor.py:208} INFO - Processing /home/airflow/.local/lib/python3.12/site-packages/airflow/example_dags/example_datasets.py took 0.761 seconds
[2026-06-29T22:24:52.323+0000] {processor.py:186} INFO - Started process (PID=2123) to work on /home/airflow/.local/lib/python3.12/site-packages/airflow/example_dags/example_datasets.py
[2026-06-29T22:24:52.325+0000] {processor.py:914} INFO - Processing file /home/airflow/.local/lib/python3.12/site-packages/airflow/example_dags/example_datasets.py for tasks to queue
[2026-06-29T22:24:52.331+0000] {logging_mixin.py:190} INFO - [2026-06-29T22:24:52.331+0000] {dagbag.py:588} INFO - Filling up the DagBag from /home/airflow/.local/lib/python3.12/site-packages/airflow/example_dags/example_datasets.py
[2026-06-29T22:24:53.157+0000] {processor.py:925} INFO - DAG(s) 'dataset_produces_1', 'dataset_produces_2', 'dataset_consumes_unknown_never_scheduled', 'dataset_consumes_1_never_scheduled', 'consume_1_and_2_with_dataset_expressions', 'dataset_consumes_1', 'consume_1_or_both_2_and_3_with_dataset_expressions', 'conditional_dataset_and_time_based_timetable', 'consume_1_or_2_with_dataset_expressions', 'dataset_consumes_1_and_2' retrieved from /home/airflow/.local/lib/python3.12/site-packages/airflow/example_dags/example_datasets.py
[2026-06-29T22:24:53.211+0000] {logging_mixin.py:190} INFO - [2026-06-29T22:24:53.211+0000] {dag.py:3239} INFO - Sync 10 DAGs
[2026-06-29T22:24:53.241+0000] {logging_mixin.py:190} INFO - [2026-06-29T22:24:53.240+0000] {dag.py:4180} INFO - Setting next_dagrun for conditional_dataset_and_time_based_timetable to 2026-06-24 01:00:00+00:00, run_after=2026-06-24 01:00:00+00:00
[2026-06-29T22:24:53.245+0000] {logging_mixin.py:190} INFO - [2026-06-29T22:24:53.245+0000] {dag.py:4180} INFO - Setting next_dagrun for consume_1_and_2_with_dataset_expressions to None, run_after=None
[2026-06-29T22:24:53.248+0000] {logging_mixin.py:190} INFO - [2026-06-29T22:24:53.247+0000] {dag.py:4180} INFO - Setting next_dagrun for consume_1_or_2_with_dataset_expressions to None, run_after=None
[2026-06-29T22:24:53.249+0000] {logging_mixin.py:190} INFO - [2026-06-29T22:24:53.249+0000] {dag.py:4180} INFO - Setting next_dagrun for consume_1_or_both_2_and_3_with_dataset_expressions to None, run_after=None
[2026-06-29T22:24:53.252+0000] {logging_mixin.py:190} INFO - [2026-06-29T22:24:53.252+0000] {dag.py:4180} INFO - Setting next_dagrun for dataset_consumes_1 to None, run_after=None
[2026-06-29T22:24:53.255+0000] {logging_mixin.py:190} INFO - [2026-06-29T22:24:53.255+0000] {dag.py:4180} INFO - Setting next_dagrun for dataset_consumes_1_and_2 to None, run_after=None
[2026-06-29T22:24:53.257+0000] {logging_mixin.py:190} INFO - [2026-06-29T22:24:53.257+0000] {dag.py:4180} INFO - Setting next_dagrun for dataset_consumes_1_never_scheduled to None, run_after=None
[2026-06-29T22:24:53.259+0000] {logging_mixin.py:190} INFO - [2026-06-29T22:24:53.259+0000] {dag.py:4180} INFO - Setting next_dagrun for dataset_consumes_unknown_never_scheduled to None, run_after=None
[2026-06-29T22:24:53.262+0000] {logging_mixin.py:190} INFO - [2026-06-29T22:24:53.262+0000] {dag.py:4180} INFO - Setting next_dagrun for dataset_produces_1 to 2026-06-28 00:00:00+00:00, run_after=2026-06-29 00:00:00+00:00
[2026-06-29T22:24:53.267+0000] {logging_mixin.py:190} INFO - [2026-06-29T22:24:53.267+0000] {dag.py:4180} INFO - Setting next_dagrun for dataset_produces_2 to None, run_after=None
[2026-06-29T22:24:53.310+0000] {processor.py:208} INFO - Processing /home/airflow/.local/lib/python3.12/site-packages/airflow/example_dags/example_datasets.py took 0.996 seconds
[2026-06-29T22:25:23.376+0000] {processor.py:186} INFO - Started process (PID=2188) to work on /home/airflow/.local/lib/python3.12/site-packages/airflow/example_dags/example_datasets.py
[2026-06-29T22:25:23.378+0000] {processor.py:914} INFO - Processing file /home/airflow/.local/lib/python3.12/site-packages/airflow/example_dags/example_datasets.py for tasks to queue
[2026-06-29T22:25:23.381+0000] {logging_mixin.py:190} INFO - [2026-06-29T22:25:23.380+0000] {dagbag.py:588} INFO - Filling up the DagBag from /home/airflow/.local/lib/python3.12/site-packages/airflow/example_dags/example_datasets.py
[2026-06-29T22:25:24.039+0000] {processor.py:925} INFO - DAG(s) 'dataset_produces_2', 'consume_1_or_both_2_and_3_with_dataset_expressions', 'dataset_consumes_1', 'consume_1_or_2_with_dataset_expressions', 'dataset_produces_1', 'conditional_dataset_and_time_based_timetable', 'dataset_consumes_unknown_never_scheduled', 'dataset_consumes_1_and_2', 'dataset_consumes_1_never_scheduled', 'consume_1_and_2_with_dataset_expressions' retrieved from /home/airflow/.local/lib/python3.12/site-packages/airflow/example_dags/example_datasets.py
[2026-06-29T22:25:24.093+0000] {logging_mixin.py:190} INFO - [2026-06-29T22:25:24.092+0000] {dag.py:3239} INFO - Sync 10 DAGs
[2026-06-29T22:25:24.122+0000] {logging_mixin.py:190} INFO - [2026-06-29T22:25:24.121+0000] {dag.py:4180} INFO - Setting next_dagrun for conditional_dataset_and_time_based_timetable to 2026-06-24 01:00:00+00:00, run_after=2026-06-24 01:00:00+00:00
[2026-06-29T22:25:24.126+0000] {logging_mixin.py:190} INFO - [2026-06-29T22:25:24.126+0000] {dag.py:4180} INFO - Setting next_dagrun for consume_1_and_2_with_dataset_expressions to None, run_after=None
[2026-06-29T22:25:24.128+0000] {logging_mixin.py:190} INFO - [2026-06-29T22:25:24.128+0000] {dag.py:4180} INFO - Setting next_dagrun for consume_1_or_2_with_dataset_expressions to None, run_after=None
[2026-06-29T22:25:24.131+0000] {logging_mixin.py:190} INFO - [2026-06-29T22:25:24.131+0000] {dag.py:4180} INFO - Setting next_dagrun for consume_1_or_both_2_and_3_with_dataset_expressions to None, run_after=None
[2026-06-29T22:25:24.134+0000] {logging_mixin.py:190} INFO - [2026-06-29T22:25:24.134+0000] {dag.py:4180} INFO - Setting next_dagrun for dataset_consumes_1 to None, run_after=None
[2026-06-29T22:25:24.137+0000] {logging_mixin.py:190} INFO - [2026-06-29T22:25:24.137+0000] {dag.py:4180} INFO - Setting next_dagrun for dataset_consumes_1_and_2 to None, run_after=None
[2026-06-29T22:25:24.139+0000] {logging_mixin.py:190} INFO - [2026-06-29T22:25:24.139+0000] {dag.py:4180} INFO - Setting next_dagrun for dataset_consumes_1_never_scheduled to None, run_after=None
[2026-06-29T22:25:24.142+0000] {logging_mixin.py:190} INFO - [2026-06-29T22:25:24.142+0000] {dag.py:4180} INFO - Setting next_dagrun for dataset_consumes_unknown_never_scheduled to None, run_after=None
[2026-06-29T22:25:24.145+0000] {logging_mixin.py:190} INFO - [2026-06-29T22:25:24.145+0000] {dag.py:4180} INFO - Setting next_dagrun for dataset_produces_1 to 2026-06-28 00:00:00+00:00, run_after=2026-06-29 00:00:00+00:00
[2026-06-29T22:25:24.147+0000] {logging_mixin.py:190} INFO - [2026-06-29T22:25:24.147+0000] {dag.py:4180} INFO - Setting next_dagrun for dataset_produces_2 to None, run_after=None
[2026-06-29T22:25:24.189+0000] {processor.py:208} INFO - Processing /home/airflow/.local/lib/python3.12/site-packages/airflow/example_dags/example_datasets.py took 0.819 seconds
[2026-06-29T22:25:54.530+0000] {processor.py:186} INFO - Started process (PID=2252) to work on /home/airflow/.local/lib/python3.12/site-packages/airflow/example_dags/example_datasets.py
[2026-06-29T22:25:54.532+0000] {processor.py:914} INFO - Processing file /home/airflow/.local/lib/python3.12/site-packages/airflow/example_dags/example_datasets.py for tasks to queue
[2026-06-29T22:25:54.535+0000] {logging_mixin.py:190} INFO - [2026-06-29T22:25:54.535+0000] {dagbag.py:588} INFO - Filling up the DagBag from /home/airflow/.local/lib/python3.12/site-packages/airflow/example_dags/example_datasets.py
[2026-06-29T22:25:55.185+0000] {processor.py:925} INFO - DAG(s) 'dataset_consumes_1', 'consume_1_or_both_2_and_3_with_dataset_expressions', 'dataset_consumes_1_and_2', 'dataset_consumes_1_never_scheduled', 'dataset_produces_1', 'conditional_dataset_and_time_based_timetable', 'consume_1_and_2_with_dataset_expressions', 'consume_1_or_2_with_dataset_expressions', 'dataset_produces_2', 'dataset_consumes_unknown_never_scheduled' retrieved from /home/airflow/.local/lib/python3.12/site-packages/airflow/example_dags/example_datasets.py
[2026-06-29T22:25:55.231+0000] {logging_mixin.py:190} INFO - [2026-06-29T22:25:55.231+0000] {dag.py:3239} INFO - Sync 10 DAGs
[2026-06-29T22:25:55.254+0000] {logging_mixin.py:190} INFO - [2026-06-29T22:25:55.254+0000] {dag.py:4180} INFO - Setting next_dagrun for conditional_dataset_and_time_based_timetable to 2026-06-24 01:00:00+00:00, run_after=2026-06-24 01:00:00+00:00
[2026-06-29T22:25:55.259+0000] {logging_mixin.py:190} INFO - [2026-06-29T22:25:55.258+0000] {dag.py:4180} INFO - Setting next_dagrun for consume_1_and_2_with_dataset_expressions to None, run_after=None
[2026-06-29T22:25:55.261+0000] {logging_mixin.py:190} INFO - [2026-06-29T22:25:55.261+0000] {dag.py:4180} INFO - Setting next_dagrun for consume_1_or_2_with_dataset_expressions to None, run_after=None
[2026-06-29T22:25:55.263+0000] {logging_mixin.py:190} INFO - [2026-06-29T22:25:55.263+0000] {dag.py:4180} INFO - Setting next_dagrun for consume_1_or_both_2_and_3_with_dataset_expressions to None, run_after=None
[2026-06-29T22:25:55.264+0000] {logging_mixin.py:190} INFO - [2026-06-29T22:25:55.264+0000] {dag.py:4180} INFO - Setting next_dagrun for dataset_consumes_1 to None, run_after=None
[2026-06-29T22:25:55.267+0000] {logging_mixin.py:190} INFO - [2026-06-29T22:25:55.266+0000] {dag.py:4180} INFO - Setting next_dagrun for dataset_consumes_1_and_2 to None, run_after=None
[2026-06-29T22:25:55.268+0000] {logging_mixin.py:190} INFO - [2026-06-29T22:25:55.268+0000] {dag.py:4180} INFO - Setting next_dagrun for dataset_consumes_1_never_scheduled to None, run_after=None
[2026-06-29T22:25:55.270+0000] {logging_mixin.py:190} INFO - [2026-06-29T22:25:55.270+0000] {dag.py:4180} INFO - Setting next_dagrun for dataset_consumes_unknown_never_scheduled to None, run_after=None
[2026-06-29T22:25:55.273+0000] {logging_mixin.py:190} INFO - [2026-06-29T22:25:55.273+0000] {dag.py:4180} INFO - Setting next_dagrun for dataset_produces_1 to 2026-06-28 00:00:00+00:00, run_after=2026-06-29 00:00:00+00:00
[2026-06-29T22:25:55.275+0000] {logging_mixin.py:190} INFO - [2026-06-29T22:25:55.275+0000] {dag.py:4180} INFO - Setting next_dagrun for dataset_produces_2 to None, run_after=None
[2026-06-29T22:25:55.307+0000] {processor.py:208} INFO - Processing /home/airflow/.local/lib/python3.12/site-packages/airflow/example_dags/example_datasets.py took 0.784 seconds
[2026-06-29T22:26:25.954+0000] {processor.py:186} INFO - Started process (PID=2319) to work on /home/airflow/.local/lib/python3.12/site-packages/airflow/example_dags/example_datasets.py
[2026-06-29T22:26:25.956+0000] {processor.py:914} INFO - Processing file /home/airflow/.local/lib/python3.12/site-packages/airflow/example_dags/example_datasets.py for tasks to queue
[2026-06-29T22:26:25.959+0000] {logging_mixin.py:190} INFO - [2026-06-29T22:26:25.959+0000] {dagbag.py:588} INFO - Filling up the DagBag from /home/airflow/.local/lib/python3.12/site-packages/airflow/example_dags/example_datasets.py
[2026-06-29T22:26:26.510+0000] {processor.py:925} INFO - DAG(s) 'consume_1_and_2_with_dataset_expressions', 'conditional_dataset_and_time_based_timetable', 'dataset_consumes_1_and_2', 'dataset_produces_1', 'dataset_consumes_1_never_scheduled', 'dataset_produces_2', 'dataset_consumes_1', 'dataset_consumes_unknown_never_scheduled', 'consume_1_or_both_2_and_3_with_dataset_expressions', 'consume_1_or_2_with_dataset_expressions' retrieved from /home/airflow/.local/lib/python3.12/site-packages/airflow/example_dags/example_datasets.py
[2026-06-29T22:26:26.552+0000] {logging_mixin.py:190} INFO - [2026-06-29T22:26:26.552+0000] {dag.py:3239} INFO - Sync 10 DAGs
[2026-06-29T22:26:26.577+0000] {logging_mixin.py:190} INFO - [2026-06-29T22:26:26.577+0000] {dag.py:4180} INFO - Setting next_dagrun for conditional_dataset_and_time_based_timetable to 2026-06-24 01:00:00+00:00, run_after=2026-06-24 01:00:00+00:00
[2026-06-29T22:26:26.582+0000] {logging_mixin.py:190} INFO - [2026-06-29T22:26:26.581+0000] {dag.py:4180} INFO - Setting next_dagrun for consume_1_and_2_with_dataset_expressions to None, run_after=None
[2026-06-29T22:26:26.584+0000] {logging_mixin.py:190} INFO - [2026-06-29T22:26:26.583+0000] {dag.py:4180} INFO - Setting next_dagrun for consume_1_or_2_with_dataset_expressions to None, run_after=None
[2026-06-29T22:26:26.585+0000] {logging_mixin.py:190} INFO - [2026-06-29T22:26:26.585+0000] {dag.py:4180} INFO - Setting next_dagrun for consume_1_or_both_2_and_3_with_dataset_expressions to None, run_after=None
[2026-06-29T22:26:26.587+0000] {logging_mixin.py:190} INFO - [2026-06-29T22:26:26.587+0000] {dag.py:4180} INFO - Setting next_dagrun for dataset_consumes_1 to None, run_after=None
[2026-06-29T22:26:26.589+0000] {logging_mixin.py:190} INFO - [2026-06-29T22:26:26.589+0000] {dag.py:4180} INFO - Setting next_dagrun for dataset_consumes_1_and_2 to None, run_after=None
[2026-06-29T22:26:26.591+0000] {logging_mixin.py:190} INFO - [2026-06-29T22:26:26.591+0000] {dag.py:4180} INFO - Setting next_dagrun for dataset_consumes_1_never_scheduled to None, run_after=None
[2026-06-29T22:26:26.593+0000] {logging_mixin.py:190} INFO - [2026-06-29T22:26:26.593+0000] {dag.py:4180} INFO - Setting next_dagrun for dataset_consumes_unknown_never_scheduled to None, run_after=None
[2026-06-29T22:26:26.596+0000] {logging_mixin.py:190} INFO - [2026-06-29T22:26:26.595+0000] {dag.py:4180} INFO - Setting next_dagrun for dataset_produces_1 to 2026-06-28 00:00:00+00:00, run_after=2026-06-29 00:00:00+00:00
[2026-06-29T22:26:26.597+0000] {logging_mixin.py:190} INFO - [2026-06-29T22:26:26.597+0000] {dag.py:4180} INFO - Setting next_dagrun for dataset_produces_2 to None, run_after=None
[2026-06-29T22:26:26.630+0000] {processor.py:208} INFO - Processing /home/airflow/.local/lib/python3.12/site-packages/airflow/example_dags/example_datasets.py took 0.683 seconds
[2026-06-29T22:26:57.429+0000] {processor.py:186} INFO - Started process (PID=2383) to work on /home/airflow/.local/lib/python3.12/site-packages/airflow/example_dags/example_datasets.py
[2026-06-29T22:26:57.431+0000] {processor.py:914} INFO - Processing file /home/airflow/.local/lib/python3.12/site-packages/airflow/example_dags/example_datasets.py for tasks to queue
[2026-06-29T22:26:57.434+0000] {logging_mixin.py:190} INFO - [2026-06-29T22:26:57.434+0000] {dagbag.py:588} INFO - Filling up the DagBag from /home/airflow/.local/lib/python3.12/site-packages/airflow/example_dags/example_datasets.py
[2026-06-29T22:26:58.039+0000] {processor.py:925} INFO - DAG(s) 'dataset_consumes_1_never_scheduled', 'consume_1_and_2_with_dataset_expressions', 'consume_1_or_both_2_and_3_with_dataset_expressions', 'consume_1_or_2_with_dataset_expressions', 'dataset_produces_1', 'dataset_produces_2', 'dataset_consumes_unknown_never_scheduled', 'conditional_dataset_and_time_based_timetable', 'dataset_consumes_1_and_2', 'dataset_consumes_1' retrieved from /home/airflow/.local/lib/python3.12/site-packages/airflow/example_dags/example_datasets.py
[2026-06-29T22:26:58.089+0000] {logging_mixin.py:190} INFO - [2026-06-29T22:26:58.089+0000] {dag.py:3239} INFO - Sync 10 DAGs
[2026-06-29T22:26:58.122+0000] {logging_mixin.py:190} INFO - [2026-06-29T22:26:58.121+0000] {dag.py:4180} INFO - Setting next_dagrun for conditional_dataset_and_time_based_timetable to 2026-06-24 01:00:00+00:00, run_after=2026-06-24 01:00:00+00:00
[2026-06-29T22:26:58.128+0000] {logging_mixin.py:190} INFO - [2026-06-29T22:26:58.128+0000] {dag.py:4180} INFO - Setting next_dagrun for consume_1_and_2_with_dataset_expressions to None, run_after=None
[2026-06-29T22:26:58.131+0000] {logging_mixin.py:190} INFO - [2026-06-29T22:26:58.130+0000] {dag.py:4180} INFO - Setting next_dagrun for consume_1_or_2_with_dataset_expressions to None, run_after=None
[2026-06-29T22:26:58.133+0000] {logging_mixin.py:190} INFO - [2026-06-29T22:26:58.133+0000] {dag.py:4180} INFO - Setting next_dagrun for consume_1_or_both_2_and_3_with_dataset_expressions to None, run_after=None
[2026-06-29T22:26:58.135+0000] {logging_mixin.py:190} INFO - [2026-06-29T22:26:58.135+0000] {dag.py:4180} INFO - Setting next_dagrun for dataset_consumes_1 to None, run_after=None
[2026-06-29T22:26:58.137+0000] {logging_mixin.py:190} INFO - [2026-06-29T22:26:58.137+0000] {dag.py:4180} INFO - Setting next_dagrun for dataset_consumes_1_and_2 to None, run_after=None
[2026-06-29T22:26:58.140+0000] {logging_mixin.py:190} INFO - [2026-06-29T22:26:58.139+0000] {dag.py:4180} INFO - Setting next_dagrun for dataset_consumes_1_never_scheduled to None, run_after=None
[2026-06-29T22:26:58.142+0000] {logging_mixin.py:190} INFO - [2026-06-29T22:26:58.142+0000] {dag.py:4180} INFO - Setting next_dagrun for dataset_consumes_unknown_never_scheduled to None, run_after=None
[2026-06-29T22:26:58.146+0000] {logging_mixin.py:190} INFO - [2026-06-29T22:26:58.145+0000] {dag.py:4180} INFO - Setting next_dagrun for dataset_produces_1 to 2026-06-28 00:00:00+00:00, run_after=2026-06-29 00:00:00+00:00
[2026-06-29T22:26:58.148+0000] {logging_mixin.py:190} INFO - [2026-06-29T22:26:58.147+0000] {dag.py:4180} INFO - Setting next_dagrun for dataset_produces_2 to None, run_after=None
[2026-06-29T22:26:58.190+0000] {processor.py:208} INFO - Processing /home/airflow/.local/lib/python3.12/site-packages/airflow/example_dags/example_datasets.py took 0.770 seconds
[2026-06-29T22:27:28.593+0000] {processor.py:186} INFO - Started process (PID=2453) to work on /home/airflow/.local/lib/python3.12/site-packages/airflow/example_dags/example_datasets.py
[2026-06-29T22:27:28.595+0000] {processor.py:914} INFO - Processing file /home/airflow/.local/lib/python3.12/site-packages/airflow/example_dags/example_datasets.py for tasks to queue
[2026-06-29T22:27:28.598+0000] {logging_mixin.py:190} INFO - [2026-06-29T22:27:28.598+0000] {dagbag.py:588} INFO - Filling up the DagBag from /home/airflow/.local/lib/python3.12/site-packages/airflow/example_dags/example_datasets.py
[2026-06-29T22:27:29.160+0000] {processor.py:925} INFO - DAG(s) 'consume_1_or_2_with_dataset_expressions', 'dataset_produces_2', 'consume_1_or_both_2_and_3_with_dataset_expressions', 'dataset_consumes_1', 'dataset_produces_1', 'dataset_consumes_1_and_2', 'conditional_dataset_and_time_based_timetable', 'consume_1_and_2_with_dataset_expressions', 'dataset_consumes_1_never_scheduled', 'dataset_consumes_unknown_never_scheduled' retrieved from /home/airflow/.local/lib/python3.12/site-packages/airflow/example_dags/example_datasets.py
[2026-06-29T22:27:29.205+0000] {logging_mixin.py:190} INFO - [2026-06-29T22:27:29.204+0000] {dag.py:3239} INFO - Sync 10 DAGs
[2026-06-29T22:27:29.231+0000] {logging_mixin.py:190} INFO - [2026-06-29T22:27:29.231+0000] {dag.py:4180} INFO - Setting next_dagrun for conditional_dataset_and_time_based_timetable to 2026-06-24 01:00:00+00:00, run_after=2026-06-24 01:00:00+00:00
[2026-06-29T22:27:29.236+0000] {logging_mixin.py:190} INFO - [2026-06-29T22:27:29.236+0000] {dag.py:4180} INFO - Setting next_dagrun for consume_1_and_2_with_dataset_expressions to None, run_after=None
[2026-06-29T22:27:29.239+0000] {logging_mixin.py:190} INFO - [2026-06-29T22:27:29.239+0000] {dag.py:4180} INFO - Setting next_dagrun for consume_1_or_2_with_dataset_expressions to None, run_after=None
[2026-06-29T22:27:29.241+0000] {logging_mixin.py:190} INFO - [2026-06-29T22:27:29.241+0000] {dag.py:4180} INFO - Setting next_dagrun for consume_1_or_both_2_and_3_with_dataset_expressions to None, run_after=None
[2026-06-29T22:27:29.243+0000] {logging_mixin.py:190} INFO - [2026-06-29T22:27:29.243+0000] {dag.py:4180} INFO - Setting next_dagrun for dataset_consumes_1 to None, run_after=None
[2026-06-29T22:27:29.245+0000] {logging_mixin.py:190} INFO - [2026-06-29T22:27:29.245+0000] {dag.py:4180} INFO - Setting next_dagrun for dataset_consumes_1_and_2 to None, run_after=None
[2026-06-29T22:27:29.247+0000] {logging_mixin.py:190} INFO - [2026-06-29T22:27:29.247+0000] {dag.py:4180} INFO - Setting next_dagrun for dataset_consumes_1_never_scheduled to None, run_after=None
[2026-06-29T22:27:29.249+0000] {logging_mixin.py:190} INFO - [2026-06-29T22:27:29.249+0000] {dag.py:4180} INFO - Setting next_dagrun for dataset_consumes_unknown_never_scheduled to None, run_after=None
[2026-06-29T22:27:29.252+0000] {logging_mixin.py:190} INFO - [2026-06-29T22:27:29.251+0000] {dag.py:4180} INFO - Setting next_dagrun for dataset_produces_1 to 2026-06-28 00:00:00+00:00, run_after=2026-06-29 00:00:00+00:00
[2026-06-29T22:27:29.253+0000] {logging_mixin.py:190} INFO - [2026-06-29T22:27:29.253+0000] {dag.py:4180} INFO - Setting next_dagrun for dataset_produces_2 to None, run_after=None
[2026-06-29T22:27:29.285+0000] {processor.py:208} INFO - Processing /home/airflow/.local/lib/python3.12/site-packages/airflow/example_dags/example_datasets.py took 0.699 seconds
[2026-06-29T22:27:59.955+0000] {processor.py:186} INFO - Started process (PID=2519) to work on /home/airflow/.local/lib/python3.12/site-packages/airflow/example_dags/example_datasets.py
[2026-06-29T22:27:59.957+0000] {processor.py:914} INFO - Processing file /home/airflow/.local/lib/python3.12/site-packages/airflow/example_dags/example_datasets.py for tasks to queue
[2026-06-29T22:27:59.962+0000] {logging_mixin.py:190} INFO - [2026-06-29T22:27:59.961+0000] {dagbag.py:588} INFO - Filling up the DagBag from /home/airflow/.local/lib/python3.12/site-packages/airflow/example_dags/example_datasets.py
[2026-06-29T22:28:00.865+0000] {processor.py:925} INFO - DAG(s) 'consume_1_and_2_with_dataset_expressions', 'dataset_produces_1', 'dataset_produces_2', 'dataset_consumes_1_and_2', 'dataset_consumes_1', 'consume_1_or_both_2_and_3_with_dataset_expressions', 'dataset_consumes_1_never_scheduled', 'conditional_dataset_and_time_based_timetable', 'consume_1_or_2_with_dataset_expressions', 'dataset_consumes_unknown_never_scheduled' retrieved from /home/airflow/.local/lib/python3.12/site-packages/airflow/example_dags/example_datasets.py
[2026-06-29T22:28:00.986+0000] {logging_mixin.py:190} INFO - [2026-06-29T22:28:00.985+0000] {dag.py:3239} INFO - Sync 10 DAGs
[2026-06-29T22:28:01.051+0000] {logging_mixin.py:190} INFO - [2026-06-29T22:28:01.051+0000] {dag.py:4180} INFO - Setting next_dagrun for conditional_dataset_and_time_based_timetable to 2026-06-24 01:00:00+00:00, run_after=2026-06-24 01:00:00+00:00
[2026-06-29T22:28:01.060+0000] {logging_mixin.py:190} INFO - [2026-06-29T22:28:01.060+0000] {dag.py:4180} INFO - Setting next_dagrun for consume_1_and_2_with_dataset_expressions to None, run_after=None
[2026-06-29T22:28:01.065+0000] {logging_mixin.py:190} INFO - [2026-06-29T22:28:01.065+0000] {dag.py:4180} INFO - Setting next_dagrun for consume_1_or_2_with_dataset_expressions to None, run_after=None
[2026-06-29T22:28:01.070+0000] {logging_mixin.py:190} INFO - [2026-06-29T22:28:01.069+0000] {dag.py:4180} INFO - Setting next_dagrun for consume_1_or_both_2_and_3_with_dataset_expressions to None, run_after=None
[2026-06-29T22:28:01.074+0000] {logging_mixin.py:190} INFO - [2026-06-29T22:28:01.073+0000] {dag.py:4180} INFO - Setting next_dagrun for dataset_consumes_1 to None, run_after=None
[2026-06-29T22:28:01.083+0000] {logging_mixin.py:190} INFO - [2026-06-29T22:28:01.083+0000] {dag.py:4180} INFO - Setting next_dagrun for dataset_consumes_1_and_2 to None, run_after=None
[2026-06-29T22:28:01.089+0000] {logging_mixin.py:190} INFO - [2026-06-29T22:28:01.088+0000] {dag.py:4180} INFO - Setting next_dagrun for dataset_consumes_1_never_scheduled to None, run_after=None
[2026-06-29T22:28:01.093+0000] {logging_mixin.py:190} INFO - [2026-06-29T22:28:01.093+0000] {dag.py:4180} INFO - Setting next_dagrun for dataset_consumes_unknown_never_scheduled to None, run_after=None
[2026-06-29T22:28:01.099+0000] {logging_mixin.py:190} INFO - [2026-06-29T22:28:01.099+0000] {dag.py:4180} INFO - Setting next_dagrun for dataset_produces_1 to 2026-06-28 00:00:00+00:00, run_after=2026-06-29 00:00:00+00:00
[2026-06-29T22:28:01.103+0000] {logging_mixin.py:190} INFO - [2026-06-29T22:28:01.103+0000] {dag.py:4180} INFO - Setting next_dagrun for dataset_produces_2 to None, run_after=None
[2026-06-29T22:28:01.174+0000] {processor.py:208} INFO - Processing /home/airflow/.local/lib/python3.12/site-packages/airflow/example_dags/example_datasets.py took 1.232 seconds
[2026-06-29T22:28:33.831+0000] {processor.py:186} INFO - Started process (PID=2591) to work on /home/airflow/.local/lib/python3.12/site-packages/airflow/example_dags/example_datasets.py
[2026-06-29T22:28:33.834+0000] {processor.py:914} INFO - Processing file /home/airflow/.local/lib/python3.12/site-packages/airflow/example_dags/example_datasets.py for tasks to queue
[2026-06-29T22:28:33.838+0000] {logging_mixin.py:190} INFO - [2026-06-29T22:28:33.838+0000] {dagbag.py:588} INFO - Filling up the DagBag from /home/airflow/.local/lib/python3.12/site-packages/airflow/example_dags/example_datasets.py
[2026-06-29T22:28:34.925+0000] {processor.py:925} INFO - DAG(s) 'conditional_dataset_and_time_based_timetable', 'consume_1_or_both_2_and_3_with_dataset_expressions', 'dataset_consumes_1_and_2', 'dataset_produces_2', 'dataset_consumes_1_never_scheduled', 'dataset_consumes_unknown_never_scheduled', 'dataset_consumes_1', 'dataset_produces_1', 'consume_1_or_2_with_dataset_expressions', 'consume_1_and_2_with_dataset_expressions' retrieved from /home/airflow/.local/lib/python3.12/site-packages/airflow/example_dags/example_datasets.py
[2026-06-29T22:28:35.047+0000] {logging_mixin.py:190} INFO - [2026-06-29T22:28:35.047+0000] {dag.py:3239} INFO - Sync 10 DAGs
[2026-06-29T22:28:35.108+0000] {logging_mixin.py:190} INFO - [2026-06-29T22:28:35.108+0000] {dag.py:4180} INFO - Setting next_dagrun for conditional_dataset_and_time_based_timetable to 2026-06-24 01:00:00+00:00, run_after=2026-06-24 01:00:00+00:00
[2026-06-29T22:28:35.116+0000] {logging_mixin.py:190} INFO - [2026-06-29T22:28:35.116+0000] {dag.py:4180} INFO - Setting next_dagrun for consume_1_and_2_with_dataset_expressions to None, run_after=None
[2026-06-29T22:28:35.121+0000] {logging_mixin.py:190} INFO - [2026-06-29T22:28:35.121+0000] {dag.py:4180} INFO - Setting next_dagrun for consume_1_or_2_with_dataset_expressions to None, run_after=None
[2026-06-29T22:28:35.125+0000] {logging_mixin.py:190} INFO - [2026-06-29T22:28:35.124+0000] {dag.py:4180} INFO - Setting next_dagrun for consume_1_or_both_2_and_3_with_dataset_expressions to None, run_after=None
[2026-06-29T22:28:35.128+0000] {logging_mixin.py:190} INFO - [2026-06-29T22:28:35.128+0000] {dag.py:4180} INFO - Setting next_dagrun for dataset_consumes_1 to None, run_after=None
[2026-06-29T22:28:35.131+0000] {logging_mixin.py:190} INFO - [2026-06-29T22:28:35.130+0000] {dag.py:4180} INFO - Setting next_dagrun for dataset_consumes_1_and_2 to None, run_after=None
[2026-06-29T22:28:35.134+0000] {logging_mixin.py:190} INFO - [2026-06-29T22:28:35.133+0000] {dag.py:4180} INFO - Setting next_dagrun for dataset_consumes_1_never_scheduled to None, run_after=None
[2026-06-29T22:28:35.137+0000] {logging_mixin.py:190} INFO - [2026-06-29T22:28:35.137+0000] {dag.py:4180} INFO - Setting next_dagrun for dataset_consumes_unknown_never_scheduled to None, run_after=None
[2026-06-29T22:28:35.148+0000] {logging_mixin.py:190} INFO - [2026-06-29T22:28:35.148+0000] {dag.py:4180} INFO - Setting next_dagrun for dataset_produces_1 to 2026-06-28 00:00:00+00:00, run_after=2026-06-29 00:00:00+00:00
[2026-06-29T22:28:35.158+0000] {logging_mixin.py:190} INFO - [2026-06-29T22:28:35.158+0000] {dag.py:4180} INFO - Setting next_dagrun for dataset_produces_2 to None, run_after=None
[2026-06-29T22:28:35.260+0000] {processor.py:208} INFO - Processing /home/airflow/.local/lib/python3.12/site-packages/airflow/example_dags/example_datasets.py took 1.442 seconds
[2026-06-29T22:29:06.059+0000] {processor.py:186} INFO - Started process (PID=2661) to work on /home/airflow/.local/lib/python3.12/site-packages/airflow/example_dags/example_datasets.py
[2026-06-29T22:29:06.062+0000] {processor.py:914} INFO - Processing file /home/airflow/.local/lib/python3.12/site-packages/airflow/example_dags/example_datasets.py for tasks to queue
[2026-06-29T22:29:06.075+0000] {logging_mixin.py:190} INFO - [2026-06-29T22:29:06.074+0000] {dagbag.py:588} INFO - Filling up the DagBag from /home/airflow/.local/lib/python3.12/site-packages/airflow/example_dags/example_datasets.py
[2026-06-29T22:29:07.146+0000] {processor.py:925} INFO - DAG(s) 'dataset_consumes_1_and_2', 'dataset_consumes_1', 'conditional_dataset_and_time_based_timetable', 'dataset_consumes_1_never_scheduled', 'consume_1_or_2_with_dataset_expressions', 'consume_1_or_both_2_and_3_with_dataset_expressions', 'dataset_produces_2', 'dataset_produces_1', 'dataset_consumes_unknown_never_scheduled', 'consume_1_and_2_with_dataset_expressions' retrieved from /home/airflow/.local/lib/python3.12/site-packages/airflow/example_dags/example_datasets.py
[2026-06-29T22:29:07.400+0000] {logging_mixin.py:190} INFO - [2026-06-29T22:29:07.399+0000] {dag.py:3239} INFO - Sync 10 DAGs
[2026-06-29T22:29:07.493+0000] {logging_mixin.py:190} INFO - [2026-06-29T22:29:07.492+0000] {dag.py:4180} INFO - Setting next_dagrun for conditional_dataset_and_time_based_timetable to 2026-06-24 01:00:00+00:00, run_after=2026-06-24 01:00:00+00:00
[2026-06-29T22:29:07.504+0000] {logging_mixin.py:190} INFO - [2026-06-29T22:29:07.504+0000] {dag.py:4180} INFO - Setting next_dagrun for consume_1_and_2_with_dataset_expressions to None, run_after=None
[2026-06-29T22:29:07.510+0000] {logging_mixin.py:190} INFO - [2026-06-29T22:29:07.510+0000] {dag.py:4180} INFO - Setting next_dagrun for consume_1_or_2_with_dataset_expressions to None, run_after=None
[2026-06-29T22:29:07.515+0000] {logging_mixin.py:190} INFO - [2026-06-29T22:29:07.514+0000] {dag.py:4180} INFO - Setting next_dagrun for consume_1_or_both_2_and_3_with_dataset_expressions to None, run_after=None
[2026-06-29T22:29:07.522+0000] {logging_mixin.py:190} INFO - [2026-06-29T22:29:07.521+0000] {dag.py:4180} INFO - Setting next_dagrun for dataset_consumes_1 to None, run_after=None
[2026-06-29T22:29:07.527+0000] {logging_mixin.py:190} INFO - [2026-06-29T22:29:07.527+0000] {dag.py:4180} INFO - Setting next_dagrun for dataset_consumes_1_and_2 to None, run_after=None
[2026-06-29T22:29:07.532+0000] {logging_mixin.py:190} INFO - [2026-06-29T22:29:07.531+0000] {dag.py:4180} INFO - Setting next_dagrun for dataset_consumes_1_never_scheduled to None, run_after=None
[2026-06-29T22:29:07.552+0000] {logging_mixin.py:190} INFO - [2026-06-29T22:29:07.550+0000] {dag.py:4180} INFO - Setting next_dagrun for dataset_consumes_unknown_never_scheduled to None, run_after=None
[2026-06-29T22:29:07.578+0000] {logging_mixin.py:190} INFO - [2026-06-29T22:29:07.577+0000] {dag.py:4180} INFO - Setting next_dagrun for dataset_produces_1 to 2026-06-28 00:00:00+00:00, run_after=2026-06-29 00:00:00+00:00
[2026-06-29T22:29:07.591+0000] {logging_mixin.py:190} INFO - [2026-06-29T22:29:07.590+0000] {dag.py:4180} INFO - Setting next_dagrun for dataset_produces_2 to None, run_after=None
[2026-06-29T22:29:07.795+0000] {processor.py:208} INFO - Processing /home/airflow/.local/lib/python3.12/site-packages/airflow/example_dags/example_datasets.py took 1.754 seconds
[2026-06-29T22:29:38.044+0000] {processor.py:186} INFO - Started process (PID=2726) to work on /home/airflow/.local/lib/python3.12/site-packages/airflow/example_dags/example_datasets.py
[2026-06-29T22:29:38.048+0000] {processor.py:914} INFO - Processing file /home/airflow/.local/lib/python3.12/site-packages/airflow/example_dags/example_datasets.py for tasks to queue
[2026-06-29T22:29:38.053+0000] {logging_mixin.py:190} INFO - [2026-06-29T22:29:38.052+0000] {dagbag.py:588} INFO - Filling up the DagBag from /home/airflow/.local/lib/python3.12/site-packages/airflow/example_dags/example_datasets.py
[2026-06-29T22:29:39.110+0000] {processor.py:925} INFO - DAG(s) 'dataset_produces_1', 'consume_1_or_both_2_and_3_with_dataset_expressions', 'conditional_dataset_and_time_based_timetable', 'dataset_consumes_1_and_2', 'dataset_produces_2', 'dataset_consumes_1_never_scheduled', 'dataset_consumes_unknown_never_scheduled', 'consume_1_or_2_with_dataset_expressions', 'consume_1_and_2_with_dataset_expressions', 'dataset_consumes_1' retrieved from /home/airflow/.local/lib/python3.12/site-packages/airflow/example_dags/example_datasets.py
[2026-06-29T22:29:39.205+0000] {logging_mixin.py:190} INFO - [2026-06-29T22:29:39.204+0000] {dag.py:3239} INFO - Sync 10 DAGs
[2026-06-29T22:29:39.254+0000] {logging_mixin.py:190} INFO - [2026-06-29T22:29:39.254+0000] {dag.py:4180} INFO - Setting next_dagrun for conditional_dataset_and_time_based_timetable to 2026-06-24 01:00:00+00:00, run_after=2026-06-24 01:00:00+00:00
[2026-06-29T22:29:39.263+0000] {logging_mixin.py:190} INFO - [2026-06-29T22:29:39.263+0000] {dag.py:4180} INFO - Setting next_dagrun for consume_1_and_2_with_dataset_expressions to None, run_after=None
[2026-06-29T22:29:39.268+0000] {logging_mixin.py:190} INFO - [2026-06-29T22:29:39.268+0000] {dag.py:4180} INFO - Setting next_dagrun for consume_1_or_2_with_dataset_expressions to None, run_after=None
[2026-06-29T22:29:39.273+0000] {logging_mixin.py:190} INFO - [2026-06-29T22:29:39.273+0000] {dag.py:4180} INFO - Setting next_dagrun for consume_1_or_both_2_and_3_with_dataset_expressions to None, run_after=None
[2026-06-29T22:29:39.285+0000] {logging_mixin.py:190} INFO - [2026-06-29T22:29:39.282+0000] {dag.py:4180} INFO - Setting next_dagrun for dataset_consumes_1 to None, run_after=None
[2026-06-29T22:29:39.291+0000] {logging_mixin.py:190} INFO - [2026-06-29T22:29:39.290+0000] {dag.py:4180} INFO - Setting next_dagrun for dataset_consumes_1_and_2 to None, run_after=None
[2026-06-29T22:29:39.295+0000] {logging_mixin.py:190} INFO - [2026-06-29T22:29:39.295+0000] {dag.py:4180} INFO - Setting next_dagrun for dataset_consumes_1_never_scheduled to None, run_after=None
[2026-06-29T22:29:39.300+0000] {logging_mixin.py:190} INFO - [2026-06-29T22:29:39.300+0000] {dag.py:4180} INFO - Setting next_dagrun for dataset_consumes_unknown_never_scheduled to None, run_after=None
[2026-06-29T22:29:39.306+0000] {logging_mixin.py:190} INFO - [2026-06-29T22:29:39.306+0000] {dag.py:4180} INFO - Setting next_dagrun for dataset_produces_1 to 2026-06-28 00:00:00+00:00, run_after=2026-06-29 00:00:00+00:00
[2026-06-29T22:29:39.310+0000] {logging_mixin.py:190} INFO - [2026-06-29T22:29:39.309+0000] {dag.py:4180} INFO - Setting next_dagrun for dataset_produces_2 to None, run_after=None
[2026-06-29T22:29:39.419+0000] {processor.py:208} INFO - Processing /home/airflow/.local/lib/python3.12/site-packages/airflow/example_dags/example_datasets.py took 1.385 seconds
[2026-06-29T22:30:10.017+0000] {processor.py:186} INFO - Started process (PID=2793) to work on /home/airflow/.local/lib/python3.12/site-packages/airflow/example_dags/example_datasets.py
[2026-06-29T22:30:10.022+0000] {processor.py:914} INFO - Processing file /home/airflow/.local/lib/python3.12/site-packages/airflow/example_dags/example_datasets.py for tasks to queue
[2026-06-29T22:30:10.030+0000] {logging_mixin.py:190} INFO - [2026-06-29T22:30:10.029+0000] {dagbag.py:588} INFO - Filling up the DagBag from /home/airflow/.local/lib/python3.12/site-packages/airflow/example_dags/example_datasets.py
[2026-06-29T22:30:11.270+0000] {processor.py:925} INFO - DAG(s) 'dataset_produces_1', 'dataset_produces_2', 'conditional_dataset_and_time_based_timetable', 'consume_1_and_2_with_dataset_expressions', 'consume_1_or_both_2_and_3_with_dataset_expressions', 'dataset_consumes_1_never_scheduled', 'consume_1_or_2_with_dataset_expressions', 'dataset_consumes_1_and_2', 'dataset_consumes_unknown_never_scheduled', 'dataset_consumes_1' retrieved from /home/airflow/.local/lib/python3.12/site-packages/airflow/example_dags/example_datasets.py
[2026-06-29T22:30:11.365+0000] {logging_mixin.py:190} INFO - [2026-06-29T22:30:11.365+0000] {dag.py:3239} INFO - Sync 10 DAGs
[2026-06-29T22:30:11.408+0000] {logging_mixin.py:190} INFO - [2026-06-29T22:30:11.408+0000] {dag.py:4180} INFO - Setting next_dagrun for conditional_dataset_and_time_based_timetable to 2026-06-24 01:00:00+00:00, run_after=2026-06-24 01:00:00+00:00
[2026-06-29T22:30:11.416+0000] {logging_mixin.py:190} INFO - [2026-06-29T22:30:11.416+0000] {dag.py:4180} INFO - Setting next_dagrun for consume_1_and_2_with_dataset_expressions to None, run_after=None
[2026-06-29T22:30:11.421+0000] {logging_mixin.py:190} INFO - [2026-06-29T22:30:11.420+0000] {dag.py:4180} INFO - Setting next_dagrun for consume_1_or_2_with_dataset_expressions to None, run_after=None
[2026-06-29T22:30:11.423+0000] {logging_mixin.py:190} INFO - [2026-06-29T22:30:11.423+0000] {dag.py:4180} INFO - Setting next_dagrun for consume_1_or_both_2_and_3_with_dataset_expressions to None, run_after=None
[2026-06-29T22:30:11.425+0000] {logging_mixin.py:190} INFO - [2026-06-29T22:30:11.425+0000] {dag.py:4180} INFO - Setting next_dagrun for dataset_consumes_1 to None, run_after=None
[2026-06-29T22:30:11.427+0000] {logging_mixin.py:190} INFO - [2026-06-29T22:30:11.427+0000] {dag.py:4180} INFO - Setting next_dagrun for dataset_consumes_1_and_2 to None, run_after=None
[2026-06-29T22:30:11.430+0000] {logging_mixin.py:190} INFO - [2026-06-29T22:30:11.430+0000] {dag.py:4180} INFO - Setting next_dagrun for dataset_consumes_1_never_scheduled to None, run_after=None
[2026-06-29T22:30:11.435+0000] {logging_mixin.py:190} INFO - [2026-06-29T22:30:11.435+0000] {dag.py:4180} INFO - Setting next_dagrun for dataset_consumes_unknown_never_scheduled to None, run_after=None
[2026-06-29T22:30:11.440+0000] {logging_mixin.py:190} INFO - [2026-06-29T22:30:11.440+0000] {dag.py:4180} INFO - Setting next_dagrun for dataset_produces_1 to 2026-06-28 00:00:00+00:00, run_after=2026-06-29 00:00:00+00:00
[2026-06-29T22:30:11.443+0000] {logging_mixin.py:190} INFO - [2026-06-29T22:30:11.443+0000] {dag.py:4180} INFO - Setting next_dagrun for dataset_produces_2 to None, run_after=None
[2026-06-29T22:30:11.505+0000] {processor.py:208} INFO - Processing /home/airflow/.local/lib/python3.12/site-packages/airflow/example_dags/example_datasets.py took 1.503 seconds
[2026-06-29T22:30:46.768+0000] {processor.py:186} INFO - Started process (PID=2868) to work on /home/airflow/.local/lib/python3.12/site-packages/airflow/example_dags/example_datasets.py
[2026-06-29T22:30:46.772+0000] {processor.py:914} INFO - Processing file /home/airflow/.local/lib/python3.12/site-packages/airflow/example_dags/example_datasets.py for tasks to queue
[2026-06-29T22:30:46.777+0000] {logging_mixin.py:190} INFO - [2026-06-29T22:30:46.776+0000] {dagbag.py:588} INFO - Filling up the DagBag from /home/airflow/.local/lib/python3.12/site-packages/airflow/example_dags/example_datasets.py
[2026-06-29T22:30:47.681+0000] {processor.py:925} INFO - DAG(s) 'dataset_consumes_1', 'dataset_produces_1', 'dataset_produces_2', 'consume_1_or_both_2_and_3_with_dataset_expressions', 'dataset_consumes_unknown_never_scheduled', 'dataset_consumes_1_and_2', 'conditional_dataset_and_time_based_timetable', 'consume_1_or_2_with_dataset_expressions', 'dataset_consumes_1_never_scheduled', 'consume_1_and_2_with_dataset_expressions' retrieved from /home/airflow/.local/lib/python3.12/site-packages/airflow/example_dags/example_datasets.py
[2026-06-29T22:30:47.795+0000] {logging_mixin.py:190} INFO - [2026-06-29T22:30:47.794+0000] {dag.py:3239} INFO - Sync 10 DAGs
[2026-06-29T22:30:47.855+0000] {logging_mixin.py:190} INFO - [2026-06-29T22:30:47.855+0000] {dag.py:4180} INFO - Setting next_dagrun for conditional_dataset_and_time_based_timetable to 2026-06-24 01:00:00+00:00, run_after=2026-06-24 01:00:00+00:00
[2026-06-29T22:30:47.869+0000] {logging_mixin.py:190} INFO - [2026-06-29T22:30:47.867+0000] {dag.py:4180} INFO - Setting next_dagrun for consume_1_and_2_with_dataset_expressions to None, run_after=None
[2026-06-29T22:30:47.874+0000] {logging_mixin.py:190} INFO - [2026-06-29T22:30:47.874+0000] {dag.py:4180} INFO - Setting next_dagrun for consume_1_or_2_with_dataset_expressions to None, run_after=None
[2026-06-29T22:30:47.879+0000] {logging_mixin.py:190} INFO - [2026-06-29T22:30:47.878+0000] {dag.py:4180} INFO - Setting next_dagrun for consume_1_or_both_2_and_3_with_dataset_expressions to None, run_after=None
[2026-06-29T22:30:47.883+0000] {logging_mixin.py:190} INFO - [2026-06-29T22:30:47.882+0000] {dag.py:4180} INFO - Setting next_dagrun for dataset_consumes_1 to None, run_after=None
[2026-06-29T22:30:47.886+0000] {logging_mixin.py:190} INFO - [2026-06-29T22:30:47.886+0000] {dag.py:4180} INFO - Setting next_dagrun for dataset_consumes_1_and_2 to None, run_after=None
[2026-06-29T22:30:47.891+0000] {logging_mixin.py:190} INFO - [2026-06-29T22:30:47.891+0000] {dag.py:4180} INFO - Setting next_dagrun for dataset_consumes_1_never_scheduled to None, run_after=None
[2026-06-29T22:30:47.895+0000] {logging_mixin.py:190} INFO - [2026-06-29T22:30:47.895+0000] {dag.py:4180} INFO - Setting next_dagrun for dataset_consumes_unknown_never_scheduled to None, run_after=None
[2026-06-29T22:30:47.903+0000] {logging_mixin.py:190} INFO - [2026-06-29T22:30:47.902+0000] {dag.py:4180} INFO - Setting next_dagrun for dataset_produces_1 to 2026-06-28 00:00:00+00:00, run_after=2026-06-29 00:00:00+00:00
[2026-06-29T22:30:47.908+0000] {logging_mixin.py:190} INFO - [2026-06-29T22:30:47.907+0000] {dag.py:4180} INFO - Setting next_dagrun for dataset_produces_2 to None, run_after=None
[2026-06-29T22:30:48.066+0000] {processor.py:208} INFO - Processing /home/airflow/.local/lib/python3.12/site-packages/airflow/example_dags/example_datasets.py took 1.311 seconds
[2026-06-29T22:31:18.750+0000] {processor.py:186} INFO - Started process (PID=2932) to work on /home/airflow/.local/lib/python3.12/site-packages/airflow/example_dags/example_datasets.py
[2026-06-29T22:31:18.751+0000] {processor.py:914} INFO - Processing file /home/airflow/.local/lib/python3.12/site-packages/airflow/example_dags/example_datasets.py for tasks to queue
[2026-06-29T22:31:18.755+0000] {logging_mixin.py:190} INFO - [2026-06-29T22:31:18.754+0000] {dagbag.py:588} INFO - Filling up the DagBag from /home/airflow/.local/lib/python3.12/site-packages/airflow/example_dags/example_datasets.py
[2026-06-29T22:31:19.288+0000] {processor.py:925} INFO - DAG(s) 'consume_1_and_2_with_dataset_expressions', 'conditional_dataset_and_time_based_timetable', 'dataset_consumes_1_and_2', 'dataset_consumes_1_never_scheduled', 'dataset_produces_1', 'consume_1_or_2_with_dataset_expressions', 'dataset_consumes_unknown_never_scheduled', 'consume_1_or_both_2_and_3_with_dataset_expressions', 'dataset_produces_2', 'dataset_consumes_1' retrieved from /home/airflow/.local/lib/python3.12/site-packages/airflow/example_dags/example_datasets.py
[2026-06-29T22:31:19.325+0000] {logging_mixin.py:190} INFO - [2026-06-29T22:31:19.325+0000] {dag.py:3239} INFO - Sync 10 DAGs
[2026-06-29T22:31:19.349+0000] {logging_mixin.py:190} INFO - [2026-06-29T22:31:19.349+0000] {dag.py:4180} INFO - Setting next_dagrun for conditional_dataset_and_time_based_timetable to 2026-06-24 01:00:00+00:00, run_after=2026-06-24 01:00:00+00:00
[2026-06-29T22:31:19.353+0000] {logging_mixin.py:190} INFO - [2026-06-29T22:31:19.353+0000] {dag.py:4180} INFO - Setting next_dagrun for consume_1_and_2_with_dataset_expressions to None, run_after=None
[2026-06-29T22:31:19.355+0000] {logging_mixin.py:190} INFO - [2026-06-29T22:31:19.355+0000] {dag.py:4180} INFO - Setting next_dagrun for consume_1_or_2_with_dataset_expressions to None, run_after=None
[2026-06-29T22:31:19.358+0000] {logging_mixin.py:190} INFO - [2026-06-29T22:31:19.358+0000] {dag.py:4180} INFO - Setting next_dagrun for consume_1_or_both_2_and_3_with_dataset_expressions to None, run_after=None
[2026-06-29T22:31:19.360+0000] {logging_mixin.py:190} INFO - [2026-06-29T22:31:19.360+0000] {dag.py:4180} INFO - Setting next_dagrun for dataset_consumes_1 to None, run_after=None
[2026-06-29T22:31:19.362+0000] {logging_mixin.py:190} INFO - [2026-06-29T22:31:19.362+0000] {dag.py:4180} INFO - Setting next_dagrun for dataset_consumes_1_and_2 to None, run_after=None
[2026-06-29T22:31:19.364+0000] {logging_mixin.py:190} INFO - [2026-06-29T22:31:19.364+0000] {dag.py:4180} INFO - Setting next_dagrun for dataset_consumes_1_never_scheduled to None, run_after=None
[2026-06-29T22:31:19.367+0000] {logging_mixin.py:190} INFO - [2026-06-29T22:31:19.367+0000] {dag.py:4180} INFO - Setting next_dagrun for dataset_consumes_unknown_never_scheduled to None, run_after=None
[2026-06-29T22:31:19.370+0000] {logging_mixin.py:190} INFO - [2026-06-29T22:31:19.369+0000] {dag.py:4180} INFO - Setting next_dagrun for dataset_produces_1 to 2026-06-28 00:00:00+00:00, run_after=2026-06-29 00:00:00+00:00
[2026-06-29T22:31:19.372+0000] {logging_mixin.py:190} INFO - [2026-06-29T22:31:19.372+0000] {dag.py:4180} INFO - Setting next_dagrun for dataset_produces_2 to None, run_after=None
[2026-06-29T22:31:19.405+0000] {processor.py:208} INFO - Processing /home/airflow/.local/lib/python3.12/site-packages/airflow/example_dags/example_datasets.py took 0.665 seconds
[2026-06-29T22:31:49.585+0000] {processor.py:186} INFO - Started process (PID=3003) to work on /home/airflow/.local/lib/python3.12/site-packages/airflow/example_dags/example_datasets.py
[2026-06-29T22:31:49.596+0000] {processor.py:914} INFO - Processing file /home/airflow/.local/lib/python3.12/site-packages/airflow/example_dags/example_datasets.py for tasks to queue
[2026-06-29T22:31:49.604+0000] {logging_mixin.py:190} INFO - [2026-06-29T22:31:49.603+0000] {dagbag.py:588} INFO - Filling up the DagBag from /home/airflow/.local/lib/python3.12/site-packages/airflow/example_dags/example_datasets.py
[2026-06-29T22:31:50.570+0000] {processor.py:925} INFO - DAG(s) 'dataset_produces_2', 'dataset_consumes_unknown_never_scheduled', 'dataset_produces_1', 'conditional_dataset_and_time_based_timetable', 'dataset_consumes_1', 'dataset_consumes_1_and_2', 'consume_1_or_both_2_and_3_with_dataset_expressions', 'dataset_consumes_1_never_scheduled', 'consume_1_or_2_with_dataset_expressions', 'consume_1_and_2_with_dataset_expressions' retrieved from /home/airflow/.local/lib/python3.12/site-packages/airflow/example_dags/example_datasets.py
[2026-06-29T22:31:50.687+0000] {logging_mixin.py:190} INFO - [2026-06-29T22:31:50.686+0000] {dag.py:3239} INFO - Sync 10 DAGs
[2026-06-29T22:31:50.783+0000] {logging_mixin.py:190} INFO - [2026-06-29T22:31:50.782+0000] {dag.py:4180} INFO - Setting next_dagrun for conditional_dataset_and_time_based_timetable to 2026-06-24 01:00:00+00:00, run_after=2026-06-24 01:00:00+00:00
[2026-06-29T22:31:50.803+0000] {logging_mixin.py:190} INFO - [2026-06-29T22:31:50.802+0000] {dag.py:4180} INFO - Setting next_dagrun for consume_1_and_2_with_dataset_expressions to None, run_after=None
[2026-06-29T22:31:50.810+0000] {logging_mixin.py:190} INFO - [2026-06-29T22:31:50.810+0000] {dag.py:4180} INFO - Setting next_dagrun for consume_1_or_2_with_dataset_expressions to None, run_after=None
[2026-06-29T22:31:50.816+0000] {logging_mixin.py:190} INFO - [2026-06-29T22:31:50.815+0000] {dag.py:4180} INFO - Setting next_dagrun for consume_1_or_both_2_and_3_with_dataset_expressions to None, run_after=None
[2026-06-29T22:31:50.822+0000] {logging_mixin.py:190} INFO - [2026-06-29T22:31:50.821+0000] {dag.py:4180} INFO - Setting next_dagrun for dataset_consumes_1 to None, run_after=None
[2026-06-29T22:31:50.827+0000] {logging_mixin.py:190} INFO - [2026-06-29T22:31:50.826+0000] {dag.py:4180} INFO - Setting next_dagrun for dataset_consumes_1_and_2 to None, run_after=None
[2026-06-29T22:31:50.833+0000] {logging_mixin.py:190} INFO - [2026-06-29T22:31:50.832+0000] {dag.py:4180} INFO - Setting next_dagrun for dataset_consumes_1_never_scheduled to None, run_after=None
[2026-06-29T22:31:50.840+0000] {logging_mixin.py:190} INFO - [2026-06-29T22:31:50.839+0000] {dag.py:4180} INFO - Setting next_dagrun for dataset_consumes_unknown_never_scheduled to None, run_after=None
[2026-06-29T22:31:50.851+0000] {logging_mixin.py:190} INFO - [2026-06-29T22:31:50.849+0000] {dag.py:4180} INFO - Setting next_dagrun for dataset_produces_1 to 2026-06-28 00:00:00+00:00, run_after=2026-06-29 00:00:00+00:00
[2026-06-29T22:31:50.857+0000] {logging_mixin.py:190} INFO - [2026-06-29T22:31:50.857+0000] {dag.py:4180} INFO - Setting next_dagrun for dataset_produces_2 to None, run_after=None
[2026-06-29T22:31:50.998+0000] {processor.py:208} INFO - Processing /home/airflow/.local/lib/python3.12/site-packages/airflow/example_dags/example_datasets.py took 1.449 seconds
[2026-06-29T22:32:22.116+0000] {processor.py:186} INFO - Started process (PID=3141) to work on /home/airflow/.local/lib/python3.12/site-packages/airflow/example_dags/example_datasets.py
[2026-06-29T22:32:22.122+0000] {processor.py:914} INFO - Processing file /home/airflow/.local/lib/python3.12/site-packages/airflow/example_dags/example_datasets.py for tasks to queue
[2026-06-29T22:32:22.145+0000] {logging_mixin.py:190} INFO - [2026-06-29T22:32:22.144+0000] {dagbag.py:588} INFO - Filling up the DagBag from /home/airflow/.local/lib/python3.12/site-packages/airflow/example_dags/example_datasets.py
[2026-06-29T22:32:24.026+0000] {processor.py:925} INFO - DAG(s) 'dataset_consumes_1_and_2', 'consume_1_or_2_with_dataset_expressions', 'consume_1_or_both_2_and_3_with_dataset_expressions', 'dataset_produces_1', 'conditional_dataset_and_time_based_timetable', 'dataset_consumes_unknown_never_scheduled', 'dataset_consumes_1', 'dataset_produces_2', 'dataset_consumes_1_never_scheduled', 'consume_1_and_2_with_dataset_expressions' retrieved from /home/airflow/.local/lib/python3.12/site-packages/airflow/example_dags/example_datasets.py
[2026-06-29T22:32:24.289+0000] {logging_mixin.py:190} INFO - [2026-06-29T22:32:24.289+0000] {dag.py:3239} INFO - Sync 10 DAGs
[2026-06-29T22:32:24.406+0000] {logging_mixin.py:190} INFO - [2026-06-29T22:32:24.405+0000] {dag.py:4180} INFO - Setting next_dagrun for conditional_dataset_and_time_based_timetable to 2026-06-24 01:00:00+00:00, run_after=2026-06-24 01:00:00+00:00
[2026-06-29T22:32:24.422+0000] {logging_mixin.py:190} INFO - [2026-06-29T22:32:24.422+0000] {dag.py:4180} INFO - Setting next_dagrun for consume_1_and_2_with_dataset_expressions to None, run_after=None
[2026-06-29T22:32:24.434+0000] {logging_mixin.py:190} INFO - [2026-06-29T22:32:24.434+0000] {dag.py:4180} INFO - Setting next_dagrun for consume_1_or_2_with_dataset_expressions to None, run_after=None
[2026-06-29T22:32:24.442+0000] {logging_mixin.py:190} INFO - [2026-06-29T22:32:24.441+0000] {dag.py:4180} INFO - Setting next_dagrun for consume_1_or_both_2_and_3_with_dataset_expressions to None, run_after=None
[2026-06-29T22:32:24.454+0000] {logging_mixin.py:190} INFO - [2026-06-29T22:32:24.454+0000] {dag.py:4180} INFO - Setting next_dagrun for dataset_consumes_1 to None, run_after=None
[2026-06-29T22:32:24.465+0000] {logging_mixin.py:190} INFO - [2026-06-29T22:32:24.465+0000] {dag.py:4180} INFO - Setting next_dagrun for dataset_consumes_1_and_2 to None, run_after=None
[2026-06-29T22:32:24.480+0000] {logging_mixin.py:190} INFO - [2026-06-29T22:32:24.476+0000] {dag.py:4180} INFO - Setting next_dagrun for dataset_consumes_1_never_scheduled to None, run_after=None
[2026-06-29T22:32:24.492+0000] {logging_mixin.py:190} INFO - [2026-06-29T22:32:24.492+0000] {dag.py:4180} INFO - Setting next_dagrun for dataset_consumes_unknown_never_scheduled to None, run_after=None
[2026-06-29T22:32:24.510+0000] {logging_mixin.py:190} INFO - [2026-06-29T22:32:24.510+0000] {dag.py:4180} INFO - Setting next_dagrun for dataset_produces_1 to 2026-06-28 00:00:00+00:00, run_after=2026-06-29 00:00:00+00:00
[2026-06-29T22:32:24.522+0000] {logging_mixin.py:190} INFO - [2026-06-29T22:32:24.521+0000] {dag.py:4180} INFO - Setting next_dagrun for dataset_produces_2 to None, run_after=None
[2026-06-29T22:32:24.715+0000] {processor.py:208} INFO - Processing /home/airflow/.local/lib/python3.12/site-packages/airflow/example_dags/example_datasets.py took 2.634 seconds
[2026-06-29T22:32:55.670+0000] {processor.py:186} INFO - Started process (PID=3238) to work on /home/airflow/.local/lib/python3.12/site-packages/airflow/example_dags/example_datasets.py
[2026-06-29T22:32:55.672+0000] {processor.py:914} INFO - Processing file /home/airflow/.local/lib/python3.12/site-packages/airflow/example_dags/example_datasets.py for tasks to queue
[2026-06-29T22:32:55.677+0000] {logging_mixin.py:190} INFO - [2026-06-29T22:32:55.676+0000] {dagbag.py:588} INFO - Filling up the DagBag from /home/airflow/.local/lib/python3.12/site-packages/airflow/example_dags/example_datasets.py
[2026-06-29T22:32:56.374+0000] {processor.py:925} INFO - DAG(s) 'dataset_consumes_1_and_2', 'consume_1_and_2_with_dataset_expressions', 'dataset_produces_1', 'conditional_dataset_and_time_based_timetable', 'consume_1_or_2_with_dataset_expressions', 'dataset_produces_2', 'dataset_consumes_1', 'dataset_consumes_unknown_never_scheduled', 'consume_1_or_both_2_and_3_with_dataset_expressions', 'dataset_consumes_1_never_scheduled' retrieved from /home/airflow/.local/lib/python3.12/site-packages/airflow/example_dags/example_datasets.py
[2026-06-29T22:32:56.434+0000] {logging_mixin.py:190} INFO - [2026-06-29T22:32:56.433+0000] {dag.py:3239} INFO - Sync 10 DAGs
[2026-06-29T22:32:56.468+0000] {logging_mixin.py:190} INFO - [2026-06-29T22:32:56.468+0000] {dag.py:4180} INFO - Setting next_dagrun for conditional_dataset_and_time_based_timetable to 2026-06-24 01:00:00+00:00, run_after=2026-06-24 01:00:00+00:00
[2026-06-29T22:32:56.474+0000] {logging_mixin.py:190} INFO - [2026-06-29T22:32:56.474+0000] {dag.py:4180} INFO - Setting next_dagrun for consume_1_and_2_with_dataset_expressions to None, run_after=None
[2026-06-29T22:32:56.477+0000] {logging_mixin.py:190} INFO - [2026-06-29T22:32:56.477+0000] {dag.py:4180} INFO - Setting next_dagrun for consume_1_or_2_with_dataset_expressions to None, run_after=None
[2026-06-29T22:32:56.479+0000] {logging_mixin.py:190} INFO - [2026-06-29T22:32:56.479+0000] {dag.py:4180} INFO - Setting next_dagrun for consume_1_or_both_2_and_3_with_dataset_expressions to None, run_after=None
[2026-06-29T22:32:56.481+0000] {logging_mixin.py:190} INFO - [2026-06-29T22:32:56.481+0000] {dag.py:4180} INFO - Setting next_dagrun for dataset_consumes_1 to None, run_after=None
[2026-06-29T22:32:56.482+0000] {logging_mixin.py:190} INFO - [2026-06-29T22:32:56.482+0000] {dag.py:4180} INFO - Setting next_dagrun for dataset_consumes_1_and_2 to None, run_after=None
[2026-06-29T22:32:56.485+0000] {logging_mixin.py:190} INFO - [2026-06-29T22:32:56.484+0000] {dag.py:4180} INFO - Setting next_dagrun for dataset_consumes_1_never_scheduled to None, run_after=None
[2026-06-29T22:32:56.487+0000] {logging_mixin.py:190} INFO - [2026-06-29T22:32:56.486+0000] {dag.py:4180} INFO - Setting next_dagrun for dataset_consumes_unknown_never_scheduled to None, run_after=None
[2026-06-29T22:32:56.491+0000] {logging_mixin.py:190} INFO - [2026-06-29T22:32:56.491+0000] {dag.py:4180} INFO - Setting next_dagrun for dataset_produces_1 to 2026-06-28 00:00:00+00:00, run_after=2026-06-29 00:00:00+00:00
[2026-06-29T22:32:56.495+0000] {logging_mixin.py:190} INFO - [2026-06-29T22:32:56.494+0000] {dag.py:4180} INFO - Setting next_dagrun for dataset_produces_2 to None, run_after=None
[2026-06-29T22:32:56.542+0000] {processor.py:208} INFO - Processing /home/airflow/.local/lib/python3.12/site-packages/airflow/example_dags/example_datasets.py took 0.887 seconds
[2026-06-29T22:33:26.830+0000] {processor.py:186} INFO - Started process (PID=3302) to work on /home/airflow/.local/lib/python3.12/site-packages/airflow/example_dags/example_datasets.py
[2026-06-29T22:33:26.832+0000] {processor.py:914} INFO - Processing file /home/airflow/.local/lib/python3.12/site-packages/airflow/example_dags/example_datasets.py for tasks to queue
[2026-06-29T22:33:26.835+0000] {logging_mixin.py:190} INFO - [2026-06-29T22:33:26.835+0000] {dagbag.py:588} INFO - Filling up the DagBag from /home/airflow/.local/lib/python3.12/site-packages/airflow/example_dags/example_datasets.py
[2026-06-29T22:33:27.388+0000] {processor.py:925} INFO - DAG(s) 'consume_1_or_2_with_dataset_expressions', 'dataset_consumes_unknown_never_scheduled', 'consume_1_and_2_with_dataset_expressions', 'dataset_consumes_1_and_2', 'consume_1_or_both_2_and_3_with_dataset_expressions', 'dataset_consumes_1_never_scheduled', 'dataset_produces_1', 'dataset_produces_2', 'dataset_consumes_1', 'conditional_dataset_and_time_based_timetable' retrieved from /home/airflow/.local/lib/python3.12/site-packages/airflow/example_dags/example_datasets.py
[2026-06-29T22:33:27.430+0000] {logging_mixin.py:190} INFO - [2026-06-29T22:33:27.430+0000] {dag.py:3239} INFO - Sync 10 DAGs
[2026-06-29T22:33:27.452+0000] {logging_mixin.py:190} INFO - [2026-06-29T22:33:27.452+0000] {dag.py:4180} INFO - Setting next_dagrun for conditional_dataset_and_time_based_timetable to 2026-06-24 01:00:00+00:00, run_after=2026-06-24 01:00:00+00:00
[2026-06-29T22:33:27.457+0000] {logging_mixin.py:190} INFO - [2026-06-29T22:33:27.457+0000] {dag.py:4180} INFO - Setting next_dagrun for consume_1_and_2_with_dataset_expressions to None, run_after=None
[2026-06-29T22:33:27.459+0000] {logging_mixin.py:190} INFO - [2026-06-29T22:33:27.459+0000] {dag.py:4180} INFO - Setting next_dagrun for consume_1_or_2_with_dataset_expressions to None, run_after=None
[2026-06-29T22:33:27.461+0000] {logging_mixin.py:190} INFO - [2026-06-29T22:33:27.461+0000] {dag.py:4180} INFO - Setting next_dagrun for consume_1_or_both_2_and_3_with_dataset_expressions to None, run_after=None
[2026-06-29T22:33:27.463+0000] {logging_mixin.py:190} INFO - [2026-06-29T22:33:27.463+0000] {dag.py:4180} INFO - Setting next_dagrun for dataset_consumes_1 to None, run_after=None
[2026-06-29T22:33:27.464+0000] {logging_mixin.py:190} INFO - [2026-06-29T22:33:27.464+0000] {dag.py:4180} INFO - Setting next_dagrun for dataset_consumes_1_and_2 to None, run_after=None
[2026-06-29T22:33:27.466+0000] {logging_mixin.py:190} INFO - [2026-06-29T22:33:27.466+0000] {dag.py:4180} INFO - Setting next_dagrun for dataset_consumes_1_never_scheduled to None, run_after=None
[2026-06-29T22:33:27.468+0000] {logging_mixin.py:190} INFO - [2026-06-29T22:33:27.468+0000] {dag.py:4180} INFO - Setting next_dagrun for dataset_consumes_unknown_never_scheduled to None, run_after=None
[2026-06-29T22:33:27.472+0000] {logging_mixin.py:190} INFO - [2026-06-29T22:33:27.471+0000] {dag.py:4180} INFO - Setting next_dagrun for dataset_produces_1 to 2026-06-28 00:00:00+00:00, run_after=2026-06-29 00:00:00+00:00
[2026-06-29T22:33:27.474+0000] {logging_mixin.py:190} INFO - [2026-06-29T22:33:27.474+0000] {dag.py:4180} INFO - Setting next_dagrun for dataset_produces_2 to None, run_after=None
[2026-06-29T22:33:27.512+0000] {processor.py:208} INFO - Processing /home/airflow/.local/lib/python3.12/site-packages/airflow/example_dags/example_datasets.py took 0.694 seconds
[2026-06-29T22:33:58.197+0000] {processor.py:186} INFO - Started process (PID=3366) to work on /home/airflow/.local/lib/python3.12/site-packages/airflow/example_dags/example_datasets.py
[2026-06-29T22:33:58.199+0000] {processor.py:914} INFO - Processing file /home/airflow/.local/lib/python3.12/site-packages/airflow/example_dags/example_datasets.py for tasks to queue
[2026-06-29T22:33:58.204+0000] {logging_mixin.py:190} INFO - [2026-06-29T22:33:58.204+0000] {dagbag.py:588} INFO - Filling up the DagBag from /home/airflow/.local/lib/python3.12/site-packages/airflow/example_dags/example_datasets.py
[2026-06-29T22:33:58.807+0000] {processor.py:925} INFO - DAG(s) 'consume_1_or_both_2_and_3_with_dataset_expressions', 'conditional_dataset_and_time_based_timetable', 'dataset_consumes_1_never_scheduled', 'dataset_consumes_unknown_never_scheduled', 'dataset_produces_1', 'dataset_produces_2', 'dataset_consumes_1_and_2', 'dataset_consumes_1', 'consume_1_or_2_with_dataset_expressions', 'consume_1_and_2_with_dataset_expressions' retrieved from /home/airflow/.local/lib/python3.12/site-packages/airflow/example_dags/example_datasets.py
[2026-06-29T22:33:58.852+0000] {logging_mixin.py:190} INFO - [2026-06-29T22:33:58.852+0000] {dag.py:3239} INFO - Sync 10 DAGs
[2026-06-29T22:33:58.879+0000] {logging_mixin.py:190} INFO - [2026-06-29T22:33:58.879+0000] {dag.py:4180} INFO - Setting next_dagrun for conditional_dataset_and_time_based_timetable to 2026-06-24 01:00:00+00:00, run_after=2026-06-24 01:00:00+00:00
[2026-06-29T22:33:58.884+0000] {logging_mixin.py:190} INFO - [2026-06-29T22:33:58.884+0000] {dag.py:4180} INFO - Setting next_dagrun for consume_1_and_2_with_dataset_expressions to None, run_after=None
[2026-06-29T22:33:58.887+0000] {logging_mixin.py:190} INFO - [2026-06-29T22:33:58.887+0000] {dag.py:4180} INFO - Setting next_dagrun for consume_1_or_2_with_dataset_expressions to None, run_after=None
[2026-06-29T22:33:58.890+0000] {logging_mixin.py:190} INFO - [2026-06-29T22:33:58.889+0000] {dag.py:4180} INFO - Setting next_dagrun for consume_1_or_both_2_and_3_with_dataset_expressions to None, run_after=None
[2026-06-29T22:33:58.891+0000] {logging_mixin.py:190} INFO - [2026-06-29T22:33:58.891+0000] {dag.py:4180} INFO - Setting next_dagrun for dataset_consumes_1 to None, run_after=None
[2026-06-29T22:33:58.893+0000] {logging_mixin.py:190} INFO - [2026-06-29T22:33:58.893+0000] {dag.py:4180} INFO - Setting next_dagrun for dataset_consumes_1_and_2 to None, run_after=None
[2026-06-29T22:33:58.895+0000] {logging_mixin.py:190} INFO - [2026-06-29T22:33:58.895+0000] {dag.py:4180} INFO - Setting next_dagrun for dataset_consumes_1_never_scheduled to None, run_after=None
[2026-06-29T22:33:58.897+0000] {logging_mixin.py:190} INFO - [2026-06-29T22:33:58.897+0000] {dag.py:4180} INFO - Setting next_dagrun for dataset_consumes_unknown_never_scheduled to None, run_after=None
[2026-06-29T22:33:58.900+0000] {logging_mixin.py:190} INFO - [2026-06-29T22:33:58.900+0000] {dag.py:4180} INFO - Setting next_dagrun for dataset_produces_1 to 2026-06-28 00:00:00+00:00, run_after=2026-06-29 00:00:00+00:00
[2026-06-29T22:33:58.903+0000] {logging_mixin.py:190} INFO - [2026-06-29T22:33:58.902+0000] {dag.py:4180} INFO - Setting next_dagrun for dataset_produces_2 to None, run_after=None
[2026-06-29T22:33:58.941+0000] {processor.py:208} INFO - Processing /home/airflow/.local/lib/python3.12/site-packages/airflow/example_dags/example_datasets.py took 0.761 seconds
[2026-06-29T22:34:29.214+0000] {processor.py:186} INFO - Started process (PID=3430) to work on /home/airflow/.local/lib/python3.12/site-packages/airflow/example_dags/example_datasets.py
[2026-06-29T22:34:29.215+0000] {processor.py:914} INFO - Processing file /home/airflow/.local/lib/python3.12/site-packages/airflow/example_dags/example_datasets.py for tasks to queue
[2026-06-29T22:34:29.218+0000] {logging_mixin.py:190} INFO - [2026-06-29T22:34:29.218+0000] {dagbag.py:588} INFO - Filling up the DagBag from /home/airflow/.local/lib/python3.12/site-packages/airflow/example_dags/example_datasets.py
[2026-06-29T22:34:29.772+0000] {processor.py:925} INFO - DAG(s) 'consume_1_or_2_with_dataset_expressions', 'consume_1_or_both_2_and_3_with_dataset_expressions', 'conditional_dataset_and_time_based_timetable', 'dataset_consumes_1_and_2', 'dataset_consumes_unknown_never_scheduled', 'dataset_produces_2', 'dataset_consumes_1_never_scheduled', 'dataset_consumes_1', 'consume_1_and_2_with_dataset_expressions', 'dataset_produces_1' retrieved from /home/airflow/.local/lib/python3.12/site-packages/airflow/example_dags/example_datasets.py
[2026-06-29T22:34:29.817+0000] {logging_mixin.py:190} INFO - [2026-06-29T22:34:29.816+0000] {dag.py:3239} INFO - Sync 10 DAGs
[2026-06-29T22:34:29.844+0000] {logging_mixin.py:190} INFO - [2026-06-29T22:34:29.843+0000] {dag.py:4180} INFO - Setting next_dagrun for conditional_dataset_and_time_based_timetable to 2026-06-24 01:00:00+00:00, run_after=2026-06-24 01:00:00+00:00
[2026-06-29T22:34:29.849+0000] {logging_mixin.py:190} INFO - [2026-06-29T22:34:29.848+0000] {dag.py:4180} INFO - Setting next_dagrun for consume_1_and_2_with_dataset_expressions to None, run_after=None
[2026-06-29T22:34:29.851+0000] {logging_mixin.py:190} INFO - [2026-06-29T22:34:29.851+0000] {dag.py:4180} INFO - Setting next_dagrun for consume_1_or_2_with_dataset_expressions to None, run_after=None
[2026-06-29T22:34:29.853+0000] {logging_mixin.py:190} INFO - [2026-06-29T22:34:29.853+0000] {dag.py:4180} INFO - Setting next_dagrun for consume_1_or_both_2_and_3_with_dataset_expressions to None, run_after=None
[2026-06-29T22:34:29.855+0000] {logging_mixin.py:190} INFO - [2026-06-29T22:34:29.855+0000] {dag.py:4180} INFO - Setting next_dagrun for dataset_consumes_1 to None, run_after=None
[2026-06-29T22:34:29.857+0000] {logging_mixin.py:190} INFO - [2026-06-29T22:34:29.857+0000] {dag.py:4180} INFO - Setting next_dagrun for dataset_consumes_1_and_2 to None, run_after=None
[2026-06-29T22:34:29.859+0000] {logging_mixin.py:190} INFO - [2026-06-29T22:34:29.858+0000] {dag.py:4180} INFO - Setting next_dagrun for dataset_consumes_1_never_scheduled to None, run_after=None
[2026-06-29T22:34:29.861+0000] {logging_mixin.py:190} INFO - [2026-06-29T22:34:29.860+0000] {dag.py:4180} INFO - Setting next_dagrun for dataset_consumes_unknown_never_scheduled to None, run_after=None
[2026-06-29T22:34:29.864+0000] {logging_mixin.py:190} INFO - [2026-06-29T22:34:29.864+0000] {dag.py:4180} INFO - Setting next_dagrun for dataset_produces_1 to 2026-06-28 00:00:00+00:00, run_after=2026-06-29 00:00:00+00:00
[2026-06-29T22:34:29.866+0000] {logging_mixin.py:190} INFO - [2026-06-29T22:34:29.865+0000] {dag.py:4180} INFO - Setting next_dagrun for dataset_produces_2 to None, run_after=None
[2026-06-29T22:34:29.901+0000] {processor.py:208} INFO - Processing /home/airflow/.local/lib/python3.12/site-packages/airflow/example_dags/example_datasets.py took 0.698 seconds
[2026-06-29T22:35:00.636+0000] {processor.py:186} INFO - Started process (PID=3494) to work on /home/airflow/.local/lib/python3.12/site-packages/airflow/example_dags/example_datasets.py
[2026-06-29T22:35:00.638+0000] {processor.py:914} INFO - Processing file /home/airflow/.local/lib/python3.12/site-packages/airflow/example_dags/example_datasets.py for tasks to queue
[2026-06-29T22:35:00.642+0000] {logging_mixin.py:190} INFO - [2026-06-29T22:35:00.642+0000] {dagbag.py:588} INFO - Filling up the DagBag from /home/airflow/.local/lib/python3.12/site-packages/airflow/example_dags/example_datasets.py
[2026-06-29T22:35:01.698+0000] {processor.py:925} INFO - DAG(s) 'consume_1_or_both_2_and_3_with_dataset_expressions', 'consume_1_or_2_with_dataset_expressions', 'dataset_consumes_1_and_2', 'dataset_produces_2', 'dataset_consumes_1', 'dataset_produces_1', 'dataset_consumes_1_never_scheduled', 'dataset_consumes_unknown_never_scheduled', 'conditional_dataset_and_time_based_timetable', 'consume_1_and_2_with_dataset_expressions' retrieved from /home/airflow/.local/lib/python3.12/site-packages/airflow/example_dags/example_datasets.py
[2026-06-29T22:35:01.776+0000] {logging_mixin.py:190} INFO - [2026-06-29T22:35:01.776+0000] {dag.py:3239} INFO - Sync 10 DAGs
[2026-06-29T22:35:01.823+0000] {logging_mixin.py:190} INFO - [2026-06-29T22:35:01.822+0000] {dag.py:4180} INFO - Setting next_dagrun for conditional_dataset_and_time_based_timetable to 2026-06-24 01:00:00+00:00, run_after=2026-06-24 01:00:00+00:00
[2026-06-29T22:35:01.830+0000] {logging_mixin.py:190} INFO - [2026-06-29T22:35:01.830+0000] {dag.py:4180} INFO - Setting next_dagrun for consume_1_and_2_with_dataset_expressions to None, run_after=None
[2026-06-29T22:35:01.834+0000] {logging_mixin.py:190} INFO - [2026-06-29T22:35:01.834+0000] {dag.py:4180} INFO - Setting next_dagrun for consume_1_or_2_with_dataset_expressions to None, run_after=None
[2026-06-29T22:35:01.837+0000] {logging_mixin.py:190} INFO - [2026-06-29T22:35:01.837+0000] {dag.py:4180} INFO - Setting next_dagrun for consume_1_or_both_2_and_3_with_dataset_expressions to None, run_after=None
[2026-06-29T22:35:01.840+0000] {logging_mixin.py:190} INFO - [2026-06-29T22:35:01.840+0000] {dag.py:4180} INFO - Setting next_dagrun for dataset_consumes_1 to None, run_after=None
[2026-06-29T22:35:01.842+0000] {logging_mixin.py:190} INFO - [2026-06-29T22:35:01.842+0000] {dag.py:4180} INFO - Setting next_dagrun for dataset_consumes_1_and_2 to None, run_after=None
[2026-06-29T22:35:01.845+0000] {logging_mixin.py:190} INFO - [2026-06-29T22:35:01.844+0000] {dag.py:4180} INFO - Setting next_dagrun for dataset_consumes_1_never_scheduled to None, run_after=None
[2026-06-29T22:35:01.847+0000] {logging_mixin.py:190} INFO - [2026-06-29T22:35:01.847+0000] {dag.py:4180} INFO - Setting next_dagrun for dataset_consumes_unknown_never_scheduled to None, run_after=None
[2026-06-29T22:35:01.851+0000] {logging_mixin.py:190} INFO - [2026-06-29T22:35:01.850+0000] {dag.py:4180} INFO - Setting next_dagrun for dataset_produces_1 to 2026-06-28 00:00:00+00:00, run_after=2026-06-29 00:00:00+00:00
[2026-06-29T22:35:01.853+0000] {logging_mixin.py:190} INFO - [2026-06-29T22:35:01.853+0000] {dag.py:4180} INFO - Setting next_dagrun for dataset_produces_2 to None, run_after=None
[2026-06-29T22:35:01.905+0000] {processor.py:208} INFO - Processing /home/airflow/.local/lib/python3.12/site-packages/airflow/example_dags/example_datasets.py took 1.279 seconds
[2026-06-29T22:35:32.132+0000] {processor.py:186} INFO - Started process (PID=3559) to work on /home/airflow/.local/lib/python3.12/site-packages/airflow/example_dags/example_datasets.py
[2026-06-29T22:35:32.134+0000] {processor.py:914} INFO - Processing file /home/airflow/.local/lib/python3.12/site-packages/airflow/example_dags/example_datasets.py for tasks to queue
[2026-06-29T22:35:32.137+0000] {logging_mixin.py:190} INFO - [2026-06-29T22:35:32.137+0000] {dagbag.py:588} INFO - Filling up the DagBag from /home/airflow/.local/lib/python3.12/site-packages/airflow/example_dags/example_datasets.py
[2026-06-29T22:35:32.722+0000] {processor.py:925} INFO - DAG(s) 'consume_1_and_2_with_dataset_expressions', 'dataset_consumes_1_never_scheduled', 'conditional_dataset_and_time_based_timetable', 'dataset_produces_2', 'dataset_produces_1', 'dataset_consumes_1', 'consume_1_or_2_with_dataset_expressions', 'dataset_consumes_1_and_2', 'consume_1_or_both_2_and_3_with_dataset_expressions', 'dataset_consumes_unknown_never_scheduled' retrieved from /home/airflow/.local/lib/python3.12/site-packages/airflow/example_dags/example_datasets.py
[2026-06-29T22:35:32.768+0000] {logging_mixin.py:190} INFO - [2026-06-29T22:35:32.768+0000] {dag.py:3239} INFO - Sync 10 DAGs
[2026-06-29T22:35:32.799+0000] {logging_mixin.py:190} INFO - [2026-06-29T22:35:32.799+0000] {dag.py:4180} INFO - Setting next_dagrun for conditional_dataset_and_time_based_timetable to 2026-06-24 01:00:00+00:00, run_after=2026-06-24 01:00:00+00:00
[2026-06-29T22:35:32.804+0000] {logging_mixin.py:190} INFO - [2026-06-29T22:35:32.804+0000] {dag.py:4180} INFO - Setting next_dagrun for consume_1_and_2_with_dataset_expressions to None, run_after=None
[2026-06-29T22:35:32.806+0000] {logging_mixin.py:190} INFO - [2026-06-29T22:35:32.806+0000] {dag.py:4180} INFO - Setting next_dagrun for consume_1_or_2_with_dataset_expressions to None, run_after=None
[2026-06-29T22:35:32.808+0000] {logging_mixin.py:190} INFO - [2026-06-29T22:35:32.808+0000] {dag.py:4180} INFO - Setting next_dagrun for consume_1_or_both_2_and_3_with_dataset_expressions to None, run_after=None
[2026-06-29T22:35:32.811+0000] {logging_mixin.py:190} INFO - [2026-06-29T22:35:32.811+0000] {dag.py:4180} INFO - Setting next_dagrun for dataset_consumes_1 to None, run_after=None
[2026-06-29T22:35:32.813+0000] {logging_mixin.py:190} INFO - [2026-06-29T22:35:32.813+0000] {dag.py:4180} INFO - Setting next_dagrun for dataset_consumes_1_and_2 to None, run_after=None
[2026-06-29T22:35:32.816+0000] {logging_mixin.py:190} INFO - [2026-06-29T22:35:32.816+0000] {dag.py:4180} INFO - Setting next_dagrun for dataset_consumes_1_never_scheduled to None, run_after=None
[2026-06-29T22:35:32.818+0000] {logging_mixin.py:190} INFO - [2026-06-29T22:35:32.818+0000] {dag.py:4180} INFO - Setting next_dagrun for dataset_consumes_unknown_never_scheduled to None, run_after=None
[2026-06-29T22:35:32.821+0000] {logging_mixin.py:190} INFO - [2026-06-29T22:35:32.821+0000] {dag.py:4180} INFO - Setting next_dagrun for dataset_produces_1 to 2026-06-28 00:00:00+00:00, run_after=2026-06-29 00:00:00+00:00
[2026-06-29T22:35:32.823+0000] {logging_mixin.py:190} INFO - [2026-06-29T22:35:32.823+0000] {dag.py:4180} INFO - Setting next_dagrun for dataset_produces_2 to None, run_after=None
[2026-06-29T22:35:32.865+0000] {processor.py:208} INFO - Processing /home/airflow/.local/lib/python3.12/site-packages/airflow/example_dags/example_datasets.py took 0.744 seconds
[2026-06-29T22:36:03.748+0000] {processor.py:186} INFO - Started process (PID=3625) to work on /home/airflow/.local/lib/python3.12/site-packages/airflow/example_dags/example_datasets.py
[2026-06-29T22:36:03.750+0000] {processor.py:914} INFO - Processing file /home/airflow/.local/lib/python3.12/site-packages/airflow/example_dags/example_datasets.py for tasks to queue
[2026-06-29T22:36:03.753+0000] {logging_mixin.py:190} INFO - [2026-06-29T22:36:03.753+0000] {dagbag.py:588} INFO - Filling up the DagBag from /home/airflow/.local/lib/python3.12/site-packages/airflow/example_dags/example_datasets.py
[2026-06-29T22:36:04.319+0000] {processor.py:925} INFO - DAG(s) 'dataset_produces_2', 'consume_1_and_2_with_dataset_expressions', 'dataset_consumes_1_and_2', 'conditional_dataset_and_time_based_timetable', 'dataset_consumes_unknown_never_scheduled', 'dataset_consumes_1', 'dataset_produces_1', 'consume_1_or_2_with_dataset_expressions', 'dataset_consumes_1_never_scheduled', 'consume_1_or_both_2_and_3_with_dataset_expressions' retrieved from /home/airflow/.local/lib/python3.12/site-packages/airflow/example_dags/example_datasets.py
[2026-06-29T22:36:04.362+0000] {logging_mixin.py:190} INFO - [2026-06-29T22:36:04.361+0000] {dag.py:3239} INFO - Sync 10 DAGs
[2026-06-29T22:36:04.387+0000] {logging_mixin.py:190} INFO - [2026-06-29T22:36:04.386+0000] {dag.py:4180} INFO - Setting next_dagrun for conditional_dataset_and_time_based_timetable to 2026-06-24 01:00:00+00:00, run_after=2026-06-24 01:00:00+00:00
[2026-06-29T22:36:04.392+0000] {logging_mixin.py:190} INFO - [2026-06-29T22:36:04.391+0000] {dag.py:4180} INFO - Setting next_dagrun for consume_1_and_2_with_dataset_expressions to None, run_after=None
[2026-06-29T22:36:04.394+0000] {logging_mixin.py:190} INFO - [2026-06-29T22:36:04.394+0000] {dag.py:4180} INFO - Setting next_dagrun for consume_1_or_2_with_dataset_expressions to None, run_after=None
[2026-06-29T22:36:04.396+0000] {logging_mixin.py:190} INFO - [2026-06-29T22:36:04.396+0000] {dag.py:4180} INFO - Setting next_dagrun for consume_1_or_both_2_and_3_with_dataset_expressions to None, run_after=None
[2026-06-29T22:36:04.399+0000] {logging_mixin.py:190} INFO - [2026-06-29T22:36:04.398+0000] {dag.py:4180} INFO - Setting next_dagrun for dataset_consumes_1 to None, run_after=None
[2026-06-29T22:36:04.401+0000] {logging_mixin.py:190} INFO - [2026-06-29T22:36:04.400+0000] {dag.py:4180} INFO - Setting next_dagrun for dataset_consumes_1_and_2 to None, run_after=None
[2026-06-29T22:36:04.402+0000] {logging_mixin.py:190} INFO - [2026-06-29T22:36:04.402+0000] {dag.py:4180} INFO - Setting next_dagrun for dataset_consumes_1_never_scheduled to None, run_after=None
[2026-06-29T22:36:04.404+0000] {logging_mixin.py:190} INFO - [2026-06-29T22:36:04.404+0000] {dag.py:4180} INFO - Setting next_dagrun for dataset_consumes_unknown_never_scheduled to None, run_after=None
[2026-06-29T22:36:04.407+0000] {logging_mixin.py:190} INFO - [2026-06-29T22:36:04.407+0000] {dag.py:4180} INFO - Setting next_dagrun for dataset_produces_1 to 2026-06-28 00:00:00+00:00, run_after=2026-06-29 00:00:00+00:00
[2026-06-29T22:36:04.409+0000] {logging_mixin.py:190} INFO - [2026-06-29T22:36:04.409+0000] {dag.py:4180} INFO - Setting next_dagrun for dataset_produces_2 to None, run_after=None
[2026-06-29T22:36:04.452+0000] {processor.py:208} INFO - Processing /home/airflow/.local/lib/python3.12/site-packages/airflow/example_dags/example_datasets.py took 0.718 seconds
[2026-06-29T22:36:35.400+0000] {processor.py:186} INFO - Started process (PID=3690) to work on /home/airflow/.local/lib/python3.12/site-packages/airflow/example_dags/example_datasets.py
[2026-06-29T22:36:35.402+0000] {processor.py:914} INFO - Processing file /home/airflow/.local/lib/python3.12/site-packages/airflow/example_dags/example_datasets.py for tasks to queue
[2026-06-29T22:36:35.407+0000] {logging_mixin.py:190} INFO - [2026-06-29T22:36:35.407+0000] {dagbag.py:588} INFO - Filling up the DagBag from /home/airflow/.local/lib/python3.12/site-packages/airflow/example_dags/example_datasets.py
[2026-06-29T22:36:36.125+0000] {processor.py:925} INFO - DAG(s) 'dataset_consumes_unknown_never_scheduled', 'dataset_consumes_1', 'consume_1_or_2_with_dataset_expressions', 'conditional_dataset_and_time_based_timetable', 'dataset_produces_1', 'dataset_consumes_1_and_2', 'consume_1_or_both_2_and_3_with_dataset_expressions', 'dataset_consumes_1_never_scheduled', 'dataset_produces_2', 'consume_1_and_2_with_dataset_expressions' retrieved from /home/airflow/.local/lib/python3.12/site-packages/airflow/example_dags/example_datasets.py
[2026-06-29T22:36:36.184+0000] {logging_mixin.py:190} INFO - [2026-06-29T22:36:36.184+0000] {dag.py:3239} INFO - Sync 10 DAGs
[2026-06-29T22:36:36.212+0000] {logging_mixin.py:190} INFO - [2026-06-29T22:36:36.212+0000] {dag.py:4180} INFO - Setting next_dagrun for conditional_dataset_and_time_based_timetable to 2026-06-24 01:00:00+00:00, run_after=2026-06-24 01:00:00+00:00
[2026-06-29T22:36:36.218+0000] {logging_mixin.py:190} INFO - [2026-06-29T22:36:36.218+0000] {dag.py:4180} INFO - Setting next_dagrun for consume_1_and_2_with_dataset_expressions to None, run_after=None
[2026-06-29T22:36:36.221+0000] {logging_mixin.py:190} INFO - [2026-06-29T22:36:36.220+0000] {dag.py:4180} INFO - Setting next_dagrun for consume_1_or_2_with_dataset_expressions to None, run_after=None
[2026-06-29T22:36:36.223+0000] {logging_mixin.py:190} INFO - [2026-06-29T22:36:36.222+0000] {dag.py:4180} INFO - Setting next_dagrun for consume_1_or_both_2_and_3_with_dataset_expressions to None, run_after=None
[2026-06-29T22:36:36.224+0000] {logging_mixin.py:190} INFO - [2026-06-29T22:36:36.224+0000] {dag.py:4180} INFO - Setting next_dagrun for dataset_consumes_1 to None, run_after=None
[2026-06-29T22:36:36.226+0000] {logging_mixin.py:190} INFO - [2026-06-29T22:36:36.226+0000] {dag.py:4180} INFO - Setting next_dagrun for dataset_consumes_1_and_2 to None, run_after=None
[2026-06-29T22:36:36.228+0000] {logging_mixin.py:190} INFO - [2026-06-29T22:36:36.228+0000] {dag.py:4180} INFO - Setting next_dagrun for dataset_consumes_1_never_scheduled to None, run_after=None
[2026-06-29T22:36:36.231+0000] {logging_mixin.py:190} INFO - [2026-06-29T22:36:36.231+0000] {dag.py:4180} INFO - Setting next_dagrun for dataset_consumes_unknown_never_scheduled to None, run_after=None
[2026-06-29T22:36:36.234+0000] {logging_mixin.py:190} INFO - [2026-06-29T22:36:36.234+0000] {dag.py:4180} INFO - Setting next_dagrun for dataset_produces_1 to 2026-06-28 00:00:00+00:00, run_after=2026-06-29 00:00:00+00:00
[2026-06-29T22:36:36.236+0000] {logging_mixin.py:190} INFO - [2026-06-29T22:36:36.236+0000] {dag.py:4180} INFO - Setting next_dagrun for dataset_produces_2 to None, run_after=None
[2026-06-29T22:36:36.281+0000] {processor.py:208} INFO - Processing /home/airflow/.local/lib/python3.12/site-packages/airflow/example_dags/example_datasets.py took 0.891 seconds
[2026-06-29T22:37:06.949+0000] {processor.py:186} INFO - Started process (PID=3754) to work on /home/airflow/.local/lib/python3.12/site-packages/airflow/example_dags/example_datasets.py
[2026-06-29T22:37:06.951+0000] {processor.py:914} INFO - Processing file /home/airflow/.local/lib/python3.12/site-packages/airflow/example_dags/example_datasets.py for tasks to queue
[2026-06-29T22:37:06.955+0000] {logging_mixin.py:190} INFO - [2026-06-29T22:37:06.954+0000] {dagbag.py:588} INFO - Filling up the DagBag from /home/airflow/.local/lib/python3.12/site-packages/airflow/example_dags/example_datasets.py
[2026-06-29T22:37:07.529+0000] {processor.py:925} INFO - DAG(s) 'dataset_consumes_1', 'dataset_produces_1', 'consume_1_or_2_with_dataset_expressions', 'consume_1_or_both_2_and_3_with_dataset_expressions', 'conditional_dataset_and_time_based_timetable', 'dataset_consumes_1_and_2', 'dataset_consumes_1_never_scheduled', 'consume_1_and_2_with_dataset_expressions', 'dataset_produces_2', 'dataset_consumes_unknown_never_scheduled' retrieved from /home/airflow/.local/lib/python3.12/site-packages/airflow/example_dags/example_datasets.py
[2026-06-29T22:37:07.573+0000] {logging_mixin.py:190} INFO - [2026-06-29T22:37:07.573+0000] {dag.py:3239} INFO - Sync 10 DAGs
[2026-06-29T22:37:07.600+0000] {logging_mixin.py:190} INFO - [2026-06-29T22:37:07.600+0000] {dag.py:4180} INFO - Setting next_dagrun for conditional_dataset_and_time_based_timetable to 2026-06-24 01:00:00+00:00, run_after=2026-06-24 01:00:00+00:00
[2026-06-29T22:37:07.604+0000] {logging_mixin.py:190} INFO - [2026-06-29T22:37:07.604+0000] {dag.py:4180} INFO - Setting next_dagrun for consume_1_and_2_with_dataset_expressions to None, run_after=None
[2026-06-29T22:37:07.607+0000] {logging_mixin.py:190} INFO - [2026-06-29T22:37:07.607+0000] {dag.py:4180} INFO - Setting next_dagrun for consume_1_or_2_with_dataset_expressions to None, run_after=None
[2026-06-29T22:37:07.609+0000] {logging_mixin.py:190} INFO - [2026-06-29T22:37:07.609+0000] {dag.py:4180} INFO - Setting next_dagrun for consume_1_or_both_2_and_3_with_dataset_expressions to None, run_after=None
[2026-06-29T22:37:07.611+0000] {logging_mixin.py:190} INFO - [2026-06-29T22:37:07.611+0000] {dag.py:4180} INFO - Setting next_dagrun for dataset_consumes_1 to None, run_after=None
[2026-06-29T22:37:07.613+0000] {logging_mixin.py:190} INFO - [2026-06-29T22:37:07.613+0000] {dag.py:4180} INFO - Setting next_dagrun for dataset_consumes_1_and_2 to None, run_after=None
[2026-06-29T22:37:07.615+0000] {logging_mixin.py:190} INFO - [2026-06-29T22:37:07.615+0000] {dag.py:4180} INFO - Setting next_dagrun for dataset_consumes_1_never_scheduled to None, run_after=None
[2026-06-29T22:37:07.617+0000] {logging_mixin.py:190} INFO - [2026-06-29T22:37:07.617+0000] {dag.py:4180} INFO - Setting next_dagrun for dataset_consumes_unknown_never_scheduled to None, run_after=None
[2026-06-29T22:37:07.620+0000] {logging_mixin.py:190} INFO - [2026-06-29T22:37:07.620+0000] {dag.py:4180} INFO - Setting next_dagrun for dataset_produces_1 to 2026-06-28 00:00:00+00:00, run_after=2026-06-29 00:00:00+00:00
[2026-06-29T22:37:07.622+0000] {logging_mixin.py:190} INFO - [2026-06-29T22:37:07.622+0000] {dag.py:4180} INFO - Setting next_dagrun for dataset_produces_2 to None, run_after=None
[2026-06-29T22:37:07.658+0000] {processor.py:208} INFO - Processing /home/airflow/.local/lib/python3.12/site-packages/airflow/example_dags/example_datasets.py took 0.720 seconds
[2026-06-29T22:37:38.336+0000] {processor.py:186} INFO - Started process (PID=3819) to work on /home/airflow/.local/lib/python3.12/site-packages/airflow/example_dags/example_datasets.py
[2026-06-29T22:37:38.339+0000] {processor.py:914} INFO - Processing file /home/airflow/.local/lib/python3.12/site-packages/airflow/example_dags/example_datasets.py for tasks to queue
[2026-06-29T22:37:38.345+0000] {logging_mixin.py:190} INFO - [2026-06-29T22:37:38.343+0000] {dagbag.py:588} INFO - Filling up the DagBag from /home/airflow/.local/lib/python3.12/site-packages/airflow/example_dags/example_datasets.py
[2026-06-29T22:37:38.999+0000] {processor.py:925} INFO - DAG(s) 'dataset_consumes_1_never_scheduled', 'consume_1_or_both_2_and_3_with_dataset_expressions', 'conditional_dataset_and_time_based_timetable', 'consume_1_and_2_with_dataset_expressions', 'dataset_produces_1', 'consume_1_or_2_with_dataset_expressions', 'dataset_consumes_1', 'dataset_consumes_unknown_never_scheduled', 'dataset_produces_2', 'dataset_consumes_1_and_2' retrieved from /home/airflow/.local/lib/python3.12/site-packages/airflow/example_dags/example_datasets.py
[2026-06-29T22:37:39.070+0000] {logging_mixin.py:190} INFO - [2026-06-29T22:37:39.069+0000] {dag.py:3239} INFO - Sync 10 DAGs
[2026-06-29T22:37:39.098+0000] {logging_mixin.py:190} INFO - [2026-06-29T22:37:39.098+0000] {dag.py:4180} INFO - Setting next_dagrun for conditional_dataset_and_time_based_timetable to 2026-06-24 01:00:00+00:00, run_after=2026-06-24 01:00:00+00:00
[2026-06-29T22:37:39.104+0000] {logging_mixin.py:190} INFO - [2026-06-29T22:37:39.103+0000] {dag.py:4180} INFO - Setting next_dagrun for consume_1_and_2_with_dataset_expressions to None, run_after=None
[2026-06-29T22:37:39.106+0000] {logging_mixin.py:190} INFO - [2026-06-29T22:37:39.106+0000] {dag.py:4180} INFO - Setting next_dagrun for consume_1_or_2_with_dataset_expressions to None, run_after=None
[2026-06-29T22:37:39.109+0000] {logging_mixin.py:190} INFO - [2026-06-29T22:37:39.108+0000] {dag.py:4180} INFO - Setting next_dagrun for consume_1_or_both_2_and_3_with_dataset_expressions to None, run_after=None
[2026-06-29T22:37:39.111+0000] {logging_mixin.py:190} INFO - [2026-06-29T22:37:39.111+0000] {dag.py:4180} INFO - Setting next_dagrun for dataset_consumes_1 to None, run_after=None
[2026-06-29T22:37:39.114+0000] {logging_mixin.py:190} INFO - [2026-06-29T22:37:39.113+0000] {dag.py:4180} INFO - Setting next_dagrun for dataset_consumes_1_and_2 to None, run_after=None
[2026-06-29T22:37:39.116+0000] {logging_mixin.py:190} INFO - [2026-06-29T22:37:39.116+0000] {dag.py:4180} INFO - Setting next_dagrun for dataset_consumes_1_never_scheduled to None, run_after=None
[2026-06-29T22:37:39.118+0000] {logging_mixin.py:190} INFO - [2026-06-29T22:37:39.118+0000] {dag.py:4180} INFO - Setting next_dagrun for dataset_consumes_unknown_never_scheduled to None, run_after=None
[2026-06-29T22:37:39.122+0000] {logging_mixin.py:190} INFO - [2026-06-29T22:37:39.121+0000] {dag.py:4180} INFO - Setting next_dagrun for dataset_produces_1 to 2026-06-28 00:00:00+00:00, run_after=2026-06-29 00:00:00+00:00
[2026-06-29T22:37:39.124+0000] {logging_mixin.py:190} INFO - [2026-06-29T22:37:39.124+0000] {dag.py:4180} INFO - Setting next_dagrun for dataset_produces_2 to None, run_after=None
[2026-06-29T22:37:39.175+0000] {processor.py:208} INFO - Processing /home/airflow/.local/lib/python3.12/site-packages/airflow/example_dags/example_datasets.py took 0.855 seconds
[2026-06-29T22:38:09.429+0000] {processor.py:186} INFO - Started process (PID=3883) to work on /home/airflow/.local/lib/python3.12/site-packages/airflow/example_dags/example_datasets.py
[2026-06-29T22:38:09.431+0000] {processor.py:914} INFO - Processing file /home/airflow/.local/lib/python3.12/site-packages/airflow/example_dags/example_datasets.py for tasks to queue
[2026-06-29T22:38:09.434+0000] {logging_mixin.py:190} INFO - [2026-06-29T22:38:09.434+0000] {dagbag.py:588} INFO - Filling up the DagBag from /home/airflow/.local/lib/python3.12/site-packages/airflow/example_dags/example_datasets.py
[2026-06-29T22:38:10.064+0000] {processor.py:925} INFO - DAG(s) 'consume_1_or_2_with_dataset_expressions', 'dataset_produces_1', 'dataset_consumes_1', 'consume_1_or_both_2_and_3_with_dataset_expressions', 'dataset_produces_2', 'conditional_dataset_and_time_based_timetable', 'dataset_consumes_unknown_never_scheduled', 'dataset_consumes_1_never_scheduled', 'consume_1_and_2_with_dataset_expressions', 'dataset_consumes_1_and_2' retrieved from /home/airflow/.local/lib/python3.12/site-packages/airflow/example_dags/example_datasets.py
[2026-06-29T22:38:10.122+0000] {logging_mixin.py:190} INFO - [2026-06-29T22:38:10.122+0000] {dag.py:3239} INFO - Sync 10 DAGs
[2026-06-29T22:38:10.149+0000] {logging_mixin.py:190} INFO - [2026-06-29T22:38:10.149+0000] {dag.py:4180} INFO - Setting next_dagrun for conditional_dataset_and_time_based_timetable to 2026-06-24 01:00:00+00:00, run_after=2026-06-24 01:00:00+00:00
[2026-06-29T22:38:10.154+0000] {logging_mixin.py:190} INFO - [2026-06-29T22:38:10.153+0000] {dag.py:4180} INFO - Setting next_dagrun for consume_1_and_2_with_dataset_expressions to None, run_after=None
[2026-06-29T22:38:10.158+0000] {logging_mixin.py:190} INFO - [2026-06-29T22:38:10.158+0000] {dag.py:4180} INFO - Setting next_dagrun for consume_1_or_2_with_dataset_expressions to None, run_after=None
[2026-06-29T22:38:10.161+0000] {logging_mixin.py:190} INFO - [2026-06-29T22:38:10.161+0000] {dag.py:4180} INFO - Setting next_dagrun for consume_1_or_both_2_and_3_with_dataset_expressions to None, run_after=None
[2026-06-29T22:38:10.163+0000] {logging_mixin.py:190} INFO - [2026-06-29T22:38:10.163+0000] {dag.py:4180} INFO - Setting next_dagrun for dataset_consumes_1 to None, run_after=None
[2026-06-29T22:38:10.165+0000] {logging_mixin.py:190} INFO - [2026-06-29T22:38:10.165+0000] {dag.py:4180} INFO - Setting next_dagrun for dataset_consumes_1_and_2 to None, run_after=None
[2026-06-29T22:38:10.167+0000] {logging_mixin.py:190} INFO - [2026-06-29T22:38:10.167+0000] {dag.py:4180} INFO - Setting next_dagrun for dataset_consumes_1_never_scheduled to None, run_after=None
[2026-06-29T22:38:10.169+0000] {logging_mixin.py:190} INFO - [2026-06-29T22:38:10.169+0000] {dag.py:4180} INFO - Setting next_dagrun for dataset_consumes_unknown_never_scheduled to None, run_after=None
[2026-06-29T22:38:10.172+0000] {logging_mixin.py:190} INFO - [2026-06-29T22:38:10.172+0000] {dag.py:4180} INFO - Setting next_dagrun for dataset_produces_1 to 2026-06-28 00:00:00+00:00, run_after=2026-06-29 00:00:00+00:00
[2026-06-29T22:38:10.174+0000] {logging_mixin.py:190} INFO - [2026-06-29T22:38:10.174+0000] {dag.py:4180} INFO - Setting next_dagrun for dataset_produces_2 to None, run_after=None
[2026-06-29T22:38:10.221+0000] {processor.py:208} INFO - Processing /home/airflow/.local/lib/python3.12/site-packages/airflow/example_dags/example_datasets.py took 0.801 seconds
[2026-06-29T22:38:40.337+0000] {processor.py:186} INFO - Started process (PID=3949) to work on /home/airflow/.local/lib/python3.12/site-packages/airflow/example_dags/example_datasets.py
[2026-06-29T22:38:40.340+0000] {processor.py:914} INFO - Processing file /home/airflow/.local/lib/python3.12/site-packages/airflow/example_dags/example_datasets.py for tasks to queue
[2026-06-29T22:38:40.345+0000] {logging_mixin.py:190} INFO - [2026-06-29T22:38:40.344+0000] {dagbag.py:588} INFO - Filling up the DagBag from /home/airflow/.local/lib/python3.12/site-packages/airflow/example_dags/example_datasets.py
[2026-06-29T22:38:41.329+0000] {processor.py:925} INFO - DAG(s) 'consume_1_or_both_2_and_3_with_dataset_expressions', 'consume_1_and_2_with_dataset_expressions', 'conditional_dataset_and_time_based_timetable', 'dataset_produces_1', 'dataset_consumes_1_never_scheduled', 'dataset_consumes_1', 'dataset_consumes_unknown_never_scheduled', 'dataset_consumes_1_and_2', 'consume_1_or_2_with_dataset_expressions', 'dataset_produces_2' retrieved from /home/airflow/.local/lib/python3.12/site-packages/airflow/example_dags/example_datasets.py
[2026-06-29T22:38:41.495+0000] {logging_mixin.py:190} INFO - [2026-06-29T22:38:41.494+0000] {dag.py:3239} INFO - Sync 10 DAGs
[2026-06-29T22:38:41.614+0000] {logging_mixin.py:190} INFO - [2026-06-29T22:38:41.614+0000] {dag.py:4180} INFO - Setting next_dagrun for conditional_dataset_and_time_based_timetable to 2026-06-24 01:00:00+00:00, run_after=2026-06-24 01:00:00+00:00
[2026-06-29T22:38:41.628+0000] {logging_mixin.py:190} INFO - [2026-06-29T22:38:41.627+0000] {dag.py:4180} INFO - Setting next_dagrun for consume_1_and_2_with_dataset_expressions to None, run_after=None
[2026-06-29T22:38:41.635+0000] {logging_mixin.py:190} INFO - [2026-06-29T22:38:41.634+0000] {dag.py:4180} INFO - Setting next_dagrun for consume_1_or_2_with_dataset_expressions to None, run_after=None
[2026-06-29T22:38:41.641+0000] {logging_mixin.py:190} INFO - [2026-06-29T22:38:41.641+0000] {dag.py:4180} INFO - Setting next_dagrun for consume_1_or_both_2_and_3_with_dataset_expressions to None, run_after=None
[2026-06-29T22:38:41.648+0000] {logging_mixin.py:190} INFO - [2026-06-29T22:38:41.647+0000] {dag.py:4180} INFO - Setting next_dagrun for dataset_consumes_1 to None, run_after=None
[2026-06-29T22:38:41.654+0000] {logging_mixin.py:190} INFO - [2026-06-29T22:38:41.653+0000] {dag.py:4180} INFO - Setting next_dagrun for dataset_consumes_1_and_2 to None, run_after=None
[2026-06-29T22:38:41.663+0000] {logging_mixin.py:190} INFO - [2026-06-29T22:38:41.662+0000] {dag.py:4180} INFO - Setting next_dagrun for dataset_consumes_1_never_scheduled to None, run_after=None
[2026-06-29T22:38:41.667+0000] {logging_mixin.py:190} INFO - [2026-06-29T22:38:41.667+0000] {dag.py:4180} INFO - Setting next_dagrun for dataset_consumes_unknown_never_scheduled to None, run_after=None
[2026-06-29T22:38:41.680+0000] {logging_mixin.py:190} INFO - [2026-06-29T22:38:41.679+0000] {dag.py:4180} INFO - Setting next_dagrun for dataset_produces_1 to 2026-06-28 00:00:00+00:00, run_after=2026-06-29 00:00:00+00:00
[2026-06-29T22:38:41.687+0000] {logging_mixin.py:190} INFO - [2026-06-29T22:38:41.685+0000] {dag.py:4180} INFO - Setting next_dagrun for dataset_produces_2 to None, run_after=None
[2026-06-29T22:38:41.795+0000] {processor.py:208} INFO - Processing /home/airflow/.local/lib/python3.12/site-packages/airflow/example_dags/example_datasets.py took 1.471 seconds
[2026-06-29T22:39:12.253+0000] {processor.py:186} INFO - Started process (PID=4015) to work on /home/airflow/.local/lib/python3.12/site-packages/airflow/example_dags/example_datasets.py
[2026-06-29T22:39:12.255+0000] {processor.py:914} INFO - Processing file /home/airflow/.local/lib/python3.12/site-packages/airflow/example_dags/example_datasets.py for tasks to queue
[2026-06-29T22:39:12.260+0000] {logging_mixin.py:190} INFO - [2026-06-29T22:39:12.259+0000] {dagbag.py:588} INFO - Filling up the DagBag from /home/airflow/.local/lib/python3.12/site-packages/airflow/example_dags/example_datasets.py
[2026-06-29T22:39:12.983+0000] {processor.py:925} INFO - DAG(s) 'dataset_consumes_unknown_never_scheduled', 'consume_1_or_both_2_and_3_with_dataset_expressions', 'dataset_consumes_1_and_2', 'dataset_produces_1', 'dataset_produces_2', 'dataset_consumes_1_never_scheduled', 'conditional_dataset_and_time_based_timetable', 'consume_1_and_2_with_dataset_expressions', 'consume_1_or_2_with_dataset_expressions', 'dataset_consumes_1' retrieved from /home/airflow/.local/lib/python3.12/site-packages/airflow/example_dags/example_datasets.py
[2026-06-29T22:39:13.046+0000] {logging_mixin.py:190} INFO - [2026-06-29T22:39:13.046+0000] {dag.py:3239} INFO - Sync 10 DAGs
[2026-06-29T22:39:13.081+0000] {logging_mixin.py:190} INFO - [2026-06-29T22:39:13.080+0000] {dag.py:4180} INFO - Setting next_dagrun for conditional_dataset_and_time_based_timetable to 2026-06-24 01:00:00+00:00, run_after=2026-06-24 01:00:00+00:00
[2026-06-29T22:39:13.085+0000] {logging_mixin.py:190} INFO - [2026-06-29T22:39:13.085+0000] {dag.py:4180} INFO - Setting next_dagrun for consume_1_and_2_with_dataset_expressions to None, run_after=None
[2026-06-29T22:39:13.090+0000] {logging_mixin.py:190} INFO - [2026-06-29T22:39:13.090+0000] {dag.py:4180} INFO - Setting next_dagrun for consume_1_or_2_with_dataset_expressions to None, run_after=None
[2026-06-29T22:39:13.092+0000] {logging_mixin.py:190} INFO - [2026-06-29T22:39:13.092+0000] {dag.py:4180} INFO - Setting next_dagrun for consume_1_or_both_2_and_3_with_dataset_expressions to None, run_after=None
[2026-06-29T22:39:13.095+0000] {logging_mixin.py:190} INFO - [2026-06-29T22:39:13.094+0000] {dag.py:4180} INFO - Setting next_dagrun for dataset_consumes_1 to None, run_after=None
[2026-06-29T22:39:13.097+0000] {logging_mixin.py:190} INFO - [2026-06-29T22:39:13.097+0000] {dag.py:4180} INFO - Setting next_dagrun for dataset_consumes_1_and_2 to None, run_after=None
[2026-06-29T22:39:13.099+0000] {logging_mixin.py:190} INFO - [2026-06-29T22:39:13.099+0000] {dag.py:4180} INFO - Setting next_dagrun for dataset_consumes_1_never_scheduled to None, run_after=None
[2026-06-29T22:39:13.101+0000] {logging_mixin.py:190} INFO - [2026-06-29T22:39:13.101+0000] {dag.py:4180} INFO - Setting next_dagrun for dataset_consumes_unknown_never_scheduled to None, run_after=None
[2026-06-29T22:39:13.104+0000] {logging_mixin.py:190} INFO - [2026-06-29T22:39:13.104+0000] {dag.py:4180} INFO - Setting next_dagrun for dataset_produces_1 to 2026-06-28 00:00:00+00:00, run_after=2026-06-29 00:00:00+00:00
[2026-06-29T22:39:13.107+0000] {logging_mixin.py:190} INFO - [2026-06-29T22:39:13.107+0000] {dag.py:4180} INFO - Setting next_dagrun for dataset_produces_2 to None, run_after=None
[2026-06-29T22:39:13.148+0000] {processor.py:208} INFO - Processing /home/airflow/.local/lib/python3.12/site-packages/airflow/example_dags/example_datasets.py took 0.907 seconds
[2026-06-29T22:39:43.565+0000] {processor.py:186} INFO - Started process (PID=4079) to work on /home/airflow/.local/lib/python3.12/site-packages/airflow/example_dags/example_datasets.py
[2026-06-29T22:39:43.566+0000] {processor.py:914} INFO - Processing file /home/airflow/.local/lib/python3.12/site-packages/airflow/example_dags/example_datasets.py for tasks to queue
[2026-06-29T22:39:43.571+0000] {logging_mixin.py:190} INFO - [2026-06-29T22:39:43.570+0000] {dagbag.py:588} INFO - Filling up the DagBag from /home/airflow/.local/lib/python3.12/site-packages/airflow/example_dags/example_datasets.py
[2026-06-29T22:39:44.689+0000] {processor.py:925} INFO - DAG(s) 'consume_1_and_2_with_dataset_expressions', 'consume_1_or_2_with_dataset_expressions', 'dataset_consumes_unknown_never_scheduled', 'consume_1_or_both_2_and_3_with_dataset_expressions', 'dataset_consumes_1', 'dataset_consumes_1_and_2', 'dataset_produces_2', 'conditional_dataset_and_time_based_timetable', 'dataset_consumes_1_never_scheduled', 'dataset_produces_1' retrieved from /home/airflow/.local/lib/python3.12/site-packages/airflow/example_dags/example_datasets.py
[2026-06-29T22:39:44.789+0000] {logging_mixin.py:190} INFO - [2026-06-29T22:39:44.788+0000] {dag.py:3239} INFO - Sync 10 DAGs
[2026-06-29T22:39:44.835+0000] {logging_mixin.py:190} INFO - [2026-06-29T22:39:44.834+0000] {dag.py:4180} INFO - Setting next_dagrun for conditional_dataset_and_time_based_timetable to 2026-06-24 01:00:00+00:00, run_after=2026-06-24 01:00:00+00:00
[2026-06-29T22:39:44.842+0000] {logging_mixin.py:190} INFO - [2026-06-29T22:39:44.842+0000] {dag.py:4180} INFO - Setting next_dagrun for consume_1_and_2_with_dataset_expressions to None, run_after=None
[2026-06-29T22:39:44.846+0000] {logging_mixin.py:190} INFO - [2026-06-29T22:39:44.846+0000] {dag.py:4180} INFO - Setting next_dagrun for consume_1_or_2_with_dataset_expressions to None, run_after=None
[2026-06-29T22:39:44.850+0000] {logging_mixin.py:190} INFO - [2026-06-29T22:39:44.850+0000] {dag.py:4180} INFO - Setting next_dagrun for consume_1_or_both_2_and_3_with_dataset_expressions to None, run_after=None
[2026-06-29T22:39:44.854+0000] {logging_mixin.py:190} INFO - [2026-06-29T22:39:44.853+0000] {dag.py:4180} INFO - Setting next_dagrun for dataset_consumes_1 to None, run_after=None
[2026-06-29T22:39:44.858+0000] {logging_mixin.py:190} INFO - [2026-06-29T22:39:44.858+0000] {dag.py:4180} INFO - Setting next_dagrun for dataset_consumes_1_and_2 to None, run_after=None
[2026-06-29T22:39:44.862+0000] {logging_mixin.py:190} INFO - [2026-06-29T22:39:44.861+0000] {dag.py:4180} INFO - Setting next_dagrun for dataset_consumes_1_never_scheduled to None, run_after=None
[2026-06-29T22:39:44.864+0000] {logging_mixin.py:190} INFO - [2026-06-29T22:39:44.864+0000] {dag.py:4180} INFO - Setting next_dagrun for dataset_consumes_unknown_never_scheduled to None, run_after=None
[2026-06-29T22:39:44.869+0000] {logging_mixin.py:190} INFO - [2026-06-29T22:39:44.868+0000] {dag.py:4180} INFO - Setting next_dagrun for dataset_produces_1 to 2026-06-28 00:00:00+00:00, run_after=2026-06-29 00:00:00+00:00
[2026-06-29T22:39:44.873+0000] {logging_mixin.py:190} INFO - [2026-06-29T22:39:44.872+0000] {dag.py:4180} INFO - Setting next_dagrun for dataset_produces_2 to None, run_after=None
[2026-06-29T22:39:44.938+0000] {processor.py:208} INFO - Processing /home/airflow/.local/lib/python3.12/site-packages/airflow/example_dags/example_datasets.py took 1.383 seconds
[2026-06-29T22:41:26.472+0000] {processor.py:186} INFO - Started process (PID=105) to work on /home/airflow/.local/lib/python3.12/site-packages/airflow/example_dags/example_datasets.py
[2026-06-29T22:41:26.477+0000] {processor.py:914} INFO - Processing file /home/airflow/.local/lib/python3.12/site-packages/airflow/example_dags/example_datasets.py for tasks to queue
[2026-06-29T22:41:26.487+0000] {logging_mixin.py:190} INFO - [2026-06-29T22:41:26.487+0000] {dagbag.py:588} INFO - Filling up the DagBag from /home/airflow/.local/lib/python3.12/site-packages/airflow/example_dags/example_datasets.py
[2026-06-29T22:41:28.271+0000] {processor.py:925} INFO - DAG(s) 'dataset_produces_1', 'consume_1_or_both_2_and_3_with_dataset_expressions', 'consume_1_or_2_with_dataset_expressions', 'conditional_dataset_and_time_based_timetable', 'dataset_consumes_1_never_scheduled', 'dataset_consumes_1_and_2', 'consume_1_and_2_with_dataset_expressions', 'dataset_produces_2', 'dataset_consumes_unknown_never_scheduled', 'dataset_consumes_1' retrieved from /home/airflow/.local/lib/python3.12/site-packages/airflow/example_dags/example_datasets.py
[2026-06-29T22:41:28.418+0000] {logging_mixin.py:190} INFO - [2026-06-29T22:41:28.417+0000] {dag.py:3239} INFO - Sync 10 DAGs
[2026-06-29T22:41:28.493+0000] {logging_mixin.py:190} INFO - [2026-06-29T22:41:28.492+0000] {dag.py:4180} INFO - Setting next_dagrun for conditional_dataset_and_time_based_timetable to 2026-06-24 01:00:00+00:00, run_after=2026-06-24 01:00:00+00:00
[2026-06-29T22:41:28.508+0000] {logging_mixin.py:190} INFO - [2026-06-29T22:41:28.507+0000] {dag.py:4180} INFO - Setting next_dagrun for consume_1_and_2_with_dataset_expressions to None, run_after=None
[2026-06-29T22:41:28.514+0000] {logging_mixin.py:190} INFO - [2026-06-29T22:41:28.514+0000] {dag.py:4180} INFO - Setting next_dagrun for consume_1_or_2_with_dataset_expressions to None, run_after=None
[2026-06-29T22:41:28.519+0000] {logging_mixin.py:190} INFO - [2026-06-29T22:41:28.519+0000] {dag.py:4180} INFO - Setting next_dagrun for consume_1_or_both_2_and_3_with_dataset_expressions to None, run_after=None
[2026-06-29T22:41:28.524+0000] {logging_mixin.py:190} INFO - [2026-06-29T22:41:28.523+0000] {dag.py:4180} INFO - Setting next_dagrun for dataset_consumes_1 to None, run_after=None
[2026-06-29T22:41:28.529+0000] {logging_mixin.py:190} INFO - [2026-06-29T22:41:28.529+0000] {dag.py:4180} INFO - Setting next_dagrun for dataset_consumes_1_and_2 to None, run_after=None
[2026-06-29T22:41:28.534+0000] {logging_mixin.py:190} INFO - [2026-06-29T22:41:28.533+0000] {dag.py:4180} INFO - Setting next_dagrun for dataset_consumes_1_never_scheduled to None, run_after=None
[2026-06-29T22:41:28.539+0000] {logging_mixin.py:190} INFO - [2026-06-29T22:41:28.538+0000] {dag.py:4180} INFO - Setting next_dagrun for dataset_consumes_unknown_never_scheduled to None, run_after=None
[2026-06-29T22:41:28.545+0000] {logging_mixin.py:190} INFO - [2026-06-29T22:41:28.545+0000] {dag.py:4180} INFO - Setting next_dagrun for dataset_produces_1 to 2026-06-28 00:00:00+00:00, run_after=2026-06-29 00:00:00+00:00
[2026-06-29T22:41:28.551+0000] {logging_mixin.py:190} INFO - [2026-06-29T22:41:28.551+0000] {dag.py:4180} INFO - Setting next_dagrun for dataset_produces_2 to None, run_after=None
[2026-06-29T22:41:28.654+0000] {processor.py:208} INFO - Processing /home/airflow/.local/lib/python3.12/site-packages/airflow/example_dags/example_datasets.py took 2.204 seconds
[2026-06-29T22:41:58.788+0000] {processor.py:186} INFO - Started process (PID=169) to work on /home/airflow/.local/lib/python3.12/site-packages/airflow/example_dags/example_datasets.py
[2026-06-29T22:41:58.790+0000] {processor.py:914} INFO - Processing file /home/airflow/.local/lib/python3.12/site-packages/airflow/example_dags/example_datasets.py for tasks to queue
[2026-06-29T22:41:58.795+0000] {logging_mixin.py:190} INFO - [2026-06-29T22:41:58.795+0000] {dagbag.py:588} INFO - Filling up the DagBag from /home/airflow/.local/lib/python3.12/site-packages/airflow/example_dags/example_datasets.py
[2026-06-29T22:42:00.134+0000] {processor.py:925} INFO - DAG(s) 'dataset_consumes_1_never_scheduled', 'consume_1_or_2_with_dataset_expressions', 'dataset_produces_1', 'consume_1_and_2_with_dataset_expressions', 'dataset_consumes_1_and_2', 'dataset_produces_2', 'consume_1_or_both_2_and_3_with_dataset_expressions', 'conditional_dataset_and_time_based_timetable', 'dataset_consumes_unknown_never_scheduled', 'dataset_consumes_1' retrieved from /home/airflow/.local/lib/python3.12/site-packages/airflow/example_dags/example_datasets.py
[2026-06-29T22:42:00.289+0000] {logging_mixin.py:190} INFO - [2026-06-29T22:42:00.288+0000] {dag.py:3239} INFO - Sync 10 DAGs
[2026-06-29T22:42:00.375+0000] {logging_mixin.py:190} INFO - [2026-06-29T22:42:00.374+0000] {dag.py:4180} INFO - Setting next_dagrun for conditional_dataset_and_time_based_timetable to 2026-06-24 01:00:00+00:00, run_after=2026-06-24 01:00:00+00:00
[2026-06-29T22:42:00.389+0000] {logging_mixin.py:190} INFO - [2026-06-29T22:42:00.388+0000] {dag.py:4180} INFO - Setting next_dagrun for consume_1_and_2_with_dataset_expressions to None, run_after=None
[2026-06-29T22:42:00.396+0000] {logging_mixin.py:190} INFO - [2026-06-29T22:42:00.396+0000] {dag.py:4180} INFO - Setting next_dagrun for consume_1_or_2_with_dataset_expressions to None, run_after=None
[2026-06-29T22:42:00.401+0000] {logging_mixin.py:190} INFO - [2026-06-29T22:42:00.400+0000] {dag.py:4180} INFO - Setting next_dagrun for consume_1_or_both_2_and_3_with_dataset_expressions to None, run_after=None
[2026-06-29T22:42:00.406+0000] {logging_mixin.py:190} INFO - [2026-06-29T22:42:00.405+0000] {dag.py:4180} INFO - Setting next_dagrun for dataset_consumes_1 to None, run_after=None
[2026-06-29T22:42:00.412+0000] {logging_mixin.py:190} INFO - [2026-06-29T22:42:00.411+0000] {dag.py:4180} INFO - Setting next_dagrun for dataset_consumes_1_and_2 to None, run_after=None
[2026-06-29T22:42:00.418+0000] {logging_mixin.py:190} INFO - [2026-06-29T22:42:00.417+0000] {dag.py:4180} INFO - Setting next_dagrun for dataset_consumes_1_never_scheduled to None, run_after=None
[2026-06-29T22:42:00.423+0000] {logging_mixin.py:190} INFO - [2026-06-29T22:42:00.422+0000] {dag.py:4180} INFO - Setting next_dagrun for dataset_consumes_unknown_never_scheduled to None, run_after=None
[2026-06-29T22:42:00.434+0000] {logging_mixin.py:190} INFO - [2026-06-29T22:42:00.433+0000] {dag.py:4180} INFO - Setting next_dagrun for dataset_produces_1 to 2026-06-28 00:00:00+00:00, run_after=2026-06-29 00:00:00+00:00
[2026-06-29T22:42:00.439+0000] {logging_mixin.py:190} INFO - [2026-06-29T22:42:00.438+0000] {dag.py:4180} INFO - Setting next_dagrun for dataset_produces_2 to None, run_after=None
[2026-06-29T22:42:00.536+0000] {processor.py:208} INFO - Processing /home/airflow/.local/lib/python3.12/site-packages/airflow/example_dags/example_datasets.py took 1.761 seconds
[2026-06-29T22:42:31.317+0000] {processor.py:186} INFO - Started process (PID=233) to work on /home/airflow/.local/lib/python3.12/site-packages/airflow/example_dags/example_datasets.py
[2026-06-29T22:42:31.320+0000] {processor.py:914} INFO - Processing file /home/airflow/.local/lib/python3.12/site-packages/airflow/example_dags/example_datasets.py for tasks to queue
[2026-06-29T22:42:31.327+0000] {logging_mixin.py:190} INFO - [2026-06-29T22:42:31.325+0000] {dagbag.py:588} INFO - Filling up the DagBag from /home/airflow/.local/lib/python3.12/site-packages/airflow/example_dags/example_datasets.py
[2026-06-29T22:42:32.462+0000] {processor.py:925} INFO - DAG(s) 'dataset_consumes_1', 'dataset_produces_2', 'dataset_consumes_1_never_scheduled', 'dataset_produces_1', 'dataset_consumes_1_and_2', 'consume_1_or_2_with_dataset_expressions', 'consume_1_and_2_with_dataset_expressions', 'consume_1_or_both_2_and_3_with_dataset_expressions', 'dataset_consumes_unknown_never_scheduled', 'conditional_dataset_and_time_based_timetable' retrieved from /home/airflow/.local/lib/python3.12/site-packages/airflow/example_dags/example_datasets.py
[2026-06-29T22:42:32.556+0000] {logging_mixin.py:190} INFO - [2026-06-29T22:42:32.555+0000] {dag.py:3239} INFO - Sync 10 DAGs
[2026-06-29T22:42:32.604+0000] {logging_mixin.py:190} INFO - [2026-06-29T22:42:32.603+0000] {dag.py:4180} INFO - Setting next_dagrun for conditional_dataset_and_time_based_timetable to 2026-06-24 01:00:00+00:00, run_after=2026-06-24 01:00:00+00:00
[2026-06-29T22:42:32.614+0000] {logging_mixin.py:190} INFO - [2026-06-29T22:42:32.614+0000] {dag.py:4180} INFO - Setting next_dagrun for consume_1_and_2_with_dataset_expressions to None, run_after=None
[2026-06-29T22:42:32.619+0000] {logging_mixin.py:190} INFO - [2026-06-29T22:42:32.619+0000] {dag.py:4180} INFO - Setting next_dagrun for consume_1_or_2_with_dataset_expressions to None, run_after=None
[2026-06-29T22:42:32.624+0000] {logging_mixin.py:190} INFO - [2026-06-29T22:42:32.623+0000] {dag.py:4180} INFO - Setting next_dagrun for consume_1_or_both_2_and_3_with_dataset_expressions to None, run_after=None
[2026-06-29T22:42:32.630+0000] {logging_mixin.py:190} INFO - [2026-06-29T22:42:32.630+0000] {dag.py:4180} INFO - Setting next_dagrun for dataset_consumes_1 to None, run_after=None
[2026-06-29T22:42:32.635+0000] {logging_mixin.py:190} INFO - [2026-06-29T22:42:32.634+0000] {dag.py:4180} INFO - Setting next_dagrun for dataset_consumes_1_and_2 to None, run_after=None
[2026-06-29T22:42:32.639+0000] {logging_mixin.py:190} INFO - [2026-06-29T22:42:32.638+0000] {dag.py:4180} INFO - Setting next_dagrun for dataset_consumes_1_never_scheduled to None, run_after=None
[2026-06-29T22:42:32.644+0000] {logging_mixin.py:190} INFO - [2026-06-29T22:42:32.643+0000] {dag.py:4180} INFO - Setting next_dagrun for dataset_consumes_unknown_never_scheduled to None, run_after=None
[2026-06-29T22:42:32.650+0000] {logging_mixin.py:190} INFO - [2026-06-29T22:42:32.650+0000] {dag.py:4180} INFO - Setting next_dagrun for dataset_produces_1 to 2026-06-28 00:00:00+00:00, run_after=2026-06-29 00:00:00+00:00
[2026-06-29T22:42:32.655+0000] {logging_mixin.py:190} INFO - [2026-06-29T22:42:32.654+0000] {dag.py:4180} INFO - Setting next_dagrun for dataset_produces_2 to None, run_after=None
[2026-06-29T22:42:32.773+0000] {processor.py:208} INFO - Processing /home/airflow/.local/lib/python3.12/site-packages/airflow/example_dags/example_datasets.py took 1.471 seconds
[2026-06-29T22:43:03.013+0000] {processor.py:186} INFO - Started process (PID=299) to work on /home/airflow/.local/lib/python3.12/site-packages/airflow/example_dags/example_datasets.py
[2026-06-29T22:43:03.016+0000] {processor.py:914} INFO - Processing file /home/airflow/.local/lib/python3.12/site-packages/airflow/example_dags/example_datasets.py for tasks to queue
[2026-06-29T22:43:03.026+0000] {logging_mixin.py:190} INFO - [2026-06-29T22:43:03.024+0000] {dagbag.py:588} INFO - Filling up the DagBag from /home/airflow/.local/lib/python3.12/site-packages/airflow/example_dags/example_datasets.py
[2026-06-29T22:43:04.623+0000] {processor.py:925} INFO - DAG(s) 'dataset_consumes_1_and_2', 'consume_1_and_2_with_dataset_expressions', 'dataset_consumes_1', 'dataset_produces_1', 'dataset_produces_2', 'consume_1_or_2_with_dataset_expressions', 'dataset_consumes_unknown_never_scheduled', 'consume_1_or_both_2_and_3_with_dataset_expressions', 'dataset_consumes_1_never_scheduled', 'conditional_dataset_and_time_based_timetable' retrieved from /home/airflow/.local/lib/python3.12/site-packages/airflow/example_dags/example_datasets.py
[2026-06-29T22:43:04.767+0000] {logging_mixin.py:190} INFO - [2026-06-29T22:43:04.766+0000] {dag.py:3239} INFO - Sync 10 DAGs
[2026-06-29T22:43:04.869+0000] {logging_mixin.py:190} INFO - [2026-06-29T22:43:04.869+0000] {dag.py:4180} INFO - Setting next_dagrun for conditional_dataset_and_time_based_timetable to 2026-06-24 01:00:00+00:00, run_after=2026-06-24 01:00:00+00:00
[2026-06-29T22:43:04.886+0000] {logging_mixin.py:190} INFO - [2026-06-29T22:43:04.885+0000] {dag.py:4180} INFO - Setting next_dagrun for consume_1_and_2_with_dataset_expressions to None, run_after=None
[2026-06-29T22:43:04.891+0000] {logging_mixin.py:190} INFO - [2026-06-29T22:43:04.890+0000] {dag.py:4180} INFO - Setting next_dagrun for consume_1_or_2_with_dataset_expressions to None, run_after=None
[2026-06-29T22:43:04.896+0000] {logging_mixin.py:190} INFO - [2026-06-29T22:43:04.895+0000] {dag.py:4180} INFO - Setting next_dagrun for consume_1_or_both_2_and_3_with_dataset_expressions to None, run_after=None
[2026-06-29T22:43:04.902+0000] {logging_mixin.py:190} INFO - [2026-06-29T22:43:04.901+0000] {dag.py:4180} INFO - Setting next_dagrun for dataset_consumes_1 to None, run_after=None
[2026-06-29T22:43:04.909+0000] {logging_mixin.py:190} INFO - [2026-06-29T22:43:04.908+0000] {dag.py:4180} INFO - Setting next_dagrun for dataset_consumes_1_and_2 to None, run_after=None
[2026-06-29T22:43:04.915+0000] {logging_mixin.py:190} INFO - [2026-06-29T22:43:04.915+0000] {dag.py:4180} INFO - Setting next_dagrun for dataset_consumes_1_never_scheduled to None, run_after=None
[2026-06-29T22:43:04.935+0000] {logging_mixin.py:190} INFO - [2026-06-29T22:43:04.928+0000] {dag.py:4180} INFO - Setting next_dagrun for dataset_consumes_unknown_never_scheduled to None, run_after=None
[2026-06-29T22:43:04.946+0000] {logging_mixin.py:190} INFO - [2026-06-29T22:43:04.946+0000] {dag.py:4180} INFO - Setting next_dagrun for dataset_produces_1 to 2026-06-28 00:00:00+00:00, run_after=2026-06-29 00:00:00+00:00
[2026-06-29T22:43:04.960+0000] {logging_mixin.py:190} INFO - [2026-06-29T22:43:04.959+0000] {dag.py:4180} INFO - Setting next_dagrun for dataset_produces_2 to None, run_after=None
[2026-06-29T22:43:05.134+0000] {processor.py:208} INFO - Processing /home/airflow/.local/lib/python3.12/site-packages/airflow/example_dags/example_datasets.py took 2.138 seconds
[2026-06-29T22:43:35.379+0000] {processor.py:186} INFO - Started process (PID=365) to work on /home/airflow/.local/lib/python3.12/site-packages/airflow/example_dags/example_datasets.py
[2026-06-29T22:43:35.380+0000] {processor.py:914} INFO - Processing file /home/airflow/.local/lib/python3.12/site-packages/airflow/example_dags/example_datasets.py for tasks to queue
[2026-06-29T22:43:35.383+0000] {logging_mixin.py:190} INFO - [2026-06-29T22:43:35.382+0000] {dagbag.py:588} INFO - Filling up the DagBag from /home/airflow/.local/lib/python3.12/site-packages/airflow/example_dags/example_datasets.py
[2026-06-29T22:43:36.238+0000] {processor.py:925} INFO - DAG(s) 'conditional_dataset_and_time_based_timetable', 'consume_1_and_2_with_dataset_expressions', 'dataset_produces_2', 'consume_1_or_2_with_dataset_expressions', 'dataset_consumes_1', 'consume_1_or_both_2_and_3_with_dataset_expressions', 'dataset_consumes_unknown_never_scheduled', 'dataset_produces_1', 'dataset_consumes_1_never_scheduled', 'dataset_consumes_1_and_2' retrieved from /home/airflow/.local/lib/python3.12/site-packages/airflow/example_dags/example_datasets.py
[2026-06-29T22:43:36.296+0000] {logging_mixin.py:190} INFO - [2026-06-29T22:43:36.296+0000] {dag.py:3239} INFO - Sync 10 DAGs
[2026-06-29T22:43:36.325+0000] {logging_mixin.py:190} INFO - [2026-06-29T22:43:36.324+0000] {dag.py:4180} INFO - Setting next_dagrun for conditional_dataset_and_time_based_timetable to 2026-06-24 01:00:00+00:00, run_after=2026-06-24 01:00:00+00:00
[2026-06-29T22:43:36.330+0000] {logging_mixin.py:190} INFO - [2026-06-29T22:43:36.329+0000] {dag.py:4180} INFO - Setting next_dagrun for consume_1_and_2_with_dataset_expressions to None, run_after=None
[2026-06-29T22:43:36.332+0000] {logging_mixin.py:190} INFO - [2026-06-29T22:43:36.332+0000] {dag.py:4180} INFO - Setting next_dagrun for consume_1_or_2_with_dataset_expressions to None, run_after=None
[2026-06-29T22:43:36.335+0000] {logging_mixin.py:190} INFO - [2026-06-29T22:43:36.335+0000] {dag.py:4180} INFO - Setting next_dagrun for consume_1_or_both_2_and_3_with_dataset_expressions to None, run_after=None
[2026-06-29T22:43:36.338+0000] {logging_mixin.py:190} INFO - [2026-06-29T22:43:36.338+0000] {dag.py:4180} INFO - Setting next_dagrun for dataset_consumes_1 to None, run_after=None
[2026-06-29T22:43:36.342+0000] {logging_mixin.py:190} INFO - [2026-06-29T22:43:36.342+0000] {dag.py:4180} INFO - Setting next_dagrun for dataset_consumes_1_and_2 to None, run_after=None
[2026-06-29T22:43:36.345+0000] {logging_mixin.py:190} INFO - [2026-06-29T22:43:36.345+0000] {dag.py:4180} INFO - Setting next_dagrun for dataset_consumes_1_never_scheduled to None, run_after=None
[2026-06-29T22:43:36.347+0000] {logging_mixin.py:190} INFO - [2026-06-29T22:43:36.347+0000] {dag.py:4180} INFO - Setting next_dagrun for dataset_consumes_unknown_never_scheduled to None, run_after=None
[2026-06-29T22:43:36.353+0000] {logging_mixin.py:190} INFO - [2026-06-29T22:43:36.353+0000] {dag.py:4180} INFO - Setting next_dagrun for dataset_produces_1 to 2026-06-28 00:00:00+00:00, run_after=2026-06-29 00:00:00+00:00
[2026-06-29T22:43:36.356+0000] {logging_mixin.py:190} INFO - [2026-06-29T22:43:36.355+0000] {dag.py:4180} INFO - Setting next_dagrun for dataset_produces_2 to None, run_after=None
[2026-06-29T22:43:36.414+0000] {processor.py:208} INFO - Processing /home/airflow/.local/lib/python3.12/site-packages/airflow/example_dags/example_datasets.py took 1.042 seconds
[2026-06-29T22:44:07.050+0000] {processor.py:186} INFO - Started process (PID=430) to work on /home/airflow/.local/lib/python3.12/site-packages/airflow/example_dags/example_datasets.py
[2026-06-29T22:44:07.053+0000] {processor.py:914} INFO - Processing file /home/airflow/.local/lib/python3.12/site-packages/airflow/example_dags/example_datasets.py for tasks to queue
[2026-06-29T22:44:07.064+0000] {logging_mixin.py:190} INFO - [2026-06-29T22:44:07.062+0000] {dagbag.py:588} INFO - Filling up the DagBag from /home/airflow/.local/lib/python3.12/site-packages/airflow/example_dags/example_datasets.py
[2026-06-29T22:44:07.893+0000] {processor.py:925} INFO - DAG(s) 'consume_1_and_2_with_dataset_expressions', 'dataset_consumes_1_and_2', 'dataset_produces_1', 'consume_1_or_2_with_dataset_expressions', 'consume_1_or_both_2_and_3_with_dataset_expressions', 'dataset_produces_2', 'dataset_consumes_unknown_never_scheduled', 'dataset_consumes_1', 'dataset_consumes_1_never_scheduled', 'conditional_dataset_and_time_based_timetable' retrieved from /home/airflow/.local/lib/python3.12/site-packages/airflow/example_dags/example_datasets.py
[2026-06-29T22:44:07.941+0000] {logging_mixin.py:190} INFO - [2026-06-29T22:44:07.941+0000] {dag.py:3239} INFO - Sync 10 DAGs
[2026-06-29T22:44:07.966+0000] {logging_mixin.py:190} INFO - [2026-06-29T22:44:07.966+0000] {dag.py:4180} INFO - Setting next_dagrun for conditional_dataset_and_time_based_timetable to 2026-06-24 01:00:00+00:00, run_after=2026-06-24 01:00:00+00:00
[2026-06-29T22:44:07.971+0000] {logging_mixin.py:190} INFO - [2026-06-29T22:44:07.971+0000] {dag.py:4180} INFO - Setting next_dagrun for consume_1_and_2_with_dataset_expressions to None, run_after=None
[2026-06-29T22:44:07.974+0000] {logging_mixin.py:190} INFO - [2026-06-29T22:44:07.973+0000] {dag.py:4180} INFO - Setting next_dagrun for consume_1_or_2_with_dataset_expressions to None, run_after=None
[2026-06-29T22:44:07.976+0000] {logging_mixin.py:190} INFO - [2026-06-29T22:44:07.976+0000] {dag.py:4180} INFO - Setting next_dagrun for consume_1_or_both_2_and_3_with_dataset_expressions to None, run_after=None
[2026-06-29T22:44:07.978+0000] {logging_mixin.py:190} INFO - [2026-06-29T22:44:07.978+0000] {dag.py:4180} INFO - Setting next_dagrun for dataset_consumes_1 to None, run_after=None
[2026-06-29T22:44:07.980+0000] {logging_mixin.py:190} INFO - [2026-06-29T22:44:07.980+0000] {dag.py:4180} INFO - Setting next_dagrun for dataset_consumes_1_and_2 to None, run_after=None
[2026-06-29T22:44:07.982+0000] {logging_mixin.py:190} INFO - [2026-06-29T22:44:07.982+0000] {dag.py:4180} INFO - Setting next_dagrun for dataset_consumes_1_never_scheduled to None, run_after=None
[2026-06-29T22:44:07.985+0000] {logging_mixin.py:190} INFO - [2026-06-29T22:44:07.984+0000] {dag.py:4180} INFO - Setting next_dagrun for dataset_consumes_unknown_never_scheduled to None, run_after=None
[2026-06-29T22:44:07.988+0000] {logging_mixin.py:190} INFO - [2026-06-29T22:44:07.987+0000] {dag.py:4180} INFO - Setting next_dagrun for dataset_produces_1 to 2026-06-28 00:00:00+00:00, run_after=2026-06-29 00:00:00+00:00
[2026-06-29T22:44:07.990+0000] {logging_mixin.py:190} INFO - [2026-06-29T22:44:07.990+0000] {dag.py:4180} INFO - Setting next_dagrun for dataset_produces_2 to None, run_after=None
[2026-06-29T22:44:08.027+0000] {processor.py:208} INFO - Processing /home/airflow/.local/lib/python3.12/site-packages/airflow/example_dags/example_datasets.py took 0.989 seconds
[2026-06-29T22:44:38.617+0000] {processor.py:186} INFO - Started process (PID=497) to work on /home/airflow/.local/lib/python3.12/site-packages/airflow/example_dags/example_datasets.py
[2026-06-29T22:44:38.620+0000] {processor.py:914} INFO - Processing file /home/airflow/.local/lib/python3.12/site-packages/airflow/example_dags/example_datasets.py for tasks to queue
[2026-06-29T22:44:38.626+0000] {logging_mixin.py:190} INFO - [2026-06-29T22:44:38.625+0000] {dagbag.py:588} INFO - Filling up the DagBag from /home/airflow/.local/lib/python3.12/site-packages/airflow/example_dags/example_datasets.py
[2026-06-29T22:44:40.151+0000] {processor.py:925} INFO - DAG(s) 'dataset_consumes_1_and_2', 'conditional_dataset_and_time_based_timetable', 'dataset_produces_1', 'consume_1_or_2_with_dataset_expressions', 'dataset_consumes_unknown_never_scheduled', 'dataset_produces_2', 'dataset_consumes_1', 'consume_1_and_2_with_dataset_expressions', 'consume_1_or_both_2_and_3_with_dataset_expressions', 'dataset_consumes_1_never_scheduled' retrieved from /home/airflow/.local/lib/python3.12/site-packages/airflow/example_dags/example_datasets.py
[2026-06-29T22:44:40.268+0000] {logging_mixin.py:190} INFO - [2026-06-29T22:44:40.267+0000] {dag.py:3239} INFO - Sync 10 DAGs
[2026-06-29T22:44:40.366+0000] {logging_mixin.py:190} INFO - [2026-06-29T22:44:40.365+0000] {dag.py:4180} INFO - Setting next_dagrun for conditional_dataset_and_time_based_timetable to 2026-06-24 01:00:00+00:00, run_after=2026-06-24 01:00:00+00:00
[2026-06-29T22:44:40.376+0000] {logging_mixin.py:190} INFO - [2026-06-29T22:44:40.375+0000] {dag.py:4180} INFO - Setting next_dagrun for consume_1_and_2_with_dataset_expressions to None, run_after=None
[2026-06-29T22:44:40.380+0000] {logging_mixin.py:190} INFO - [2026-06-29T22:44:40.380+0000] {dag.py:4180} INFO - Setting next_dagrun for consume_1_or_2_with_dataset_expressions to None, run_after=None
[2026-06-29T22:44:40.385+0000] {logging_mixin.py:190} INFO - [2026-06-29T22:44:40.384+0000] {dag.py:4180} INFO - Setting next_dagrun for consume_1_or_both_2_and_3_with_dataset_expressions to None, run_after=None
[2026-06-29T22:44:40.391+0000] {logging_mixin.py:190} INFO - [2026-06-29T22:44:40.390+0000] {dag.py:4180} INFO - Setting next_dagrun for dataset_consumes_1 to None, run_after=None
[2026-06-29T22:44:40.395+0000] {logging_mixin.py:190} INFO - [2026-06-29T22:44:40.395+0000] {dag.py:4180} INFO - Setting next_dagrun for dataset_consumes_1_and_2 to None, run_after=None
[2026-06-29T22:44:40.399+0000] {logging_mixin.py:190} INFO - [2026-06-29T22:44:40.399+0000] {dag.py:4180} INFO - Setting next_dagrun for dataset_consumes_1_never_scheduled to None, run_after=None
[2026-06-29T22:44:40.404+0000] {logging_mixin.py:190} INFO - [2026-06-29T22:44:40.404+0000] {dag.py:4180} INFO - Setting next_dagrun for dataset_consumes_unknown_never_scheduled to None, run_after=None
[2026-06-29T22:44:40.412+0000] {logging_mixin.py:190} INFO - [2026-06-29T22:44:40.412+0000] {dag.py:4180} INFO - Setting next_dagrun for dataset_produces_1 to 2026-06-28 00:00:00+00:00, run_after=2026-06-29 00:00:00+00:00
[2026-06-29T22:44:40.418+0000] {logging_mixin.py:190} INFO - [2026-06-29T22:44:40.417+0000] {dag.py:4180} INFO - Setting next_dagrun for dataset_produces_2 to None, run_after=None
[2026-06-29T22:44:40.518+0000] {processor.py:208} INFO - Processing /home/airflow/.local/lib/python3.12/site-packages/airflow/example_dags/example_datasets.py took 1.911 seconds
[2026-06-29T22:45:11.045+0000] {processor.py:186} INFO - Started process (PID=565) to work on /home/airflow/.local/lib/python3.12/site-packages/airflow/example_dags/example_datasets.py
[2026-06-29T22:45:11.047+0000] {processor.py:914} INFO - Processing file /home/airflow/.local/lib/python3.12/site-packages/airflow/example_dags/example_datasets.py for tasks to queue
[2026-06-29T22:45:11.051+0000] {logging_mixin.py:190} INFO - [2026-06-29T22:45:11.051+0000] {dagbag.py:588} INFO - Filling up the DagBag from /home/airflow/.local/lib/python3.12/site-packages/airflow/example_dags/example_datasets.py
[2026-06-29T22:45:12.109+0000] {processor.py:925} INFO - DAG(s) 'consume_1_or_2_with_dataset_expressions', 'consume_1_and_2_with_dataset_expressions', 'consume_1_or_both_2_and_3_with_dataset_expressions', 'dataset_consumes_1_and_2', 'dataset_consumes_1', 'dataset_consumes_1_never_scheduled', 'dataset_consumes_unknown_never_scheduled', 'dataset_produces_1', 'dataset_produces_2', 'conditional_dataset_and_time_based_timetable' retrieved from /home/airflow/.local/lib/python3.12/site-packages/airflow/example_dags/example_datasets.py
[2026-06-29T22:45:12.193+0000] {logging_mixin.py:190} INFO - [2026-06-29T22:45:12.192+0000] {dag.py:3239} INFO - Sync 10 DAGs
[2026-06-29T22:45:12.236+0000] {logging_mixin.py:190} INFO - [2026-06-29T22:45:12.235+0000] {dag.py:4180} INFO - Setting next_dagrun for conditional_dataset_and_time_based_timetable to 2026-06-24 01:00:00+00:00, run_after=2026-06-24 01:00:00+00:00
[2026-06-29T22:45:12.244+0000] {logging_mixin.py:190} INFO - [2026-06-29T22:45:12.244+0000] {dag.py:4180} INFO - Setting next_dagrun for consume_1_and_2_with_dataset_expressions to None, run_after=None
[2026-06-29T22:45:12.248+0000] {logging_mixin.py:190} INFO - [2026-06-29T22:45:12.247+0000] {dag.py:4180} INFO - Setting next_dagrun for consume_1_or_2_with_dataset_expressions to None, run_after=None
[2026-06-29T22:45:12.252+0000] {logging_mixin.py:190} INFO - [2026-06-29T22:45:12.251+0000] {dag.py:4180} INFO - Setting next_dagrun for consume_1_or_both_2_and_3_with_dataset_expressions to None, run_after=None
[2026-06-29T22:45:12.256+0000] {logging_mixin.py:190} INFO - [2026-06-29T22:45:12.255+0000] {dag.py:4180} INFO - Setting next_dagrun for dataset_consumes_1 to None, run_after=None
[2026-06-29T22:45:12.264+0000] {logging_mixin.py:190} INFO - [2026-06-29T22:45:12.264+0000] {dag.py:4180} INFO - Setting next_dagrun for dataset_consumes_1_and_2 to None, run_after=None
[2026-06-29T22:45:12.268+0000] {logging_mixin.py:190} INFO - [2026-06-29T22:45:12.268+0000] {dag.py:4180} INFO - Setting next_dagrun for dataset_consumes_1_never_scheduled to None, run_after=None
[2026-06-29T22:45:12.271+0000] {logging_mixin.py:190} INFO - [2026-06-29T22:45:12.271+0000] {dag.py:4180} INFO - Setting next_dagrun for dataset_consumes_unknown_never_scheduled to None, run_after=None
[2026-06-29T22:45:12.276+0000] {logging_mixin.py:190} INFO - [2026-06-29T22:45:12.276+0000] {dag.py:4180} INFO - Setting next_dagrun for dataset_produces_1 to 2026-06-28 00:00:00+00:00, run_after=2026-06-29 00:00:00+00:00
[2026-06-29T22:45:12.280+0000] {logging_mixin.py:190} INFO - [2026-06-29T22:45:12.279+0000] {dag.py:4180} INFO - Setting next_dagrun for dataset_produces_2 to None, run_after=None
[2026-06-29T22:45:12.339+0000] {processor.py:208} INFO - Processing /home/airflow/.local/lib/python3.12/site-packages/airflow/example_dags/example_datasets.py took 1.306 seconds
[2026-06-29T22:45:42.448+0000] {processor.py:186} INFO - Started process (PID=634) to work on /home/airflow/.local/lib/python3.12/site-packages/airflow/example_dags/example_datasets.py
[2026-06-29T22:45:42.450+0000] {processor.py:914} INFO - Processing file /home/airflow/.local/lib/python3.12/site-packages/airflow/example_dags/example_datasets.py for tasks to queue
[2026-06-29T22:45:42.453+0000] {logging_mixin.py:190} INFO - [2026-06-29T22:45:42.452+0000] {dagbag.py:588} INFO - Filling up the DagBag from /home/airflow/.local/lib/python3.12/site-packages/airflow/example_dags/example_datasets.py
[2026-06-29T22:45:43.115+0000] {processor.py:925} INFO - DAG(s) 'dataset_produces_2', 'consume_1_or_both_2_and_3_with_dataset_expressions', 'conditional_dataset_and_time_based_timetable', 'consume_1_and_2_with_dataset_expressions', 'dataset_consumes_1', 'dataset_consumes_1_never_scheduled', 'dataset_consumes_unknown_never_scheduled', 'dataset_consumes_1_and_2', 'consume_1_or_2_with_dataset_expressions', 'dataset_produces_1' retrieved from /home/airflow/.local/lib/python3.12/site-packages/airflow/example_dags/example_datasets.py
[2026-06-29T22:45:43.198+0000] {logging_mixin.py:190} INFO - [2026-06-29T22:45:43.197+0000] {dag.py:3239} INFO - Sync 10 DAGs
[2026-06-29T22:45:43.243+0000] {logging_mixin.py:190} INFO - [2026-06-29T22:45:43.243+0000] {dag.py:4180} INFO - Setting next_dagrun for conditional_dataset_and_time_based_timetable to 2026-06-24 01:00:00+00:00, run_after=2026-06-24 01:00:00+00:00
[2026-06-29T22:45:43.249+0000] {logging_mixin.py:190} INFO - [2026-06-29T22:45:43.249+0000] {dag.py:4180} INFO - Setting next_dagrun for consume_1_and_2_with_dataset_expressions to None, run_after=None
[2026-06-29T22:45:43.254+0000] {logging_mixin.py:190} INFO - [2026-06-29T22:45:43.253+0000] {dag.py:4180} INFO - Setting next_dagrun for consume_1_or_2_with_dataset_expressions to None, run_after=None
[2026-06-29T22:45:43.257+0000] {logging_mixin.py:190} INFO - [2026-06-29T22:45:43.257+0000] {dag.py:4180} INFO - Setting next_dagrun for consume_1_or_both_2_and_3_with_dataset_expressions to None, run_after=None
[2026-06-29T22:45:43.261+0000] {logging_mixin.py:190} INFO - [2026-06-29T22:45:43.261+0000] {dag.py:4180} INFO - Setting next_dagrun for dataset_consumes_1 to None, run_after=None
[2026-06-29T22:45:43.265+0000] {logging_mixin.py:190} INFO - [2026-06-29T22:45:43.264+0000] {dag.py:4180} INFO - Setting next_dagrun for dataset_consumes_1_and_2 to None, run_after=None
[2026-06-29T22:45:43.269+0000] {logging_mixin.py:190} INFO - [2026-06-29T22:45:43.268+0000] {dag.py:4180} INFO - Setting next_dagrun for dataset_consumes_1_never_scheduled to None, run_after=None
[2026-06-29T22:45:43.272+0000] {logging_mixin.py:190} INFO - [2026-06-29T22:45:43.272+0000] {dag.py:4180} INFO - Setting next_dagrun for dataset_consumes_unknown_never_scheduled to None, run_after=None
[2026-06-29T22:45:43.277+0000] {logging_mixin.py:190} INFO - [2026-06-29T22:45:43.276+0000] {dag.py:4180} INFO - Setting next_dagrun for dataset_produces_1 to 2026-06-28 00:00:00+00:00, run_after=2026-06-29 00:00:00+00:00
[2026-06-29T22:45:43.281+0000] {logging_mixin.py:190} INFO - [2026-06-29T22:45:43.280+0000] {dag.py:4180} INFO - Setting next_dagrun for dataset_produces_2 to None, run_after=None
[2026-06-29T22:45:43.347+0000] {processor.py:208} INFO - Processing /home/airflow/.local/lib/python3.12/site-packages/airflow/example_dags/example_datasets.py took 0.905 seconds
[2026-06-29T22:46:13.455+0000] {processor.py:186} INFO - Started process (PID=703) to work on /home/airflow/.local/lib/python3.12/site-packages/airflow/example_dags/example_datasets.py
[2026-06-29T22:46:13.457+0000] {processor.py:914} INFO - Processing file /home/airflow/.local/lib/python3.12/site-packages/airflow/example_dags/example_datasets.py for tasks to queue
[2026-06-29T22:46:13.461+0000] {logging_mixin.py:190} INFO - [2026-06-29T22:46:13.460+0000] {dagbag.py:588} INFO - Filling up the DagBag from /home/airflow/.local/lib/python3.12/site-packages/airflow/example_dags/example_datasets.py
[2026-06-29T22:46:14.263+0000] {processor.py:925} INFO - DAG(s) 'conditional_dataset_and_time_based_timetable', 'consume_1_and_2_with_dataset_expressions', 'consume_1_or_2_with_dataset_expressions', 'dataset_consumes_unknown_never_scheduled', 'consume_1_or_both_2_and_3_with_dataset_expressions', 'dataset_consumes_1_never_scheduled', 'dataset_consumes_1', 'dataset_produces_2', 'dataset_consumes_1_and_2', 'dataset_produces_1' retrieved from /home/airflow/.local/lib/python3.12/site-packages/airflow/example_dags/example_datasets.py
[2026-06-29T22:46:14.322+0000] {logging_mixin.py:190} INFO - [2026-06-29T22:46:14.321+0000] {dag.py:3239} INFO - Sync 10 DAGs
[2026-06-29T22:46:14.359+0000] {logging_mixin.py:190} INFO - [2026-06-29T22:46:14.359+0000] {dag.py:4180} INFO - Setting next_dagrun for conditional_dataset_and_time_based_timetable to 2026-06-24 01:00:00+00:00, run_after=2026-06-24 01:00:00+00:00
[2026-06-29T22:46:14.366+0000] {logging_mixin.py:190} INFO - [2026-06-29T22:46:14.365+0000] {dag.py:4180} INFO - Setting next_dagrun for consume_1_and_2_with_dataset_expressions to None, run_after=None
[2026-06-29T22:46:14.373+0000] {logging_mixin.py:190} INFO - [2026-06-29T22:46:14.373+0000] {dag.py:4180} INFO - Setting next_dagrun for consume_1_or_2_with_dataset_expressions to None, run_after=None
[2026-06-29T22:46:14.377+0000] {logging_mixin.py:190} INFO - [2026-06-29T22:46:14.376+0000] {dag.py:4180} INFO - Setting next_dagrun for consume_1_or_both_2_and_3_with_dataset_expressions to None, run_after=None
[2026-06-29T22:46:14.380+0000] {logging_mixin.py:190} INFO - [2026-06-29T22:46:14.380+0000] {dag.py:4180} INFO - Setting next_dagrun for dataset_consumes_1 to None, run_after=None
[2026-06-29T22:46:14.382+0000] {logging_mixin.py:190} INFO - [2026-06-29T22:46:14.382+0000] {dag.py:4180} INFO - Setting next_dagrun for dataset_consumes_1_and_2 to None, run_after=None
[2026-06-29T22:46:14.386+0000] {logging_mixin.py:190} INFO - [2026-06-29T22:46:14.386+0000] {dag.py:4180} INFO - Setting next_dagrun for dataset_consumes_1_never_scheduled to None, run_after=None
[2026-06-29T22:46:14.390+0000] {logging_mixin.py:190} INFO - [2026-06-29T22:46:14.390+0000] {dag.py:4180} INFO - Setting next_dagrun for dataset_consumes_unknown_never_scheduled to None, run_after=None
[2026-06-29T22:46:14.397+0000] {logging_mixin.py:190} INFO - [2026-06-29T22:46:14.396+0000] {dag.py:4180} INFO - Setting next_dagrun for dataset_produces_1 to 2026-06-28 00:00:00+00:00, run_after=2026-06-29 00:00:00+00:00
[2026-06-29T22:46:14.401+0000] {logging_mixin.py:190} INFO - [2026-06-29T22:46:14.400+0000] {dag.py:4180} INFO - Setting next_dagrun for dataset_produces_2 to None, run_after=None
[2026-06-29T22:46:14.475+0000] {processor.py:208} INFO - Processing /home/airflow/.local/lib/python3.12/site-packages/airflow/example_dags/example_datasets.py took 1.028 seconds
[2026-06-29T22:46:44.986+0000] {processor.py:186} INFO - Started process (PID=767) to work on /home/airflow/.local/lib/python3.12/site-packages/airflow/example_dags/example_datasets.py
[2026-06-29T22:46:44.989+0000] {processor.py:914} INFO - Processing file /home/airflow/.local/lib/python3.12/site-packages/airflow/example_dags/example_datasets.py for tasks to queue
[2026-06-29T22:46:44.997+0000] {logging_mixin.py:190} INFO - [2026-06-29T22:46:44.995+0000] {dagbag.py:588} INFO - Filling up the DagBag from /home/airflow/.local/lib/python3.12/site-packages/airflow/example_dags/example_datasets.py
[2026-06-29T22:46:46.485+0000] {processor.py:925} INFO - DAG(s) 'conditional_dataset_and_time_based_timetable', 'dataset_consumes_1_and_2', 'dataset_consumes_unknown_never_scheduled', 'dataset_consumes_1', 'dataset_produces_2', 'consume_1_or_2_with_dataset_expressions', 'consume_1_or_both_2_and_3_with_dataset_expressions', 'dataset_consumes_1_never_scheduled', 'dataset_produces_1', 'consume_1_and_2_with_dataset_expressions' retrieved from /home/airflow/.local/lib/python3.12/site-packages/airflow/example_dags/example_datasets.py
[2026-06-29T22:46:46.626+0000] {logging_mixin.py:190} INFO - [2026-06-29T22:46:46.626+0000] {dag.py:3239} INFO - Sync 10 DAGs
[2026-06-29T22:46:46.712+0000] {logging_mixin.py:190} INFO - [2026-06-29T22:46:46.711+0000] {dag.py:4180} INFO - Setting next_dagrun for conditional_dataset_and_time_based_timetable to 2026-06-24 01:00:00+00:00, run_after=2026-06-24 01:00:00+00:00
[2026-06-29T22:46:46.728+0000] {logging_mixin.py:190} INFO - [2026-06-29T22:46:46.727+0000] {dag.py:4180} INFO - Setting next_dagrun for consume_1_and_2_with_dataset_expressions to None, run_after=None
[2026-06-29T22:46:46.741+0000] {logging_mixin.py:190} INFO - [2026-06-29T22:46:46.740+0000] {dag.py:4180} INFO - Setting next_dagrun for consume_1_or_2_with_dataset_expressions to None, run_after=None
[2026-06-29T22:46:46.749+0000] {logging_mixin.py:190} INFO - [2026-06-29T22:46:46.748+0000] {dag.py:4180} INFO - Setting next_dagrun for consume_1_or_both_2_and_3_with_dataset_expressions to None, run_after=None
[2026-06-29T22:46:46.760+0000] {logging_mixin.py:190} INFO - [2026-06-29T22:46:46.759+0000] {dag.py:4180} INFO - Setting next_dagrun for dataset_consumes_1 to None, run_after=None
[2026-06-29T22:46:46.767+0000] {logging_mixin.py:190} INFO - [2026-06-29T22:46:46.766+0000] {dag.py:4180} INFO - Setting next_dagrun for dataset_consumes_1_and_2 to None, run_after=None
[2026-06-29T22:46:46.777+0000] {logging_mixin.py:190} INFO - [2026-06-29T22:46:46.775+0000] {dag.py:4180} INFO - Setting next_dagrun for dataset_consumes_1_never_scheduled to None, run_after=None
[2026-06-29T22:46:46.782+0000] {logging_mixin.py:190} INFO - [2026-06-29T22:46:46.782+0000] {dag.py:4180} INFO - Setting next_dagrun for dataset_consumes_unknown_never_scheduled to None, run_after=None
[2026-06-29T22:46:46.796+0000] {logging_mixin.py:190} INFO - [2026-06-29T22:46:46.795+0000] {dag.py:4180} INFO - Setting next_dagrun for dataset_produces_1 to 2026-06-28 00:00:00+00:00, run_after=2026-06-29 00:00:00+00:00
[2026-06-29T22:46:46.801+0000] {logging_mixin.py:190} INFO - [2026-06-29T22:46:46.800+0000] {dag.py:4180} INFO - Setting next_dagrun for dataset_produces_2 to None, run_after=None
[2026-06-29T22:46:46.965+0000] {processor.py:208} INFO - Processing /home/airflow/.local/lib/python3.12/site-packages/airflow/example_dags/example_datasets.py took 2.004 seconds
