[2026-06-29T21:59:23.428+0000] {processor.py:186} INFO - Started process (PID=117) to work on /home/airflow/.local/lib/python3.12/site-packages/airflow/example_dags/example_branch_python_dop_operator_3.py
[2026-06-29T21:59:23.432+0000] {processor.py:914} INFO - Processing file /home/airflow/.local/lib/python3.12/site-packages/airflow/example_dags/example_branch_python_dop_operator_3.py for tasks to queue
[2026-06-29T21:59:23.442+0000] {logging_mixin.py:190} INFO - [2026-06-29T21:59:23.439+0000] {dagbag.py:588} INFO - Filling up the DagBag from /home/airflow/.local/lib/python3.12/site-packages/airflow/example_dags/example_branch_python_dop_operator_3.py
[2026-06-29T21:59:23.497+0000] {processor.py:925} INFO - DAG(s) 'example_branch_dop_operator_v3' retrieved from /home/airflow/.local/lib/python3.12/site-packages/airflow/example_dags/example_branch_python_dop_operator_3.py
[2026-06-29T21:59:23.959+0000] {logging_mixin.py:190} INFO - [2026-06-29T21:59:23.956+0000] {override.py:1912} INFO - Created Permission View: can read on DAG:example_branch_dop_operator_v3
[2026-06-29T21:59:24.007+0000] {logging_mixin.py:190} INFO - [2026-06-29T21:59:24.007+0000] {override.py:1912} INFO - Created Permission View: can delete on DAG:example_branch_dop_operator_v3
[2026-06-29T21:59:24.038+0000] {logging_mixin.py:190} INFO - [2026-06-29T21:59:24.038+0000] {override.py:1912} INFO - Created Permission View: can edit on DAG:example_branch_dop_operator_v3
[2026-06-29T21:59:24.073+0000] {logging_mixin.py:190} INFO - [2026-06-29T21:59:24.070+0000] {override.py:1912} INFO - Created Permission View: menu access on DAG Run:example_branch_dop_operator_v3
[2026-06-29T21:59:24.107+0000] {logging_mixin.py:190} INFO - [2026-06-29T21:59:24.104+0000] {override.py:1912} INFO - Created Permission View: can read on DAG Run:example_branch_dop_operator_v3
[2026-06-29T21:59:24.140+0000] {logging_mixin.py:190} INFO - [2026-06-29T21:59:24.140+0000] {override.py:1912} INFO - Created Permission View: can delete on DAG Run:example_branch_dop_operator_v3
[2026-06-29T21:59:24.171+0000] {logging_mixin.py:190} INFO - [2026-06-29T21:59:24.169+0000] {override.py:1912} INFO - Created Permission View: can create on DAG Run:example_branch_dop_operator_v3
[2026-06-29T21:59:24.173+0000] {logging_mixin.py:190} INFO - [2026-06-29T21:59:24.173+0000] {dag.py:3239} INFO - Sync 1 DAGs
[2026-06-29T21:59:24.214+0000] {logging_mixin.py:190} INFO - [2026-06-29T21:59:24.214+0000] {dag.py:3262} INFO - Creating ORM DAG for example_branch_dop_operator_v3
[2026-06-29T21:59:24.251+0000] {logging_mixin.py:190} INFO - [2026-06-29T21:59:24.250+0000] {dag.py:4180} INFO - Setting next_dagrun for example_branch_dop_operator_v3 to 2026-06-29 21:58:00+00:00, run_after=2026-06-29 21:59:00+00:00
[2026-06-29T21:59:24.318+0000] {processor.py:208} INFO - Processing /home/airflow/.local/lib/python3.12/site-packages/airflow/example_dags/example_branch_python_dop_operator_3.py took 0.911 seconds
[2026-06-29T21:59:55.758+0000] {processor.py:186} INFO - Started process (PID=180) to work on /home/airflow/.local/lib/python3.12/site-packages/airflow/example_dags/example_branch_python_dop_operator_3.py
[2026-06-29T21:59:55.763+0000] {processor.py:914} INFO - Processing file /home/airflow/.local/lib/python3.12/site-packages/airflow/example_dags/example_branch_python_dop_operator_3.py for tasks to queue
[2026-06-29T21:59:55.775+0000] {logging_mixin.py:190} INFO - [2026-06-29T21:59:55.774+0000] {dagbag.py:588} INFO - Filling up the DagBag from /home/airflow/.local/lib/python3.12/site-packages/airflow/example_dags/example_branch_python_dop_operator_3.py
[2026-06-29T21:59:55.803+0000] {processor.py:925} INFO - DAG(s) 'example_branch_dop_operator_v3' retrieved from /home/airflow/.local/lib/python3.12/site-packages/airflow/example_dags/example_branch_python_dop_operator_3.py
[2026-06-29T21:59:55.851+0000] {logging_mixin.py:190} INFO - [2026-06-29T21:59:55.851+0000] {dag.py:3239} INFO - Sync 1 DAGs
[2026-06-29T21:59:55.982+0000] {logging_mixin.py:190} INFO - [2026-06-29T21:59:55.979+0000] {dag.py:4180} INFO - Setting next_dagrun for example_branch_dop_operator_v3 to 2026-06-29 21:58:00+00:00, run_after=2026-06-29 21:59:00+00:00
[2026-06-29T21:59:56.118+0000] {processor.py:208} INFO - Processing /home/airflow/.local/lib/python3.12/site-packages/airflow/example_dags/example_branch_python_dop_operator_3.py took 0.372 seconds
[2026-06-29T22:00:26.574+0000] {processor.py:186} INFO - Started process (PID=243) to work on /home/airflow/.local/lib/python3.12/site-packages/airflow/example_dags/example_branch_python_dop_operator_3.py
[2026-06-29T22:00:26.577+0000] {processor.py:914} INFO - Processing file /home/airflow/.local/lib/python3.12/site-packages/airflow/example_dags/example_branch_python_dop_operator_3.py for tasks to queue
[2026-06-29T22:00:26.585+0000] {logging_mixin.py:190} INFO - [2026-06-29T22:00:26.583+0000] {dagbag.py:588} INFO - Filling up the DagBag from /home/airflow/.local/lib/python3.12/site-packages/airflow/example_dags/example_branch_python_dop_operator_3.py
[2026-06-29T22:00:26.606+0000] {processor.py:925} INFO - DAG(s) 'example_branch_dop_operator_v3' retrieved from /home/airflow/.local/lib/python3.12/site-packages/airflow/example_dags/example_branch_python_dop_operator_3.py
[2026-06-29T22:00:26.640+0000] {logging_mixin.py:190} INFO - [2026-06-29T22:00:26.640+0000] {dag.py:3239} INFO - Sync 1 DAGs
[2026-06-29T22:00:26.679+0000] {logging_mixin.py:190} INFO - [2026-06-29T22:00:26.678+0000] {dag.py:4180} INFO - Setting next_dagrun for example_branch_dop_operator_v3 to 2026-06-29 21:59:00+00:00, run_after=2026-06-29 22:00:00+00:00
[2026-06-29T22:00:26.717+0000] {processor.py:208} INFO - Processing /home/airflow/.local/lib/python3.12/site-packages/airflow/example_dags/example_branch_python_dop_operator_3.py took 0.156 seconds
[2026-06-29T22:00:57.100+0000] {processor.py:186} INFO - Started process (PID=307) to work on /home/airflow/.local/lib/python3.12/site-packages/airflow/example_dags/example_branch_python_dop_operator_3.py
[2026-06-29T22:00:57.111+0000] {processor.py:914} INFO - Processing file /home/airflow/.local/lib/python3.12/site-packages/airflow/example_dags/example_branch_python_dop_operator_3.py for tasks to queue
[2026-06-29T22:00:57.118+0000] {logging_mixin.py:190} INFO - [2026-06-29T22:00:57.117+0000] {dagbag.py:588} INFO - Filling up the DagBag from /home/airflow/.local/lib/python3.12/site-packages/airflow/example_dags/example_branch_python_dop_operator_3.py
[2026-06-29T22:00:57.167+0000] {processor.py:925} INFO - DAG(s) 'example_branch_dop_operator_v3' retrieved from /home/airflow/.local/lib/python3.12/site-packages/airflow/example_dags/example_branch_python_dop_operator_3.py
[2026-06-29T22:00:57.235+0000] {logging_mixin.py:190} INFO - [2026-06-29T22:00:57.234+0000] {dag.py:3239} INFO - Sync 1 DAGs
[2026-06-29T22:00:57.355+0000] {logging_mixin.py:190} INFO - [2026-06-29T22:00:57.354+0000] {dag.py:4180} INFO - Setting next_dagrun for example_branch_dop_operator_v3 to 2026-06-29 21:59:00+00:00, run_after=2026-06-29 22:00:00+00:00
[2026-06-29T22:00:57.442+0000] {processor.py:208} INFO - Processing /home/airflow/.local/lib/python3.12/site-packages/airflow/example_dags/example_branch_python_dop_operator_3.py took 0.367 seconds
[2026-06-29T22:01:27.596+0000] {processor.py:186} INFO - Started process (PID=369) to work on /home/airflow/.local/lib/python3.12/site-packages/airflow/example_dags/example_branch_python_dop_operator_3.py
[2026-06-29T22:01:27.599+0000] {processor.py:914} INFO - Processing file /home/airflow/.local/lib/python3.12/site-packages/airflow/example_dags/example_branch_python_dop_operator_3.py for tasks to queue
[2026-06-29T22:01:27.607+0000] {logging_mixin.py:190} INFO - [2026-06-29T22:01:27.607+0000] {dagbag.py:588} INFO - Filling up the DagBag from /home/airflow/.local/lib/python3.12/site-packages/airflow/example_dags/example_branch_python_dop_operator_3.py
[2026-06-29T22:01:27.635+0000] {processor.py:925} INFO - DAG(s) 'example_branch_dop_operator_v3' retrieved from /home/airflow/.local/lib/python3.12/site-packages/airflow/example_dags/example_branch_python_dop_operator_3.py
[2026-06-29T22:01:27.685+0000] {logging_mixin.py:190} INFO - [2026-06-29T22:01:27.684+0000] {dag.py:3239} INFO - Sync 1 DAGs
[2026-06-29T22:01:27.737+0000] {logging_mixin.py:190} INFO - [2026-06-29T22:01:27.737+0000] {dag.py:4180} INFO - Setting next_dagrun for example_branch_dop_operator_v3 to 2026-06-29 22:00:00+00:00, run_after=2026-06-29 22:01:00+00:00
[2026-06-29T22:01:27.779+0000] {processor.py:208} INFO - Processing /home/airflow/.local/lib/python3.12/site-packages/airflow/example_dags/example_branch_python_dop_operator_3.py took 0.203 seconds
[2026-06-29T22:01:58.773+0000] {processor.py:186} INFO - Started process (PID=433) to work on /home/airflow/.local/lib/python3.12/site-packages/airflow/example_dags/example_branch_python_dop_operator_3.py
[2026-06-29T22:01:58.775+0000] {processor.py:914} INFO - Processing file /home/airflow/.local/lib/python3.12/site-packages/airflow/example_dags/example_branch_python_dop_operator_3.py for tasks to queue
[2026-06-29T22:01:58.778+0000] {logging_mixin.py:190} INFO - [2026-06-29T22:01:58.778+0000] {dagbag.py:588} INFO - Filling up the DagBag from /home/airflow/.local/lib/python3.12/site-packages/airflow/example_dags/example_branch_python_dop_operator_3.py
[2026-06-29T22:01:58.793+0000] {processor.py:925} INFO - DAG(s) 'example_branch_dop_operator_v3' retrieved from /home/airflow/.local/lib/python3.12/site-packages/airflow/example_dags/example_branch_python_dop_operator_3.py
[2026-06-29T22:01:58.822+0000] {logging_mixin.py:190} INFO - [2026-06-29T22:01:58.822+0000] {dag.py:3239} INFO - Sync 1 DAGs
[2026-06-29T22:01:58.856+0000] {logging_mixin.py:190} INFO - [2026-06-29T22:01:58.855+0000] {dag.py:4180} INFO - Setting next_dagrun for example_branch_dop_operator_v3 to 2026-06-29 22:00:00+00:00, run_after=2026-06-29 22:01:00+00:00
[2026-06-29T22:01:58.883+0000] {processor.py:208} INFO - Processing /home/airflow/.local/lib/python3.12/site-packages/airflow/example_dags/example_branch_python_dop_operator_3.py took 0.117 seconds
[2026-06-29T22:02:29.186+0000] {processor.py:186} INFO - Started process (PID=496) to work on /home/airflow/.local/lib/python3.12/site-packages/airflow/example_dags/example_branch_python_dop_operator_3.py
[2026-06-29T22:02:29.188+0000] {processor.py:914} INFO - Processing file /home/airflow/.local/lib/python3.12/site-packages/airflow/example_dags/example_branch_python_dop_operator_3.py for tasks to queue
[2026-06-29T22:02:29.192+0000] {logging_mixin.py:190} INFO - [2026-06-29T22:02:29.192+0000] {dagbag.py:588} INFO - Filling up the DagBag from /home/airflow/.local/lib/python3.12/site-packages/airflow/example_dags/example_branch_python_dop_operator_3.py
[2026-06-29T22:02:29.207+0000] {processor.py:925} INFO - DAG(s) 'example_branch_dop_operator_v3' retrieved from /home/airflow/.local/lib/python3.12/site-packages/airflow/example_dags/example_branch_python_dop_operator_3.py
[2026-06-29T22:02:29.232+0000] {logging_mixin.py:190} INFO - [2026-06-29T22:02:29.232+0000] {dag.py:3239} INFO - Sync 1 DAGs
[2026-06-29T22:02:29.265+0000] {logging_mixin.py:190} INFO - [2026-06-29T22:02:29.264+0000] {dag.py:4180} INFO - Setting next_dagrun for example_branch_dop_operator_v3 to 2026-06-29 22:01:00+00:00, run_after=2026-06-29 22:02:00+00:00
[2026-06-29T22:02:29.292+0000] {processor.py:208} INFO - Processing /home/airflow/.local/lib/python3.12/site-packages/airflow/example_dags/example_branch_python_dop_operator_3.py took 0.126 seconds
[2026-06-29T22:03:00.698+0000] {processor.py:186} INFO - Started process (PID=560) to work on /home/airflow/.local/lib/python3.12/site-packages/airflow/example_dags/example_branch_python_dop_operator_3.py
[2026-06-29T22:03:00.700+0000] {processor.py:914} INFO - Processing file /home/airflow/.local/lib/python3.12/site-packages/airflow/example_dags/example_branch_python_dop_operator_3.py for tasks to queue
[2026-06-29T22:03:00.709+0000] {logging_mixin.py:190} INFO - [2026-06-29T22:03:00.708+0000] {dagbag.py:588} INFO - Filling up the DagBag from /home/airflow/.local/lib/python3.12/site-packages/airflow/example_dags/example_branch_python_dop_operator_3.py
[2026-06-29T22:03:00.733+0000] {processor.py:925} INFO - DAG(s) 'example_branch_dop_operator_v3' retrieved from /home/airflow/.local/lib/python3.12/site-packages/airflow/example_dags/example_branch_python_dop_operator_3.py
[2026-06-29T22:03:00.790+0000] {logging_mixin.py:190} INFO - [2026-06-29T22:03:00.790+0000] {dag.py:3239} INFO - Sync 1 DAGs
[2026-06-29T22:03:00.856+0000] {logging_mixin.py:190} INFO - [2026-06-29T22:03:00.856+0000] {dag.py:4180} INFO - Setting next_dagrun for example_branch_dop_operator_v3 to 2026-06-29 22:02:00+00:00, run_after=2026-06-29 22:03:00+00:00
[2026-06-29T22:03:00.910+0000] {processor.py:208} INFO - Processing /home/airflow/.local/lib/python3.12/site-packages/airflow/example_dags/example_branch_python_dop_operator_3.py took 0.223 seconds
[2026-06-29T22:03:34.298+0000] {processor.py:186} INFO - Started process (PID=629) to work on /home/airflow/.local/lib/python3.12/site-packages/airflow/example_dags/example_branch_python_dop_operator_3.py
[2026-06-29T22:03:34.300+0000] {processor.py:914} INFO - Processing file /home/airflow/.local/lib/python3.12/site-packages/airflow/example_dags/example_branch_python_dop_operator_3.py for tasks to queue
[2026-06-29T22:03:34.304+0000] {logging_mixin.py:190} INFO - [2026-06-29T22:03:34.304+0000] {dagbag.py:588} INFO - Filling up the DagBag from /home/airflow/.local/lib/python3.12/site-packages/airflow/example_dags/example_branch_python_dop_operator_3.py
[2026-06-29T22:03:34.333+0000] {processor.py:925} INFO - DAG(s) 'example_branch_dop_operator_v3' retrieved from /home/airflow/.local/lib/python3.12/site-packages/airflow/example_dags/example_branch_python_dop_operator_3.py
[2026-06-29T22:03:34.366+0000] {logging_mixin.py:190} INFO - [2026-06-29T22:03:34.365+0000] {dag.py:3239} INFO - Sync 1 DAGs
[2026-06-29T22:03:34.409+0000] {logging_mixin.py:190} INFO - [2026-06-29T22:03:34.408+0000] {dag.py:4180} INFO - Setting next_dagrun for example_branch_dop_operator_v3 to 2026-06-29 22:02:00+00:00, run_after=2026-06-29 22:03:00+00:00
[2026-06-29T22:03:34.447+0000] {processor.py:208} INFO - Processing /home/airflow/.local/lib/python3.12/site-packages/airflow/example_dags/example_branch_python_dop_operator_3.py took 0.170 seconds
[2026-06-29T22:04:05.018+0000] {processor.py:186} INFO - Started process (PID=693) to work on /home/airflow/.local/lib/python3.12/site-packages/airflow/example_dags/example_branch_python_dop_operator_3.py
[2026-06-29T22:04:05.021+0000] {processor.py:914} INFO - Processing file /home/airflow/.local/lib/python3.12/site-packages/airflow/example_dags/example_branch_python_dop_operator_3.py for tasks to queue
[2026-06-29T22:04:05.029+0000] {logging_mixin.py:190} INFO - [2026-06-29T22:04:05.029+0000] {dagbag.py:588} INFO - Filling up the DagBag from /home/airflow/.local/lib/python3.12/site-packages/airflow/example_dags/example_branch_python_dop_operator_3.py
[2026-06-29T22:04:05.057+0000] {processor.py:925} INFO - DAG(s) 'example_branch_dop_operator_v3' retrieved from /home/airflow/.local/lib/python3.12/site-packages/airflow/example_dags/example_branch_python_dop_operator_3.py
[2026-06-29T22:04:05.119+0000] {logging_mixin.py:190} INFO - [2026-06-29T22:04:05.118+0000] {dag.py:3239} INFO - Sync 1 DAGs
[2026-06-29T22:04:05.196+0000] {logging_mixin.py:190} INFO - [2026-06-29T22:04:05.196+0000] {dag.py:4180} INFO - Setting next_dagrun for example_branch_dop_operator_v3 to 2026-06-29 22:03:00+00:00, run_after=2026-06-29 22:04:00+00:00
[2026-06-29T22:04:05.249+0000] {processor.py:208} INFO - Processing /home/airflow/.local/lib/python3.12/site-packages/airflow/example_dags/example_branch_python_dop_operator_3.py took 0.258 seconds
[2026-06-29T22:04:44.380+0000] {processor.py:186} INFO - Started process (PID=759) to work on /home/airflow/.local/lib/python3.12/site-packages/airflow/example_dags/example_branch_python_dop_operator_3.py
[2026-06-29T22:04:44.399+0000] {processor.py:914} INFO - Processing file /home/airflow/.local/lib/python3.12/site-packages/airflow/example_dags/example_branch_python_dop_operator_3.py for tasks to queue
[2026-06-29T22:04:44.438+0000] {logging_mixin.py:190} INFO - [2026-06-29T22:04:44.432+0000] {dagbag.py:588} INFO - Filling up the DagBag from /home/airflow/.local/lib/python3.12/site-packages/airflow/example_dags/example_branch_python_dop_operator_3.py
[2026-06-29T22:04:44.477+0000] {processor.py:925} INFO - DAG(s) 'example_branch_dop_operator_v3' retrieved from /home/airflow/.local/lib/python3.12/site-packages/airflow/example_dags/example_branch_python_dop_operator_3.py
[2026-06-29T22:04:44.652+0000] {logging_mixin.py:190} INFO - [2026-06-29T22:04:44.650+0000] {dag.py:3239} INFO - Sync 1 DAGs
[2026-06-29T22:04:44.850+0000] {logging_mixin.py:190} INFO - [2026-06-29T22:04:44.849+0000] {dag.py:4180} INFO - Setting next_dagrun for example_branch_dop_operator_v3 to 2026-06-29 22:03:00+00:00, run_after=2026-06-29 22:04:00+00:00
[2026-06-29T22:04:44.946+0000] {processor.py:208} INFO - Processing /home/airflow/.local/lib/python3.12/site-packages/airflow/example_dags/example_branch_python_dop_operator_3.py took 0.586 seconds
[2026-06-29T22:05:15.524+0000] {processor.py:186} INFO - Started process (PID=823) to work on /home/airflow/.local/lib/python3.12/site-packages/airflow/example_dags/example_branch_python_dop_operator_3.py
[2026-06-29T22:05:15.526+0000] {processor.py:914} INFO - Processing file /home/airflow/.local/lib/python3.12/site-packages/airflow/example_dags/example_branch_python_dop_operator_3.py for tasks to queue
[2026-06-29T22:05:15.531+0000] {logging_mixin.py:190} INFO - [2026-06-29T22:05:15.530+0000] {dagbag.py:588} INFO - Filling up the DagBag from /home/airflow/.local/lib/python3.12/site-packages/airflow/example_dags/example_branch_python_dop_operator_3.py
[2026-06-29T22:05:15.544+0000] {processor.py:925} INFO - DAG(s) 'example_branch_dop_operator_v3' retrieved from /home/airflow/.local/lib/python3.12/site-packages/airflow/example_dags/example_branch_python_dop_operator_3.py
[2026-06-29T22:05:15.574+0000] {logging_mixin.py:190} INFO - [2026-06-29T22:05:15.574+0000] {dag.py:3239} INFO - Sync 1 DAGs
[2026-06-29T22:05:15.620+0000] {logging_mixin.py:190} INFO - [2026-06-29T22:05:15.620+0000] {dag.py:4180} INFO - Setting next_dagrun for example_branch_dop_operator_v3 to 2026-06-29 22:04:00+00:00, run_after=2026-06-29 22:05:00+00:00
[2026-06-29T22:05:15.656+0000] {processor.py:208} INFO - Processing /home/airflow/.local/lib/python3.12/site-packages/airflow/example_dags/example_branch_python_dop_operator_3.py took 0.139 seconds
[2026-06-29T22:05:46.474+0000] {processor.py:186} INFO - Started process (PID=888) to work on /home/airflow/.local/lib/python3.12/site-packages/airflow/example_dags/example_branch_python_dop_operator_3.py
[2026-06-29T22:05:46.476+0000] {processor.py:914} INFO - Processing file /home/airflow/.local/lib/python3.12/site-packages/airflow/example_dags/example_branch_python_dop_operator_3.py for tasks to queue
[2026-06-29T22:05:46.479+0000] {logging_mixin.py:190} INFO - [2026-06-29T22:05:46.479+0000] {dagbag.py:588} INFO - Filling up the DagBag from /home/airflow/.local/lib/python3.12/site-packages/airflow/example_dags/example_branch_python_dop_operator_3.py
[2026-06-29T22:05:46.498+0000] {processor.py:925} INFO - DAG(s) 'example_branch_dop_operator_v3' retrieved from /home/airflow/.local/lib/python3.12/site-packages/airflow/example_dags/example_branch_python_dop_operator_3.py
[2026-06-29T22:05:46.525+0000] {logging_mixin.py:190} INFO - [2026-06-29T22:05:46.525+0000] {dag.py:3239} INFO - Sync 1 DAGs
[2026-06-29T22:05:46.564+0000] {logging_mixin.py:190} INFO - [2026-06-29T22:05:46.563+0000] {dag.py:4180} INFO - Setting next_dagrun for example_branch_dop_operator_v3 to 2026-06-29 22:04:00+00:00, run_after=2026-06-29 22:05:00+00:00
[2026-06-29T22:05:46.593+0000] {processor.py:208} INFO - Processing /home/airflow/.local/lib/python3.12/site-packages/airflow/example_dags/example_branch_python_dop_operator_3.py took 0.129 seconds
[2026-06-29T22:08:29.317+0000] {processor.py:186} INFO - Started process (PID=125) to work on /home/airflow/.local/lib/python3.12/site-packages/airflow/example_dags/example_branch_python_dop_operator_3.py
[2026-06-29T22:08:29.320+0000] {processor.py:914} INFO - Processing file /home/airflow/.local/lib/python3.12/site-packages/airflow/example_dags/example_branch_python_dop_operator_3.py for tasks to queue
[2026-06-29T22:08:29.330+0000] {logging_mixin.py:190} INFO - [2026-06-29T22:08:29.329+0000] {dagbag.py:588} INFO - Filling up the DagBag from /home/airflow/.local/lib/python3.12/site-packages/airflow/example_dags/example_branch_python_dop_operator_3.py
[2026-06-29T22:08:29.351+0000] {processor.py:925} INFO - DAG(s) 'example_branch_dop_operator_v3' retrieved from /home/airflow/.local/lib/python3.12/site-packages/airflow/example_dags/example_branch_python_dop_operator_3.py
[2026-06-29T22:08:29.400+0000] {logging_mixin.py:190} INFO - [2026-06-29T22:08:29.400+0000] {dag.py:3239} INFO - Sync 1 DAGs
[2026-06-29T22:08:29.459+0000] {logging_mixin.py:190} INFO - [2026-06-29T22:08:29.459+0000] {dag.py:4180} INFO - Setting next_dagrun for example_branch_dop_operator_v3 to 2026-06-29 22:07:00+00:00, run_after=2026-06-29 22:08:00+00:00
[2026-06-29T22:08:29.510+0000] {processor.py:208} INFO - Processing /home/airflow/.local/lib/python3.12/site-packages/airflow/example_dags/example_branch_python_dop_operator_3.py took 0.204 seconds
[2026-06-29T22:09:05.831+0000] {processor.py:186} INFO - Started process (PID=194) to work on /home/airflow/.local/lib/python3.12/site-packages/airflow/example_dags/example_branch_python_dop_operator_3.py
[2026-06-29T22:09:05.835+0000] {processor.py:914} INFO - Processing file /home/airflow/.local/lib/python3.12/site-packages/airflow/example_dags/example_branch_python_dop_operator_3.py for tasks to queue
[2026-06-29T22:09:05.847+0000] {logging_mixin.py:190} INFO - [2026-06-29T22:09:05.846+0000] {dagbag.py:588} INFO - Filling up the DagBag from /home/airflow/.local/lib/python3.12/site-packages/airflow/example_dags/example_branch_python_dop_operator_3.py
[2026-06-29T22:09:05.876+0000] {processor.py:925} INFO - DAG(s) 'example_branch_dop_operator_v3' retrieved from /home/airflow/.local/lib/python3.12/site-packages/airflow/example_dags/example_branch_python_dop_operator_3.py
[2026-06-29T22:09:05.943+0000] {logging_mixin.py:190} INFO - [2026-06-29T22:09:05.942+0000] {dag.py:3239} INFO - Sync 1 DAGs
[2026-06-29T22:09:06.029+0000] {logging_mixin.py:190} INFO - [2026-06-29T22:09:06.029+0000] {dag.py:4180} INFO - Setting next_dagrun for example_branch_dop_operator_v3 to 2026-06-29 22:08:00+00:00, run_after=2026-06-29 22:09:00+00:00
[2026-06-29T22:09:06.106+0000] {processor.py:208} INFO - Processing /home/airflow/.local/lib/python3.12/site-packages/airflow/example_dags/example_branch_python_dop_operator_3.py took 0.290 seconds
[2026-06-29T22:09:38.425+0000] {processor.py:186} INFO - Started process (PID=258) to work on /home/airflow/.local/lib/python3.12/site-packages/airflow/example_dags/example_branch_python_dop_operator_3.py
[2026-06-29T22:09:38.430+0000] {processor.py:914} INFO - Processing file /home/airflow/.local/lib/python3.12/site-packages/airflow/example_dags/example_branch_python_dop_operator_3.py for tasks to queue
[2026-06-29T22:09:38.437+0000] {logging_mixin.py:190} INFO - [2026-06-29T22:09:38.436+0000] {dagbag.py:588} INFO - Filling up the DagBag from /home/airflow/.local/lib/python3.12/site-packages/airflow/example_dags/example_branch_python_dop_operator_3.py
[2026-06-29T22:09:38.462+0000] {processor.py:925} INFO - DAG(s) 'example_branch_dop_operator_v3' retrieved from /home/airflow/.local/lib/python3.12/site-packages/airflow/example_dags/example_branch_python_dop_operator_3.py
[2026-06-29T22:09:38.508+0000] {logging_mixin.py:190} INFO - [2026-06-29T22:09:38.508+0000] {dag.py:3239} INFO - Sync 1 DAGs
[2026-06-29T22:09:38.555+0000] {logging_mixin.py:190} INFO - [2026-06-29T22:09:38.554+0000] {dag.py:4180} INFO - Setting next_dagrun for example_branch_dop_operator_v3 to 2026-06-29 22:08:00+00:00, run_after=2026-06-29 22:09:00+00:00
[2026-06-29T22:09:38.597+0000] {processor.py:208} INFO - Processing /home/airflow/.local/lib/python3.12/site-packages/airflow/example_dags/example_branch_python_dop_operator_3.py took 0.181 seconds
[2026-06-29T22:10:15.517+0000] {processor.py:186} INFO - Started process (PID=324) to work on /home/airflow/.local/lib/python3.12/site-packages/airflow/example_dags/example_branch_python_dop_operator_3.py
[2026-06-29T22:10:15.520+0000] {processor.py:914} INFO - Processing file /home/airflow/.local/lib/python3.12/site-packages/airflow/example_dags/example_branch_python_dop_operator_3.py for tasks to queue
[2026-06-29T22:10:15.523+0000] {logging_mixin.py:190} INFO - [2026-06-29T22:10:15.523+0000] {dagbag.py:588} INFO - Filling up the DagBag from /home/airflow/.local/lib/python3.12/site-packages/airflow/example_dags/example_branch_python_dop_operator_3.py
[2026-06-29T22:10:15.540+0000] {processor.py:925} INFO - DAG(s) 'example_branch_dop_operator_v3' retrieved from /home/airflow/.local/lib/python3.12/site-packages/airflow/example_dags/example_branch_python_dop_operator_3.py
[2026-06-29T22:10:15.581+0000] {logging_mixin.py:190} INFO - [2026-06-29T22:10:15.580+0000] {dag.py:3239} INFO - Sync 1 DAGs
[2026-06-29T22:10:15.628+0000] {logging_mixin.py:190} INFO - [2026-06-29T22:10:15.627+0000] {dag.py:4180} INFO - Setting next_dagrun for example_branch_dop_operator_v3 to 2026-06-29 22:09:00+00:00, run_after=2026-06-29 22:10:00+00:00
[2026-06-29T22:10:15.663+0000] {processor.py:208} INFO - Processing /home/airflow/.local/lib/python3.12/site-packages/airflow/example_dags/example_branch_python_dop_operator_3.py took 0.156 seconds
[2026-06-29T22:10:47.181+0000] {processor.py:186} INFO - Started process (PID=388) to work on /home/airflow/.local/lib/python3.12/site-packages/airflow/example_dags/example_branch_python_dop_operator_3.py
[2026-06-29T22:10:47.185+0000] {processor.py:914} INFO - Processing file /home/airflow/.local/lib/python3.12/site-packages/airflow/example_dags/example_branch_python_dop_operator_3.py for tasks to queue
[2026-06-29T22:10:47.195+0000] {logging_mixin.py:190} INFO - [2026-06-29T22:10:47.193+0000] {dagbag.py:588} INFO - Filling up the DagBag from /home/airflow/.local/lib/python3.12/site-packages/airflow/example_dags/example_branch_python_dop_operator_3.py
[2026-06-29T22:10:47.231+0000] {processor.py:925} INFO - DAG(s) 'example_branch_dop_operator_v3' retrieved from /home/airflow/.local/lib/python3.12/site-packages/airflow/example_dags/example_branch_python_dop_operator_3.py
[2026-06-29T22:10:47.285+0000] {logging_mixin.py:190} INFO - [2026-06-29T22:10:47.284+0000] {dag.py:3239} INFO - Sync 1 DAGs
[2026-06-29T22:10:47.356+0000] {logging_mixin.py:190} INFO - [2026-06-29T22:10:47.355+0000] {dag.py:4180} INFO - Setting next_dagrun for example_branch_dop_operator_v3 to 2026-06-29 22:09:00+00:00, run_after=2026-06-29 22:10:00+00:00
[2026-06-29T22:10:47.410+0000] {processor.py:208} INFO - Processing /home/airflow/.local/lib/python3.12/site-packages/airflow/example_dags/example_branch_python_dop_operator_3.py took 0.249 seconds
[2026-06-29T22:11:18.073+0000] {processor.py:186} INFO - Started process (PID=452) to work on /home/airflow/.local/lib/python3.12/site-packages/airflow/example_dags/example_branch_python_dop_operator_3.py
[2026-06-29T22:11:18.075+0000] {processor.py:914} INFO - Processing file /home/airflow/.local/lib/python3.12/site-packages/airflow/example_dags/example_branch_python_dop_operator_3.py for tasks to queue
[2026-06-29T22:11:18.079+0000] {logging_mixin.py:190} INFO - [2026-06-29T22:11:18.078+0000] {dagbag.py:588} INFO - Filling up the DagBag from /home/airflow/.local/lib/python3.12/site-packages/airflow/example_dags/example_branch_python_dop_operator_3.py
[2026-06-29T22:11:18.096+0000] {processor.py:925} INFO - DAG(s) 'example_branch_dop_operator_v3' retrieved from /home/airflow/.local/lib/python3.12/site-packages/airflow/example_dags/example_branch_python_dop_operator_3.py
[2026-06-29T22:11:18.121+0000] {logging_mixin.py:190} INFO - [2026-06-29T22:11:18.121+0000] {dag.py:3239} INFO - Sync 1 DAGs
[2026-06-29T22:11:18.151+0000] {logging_mixin.py:190} INFO - [2026-06-29T22:11:18.150+0000] {dag.py:4180} INFO - Setting next_dagrun for example_branch_dop_operator_v3 to 2026-06-29 22:10:00+00:00, run_after=2026-06-29 22:11:00+00:00
[2026-06-29T22:11:18.173+0000] {processor.py:208} INFO - Processing /home/airflow/.local/lib/python3.12/site-packages/airflow/example_dags/example_branch_python_dop_operator_3.py took 0.107 seconds
[2026-06-29T22:11:48.930+0000] {processor.py:186} INFO - Started process (PID=516) to work on /home/airflow/.local/lib/python3.12/site-packages/airflow/example_dags/example_branch_python_dop_operator_3.py
[2026-06-29T22:11:48.931+0000] {processor.py:914} INFO - Processing file /home/airflow/.local/lib/python3.12/site-packages/airflow/example_dags/example_branch_python_dop_operator_3.py for tasks to queue
[2026-06-29T22:11:48.934+0000] {logging_mixin.py:190} INFO - [2026-06-29T22:11:48.934+0000] {dagbag.py:588} INFO - Filling up the DagBag from /home/airflow/.local/lib/python3.12/site-packages/airflow/example_dags/example_branch_python_dop_operator_3.py
[2026-06-29T22:11:48.946+0000] {processor.py:925} INFO - DAG(s) 'example_branch_dop_operator_v3' retrieved from /home/airflow/.local/lib/python3.12/site-packages/airflow/example_dags/example_branch_python_dop_operator_3.py
[2026-06-29T22:11:48.970+0000] {logging_mixin.py:190} INFO - [2026-06-29T22:11:48.969+0000] {dag.py:3239} INFO - Sync 1 DAGs
[2026-06-29T22:11:48.996+0000] {logging_mixin.py:190} INFO - [2026-06-29T22:11:48.996+0000] {dag.py:4180} INFO - Setting next_dagrun for example_branch_dop_operator_v3 to 2026-06-29 22:10:00+00:00, run_after=2026-06-29 22:11:00+00:00
[2026-06-29T22:11:49.017+0000] {processor.py:208} INFO - Processing /home/airflow/.local/lib/python3.12/site-packages/airflow/example_dags/example_branch_python_dop_operator_3.py took 0.093 seconds
[2026-06-29T22:12:20.437+0000] {processor.py:186} INFO - Started process (PID=580) to work on /home/airflow/.local/lib/python3.12/site-packages/airflow/example_dags/example_branch_python_dop_operator_3.py
[2026-06-29T22:12:20.443+0000] {processor.py:914} INFO - Processing file /home/airflow/.local/lib/python3.12/site-packages/airflow/example_dags/example_branch_python_dop_operator_3.py for tasks to queue
[2026-06-29T22:12:20.450+0000] {logging_mixin.py:190} INFO - [2026-06-29T22:12:20.449+0000] {dagbag.py:588} INFO - Filling up the DagBag from /home/airflow/.local/lib/python3.12/site-packages/airflow/example_dags/example_branch_python_dop_operator_3.py
[2026-06-29T22:12:20.480+0000] {processor.py:925} INFO - DAG(s) 'example_branch_dop_operator_v3' retrieved from /home/airflow/.local/lib/python3.12/site-packages/airflow/example_dags/example_branch_python_dop_operator_3.py
[2026-06-29T22:12:20.542+0000] {logging_mixin.py:190} INFO - [2026-06-29T22:12:20.541+0000] {dag.py:3239} INFO - Sync 1 DAGs
[2026-06-29T22:12:20.602+0000] {logging_mixin.py:190} INFO - [2026-06-29T22:12:20.601+0000] {dag.py:4180} INFO - Setting next_dagrun for example_branch_dop_operator_v3 to 2026-06-29 22:11:00+00:00, run_after=2026-06-29 22:12:00+00:00
[2026-06-29T22:12:20.656+0000] {processor.py:208} INFO - Processing /home/airflow/.local/lib/python3.12/site-packages/airflow/example_dags/example_branch_python_dop_operator_3.py took 0.255 seconds
[2026-06-29T22:12:50.770+0000] {processor.py:186} INFO - Started process (PID=643) to work on /home/airflow/.local/lib/python3.12/site-packages/airflow/example_dags/example_branch_python_dop_operator_3.py
[2026-06-29T22:12:50.773+0000] {processor.py:914} INFO - Processing file /home/airflow/.local/lib/python3.12/site-packages/airflow/example_dags/example_branch_python_dop_operator_3.py for tasks to queue
[2026-06-29T22:12:50.781+0000] {logging_mixin.py:190} INFO - [2026-06-29T22:12:50.780+0000] {dagbag.py:588} INFO - Filling up the DagBag from /home/airflow/.local/lib/python3.12/site-packages/airflow/example_dags/example_branch_python_dop_operator_3.py
[2026-06-29T22:12:50.810+0000] {processor.py:925} INFO - DAG(s) 'example_branch_dop_operator_v3' retrieved from /home/airflow/.local/lib/python3.12/site-packages/airflow/example_dags/example_branch_python_dop_operator_3.py
[2026-06-29T22:12:50.848+0000] {logging_mixin.py:190} INFO - [2026-06-29T22:12:50.847+0000] {dag.py:3239} INFO - Sync 1 DAGs
[2026-06-29T22:12:50.900+0000] {logging_mixin.py:190} INFO - [2026-06-29T22:12:50.899+0000] {dag.py:4180} INFO - Setting next_dagrun for example_branch_dop_operator_v3 to 2026-06-29 22:11:00+00:00, run_after=2026-06-29 22:12:00+00:00
[2026-06-29T22:12:50.974+0000] {processor.py:208} INFO - Processing /home/airflow/.local/lib/python3.12/site-packages/airflow/example_dags/example_branch_python_dop_operator_3.py took 0.218 seconds
[2026-06-29T22:13:21.974+0000] {processor.py:186} INFO - Started process (PID=708) to work on /home/airflow/.local/lib/python3.12/site-packages/airflow/example_dags/example_branch_python_dop_operator_3.py
[2026-06-29T22:13:21.975+0000] {processor.py:914} INFO - Processing file /home/airflow/.local/lib/python3.12/site-packages/airflow/example_dags/example_branch_python_dop_operator_3.py for tasks to queue
[2026-06-29T22:13:21.978+0000] {logging_mixin.py:190} INFO - [2026-06-29T22:13:21.978+0000] {dagbag.py:588} INFO - Filling up the DagBag from /home/airflow/.local/lib/python3.12/site-packages/airflow/example_dags/example_branch_python_dop_operator_3.py
[2026-06-29T22:13:21.996+0000] {processor.py:925} INFO - DAG(s) 'example_branch_dop_operator_v3' retrieved from /home/airflow/.local/lib/python3.12/site-packages/airflow/example_dags/example_branch_python_dop_operator_3.py
[2026-06-29T22:13:22.027+0000] {logging_mixin.py:190} INFO - [2026-06-29T22:13:22.027+0000] {dag.py:3239} INFO - Sync 1 DAGs
[2026-06-29T22:13:22.067+0000] {logging_mixin.py:190} INFO - [2026-06-29T22:13:22.067+0000] {dag.py:4180} INFO - Setting next_dagrun for example_branch_dop_operator_v3 to 2026-06-29 22:12:00+00:00, run_after=2026-06-29 22:13:00+00:00
[2026-06-29T22:13:22.100+0000] {processor.py:208} INFO - Processing /home/airflow/.local/lib/python3.12/site-packages/airflow/example_dags/example_branch_python_dop_operator_3.py took 0.134 seconds
[2026-06-29T22:13:52.794+0000] {processor.py:186} INFO - Started process (PID=773) to work on /home/airflow/.local/lib/python3.12/site-packages/airflow/example_dags/example_branch_python_dop_operator_3.py
[2026-06-29T22:13:52.796+0000] {processor.py:914} INFO - Processing file /home/airflow/.local/lib/python3.12/site-packages/airflow/example_dags/example_branch_python_dop_operator_3.py for tasks to queue
[2026-06-29T22:13:52.800+0000] {logging_mixin.py:190} INFO - [2026-06-29T22:13:52.799+0000] {dagbag.py:588} INFO - Filling up the DagBag from /home/airflow/.local/lib/python3.12/site-packages/airflow/example_dags/example_branch_python_dop_operator_3.py
[2026-06-29T22:13:52.815+0000] {processor.py:925} INFO - DAG(s) 'example_branch_dop_operator_v3' retrieved from /home/airflow/.local/lib/python3.12/site-packages/airflow/example_dags/example_branch_python_dop_operator_3.py
[2026-06-29T22:13:52.844+0000] {logging_mixin.py:190} INFO - [2026-06-29T22:13:52.844+0000] {dag.py:3239} INFO - Sync 1 DAGs
[2026-06-29T22:13:52.878+0000] {logging_mixin.py:190} INFO - [2026-06-29T22:13:52.878+0000] {dag.py:4180} INFO - Setting next_dagrun for example_branch_dop_operator_v3 to 2026-06-29 22:12:00+00:00, run_after=2026-06-29 22:13:00+00:00
[2026-06-29T22:13:52.908+0000] {processor.py:208} INFO - Processing /home/airflow/.local/lib/python3.12/site-packages/airflow/example_dags/example_branch_python_dop_operator_3.py took 0.122 seconds
[2026-06-29T22:14:26.317+0000] {processor.py:186} INFO - Started process (PID=837) to work on /home/airflow/.local/lib/python3.12/site-packages/airflow/example_dags/example_branch_python_dop_operator_3.py
[2026-06-29T22:14:26.320+0000] {processor.py:914} INFO - Processing file /home/airflow/.local/lib/python3.12/site-packages/airflow/example_dags/example_branch_python_dop_operator_3.py for tasks to queue
[2026-06-29T22:14:26.328+0000] {logging_mixin.py:190} INFO - [2026-06-29T22:14:26.327+0000] {dagbag.py:588} INFO - Filling up the DagBag from /home/airflow/.local/lib/python3.12/site-packages/airflow/example_dags/example_branch_python_dop_operator_3.py
[2026-06-29T22:14:26.350+0000] {processor.py:925} INFO - DAG(s) 'example_branch_dop_operator_v3' retrieved from /home/airflow/.local/lib/python3.12/site-packages/airflow/example_dags/example_branch_python_dop_operator_3.py
[2026-06-29T22:14:26.394+0000] {logging_mixin.py:190} INFO - [2026-06-29T22:14:26.394+0000] {dag.py:3239} INFO - Sync 1 DAGs
[2026-06-29T22:14:26.464+0000] {logging_mixin.py:190} INFO - [2026-06-29T22:14:26.464+0000] {dag.py:4180} INFO - Setting next_dagrun for example_branch_dop_operator_v3 to 2026-06-29 22:13:00+00:00, run_after=2026-06-29 22:14:00+00:00
[2026-06-29T22:14:26.520+0000] {processor.py:208} INFO - Processing /home/airflow/.local/lib/python3.12/site-packages/airflow/example_dags/example_branch_python_dop_operator_3.py took 0.215 seconds
[2026-06-29T22:14:57.234+0000] {processor.py:186} INFO - Started process (PID=901) to work on /home/airflow/.local/lib/python3.12/site-packages/airflow/example_dags/example_branch_python_dop_operator_3.py
[2026-06-29T22:14:57.239+0000] {processor.py:914} INFO - Processing file /home/airflow/.local/lib/python3.12/site-packages/airflow/example_dags/example_branch_python_dop_operator_3.py for tasks to queue
[2026-06-29T22:14:57.251+0000] {logging_mixin.py:190} INFO - [2026-06-29T22:14:57.250+0000] {dagbag.py:588} INFO - Filling up the DagBag from /home/airflow/.local/lib/python3.12/site-packages/airflow/example_dags/example_branch_python_dop_operator_3.py
[2026-06-29T22:14:57.276+0000] {processor.py:925} INFO - DAG(s) 'example_branch_dop_operator_v3' retrieved from /home/airflow/.local/lib/python3.12/site-packages/airflow/example_dags/example_branch_python_dop_operator_3.py
[2026-06-29T22:14:57.333+0000] {logging_mixin.py:190} INFO - [2026-06-29T22:14:57.332+0000] {dag.py:3239} INFO - Sync 1 DAGs
[2026-06-29T22:14:57.403+0000] {logging_mixin.py:190} INFO - [2026-06-29T22:14:57.403+0000] {dag.py:4180} INFO - Setting next_dagrun for example_branch_dop_operator_v3 to 2026-06-29 22:13:00+00:00, run_after=2026-06-29 22:14:00+00:00
[2026-06-29T22:14:57.478+0000] {processor.py:208} INFO - Processing /home/airflow/.local/lib/python3.12/site-packages/airflow/example_dags/example_branch_python_dop_operator_3.py took 0.269 seconds
[2026-06-29T22:15:27.797+0000] {processor.py:186} INFO - Started process (PID=965) to work on /home/airflow/.local/lib/python3.12/site-packages/airflow/example_dags/example_branch_python_dop_operator_3.py
[2026-06-29T22:15:27.800+0000] {processor.py:914} INFO - Processing file /home/airflow/.local/lib/python3.12/site-packages/airflow/example_dags/example_branch_python_dop_operator_3.py for tasks to queue
[2026-06-29T22:15:27.803+0000] {logging_mixin.py:190} INFO - [2026-06-29T22:15:27.803+0000] {dagbag.py:588} INFO - Filling up the DagBag from /home/airflow/.local/lib/python3.12/site-packages/airflow/example_dags/example_branch_python_dop_operator_3.py
[2026-06-29T22:15:27.820+0000] {processor.py:925} INFO - DAG(s) 'example_branch_dop_operator_v3' retrieved from /home/airflow/.local/lib/python3.12/site-packages/airflow/example_dags/example_branch_python_dop_operator_3.py
[2026-06-29T22:15:27.855+0000] {logging_mixin.py:190} INFO - [2026-06-29T22:15:27.855+0000] {dag.py:3239} INFO - Sync 1 DAGs
[2026-06-29T22:15:27.898+0000] {logging_mixin.py:190} INFO - [2026-06-29T22:15:27.898+0000] {dag.py:4180} INFO - Setting next_dagrun for example_branch_dop_operator_v3 to 2026-06-29 22:14:00+00:00, run_after=2026-06-29 22:15:00+00:00
[2026-06-29T22:15:27.939+0000] {processor.py:208} INFO - Processing /home/airflow/.local/lib/python3.12/site-packages/airflow/example_dags/example_branch_python_dop_operator_3.py took 0.153 seconds
[2026-06-29T22:15:59.639+0000] {processor.py:186} INFO - Started process (PID=1029) to work on /home/airflow/.local/lib/python3.12/site-packages/airflow/example_dags/example_branch_python_dop_operator_3.py
[2026-06-29T22:15:59.643+0000] {processor.py:914} INFO - Processing file /home/airflow/.local/lib/python3.12/site-packages/airflow/example_dags/example_branch_python_dop_operator_3.py for tasks to queue
[2026-06-29T22:15:59.651+0000] {logging_mixin.py:190} INFO - [2026-06-29T22:15:59.650+0000] {dagbag.py:588} INFO - Filling up the DagBag from /home/airflow/.local/lib/python3.12/site-packages/airflow/example_dags/example_branch_python_dop_operator_3.py
[2026-06-29T22:15:59.673+0000] {processor.py:925} INFO - DAG(s) 'example_branch_dop_operator_v3' retrieved from /home/airflow/.local/lib/python3.12/site-packages/airflow/example_dags/example_branch_python_dop_operator_3.py
[2026-06-29T22:15:59.719+0000] {logging_mixin.py:190} INFO - [2026-06-29T22:15:59.718+0000] {dag.py:3239} INFO - Sync 1 DAGs
[2026-06-29T22:15:59.779+0000] {logging_mixin.py:190} INFO - [2026-06-29T22:15:59.778+0000] {dag.py:4180} INFO - Setting next_dagrun for example_branch_dop_operator_v3 to 2026-06-29 22:14:00+00:00, run_after=2026-06-29 22:15:00+00:00
[2026-06-29T22:15:59.822+0000] {processor.py:208} INFO - Processing /home/airflow/.local/lib/python3.12/site-packages/airflow/example_dags/example_branch_python_dop_operator_3.py took 0.201 seconds
[2026-06-29T22:16:30.762+0000] {processor.py:186} INFO - Started process (PID=1093) to work on /home/airflow/.local/lib/python3.12/site-packages/airflow/example_dags/example_branch_python_dop_operator_3.py
[2026-06-29T22:16:30.764+0000] {processor.py:914} INFO - Processing file /home/airflow/.local/lib/python3.12/site-packages/airflow/example_dags/example_branch_python_dop_operator_3.py for tasks to queue
[2026-06-29T22:16:30.771+0000] {logging_mixin.py:190} INFO - [2026-06-29T22:16:30.769+0000] {dagbag.py:588} INFO - Filling up the DagBag from /home/airflow/.local/lib/python3.12/site-packages/airflow/example_dags/example_branch_python_dop_operator_3.py
[2026-06-29T22:16:30.794+0000] {processor.py:925} INFO - DAG(s) 'example_branch_dop_operator_v3' retrieved from /home/airflow/.local/lib/python3.12/site-packages/airflow/example_dags/example_branch_python_dop_operator_3.py
[2026-06-29T22:16:30.834+0000] {logging_mixin.py:190} INFO - [2026-06-29T22:16:30.833+0000] {dag.py:3239} INFO - Sync 1 DAGs
[2026-06-29T22:16:30.878+0000] {logging_mixin.py:190} INFO - [2026-06-29T22:16:30.878+0000] {dag.py:4180} INFO - Setting next_dagrun for example_branch_dop_operator_v3 to 2026-06-29 22:15:00+00:00, run_after=2026-06-29 22:16:00+00:00
[2026-06-29T22:16:30.916+0000] {processor.py:208} INFO - Processing /home/airflow/.local/lib/python3.12/site-packages/airflow/example_dags/example_branch_python_dop_operator_3.py took 0.166 seconds
[2026-06-29T22:17:01.818+0000] {processor.py:186} INFO - Started process (PID=1157) to work on /home/airflow/.local/lib/python3.12/site-packages/airflow/example_dags/example_branch_python_dop_operator_3.py
[2026-06-29T22:17:01.820+0000] {processor.py:914} INFO - Processing file /home/airflow/.local/lib/python3.12/site-packages/airflow/example_dags/example_branch_python_dop_operator_3.py for tasks to queue
[2026-06-29T22:17:01.824+0000] {logging_mixin.py:190} INFO - [2026-06-29T22:17:01.823+0000] {dagbag.py:588} INFO - Filling up the DagBag from /home/airflow/.local/lib/python3.12/site-packages/airflow/example_dags/example_branch_python_dop_operator_3.py
[2026-06-29T22:17:01.839+0000] {processor.py:925} INFO - DAG(s) 'example_branch_dop_operator_v3' retrieved from /home/airflow/.local/lib/python3.12/site-packages/airflow/example_dags/example_branch_python_dop_operator_3.py
[2026-06-29T22:17:01.868+0000] {logging_mixin.py:190} INFO - [2026-06-29T22:17:01.867+0000] {dag.py:3239} INFO - Sync 1 DAGs
[2026-06-29T22:17:01.904+0000] {logging_mixin.py:190} INFO - [2026-06-29T22:17:01.904+0000] {dag.py:4180} INFO - Setting next_dagrun for example_branch_dop_operator_v3 to 2026-06-29 22:16:00+00:00, run_after=2026-06-29 22:17:00+00:00
[2026-06-29T22:17:01.934+0000] {processor.py:208} INFO - Processing /home/airflow/.local/lib/python3.12/site-packages/airflow/example_dags/example_branch_python_dop_operator_3.py took 0.124 seconds
[2026-06-29T22:17:35.344+0000] {processor.py:186} INFO - Started process (PID=1221) to work on /home/airflow/.local/lib/python3.12/site-packages/airflow/example_dags/example_branch_python_dop_operator_3.py
[2026-06-29T22:17:35.347+0000] {processor.py:914} INFO - Processing file /home/airflow/.local/lib/python3.12/site-packages/airflow/example_dags/example_branch_python_dop_operator_3.py for tasks to queue
[2026-06-29T22:17:35.354+0000] {logging_mixin.py:190} INFO - [2026-06-29T22:17:35.353+0000] {dagbag.py:588} INFO - Filling up the DagBag from /home/airflow/.local/lib/python3.12/site-packages/airflow/example_dags/example_branch_python_dop_operator_3.py
[2026-06-29T22:17:35.385+0000] {processor.py:925} INFO - DAG(s) 'example_branch_dop_operator_v3' retrieved from /home/airflow/.local/lib/python3.12/site-packages/airflow/example_dags/example_branch_python_dop_operator_3.py
[2026-06-29T22:17:35.421+0000] {logging_mixin.py:190} INFO - [2026-06-29T22:17:35.420+0000] {dag.py:3239} INFO - Sync 1 DAGs
[2026-06-29T22:17:35.470+0000] {logging_mixin.py:190} INFO - [2026-06-29T22:17:35.470+0000] {dag.py:4180} INFO - Setting next_dagrun for example_branch_dop_operator_v3 to 2026-06-29 22:16:00+00:00, run_after=2026-06-29 22:17:00+00:00
[2026-06-29T22:17:35.514+0000] {processor.py:208} INFO - Processing /home/airflow/.local/lib/python3.12/site-packages/airflow/example_dags/example_branch_python_dop_operator_3.py took 0.180 seconds
[2026-06-29T22:18:06.241+0000] {processor.py:186} INFO - Started process (PID=1285) to work on /home/airflow/.local/lib/python3.12/site-packages/airflow/example_dags/example_branch_python_dop_operator_3.py
[2026-06-29T22:18:06.242+0000] {processor.py:914} INFO - Processing file /home/airflow/.local/lib/python3.12/site-packages/airflow/example_dags/example_branch_python_dop_operator_3.py for tasks to queue
[2026-06-29T22:18:06.245+0000] {logging_mixin.py:190} INFO - [2026-06-29T22:18:06.245+0000] {dagbag.py:588} INFO - Filling up the DagBag from /home/airflow/.local/lib/python3.12/site-packages/airflow/example_dags/example_branch_python_dop_operator_3.py
[2026-06-29T22:18:06.257+0000] {processor.py:925} INFO - DAG(s) 'example_branch_dop_operator_v3' retrieved from /home/airflow/.local/lib/python3.12/site-packages/airflow/example_dags/example_branch_python_dop_operator_3.py
[2026-06-29T22:18:06.279+0000] {logging_mixin.py:190} INFO - [2026-06-29T22:18:06.279+0000] {dag.py:3239} INFO - Sync 1 DAGs
[2026-06-29T22:18:06.304+0000] {logging_mixin.py:190} INFO - [2026-06-29T22:18:06.304+0000] {dag.py:4180} INFO - Setting next_dagrun for example_branch_dop_operator_v3 to 2026-06-29 22:17:00+00:00, run_after=2026-06-29 22:18:00+00:00
[2026-06-29T22:18:06.325+0000] {processor.py:208} INFO - Processing /home/airflow/.local/lib/python3.12/site-packages/airflow/example_dags/example_branch_python_dop_operator_3.py took 0.090 seconds
[2026-06-29T22:18:38.232+0000] {processor.py:186} INFO - Started process (PID=1349) to work on /home/airflow/.local/lib/python3.12/site-packages/airflow/example_dags/example_branch_python_dop_operator_3.py
[2026-06-29T22:18:38.236+0000] {processor.py:914} INFO - Processing file /home/airflow/.local/lib/python3.12/site-packages/airflow/example_dags/example_branch_python_dop_operator_3.py for tasks to queue
[2026-06-29T22:18:38.242+0000] {logging_mixin.py:190} INFO - [2026-06-29T22:18:38.241+0000] {dagbag.py:588} INFO - Filling up the DagBag from /home/airflow/.local/lib/python3.12/site-packages/airflow/example_dags/example_branch_python_dop_operator_3.py
[2026-06-29T22:18:38.262+0000] {processor.py:925} INFO - DAG(s) 'example_branch_dop_operator_v3' retrieved from /home/airflow/.local/lib/python3.12/site-packages/airflow/example_dags/example_branch_python_dop_operator_3.py
[2026-06-29T22:18:38.331+0000] {logging_mixin.py:190} INFO - [2026-06-29T22:18:38.330+0000] {dag.py:3239} INFO - Sync 1 DAGs
[2026-06-29T22:18:38.378+0000] {logging_mixin.py:190} INFO - [2026-06-29T22:18:38.378+0000] {dag.py:4180} INFO - Setting next_dagrun for example_branch_dop_operator_v3 to 2026-06-29 22:17:00+00:00, run_after=2026-06-29 22:18:00+00:00
[2026-06-29T22:18:38.423+0000] {processor.py:208} INFO - Processing /home/airflow/.local/lib/python3.12/site-packages/airflow/example_dags/example_branch_python_dop_operator_3.py took 0.203 seconds
[2026-06-29T22:19:09.517+0000] {processor.py:186} INFO - Started process (PID=1421) to work on /home/airflow/.local/lib/python3.12/site-packages/airflow/example_dags/example_branch_python_dop_operator_3.py
[2026-06-29T22:19:09.519+0000] {processor.py:914} INFO - Processing file /home/airflow/.local/lib/python3.12/site-packages/airflow/example_dags/example_branch_python_dop_operator_3.py for tasks to queue
[2026-06-29T22:19:09.523+0000] {logging_mixin.py:190} INFO - [2026-06-29T22:19:09.522+0000] {dagbag.py:588} INFO - Filling up the DagBag from /home/airflow/.local/lib/python3.12/site-packages/airflow/example_dags/example_branch_python_dop_operator_3.py
[2026-06-29T22:19:09.542+0000] {processor.py:925} INFO - DAG(s) 'example_branch_dop_operator_v3' retrieved from /home/airflow/.local/lib/python3.12/site-packages/airflow/example_dags/example_branch_python_dop_operator_3.py
[2026-06-29T22:19:09.576+0000] {logging_mixin.py:190} INFO - [2026-06-29T22:19:09.575+0000] {dag.py:3239} INFO - Sync 1 DAGs
[2026-06-29T22:19:09.624+0000] {logging_mixin.py:190} INFO - [2026-06-29T22:19:09.624+0000] {dag.py:4180} INFO - Setting next_dagrun for example_branch_dop_operator_v3 to 2026-06-29 22:18:00+00:00, run_after=2026-06-29 22:19:00+00:00
[2026-06-29T22:19:09.672+0000] {processor.py:208} INFO - Processing /home/airflow/.local/lib/python3.12/site-packages/airflow/example_dags/example_branch_python_dop_operator_3.py took 0.165 seconds
[2026-06-29T22:19:42.818+0000] {processor.py:186} INFO - Started process (PID=1486) to work on /home/airflow/.local/lib/python3.12/site-packages/airflow/example_dags/example_branch_python_dop_operator_3.py
[2026-06-29T22:19:42.822+0000] {processor.py:914} INFO - Processing file /home/airflow/.local/lib/python3.12/site-packages/airflow/example_dags/example_branch_python_dop_operator_3.py for tasks to queue
[2026-06-29T22:19:42.831+0000] {logging_mixin.py:190} INFO - [2026-06-29T22:19:42.829+0000] {dagbag.py:588} INFO - Filling up the DagBag from /home/airflow/.local/lib/python3.12/site-packages/airflow/example_dags/example_branch_python_dop_operator_3.py
[2026-06-29T22:19:42.867+0000] {processor.py:925} INFO - DAG(s) 'example_branch_dop_operator_v3' retrieved from /home/airflow/.local/lib/python3.12/site-packages/airflow/example_dags/example_branch_python_dop_operator_3.py
[2026-06-29T22:19:42.959+0000] {logging_mixin.py:190} INFO - [2026-06-29T22:19:42.959+0000] {dag.py:3239} INFO - Sync 1 DAGs
[2026-06-29T22:19:43.053+0000] {logging_mixin.py:190} INFO - [2026-06-29T22:19:43.052+0000] {dag.py:4180} INFO - Setting next_dagrun for example_branch_dop_operator_v3 to 2026-06-29 22:18:00+00:00, run_after=2026-06-29 22:19:00+00:00
[2026-06-29T22:19:43.133+0000] {processor.py:208} INFO - Processing /home/airflow/.local/lib/python3.12/site-packages/airflow/example_dags/example_branch_python_dop_operator_3.py took 0.336 seconds
[2026-06-29T22:20:15.290+0000] {processor.py:186} INFO - Started process (PID=1551) to work on /home/airflow/.local/lib/python3.12/site-packages/airflow/example_dags/example_branch_python_dop_operator_3.py
[2026-06-29T22:20:15.293+0000] {processor.py:914} INFO - Processing file /home/airflow/.local/lib/python3.12/site-packages/airflow/example_dags/example_branch_python_dop_operator_3.py for tasks to queue
[2026-06-29T22:20:15.298+0000] {logging_mixin.py:190} INFO - [2026-06-29T22:20:15.298+0000] {dagbag.py:588} INFO - Filling up the DagBag from /home/airflow/.local/lib/python3.12/site-packages/airflow/example_dags/example_branch_python_dop_operator_3.py
[2026-06-29T22:20:15.319+0000] {processor.py:925} INFO - DAG(s) 'example_branch_dop_operator_v3' retrieved from /home/airflow/.local/lib/python3.12/site-packages/airflow/example_dags/example_branch_python_dop_operator_3.py
[2026-06-29T22:20:15.356+0000] {logging_mixin.py:190} INFO - [2026-06-29T22:20:15.356+0000] {dag.py:3239} INFO - Sync 1 DAGs
[2026-06-29T22:20:15.402+0000] {logging_mixin.py:190} INFO - [2026-06-29T22:20:15.402+0000] {dag.py:4180} INFO - Setting next_dagrun for example_branch_dop_operator_v3 to 2026-06-29 22:19:00+00:00, run_after=2026-06-29 22:20:00+00:00
[2026-06-29T22:20:15.449+0000] {processor.py:208} INFO - Processing /home/airflow/.local/lib/python3.12/site-packages/airflow/example_dags/example_branch_python_dop_operator_3.py took 0.178 seconds
[2026-06-29T22:20:48.434+0000] {processor.py:186} INFO - Started process (PID=1615) to work on /home/airflow/.local/lib/python3.12/site-packages/airflow/example_dags/example_branch_python_dop_operator_3.py
[2026-06-29T22:20:48.455+0000] {processor.py:914} INFO - Processing file /home/airflow/.local/lib/python3.12/site-packages/airflow/example_dags/example_branch_python_dop_operator_3.py for tasks to queue
[2026-06-29T22:20:48.470+0000] {logging_mixin.py:190} INFO - [2026-06-29T22:20:48.469+0000] {dagbag.py:588} INFO - Filling up the DagBag from /home/airflow/.local/lib/python3.12/site-packages/airflow/example_dags/example_branch_python_dop_operator_3.py
[2026-06-29T22:20:48.501+0000] {processor.py:925} INFO - DAG(s) 'example_branch_dop_operator_v3' retrieved from /home/airflow/.local/lib/python3.12/site-packages/airflow/example_dags/example_branch_python_dop_operator_3.py
[2026-06-29T22:20:48.549+0000] {logging_mixin.py:190} INFO - [2026-06-29T22:20:48.548+0000] {dag.py:3239} INFO - Sync 1 DAGs
[2026-06-29T22:20:48.610+0000] {logging_mixin.py:190} INFO - [2026-06-29T22:20:48.610+0000] {dag.py:4180} INFO - Setting next_dagrun for example_branch_dop_operator_v3 to 2026-06-29 22:19:00+00:00, run_after=2026-06-29 22:20:00+00:00
[2026-06-29T22:20:48.668+0000] {processor.py:208} INFO - Processing /home/airflow/.local/lib/python3.12/site-packages/airflow/example_dags/example_branch_python_dop_operator_3.py took 0.247 seconds
[2026-06-29T22:21:19.218+0000] {processor.py:186} INFO - Started process (PID=1679) to work on /home/airflow/.local/lib/python3.12/site-packages/airflow/example_dags/example_branch_python_dop_operator_3.py
[2026-06-29T22:21:19.222+0000] {processor.py:914} INFO - Processing file /home/airflow/.local/lib/python3.12/site-packages/airflow/example_dags/example_branch_python_dop_operator_3.py for tasks to queue
[2026-06-29T22:21:19.231+0000] {logging_mixin.py:190} INFO - [2026-06-29T22:21:19.230+0000] {dagbag.py:588} INFO - Filling up the DagBag from /home/airflow/.local/lib/python3.12/site-packages/airflow/example_dags/example_branch_python_dop_operator_3.py
[2026-06-29T22:21:19.256+0000] {processor.py:925} INFO - DAG(s) 'example_branch_dop_operator_v3' retrieved from /home/airflow/.local/lib/python3.12/site-packages/airflow/example_dags/example_branch_python_dop_operator_3.py
[2026-06-29T22:21:19.316+0000] {logging_mixin.py:190} INFO - [2026-06-29T22:21:19.315+0000] {dag.py:3239} INFO - Sync 1 DAGs
[2026-06-29T22:21:19.409+0000] {logging_mixin.py:190} INFO - [2026-06-29T22:21:19.407+0000] {dag.py:4180} INFO - Setting next_dagrun for example_branch_dop_operator_v3 to 2026-06-29 22:20:00+00:00, run_after=2026-06-29 22:21:00+00:00
[2026-06-29T22:21:19.467+0000] {processor.py:208} INFO - Processing /home/airflow/.local/lib/python3.12/site-packages/airflow/example_dags/example_branch_python_dop_operator_3.py took 0.263 seconds
[2026-06-29T22:21:49.769+0000] {processor.py:186} INFO - Started process (PID=1743) to work on /home/airflow/.local/lib/python3.12/site-packages/airflow/example_dags/example_branch_python_dop_operator_3.py
[2026-06-29T22:21:49.771+0000] {processor.py:914} INFO - Processing file /home/airflow/.local/lib/python3.12/site-packages/airflow/example_dags/example_branch_python_dop_operator_3.py for tasks to queue
[2026-06-29T22:21:49.775+0000] {logging_mixin.py:190} INFO - [2026-06-29T22:21:49.775+0000] {dagbag.py:588} INFO - Filling up the DagBag from /home/airflow/.local/lib/python3.12/site-packages/airflow/example_dags/example_branch_python_dop_operator_3.py
[2026-06-29T22:21:49.791+0000] {processor.py:925} INFO - DAG(s) 'example_branch_dop_operator_v3' retrieved from /home/airflow/.local/lib/python3.12/site-packages/airflow/example_dags/example_branch_python_dop_operator_3.py
[2026-06-29T22:21:49.814+0000] {logging_mixin.py:190} INFO - [2026-06-29T22:21:49.814+0000] {dag.py:3239} INFO - Sync 1 DAGs
[2026-06-29T22:21:49.842+0000] {logging_mixin.py:190} INFO - [2026-06-29T22:21:49.842+0000] {dag.py:4180} INFO - Setting next_dagrun for example_branch_dop_operator_v3 to 2026-06-29 22:20:00+00:00, run_after=2026-06-29 22:21:00+00:00
[2026-06-29T22:21:49.865+0000] {processor.py:208} INFO - Processing /home/airflow/.local/lib/python3.12/site-packages/airflow/example_dags/example_branch_python_dop_operator_3.py took 0.104 seconds
[2026-06-29T22:22:20.723+0000] {processor.py:186} INFO - Started process (PID=1807) to work on /home/airflow/.local/lib/python3.12/site-packages/airflow/example_dags/example_branch_python_dop_operator_3.py
[2026-06-29T22:22:20.729+0000] {processor.py:914} INFO - Processing file /home/airflow/.local/lib/python3.12/site-packages/airflow/example_dags/example_branch_python_dop_operator_3.py for tasks to queue
[2026-06-29T22:22:20.734+0000] {logging_mixin.py:190} INFO - [2026-06-29T22:22:20.733+0000] {dagbag.py:588} INFO - Filling up the DagBag from /home/airflow/.local/lib/python3.12/site-packages/airflow/example_dags/example_branch_python_dop_operator_3.py
[2026-06-29T22:22:20.765+0000] {processor.py:925} INFO - DAG(s) 'example_branch_dop_operator_v3' retrieved from /home/airflow/.local/lib/python3.12/site-packages/airflow/example_dags/example_branch_python_dop_operator_3.py
[2026-06-29T22:22:20.821+0000] {logging_mixin.py:190} INFO - [2026-06-29T22:22:20.820+0000] {dag.py:3239} INFO - Sync 1 DAGs
[2026-06-29T22:22:20.877+0000] {logging_mixin.py:190} INFO - [2026-06-29T22:22:20.876+0000] {dag.py:4180} INFO - Setting next_dagrun for example_branch_dop_operator_v3 to 2026-06-29 22:21:00+00:00, run_after=2026-06-29 22:22:00+00:00
[2026-06-29T22:22:20.919+0000] {processor.py:208} INFO - Processing /home/airflow/.local/lib/python3.12/site-packages/airflow/example_dags/example_branch_python_dop_operator_3.py took 0.213 seconds
[2026-06-29T22:22:51.848+0000] {processor.py:186} INFO - Started process (PID=1872) to work on /home/airflow/.local/lib/python3.12/site-packages/airflow/example_dags/example_branch_python_dop_operator_3.py
[2026-06-29T22:22:51.850+0000] {processor.py:914} INFO - Processing file /home/airflow/.local/lib/python3.12/site-packages/airflow/example_dags/example_branch_python_dop_operator_3.py for tasks to queue
[2026-06-29T22:22:51.855+0000] {logging_mixin.py:190} INFO - [2026-06-29T22:22:51.853+0000] {dagbag.py:588} INFO - Filling up the DagBag from /home/airflow/.local/lib/python3.12/site-packages/airflow/example_dags/example_branch_python_dop_operator_3.py
[2026-06-29T22:22:51.868+0000] {processor.py:925} INFO - DAG(s) 'example_branch_dop_operator_v3' retrieved from /home/airflow/.local/lib/python3.12/site-packages/airflow/example_dags/example_branch_python_dop_operator_3.py
[2026-06-29T22:22:51.892+0000] {logging_mixin.py:190} INFO - [2026-06-29T22:22:51.892+0000] {dag.py:3239} INFO - Sync 1 DAGs
[2026-06-29T22:22:51.917+0000] {logging_mixin.py:190} INFO - [2026-06-29T22:22:51.917+0000] {dag.py:4180} INFO - Setting next_dagrun for example_branch_dop_operator_v3 to 2026-06-29 22:21:00+00:00, run_after=2026-06-29 22:22:00+00:00
[2026-06-29T22:22:51.940+0000] {processor.py:208} INFO - Processing /home/airflow/.local/lib/python3.12/site-packages/airflow/example_dags/example_branch_python_dop_operator_3.py took 0.103 seconds
[2026-06-29T22:23:22.743+0000] {processor.py:186} INFO - Started process (PID=1937) to work on /home/airflow/.local/lib/python3.12/site-packages/airflow/example_dags/example_branch_python_dop_operator_3.py
[2026-06-29T22:23:22.745+0000] {processor.py:914} INFO - Processing file /home/airflow/.local/lib/python3.12/site-packages/airflow/example_dags/example_branch_python_dop_operator_3.py for tasks to queue
[2026-06-29T22:23:22.747+0000] {logging_mixin.py:190} INFO - [2026-06-29T22:23:22.747+0000] {dagbag.py:588} INFO - Filling up the DagBag from /home/airflow/.local/lib/python3.12/site-packages/airflow/example_dags/example_branch_python_dop_operator_3.py
[2026-06-29T22:23:22.760+0000] {processor.py:925} INFO - DAG(s) 'example_branch_dop_operator_v3' retrieved from /home/airflow/.local/lib/python3.12/site-packages/airflow/example_dags/example_branch_python_dop_operator_3.py
[2026-06-29T22:23:22.788+0000] {logging_mixin.py:190} INFO - [2026-06-29T22:23:22.788+0000] {dag.py:3239} INFO - Sync 1 DAGs
[2026-06-29T22:23:22.816+0000] {logging_mixin.py:190} INFO - [2026-06-29T22:23:22.816+0000] {dag.py:4180} INFO - Setting next_dagrun for example_branch_dop_operator_v3 to 2026-06-29 22:22:00+00:00, run_after=2026-06-29 22:23:00+00:00
[2026-06-29T22:23:22.839+0000] {processor.py:208} INFO - Processing /home/airflow/.local/lib/python3.12/site-packages/airflow/example_dags/example_branch_python_dop_operator_3.py took 0.103 seconds
[2026-06-29T22:23:53.465+0000] {processor.py:186} INFO - Started process (PID=2001) to work on /home/airflow/.local/lib/python3.12/site-packages/airflow/example_dags/example_branch_python_dop_operator_3.py
[2026-06-29T22:23:53.467+0000] {processor.py:914} INFO - Processing file /home/airflow/.local/lib/python3.12/site-packages/airflow/example_dags/example_branch_python_dop_operator_3.py for tasks to queue
[2026-06-29T22:23:53.471+0000] {logging_mixin.py:190} INFO - [2026-06-29T22:23:53.470+0000] {dagbag.py:588} INFO - Filling up the DagBag from /home/airflow/.local/lib/python3.12/site-packages/airflow/example_dags/example_branch_python_dop_operator_3.py
[2026-06-29T22:23:53.485+0000] {processor.py:925} INFO - DAG(s) 'example_branch_dop_operator_v3' retrieved from /home/airflow/.local/lib/python3.12/site-packages/airflow/example_dags/example_branch_python_dop_operator_3.py
[2026-06-29T22:23:53.525+0000] {logging_mixin.py:190} INFO - [2026-06-29T22:23:53.524+0000] {dag.py:3239} INFO - Sync 1 DAGs
[2026-06-29T22:23:53.562+0000] {logging_mixin.py:190} INFO - [2026-06-29T22:23:53.562+0000] {dag.py:4180} INFO - Setting next_dagrun for example_branch_dop_operator_v3 to 2026-06-29 22:22:00+00:00, run_after=2026-06-29 22:23:00+00:00
[2026-06-29T22:23:53.593+0000] {processor.py:208} INFO - Processing /home/airflow/.local/lib/python3.12/site-packages/airflow/example_dags/example_branch_python_dop_operator_3.py took 0.134 seconds
[2026-06-29T22:24:23.868+0000] {processor.py:186} INFO - Started process (PID=2064) to work on /home/airflow/.local/lib/python3.12/site-packages/airflow/example_dags/example_branch_python_dop_operator_3.py
[2026-06-29T22:24:23.870+0000] {processor.py:914} INFO - Processing file /home/airflow/.local/lib/python3.12/site-packages/airflow/example_dags/example_branch_python_dop_operator_3.py for tasks to queue
[2026-06-29T22:24:23.874+0000] {logging_mixin.py:190} INFO - [2026-06-29T22:24:23.874+0000] {dagbag.py:588} INFO - Filling up the DagBag from /home/airflow/.local/lib/python3.12/site-packages/airflow/example_dags/example_branch_python_dop_operator_3.py
[2026-06-29T22:24:23.887+0000] {processor.py:925} INFO - DAG(s) 'example_branch_dop_operator_v3' retrieved from /home/airflow/.local/lib/python3.12/site-packages/airflow/example_dags/example_branch_python_dop_operator_3.py
[2026-06-29T22:24:23.922+0000] {logging_mixin.py:190} INFO - [2026-06-29T22:24:23.921+0000] {dag.py:3239} INFO - Sync 1 DAGs
[2026-06-29T22:24:23.961+0000] {logging_mixin.py:190} INFO - [2026-06-29T22:24:23.961+0000] {dag.py:4180} INFO - Setting next_dagrun for example_branch_dop_operator_v3 to 2026-06-29 22:23:00+00:00, run_after=2026-06-29 22:24:00+00:00
[2026-06-29T22:24:23.986+0000] {processor.py:208} INFO - Processing /home/airflow/.local/lib/python3.12/site-packages/airflow/example_dags/example_branch_python_dop_operator_3.py took 0.126 seconds
[2026-06-29T22:24:54.560+0000] {processor.py:186} INFO - Started process (PID=2129) to work on /home/airflow/.local/lib/python3.12/site-packages/airflow/example_dags/example_branch_python_dop_operator_3.py
[2026-06-29T22:24:54.561+0000] {processor.py:914} INFO - Processing file /home/airflow/.local/lib/python3.12/site-packages/airflow/example_dags/example_branch_python_dop_operator_3.py for tasks to queue
[2026-06-29T22:24:54.564+0000] {logging_mixin.py:190} INFO - [2026-06-29T22:24:54.564+0000] {dagbag.py:588} INFO - Filling up the DagBag from /home/airflow/.local/lib/python3.12/site-packages/airflow/example_dags/example_branch_python_dop_operator_3.py
[2026-06-29T22:24:54.576+0000] {processor.py:925} INFO - DAG(s) 'example_branch_dop_operator_v3' retrieved from /home/airflow/.local/lib/python3.12/site-packages/airflow/example_dags/example_branch_python_dop_operator_3.py
[2026-06-29T22:24:54.599+0000] {logging_mixin.py:190} INFO - [2026-06-29T22:24:54.599+0000] {dag.py:3239} INFO - Sync 1 DAGs
[2026-06-29T22:24:54.626+0000] {logging_mixin.py:190} INFO - [2026-06-29T22:24:54.626+0000] {dag.py:4180} INFO - Setting next_dagrun for example_branch_dop_operator_v3 to 2026-06-29 22:23:00+00:00, run_after=2026-06-29 22:24:00+00:00
[2026-06-29T22:24:54.647+0000] {processor.py:208} INFO - Processing /home/airflow/.local/lib/python3.12/site-packages/airflow/example_dags/example_branch_python_dop_operator_3.py took 0.093 seconds
[2026-06-29T22:25:25.148+0000] {processor.py:186} INFO - Started process (PID=2193) to work on /home/airflow/.local/lib/python3.12/site-packages/airflow/example_dags/example_branch_python_dop_operator_3.py
[2026-06-29T22:25:25.151+0000] {processor.py:914} INFO - Processing file /home/airflow/.local/lib/python3.12/site-packages/airflow/example_dags/example_branch_python_dop_operator_3.py for tasks to queue
[2026-06-29T22:25:25.158+0000] {logging_mixin.py:190} INFO - [2026-06-29T22:25:25.157+0000] {dagbag.py:588} INFO - Filling up the DagBag from /home/airflow/.local/lib/python3.12/site-packages/airflow/example_dags/example_branch_python_dop_operator_3.py
[2026-06-29T22:25:25.181+0000] {processor.py:925} INFO - DAG(s) 'example_branch_dop_operator_v3' retrieved from /home/airflow/.local/lib/python3.12/site-packages/airflow/example_dags/example_branch_python_dop_operator_3.py
[2026-06-29T22:25:25.230+0000] {logging_mixin.py:190} INFO - [2026-06-29T22:25:25.230+0000] {dag.py:3239} INFO - Sync 1 DAGs
[2026-06-29T22:25:25.273+0000] {logging_mixin.py:190} INFO - [2026-06-29T22:25:25.272+0000] {dag.py:4180} INFO - Setting next_dagrun for example_branch_dop_operator_v3 to 2026-06-29 22:24:00+00:00, run_after=2026-06-29 22:25:00+00:00
[2026-06-29T22:25:25.307+0000] {processor.py:208} INFO - Processing /home/airflow/.local/lib/python3.12/site-packages/airflow/example_dags/example_branch_python_dop_operator_3.py took 0.167 seconds
[2026-06-29T22:25:55.505+0000] {processor.py:186} INFO - Started process (PID=2256) to work on /home/airflow/.local/lib/python3.12/site-packages/airflow/example_dags/example_branch_python_dop_operator_3.py
[2026-06-29T22:25:55.507+0000] {processor.py:914} INFO - Processing file /home/airflow/.local/lib/python3.12/site-packages/airflow/example_dags/example_branch_python_dop_operator_3.py for tasks to queue
[2026-06-29T22:25:55.511+0000] {logging_mixin.py:190} INFO - [2026-06-29T22:25:55.511+0000] {dagbag.py:588} INFO - Filling up the DagBag from /home/airflow/.local/lib/python3.12/site-packages/airflow/example_dags/example_branch_python_dop_operator_3.py
[2026-06-29T22:25:55.526+0000] {processor.py:925} INFO - DAG(s) 'example_branch_dop_operator_v3' retrieved from /home/airflow/.local/lib/python3.12/site-packages/airflow/example_dags/example_branch_python_dop_operator_3.py
[2026-06-29T22:25:55.553+0000] {logging_mixin.py:190} INFO - [2026-06-29T22:25:55.552+0000] {dag.py:3239} INFO - Sync 1 DAGs
[2026-06-29T22:25:55.585+0000] {logging_mixin.py:190} INFO - [2026-06-29T22:25:55.585+0000] {dag.py:4180} INFO - Setting next_dagrun for example_branch_dop_operator_v3 to 2026-06-29 22:24:00+00:00, run_after=2026-06-29 22:25:00+00:00
[2026-06-29T22:25:55.612+0000] {processor.py:208} INFO - Processing /home/airflow/.local/lib/python3.12/site-packages/airflow/example_dags/example_branch_python_dop_operator_3.py took 0.115 seconds
[2026-06-29T22:26:26.683+0000] {processor.py:186} INFO - Started process (PID=2320) to work on /home/airflow/.local/lib/python3.12/site-packages/airflow/example_dags/example_branch_python_dop_operator_3.py
[2026-06-29T22:26:26.684+0000] {processor.py:914} INFO - Processing file /home/airflow/.local/lib/python3.12/site-packages/airflow/example_dags/example_branch_python_dop_operator_3.py for tasks to queue
[2026-06-29T22:26:26.687+0000] {logging_mixin.py:190} INFO - [2026-06-29T22:26:26.687+0000] {dagbag.py:588} INFO - Filling up the DagBag from /home/airflow/.local/lib/python3.12/site-packages/airflow/example_dags/example_branch_python_dop_operator_3.py
[2026-06-29T22:26:26.701+0000] {processor.py:925} INFO - DAG(s) 'example_branch_dop_operator_v3' retrieved from /home/airflow/.local/lib/python3.12/site-packages/airflow/example_dags/example_branch_python_dop_operator_3.py
[2026-06-29T22:26:26.722+0000] {logging_mixin.py:190} INFO - [2026-06-29T22:26:26.722+0000] {dag.py:3239} INFO - Sync 1 DAGs
[2026-06-29T22:26:26.748+0000] {logging_mixin.py:190} INFO - [2026-06-29T22:26:26.748+0000] {dag.py:4180} INFO - Setting next_dagrun for example_branch_dop_operator_v3 to 2026-06-29 22:25:00+00:00, run_after=2026-06-29 22:26:00+00:00
[2026-06-29T22:26:26.770+0000] {processor.py:208} INFO - Processing /home/airflow/.local/lib/python3.12/site-packages/airflow/example_dags/example_branch_python_dop_operator_3.py took 0.093 seconds
[2026-06-29T22:26:57.765+0000] {processor.py:186} INFO - Started process (PID=2385) to work on /home/airflow/.local/lib/python3.12/site-packages/airflow/example_dags/example_branch_python_dop_operator_3.py
[2026-06-29T22:26:57.767+0000] {processor.py:914} INFO - Processing file /home/airflow/.local/lib/python3.12/site-packages/airflow/example_dags/example_branch_python_dop_operator_3.py for tasks to queue
[2026-06-29T22:26:57.771+0000] {logging_mixin.py:190} INFO - [2026-06-29T22:26:57.770+0000] {dagbag.py:588} INFO - Filling up the DagBag from /home/airflow/.local/lib/python3.12/site-packages/airflow/example_dags/example_branch_python_dop_operator_3.py
[2026-06-29T22:26:57.784+0000] {processor.py:925} INFO - DAG(s) 'example_branch_dop_operator_v3' retrieved from /home/airflow/.local/lib/python3.12/site-packages/airflow/example_dags/example_branch_python_dop_operator_3.py
[2026-06-29T22:26:57.808+0000] {logging_mixin.py:190} INFO - [2026-06-29T22:26:57.807+0000] {dag.py:3239} INFO - Sync 1 DAGs
[2026-06-29T22:26:57.834+0000] {logging_mixin.py:190} INFO - [2026-06-29T22:26:57.834+0000] {dag.py:4180} INFO - Setting next_dagrun for example_branch_dop_operator_v3 to 2026-06-29 22:25:00+00:00, run_after=2026-06-29 22:26:00+00:00
[2026-06-29T22:26:57.853+0000] {processor.py:208} INFO - Processing /home/airflow/.local/lib/python3.12/site-packages/airflow/example_dags/example_branch_python_dop_operator_3.py took 0.094 seconds
[2026-06-29T22:27:28.184+0000] {processor.py:186} INFO - Started process (PID=2449) to work on /home/airflow/.local/lib/python3.12/site-packages/airflow/example_dags/example_branch_python_dop_operator_3.py
[2026-06-29T22:27:28.186+0000] {processor.py:914} INFO - Processing file /home/airflow/.local/lib/python3.12/site-packages/airflow/example_dags/example_branch_python_dop_operator_3.py for tasks to queue
[2026-06-29T22:27:28.189+0000] {logging_mixin.py:190} INFO - [2026-06-29T22:27:28.188+0000] {dagbag.py:588} INFO - Filling up the DagBag from /home/airflow/.local/lib/python3.12/site-packages/airflow/example_dags/example_branch_python_dop_operator_3.py
[2026-06-29T22:27:28.201+0000] {processor.py:925} INFO - DAG(s) 'example_branch_dop_operator_v3' retrieved from /home/airflow/.local/lib/python3.12/site-packages/airflow/example_dags/example_branch_python_dop_operator_3.py
[2026-06-29T22:27:28.225+0000] {logging_mixin.py:190} INFO - [2026-06-29T22:27:28.225+0000] {dag.py:3239} INFO - Sync 1 DAGs
[2026-06-29T22:27:28.251+0000] {logging_mixin.py:190} INFO - [2026-06-29T22:27:28.251+0000] {dag.py:4180} INFO - Setting next_dagrun for example_branch_dop_operator_v3 to 2026-06-29 22:26:00+00:00, run_after=2026-06-29 22:27:00+00:00
[2026-06-29T22:27:28.272+0000] {processor.py:208} INFO - Processing /home/airflow/.local/lib/python3.12/site-packages/airflow/example_dags/example_branch_python_dop_operator_3.py took 0.094 seconds
[2026-06-29T22:27:59.390+0000] {processor.py:186} INFO - Started process (PID=2515) to work on /home/airflow/.local/lib/python3.12/site-packages/airflow/example_dags/example_branch_python_dop_operator_3.py
[2026-06-29T22:27:59.393+0000] {processor.py:914} INFO - Processing file /home/airflow/.local/lib/python3.12/site-packages/airflow/example_dags/example_branch_python_dop_operator_3.py for tasks to queue
[2026-06-29T22:27:59.396+0000] {logging_mixin.py:190} INFO - [2026-06-29T22:27:59.396+0000] {dagbag.py:588} INFO - Filling up the DagBag from /home/airflow/.local/lib/python3.12/site-packages/airflow/example_dags/example_branch_python_dop_operator_3.py
[2026-06-29T22:27:59.411+0000] {processor.py:925} INFO - DAG(s) 'example_branch_dop_operator_v3' retrieved from /home/airflow/.local/lib/python3.12/site-packages/airflow/example_dags/example_branch_python_dop_operator_3.py
[2026-06-29T22:27:59.440+0000] {logging_mixin.py:190} INFO - [2026-06-29T22:27:59.439+0000] {dag.py:3239} INFO - Sync 1 DAGs
[2026-06-29T22:27:59.472+0000] {logging_mixin.py:190} INFO - [2026-06-29T22:27:59.472+0000] {dag.py:4180} INFO - Setting next_dagrun for example_branch_dop_operator_v3 to 2026-06-29 22:26:00+00:00, run_after=2026-06-29 22:27:00+00:00
[2026-06-29T22:27:59.497+0000] {processor.py:208} INFO - Processing /home/airflow/.local/lib/python3.12/site-packages/airflow/example_dags/example_branch_python_dop_operator_3.py took 0.118 seconds
[2026-06-29T22:28:31.876+0000] {processor.py:186} INFO - Started process (PID=2581) to work on /home/airflow/.local/lib/python3.12/site-packages/airflow/example_dags/example_branch_python_dop_operator_3.py
[2026-06-29T22:28:31.879+0000] {processor.py:914} INFO - Processing file /home/airflow/.local/lib/python3.12/site-packages/airflow/example_dags/example_branch_python_dop_operator_3.py for tasks to queue
[2026-06-29T22:28:31.888+0000] {logging_mixin.py:190} INFO - [2026-06-29T22:28:31.886+0000] {dagbag.py:588} INFO - Filling up the DagBag from /home/airflow/.local/lib/python3.12/site-packages/airflow/example_dags/example_branch_python_dop_operator_3.py
[2026-06-29T22:28:31.916+0000] {processor.py:925} INFO - DAG(s) 'example_branch_dop_operator_v3' retrieved from /home/airflow/.local/lib/python3.12/site-packages/airflow/example_dags/example_branch_python_dop_operator_3.py
[2026-06-29T22:28:31.971+0000] {logging_mixin.py:190} INFO - [2026-06-29T22:28:31.971+0000] {dag.py:3239} INFO - Sync 1 DAGs
[2026-06-29T22:28:32.042+0000] {logging_mixin.py:190} INFO - [2026-06-29T22:28:32.041+0000] {dag.py:4180} INFO - Setting next_dagrun for example_branch_dop_operator_v3 to 2026-06-29 22:27:00+00:00, run_after=2026-06-29 22:28:00+00:00
[2026-06-29T22:28:32.093+0000] {processor.py:208} INFO - Processing /home/airflow/.local/lib/python3.12/site-packages/airflow/example_dags/example_branch_python_dop_operator_3.py took 0.232 seconds
[2026-06-29T22:29:03.659+0000] {processor.py:186} INFO - Started process (PID=2646) to work on /home/airflow/.local/lib/python3.12/site-packages/airflow/example_dags/example_branch_python_dop_operator_3.py
[2026-06-29T22:29:03.661+0000] {processor.py:914} INFO - Processing file /home/airflow/.local/lib/python3.12/site-packages/airflow/example_dags/example_branch_python_dop_operator_3.py for tasks to queue
[2026-06-29T22:29:03.665+0000] {logging_mixin.py:190} INFO - [2026-06-29T22:29:03.665+0000] {dagbag.py:588} INFO - Filling up the DagBag from /home/airflow/.local/lib/python3.12/site-packages/airflow/example_dags/example_branch_python_dop_operator_3.py
[2026-06-29T22:29:03.681+0000] {processor.py:925} INFO - DAG(s) 'example_branch_dop_operator_v3' retrieved from /home/airflow/.local/lib/python3.12/site-packages/airflow/example_dags/example_branch_python_dop_operator_3.py
[2026-06-29T22:29:03.717+0000] {logging_mixin.py:190} INFO - [2026-06-29T22:29:03.717+0000] {dag.py:3239} INFO - Sync 1 DAGs
[2026-06-29T22:29:03.752+0000] {logging_mixin.py:190} INFO - [2026-06-29T22:29:03.752+0000] {dag.py:4180} INFO - Setting next_dagrun for example_branch_dop_operator_v3 to 2026-06-29 22:28:00+00:00, run_after=2026-06-29 22:29:00+00:00
[2026-06-29T22:29:03.787+0000] {processor.py:208} INFO - Processing /home/airflow/.local/lib/python3.12/site-packages/airflow/example_dags/example_branch_python_dop_operator_3.py took 0.137 seconds
[2026-06-29T22:29:34.062+0000] {processor.py:186} INFO - Started process (PID=2709) to work on /home/airflow/.local/lib/python3.12/site-packages/airflow/example_dags/example_branch_python_dop_operator_3.py
[2026-06-29T22:29:34.066+0000] {processor.py:914} INFO - Processing file /home/airflow/.local/lib/python3.12/site-packages/airflow/example_dags/example_branch_python_dop_operator_3.py for tasks to queue
[2026-06-29T22:29:34.077+0000] {logging_mixin.py:190} INFO - [2026-06-29T22:29:34.075+0000] {dagbag.py:588} INFO - Filling up the DagBag from /home/airflow/.local/lib/python3.12/site-packages/airflow/example_dags/example_branch_python_dop_operator_3.py
[2026-06-29T22:29:34.119+0000] {processor.py:925} INFO - DAG(s) 'example_branch_dop_operator_v3' retrieved from /home/airflow/.local/lib/python3.12/site-packages/airflow/example_dags/example_branch_python_dop_operator_3.py
[2026-06-29T22:29:34.194+0000] {logging_mixin.py:190} INFO - [2026-06-29T22:29:34.193+0000] {dag.py:3239} INFO - Sync 1 DAGs
[2026-06-29T22:29:34.266+0000] {logging_mixin.py:190} INFO - [2026-06-29T22:29:34.265+0000] {dag.py:4180} INFO - Setting next_dagrun for example_branch_dop_operator_v3 to 2026-06-29 22:28:00+00:00, run_after=2026-06-29 22:29:00+00:00
[2026-06-29T22:29:34.315+0000] {processor.py:208} INFO - Processing /home/airflow/.local/lib/python3.12/site-packages/airflow/example_dags/example_branch_python_dop_operator_3.py took 0.275 seconds
[2026-06-29T22:30:04.950+0000] {processor.py:186} INFO - Started process (PID=2773) to work on /home/airflow/.local/lib/python3.12/site-packages/airflow/example_dags/example_branch_python_dop_operator_3.py
[2026-06-29T22:30:04.952+0000] {processor.py:914} INFO - Processing file /home/airflow/.local/lib/python3.12/site-packages/airflow/example_dags/example_branch_python_dop_operator_3.py for tasks to queue
[2026-06-29T22:30:04.959+0000] {logging_mixin.py:190} INFO - [2026-06-29T22:30:04.958+0000] {dagbag.py:588} INFO - Filling up the DagBag from /home/airflow/.local/lib/python3.12/site-packages/airflow/example_dags/example_branch_python_dop_operator_3.py
[2026-06-29T22:30:04.978+0000] {processor.py:925} INFO - DAG(s) 'example_branch_dop_operator_v3' retrieved from /home/airflow/.local/lib/python3.12/site-packages/airflow/example_dags/example_branch_python_dop_operator_3.py
[2026-06-29T22:30:05.021+0000] {logging_mixin.py:190} INFO - [2026-06-29T22:30:05.020+0000] {dag.py:3239} INFO - Sync 1 DAGs
[2026-06-29T22:30:05.070+0000] {logging_mixin.py:190} INFO - [2026-06-29T22:30:05.070+0000] {dag.py:4180} INFO - Setting next_dagrun for example_branch_dop_operator_v3 to 2026-06-29 22:29:00+00:00, run_after=2026-06-29 22:30:00+00:00
[2026-06-29T22:30:05.116+0000] {processor.py:208} INFO - Processing /home/airflow/.local/lib/python3.12/site-packages/airflow/example_dags/example_branch_python_dop_operator_3.py took 0.175 seconds
[2026-06-29T22:30:35.839+0000] {processor.py:186} INFO - Started process (PID=2837) to work on /home/airflow/.local/lib/python3.12/site-packages/airflow/example_dags/example_branch_python_dop_operator_3.py
[2026-06-29T22:30:35.854+0000] {processor.py:914} INFO - Processing file /home/airflow/.local/lib/python3.12/site-packages/airflow/example_dags/example_branch_python_dop_operator_3.py for tasks to queue
[2026-06-29T22:30:35.876+0000] {logging_mixin.py:190} INFO - [2026-06-29T22:30:35.874+0000] {dagbag.py:588} INFO - Filling up the DagBag from /home/airflow/.local/lib/python3.12/site-packages/airflow/example_dags/example_branch_python_dop_operator_3.py
[2026-06-29T22:30:35.967+0000] {processor.py:925} INFO - DAG(s) 'example_branch_dop_operator_v3' retrieved from /home/airflow/.local/lib/python3.12/site-packages/airflow/example_dags/example_branch_python_dop_operator_3.py
[2026-06-29T22:30:36.089+0000] {logging_mixin.py:190} INFO - [2026-06-29T22:30:36.088+0000] {dag.py:3239} INFO - Sync 1 DAGs
[2026-06-29T22:30:36.236+0000] {logging_mixin.py:190} INFO - [2026-06-29T22:30:36.235+0000] {dag.py:4180} INFO - Setting next_dagrun for example_branch_dop_operator_v3 to 2026-06-29 22:29:00+00:00, run_after=2026-06-29 22:30:00+00:00
[2026-06-29T22:30:36.406+0000] {processor.py:208} INFO - Processing /home/airflow/.local/lib/python3.12/site-packages/airflow/example_dags/example_branch_python_dop_operator_3.py took 0.616 seconds
[2026-06-29T22:31:07.136+0000] {processor.py:186} INFO - Started process (PID=2900) to work on /home/airflow/.local/lib/python3.12/site-packages/airflow/example_dags/example_branch_python_dop_operator_3.py
[2026-06-29T22:31:07.138+0000] {processor.py:914} INFO - Processing file /home/airflow/.local/lib/python3.12/site-packages/airflow/example_dags/example_branch_python_dop_operator_3.py for tasks to queue
[2026-06-29T22:31:07.141+0000] {logging_mixin.py:190} INFO - [2026-06-29T22:31:07.141+0000] {dagbag.py:588} INFO - Filling up the DagBag from /home/airflow/.local/lib/python3.12/site-packages/airflow/example_dags/example_branch_python_dop_operator_3.py
[2026-06-29T22:31:07.157+0000] {processor.py:925} INFO - DAG(s) 'example_branch_dop_operator_v3' retrieved from /home/airflow/.local/lib/python3.12/site-packages/airflow/example_dags/example_branch_python_dop_operator_3.py
[2026-06-29T22:31:07.185+0000] {logging_mixin.py:190} INFO - [2026-06-29T22:31:07.185+0000] {dag.py:3239} INFO - Sync 1 DAGs
[2026-06-29T22:31:07.215+0000] {logging_mixin.py:190} INFO - [2026-06-29T22:31:07.215+0000] {dag.py:4180} INFO - Setting next_dagrun for example_branch_dop_operator_v3 to 2026-06-29 22:30:00+00:00, run_after=2026-06-29 22:31:00+00:00
[2026-06-29T22:31:07.241+0000] {processor.py:208} INFO - Processing /home/airflow/.local/lib/python3.12/site-packages/airflow/example_dags/example_branch_python_dop_operator_3.py took 0.117 seconds
[2026-06-29T22:31:37.516+0000] {processor.py:186} INFO - Started process (PID=2971) to work on /home/airflow/.local/lib/python3.12/site-packages/airflow/example_dags/example_branch_python_dop_operator_3.py
[2026-06-29T22:31:37.521+0000] {processor.py:914} INFO - Processing file /home/airflow/.local/lib/python3.12/site-packages/airflow/example_dags/example_branch_python_dop_operator_3.py for tasks to queue
[2026-06-29T22:31:37.530+0000] {logging_mixin.py:190} INFO - [2026-06-29T22:31:37.529+0000] {dagbag.py:588} INFO - Filling up the DagBag from /home/airflow/.local/lib/python3.12/site-packages/airflow/example_dags/example_branch_python_dop_operator_3.py
[2026-06-29T22:31:37.555+0000] {processor.py:925} INFO - DAG(s) 'example_branch_dop_operator_v3' retrieved from /home/airflow/.local/lib/python3.12/site-packages/airflow/example_dags/example_branch_python_dop_operator_3.py
[2026-06-29T22:31:37.608+0000] {logging_mixin.py:190} INFO - [2026-06-29T22:31:37.608+0000] {dag.py:3239} INFO - Sync 1 DAGs
[2026-06-29T22:31:37.672+0000] {logging_mixin.py:190} INFO - [2026-06-29T22:31:37.671+0000] {dag.py:4180} INFO - Setting next_dagrun for example_branch_dop_operator_v3 to 2026-06-29 22:30:00+00:00, run_after=2026-06-29 22:31:00+00:00
[2026-06-29T22:31:37.717+0000] {processor.py:208} INFO - Processing /home/airflow/.local/lib/python3.12/site-packages/airflow/example_dags/example_branch_python_dop_operator_3.py took 0.218 seconds
[2026-06-29T22:32:07.923+0000] {processor.py:186} INFO - Started process (PID=3089) to work on /home/airflow/.local/lib/python3.12/site-packages/airflow/example_dags/example_branch_python_dop_operator_3.py
[2026-06-29T22:32:07.926+0000] {processor.py:914} INFO - Processing file /home/airflow/.local/lib/python3.12/site-packages/airflow/example_dags/example_branch_python_dop_operator_3.py for tasks to queue
[2026-06-29T22:32:07.934+0000] {logging_mixin.py:190} INFO - [2026-06-29T22:32:07.933+0000] {dagbag.py:588} INFO - Filling up the DagBag from /home/airflow/.local/lib/python3.12/site-packages/airflow/example_dags/example_branch_python_dop_operator_3.py
[2026-06-29T22:32:07.974+0000] {processor.py:925} INFO - DAG(s) 'example_branch_dop_operator_v3' retrieved from /home/airflow/.local/lib/python3.12/site-packages/airflow/example_dags/example_branch_python_dop_operator_3.py
[2026-06-29T22:32:08.058+0000] {logging_mixin.py:190} INFO - [2026-06-29T22:32:08.057+0000] {dag.py:3239} INFO - Sync 1 DAGs
[2026-06-29T22:32:08.148+0000] {logging_mixin.py:190} INFO - [2026-06-29T22:32:08.147+0000] {dag.py:4180} INFO - Setting next_dagrun for example_branch_dop_operator_v3 to 2026-06-29 22:31:00+00:00, run_after=2026-06-29 22:32:00+00:00
[2026-06-29T22:32:08.234+0000] {processor.py:208} INFO - Processing /home/airflow/.local/lib/python3.12/site-packages/airflow/example_dags/example_branch_python_dop_operator_3.py took 0.329 seconds
[2026-06-29T22:32:38.635+0000] {processor.py:186} INFO - Started process (PID=3194) to work on /home/airflow/.local/lib/python3.12/site-packages/airflow/example_dags/example_branch_python_dop_operator_3.py
[2026-06-29T22:32:38.637+0000] {processor.py:914} INFO - Processing file /home/airflow/.local/lib/python3.12/site-packages/airflow/example_dags/example_branch_python_dop_operator_3.py for tasks to queue
[2026-06-29T22:32:38.644+0000] {logging_mixin.py:190} INFO - [2026-06-29T22:32:38.644+0000] {dagbag.py:588} INFO - Filling up the DagBag from /home/airflow/.local/lib/python3.12/site-packages/airflow/example_dags/example_branch_python_dop_operator_3.py
[2026-06-29T22:32:38.683+0000] {processor.py:925} INFO - DAG(s) 'example_branch_dop_operator_v3' retrieved from /home/airflow/.local/lib/python3.12/site-packages/airflow/example_dags/example_branch_python_dop_operator_3.py
[2026-06-29T22:32:38.783+0000] {logging_mixin.py:190} INFO - [2026-06-29T22:32:38.783+0000] {dag.py:3239} INFO - Sync 1 DAGs
[2026-06-29T22:32:38.885+0000] {logging_mixin.py:190} INFO - [2026-06-29T22:32:38.884+0000] {dag.py:4180} INFO - Setting next_dagrun for example_branch_dop_operator_v3 to 2026-06-29 22:31:00+00:00, run_after=2026-06-29 22:32:00+00:00
[2026-06-29T22:32:38.945+0000] {processor.py:208} INFO - Processing /home/airflow/.local/lib/python3.12/site-packages/airflow/example_dags/example_branch_python_dop_operator_3.py took 0.324 seconds
[2026-06-29T22:33:09.868+0000] {processor.py:186} INFO - Started process (PID=3269) to work on /home/airflow/.local/lib/python3.12/site-packages/airflow/example_dags/example_branch_python_dop_operator_3.py
[2026-06-29T22:33:09.869+0000] {processor.py:914} INFO - Processing file /home/airflow/.local/lib/python3.12/site-packages/airflow/example_dags/example_branch_python_dop_operator_3.py for tasks to queue
[2026-06-29T22:33:09.874+0000] {logging_mixin.py:190} INFO - [2026-06-29T22:33:09.873+0000] {dagbag.py:588} INFO - Filling up the DagBag from /home/airflow/.local/lib/python3.12/site-packages/airflow/example_dags/example_branch_python_dop_operator_3.py
[2026-06-29T22:33:09.888+0000] {processor.py:925} INFO - DAG(s) 'example_branch_dop_operator_v3' retrieved from /home/airflow/.local/lib/python3.12/site-packages/airflow/example_dags/example_branch_python_dop_operator_3.py
[2026-06-29T22:33:09.921+0000] {logging_mixin.py:190} INFO - [2026-06-29T22:33:09.921+0000] {dag.py:3239} INFO - Sync 1 DAGs
[2026-06-29T22:33:09.952+0000] {logging_mixin.py:190} INFO - [2026-06-29T22:33:09.952+0000] {dag.py:4180} INFO - Setting next_dagrun for example_branch_dop_operator_v3 to 2026-06-29 22:32:00+00:00, run_after=2026-06-29 22:33:00+00:00
[2026-06-29T22:33:09.984+0000] {processor.py:208} INFO - Processing /home/airflow/.local/lib/python3.12/site-packages/airflow/example_dags/example_branch_python_dop_operator_3.py took 0.131 seconds
[2026-06-29T22:33:40.902+0000] {processor.py:186} INFO - Started process (PID=3333) to work on /home/airflow/.local/lib/python3.12/site-packages/airflow/example_dags/example_branch_python_dop_operator_3.py
[2026-06-29T22:33:40.906+0000] {processor.py:914} INFO - Processing file /home/airflow/.local/lib/python3.12/site-packages/airflow/example_dags/example_branch_python_dop_operator_3.py for tasks to queue
[2026-06-29T22:33:40.911+0000] {logging_mixin.py:190} INFO - [2026-06-29T22:33:40.910+0000] {dagbag.py:588} INFO - Filling up the DagBag from /home/airflow/.local/lib/python3.12/site-packages/airflow/example_dags/example_branch_python_dop_operator_3.py
[2026-06-29T22:33:40.935+0000] {processor.py:925} INFO - DAG(s) 'example_branch_dop_operator_v3' retrieved from /home/airflow/.local/lib/python3.12/site-packages/airflow/example_dags/example_branch_python_dop_operator_3.py
[2026-06-29T22:33:40.985+0000] {logging_mixin.py:190} INFO - [2026-06-29T22:33:40.984+0000] {dag.py:3239} INFO - Sync 1 DAGs
[2026-06-29T22:33:41.101+0000] {logging_mixin.py:190} INFO - [2026-06-29T22:33:41.101+0000] {dag.py:4180} INFO - Setting next_dagrun for example_branch_dop_operator_v3 to 2026-06-29 22:32:00+00:00, run_after=2026-06-29 22:33:00+00:00
[2026-06-29T22:33:41.152+0000] {processor.py:208} INFO - Processing /home/airflow/.local/lib/python3.12/site-packages/airflow/example_dags/example_branch_python_dop_operator_3.py took 0.273 seconds
[2026-06-29T22:34:11.414+0000] {processor.py:186} INFO - Started process (PID=3397) to work on /home/airflow/.local/lib/python3.12/site-packages/airflow/example_dags/example_branch_python_dop_operator_3.py
[2026-06-29T22:34:11.416+0000] {processor.py:914} INFO - Processing file /home/airflow/.local/lib/python3.12/site-packages/airflow/example_dags/example_branch_python_dop_operator_3.py for tasks to queue
[2026-06-29T22:34:11.421+0000] {logging_mixin.py:190} INFO - [2026-06-29T22:34:11.420+0000] {dagbag.py:588} INFO - Filling up the DagBag from /home/airflow/.local/lib/python3.12/site-packages/airflow/example_dags/example_branch_python_dop_operator_3.py
[2026-06-29T22:34:11.432+0000] {processor.py:925} INFO - DAG(s) 'example_branch_dop_operator_v3' retrieved from /home/airflow/.local/lib/python3.12/site-packages/airflow/example_dags/example_branch_python_dop_operator_3.py
[2026-06-29T22:34:11.455+0000] {logging_mixin.py:190} INFO - [2026-06-29T22:34:11.455+0000] {dag.py:3239} INFO - Sync 1 DAGs
[2026-06-29T22:34:11.484+0000] {logging_mixin.py:190} INFO - [2026-06-29T22:34:11.484+0000] {dag.py:4180} INFO - Setting next_dagrun for example_branch_dop_operator_v3 to 2026-06-29 22:33:00+00:00, run_after=2026-06-29 22:34:00+00:00
[2026-06-29T22:34:11.507+0000] {processor.py:208} INFO - Processing /home/airflow/.local/lib/python3.12/site-packages/airflow/example_dags/example_branch_python_dop_operator_3.py took 0.102 seconds
[2026-06-29T22:34:43.264+0000] {processor.py:186} INFO - Started process (PID=3461) to work on /home/airflow/.local/lib/python3.12/site-packages/airflow/example_dags/example_branch_python_dop_operator_3.py
[2026-06-29T22:34:43.267+0000] {processor.py:914} INFO - Processing file /home/airflow/.local/lib/python3.12/site-packages/airflow/example_dags/example_branch_python_dop_operator_3.py for tasks to queue
[2026-06-29T22:34:43.273+0000] {logging_mixin.py:190} INFO - [2026-06-29T22:34:43.272+0000] {dagbag.py:588} INFO - Filling up the DagBag from /home/airflow/.local/lib/python3.12/site-packages/airflow/example_dags/example_branch_python_dop_operator_3.py
[2026-06-29T22:34:43.296+0000] {processor.py:925} INFO - DAG(s) 'example_branch_dop_operator_v3' retrieved from /home/airflow/.local/lib/python3.12/site-packages/airflow/example_dags/example_branch_python_dop_operator_3.py
[2026-06-29T22:34:43.358+0000] {logging_mixin.py:190} INFO - [2026-06-29T22:34:43.358+0000] {dag.py:3239} INFO - Sync 1 DAGs
[2026-06-29T22:34:43.417+0000] {logging_mixin.py:190} INFO - [2026-06-29T22:34:43.417+0000] {dag.py:4180} INFO - Setting next_dagrun for example_branch_dop_operator_v3 to 2026-06-29 22:33:00+00:00, run_after=2026-06-29 22:34:00+00:00
[2026-06-29T22:34:43.478+0000] {processor.py:208} INFO - Processing /home/airflow/.local/lib/python3.12/site-packages/airflow/example_dags/example_branch_python_dop_operator_3.py took 0.230 seconds
[2026-06-29T22:35:14.495+0000] {processor.py:186} INFO - Started process (PID=3534) to work on /home/airflow/.local/lib/python3.12/site-packages/airflow/example_dags/example_branch_python_dop_operator_3.py
[2026-06-29T22:35:14.497+0000] {processor.py:914} INFO - Processing file /home/airflow/.local/lib/python3.12/site-packages/airflow/example_dags/example_branch_python_dop_operator_3.py for tasks to queue
[2026-06-29T22:35:14.501+0000] {logging_mixin.py:190} INFO - [2026-06-29T22:35:14.500+0000] {dagbag.py:588} INFO - Filling up the DagBag from /home/airflow/.local/lib/python3.12/site-packages/airflow/example_dags/example_branch_python_dop_operator_3.py
[2026-06-29T22:35:14.513+0000] {processor.py:925} INFO - DAG(s) 'example_branch_dop_operator_v3' retrieved from /home/airflow/.local/lib/python3.12/site-packages/airflow/example_dags/example_branch_python_dop_operator_3.py
[2026-06-29T22:35:14.536+0000] {logging_mixin.py:190} INFO - [2026-06-29T22:35:14.536+0000] {dag.py:3239} INFO - Sync 1 DAGs
[2026-06-29T22:35:14.563+0000] {logging_mixin.py:190} INFO - [2026-06-29T22:35:14.562+0000] {dag.py:4180} INFO - Setting next_dagrun for example_branch_dop_operator_v3 to 2026-06-29 22:34:00+00:00, run_after=2026-06-29 22:35:00+00:00
[2026-06-29T22:35:14.584+0000] {processor.py:208} INFO - Processing /home/airflow/.local/lib/python3.12/site-packages/airflow/example_dags/example_branch_python_dop_operator_3.py took 0.099 seconds
[2026-06-29T22:35:45.384+0000] {processor.py:186} INFO - Started process (PID=3597) to work on /home/airflow/.local/lib/python3.12/site-packages/airflow/example_dags/example_branch_python_dop_operator_3.py
[2026-06-29T22:35:45.386+0000] {processor.py:914} INFO - Processing file /home/airflow/.local/lib/python3.12/site-packages/airflow/example_dags/example_branch_python_dop_operator_3.py for tasks to queue
[2026-06-29T22:35:45.389+0000] {logging_mixin.py:190} INFO - [2026-06-29T22:35:45.388+0000] {dagbag.py:588} INFO - Filling up the DagBag from /home/airflow/.local/lib/python3.12/site-packages/airflow/example_dags/example_branch_python_dop_operator_3.py
[2026-06-29T22:35:45.400+0000] {processor.py:925} INFO - DAG(s) 'example_branch_dop_operator_v3' retrieved from /home/airflow/.local/lib/python3.12/site-packages/airflow/example_dags/example_branch_python_dop_operator_3.py
[2026-06-29T22:35:45.423+0000] {logging_mixin.py:190} INFO - [2026-06-29T22:35:45.423+0000] {dag.py:3239} INFO - Sync 1 DAGs
[2026-06-29T22:35:45.454+0000] {logging_mixin.py:190} INFO - [2026-06-29T22:35:45.454+0000] {dag.py:4180} INFO - Setting next_dagrun for example_branch_dop_operator_v3 to 2026-06-29 22:34:00+00:00, run_after=2026-06-29 22:35:00+00:00
[2026-06-29T22:35:45.478+0000] {processor.py:208} INFO - Processing /home/airflow/.local/lib/python3.12/site-packages/airflow/example_dags/example_branch_python_dop_operator_3.py took 0.103 seconds
[2026-06-29T22:36:15.990+0000] {processor.py:186} INFO - Started process (PID=3661) to work on /home/airflow/.local/lib/python3.12/site-packages/airflow/example_dags/example_branch_python_dop_operator_3.py
[2026-06-29T22:36:15.992+0000] {processor.py:914} INFO - Processing file /home/airflow/.local/lib/python3.12/site-packages/airflow/example_dags/example_branch_python_dop_operator_3.py for tasks to queue
[2026-06-29T22:36:15.996+0000] {logging_mixin.py:190} INFO - [2026-06-29T22:36:15.996+0000] {dagbag.py:588} INFO - Filling up the DagBag from /home/airflow/.local/lib/python3.12/site-packages/airflow/example_dags/example_branch_python_dop_operator_3.py
[2026-06-29T22:36:16.011+0000] {processor.py:925} INFO - DAG(s) 'example_branch_dop_operator_v3' retrieved from /home/airflow/.local/lib/python3.12/site-packages/airflow/example_dags/example_branch_python_dop_operator_3.py
[2026-06-29T22:36:16.035+0000] {logging_mixin.py:190} INFO - [2026-06-29T22:36:16.035+0000] {dag.py:3239} INFO - Sync 1 DAGs
[2026-06-29T22:36:16.068+0000] {logging_mixin.py:190} INFO - [2026-06-29T22:36:16.068+0000] {dag.py:4180} INFO - Setting next_dagrun for example_branch_dop_operator_v3 to 2026-06-29 22:35:00+00:00, run_after=2026-06-29 22:36:00+00:00
[2026-06-29T22:36:16.091+0000] {processor.py:208} INFO - Processing /home/airflow/.local/lib/python3.12/site-packages/airflow/example_dags/example_branch_python_dop_operator_3.py took 0.120 seconds
[2026-06-29T22:36:47.029+0000] {processor.py:186} INFO - Started process (PID=3725) to work on /home/airflow/.local/lib/python3.12/site-packages/airflow/example_dags/example_branch_python_dop_operator_3.py
[2026-06-29T22:36:47.031+0000] {processor.py:914} INFO - Processing file /home/airflow/.local/lib/python3.12/site-packages/airflow/example_dags/example_branch_python_dop_operator_3.py for tasks to queue
[2026-06-29T22:36:47.034+0000] {logging_mixin.py:190} INFO - [2026-06-29T22:36:47.034+0000] {dagbag.py:588} INFO - Filling up the DagBag from /home/airflow/.local/lib/python3.12/site-packages/airflow/example_dags/example_branch_python_dop_operator_3.py
[2026-06-29T22:36:47.046+0000] {processor.py:925} INFO - DAG(s) 'example_branch_dop_operator_v3' retrieved from /home/airflow/.local/lib/python3.12/site-packages/airflow/example_dags/example_branch_python_dop_operator_3.py
[2026-06-29T22:36:47.069+0000] {logging_mixin.py:190} INFO - [2026-06-29T22:36:47.069+0000] {dag.py:3239} INFO - Sync 1 DAGs
[2026-06-29T22:36:47.096+0000] {logging_mixin.py:190} INFO - [2026-06-29T22:36:47.096+0000] {dag.py:4180} INFO - Setting next_dagrun for example_branch_dop_operator_v3 to 2026-06-29 22:35:00+00:00, run_after=2026-06-29 22:36:00+00:00
[2026-06-29T22:36:47.276+0000] {processor.py:208} INFO - Processing /home/airflow/.local/lib/python3.12/site-packages/airflow/example_dags/example_branch_python_dop_operator_3.py took 0.258 seconds
[2026-06-29T22:37:17.907+0000] {processor.py:186} INFO - Started process (PID=3789) to work on /home/airflow/.local/lib/python3.12/site-packages/airflow/example_dags/example_branch_python_dop_operator_3.py
[2026-06-29T22:37:17.910+0000] {processor.py:914} INFO - Processing file /home/airflow/.local/lib/python3.12/site-packages/airflow/example_dags/example_branch_python_dop_operator_3.py for tasks to queue
[2026-06-29T22:37:17.915+0000] {logging_mixin.py:190} INFO - [2026-06-29T22:37:17.914+0000] {dagbag.py:588} INFO - Filling up the DagBag from /home/airflow/.local/lib/python3.12/site-packages/airflow/example_dags/example_branch_python_dop_operator_3.py
[2026-06-29T22:37:17.941+0000] {processor.py:925} INFO - DAG(s) 'example_branch_dop_operator_v3' retrieved from /home/airflow/.local/lib/python3.12/site-packages/airflow/example_dags/example_branch_python_dop_operator_3.py
[2026-06-29T22:37:17.980+0000] {logging_mixin.py:190} INFO - [2026-06-29T22:37:17.980+0000] {dag.py:3239} INFO - Sync 1 DAGs
[2026-06-29T22:37:18.025+0000] {logging_mixin.py:190} INFO - [2026-06-29T22:37:18.024+0000] {dag.py:4180} INFO - Setting next_dagrun for example_branch_dop_operator_v3 to 2026-06-29 22:36:00+00:00, run_after=2026-06-29 22:37:00+00:00
[2026-06-29T22:37:18.291+0000] {processor.py:208} INFO - Processing /home/airflow/.local/lib/python3.12/site-packages/airflow/example_dags/example_branch_python_dop_operator_3.py took 0.402 seconds
[2026-06-29T22:37:48.576+0000] {processor.py:186} INFO - Started process (PID=3852) to work on /home/airflow/.local/lib/python3.12/site-packages/airflow/example_dags/example_branch_python_dop_operator_3.py
[2026-06-29T22:37:48.578+0000] {processor.py:914} INFO - Processing file /home/airflow/.local/lib/python3.12/site-packages/airflow/example_dags/example_branch_python_dop_operator_3.py for tasks to queue
[2026-06-29T22:37:48.583+0000] {logging_mixin.py:190} INFO - [2026-06-29T22:37:48.582+0000] {dagbag.py:588} INFO - Filling up the DagBag from /home/airflow/.local/lib/python3.12/site-packages/airflow/example_dags/example_branch_python_dop_operator_3.py
[2026-06-29T22:37:48.606+0000] {processor.py:925} INFO - DAG(s) 'example_branch_dop_operator_v3' retrieved from /home/airflow/.local/lib/python3.12/site-packages/airflow/example_dags/example_branch_python_dop_operator_3.py
[2026-06-29T22:37:48.650+0000] {logging_mixin.py:190} INFO - [2026-06-29T22:37:48.650+0000] {dag.py:3239} INFO - Sync 1 DAGs
[2026-06-29T22:37:48.710+0000] {logging_mixin.py:190} INFO - [2026-06-29T22:37:48.709+0000] {dag.py:4180} INFO - Setting next_dagrun for example_branch_dop_operator_v3 to 2026-06-29 22:36:00+00:00, run_after=2026-06-29 22:37:00+00:00
[2026-06-29T22:37:48.747+0000] {processor.py:208} INFO - Processing /home/airflow/.local/lib/python3.12/site-packages/airflow/example_dags/example_branch_python_dop_operator_3.py took 0.190 seconds
[2026-06-29T22:38:19.005+0000] {processor.py:186} INFO - Started process (PID=3916) to work on /home/airflow/.local/lib/python3.12/site-packages/airflow/example_dags/example_branch_python_dop_operator_3.py
[2026-06-29T22:38:19.007+0000] {processor.py:914} INFO - Processing file /home/airflow/.local/lib/python3.12/site-packages/airflow/example_dags/example_branch_python_dop_operator_3.py for tasks to queue
[2026-06-29T22:38:19.011+0000] {logging_mixin.py:190} INFO - [2026-06-29T22:38:19.011+0000] {dagbag.py:588} INFO - Filling up the DagBag from /home/airflow/.local/lib/python3.12/site-packages/airflow/example_dags/example_branch_python_dop_operator_3.py
[2026-06-29T22:38:19.024+0000] {processor.py:925} INFO - DAG(s) 'example_branch_dop_operator_v3' retrieved from /home/airflow/.local/lib/python3.12/site-packages/airflow/example_dags/example_branch_python_dop_operator_3.py
[2026-06-29T22:38:19.045+0000] {logging_mixin.py:190} INFO - [2026-06-29T22:38:19.045+0000] {dag.py:3239} INFO - Sync 1 DAGs
[2026-06-29T22:38:19.070+0000] {logging_mixin.py:190} INFO - [2026-06-29T22:38:19.070+0000] {dag.py:4180} INFO - Setting next_dagrun for example_branch_dop_operator_v3 to 2026-06-29 22:37:00+00:00, run_after=2026-06-29 22:38:00+00:00
[2026-06-29T22:38:19.090+0000] {processor.py:208} INFO - Processing /home/airflow/.local/lib/python3.12/site-packages/airflow/example_dags/example_branch_python_dop_operator_3.py took 0.094 seconds
[2026-06-29T22:38:49.974+0000] {processor.py:186} INFO - Started process (PID=3980) to work on /home/airflow/.local/lib/python3.12/site-packages/airflow/example_dags/example_branch_python_dop_operator_3.py
[2026-06-29T22:38:49.976+0000] {processor.py:914} INFO - Processing file /home/airflow/.local/lib/python3.12/site-packages/airflow/example_dags/example_branch_python_dop_operator_3.py for tasks to queue
[2026-06-29T22:38:49.978+0000] {logging_mixin.py:190} INFO - [2026-06-29T22:38:49.978+0000] {dagbag.py:588} INFO - Filling up the DagBag from /home/airflow/.local/lib/python3.12/site-packages/airflow/example_dags/example_branch_python_dop_operator_3.py
[2026-06-29T22:38:49.990+0000] {processor.py:925} INFO - DAG(s) 'example_branch_dop_operator_v3' retrieved from /home/airflow/.local/lib/python3.12/site-packages/airflow/example_dags/example_branch_python_dop_operator_3.py
[2026-06-29T22:38:50.012+0000] {logging_mixin.py:190} INFO - [2026-06-29T22:38:50.012+0000] {dag.py:3239} INFO - Sync 1 DAGs
[2026-06-29T22:38:50.038+0000] {logging_mixin.py:190} INFO - [2026-06-29T22:38:50.038+0000] {dag.py:4180} INFO - Setting next_dagrun for example_branch_dop_operator_v3 to 2026-06-29 22:37:00+00:00, run_after=2026-06-29 22:38:00+00:00
[2026-06-29T22:38:50.059+0000] {processor.py:208} INFO - Processing /home/airflow/.local/lib/python3.12/site-packages/airflow/example_dags/example_branch_python_dop_operator_3.py took 0.095 seconds
[2026-06-29T22:39:20.947+0000] {processor.py:186} INFO - Started process (PID=4044) to work on /home/airflow/.local/lib/python3.12/site-packages/airflow/example_dags/example_branch_python_dop_operator_3.py
[2026-06-29T22:39:20.949+0000] {processor.py:914} INFO - Processing file /home/airflow/.local/lib/python3.12/site-packages/airflow/example_dags/example_branch_python_dop_operator_3.py for tasks to queue
[2026-06-29T22:39:20.952+0000] {logging_mixin.py:190} INFO - [2026-06-29T22:39:20.952+0000] {dagbag.py:588} INFO - Filling up the DagBag from /home/airflow/.local/lib/python3.12/site-packages/airflow/example_dags/example_branch_python_dop_operator_3.py
[2026-06-29T22:39:20.964+0000] {processor.py:925} INFO - DAG(s) 'example_branch_dop_operator_v3' retrieved from /home/airflow/.local/lib/python3.12/site-packages/airflow/example_dags/example_branch_python_dop_operator_3.py
[2026-06-29T22:39:20.987+0000] {logging_mixin.py:190} INFO - [2026-06-29T22:39:20.987+0000] {dag.py:3239} INFO - Sync 1 DAGs
[2026-06-29T22:39:21.216+0000] {logging_mixin.py:190} INFO - [2026-06-29T22:39:21.216+0000] {dag.py:4180} INFO - Setting next_dagrun for example_branch_dop_operator_v3 to 2026-06-29 22:38:00+00:00, run_after=2026-06-29 22:39:00+00:00
[2026-06-29T22:39:21.245+0000] {processor.py:208} INFO - Processing /home/airflow/.local/lib/python3.12/site-packages/airflow/example_dags/example_branch_python_dop_operator_3.py took 0.310 seconds
[2026-06-29T22:39:54.383+0000] {processor.py:186} INFO - Started process (PID=4111) to work on /home/airflow/.local/lib/python3.12/site-packages/airflow/example_dags/example_branch_python_dop_operator_3.py
[2026-06-29T22:39:54.393+0000] {processor.py:914} INFO - Processing file /home/airflow/.local/lib/python3.12/site-packages/airflow/example_dags/example_branch_python_dop_operator_3.py for tasks to queue
[2026-06-29T22:39:54.402+0000] {logging_mixin.py:190} INFO - [2026-06-29T22:39:54.401+0000] {dagbag.py:588} INFO - Filling up the DagBag from /home/airflow/.local/lib/python3.12/site-packages/airflow/example_dags/example_branch_python_dop_operator_3.py
[2026-06-29T22:39:54.467+0000] {processor.py:925} INFO - DAG(s) 'example_branch_dop_operator_v3' retrieved from /home/airflow/.local/lib/python3.12/site-packages/airflow/example_dags/example_branch_python_dop_operator_3.py
[2026-06-29T22:39:54.552+0000] {logging_mixin.py:190} INFO - [2026-06-29T22:39:54.552+0000] {dag.py:3239} INFO - Sync 1 DAGs
[2026-06-29T22:39:55.080+0000] {logging_mixin.py:190} INFO - [2026-06-29T22:39:55.079+0000] {dag.py:4180} INFO - Setting next_dagrun for example_branch_dop_operator_v3 to 2026-06-29 22:38:00+00:00, run_after=2026-06-29 22:39:00+00:00
[2026-06-29T22:39:55.130+0000] {processor.py:208} INFO - Processing /home/airflow/.local/lib/python3.12/site-packages/airflow/example_dags/example_branch_python_dop_operator_3.py took 0.777 seconds
[2026-06-29T22:41:32.530+0000] {processor.py:186} INFO - Started process (PID=125) to work on /home/airflow/.local/lib/python3.12/site-packages/airflow/example_dags/example_branch_python_dop_operator_3.py
[2026-06-29T22:41:32.534+0000] {processor.py:914} INFO - Processing file /home/airflow/.local/lib/python3.12/site-packages/airflow/example_dags/example_branch_python_dop_operator_3.py for tasks to queue
[2026-06-29T22:41:32.540+0000] {logging_mixin.py:190} INFO - [2026-06-29T22:41:32.539+0000] {dagbag.py:588} INFO - Filling up the DagBag from /home/airflow/.local/lib/python3.12/site-packages/airflow/example_dags/example_branch_python_dop_operator_3.py
[2026-06-29T22:41:32.569+0000] {processor.py:925} INFO - DAG(s) 'example_branch_dop_operator_v3' retrieved from /home/airflow/.local/lib/python3.12/site-packages/airflow/example_dags/example_branch_python_dop_operator_3.py
[2026-06-29T22:41:32.619+0000] {logging_mixin.py:190} INFO - [2026-06-29T22:41:32.618+0000] {dag.py:3239} INFO - Sync 1 DAGs
[2026-06-29T22:41:32.697+0000] {logging_mixin.py:190} INFO - [2026-06-29T22:41:32.697+0000] {dag.py:4180} INFO - Setting next_dagrun for example_branch_dop_operator_v3 to 2026-06-29 22:40:00+00:00, run_after=2026-06-29 22:41:00+00:00
[2026-06-29T22:41:32.763+0000] {processor.py:208} INFO - Processing /home/airflow/.local/lib/python3.12/site-packages/airflow/example_dags/example_branch_python_dop_operator_3.py took 0.254 seconds
[2026-06-29T22:42:03.210+0000] {processor.py:186} INFO - Started process (PID=189) to work on /home/airflow/.local/lib/python3.12/site-packages/airflow/example_dags/example_branch_python_dop_operator_3.py
[2026-06-29T22:42:03.217+0000] {processor.py:914} INFO - Processing file /home/airflow/.local/lib/python3.12/site-packages/airflow/example_dags/example_branch_python_dop_operator_3.py for tasks to queue
[2026-06-29T22:42:03.224+0000] {logging_mixin.py:190} INFO - [2026-06-29T22:42:03.223+0000] {dagbag.py:588} INFO - Filling up the DagBag from /home/airflow/.local/lib/python3.12/site-packages/airflow/example_dags/example_branch_python_dop_operator_3.py
[2026-06-29T22:42:03.257+0000] {processor.py:925} INFO - DAG(s) 'example_branch_dop_operator_v3' retrieved from /home/airflow/.local/lib/python3.12/site-packages/airflow/example_dags/example_branch_python_dop_operator_3.py
[2026-06-29T22:42:03.310+0000] {logging_mixin.py:190} INFO - [2026-06-29T22:42:03.309+0000] {dag.py:3239} INFO - Sync 1 DAGs
[2026-06-29T22:42:03.380+0000] {logging_mixin.py:190} INFO - [2026-06-29T22:42:03.380+0000] {dag.py:4180} INFO - Setting next_dagrun for example_branch_dop_operator_v3 to 2026-06-29 22:41:00+00:00, run_after=2026-06-29 22:42:00+00:00
[2026-06-29T22:42:03.433+0000] {processor.py:208} INFO - Processing /home/airflow/.local/lib/python3.12/site-packages/airflow/example_dags/example_branch_python_dop_operator_3.py took 0.260 seconds
[2026-06-29T22:42:35.745+0000] {processor.py:186} INFO - Started process (PID=253) to work on /home/airflow/.local/lib/python3.12/site-packages/airflow/example_dags/example_branch_python_dop_operator_3.py
[2026-06-29T22:42:35.748+0000] {processor.py:914} INFO - Processing file /home/airflow/.local/lib/python3.12/site-packages/airflow/example_dags/example_branch_python_dop_operator_3.py for tasks to queue
[2026-06-29T22:42:35.753+0000] {logging_mixin.py:190} INFO - [2026-06-29T22:42:35.753+0000] {dagbag.py:588} INFO - Filling up the DagBag from /home/airflow/.local/lib/python3.12/site-packages/airflow/example_dags/example_branch_python_dop_operator_3.py
[2026-06-29T22:42:35.773+0000] {processor.py:925} INFO - DAG(s) 'example_branch_dop_operator_v3' retrieved from /home/airflow/.local/lib/python3.12/site-packages/airflow/example_dags/example_branch_python_dop_operator_3.py
[2026-06-29T22:42:35.820+0000] {logging_mixin.py:190} INFO - [2026-06-29T22:42:35.820+0000] {dag.py:3239} INFO - Sync 1 DAGs
[2026-06-29T22:42:35.888+0000] {logging_mixin.py:190} INFO - [2026-06-29T22:42:35.888+0000] {dag.py:4180} INFO - Setting next_dagrun for example_branch_dop_operator_v3 to 2026-06-29 22:41:00+00:00, run_after=2026-06-29 22:42:00+00:00
[2026-06-29T22:42:35.936+0000] {processor.py:208} INFO - Processing /home/airflow/.local/lib/python3.12/site-packages/airflow/example_dags/example_branch_python_dop_operator_3.py took 0.204 seconds
[2026-06-29T22:43:09.757+0000] {processor.py:186} INFO - Started process (PID=316) to work on /home/airflow/.local/lib/python3.12/site-packages/airflow/example_dags/example_branch_python_dop_operator_3.py
[2026-06-29T22:43:09.762+0000] {processor.py:914} INFO - Processing file /home/airflow/.local/lib/python3.12/site-packages/airflow/example_dags/example_branch_python_dop_operator_3.py for tasks to queue
[2026-06-29T22:43:09.771+0000] {logging_mixin.py:190} INFO - [2026-06-29T22:43:09.769+0000] {dagbag.py:588} INFO - Filling up the DagBag from /home/airflow/.local/lib/python3.12/site-packages/airflow/example_dags/example_branch_python_dop_operator_3.py
[2026-06-29T22:43:09.801+0000] {processor.py:925} INFO - DAG(s) 'example_branch_dop_operator_v3' retrieved from /home/airflow/.local/lib/python3.12/site-packages/airflow/example_dags/example_branch_python_dop_operator_3.py
[2026-06-29T22:43:09.869+0000] {logging_mixin.py:190} INFO - [2026-06-29T22:43:09.868+0000] {dag.py:3239} INFO - Sync 1 DAGs
[2026-06-29T22:43:10.034+0000] {logging_mixin.py:190} INFO - [2026-06-29T22:43:10.034+0000] {dag.py:4180} INFO - Setting next_dagrun for example_branch_dop_operator_v3 to 2026-06-29 22:42:00+00:00, run_after=2026-06-29 22:43:00+00:00
[2026-06-29T22:43:10.091+0000] {processor.py:208} INFO - Processing /home/airflow/.local/lib/python3.12/site-packages/airflow/example_dags/example_branch_python_dop_operator_3.py took 0.351 seconds
[2026-06-29T22:43:40.559+0000] {processor.py:186} INFO - Started process (PID=380) to work on /home/airflow/.local/lib/python3.12/site-packages/airflow/example_dags/example_branch_python_dop_operator_3.py
[2026-06-29T22:43:40.562+0000] {processor.py:914} INFO - Processing file /home/airflow/.local/lib/python3.12/site-packages/airflow/example_dags/example_branch_python_dop_operator_3.py for tasks to queue
[2026-06-29T22:43:40.571+0000] {logging_mixin.py:190} INFO - [2026-06-29T22:43:40.570+0000] {dagbag.py:588} INFO - Filling up the DagBag from /home/airflow/.local/lib/python3.12/site-packages/airflow/example_dags/example_branch_python_dop_operator_3.py
[2026-06-29T22:43:40.600+0000] {processor.py:925} INFO - DAG(s) 'example_branch_dop_operator_v3' retrieved from /home/airflow/.local/lib/python3.12/site-packages/airflow/example_dags/example_branch_python_dop_operator_3.py
[2026-06-29T22:43:40.665+0000] {logging_mixin.py:190} INFO - [2026-06-29T22:43:40.664+0000] {dag.py:3239} INFO - Sync 1 DAGs
[2026-06-29T22:43:40.742+0000] {logging_mixin.py:190} INFO - [2026-06-29T22:43:40.741+0000] {dag.py:4180} INFO - Setting next_dagrun for example_branch_dop_operator_v3 to 2026-06-29 22:42:00+00:00, run_after=2026-06-29 22:43:00+00:00
[2026-06-29T22:43:40.816+0000] {processor.py:208} INFO - Processing /home/airflow/.local/lib/python3.12/site-packages/airflow/example_dags/example_branch_python_dop_operator_3.py took 0.267 seconds
[2026-06-29T22:44:10.940+0000] {processor.py:186} INFO - Started process (PID=451) to work on /home/airflow/.local/lib/python3.12/site-packages/airflow/example_dags/example_branch_python_dop_operator_3.py
[2026-06-29T22:44:10.942+0000] {processor.py:914} INFO - Processing file /home/airflow/.local/lib/python3.12/site-packages/airflow/example_dags/example_branch_python_dop_operator_3.py for tasks to queue
[2026-06-29T22:44:10.945+0000] {logging_mixin.py:190} INFO - [2026-06-29T22:44:10.945+0000] {dagbag.py:588} INFO - Filling up the DagBag from /home/airflow/.local/lib/python3.12/site-packages/airflow/example_dags/example_branch_python_dop_operator_3.py
[2026-06-29T22:44:10.959+0000] {processor.py:925} INFO - DAG(s) 'example_branch_dop_operator_v3' retrieved from /home/airflow/.local/lib/python3.12/site-packages/airflow/example_dags/example_branch_python_dop_operator_3.py
[2026-06-29T22:44:10.983+0000] {logging_mixin.py:190} INFO - [2026-06-29T22:44:10.982+0000] {dag.py:3239} INFO - Sync 1 DAGs
[2026-06-29T22:44:11.012+0000] {logging_mixin.py:190} INFO - [2026-06-29T22:44:11.012+0000] {dag.py:4180} INFO - Setting next_dagrun for example_branch_dop_operator_v3 to 2026-06-29 22:43:00+00:00, run_after=2026-06-29 22:44:00+00:00
[2026-06-29T22:44:11.039+0000] {processor.py:208} INFO - Processing /home/airflow/.local/lib/python3.12/site-packages/airflow/example_dags/example_branch_python_dop_operator_3.py took 0.107 seconds
[2026-06-29T22:44:41.683+0000] {processor.py:186} INFO - Started process (PID=516) to work on /home/airflow/.local/lib/python3.12/site-packages/airflow/example_dags/example_branch_python_dop_operator_3.py
[2026-06-29T22:44:41.686+0000] {processor.py:914} INFO - Processing file /home/airflow/.local/lib/python3.12/site-packages/airflow/example_dags/example_branch_python_dop_operator_3.py for tasks to queue
[2026-06-29T22:44:41.695+0000] {logging_mixin.py:190} INFO - [2026-06-29T22:44:41.694+0000] {dagbag.py:588} INFO - Filling up the DagBag from /home/airflow/.local/lib/python3.12/site-packages/airflow/example_dags/example_branch_python_dop_operator_3.py
[2026-06-29T22:44:41.730+0000] {processor.py:925} INFO - DAG(s) 'example_branch_dop_operator_v3' retrieved from /home/airflow/.local/lib/python3.12/site-packages/airflow/example_dags/example_branch_python_dop_operator_3.py
[2026-06-29T22:44:41.778+0000] {logging_mixin.py:190} INFO - [2026-06-29T22:44:41.778+0000] {dag.py:3239} INFO - Sync 1 DAGs
[2026-06-29T22:44:41.833+0000] {logging_mixin.py:190} INFO - [2026-06-29T22:44:41.833+0000] {dag.py:4180} INFO - Setting next_dagrun for example_branch_dop_operator_v3 to 2026-06-29 22:43:00+00:00, run_after=2026-06-29 22:44:00+00:00
[2026-06-29T22:44:41.878+0000] {processor.py:208} INFO - Processing /home/airflow/.local/lib/python3.12/site-packages/airflow/example_dags/example_branch_python_dop_operator_3.py took 0.213 seconds
[2026-06-29T22:45:12.953+0000] {processor.py:186} INFO - Started process (PID=579) to work on /home/airflow/.local/lib/python3.12/site-packages/airflow/example_dags/example_branch_python_dop_operator_3.py
[2026-06-29T22:45:12.956+0000] {processor.py:914} INFO - Processing file /home/airflow/.local/lib/python3.12/site-packages/airflow/example_dags/example_branch_python_dop_operator_3.py for tasks to queue
[2026-06-29T22:45:12.962+0000] {logging_mixin.py:190} INFO - [2026-06-29T22:45:12.962+0000] {dagbag.py:588} INFO - Filling up the DagBag from /home/airflow/.local/lib/python3.12/site-packages/airflow/example_dags/example_branch_python_dop_operator_3.py
[2026-06-29T22:45:12.980+0000] {processor.py:925} INFO - DAG(s) 'example_branch_dop_operator_v3' retrieved from /home/airflow/.local/lib/python3.12/site-packages/airflow/example_dags/example_branch_python_dop_operator_3.py
[2026-06-29T22:45:13.016+0000] {logging_mixin.py:190} INFO - [2026-06-29T22:45:13.015+0000] {dag.py:3239} INFO - Sync 1 DAGs
[2026-06-29T22:45:13.061+0000] {logging_mixin.py:190} INFO - [2026-06-29T22:45:13.060+0000] {dag.py:4180} INFO - Setting next_dagrun for example_branch_dop_operator_v3 to 2026-06-29 22:44:00+00:00, run_after=2026-06-29 22:45:00+00:00
[2026-06-29T22:45:13.099+0000] {processor.py:208} INFO - Processing /home/airflow/.local/lib/python3.12/site-packages/airflow/example_dags/example_branch_python_dop_operator_3.py took 0.156 seconds
[2026-06-29T22:45:43.765+0000] {processor.py:186} INFO - Started process (PID=643) to work on /home/airflow/.local/lib/python3.12/site-packages/airflow/example_dags/example_branch_python_dop_operator_3.py
[2026-06-29T22:45:43.767+0000] {processor.py:914} INFO - Processing file /home/airflow/.local/lib/python3.12/site-packages/airflow/example_dags/example_branch_python_dop_operator_3.py for tasks to queue
[2026-06-29T22:45:43.774+0000] {logging_mixin.py:190} INFO - [2026-06-29T22:45:43.773+0000] {dagbag.py:588} INFO - Filling up the DagBag from /home/airflow/.local/lib/python3.12/site-packages/airflow/example_dags/example_branch_python_dop_operator_3.py
[2026-06-29T22:45:43.800+0000] {processor.py:925} INFO - DAG(s) 'example_branch_dop_operator_v3' retrieved from /home/airflow/.local/lib/python3.12/site-packages/airflow/example_dags/example_branch_python_dop_operator_3.py
[2026-06-29T22:45:43.846+0000] {logging_mixin.py:190} INFO - [2026-06-29T22:45:43.845+0000] {dag.py:3239} INFO - Sync 1 DAGs
[2026-06-29T22:45:43.894+0000] {logging_mixin.py:190} INFO - [2026-06-29T22:45:43.893+0000] {dag.py:4180} INFO - Setting next_dagrun for example_branch_dop_operator_v3 to 2026-06-29 22:44:00+00:00, run_after=2026-06-29 22:45:00+00:00
[2026-06-29T22:45:43.937+0000] {processor.py:208} INFO - Processing /home/airflow/.local/lib/python3.12/site-packages/airflow/example_dags/example_branch_python_dop_operator_3.py took 0.186 seconds
[2026-06-29T22:46:14.742+0000] {processor.py:186} INFO - Started process (PID=707) to work on /home/airflow/.local/lib/python3.12/site-packages/airflow/example_dags/example_branch_python_dop_operator_3.py
[2026-06-29T22:46:14.744+0000] {processor.py:914} INFO - Processing file /home/airflow/.local/lib/python3.12/site-packages/airflow/example_dags/example_branch_python_dop_operator_3.py for tasks to queue
[2026-06-29T22:46:14.748+0000] {logging_mixin.py:190} INFO - [2026-06-29T22:46:14.748+0000] {dagbag.py:588} INFO - Filling up the DagBag from /home/airflow/.local/lib/python3.12/site-packages/airflow/example_dags/example_branch_python_dop_operator_3.py
[2026-06-29T22:46:14.764+0000] {processor.py:925} INFO - DAG(s) 'example_branch_dop_operator_v3' retrieved from /home/airflow/.local/lib/python3.12/site-packages/airflow/example_dags/example_branch_python_dop_operator_3.py
[2026-06-29T22:46:14.799+0000] {logging_mixin.py:190} INFO - [2026-06-29T22:46:14.799+0000] {dag.py:3239} INFO - Sync 1 DAGs
[2026-06-29T22:46:14.841+0000] {logging_mixin.py:190} INFO - [2026-06-29T22:46:14.841+0000] {dag.py:4180} INFO - Setting next_dagrun for example_branch_dop_operator_v3 to 2026-06-29 22:45:00+00:00, run_after=2026-06-29 22:46:00+00:00
[2026-06-29T22:46:14.870+0000] {processor.py:208} INFO - Processing /home/airflow/.local/lib/python3.12/site-packages/airflow/example_dags/example_branch_python_dop_operator_3.py took 0.140 seconds
[2026-06-29T22:46:46.655+0000] {processor.py:186} INFO - Started process (PID=771) to work on /home/airflow/.local/lib/python3.12/site-packages/airflow/example_dags/example_branch_python_dop_operator_3.py
[2026-06-29T22:46:46.659+0000] {processor.py:914} INFO - Processing file /home/airflow/.local/lib/python3.12/site-packages/airflow/example_dags/example_branch_python_dop_operator_3.py for tasks to queue
[2026-06-29T22:46:46.670+0000] {logging_mixin.py:190} INFO - [2026-06-29T22:46:46.668+0000] {dagbag.py:588} INFO - Filling up the DagBag from /home/airflow/.local/lib/python3.12/site-packages/airflow/example_dags/example_branch_python_dop_operator_3.py
[2026-06-29T22:46:46.715+0000] {processor.py:925} INFO - DAG(s) 'example_branch_dop_operator_v3' retrieved from /home/airflow/.local/lib/python3.12/site-packages/airflow/example_dags/example_branch_python_dop_operator_3.py
[2026-06-29T22:46:46.782+0000] {logging_mixin.py:190} INFO - [2026-06-29T22:46:46.782+0000] {dag.py:3239} INFO - Sync 1 DAGs
[2026-06-29T22:46:46.872+0000] {logging_mixin.py:190} INFO - [2026-06-29T22:46:46.871+0000] {dag.py:4180} INFO - Setting next_dagrun for example_branch_dop_operator_v3 to 2026-06-29 22:45:00+00:00, run_after=2026-06-29 22:46:00+00:00
[2026-06-29T22:46:46.943+0000] {processor.py:208} INFO - Processing /home/airflow/.local/lib/python3.12/site-packages/airflow/example_dags/example_branch_python_dop_operator_3.py took 0.302 seconds
