[2026-06-29T21:56:55.610+0000] {processor.py:186} INFO - Started process (PID=85) to work on /home/airflow/.local/lib/python3.12/site-packages/airflow/example_dags/example_display_name.py
[2026-06-29T21:56:55.613+0000] {processor.py:914} INFO - Processing file /home/airflow/.local/lib/python3.12/site-packages/airflow/example_dags/example_display_name.py for tasks to queue
[2026-06-29T21:56:55.620+0000] {logging_mixin.py:190} INFO - [2026-06-29T21:56:55.619+0000] {dagbag.py:588} INFO - Filling up the DagBag from /home/airflow/.local/lib/python3.12/site-packages/airflow/example_dags/example_display_name.py
[2026-06-29T21:56:55.636+0000] {processor.py:925} INFO - DAG(s) 'example_display_name' retrieved from /home/airflow/.local/lib/python3.12/site-packages/airflow/example_dags/example_display_name.py
[2026-06-29T21:56:52.075+0000] {logging_mixin.py:190} INFO - [2026-06-29T21:56:52.074+0000] {override.py:1912} INFO - Created Permission View: can edit on DAG:example_display_name
[2026-06-29T21:56:52.096+0000] {logging_mixin.py:190} INFO - [2026-06-29T21:56:52.095+0000] {override.py:1912} INFO - Created Permission View: can read on DAG:example_display_name
[2026-06-29T21:56:52.108+0000] {logging_mixin.py:190} INFO - [2026-06-29T21:56:52.108+0000] {override.py:1912} INFO - Created Permission View: can delete on DAG:example_display_name
[2026-06-29T21:56:52.126+0000] {logging_mixin.py:190} INFO - [2026-06-29T21:56:52.125+0000] {override.py:1912} INFO - Created Permission View: can create on DAG Run:example_display_name
[2026-06-29T21:56:52.140+0000] {logging_mixin.py:190} INFO - [2026-06-29T21:56:52.140+0000] {override.py:1912} INFO - Created Permission View: can read on DAG Run:example_display_name
[2026-06-29T21:56:52.154+0000] {logging_mixin.py:190} INFO - [2026-06-29T21:56:52.154+0000] {override.py:1912} INFO - Created Permission View: can delete on DAG Run:example_display_name
[2026-06-29T21:56:52.169+0000] {logging_mixin.py:190} INFO - [2026-06-29T21:56:52.169+0000] {override.py:1912} INFO - Created Permission View: menu access on DAG Run:example_display_name
[2026-06-29T21:56:52.171+0000] {logging_mixin.py:190} INFO - [2026-06-29T21:56:52.170+0000] {dag.py:3239} INFO - Sync 1 DAGs
[2026-06-29T21:56:52.196+0000] {logging_mixin.py:190} INFO - [2026-06-29T21:56:52.195+0000] {dag.py:3262} INFO - Creating ORM DAG for example_display_name
[2026-06-29T21:56:52.198+0000] {logging_mixin.py:190} INFO - [2026-06-29T21:56:52.197+0000] {dag.py:4180} INFO - Setting next_dagrun for example_display_name to None, run_after=None
[2026-06-29T21:56:52.219+0000] {processor.py:208} INFO - Processing /home/airflow/.local/lib/python3.12/site-packages/airflow/example_dags/example_display_name.py took 0.340 seconds
[2026-06-29T21:59:04.641+0000] {processor.py:186} INFO - Started process (PID=85) to work on /home/airflow/.local/lib/python3.12/site-packages/airflow/example_dags/example_display_name.py
[2026-06-29T21:59:04.649+0000] {processor.py:914} INFO - Processing file /home/airflow/.local/lib/python3.12/site-packages/airflow/example_dags/example_display_name.py for tasks to queue
[2026-06-29T21:59:04.671+0000] {logging_mixin.py:190} INFO - [2026-06-29T21:59:04.668+0000] {dagbag.py:588} INFO - Filling up the DagBag from /home/airflow/.local/lib/python3.12/site-packages/airflow/example_dags/example_display_name.py
[2026-06-29T21:59:04.707+0000] {processor.py:925} INFO - DAG(s) 'example_display_name' retrieved from /home/airflow/.local/lib/python3.12/site-packages/airflow/example_dags/example_display_name.py
[2026-06-29T21:59:04.862+0000] {logging_mixin.py:190} INFO - [2026-06-29T21:59:04.860+0000] {dag.py:3239} INFO - Sync 1 DAGs
[2026-06-29T21:59:04.941+0000] {logging_mixin.py:190} INFO - [2026-06-29T21:59:04.941+0000] {dag.py:4180} INFO - Setting next_dagrun for example_display_name to None, run_after=None
[2026-06-29T21:59:05.071+0000] {processor.py:208} INFO - Processing /home/airflow/.local/lib/python3.12/site-packages/airflow/example_dags/example_display_name.py took 0.453 seconds
[2026-06-29T21:59:35.839+0000] {processor.py:186} INFO - Started process (PID=148) to work on /home/airflow/.local/lib/python3.12/site-packages/airflow/example_dags/example_display_name.py
[2026-06-29T21:59:35.842+0000] {processor.py:914} INFO - Processing file /home/airflow/.local/lib/python3.12/site-packages/airflow/example_dags/example_display_name.py for tasks to queue
[2026-06-29T21:59:35.845+0000] {logging_mixin.py:190} INFO - [2026-06-29T21:59:35.845+0000] {dagbag.py:588} INFO - Filling up the DagBag from /home/airflow/.local/lib/python3.12/site-packages/airflow/example_dags/example_display_name.py
[2026-06-29T21:59:35.854+0000] {processor.py:925} INFO - DAG(s) 'example_display_name' retrieved from /home/airflow/.local/lib/python3.12/site-packages/airflow/example_dags/example_display_name.py
[2026-06-29T21:59:35.876+0000] {logging_mixin.py:190} INFO - [2026-06-29T21:59:35.876+0000] {dag.py:3239} INFO - Sync 1 DAGs
[2026-06-29T21:59:35.889+0000] {logging_mixin.py:190} INFO - [2026-06-29T21:59:35.889+0000] {dag.py:4180} INFO - Setting next_dagrun for example_display_name to None, run_after=None
[2026-06-29T21:59:35.906+0000] {processor.py:208} INFO - Processing /home/airflow/.local/lib/python3.12/site-packages/airflow/example_dags/example_display_name.py took 0.079 seconds
[2026-06-29T22:00:06.695+0000] {processor.py:186} INFO - Started process (PID=211) to work on /home/airflow/.local/lib/python3.12/site-packages/airflow/example_dags/example_display_name.py
[2026-06-29T22:00:06.697+0000] {processor.py:914} INFO - Processing file /home/airflow/.local/lib/python3.12/site-packages/airflow/example_dags/example_display_name.py for tasks to queue
[2026-06-29T22:00:06.701+0000] {logging_mixin.py:190} INFO - [2026-06-29T22:00:06.701+0000] {dagbag.py:588} INFO - Filling up the DagBag from /home/airflow/.local/lib/python3.12/site-packages/airflow/example_dags/example_display_name.py
[2026-06-29T22:00:06.718+0000] {processor.py:925} INFO - DAG(s) 'example_display_name' retrieved from /home/airflow/.local/lib/python3.12/site-packages/airflow/example_dags/example_display_name.py
[2026-06-29T22:00:06.744+0000] {logging_mixin.py:190} INFO - [2026-06-29T22:00:06.743+0000] {dag.py:3239} INFO - Sync 1 DAGs
[2026-06-29T22:00:06.763+0000] {logging_mixin.py:190} INFO - [2026-06-29T22:00:06.763+0000] {dag.py:4180} INFO - Setting next_dagrun for example_display_name to None, run_after=None
[2026-06-29T22:00:06.807+0000] {processor.py:208} INFO - Processing /home/airflow/.local/lib/python3.12/site-packages/airflow/example_dags/example_display_name.py took 0.126 seconds
[2026-06-29T22:00:37.378+0000] {processor.py:186} INFO - Started process (PID=275) to work on /home/airflow/.local/lib/python3.12/site-packages/airflow/example_dags/example_display_name.py
[2026-06-29T22:00:37.380+0000] {processor.py:914} INFO - Processing file /home/airflow/.local/lib/python3.12/site-packages/airflow/example_dags/example_display_name.py for tasks to queue
[2026-06-29T22:00:37.384+0000] {logging_mixin.py:190} INFO - [2026-06-29T22:00:37.384+0000] {dagbag.py:588} INFO - Filling up the DagBag from /home/airflow/.local/lib/python3.12/site-packages/airflow/example_dags/example_display_name.py
[2026-06-29T22:00:37.405+0000] {processor.py:925} INFO - DAG(s) 'example_display_name' retrieved from /home/airflow/.local/lib/python3.12/site-packages/airflow/example_dags/example_display_name.py
[2026-06-29T22:00:37.445+0000] {logging_mixin.py:190} INFO - [2026-06-29T22:00:37.444+0000] {dag.py:3239} INFO - Sync 1 DAGs
[2026-06-29T22:00:37.477+0000] {logging_mixin.py:190} INFO - [2026-06-29T22:00:37.477+0000] {dag.py:4180} INFO - Setting next_dagrun for example_display_name to None, run_after=None
[2026-06-29T22:00:37.521+0000] {processor.py:208} INFO - Processing /home/airflow/.local/lib/python3.12/site-packages/airflow/example_dags/example_display_name.py took 0.156 seconds
[2026-06-29T22:01:08.243+0000] {processor.py:186} INFO - Started process (PID=338) to work on /home/airflow/.local/lib/python3.12/site-packages/airflow/example_dags/example_display_name.py
[2026-06-29T22:01:08.247+0000] {processor.py:914} INFO - Processing file /home/airflow/.local/lib/python3.12/site-packages/airflow/example_dags/example_display_name.py for tasks to queue
[2026-06-29T22:01:08.254+0000] {logging_mixin.py:190} INFO - [2026-06-29T22:01:08.254+0000] {dagbag.py:588} INFO - Filling up the DagBag from /home/airflow/.local/lib/python3.12/site-packages/airflow/example_dags/example_display_name.py
[2026-06-29T22:01:08.272+0000] {processor.py:925} INFO - DAG(s) 'example_display_name' retrieved from /home/airflow/.local/lib/python3.12/site-packages/airflow/example_dags/example_display_name.py
[2026-06-29T22:01:08.309+0000] {logging_mixin.py:190} INFO - [2026-06-29T22:01:08.308+0000] {dag.py:3239} INFO - Sync 1 DAGs
[2026-06-29T22:01:08.333+0000] {logging_mixin.py:190} INFO - [2026-06-29T22:01:08.333+0000] {dag.py:4180} INFO - Setting next_dagrun for example_display_name to None, run_after=None
[2026-06-29T22:01:08.374+0000] {processor.py:208} INFO - Processing /home/airflow/.local/lib/python3.12/site-packages/airflow/example_dags/example_display_name.py took 0.157 seconds
[2026-06-29T22:01:38.567+0000] {processor.py:186} INFO - Started process (PID=401) to work on /home/airflow/.local/lib/python3.12/site-packages/airflow/example_dags/example_display_name.py
[2026-06-29T22:01:38.571+0000] {processor.py:914} INFO - Processing file /home/airflow/.local/lib/python3.12/site-packages/airflow/example_dags/example_display_name.py for tasks to queue
[2026-06-29T22:01:38.580+0000] {logging_mixin.py:190} INFO - [2026-06-29T22:01:38.580+0000] {dagbag.py:588} INFO - Filling up the DagBag from /home/airflow/.local/lib/python3.12/site-packages/airflow/example_dags/example_display_name.py
[2026-06-29T22:01:38.597+0000] {processor.py:925} INFO - DAG(s) 'example_display_name' retrieved from /home/airflow/.local/lib/python3.12/site-packages/airflow/example_dags/example_display_name.py
[2026-06-29T22:01:38.645+0000] {logging_mixin.py:190} INFO - [2026-06-29T22:01:38.644+0000] {dag.py:3239} INFO - Sync 1 DAGs
[2026-06-29T22:01:38.667+0000] {logging_mixin.py:190} INFO - [2026-06-29T22:01:38.667+0000] {dag.py:4180} INFO - Setting next_dagrun for example_display_name to None, run_after=None
[2026-06-29T22:01:38.732+0000] {processor.py:208} INFO - Processing /home/airflow/.local/lib/python3.12/site-packages/airflow/example_dags/example_display_name.py took 0.176 seconds
[2026-06-29T22:02:09.858+0000] {processor.py:186} INFO - Started process (PID=465) to work on /home/airflow/.local/lib/python3.12/site-packages/airflow/example_dags/example_display_name.py
[2026-06-29T22:02:09.861+0000] {processor.py:914} INFO - Processing file /home/airflow/.local/lib/python3.12/site-packages/airflow/example_dags/example_display_name.py for tasks to queue
[2026-06-29T22:02:09.866+0000] {logging_mixin.py:190} INFO - [2026-06-29T22:02:09.865+0000] {dagbag.py:588} INFO - Filling up the DagBag from /home/airflow/.local/lib/python3.12/site-packages/airflow/example_dags/example_display_name.py
[2026-06-29T22:02:09.882+0000] {processor.py:925} INFO - DAG(s) 'example_display_name' retrieved from /home/airflow/.local/lib/python3.12/site-packages/airflow/example_dags/example_display_name.py
[2026-06-29T22:02:09.934+0000] {logging_mixin.py:190} INFO - [2026-06-29T22:02:09.934+0000] {dag.py:3239} INFO - Sync 1 DAGs
[2026-06-29T22:02:09.971+0000] {logging_mixin.py:190} INFO - [2026-06-29T22:02:09.971+0000] {dag.py:4180} INFO - Setting next_dagrun for example_display_name to None, run_after=None
[2026-06-29T22:02:10.026+0000] {processor.py:208} INFO - Processing /home/airflow/.local/lib/python3.12/site-packages/airflow/example_dags/example_display_name.py took 0.178 seconds
[2026-06-29T22:02:43.543+0000] {processor.py:186} INFO - Started process (PID=528) to work on /home/airflow/.local/lib/python3.12/site-packages/airflow/example_dags/example_display_name.py
[2026-06-29T22:02:43.546+0000] {processor.py:914} INFO - Processing file /home/airflow/.local/lib/python3.12/site-packages/airflow/example_dags/example_display_name.py for tasks to queue
[2026-06-29T22:02:43.567+0000] {logging_mixin.py:190} INFO - [2026-06-29T22:02:43.565+0000] {dagbag.py:588} INFO - Filling up the DagBag from /home/airflow/.local/lib/python3.12/site-packages/airflow/example_dags/example_display_name.py
[2026-06-29T22:02:43.638+0000] {processor.py:925} INFO - DAG(s) 'example_display_name' retrieved from /home/airflow/.local/lib/python3.12/site-packages/airflow/example_dags/example_display_name.py
[2026-06-29T22:02:43.741+0000] {logging_mixin.py:190} INFO - [2026-06-29T22:02:43.740+0000] {dag.py:3239} INFO - Sync 1 DAGs
[2026-06-29T22:02:43.818+0000] {logging_mixin.py:190} INFO - [2026-06-29T22:02:43.817+0000] {dag.py:4180} INFO - Setting next_dagrun for example_display_name to None, run_after=None
[2026-06-29T22:02:43.918+0000] {processor.py:208} INFO - Processing /home/airflow/.local/lib/python3.12/site-packages/airflow/example_dags/example_display_name.py took 0.397 seconds
[2026-06-29T22:03:14.598+0000] {processor.py:186} INFO - Started process (PID=591) to work on /home/airflow/.local/lib/python3.12/site-packages/airflow/example_dags/example_display_name.py
[2026-06-29T22:03:14.600+0000] {processor.py:914} INFO - Processing file /home/airflow/.local/lib/python3.12/site-packages/airflow/example_dags/example_display_name.py for tasks to queue
[2026-06-29T22:03:14.603+0000] {logging_mixin.py:190} INFO - [2026-06-29T22:03:14.602+0000] {dagbag.py:588} INFO - Filling up the DagBag from /home/airflow/.local/lib/python3.12/site-packages/airflow/example_dags/example_display_name.py
[2026-06-29T22:03:14.612+0000] {processor.py:925} INFO - DAG(s) 'example_display_name' retrieved from /home/airflow/.local/lib/python3.12/site-packages/airflow/example_dags/example_display_name.py
[2026-06-29T22:03:14.638+0000] {logging_mixin.py:190} INFO - [2026-06-29T22:03:14.638+0000] {dag.py:3239} INFO - Sync 1 DAGs
[2026-06-29T22:03:14.653+0000] {logging_mixin.py:190} INFO - [2026-06-29T22:03:14.653+0000] {dag.py:4180} INFO - Setting next_dagrun for example_display_name to None, run_after=None
[2026-06-29T22:03:14.675+0000] {processor.py:208} INFO - Processing /home/airflow/.local/lib/python3.12/site-packages/airflow/example_dags/example_display_name.py took 0.085 seconds
[2026-06-29T22:03:44.882+0000] {processor.py:186} INFO - Started process (PID=653) to work on /home/airflow/.local/lib/python3.12/site-packages/airflow/example_dags/example_display_name.py
[2026-06-29T22:03:44.884+0000] {processor.py:914} INFO - Processing file /home/airflow/.local/lib/python3.12/site-packages/airflow/example_dags/example_display_name.py for tasks to queue
[2026-06-29T22:03:44.890+0000] {logging_mixin.py:190} INFO - [2026-06-29T22:03:44.889+0000] {dagbag.py:588} INFO - Filling up the DagBag from /home/airflow/.local/lib/python3.12/site-packages/airflow/example_dags/example_display_name.py
[2026-06-29T22:03:44.903+0000] {processor.py:925} INFO - DAG(s) 'example_display_name' retrieved from /home/airflow/.local/lib/python3.12/site-packages/airflow/example_dags/example_display_name.py
[2026-06-29T22:03:44.948+0000] {logging_mixin.py:190} INFO - [2026-06-29T22:03:44.947+0000] {dag.py:3239} INFO - Sync 1 DAGs
[2026-06-29T22:03:44.967+0000] {logging_mixin.py:190} INFO - [2026-06-29T22:03:44.967+0000] {dag.py:4180} INFO - Setting next_dagrun for example_display_name to None, run_after=None
[2026-06-29T22:03:45.009+0000] {processor.py:208} INFO - Processing /home/airflow/.local/lib/python3.12/site-packages/airflow/example_dags/example_display_name.py took 0.135 seconds
[2026-06-29T22:04:15.620+0000] {processor.py:186} INFO - Started process (PID=717) to work on /home/airflow/.local/lib/python3.12/site-packages/airflow/example_dags/example_display_name.py
[2026-06-29T22:04:15.623+0000] {processor.py:914} INFO - Processing file /home/airflow/.local/lib/python3.12/site-packages/airflow/example_dags/example_display_name.py for tasks to queue
[2026-06-29T22:04:15.630+0000] {logging_mixin.py:190} INFO - [2026-06-29T22:04:15.629+0000] {dagbag.py:588} INFO - Filling up the DagBag from /home/airflow/.local/lib/python3.12/site-packages/airflow/example_dags/example_display_name.py
[2026-06-29T22:04:15.665+0000] {processor.py:925} INFO - DAG(s) 'example_display_name' retrieved from /home/airflow/.local/lib/python3.12/site-packages/airflow/example_dags/example_display_name.py
[2026-06-29T22:04:15.759+0000] {logging_mixin.py:190} INFO - [2026-06-29T22:04:15.757+0000] {dag.py:3239} INFO - Sync 1 DAGs
[2026-06-29T22:04:15.800+0000] {logging_mixin.py:190} INFO - [2026-06-29T22:04:15.800+0000] {dag.py:4180} INFO - Setting next_dagrun for example_display_name to None, run_after=None
[2026-06-29T22:04:15.853+0000] {processor.py:208} INFO - Processing /home/airflow/.local/lib/python3.12/site-packages/airflow/example_dags/example_display_name.py took 0.247 seconds
[2026-06-29T22:04:49.957+0000] {processor.py:186} INFO - Started process (PID=779) to work on /home/airflow/.local/lib/python3.12/site-packages/airflow/example_dags/example_display_name.py
[2026-06-29T22:04:49.961+0000] {processor.py:914} INFO - Processing file /home/airflow/.local/lib/python3.12/site-packages/airflow/example_dags/example_display_name.py for tasks to queue
[2026-06-29T22:04:49.971+0000] {logging_mixin.py:190} INFO - [2026-06-29T22:04:49.970+0000] {dagbag.py:588} INFO - Filling up the DagBag from /home/airflow/.local/lib/python3.12/site-packages/airflow/example_dags/example_display_name.py
[2026-06-29T22:04:49.995+0000] {processor.py:925} INFO - DAG(s) 'example_display_name' retrieved from /home/airflow/.local/lib/python3.12/site-packages/airflow/example_dags/example_display_name.py
[2026-06-29T22:04:50.058+0000] {logging_mixin.py:190} INFO - [2026-06-29T22:04:50.057+0000] {dag.py:3239} INFO - Sync 1 DAGs
[2026-06-29T22:04:50.103+0000] {logging_mixin.py:190} INFO - [2026-06-29T22:04:50.099+0000] {dag.py:4180} INFO - Setting next_dagrun for example_display_name to None, run_after=None
[2026-06-29T22:04:50.161+0000] {processor.py:208} INFO - Processing /home/airflow/.local/lib/python3.12/site-packages/airflow/example_dags/example_display_name.py took 0.223 seconds
[2026-06-29T22:05:20.276+0000] {processor.py:186} INFO - Started process (PID=843) to work on /home/airflow/.local/lib/python3.12/site-packages/airflow/example_dags/example_display_name.py
[2026-06-29T22:05:20.278+0000] {processor.py:914} INFO - Processing file /home/airflow/.local/lib/python3.12/site-packages/airflow/example_dags/example_display_name.py for tasks to queue
[2026-06-29T22:05:20.285+0000] {logging_mixin.py:190} INFO - [2026-06-29T22:05:20.284+0000] {dagbag.py:588} INFO - Filling up the DagBag from /home/airflow/.local/lib/python3.12/site-packages/airflow/example_dags/example_display_name.py
[2026-06-29T22:05:20.298+0000] {processor.py:925} INFO - DAG(s) 'example_display_name' retrieved from /home/airflow/.local/lib/python3.12/site-packages/airflow/example_dags/example_display_name.py
[2026-06-29T22:05:20.352+0000] {logging_mixin.py:190} INFO - [2026-06-29T22:05:20.351+0000] {dag.py:3239} INFO - Sync 1 DAGs
[2026-06-29T22:05:20.393+0000] {logging_mixin.py:190} INFO - [2026-06-29T22:05:20.393+0000] {dag.py:4180} INFO - Setting next_dagrun for example_display_name to None, run_after=None
[2026-06-29T22:05:20.441+0000] {processor.py:208} INFO - Processing /home/airflow/.local/lib/python3.12/site-packages/airflow/example_dags/example_display_name.py took 0.178 seconds
[2026-06-29T22:05:50.950+0000] {processor.py:186} INFO - Started process (PID=908) to work on /home/airflow/.local/lib/python3.12/site-packages/airflow/example_dags/example_display_name.py
[2026-06-29T22:05:50.952+0000] {processor.py:914} INFO - Processing file /home/airflow/.local/lib/python3.12/site-packages/airflow/example_dags/example_display_name.py for tasks to queue
[2026-06-29T22:05:50.956+0000] {logging_mixin.py:190} INFO - [2026-06-29T22:05:50.955+0000] {dagbag.py:588} INFO - Filling up the DagBag from /home/airflow/.local/lib/python3.12/site-packages/airflow/example_dags/example_display_name.py
[2026-06-29T22:05:50.966+0000] {processor.py:925} INFO - DAG(s) 'example_display_name' retrieved from /home/airflow/.local/lib/python3.12/site-packages/airflow/example_dags/example_display_name.py
[2026-06-29T22:05:50.986+0000] {logging_mixin.py:190} INFO - [2026-06-29T22:05:50.986+0000] {dag.py:3239} INFO - Sync 1 DAGs
[2026-06-29T22:05:51.000+0000] {logging_mixin.py:190} INFO - [2026-06-29T22:05:50.999+0000] {dag.py:4180} INFO - Setting next_dagrun for example_display_name to None, run_after=None
[2026-06-29T22:05:51.020+0000] {processor.py:208} INFO - Processing /home/airflow/.local/lib/python3.12/site-packages/airflow/example_dags/example_display_name.py took 0.078 seconds
[2026-06-29T22:08:19.891+0000] {processor.py:186} INFO - Started process (PID=93) to work on /home/airflow/.local/lib/python3.12/site-packages/airflow/example_dags/example_display_name.py
[2026-06-29T22:08:19.898+0000] {processor.py:914} INFO - Processing file /home/airflow/.local/lib/python3.12/site-packages/airflow/example_dags/example_display_name.py for tasks to queue
[2026-06-29T22:08:19.908+0000] {logging_mixin.py:190} INFO - [2026-06-29T22:08:19.906+0000] {dagbag.py:588} INFO - Filling up the DagBag from /home/airflow/.local/lib/python3.12/site-packages/airflow/example_dags/example_display_name.py
[2026-06-29T22:08:19.929+0000] {processor.py:925} INFO - DAG(s) 'example_display_name' retrieved from /home/airflow/.local/lib/python3.12/site-packages/airflow/example_dags/example_display_name.py
[2026-06-29T22:08:20.014+0000] {logging_mixin.py:190} INFO - [2026-06-29T22:08:20.014+0000] {dag.py:3239} INFO - Sync 1 DAGs
[2026-06-29T22:08:20.055+0000] {logging_mixin.py:190} INFO - [2026-06-29T22:08:20.054+0000] {dag.py:4180} INFO - Setting next_dagrun for example_display_name to None, run_after=None
[2026-06-29T22:08:20.160+0000] {processor.py:208} INFO - Processing /home/airflow/.local/lib/python3.12/site-packages/airflow/example_dags/example_display_name.py took 0.283 seconds
[2026-06-29T22:08:53.581+0000] {processor.py:186} INFO - Started process (PID=157) to work on /home/airflow/.local/lib/python3.12/site-packages/airflow/example_dags/example_display_name.py
[2026-06-29T22:08:53.589+0000] {processor.py:914} INFO - Processing file /home/airflow/.local/lib/python3.12/site-packages/airflow/example_dags/example_display_name.py for tasks to queue
[2026-06-29T22:08:53.621+0000] {logging_mixin.py:190} INFO - [2026-06-29T22:08:53.619+0000] {dagbag.py:588} INFO - Filling up the DagBag from /home/airflow/.local/lib/python3.12/site-packages/airflow/example_dags/example_display_name.py
[2026-06-29T22:08:53.687+0000] {processor.py:925} INFO - DAG(s) 'example_display_name' retrieved from /home/airflow/.local/lib/python3.12/site-packages/airflow/example_dags/example_display_name.py
[2026-06-29T22:08:53.808+0000] {logging_mixin.py:190} INFO - [2026-06-29T22:08:53.807+0000] {dag.py:3239} INFO - Sync 1 DAGs
[2026-06-29T22:08:53.920+0000] {logging_mixin.py:190} INFO - [2026-06-29T22:08:53.919+0000] {dag.py:4180} INFO - Setting next_dagrun for example_display_name to None, run_after=None
[2026-06-29T22:08:54.145+0000] {processor.py:208} INFO - Processing /home/airflow/.local/lib/python3.12/site-packages/airflow/example_dags/example_display_name.py took 0.601 seconds
[2026-06-29T22:09:24.902+0000] {processor.py:186} INFO - Started process (PID=221) to work on /home/airflow/.local/lib/python3.12/site-packages/airflow/example_dags/example_display_name.py
[2026-06-29T22:09:24.906+0000] {processor.py:914} INFO - Processing file /home/airflow/.local/lib/python3.12/site-packages/airflow/example_dags/example_display_name.py for tasks to queue
[2026-06-29T22:09:24.923+0000] {logging_mixin.py:190} INFO - [2026-06-29T22:09:24.923+0000] {dagbag.py:588} INFO - Filling up the DagBag from /home/airflow/.local/lib/python3.12/site-packages/airflow/example_dags/example_display_name.py
[2026-06-29T22:09:24.946+0000] {processor.py:925} INFO - DAG(s) 'example_display_name' retrieved from /home/airflow/.local/lib/python3.12/site-packages/airflow/example_dags/example_display_name.py
[2026-06-29T22:09:25.077+0000] {logging_mixin.py:190} INFO - [2026-06-29T22:09:25.077+0000] {dag.py:3239} INFO - Sync 1 DAGs
[2026-06-29T22:09:25.155+0000] {logging_mixin.py:190} INFO - [2026-06-29T22:09:25.154+0000] {dag.py:4180} INFO - Setting next_dagrun for example_display_name to None, run_after=None
[2026-06-29T22:09:25.247+0000] {processor.py:208} INFO - Processing /home/airflow/.local/lib/python3.12/site-packages/airflow/example_dags/example_display_name.py took 0.360 seconds
[2026-06-29T22:09:55.402+0000] {processor.py:186} INFO - Started process (PID=284) to work on /home/airflow/.local/lib/python3.12/site-packages/airflow/example_dags/example_display_name.py
[2026-06-29T22:09:55.404+0000] {processor.py:914} INFO - Processing file /home/airflow/.local/lib/python3.12/site-packages/airflow/example_dags/example_display_name.py for tasks to queue
[2026-06-29T22:09:55.408+0000] {logging_mixin.py:190} INFO - [2026-06-29T22:09:55.407+0000] {dagbag.py:588} INFO - Filling up the DagBag from /home/airflow/.local/lib/python3.12/site-packages/airflow/example_dags/example_display_name.py
[2026-06-29T22:09:55.423+0000] {processor.py:925} INFO - DAG(s) 'example_display_name' retrieved from /home/airflow/.local/lib/python3.12/site-packages/airflow/example_dags/example_display_name.py
[2026-06-29T22:09:55.452+0000] {logging_mixin.py:190} INFO - [2026-06-29T22:09:55.451+0000] {dag.py:3239} INFO - Sync 1 DAGs
[2026-06-29T22:09:55.475+0000] {logging_mixin.py:190} INFO - [2026-06-29T22:09:55.474+0000] {dag.py:4180} INFO - Setting next_dagrun for example_display_name to None, run_after=None
[2026-06-29T22:09:55.510+0000] {processor.py:208} INFO - Processing /home/airflow/.local/lib/python3.12/site-packages/airflow/example_dags/example_display_name.py took 0.119 seconds
[2026-06-29T22:10:26.384+0000] {processor.py:186} INFO - Started process (PID=350) to work on /home/airflow/.local/lib/python3.12/site-packages/airflow/example_dags/example_display_name.py
[2026-06-29T22:10:26.388+0000] {processor.py:914} INFO - Processing file /home/airflow/.local/lib/python3.12/site-packages/airflow/example_dags/example_display_name.py for tasks to queue
[2026-06-29T22:10:26.397+0000] {logging_mixin.py:190} INFO - [2026-06-29T22:10:26.396+0000] {dagbag.py:588} INFO - Filling up the DagBag from /home/airflow/.local/lib/python3.12/site-packages/airflow/example_dags/example_display_name.py
[2026-06-29T22:10:26.415+0000] {processor.py:925} INFO - DAG(s) 'example_display_name' retrieved from /home/airflow/.local/lib/python3.12/site-packages/airflow/example_dags/example_display_name.py
[2026-06-29T22:10:26.453+0000] {logging_mixin.py:190} INFO - [2026-06-29T22:10:26.453+0000] {dag.py:3239} INFO - Sync 1 DAGs
[2026-06-29T22:10:26.493+0000] {logging_mixin.py:190} INFO - [2026-06-29T22:10:26.493+0000] {dag.py:4180} INFO - Setting next_dagrun for example_display_name to None, run_after=None
[2026-06-29T22:10:26.549+0000] {processor.py:208} INFO - Processing /home/airflow/.local/lib/python3.12/site-packages/airflow/example_dags/example_display_name.py took 0.184 seconds
[2026-06-29T22:10:56.710+0000] {processor.py:186} INFO - Started process (PID=414) to work on /home/airflow/.local/lib/python3.12/site-packages/airflow/example_dags/example_display_name.py
[2026-06-29T22:10:56.712+0000] {processor.py:914} INFO - Processing file /home/airflow/.local/lib/python3.12/site-packages/airflow/example_dags/example_display_name.py for tasks to queue
[2026-06-29T22:10:56.721+0000] {logging_mixin.py:190} INFO - [2026-06-29T22:10:56.719+0000] {dagbag.py:588} INFO - Filling up the DagBag from /home/airflow/.local/lib/python3.12/site-packages/airflow/example_dags/example_display_name.py
[2026-06-29T22:10:56.735+0000] {processor.py:925} INFO - DAG(s) 'example_display_name' retrieved from /home/airflow/.local/lib/python3.12/site-packages/airflow/example_dags/example_display_name.py
[2026-06-29T22:10:56.774+0000] {logging_mixin.py:190} INFO - [2026-06-29T22:10:56.773+0000] {dag.py:3239} INFO - Sync 1 DAGs
[2026-06-29T22:10:56.806+0000] {logging_mixin.py:190} INFO - [2026-06-29T22:10:56.806+0000] {dag.py:4180} INFO - Setting next_dagrun for example_display_name to None, run_after=None
[2026-06-29T22:10:56.861+0000] {processor.py:208} INFO - Processing /home/airflow/.local/lib/python3.12/site-packages/airflow/example_dags/example_display_name.py took 0.170 seconds
[2026-06-29T22:11:27.377+0000] {processor.py:186} INFO - Started process (PID=478) to work on /home/airflow/.local/lib/python3.12/site-packages/airflow/example_dags/example_display_name.py
[2026-06-29T22:11:27.380+0000] {processor.py:914} INFO - Processing file /home/airflow/.local/lib/python3.12/site-packages/airflow/example_dags/example_display_name.py for tasks to queue
[2026-06-29T22:11:27.391+0000] {logging_mixin.py:190} INFO - [2026-06-29T22:11:27.390+0000] {dagbag.py:588} INFO - Filling up the DagBag from /home/airflow/.local/lib/python3.12/site-packages/airflow/example_dags/example_display_name.py
[2026-06-29T22:11:27.410+0000] {processor.py:925} INFO - DAG(s) 'example_display_name' retrieved from /home/airflow/.local/lib/python3.12/site-packages/airflow/example_dags/example_display_name.py
[2026-06-29T22:11:27.461+0000] {logging_mixin.py:190} INFO - [2026-06-29T22:11:27.460+0000] {dag.py:3239} INFO - Sync 1 DAGs
[2026-06-29T22:11:27.493+0000] {logging_mixin.py:190} INFO - [2026-06-29T22:11:27.493+0000] {dag.py:4180} INFO - Setting next_dagrun for example_display_name to None, run_after=None
[2026-06-29T22:11:27.541+0000] {processor.py:208} INFO - Processing /home/airflow/.local/lib/python3.12/site-packages/airflow/example_dags/example_display_name.py took 0.181 seconds
[2026-06-29T22:11:57.905+0000] {processor.py:186} INFO - Started process (PID=542) to work on /home/airflow/.local/lib/python3.12/site-packages/airflow/example_dags/example_display_name.py
[2026-06-29T22:11:57.908+0000] {processor.py:914} INFO - Processing file /home/airflow/.local/lib/python3.12/site-packages/airflow/example_dags/example_display_name.py for tasks to queue
[2026-06-29T22:11:57.918+0000] {logging_mixin.py:190} INFO - [2026-06-29T22:11:57.916+0000] {dagbag.py:588} INFO - Filling up the DagBag from /home/airflow/.local/lib/python3.12/site-packages/airflow/example_dags/example_display_name.py
[2026-06-29T22:11:57.938+0000] {processor.py:925} INFO - DAG(s) 'example_display_name' retrieved from /home/airflow/.local/lib/python3.12/site-packages/airflow/example_dags/example_display_name.py
[2026-06-29T22:11:57.973+0000] {logging_mixin.py:190} INFO - [2026-06-29T22:11:57.972+0000] {dag.py:3239} INFO - Sync 1 DAGs
[2026-06-29T22:11:57.993+0000] {logging_mixin.py:190} INFO - [2026-06-29T22:11:57.993+0000] {dag.py:4180} INFO - Setting next_dagrun for example_display_name to None, run_after=None
[2026-06-29T22:11:58.029+0000] {processor.py:208} INFO - Processing /home/airflow/.local/lib/python3.12/site-packages/airflow/example_dags/example_display_name.py took 0.138 seconds
[2026-06-29T22:12:34.503+0000] {processor.py:186} INFO - Started process (PID=604) to work on /home/airflow/.local/lib/python3.12/site-packages/airflow/example_dags/example_display_name.py
[2026-06-29T22:12:34.508+0000] {processor.py:914} INFO - Processing file /home/airflow/.local/lib/python3.12/site-packages/airflow/example_dags/example_display_name.py for tasks to queue
[2026-06-29T22:12:34.518+0000] {logging_mixin.py:190} INFO - [2026-06-29T22:12:34.517+0000] {dagbag.py:588} INFO - Filling up the DagBag from /home/airflow/.local/lib/python3.12/site-packages/airflow/example_dags/example_display_name.py
[2026-06-29T22:12:34.537+0000] {processor.py:925} INFO - DAG(s) 'example_display_name' retrieved from /home/airflow/.local/lib/python3.12/site-packages/airflow/example_dags/example_display_name.py
[2026-06-29T22:12:34.593+0000] {logging_mixin.py:190} INFO - [2026-06-29T22:12:34.593+0000] {dag.py:3239} INFO - Sync 1 DAGs
[2026-06-29T22:12:34.639+0000] {logging_mixin.py:190} INFO - [2026-06-29T22:12:34.638+0000] {dag.py:4180} INFO - Setting next_dagrun for example_display_name to None, run_after=None
[2026-06-29T22:12:34.728+0000] {processor.py:208} INFO - Processing /home/airflow/.local/lib/python3.12/site-packages/airflow/example_dags/example_display_name.py took 0.238 seconds
[2026-06-29T22:13:05.358+0000] {processor.py:186} INFO - Started process (PID=668) to work on /home/airflow/.local/lib/python3.12/site-packages/airflow/example_dags/example_display_name.py
[2026-06-29T22:13:05.360+0000] {processor.py:914} INFO - Processing file /home/airflow/.local/lib/python3.12/site-packages/airflow/example_dags/example_display_name.py for tasks to queue
[2026-06-29T22:13:05.362+0000] {logging_mixin.py:190} INFO - [2026-06-29T22:13:05.362+0000] {dagbag.py:588} INFO - Filling up the DagBag from /home/airflow/.local/lib/python3.12/site-packages/airflow/example_dags/example_display_name.py
[2026-06-29T22:13:05.373+0000] {processor.py:925} INFO - DAG(s) 'example_display_name' retrieved from /home/airflow/.local/lib/python3.12/site-packages/airflow/example_dags/example_display_name.py
[2026-06-29T22:13:05.396+0000] {logging_mixin.py:190} INFO - [2026-06-29T22:13:05.395+0000] {dag.py:3239} INFO - Sync 1 DAGs
[2026-06-29T22:13:05.412+0000] {logging_mixin.py:190} INFO - [2026-06-29T22:13:05.412+0000] {dag.py:4180} INFO - Setting next_dagrun for example_display_name to None, run_after=None
[2026-06-29T22:13:05.435+0000] {processor.py:208} INFO - Processing /home/airflow/.local/lib/python3.12/site-packages/airflow/example_dags/example_display_name.py took 0.083 seconds
[2026-06-29T22:13:37.043+0000] {processor.py:186} INFO - Started process (PID=732) to work on /home/airflow/.local/lib/python3.12/site-packages/airflow/example_dags/example_display_name.py
[2026-06-29T22:13:37.046+0000] {processor.py:914} INFO - Processing file /home/airflow/.local/lib/python3.12/site-packages/airflow/example_dags/example_display_name.py for tasks to queue
[2026-06-29T22:13:37.055+0000] {logging_mixin.py:190} INFO - [2026-06-29T22:13:37.055+0000] {dagbag.py:588} INFO - Filling up the DagBag from /home/airflow/.local/lib/python3.12/site-packages/airflow/example_dags/example_display_name.py
[2026-06-29T22:13:37.083+0000] {processor.py:925} INFO - DAG(s) 'example_display_name' retrieved from /home/airflow/.local/lib/python3.12/site-packages/airflow/example_dags/example_display_name.py
[2026-06-29T22:13:37.183+0000] {logging_mixin.py:190} INFO - [2026-06-29T22:13:37.183+0000] {dag.py:3239} INFO - Sync 1 DAGs
[2026-06-29T22:13:37.218+0000] {logging_mixin.py:190} INFO - [2026-06-29T22:13:37.216+0000] {dag.py:4180} INFO - Setting next_dagrun for example_display_name to None, run_after=None
[2026-06-29T22:13:37.317+0000] {processor.py:208} INFO - Processing /home/airflow/.local/lib/python3.12/site-packages/airflow/example_dags/example_display_name.py took 0.295 seconds
[2026-06-29T22:14:07.730+0000] {processor.py:186} INFO - Started process (PID=803) to work on /home/airflow/.local/lib/python3.12/site-packages/airflow/example_dags/example_display_name.py
[2026-06-29T22:14:07.737+0000] {processor.py:914} INFO - Processing file /home/airflow/.local/lib/python3.12/site-packages/airflow/example_dags/example_display_name.py for tasks to queue
[2026-06-29T22:14:07.745+0000] {logging_mixin.py:190} INFO - [2026-06-29T22:14:07.743+0000] {dagbag.py:588} INFO - Filling up the DagBag from /home/airflow/.local/lib/python3.12/site-packages/airflow/example_dags/example_display_name.py
[2026-06-29T22:14:07.764+0000] {processor.py:925} INFO - DAG(s) 'example_display_name' retrieved from /home/airflow/.local/lib/python3.12/site-packages/airflow/example_dags/example_display_name.py
[2026-06-29T22:14:07.816+0000] {logging_mixin.py:190} INFO - [2026-06-29T22:14:07.815+0000] {dag.py:3239} INFO - Sync 1 DAGs
[2026-06-29T22:14:07.862+0000] {logging_mixin.py:190} INFO - [2026-06-29T22:14:07.860+0000] {dag.py:4180} INFO - Setting next_dagrun for example_display_name to None, run_after=None
[2026-06-29T22:14:07.935+0000] {processor.py:208} INFO - Processing /home/airflow/.local/lib/python3.12/site-packages/airflow/example_dags/example_display_name.py took 0.224 seconds
[2026-06-29T22:14:38.609+0000] {processor.py:186} INFO - Started process (PID=867) to work on /home/airflow/.local/lib/python3.12/site-packages/airflow/example_dags/example_display_name.py
[2026-06-29T22:14:38.611+0000] {processor.py:914} INFO - Processing file /home/airflow/.local/lib/python3.12/site-packages/airflow/example_dags/example_display_name.py for tasks to queue
[2026-06-29T22:14:38.616+0000] {logging_mixin.py:190} INFO - [2026-06-29T22:14:38.616+0000] {dagbag.py:588} INFO - Filling up the DagBag from /home/airflow/.local/lib/python3.12/site-packages/airflow/example_dags/example_display_name.py
[2026-06-29T22:14:38.627+0000] {processor.py:925} INFO - DAG(s) 'example_display_name' retrieved from /home/airflow/.local/lib/python3.12/site-packages/airflow/example_dags/example_display_name.py
[2026-06-29T22:14:38.659+0000] {logging_mixin.py:190} INFO - [2026-06-29T22:14:38.659+0000] {dag.py:3239} INFO - Sync 1 DAGs
[2026-06-29T22:14:38.686+0000] {logging_mixin.py:190} INFO - [2026-06-29T22:14:38.685+0000] {dag.py:4180} INFO - Setting next_dagrun for example_display_name to None, run_after=None
[2026-06-29T22:14:38.719+0000] {processor.py:208} INFO - Processing /home/airflow/.local/lib/python3.12/site-packages/airflow/example_dags/example_display_name.py took 0.118 seconds
[2026-06-29T22:15:09.389+0000] {processor.py:186} INFO - Started process (PID=930) to work on /home/airflow/.local/lib/python3.12/site-packages/airflow/example_dags/example_display_name.py
[2026-06-29T22:15:09.391+0000] {processor.py:914} INFO - Processing file /home/airflow/.local/lib/python3.12/site-packages/airflow/example_dags/example_display_name.py for tasks to queue
[2026-06-29T22:15:09.394+0000] {logging_mixin.py:190} INFO - [2026-06-29T22:15:09.393+0000] {dagbag.py:588} INFO - Filling up the DagBag from /home/airflow/.local/lib/python3.12/site-packages/airflow/example_dags/example_display_name.py
[2026-06-29T22:15:09.402+0000] {processor.py:925} INFO - DAG(s) 'example_display_name' retrieved from /home/airflow/.local/lib/python3.12/site-packages/airflow/example_dags/example_display_name.py
[2026-06-29T22:15:09.425+0000] {logging_mixin.py:190} INFO - [2026-06-29T22:15:09.425+0000] {dag.py:3239} INFO - Sync 1 DAGs
[2026-06-29T22:15:09.439+0000] {logging_mixin.py:190} INFO - [2026-06-29T22:15:09.439+0000] {dag.py:4180} INFO - Setting next_dagrun for example_display_name to None, run_after=None
[2026-06-29T22:15:09.461+0000] {processor.py:208} INFO - Processing /home/airflow/.local/lib/python3.12/site-packages/airflow/example_dags/example_display_name.py took 0.078 seconds
[2026-06-29T22:15:39.851+0000] {processor.py:186} INFO - Started process (PID=994) to work on /home/airflow/.local/lib/python3.12/site-packages/airflow/example_dags/example_display_name.py
[2026-06-29T22:15:39.853+0000] {processor.py:914} INFO - Processing file /home/airflow/.local/lib/python3.12/site-packages/airflow/example_dags/example_display_name.py for tasks to queue
[2026-06-29T22:15:39.856+0000] {logging_mixin.py:190} INFO - [2026-06-29T22:15:39.855+0000] {dagbag.py:588} INFO - Filling up the DagBag from /home/airflow/.local/lib/python3.12/site-packages/airflow/example_dags/example_display_name.py
[2026-06-29T22:15:39.866+0000] {processor.py:925} INFO - DAG(s) 'example_display_name' retrieved from /home/airflow/.local/lib/python3.12/site-packages/airflow/example_dags/example_display_name.py
[2026-06-29T22:15:39.887+0000] {logging_mixin.py:190} INFO - [2026-06-29T22:15:39.887+0000] {dag.py:3239} INFO - Sync 1 DAGs
[2026-06-29T22:15:39.904+0000] {logging_mixin.py:190} INFO - [2026-06-29T22:15:39.904+0000] {dag.py:4180} INFO - Setting next_dagrun for example_display_name to None, run_after=None
[2026-06-29T22:15:39.929+0000] {processor.py:208} INFO - Processing /home/airflow/.local/lib/python3.12/site-packages/airflow/example_dags/example_display_name.py took 0.084 seconds
[2026-06-29T22:16:10.718+0000] {processor.py:186} INFO - Started process (PID=1058) to work on /home/airflow/.local/lib/python3.12/site-packages/airflow/example_dags/example_display_name.py
[2026-06-29T22:16:10.720+0000] {processor.py:914} INFO - Processing file /home/airflow/.local/lib/python3.12/site-packages/airflow/example_dags/example_display_name.py for tasks to queue
[2026-06-29T22:16:10.726+0000] {logging_mixin.py:190} INFO - [2026-06-29T22:16:10.725+0000] {dagbag.py:588} INFO - Filling up the DagBag from /home/airflow/.local/lib/python3.12/site-packages/airflow/example_dags/example_display_name.py
[2026-06-29T22:16:10.744+0000] {processor.py:925} INFO - DAG(s) 'example_display_name' retrieved from /home/airflow/.local/lib/python3.12/site-packages/airflow/example_dags/example_display_name.py
[2026-06-29T22:16:10.789+0000] {logging_mixin.py:190} INFO - [2026-06-29T22:16:10.789+0000] {dag.py:3239} INFO - Sync 1 DAGs
[2026-06-29T22:16:10.817+0000] {logging_mixin.py:190} INFO - [2026-06-29T22:16:10.817+0000] {dag.py:4180} INFO - Setting next_dagrun for example_display_name to None, run_after=None
[2026-06-29T22:16:10.859+0000] {processor.py:208} INFO - Processing /home/airflow/.local/lib/python3.12/site-packages/airflow/example_dags/example_display_name.py took 0.152 seconds
[2026-06-29T22:16:42.306+0000] {processor.py:186} INFO - Started process (PID=1121) to work on /home/airflow/.local/lib/python3.12/site-packages/airflow/example_dags/example_display_name.py
[2026-06-29T22:16:42.310+0000] {processor.py:914} INFO - Processing file /home/airflow/.local/lib/python3.12/site-packages/airflow/example_dags/example_display_name.py for tasks to queue
[2026-06-29T22:16:42.323+0000] {logging_mixin.py:190} INFO - [2026-06-29T22:16:42.321+0000] {dagbag.py:588} INFO - Filling up the DagBag from /home/airflow/.local/lib/python3.12/site-packages/airflow/example_dags/example_display_name.py
[2026-06-29T22:16:42.343+0000] {processor.py:925} INFO - DAG(s) 'example_display_name' retrieved from /home/airflow/.local/lib/python3.12/site-packages/airflow/example_dags/example_display_name.py
[2026-06-29T22:16:42.418+0000] {logging_mixin.py:190} INFO - [2026-06-29T22:16:42.418+0000] {dag.py:3239} INFO - Sync 1 DAGs
[2026-06-29T22:16:42.469+0000] {logging_mixin.py:190} INFO - [2026-06-29T22:16:42.468+0000] {dag.py:4180} INFO - Setting next_dagrun for example_display_name to None, run_after=None
[2026-06-29T22:16:42.527+0000] {processor.py:208} INFO - Processing /home/airflow/.local/lib/python3.12/site-packages/airflow/example_dags/example_display_name.py took 0.250 seconds
[2026-06-29T22:17:13.150+0000] {processor.py:186} INFO - Started process (PID=1185) to work on /home/airflow/.local/lib/python3.12/site-packages/airflow/example_dags/example_display_name.py
[2026-06-29T22:17:13.153+0000] {processor.py:914} INFO - Processing file /home/airflow/.local/lib/python3.12/site-packages/airflow/example_dags/example_display_name.py for tasks to queue
[2026-06-29T22:17:13.159+0000] {logging_mixin.py:190} INFO - [2026-06-29T22:17:13.158+0000] {dagbag.py:588} INFO - Filling up the DagBag from /home/airflow/.local/lib/python3.12/site-packages/airflow/example_dags/example_display_name.py
[2026-06-29T22:17:13.173+0000] {processor.py:925} INFO - DAG(s) 'example_display_name' retrieved from /home/airflow/.local/lib/python3.12/site-packages/airflow/example_dags/example_display_name.py
[2026-06-29T22:17:13.217+0000] {logging_mixin.py:190} INFO - [2026-06-29T22:17:13.217+0000] {dag.py:3239} INFO - Sync 1 DAGs
[2026-06-29T22:17:13.252+0000] {logging_mixin.py:190} INFO - [2026-06-29T22:17:13.252+0000] {dag.py:4180} INFO - Setting next_dagrun for example_display_name to None, run_after=None
[2026-06-29T22:17:13.300+0000] {processor.py:208} INFO - Processing /home/airflow/.local/lib/python3.12/site-packages/airflow/example_dags/example_display_name.py took 0.159 seconds
[2026-06-29T22:17:43.651+0000] {processor.py:186} INFO - Started process (PID=1249) to work on /home/airflow/.local/lib/python3.12/site-packages/airflow/example_dags/example_display_name.py
[2026-06-29T22:17:43.655+0000] {processor.py:914} INFO - Processing file /home/airflow/.local/lib/python3.12/site-packages/airflow/example_dags/example_display_name.py for tasks to queue
[2026-06-29T22:17:43.663+0000] {logging_mixin.py:190} INFO - [2026-06-29T22:17:43.662+0000] {dagbag.py:588} INFO - Filling up the DagBag from /home/airflow/.local/lib/python3.12/site-packages/airflow/example_dags/example_display_name.py
[2026-06-29T22:17:43.685+0000] {processor.py:925} INFO - DAG(s) 'example_display_name' retrieved from /home/airflow/.local/lib/python3.12/site-packages/airflow/example_dags/example_display_name.py
[2026-06-29T22:17:43.745+0000] {logging_mixin.py:190} INFO - [2026-06-29T22:17:43.744+0000] {dag.py:3239} INFO - Sync 1 DAGs
[2026-06-29T22:17:43.776+0000] {logging_mixin.py:190} INFO - [2026-06-29T22:17:43.775+0000] {dag.py:4180} INFO - Setting next_dagrun for example_display_name to None, run_after=None
[2026-06-29T22:17:43.823+0000] {processor.py:208} INFO - Processing /home/airflow/.local/lib/python3.12/site-packages/airflow/example_dags/example_display_name.py took 0.188 seconds
[2026-06-29T22:18:14.398+0000] {processor.py:186} INFO - Started process (PID=1313) to work on /home/airflow/.local/lib/python3.12/site-packages/airflow/example_dags/example_display_name.py
[2026-06-29T22:18:14.400+0000] {processor.py:914} INFO - Processing file /home/airflow/.local/lib/python3.12/site-packages/airflow/example_dags/example_display_name.py for tasks to queue
[2026-06-29T22:18:14.405+0000] {logging_mixin.py:190} INFO - [2026-06-29T22:18:14.404+0000] {dagbag.py:588} INFO - Filling up the DagBag from /home/airflow/.local/lib/python3.12/site-packages/airflow/example_dags/example_display_name.py
[2026-06-29T22:18:14.417+0000] {processor.py:925} INFO - DAG(s) 'example_display_name' retrieved from /home/airflow/.local/lib/python3.12/site-packages/airflow/example_dags/example_display_name.py
[2026-06-29T22:18:14.453+0000] {logging_mixin.py:190} INFO - [2026-06-29T22:18:14.452+0000] {dag.py:3239} INFO - Sync 1 DAGs
[2026-06-29T22:18:14.477+0000] {logging_mixin.py:190} INFO - [2026-06-29T22:18:14.476+0000] {dag.py:4180} INFO - Setting next_dagrun for example_display_name to None, run_after=None
[2026-06-29T22:18:14.511+0000] {processor.py:208} INFO - Processing /home/airflow/.local/lib/python3.12/site-packages/airflow/example_dags/example_display_name.py took 0.121 seconds
[2026-06-29T22:18:44.959+0000] {processor.py:186} INFO - Started process (PID=1377) to work on /home/airflow/.local/lib/python3.12/site-packages/airflow/example_dags/example_display_name.py
[2026-06-29T22:18:44.961+0000] {processor.py:914} INFO - Processing file /home/airflow/.local/lib/python3.12/site-packages/airflow/example_dags/example_display_name.py for tasks to queue
[2026-06-29T22:18:44.968+0000] {logging_mixin.py:190} INFO - [2026-06-29T22:18:44.967+0000] {dagbag.py:588} INFO - Filling up the DagBag from /home/airflow/.local/lib/python3.12/site-packages/airflow/example_dags/example_display_name.py
[2026-06-29T22:18:44.983+0000] {processor.py:925} INFO - DAG(s) 'example_display_name' retrieved from /home/airflow/.local/lib/python3.12/site-packages/airflow/example_dags/example_display_name.py
[2026-06-29T22:18:45.026+0000] {logging_mixin.py:190} INFO - [2026-06-29T22:18:45.025+0000] {dag.py:3239} INFO - Sync 1 DAGs
[2026-06-29T22:18:45.044+0000] {logging_mixin.py:190} INFO - [2026-06-29T22:18:45.044+0000] {dag.py:4180} INFO - Setting next_dagrun for example_display_name to None, run_after=None
[2026-06-29T22:18:45.075+0000] {processor.py:208} INFO - Processing /home/airflow/.local/lib/python3.12/site-packages/airflow/example_dags/example_display_name.py took 0.127 seconds
[2026-06-29T22:19:15.381+0000] {processor.py:186} INFO - Started process (PID=1441) to work on /home/airflow/.local/lib/python3.12/site-packages/airflow/example_dags/example_display_name.py
[2026-06-29T22:19:15.383+0000] {processor.py:914} INFO - Processing file /home/airflow/.local/lib/python3.12/site-packages/airflow/example_dags/example_display_name.py for tasks to queue
[2026-06-29T22:19:15.386+0000] {logging_mixin.py:190} INFO - [2026-06-29T22:19:15.386+0000] {dagbag.py:588} INFO - Filling up the DagBag from /home/airflow/.local/lib/python3.12/site-packages/airflow/example_dags/example_display_name.py
[2026-06-29T22:19:15.396+0000] {processor.py:925} INFO - DAG(s) 'example_display_name' retrieved from /home/airflow/.local/lib/python3.12/site-packages/airflow/example_dags/example_display_name.py
[2026-06-29T22:19:15.420+0000] {logging_mixin.py:190} INFO - [2026-06-29T22:19:15.420+0000] {dag.py:3239} INFO - Sync 1 DAGs
[2026-06-29T22:19:15.437+0000] {logging_mixin.py:190} INFO - [2026-06-29T22:19:15.437+0000] {dag.py:4180} INFO - Setting next_dagrun for example_display_name to None, run_after=None
[2026-06-29T22:19:15.461+0000] {processor.py:208} INFO - Processing /home/airflow/.local/lib/python3.12/site-packages/airflow/example_dags/example_display_name.py took 0.087 seconds
[2026-06-29T22:19:45.716+0000] {processor.py:186} INFO - Started process (PID=1505) to work on /home/airflow/.local/lib/python3.12/site-packages/airflow/example_dags/example_display_name.py
[2026-06-29T22:19:45.718+0000] {processor.py:914} INFO - Processing file /home/airflow/.local/lib/python3.12/site-packages/airflow/example_dags/example_display_name.py for tasks to queue
[2026-06-29T22:19:45.722+0000] {logging_mixin.py:190} INFO - [2026-06-29T22:19:45.721+0000] {dagbag.py:588} INFO - Filling up the DagBag from /home/airflow/.local/lib/python3.12/site-packages/airflow/example_dags/example_display_name.py
[2026-06-29T22:19:45.733+0000] {processor.py:925} INFO - DAG(s) 'example_display_name' retrieved from /home/airflow/.local/lib/python3.12/site-packages/airflow/example_dags/example_display_name.py
[2026-06-29T22:19:45.763+0000] {logging_mixin.py:190} INFO - [2026-06-29T22:19:45.763+0000] {dag.py:3239} INFO - Sync 1 DAGs
[2026-06-29T22:19:45.786+0000] {logging_mixin.py:190} INFO - [2026-06-29T22:19:45.786+0000] {dag.py:4180} INFO - Setting next_dagrun for example_display_name to None, run_after=None
[2026-06-29T22:19:45.823+0000] {processor.py:208} INFO - Processing /home/airflow/.local/lib/python3.12/site-packages/airflow/example_dags/example_display_name.py took 0.117 seconds
[2026-06-29T22:20:18.011+0000] {processor.py:186} INFO - Started process (PID=1565) to work on /home/airflow/.local/lib/python3.12/site-packages/airflow/example_dags/example_display_name.py
[2026-06-29T22:20:18.017+0000] {processor.py:914} INFO - Processing file /home/airflow/.local/lib/python3.12/site-packages/airflow/example_dags/example_display_name.py for tasks to queue
[2026-06-29T22:20:18.026+0000] {logging_mixin.py:190} INFO - [2026-06-29T22:20:18.025+0000] {dagbag.py:588} INFO - Filling up the DagBag from /home/airflow/.local/lib/python3.12/site-packages/airflow/example_dags/example_display_name.py
[2026-06-29T22:20:18.044+0000] {processor.py:925} INFO - DAG(s) 'example_display_name' retrieved from /home/airflow/.local/lib/python3.12/site-packages/airflow/example_dags/example_display_name.py
[2026-06-29T22:20:18.120+0000] {logging_mixin.py:190} INFO - [2026-06-29T22:20:18.120+0000] {dag.py:3239} INFO - Sync 1 DAGs
[2026-06-29T22:20:18.176+0000] {logging_mixin.py:190} INFO - [2026-06-29T22:20:18.175+0000] {dag.py:4180} INFO - Setting next_dagrun for example_display_name to None, run_after=None
[2026-06-29T22:20:18.262+0000] {processor.py:208} INFO - Processing /home/airflow/.local/lib/python3.12/site-packages/airflow/example_dags/example_display_name.py took 0.264 seconds
[2026-06-29T22:20:51.808+0000] {processor.py:186} INFO - Started process (PID=1626) to work on /home/airflow/.local/lib/python3.12/site-packages/airflow/example_dags/example_display_name.py
[2026-06-29T22:20:51.822+0000] {processor.py:914} INFO - Processing file /home/airflow/.local/lib/python3.12/site-packages/airflow/example_dags/example_display_name.py for tasks to queue
[2026-06-29T22:20:51.837+0000] {logging_mixin.py:190} INFO - [2026-06-29T22:20:51.837+0000] {dagbag.py:588} INFO - Filling up the DagBag from /home/airflow/.local/lib/python3.12/site-packages/airflow/example_dags/example_display_name.py
[2026-06-29T22:20:51.863+0000] {processor.py:925} INFO - DAG(s) 'example_display_name' retrieved from /home/airflow/.local/lib/python3.12/site-packages/airflow/example_dags/example_display_name.py
[2026-06-29T22:20:51.917+0000] {logging_mixin.py:190} INFO - [2026-06-29T22:20:51.916+0000] {dag.py:3239} INFO - Sync 1 DAGs
[2026-06-29T22:20:51.961+0000] {logging_mixin.py:190} INFO - [2026-06-29T22:20:51.959+0000] {dag.py:4180} INFO - Setting next_dagrun for example_display_name to None, run_after=None
[2026-06-29T22:20:52.065+0000] {processor.py:208} INFO - Processing /home/airflow/.local/lib/python3.12/site-packages/airflow/example_dags/example_display_name.py took 0.268 seconds
[2026-06-29T22:21:22.460+0000] {processor.py:186} INFO - Started process (PID=1689) to work on /home/airflow/.local/lib/python3.12/site-packages/airflow/example_dags/example_display_name.py
[2026-06-29T22:21:22.463+0000] {processor.py:914} INFO - Processing file /home/airflow/.local/lib/python3.12/site-packages/airflow/example_dags/example_display_name.py for tasks to queue
[2026-06-29T22:21:22.470+0000] {logging_mixin.py:190} INFO - [2026-06-29T22:21:22.469+0000] {dagbag.py:588} INFO - Filling up the DagBag from /home/airflow/.local/lib/python3.12/site-packages/airflow/example_dags/example_display_name.py
[2026-06-29T22:21:22.499+0000] {processor.py:925} INFO - DAG(s) 'example_display_name' retrieved from /home/airflow/.local/lib/python3.12/site-packages/airflow/example_dags/example_display_name.py
[2026-06-29T22:21:22.554+0000] {logging_mixin.py:190} INFO - [2026-06-29T22:21:22.554+0000] {dag.py:3239} INFO - Sync 1 DAGs
[2026-06-29T22:21:22.582+0000] {logging_mixin.py:190} INFO - [2026-06-29T22:21:22.582+0000] {dag.py:4180} INFO - Setting next_dagrun for example_display_name to None, run_after=None
[2026-06-29T22:21:22.632+0000] {processor.py:208} INFO - Processing /home/airflow/.local/lib/python3.12/site-packages/airflow/example_dags/example_display_name.py took 0.192 seconds
[2026-06-29T22:21:52.832+0000] {processor.py:186} INFO - Started process (PID=1753) to work on /home/airflow/.local/lib/python3.12/site-packages/airflow/example_dags/example_display_name.py
[2026-06-29T22:21:52.833+0000] {processor.py:914} INFO - Processing file /home/airflow/.local/lib/python3.12/site-packages/airflow/example_dags/example_display_name.py for tasks to queue
[2026-06-29T22:21:52.837+0000] {logging_mixin.py:190} INFO - [2026-06-29T22:21:52.837+0000] {dagbag.py:588} INFO - Filling up the DagBag from /home/airflow/.local/lib/python3.12/site-packages/airflow/example_dags/example_display_name.py
[2026-06-29T22:21:52.848+0000] {processor.py:925} INFO - DAG(s) 'example_display_name' retrieved from /home/airflow/.local/lib/python3.12/site-packages/airflow/example_dags/example_display_name.py
[2026-06-29T22:21:52.869+0000] {logging_mixin.py:190} INFO - [2026-06-29T22:21:52.868+0000] {dag.py:3239} INFO - Sync 1 DAGs
[2026-06-29T22:21:52.883+0000] {logging_mixin.py:190} INFO - [2026-06-29T22:21:52.883+0000] {dag.py:4180} INFO - Setting next_dagrun for example_display_name to None, run_after=None
[2026-06-29T22:21:52.902+0000] {processor.py:208} INFO - Processing /home/airflow/.local/lib/python3.12/site-packages/airflow/example_dags/example_display_name.py took 0.079 seconds
[2026-06-29T22:22:23.689+0000] {processor.py:186} INFO - Started process (PID=1816) to work on /home/airflow/.local/lib/python3.12/site-packages/airflow/example_dags/example_display_name.py
[2026-06-29T22:22:23.690+0000] {processor.py:914} INFO - Processing file /home/airflow/.local/lib/python3.12/site-packages/airflow/example_dags/example_display_name.py for tasks to queue
[2026-06-29T22:22:23.695+0000] {logging_mixin.py:190} INFO - [2026-06-29T22:22:23.694+0000] {dagbag.py:588} INFO - Filling up the DagBag from /home/airflow/.local/lib/python3.12/site-packages/airflow/example_dags/example_display_name.py
[2026-06-29T22:22:23.705+0000] {processor.py:925} INFO - DAG(s) 'example_display_name' retrieved from /home/airflow/.local/lib/python3.12/site-packages/airflow/example_dags/example_display_name.py
[2026-06-29T22:22:23.727+0000] {logging_mixin.py:190} INFO - [2026-06-29T22:22:23.726+0000] {dag.py:3239} INFO - Sync 1 DAGs
[2026-06-29T22:22:23.743+0000] {logging_mixin.py:190} INFO - [2026-06-29T22:22:23.743+0000] {dag.py:4180} INFO - Setting next_dagrun for example_display_name to None, run_after=None
[2026-06-29T22:22:23.767+0000] {processor.py:208} INFO - Processing /home/airflow/.local/lib/python3.12/site-packages/airflow/example_dags/example_display_name.py took 0.085 seconds
[2026-06-29T22:22:53.912+0000] {processor.py:186} INFO - Started process (PID=1881) to work on /home/airflow/.local/lib/python3.12/site-packages/airflow/example_dags/example_display_name.py
[2026-06-29T22:22:53.914+0000] {processor.py:914} INFO - Processing file /home/airflow/.local/lib/python3.12/site-packages/airflow/example_dags/example_display_name.py for tasks to queue
[2026-06-29T22:22:53.917+0000] {logging_mixin.py:190} INFO - [2026-06-29T22:22:53.916+0000] {dagbag.py:588} INFO - Filling up the DagBag from /home/airflow/.local/lib/python3.12/site-packages/airflow/example_dags/example_display_name.py
[2026-06-29T22:22:53.926+0000] {processor.py:925} INFO - DAG(s) 'example_display_name' retrieved from /home/airflow/.local/lib/python3.12/site-packages/airflow/example_dags/example_display_name.py
[2026-06-29T22:22:53.945+0000] {logging_mixin.py:190} INFO - [2026-06-29T22:22:53.945+0000] {dag.py:3239} INFO - Sync 1 DAGs
[2026-06-29T22:22:53.960+0000] {logging_mixin.py:190} INFO - [2026-06-29T22:22:53.959+0000] {dag.py:4180} INFO - Setting next_dagrun for example_display_name to None, run_after=None
[2026-06-29T22:22:53.981+0000] {processor.py:208} INFO - Processing /home/airflow/.local/lib/python3.12/site-packages/airflow/example_dags/example_display_name.py took 0.076 seconds
[2026-06-29T22:23:24.504+0000] {processor.py:186} INFO - Started process (PID=1944) to work on /home/airflow/.local/lib/python3.12/site-packages/airflow/example_dags/example_display_name.py
[2026-06-29T22:23:24.506+0000] {processor.py:914} INFO - Processing file /home/airflow/.local/lib/python3.12/site-packages/airflow/example_dags/example_display_name.py for tasks to queue
[2026-06-29T22:23:24.511+0000] {logging_mixin.py:190} INFO - [2026-06-29T22:23:24.510+0000] {dagbag.py:588} INFO - Filling up the DagBag from /home/airflow/.local/lib/python3.12/site-packages/airflow/example_dags/example_display_name.py
[2026-06-29T22:23:24.520+0000] {processor.py:925} INFO - DAG(s) 'example_display_name' retrieved from /home/airflow/.local/lib/python3.12/site-packages/airflow/example_dags/example_display_name.py
[2026-06-29T22:23:24.545+0000] {logging_mixin.py:190} INFO - [2026-06-29T22:23:24.545+0000] {dag.py:3239} INFO - Sync 1 DAGs
[2026-06-29T22:23:24.561+0000] {logging_mixin.py:190} INFO - [2026-06-29T22:23:24.561+0000] {dag.py:4180} INFO - Setting next_dagrun for example_display_name to None, run_after=None
[2026-06-29T22:23:24.581+0000] {processor.py:208} INFO - Processing /home/airflow/.local/lib/python3.12/site-packages/airflow/example_dags/example_display_name.py took 0.082 seconds
[2026-06-29T22:23:55.323+0000] {processor.py:186} INFO - Started process (PID=2008) to work on /home/airflow/.local/lib/python3.12/site-packages/airflow/example_dags/example_display_name.py
[2026-06-29T22:23:55.325+0000] {processor.py:914} INFO - Processing file /home/airflow/.local/lib/python3.12/site-packages/airflow/example_dags/example_display_name.py for tasks to queue
[2026-06-29T22:23:55.328+0000] {logging_mixin.py:190} INFO - [2026-06-29T22:23:55.328+0000] {dagbag.py:588} INFO - Filling up the DagBag from /home/airflow/.local/lib/python3.12/site-packages/airflow/example_dags/example_display_name.py
[2026-06-29T22:23:55.339+0000] {processor.py:925} INFO - DAG(s) 'example_display_name' retrieved from /home/airflow/.local/lib/python3.12/site-packages/airflow/example_dags/example_display_name.py
[2026-06-29T22:23:55.363+0000] {logging_mixin.py:190} INFO - [2026-06-29T22:23:55.363+0000] {dag.py:3239} INFO - Sync 1 DAGs
[2026-06-29T22:23:55.379+0000] {logging_mixin.py:190} INFO - [2026-06-29T22:23:55.379+0000] {dag.py:4180} INFO - Setting next_dagrun for example_display_name to None, run_after=None
[2026-06-29T22:23:55.399+0000] {processor.py:208} INFO - Processing /home/airflow/.local/lib/python3.12/site-packages/airflow/example_dags/example_display_name.py took 0.082 seconds
[2026-06-29T22:24:25.638+0000] {processor.py:186} INFO - Started process (PID=2072) to work on /home/airflow/.local/lib/python3.12/site-packages/airflow/example_dags/example_display_name.py
[2026-06-29T22:24:25.639+0000] {processor.py:914} INFO - Processing file /home/airflow/.local/lib/python3.12/site-packages/airflow/example_dags/example_display_name.py for tasks to queue
[2026-06-29T22:24:25.643+0000] {logging_mixin.py:190} INFO - [2026-06-29T22:24:25.642+0000] {dagbag.py:588} INFO - Filling up the DagBag from /home/airflow/.local/lib/python3.12/site-packages/airflow/example_dags/example_display_name.py
[2026-06-29T22:24:25.652+0000] {processor.py:925} INFO - DAG(s) 'example_display_name' retrieved from /home/airflow/.local/lib/python3.12/site-packages/airflow/example_dags/example_display_name.py
[2026-06-29T22:24:25.676+0000] {logging_mixin.py:190} INFO - [2026-06-29T22:24:25.676+0000] {dag.py:3239} INFO - Sync 1 DAGs
[2026-06-29T22:24:25.686+0000] {logging_mixin.py:190} INFO - [2026-06-29T22:24:25.686+0000] {dag.py:4180} INFO - Setting next_dagrun for example_display_name to None, run_after=None
[2026-06-29T22:24:25.707+0000] {processor.py:208} INFO - Processing /home/airflow/.local/lib/python3.12/site-packages/airflow/example_dags/example_display_name.py took 0.080 seconds
[2026-06-29T22:24:56.275+0000] {processor.py:186} INFO - Started process (PID=2136) to work on /home/airflow/.local/lib/python3.12/site-packages/airflow/example_dags/example_display_name.py
[2026-06-29T22:24:56.277+0000] {processor.py:914} INFO - Processing file /home/airflow/.local/lib/python3.12/site-packages/airflow/example_dags/example_display_name.py for tasks to queue
[2026-06-29T22:24:56.282+0000] {logging_mixin.py:190} INFO - [2026-06-29T22:24:56.281+0000] {dagbag.py:588} INFO - Filling up the DagBag from /home/airflow/.local/lib/python3.12/site-packages/airflow/example_dags/example_display_name.py
[2026-06-29T22:24:56.292+0000] {processor.py:925} INFO - DAG(s) 'example_display_name' retrieved from /home/airflow/.local/lib/python3.12/site-packages/airflow/example_dags/example_display_name.py
[2026-06-29T22:24:56.317+0000] {logging_mixin.py:190} INFO - [2026-06-29T22:24:56.317+0000] {dag.py:3239} INFO - Sync 1 DAGs
[2026-06-29T22:24:56.335+0000] {logging_mixin.py:190} INFO - [2026-06-29T22:24:56.334+0000] {dag.py:4180} INFO - Setting next_dagrun for example_display_name to None, run_after=None
[2026-06-29T22:24:56.355+0000] {processor.py:208} INFO - Processing /home/airflow/.local/lib/python3.12/site-packages/airflow/example_dags/example_display_name.py took 0.090 seconds
[2026-06-29T22:25:26.963+0000] {processor.py:186} INFO - Started process (PID=2200) to work on /home/airflow/.local/lib/python3.12/site-packages/airflow/example_dags/example_display_name.py
[2026-06-29T22:25:26.966+0000] {processor.py:914} INFO - Processing file /home/airflow/.local/lib/python3.12/site-packages/airflow/example_dags/example_display_name.py for tasks to queue
[2026-06-29T22:25:26.972+0000] {logging_mixin.py:190} INFO - [2026-06-29T22:25:26.971+0000] {dagbag.py:588} INFO - Filling up the DagBag from /home/airflow/.local/lib/python3.12/site-packages/airflow/example_dags/example_display_name.py
[2026-06-29T22:25:26.987+0000] {processor.py:925} INFO - DAG(s) 'example_display_name' retrieved from /home/airflow/.local/lib/python3.12/site-packages/airflow/example_dags/example_display_name.py
[2026-06-29T22:25:27.022+0000] {logging_mixin.py:190} INFO - [2026-06-29T22:25:27.022+0000] {dag.py:3239} INFO - Sync 1 DAGs
[2026-06-29T22:25:27.051+0000] {logging_mixin.py:190} INFO - [2026-06-29T22:25:27.051+0000] {dag.py:4180} INFO - Setting next_dagrun for example_display_name to None, run_after=None
[2026-06-29T22:25:27.087+0000] {processor.py:208} INFO - Processing /home/airflow/.local/lib/python3.12/site-packages/airflow/example_dags/example_display_name.py took 0.132 seconds
[2026-06-29T22:25:57.392+0000] {processor.py:186} INFO - Started process (PID=2264) to work on /home/airflow/.local/lib/python3.12/site-packages/airflow/example_dags/example_display_name.py
[2026-06-29T22:25:57.394+0000] {processor.py:914} INFO - Processing file /home/airflow/.local/lib/python3.12/site-packages/airflow/example_dags/example_display_name.py for tasks to queue
[2026-06-29T22:25:57.399+0000] {logging_mixin.py:190} INFO - [2026-06-29T22:25:57.398+0000] {dagbag.py:588} INFO - Filling up the DagBag from /home/airflow/.local/lib/python3.12/site-packages/airflow/example_dags/example_display_name.py
[2026-06-29T22:25:57.409+0000] {processor.py:925} INFO - DAG(s) 'example_display_name' retrieved from /home/airflow/.local/lib/python3.12/site-packages/airflow/example_dags/example_display_name.py
[2026-06-29T22:25:57.436+0000] {logging_mixin.py:190} INFO - [2026-06-29T22:25:57.436+0000] {dag.py:3239} INFO - Sync 1 DAGs
[2026-06-29T22:25:57.459+0000] {logging_mixin.py:190} INFO - [2026-06-29T22:25:57.458+0000] {dag.py:4180} INFO - Setting next_dagrun for example_display_name to None, run_after=None
[2026-06-29T22:25:57.497+0000] {processor.py:208} INFO - Processing /home/airflow/.local/lib/python3.12/site-packages/airflow/example_dags/example_display_name.py took 0.112 seconds
[2026-06-29T22:26:28.311+0000] {processor.py:186} INFO - Started process (PID=2328) to work on /home/airflow/.local/lib/python3.12/site-packages/airflow/example_dags/example_display_name.py
[2026-06-29T22:26:28.312+0000] {processor.py:914} INFO - Processing file /home/airflow/.local/lib/python3.12/site-packages/airflow/example_dags/example_display_name.py for tasks to queue
[2026-06-29T22:26:28.315+0000] {logging_mixin.py:190} INFO - [2026-06-29T22:26:28.315+0000] {dagbag.py:588} INFO - Filling up the DagBag from /home/airflow/.local/lib/python3.12/site-packages/airflow/example_dags/example_display_name.py
[2026-06-29T22:26:28.324+0000] {processor.py:925} INFO - DAG(s) 'example_display_name' retrieved from /home/airflow/.local/lib/python3.12/site-packages/airflow/example_dags/example_display_name.py
[2026-06-29T22:26:28.346+0000] {logging_mixin.py:190} INFO - [2026-06-29T22:26:28.345+0000] {dag.py:3239} INFO - Sync 1 DAGs
[2026-06-29T22:26:28.359+0000] {logging_mixin.py:190} INFO - [2026-06-29T22:26:28.359+0000] {dag.py:4180} INFO - Setting next_dagrun for example_display_name to None, run_after=None
[2026-06-29T22:26:28.379+0000] {processor.py:208} INFO - Processing /home/airflow/.local/lib/python3.12/site-packages/airflow/example_dags/example_display_name.py took 0.074 seconds
[2026-06-29T22:26:58.558+0000] {processor.py:186} INFO - Started process (PID=2392) to work on /home/airflow/.local/lib/python3.12/site-packages/airflow/example_dags/example_display_name.py
[2026-06-29T22:26:58.559+0000] {processor.py:914} INFO - Processing file /home/airflow/.local/lib/python3.12/site-packages/airflow/example_dags/example_display_name.py for tasks to queue
[2026-06-29T22:26:58.563+0000] {logging_mixin.py:190} INFO - [2026-06-29T22:26:58.562+0000] {dagbag.py:588} INFO - Filling up the DagBag from /home/airflow/.local/lib/python3.12/site-packages/airflow/example_dags/example_display_name.py
[2026-06-29T22:26:58.573+0000] {processor.py:925} INFO - DAG(s) 'example_display_name' retrieved from /home/airflow/.local/lib/python3.12/site-packages/airflow/example_dags/example_display_name.py
[2026-06-29T22:26:58.596+0000] {logging_mixin.py:190} INFO - [2026-06-29T22:26:58.596+0000] {dag.py:3239} INFO - Sync 1 DAGs
[2026-06-29T22:26:58.613+0000] {logging_mixin.py:190} INFO - [2026-06-29T22:26:58.613+0000] {dag.py:4180} INFO - Setting next_dagrun for example_display_name to None, run_after=None
[2026-06-29T22:26:58.636+0000] {processor.py:208} INFO - Processing /home/airflow/.local/lib/python3.12/site-packages/airflow/example_dags/example_display_name.py took 0.086 seconds
[2026-06-29T22:27:28.896+0000] {processor.py:186} INFO - Started process (PID=2456) to work on /home/airflow/.local/lib/python3.12/site-packages/airflow/example_dags/example_display_name.py
[2026-06-29T22:27:28.898+0000] {processor.py:914} INFO - Processing file /home/airflow/.local/lib/python3.12/site-packages/airflow/example_dags/example_display_name.py for tasks to queue
[2026-06-29T22:27:28.901+0000] {logging_mixin.py:190} INFO - [2026-06-29T22:27:28.901+0000] {dagbag.py:588} INFO - Filling up the DagBag from /home/airflow/.local/lib/python3.12/site-packages/airflow/example_dags/example_display_name.py
[2026-06-29T22:27:28.911+0000] {processor.py:925} INFO - DAG(s) 'example_display_name' retrieved from /home/airflow/.local/lib/python3.12/site-packages/airflow/example_dags/example_display_name.py
[2026-06-29T22:27:28.935+0000] {logging_mixin.py:190} INFO - [2026-06-29T22:27:28.935+0000] {dag.py:3239} INFO - Sync 1 DAGs
[2026-06-29T22:27:28.949+0000] {logging_mixin.py:190} INFO - [2026-06-29T22:27:28.949+0000] {dag.py:4180} INFO - Setting next_dagrun for example_display_name to None, run_after=None
[2026-06-29T22:27:28.969+0000] {processor.py:208} INFO - Processing /home/airflow/.local/lib/python3.12/site-packages/airflow/example_dags/example_display_name.py took 0.080 seconds
[2026-06-29T22:27:59.808+0000] {processor.py:186} INFO - Started process (PID=2518) to work on /home/airflow/.local/lib/python3.12/site-packages/airflow/example_dags/example_display_name.py
[2026-06-29T22:27:59.810+0000] {processor.py:914} INFO - Processing file /home/airflow/.local/lib/python3.12/site-packages/airflow/example_dags/example_display_name.py for tasks to queue
[2026-06-29T22:27:59.814+0000] {logging_mixin.py:190} INFO - [2026-06-29T22:27:59.814+0000] {dagbag.py:588} INFO - Filling up the DagBag from /home/airflow/.local/lib/python3.12/site-packages/airflow/example_dags/example_display_name.py
[2026-06-29T22:27:59.830+0000] {processor.py:925} INFO - DAG(s) 'example_display_name' retrieved from /home/airflow/.local/lib/python3.12/site-packages/airflow/example_dags/example_display_name.py
[2026-06-29T22:27:59.872+0000] {logging_mixin.py:190} INFO - [2026-06-29T22:27:59.871+0000] {dag.py:3239} INFO - Sync 1 DAGs
[2026-06-29T22:27:59.898+0000] {logging_mixin.py:190} INFO - [2026-06-29T22:27:59.897+0000] {dag.py:4180} INFO - Setting next_dagrun for example_display_name to None, run_after=None
[2026-06-29T22:27:59.942+0000] {processor.py:208} INFO - Processing /home/airflow/.local/lib/python3.12/site-packages/airflow/example_dags/example_display_name.py took 0.142 seconds
[2026-06-29T22:28:30.673+0000] {processor.py:186} INFO - Started process (PID=2579) to work on /home/airflow/.local/lib/python3.12/site-packages/airflow/example_dags/example_display_name.py
[2026-06-29T22:28:30.677+0000] {processor.py:914} INFO - Processing file /home/airflow/.local/lib/python3.12/site-packages/airflow/example_dags/example_display_name.py for tasks to queue
[2026-06-29T22:28:30.687+0000] {logging_mixin.py:190} INFO - [2026-06-29T22:28:30.685+0000] {dagbag.py:588} INFO - Filling up the DagBag from /home/airflow/.local/lib/python3.12/site-packages/airflow/example_dags/example_display_name.py
[2026-06-29T22:28:30.708+0000] {processor.py:925} INFO - DAG(s) 'example_display_name' retrieved from /home/airflow/.local/lib/python3.12/site-packages/airflow/example_dags/example_display_name.py
[2026-06-29T22:28:30.808+0000] {logging_mixin.py:190} INFO - [2026-06-29T22:28:30.807+0000] {dag.py:3239} INFO - Sync 1 DAGs
[2026-06-29T22:28:30.896+0000] {logging_mixin.py:190} INFO - [2026-06-29T22:28:30.895+0000] {dag.py:4180} INFO - Setting next_dagrun for example_display_name to None, run_after=None
[2026-06-29T22:28:31.022+0000] {processor.py:208} INFO - Processing /home/airflow/.local/lib/python3.12/site-packages/airflow/example_dags/example_display_name.py took 0.376 seconds
[2026-06-29T22:29:01.480+0000] {processor.py:186} INFO - Started process (PID=2642) to work on /home/airflow/.local/lib/python3.12/site-packages/airflow/example_dags/example_display_name.py
[2026-06-29T22:29:01.482+0000] {processor.py:914} INFO - Processing file /home/airflow/.local/lib/python3.12/site-packages/airflow/example_dags/example_display_name.py for tasks to queue
[2026-06-29T22:29:01.487+0000] {logging_mixin.py:190} INFO - [2026-06-29T22:29:01.486+0000] {dagbag.py:588} INFO - Filling up the DagBag from /home/airflow/.local/lib/python3.12/site-packages/airflow/example_dags/example_display_name.py
[2026-06-29T22:29:01.509+0000] {processor.py:925} INFO - DAG(s) 'example_display_name' retrieved from /home/airflow/.local/lib/python3.12/site-packages/airflow/example_dags/example_display_name.py
[2026-06-29T22:29:01.550+0000] {logging_mixin.py:190} INFO - [2026-06-29T22:29:01.550+0000] {dag.py:3239} INFO - Sync 1 DAGs
[2026-06-29T22:29:01.583+0000] {logging_mixin.py:190} INFO - [2026-06-29T22:29:01.582+0000] {dag.py:4180} INFO - Setting next_dagrun for example_display_name to None, run_after=None
[2026-06-29T22:29:01.625+0000] {processor.py:208} INFO - Processing /home/airflow/.local/lib/python3.12/site-packages/airflow/example_dags/example_display_name.py took 0.161 seconds
[2026-06-29T22:29:32.483+0000] {processor.py:186} INFO - Started process (PID=2706) to work on /home/airflow/.local/lib/python3.12/site-packages/airflow/example_dags/example_display_name.py
[2026-06-29T22:29:32.485+0000] {processor.py:914} INFO - Processing file /home/airflow/.local/lib/python3.12/site-packages/airflow/example_dags/example_display_name.py for tasks to queue
[2026-06-29T22:29:32.489+0000] {logging_mixin.py:190} INFO - [2026-06-29T22:29:32.488+0000] {dagbag.py:588} INFO - Filling up the DagBag from /home/airflow/.local/lib/python3.12/site-packages/airflow/example_dags/example_display_name.py
[2026-06-29T22:29:32.508+0000] {processor.py:925} INFO - DAG(s) 'example_display_name' retrieved from /home/airflow/.local/lib/python3.12/site-packages/airflow/example_dags/example_display_name.py
[2026-06-29T22:29:32.538+0000] {logging_mixin.py:190} INFO - [2026-06-29T22:29:32.538+0000] {dag.py:3239} INFO - Sync 1 DAGs
[2026-06-29T22:29:32.557+0000] {logging_mixin.py:190} INFO - [2026-06-29T22:29:32.556+0000] {dag.py:4180} INFO - Setting next_dagrun for example_display_name to None, run_after=None
[2026-06-29T22:29:32.584+0000] {processor.py:208} INFO - Processing /home/airflow/.local/lib/python3.12/site-packages/airflow/example_dags/example_display_name.py took 0.109 seconds
[2026-06-29T22:30:03.300+0000] {processor.py:186} INFO - Started process (PID=2770) to work on /home/airflow/.local/lib/python3.12/site-packages/airflow/example_dags/example_display_name.py
[2026-06-29T22:30:03.303+0000] {processor.py:914} INFO - Processing file /home/airflow/.local/lib/python3.12/site-packages/airflow/example_dags/example_display_name.py for tasks to queue
[2026-06-29T22:30:03.311+0000] {logging_mixin.py:190} INFO - [2026-06-29T22:30:03.310+0000] {dagbag.py:588} INFO - Filling up the DagBag from /home/airflow/.local/lib/python3.12/site-packages/airflow/example_dags/example_display_name.py
[2026-06-29T22:30:03.336+0000] {processor.py:925} INFO - DAG(s) 'example_display_name' retrieved from /home/airflow/.local/lib/python3.12/site-packages/airflow/example_dags/example_display_name.py
[2026-06-29T22:30:03.384+0000] {logging_mixin.py:190} INFO - [2026-06-29T22:30:03.384+0000] {dag.py:3239} INFO - Sync 1 DAGs
[2026-06-29T22:30:03.417+0000] {logging_mixin.py:190} INFO - [2026-06-29T22:30:03.416+0000] {dag.py:4180} INFO - Setting next_dagrun for example_display_name to None, run_after=None
[2026-06-29T22:30:03.477+0000] {processor.py:208} INFO - Processing /home/airflow/.local/lib/python3.12/site-packages/airflow/example_dags/example_display_name.py took 0.194 seconds
[2026-06-29T22:30:34.779+0000] {processor.py:186} INFO - Started process (PID=2834) to work on /home/airflow/.local/lib/python3.12/site-packages/airflow/example_dags/example_display_name.py
[2026-06-29T22:30:34.783+0000] {processor.py:914} INFO - Processing file /home/airflow/.local/lib/python3.12/site-packages/airflow/example_dags/example_display_name.py for tasks to queue
[2026-06-29T22:30:34.798+0000] {logging_mixin.py:190} INFO - [2026-06-29T22:30:34.797+0000] {dagbag.py:588} INFO - Filling up the DagBag from /home/airflow/.local/lib/python3.12/site-packages/airflow/example_dags/example_display_name.py
[2026-06-29T22:30:34.841+0000] {processor.py:925} INFO - DAG(s) 'example_display_name' retrieved from /home/airflow/.local/lib/python3.12/site-packages/airflow/example_dags/example_display_name.py
[2026-06-29T22:30:34.952+0000] {logging_mixin.py:190} INFO - [2026-06-29T22:30:34.951+0000] {dag.py:3239} INFO - Sync 1 DAGs
[2026-06-29T22:30:35.045+0000] {logging_mixin.py:190} INFO - [2026-06-29T22:30:35.044+0000] {dag.py:4180} INFO - Setting next_dagrun for example_display_name to None, run_after=None
[2026-06-29T22:30:35.118+0000] {processor.py:208} INFO - Processing /home/airflow/.local/lib/python3.12/site-packages/airflow/example_dags/example_display_name.py took 0.366 seconds
[2026-06-29T22:31:06.050+0000] {processor.py:186} INFO - Started process (PID=2899) to work on /home/airflow/.local/lib/python3.12/site-packages/airflow/example_dags/example_display_name.py
[2026-06-29T22:31:06.053+0000] {processor.py:914} INFO - Processing file /home/airflow/.local/lib/python3.12/site-packages/airflow/example_dags/example_display_name.py for tasks to queue
[2026-06-29T22:31:06.057+0000] {logging_mixin.py:190} INFO - [2026-06-29T22:31:06.056+0000] {dagbag.py:588} INFO - Filling up the DagBag from /home/airflow/.local/lib/python3.12/site-packages/airflow/example_dags/example_display_name.py
[2026-06-29T22:31:06.069+0000] {processor.py:925} INFO - DAG(s) 'example_display_name' retrieved from /home/airflow/.local/lib/python3.12/site-packages/airflow/example_dags/example_display_name.py
[2026-06-29T22:31:06.094+0000] {logging_mixin.py:190} INFO - [2026-06-29T22:31:06.093+0000] {dag.py:3239} INFO - Sync 1 DAGs
[2026-06-29T22:31:06.111+0000] {logging_mixin.py:190} INFO - [2026-06-29T22:31:06.111+0000] {dag.py:4180} INFO - Setting next_dagrun for example_display_name to None, run_after=None
[2026-06-29T22:31:06.135+0000] {processor.py:208} INFO - Processing /home/airflow/.local/lib/python3.12/site-packages/airflow/example_dags/example_display_name.py took 0.093 seconds
[2026-06-29T22:31:36.432+0000] {processor.py:186} INFO - Started process (PID=2969) to work on /home/airflow/.local/lib/python3.12/site-packages/airflow/example_dags/example_display_name.py
[2026-06-29T22:31:36.435+0000] {processor.py:914} INFO - Processing file /home/airflow/.local/lib/python3.12/site-packages/airflow/example_dags/example_display_name.py for tasks to queue
[2026-06-29T22:31:36.441+0000] {logging_mixin.py:190} INFO - [2026-06-29T22:31:36.440+0000] {dagbag.py:588} INFO - Filling up the DagBag from /home/airflow/.local/lib/python3.12/site-packages/airflow/example_dags/example_display_name.py
[2026-06-29T22:31:36.456+0000] {processor.py:925} INFO - DAG(s) 'example_display_name' retrieved from /home/airflow/.local/lib/python3.12/site-packages/airflow/example_dags/example_display_name.py
[2026-06-29T22:31:36.493+0000] {logging_mixin.py:190} INFO - [2026-06-29T22:31:36.492+0000] {dag.py:3239} INFO - Sync 1 DAGs
[2026-06-29T22:31:36.521+0000] {logging_mixin.py:190} INFO - [2026-06-29T22:31:36.521+0000] {dag.py:4180} INFO - Setting next_dagrun for example_display_name to None, run_after=None
[2026-06-29T22:31:36.568+0000] {processor.py:208} INFO - Processing /home/airflow/.local/lib/python3.12/site-packages/airflow/example_dags/example_display_name.py took 0.146 seconds
[2026-06-29T22:32:07.552+0000] {processor.py:186} INFO - Started process (PID=3087) to work on /home/airflow/.local/lib/python3.12/site-packages/airflow/example_dags/example_display_name.py
[2026-06-29T22:32:07.556+0000] {processor.py:914} INFO - Processing file /home/airflow/.local/lib/python3.12/site-packages/airflow/example_dags/example_display_name.py for tasks to queue
[2026-06-29T22:32:07.570+0000] {logging_mixin.py:190} INFO - [2026-06-29T22:32:07.569+0000] {dagbag.py:588} INFO - Filling up the DagBag from /home/airflow/.local/lib/python3.12/site-packages/airflow/example_dags/example_display_name.py
[2026-06-29T22:32:07.606+0000] {processor.py:925} INFO - DAG(s) 'example_display_name' retrieved from /home/airflow/.local/lib/python3.12/site-packages/airflow/example_dags/example_display_name.py
[2026-06-29T22:32:07.673+0000] {logging_mixin.py:190} INFO - [2026-06-29T22:32:07.672+0000] {dag.py:3239} INFO - Sync 1 DAGs
[2026-06-29T22:32:07.713+0000] {logging_mixin.py:190} INFO - [2026-06-29T22:32:07.712+0000] {dag.py:4180} INFO - Setting next_dagrun for example_display_name to None, run_after=None
[2026-06-29T22:32:07.779+0000] {processor.py:208} INFO - Processing /home/airflow/.local/lib/python3.12/site-packages/airflow/example_dags/example_display_name.py took 0.253 seconds
[2026-06-29T22:32:38.629+0000] {processor.py:186} INFO - Started process (PID=3193) to work on /home/airflow/.local/lib/python3.12/site-packages/airflow/example_dags/example_display_name.py
[2026-06-29T22:32:38.631+0000] {processor.py:914} INFO - Processing file /home/airflow/.local/lib/python3.12/site-packages/airflow/example_dags/example_display_name.py for tasks to queue
[2026-06-29T22:32:38.639+0000] {logging_mixin.py:190} INFO - [2026-06-29T22:32:38.638+0000] {dagbag.py:588} INFO - Filling up the DagBag from /home/airflow/.local/lib/python3.12/site-packages/airflow/example_dags/example_display_name.py
[2026-06-29T22:32:38.661+0000] {processor.py:925} INFO - DAG(s) 'example_display_name' retrieved from /home/airflow/.local/lib/python3.12/site-packages/airflow/example_dags/example_display_name.py
[2026-06-29T22:32:38.720+0000] {logging_mixin.py:190} INFO - [2026-06-29T22:32:38.719+0000] {dag.py:3239} INFO - Sync 1 DAGs
[2026-06-29T22:32:38.785+0000] {logging_mixin.py:190} INFO - [2026-06-29T22:32:38.785+0000] {dag.py:4180} INFO - Setting next_dagrun for example_display_name to None, run_after=None
[2026-06-29T22:32:38.856+0000] {processor.py:208} INFO - Processing /home/airflow/.local/lib/python3.12/site-packages/airflow/example_dags/example_display_name.py took 0.243 seconds
[2026-06-29T22:33:09.863+0000] {processor.py:186} INFO - Started process (PID=3268) to work on /home/airflow/.local/lib/python3.12/site-packages/airflow/example_dags/example_display_name.py
[2026-06-29T22:33:09.864+0000] {processor.py:914} INFO - Processing file /home/airflow/.local/lib/python3.12/site-packages/airflow/example_dags/example_display_name.py for tasks to queue
[2026-06-29T22:33:09.869+0000] {logging_mixin.py:190} INFO - [2026-06-29T22:33:09.869+0000] {dagbag.py:588} INFO - Filling up the DagBag from /home/airflow/.local/lib/python3.12/site-packages/airflow/example_dags/example_display_name.py
[2026-06-29T22:33:09.879+0000] {processor.py:925} INFO - DAG(s) 'example_display_name' retrieved from /home/airflow/.local/lib/python3.12/site-packages/airflow/example_dags/example_display_name.py
[2026-06-29T22:33:09.905+0000] {logging_mixin.py:190} INFO - [2026-06-29T22:33:09.905+0000] {dag.py:3239} INFO - Sync 1 DAGs
[2026-06-29T22:33:09.920+0000] {logging_mixin.py:190} INFO - [2026-06-29T22:33:09.920+0000] {dag.py:4180} INFO - Setting next_dagrun for example_display_name to None, run_after=None
[2026-06-29T22:33:09.947+0000] {processor.py:208} INFO - Processing /home/airflow/.local/lib/python3.12/site-packages/airflow/example_dags/example_display_name.py took 0.094 seconds
[2026-06-29T22:33:40.902+0000] {processor.py:186} INFO - Started process (PID=3332) to work on /home/airflow/.local/lib/python3.12/site-packages/airflow/example_dags/example_display_name.py
[2026-06-29T22:33:40.906+0000] {processor.py:914} INFO - Processing file /home/airflow/.local/lib/python3.12/site-packages/airflow/example_dags/example_display_name.py for tasks to queue
[2026-06-29T22:33:40.913+0000] {logging_mixin.py:190} INFO - [2026-06-29T22:33:40.912+0000] {dagbag.py:588} INFO - Filling up the DagBag from /home/airflow/.local/lib/python3.12/site-packages/airflow/example_dags/example_display_name.py
[2026-06-29T22:33:40.927+0000] {processor.py:925} INFO - DAG(s) 'example_display_name' retrieved from /home/airflow/.local/lib/python3.12/site-packages/airflow/example_dags/example_display_name.py
[2026-06-29T22:33:40.979+0000] {logging_mixin.py:190} INFO - [2026-06-29T22:33:40.978+0000] {dag.py:3239} INFO - Sync 1 DAGs
[2026-06-29T22:33:41.033+0000] {logging_mixin.py:190} INFO - [2026-06-29T22:33:41.032+0000] {dag.py:4180} INFO - Setting next_dagrun for example_display_name to None, run_after=None
[2026-06-29T22:33:41.105+0000] {processor.py:208} INFO - Processing /home/airflow/.local/lib/python3.12/site-packages/airflow/example_dags/example_display_name.py took 0.226 seconds
[2026-06-29T22:34:11.414+0000] {processor.py:186} INFO - Started process (PID=3396) to work on /home/airflow/.local/lib/python3.12/site-packages/airflow/example_dags/example_display_name.py
[2026-06-29T22:34:11.416+0000] {processor.py:914} INFO - Processing file /home/airflow/.local/lib/python3.12/site-packages/airflow/example_dags/example_display_name.py for tasks to queue
[2026-06-29T22:34:11.420+0000] {logging_mixin.py:190} INFO - [2026-06-29T22:34:11.419+0000] {dagbag.py:588} INFO - Filling up the DagBag from /home/airflow/.local/lib/python3.12/site-packages/airflow/example_dags/example_display_name.py
[2026-06-29T22:34:11.429+0000] {processor.py:925} INFO - DAG(s) 'example_display_name' retrieved from /home/airflow/.local/lib/python3.12/site-packages/airflow/example_dags/example_display_name.py
[2026-06-29T22:34:11.455+0000] {logging_mixin.py:190} INFO - [2026-06-29T22:34:11.455+0000] {dag.py:3239} INFO - Sync 1 DAGs
[2026-06-29T22:34:11.473+0000] {logging_mixin.py:190} INFO - [2026-06-29T22:34:11.473+0000] {dag.py:4180} INFO - Setting next_dagrun for example_display_name to None, run_after=None
[2026-06-29T22:34:11.496+0000] {processor.py:208} INFO - Processing /home/airflow/.local/lib/python3.12/site-packages/airflow/example_dags/example_display_name.py took 0.091 seconds
[2026-06-29T22:34:42.963+0000] {processor.py:186} INFO - Started process (PID=3460) to work on /home/airflow/.local/lib/python3.12/site-packages/airflow/example_dags/example_display_name.py
[2026-06-29T22:34:42.966+0000] {processor.py:914} INFO - Processing file /home/airflow/.local/lib/python3.12/site-packages/airflow/example_dags/example_display_name.py for tasks to queue
[2026-06-29T22:34:42.971+0000] {logging_mixin.py:190} INFO - [2026-06-29T22:34:42.971+0000] {dagbag.py:588} INFO - Filling up the DagBag from /home/airflow/.local/lib/python3.12/site-packages/airflow/example_dags/example_display_name.py
[2026-06-29T22:34:42.994+0000] {processor.py:925} INFO - DAG(s) 'example_display_name' retrieved from /home/airflow/.local/lib/python3.12/site-packages/airflow/example_dags/example_display_name.py
[2026-06-29T22:34:43.050+0000] {logging_mixin.py:190} INFO - [2026-06-29T22:34:43.050+0000] {dag.py:3239} INFO - Sync 1 DAGs
[2026-06-29T22:34:43.097+0000] {logging_mixin.py:190} INFO - [2026-06-29T22:34:43.096+0000] {dag.py:4180} INFO - Setting next_dagrun for example_display_name to None, run_after=None
[2026-06-29T22:34:43.159+0000] {processor.py:208} INFO - Processing /home/airflow/.local/lib/python3.12/site-packages/airflow/example_dags/example_display_name.py took 0.210 seconds
[2026-06-29T22:35:13.280+0000] {processor.py:186} INFO - Started process (PID=3523) to work on /home/airflow/.local/lib/python3.12/site-packages/airflow/example_dags/example_display_name.py
[2026-06-29T22:35:13.282+0000] {processor.py:914} INFO - Processing file /home/airflow/.local/lib/python3.12/site-packages/airflow/example_dags/example_display_name.py for tasks to queue
[2026-06-29T22:35:13.287+0000] {logging_mixin.py:190} INFO - [2026-06-29T22:35:13.286+0000] {dagbag.py:588} INFO - Filling up the DagBag from /home/airflow/.local/lib/python3.12/site-packages/airflow/example_dags/example_display_name.py
[2026-06-29T22:35:13.296+0000] {processor.py:925} INFO - DAG(s) 'example_display_name' retrieved from /home/airflow/.local/lib/python3.12/site-packages/airflow/example_dags/example_display_name.py
[2026-06-29T22:35:13.320+0000] {logging_mixin.py:190} INFO - [2026-06-29T22:35:13.320+0000] {dag.py:3239} INFO - Sync 1 DAGs
[2026-06-29T22:35:13.335+0000] {logging_mixin.py:190} INFO - [2026-06-29T22:35:13.334+0000] {dag.py:4180} INFO - Setting next_dagrun for example_display_name to None, run_after=None
[2026-06-29T22:35:13.355+0000] {processor.py:208} INFO - Processing /home/airflow/.local/lib/python3.12/site-packages/airflow/example_dags/example_display_name.py took 0.085 seconds
[2026-06-29T22:35:43.945+0000] {processor.py:186} INFO - Started process (PID=3586) to work on /home/airflow/.local/lib/python3.12/site-packages/airflow/example_dags/example_display_name.py
[2026-06-29T22:35:43.947+0000] {processor.py:914} INFO - Processing file /home/airflow/.local/lib/python3.12/site-packages/airflow/example_dags/example_display_name.py for tasks to queue
[2026-06-29T22:35:43.951+0000] {logging_mixin.py:190} INFO - [2026-06-29T22:35:43.950+0000] {dagbag.py:588} INFO - Filling up the DagBag from /home/airflow/.local/lib/python3.12/site-packages/airflow/example_dags/example_display_name.py
[2026-06-29T22:35:43.962+0000] {processor.py:925} INFO - DAG(s) 'example_display_name' retrieved from /home/airflow/.local/lib/python3.12/site-packages/airflow/example_dags/example_display_name.py
[2026-06-29T22:35:43.986+0000] {logging_mixin.py:190} INFO - [2026-06-29T22:35:43.986+0000] {dag.py:3239} INFO - Sync 1 DAGs
[2026-06-29T22:35:44.001+0000] {logging_mixin.py:190} INFO - [2026-06-29T22:35:44.001+0000] {dag.py:4180} INFO - Setting next_dagrun for example_display_name to None, run_after=None
[2026-06-29T22:35:44.022+0000] {processor.py:208} INFO - Processing /home/airflow/.local/lib/python3.12/site-packages/airflow/example_dags/example_display_name.py took 0.089 seconds
[2026-06-29T22:36:14.516+0000] {processor.py:186} INFO - Started process (PID=3650) to work on /home/airflow/.local/lib/python3.12/site-packages/airflow/example_dags/example_display_name.py
[2026-06-29T22:36:14.518+0000] {processor.py:914} INFO - Processing file /home/airflow/.local/lib/python3.12/site-packages/airflow/example_dags/example_display_name.py for tasks to queue
[2026-06-29T22:36:14.522+0000] {logging_mixin.py:190} INFO - [2026-06-29T22:36:14.521+0000] {dagbag.py:588} INFO - Filling up the DagBag from /home/airflow/.local/lib/python3.12/site-packages/airflow/example_dags/example_display_name.py
[2026-06-29T22:36:14.532+0000] {processor.py:925} INFO - DAG(s) 'example_display_name' retrieved from /home/airflow/.local/lib/python3.12/site-packages/airflow/example_dags/example_display_name.py
[2026-06-29T22:36:14.555+0000] {logging_mixin.py:190} INFO - [2026-06-29T22:36:14.555+0000] {dag.py:3239} INFO - Sync 1 DAGs
[2026-06-29T22:36:14.570+0000] {logging_mixin.py:190} INFO - [2026-06-29T22:36:14.570+0000] {dag.py:4180} INFO - Setting next_dagrun for example_display_name to None, run_after=None
[2026-06-29T22:36:14.594+0000] {processor.py:208} INFO - Processing /home/airflow/.local/lib/python3.12/site-packages/airflow/example_dags/example_display_name.py took 0.087 seconds
[2026-06-29T22:36:45.216+0000] {processor.py:186} INFO - Started process (PID=3719) to work on /home/airflow/.local/lib/python3.12/site-packages/airflow/example_dags/example_display_name.py
[2026-06-29T22:36:45.218+0000] {processor.py:914} INFO - Processing file /home/airflow/.local/lib/python3.12/site-packages/airflow/example_dags/example_display_name.py for tasks to queue
[2026-06-29T22:36:45.223+0000] {logging_mixin.py:190} INFO - [2026-06-29T22:36:45.222+0000] {dagbag.py:588} INFO - Filling up the DagBag from /home/airflow/.local/lib/python3.12/site-packages/airflow/example_dags/example_display_name.py
[2026-06-29T22:36:45.239+0000] {processor.py:925} INFO - DAG(s) 'example_display_name' retrieved from /home/airflow/.local/lib/python3.12/site-packages/airflow/example_dags/example_display_name.py
[2026-06-29T22:36:45.278+0000] {logging_mixin.py:190} INFO - [2026-06-29T22:36:45.278+0000] {dag.py:3239} INFO - Sync 1 DAGs
[2026-06-29T22:36:45.303+0000] {logging_mixin.py:190} INFO - [2026-06-29T22:36:45.303+0000] {dag.py:4180} INFO - Setting next_dagrun for example_display_name to None, run_after=None
[2026-06-29T22:36:45.342+0000] {processor.py:208} INFO - Processing /home/airflow/.local/lib/python3.12/site-packages/airflow/example_dags/example_display_name.py took 0.142 seconds
[2026-06-29T22:37:15.520+0000] {processor.py:186} INFO - Started process (PID=3783) to work on /home/airflow/.local/lib/python3.12/site-packages/airflow/example_dags/example_display_name.py
[2026-06-29T22:37:15.522+0000] {processor.py:914} INFO - Processing file /home/airflow/.local/lib/python3.12/site-packages/airflow/example_dags/example_display_name.py for tasks to queue
[2026-06-29T22:37:15.529+0000] {logging_mixin.py:190} INFO - [2026-06-29T22:37:15.528+0000] {dagbag.py:588} INFO - Filling up the DagBag from /home/airflow/.local/lib/python3.12/site-packages/airflow/example_dags/example_display_name.py
[2026-06-29T22:37:15.552+0000] {processor.py:925} INFO - DAG(s) 'example_display_name' retrieved from /home/airflow/.local/lib/python3.12/site-packages/airflow/example_dags/example_display_name.py
[2026-06-29T22:37:15.620+0000] {logging_mixin.py:190} INFO - [2026-06-29T22:37:15.620+0000] {dag.py:3239} INFO - Sync 1 DAGs
[2026-06-29T22:37:15.669+0000] {logging_mixin.py:190} INFO - [2026-06-29T22:37:15.668+0000] {dag.py:4180} INFO - Setting next_dagrun for example_display_name to None, run_after=None
[2026-06-29T22:37:15.726+0000] {processor.py:208} INFO - Processing /home/airflow/.local/lib/python3.12/site-packages/airflow/example_dags/example_display_name.py took 0.226 seconds
[2026-06-29T22:37:45.820+0000] {processor.py:186} INFO - Started process (PID=3846) to work on /home/airflow/.local/lib/python3.12/site-packages/airflow/example_dags/example_display_name.py
[2026-06-29T22:37:45.822+0000] {processor.py:914} INFO - Processing file /home/airflow/.local/lib/python3.12/site-packages/airflow/example_dags/example_display_name.py for tasks to queue
[2026-06-29T22:37:45.825+0000] {logging_mixin.py:190} INFO - [2026-06-29T22:37:45.825+0000] {dagbag.py:588} INFO - Filling up the DagBag from /home/airflow/.local/lib/python3.12/site-packages/airflow/example_dags/example_display_name.py
[2026-06-29T22:37:45.835+0000] {processor.py:925} INFO - DAG(s) 'example_display_name' retrieved from /home/airflow/.local/lib/python3.12/site-packages/airflow/example_dags/example_display_name.py
[2026-06-29T22:37:45.859+0000] {logging_mixin.py:190} INFO - [2026-06-29T22:37:45.859+0000] {dag.py:3239} INFO - Sync 1 DAGs
[2026-06-29T22:37:45.875+0000] {logging_mixin.py:190} INFO - [2026-06-29T22:37:45.875+0000] {dag.py:4180} INFO - Setting next_dagrun for example_display_name to None, run_after=None
[2026-06-29T22:37:45.896+0000] {processor.py:208} INFO - Processing /home/airflow/.local/lib/python3.12/site-packages/airflow/example_dags/example_display_name.py took 0.085 seconds
[2026-06-29T22:38:16.355+0000] {processor.py:186} INFO - Started process (PID=3909) to work on /home/airflow/.local/lib/python3.12/site-packages/airflow/example_dags/example_display_name.py
[2026-06-29T22:38:16.357+0000] {processor.py:914} INFO - Processing file /home/airflow/.local/lib/python3.12/site-packages/airflow/example_dags/example_display_name.py for tasks to queue
[2026-06-29T22:38:16.361+0000] {logging_mixin.py:190} INFO - [2026-06-29T22:38:16.360+0000] {dagbag.py:588} INFO - Filling up the DagBag from /home/airflow/.local/lib/python3.12/site-packages/airflow/example_dags/example_display_name.py
[2026-06-29T22:38:16.369+0000] {processor.py:925} INFO - DAG(s) 'example_display_name' retrieved from /home/airflow/.local/lib/python3.12/site-packages/airflow/example_dags/example_display_name.py
[2026-06-29T22:38:16.392+0000] {logging_mixin.py:190} INFO - [2026-06-29T22:38:16.391+0000] {dag.py:3239} INFO - Sync 1 DAGs
[2026-06-29T22:38:16.406+0000] {logging_mixin.py:190} INFO - [2026-06-29T22:38:16.405+0000] {dag.py:4180} INFO - Setting next_dagrun for example_display_name to None, run_after=None
[2026-06-29T22:38:16.431+0000] {processor.py:208} INFO - Processing /home/airflow/.local/lib/python3.12/site-packages/airflow/example_dags/example_display_name.py took 0.085 seconds
[2026-06-29T22:38:47.231+0000] {processor.py:186} INFO - Started process (PID=3973) to work on /home/airflow/.local/lib/python3.12/site-packages/airflow/example_dags/example_display_name.py
[2026-06-29T22:38:47.233+0000] {processor.py:914} INFO - Processing file /home/airflow/.local/lib/python3.12/site-packages/airflow/example_dags/example_display_name.py for tasks to queue
[2026-06-29T22:38:47.238+0000] {logging_mixin.py:190} INFO - [2026-06-29T22:38:47.237+0000] {dagbag.py:588} INFO - Filling up the DagBag from /home/airflow/.local/lib/python3.12/site-packages/airflow/example_dags/example_display_name.py
[2026-06-29T22:38:47.252+0000] {processor.py:925} INFO - DAG(s) 'example_display_name' retrieved from /home/airflow/.local/lib/python3.12/site-packages/airflow/example_dags/example_display_name.py
[2026-06-29T22:38:47.287+0000] {logging_mixin.py:190} INFO - [2026-06-29T22:38:47.287+0000] {dag.py:3239} INFO - Sync 1 DAGs
[2026-06-29T22:38:47.312+0000] {logging_mixin.py:190} INFO - [2026-06-29T22:38:47.311+0000] {dag.py:4180} INFO - Setting next_dagrun for example_display_name to None, run_after=None
[2026-06-29T22:38:47.349+0000] {processor.py:208} INFO - Processing /home/airflow/.local/lib/python3.12/site-packages/airflow/example_dags/example_display_name.py took 0.133 seconds
[2026-06-29T22:39:17.622+0000] {processor.py:186} INFO - Started process (PID=4037) to work on /home/airflow/.local/lib/python3.12/site-packages/airflow/example_dags/example_display_name.py
[2026-06-29T22:39:17.624+0000] {processor.py:914} INFO - Processing file /home/airflow/.local/lib/python3.12/site-packages/airflow/example_dags/example_display_name.py for tasks to queue
[2026-06-29T22:39:17.627+0000] {logging_mixin.py:190} INFO - [2026-06-29T22:39:17.626+0000] {dagbag.py:588} INFO - Filling up the DagBag from /home/airflow/.local/lib/python3.12/site-packages/airflow/example_dags/example_display_name.py
[2026-06-29T22:39:17.635+0000] {processor.py:925} INFO - DAG(s) 'example_display_name' retrieved from /home/airflow/.local/lib/python3.12/site-packages/airflow/example_dags/example_display_name.py
[2026-06-29T22:39:17.658+0000] {logging_mixin.py:190} INFO - [2026-06-29T22:39:17.658+0000] {dag.py:3239} INFO - Sync 1 DAGs
[2026-06-29T22:39:17.850+0000] {logging_mixin.py:190} INFO - [2026-06-29T22:39:17.850+0000] {dag.py:4180} INFO - Setting next_dagrun for example_display_name to None, run_after=None
[2026-06-29T22:39:17.870+0000] {processor.py:208} INFO - Processing /home/airflow/.local/lib/python3.12/site-packages/airflow/example_dags/example_display_name.py took 0.257 seconds
[2026-06-29T22:39:49.718+0000] {processor.py:186} INFO - Started process (PID=4101) to work on /home/airflow/.local/lib/python3.12/site-packages/airflow/example_dags/example_display_name.py
[2026-06-29T22:39:49.721+0000] {processor.py:914} INFO - Processing file /home/airflow/.local/lib/python3.12/site-packages/airflow/example_dags/example_display_name.py for tasks to queue
[2026-06-29T22:39:49.730+0000] {logging_mixin.py:190} INFO - [2026-06-29T22:39:49.729+0000] {dagbag.py:588} INFO - Filling up the DagBag from /home/airflow/.local/lib/python3.12/site-packages/airflow/example_dags/example_display_name.py
[2026-06-29T22:39:49.750+0000] {processor.py:925} INFO - DAG(s) 'example_display_name' retrieved from /home/airflow/.local/lib/python3.12/site-packages/airflow/example_dags/example_display_name.py
[2026-06-29T22:39:49.805+0000] {logging_mixin.py:190} INFO - [2026-06-29T22:39:49.804+0000] {dag.py:3239} INFO - Sync 1 DAGs
[2026-06-29T22:39:49.840+0000] {logging_mixin.py:190} INFO - [2026-06-29T22:39:49.839+0000] {dag.py:4180} INFO - Setting next_dagrun for example_display_name to None, run_after=None
[2026-06-29T22:39:50.159+0000] {processor.py:208} INFO - Processing /home/airflow/.local/lib/python3.12/site-packages/airflow/example_dags/example_display_name.py took 0.466 seconds
[2026-06-29T22:41:22.865+0000] {processor.py:186} INFO - Started process (PID=93) to work on /home/airflow/.local/lib/python3.12/site-packages/airflow/example_dags/example_display_name.py
[2026-06-29T22:41:22.868+0000] {processor.py:914} INFO - Processing file /home/airflow/.local/lib/python3.12/site-packages/airflow/example_dags/example_display_name.py for tasks to queue
[2026-06-29T22:41:22.875+0000] {logging_mixin.py:190} INFO - [2026-06-29T22:41:22.874+0000] {dagbag.py:588} INFO - Filling up the DagBag from /home/airflow/.local/lib/python3.12/site-packages/airflow/example_dags/example_display_name.py
[2026-06-29T22:41:22.897+0000] {processor.py:925} INFO - DAG(s) 'example_display_name' retrieved from /home/airflow/.local/lib/python3.12/site-packages/airflow/example_dags/example_display_name.py
[2026-06-29T22:41:22.980+0000] {logging_mixin.py:190} INFO - [2026-06-29T22:41:22.979+0000] {dag.py:3239} INFO - Sync 1 DAGs
[2026-06-29T22:41:23.043+0000] {logging_mixin.py:190} INFO - [2026-06-29T22:41:23.043+0000] {dag.py:4180} INFO - Setting next_dagrun for example_display_name to None, run_after=None
[2026-06-29T22:41:23.125+0000] {processor.py:208} INFO - Processing /home/airflow/.local/lib/python3.12/site-packages/airflow/example_dags/example_display_name.py took 0.271 seconds
[2026-06-29T22:41:53.879+0000] {processor.py:186} INFO - Started process (PID=157) to work on /home/airflow/.local/lib/python3.12/site-packages/airflow/example_dags/example_display_name.py
[2026-06-29T22:41:53.897+0000] {processor.py:914} INFO - Processing file /home/airflow/.local/lib/python3.12/site-packages/airflow/example_dags/example_display_name.py for tasks to queue
[2026-06-29T22:41:53.961+0000] {logging_mixin.py:190} INFO - [2026-06-29T22:41:53.957+0000] {dagbag.py:588} INFO - Filling up the DagBag from /home/airflow/.local/lib/python3.12/site-packages/airflow/example_dags/example_display_name.py
[2026-06-29T22:41:54.006+0000] {processor.py:925} INFO - DAG(s) 'example_display_name' retrieved from /home/airflow/.local/lib/python3.12/site-packages/airflow/example_dags/example_display_name.py
[2026-06-29T22:41:54.151+0000] {logging_mixin.py:190} INFO - [2026-06-29T22:41:54.150+0000] {dag.py:3239} INFO - Sync 1 DAGs
[2026-06-29T22:41:54.195+0000] {logging_mixin.py:190} INFO - [2026-06-29T22:41:54.195+0000] {dag.py:4180} INFO - Setting next_dagrun for example_display_name to None, run_after=None
[2026-06-29T22:41:54.271+0000] {processor.py:208} INFO - Processing /home/airflow/.local/lib/python3.12/site-packages/airflow/example_dags/example_display_name.py took 0.408 seconds
[2026-06-29T22:42:24.912+0000] {processor.py:186} INFO - Started process (PID=221) to work on /home/airflow/.local/lib/python3.12/site-packages/airflow/example_dags/example_display_name.py
[2026-06-29T22:42:24.915+0000] {processor.py:914} INFO - Processing file /home/airflow/.local/lib/python3.12/site-packages/airflow/example_dags/example_display_name.py for tasks to queue
[2026-06-29T22:42:24.920+0000] {logging_mixin.py:190} INFO - [2026-06-29T22:42:24.920+0000] {dagbag.py:588} INFO - Filling up the DagBag from /home/airflow/.local/lib/python3.12/site-packages/airflow/example_dags/example_display_name.py
[2026-06-29T22:42:24.943+0000] {processor.py:925} INFO - DAG(s) 'example_display_name' retrieved from /home/airflow/.local/lib/python3.12/site-packages/airflow/example_dags/example_display_name.py
[2026-06-29T22:42:24.986+0000] {logging_mixin.py:190} INFO - [2026-06-29T22:42:24.986+0000] {dag.py:3239} INFO - Sync 1 DAGs
[2026-06-29T22:42:25.029+0000] {logging_mixin.py:190} INFO - [2026-06-29T22:42:25.028+0000] {dag.py:4180} INFO - Setting next_dagrun for example_display_name to None, run_after=None
[2026-06-29T22:42:25.081+0000] {processor.py:208} INFO - Processing /home/airflow/.local/lib/python3.12/site-packages/airflow/example_dags/example_display_name.py took 0.183 seconds
[2026-06-29T22:42:55.396+0000] {processor.py:186} INFO - Started process (PID=285) to work on /home/airflow/.local/lib/python3.12/site-packages/airflow/example_dags/example_display_name.py
[2026-06-29T22:42:55.399+0000] {processor.py:914} INFO - Processing file /home/airflow/.local/lib/python3.12/site-packages/airflow/example_dags/example_display_name.py for tasks to queue
[2026-06-29T22:42:55.403+0000] {logging_mixin.py:190} INFO - [2026-06-29T22:42:55.402+0000] {dagbag.py:588} INFO - Filling up the DagBag from /home/airflow/.local/lib/python3.12/site-packages/airflow/example_dags/example_display_name.py
[2026-06-29T22:42:55.413+0000] {processor.py:925} INFO - DAG(s) 'example_display_name' retrieved from /home/airflow/.local/lib/python3.12/site-packages/airflow/example_dags/example_display_name.py
[2026-06-29T22:42:55.444+0000] {logging_mixin.py:190} INFO - [2026-06-29T22:42:55.443+0000] {dag.py:3239} INFO - Sync 1 DAGs
[2026-06-29T22:42:55.461+0000] {logging_mixin.py:190} INFO - [2026-06-29T22:42:55.461+0000] {dag.py:4180} INFO - Setting next_dagrun for example_display_name to None, run_after=None
[2026-06-29T22:42:55.489+0000] {processor.py:208} INFO - Processing /home/airflow/.local/lib/python3.12/site-packages/airflow/example_dags/example_display_name.py took 0.102 seconds
[2026-06-29T22:43:25.665+0000] {processor.py:186} INFO - Started process (PID=349) to work on /home/airflow/.local/lib/python3.12/site-packages/airflow/example_dags/example_display_name.py
[2026-06-29T22:43:25.668+0000] {processor.py:914} INFO - Processing file /home/airflow/.local/lib/python3.12/site-packages/airflow/example_dags/example_display_name.py for tasks to queue
[2026-06-29T22:43:25.671+0000] {logging_mixin.py:190} INFO - [2026-06-29T22:43:25.671+0000] {dagbag.py:588} INFO - Filling up the DagBag from /home/airflow/.local/lib/python3.12/site-packages/airflow/example_dags/example_display_name.py
[2026-06-29T22:43:25.680+0000] {processor.py:925} INFO - DAG(s) 'example_display_name' retrieved from /home/airflow/.local/lib/python3.12/site-packages/airflow/example_dags/example_display_name.py
[2026-06-29T22:43:25.708+0000] {logging_mixin.py:190} INFO - [2026-06-29T22:43:25.707+0000] {dag.py:3239} INFO - Sync 1 DAGs
[2026-06-29T22:43:25.725+0000] {logging_mixin.py:190} INFO - [2026-06-29T22:43:25.725+0000] {dag.py:4180} INFO - Setting next_dagrun for example_display_name to None, run_after=None
[2026-06-29T22:43:25.749+0000] {processor.py:208} INFO - Processing /home/airflow/.local/lib/python3.12/site-packages/airflow/example_dags/example_display_name.py took 0.102 seconds
[2026-06-29T22:43:56.806+0000] {processor.py:186} INFO - Started process (PID=414) to work on /home/airflow/.local/lib/python3.12/site-packages/airflow/example_dags/example_display_name.py
[2026-06-29T22:43:56.812+0000] {processor.py:914} INFO - Processing file /home/airflow/.local/lib/python3.12/site-packages/airflow/example_dags/example_display_name.py for tasks to queue
[2026-06-29T22:43:56.830+0000] {logging_mixin.py:190} INFO - [2026-06-29T22:43:56.828+0000] {dagbag.py:588} INFO - Filling up the DagBag from /home/airflow/.local/lib/python3.12/site-packages/airflow/example_dags/example_display_name.py
[2026-06-29T22:43:56.869+0000] {processor.py:925} INFO - DAG(s) 'example_display_name' retrieved from /home/airflow/.local/lib/python3.12/site-packages/airflow/example_dags/example_display_name.py
[2026-06-29T22:43:56.997+0000] {logging_mixin.py:190} INFO - [2026-06-29T22:43:56.990+0000] {dag.py:3239} INFO - Sync 1 DAGs
[2026-06-29T22:43:57.082+0000] {logging_mixin.py:190} INFO - [2026-06-29T22:43:57.081+0000] {dag.py:4180} INFO - Setting next_dagrun for example_display_name to None, run_after=None
[2026-06-29T22:43:57.217+0000] {processor.py:208} INFO - Processing /home/airflow/.local/lib/python3.12/site-packages/airflow/example_dags/example_display_name.py took 0.453 seconds
[2026-06-29T22:44:27.638+0000] {processor.py:186} INFO - Started process (PID=478) to work on /home/airflow/.local/lib/python3.12/site-packages/airflow/example_dags/example_display_name.py
[2026-06-29T22:44:27.640+0000] {processor.py:914} INFO - Processing file /home/airflow/.local/lib/python3.12/site-packages/airflow/example_dags/example_display_name.py for tasks to queue
[2026-06-29T22:44:27.646+0000] {logging_mixin.py:190} INFO - [2026-06-29T22:44:27.645+0000] {dagbag.py:588} INFO - Filling up the DagBag from /home/airflow/.local/lib/python3.12/site-packages/airflow/example_dags/example_display_name.py
[2026-06-29T22:44:27.661+0000] {processor.py:925} INFO - DAG(s) 'example_display_name' retrieved from /home/airflow/.local/lib/python3.12/site-packages/airflow/example_dags/example_display_name.py
[2026-06-29T22:44:27.713+0000] {logging_mixin.py:190} INFO - [2026-06-29T22:44:27.713+0000] {dag.py:3239} INFO - Sync 1 DAGs
[2026-06-29T22:44:27.748+0000] {logging_mixin.py:190} INFO - [2026-06-29T22:44:27.747+0000] {dag.py:4180} INFO - Setting next_dagrun for example_display_name to None, run_after=None
[2026-06-29T22:44:27.792+0000] {processor.py:208} INFO - Processing /home/airflow/.local/lib/python3.12/site-packages/airflow/example_dags/example_display_name.py took 0.165 seconds
[2026-06-29T22:44:58.209+0000] {processor.py:186} INFO - Started process (PID=543) to work on /home/airflow/.local/lib/python3.12/site-packages/airflow/example_dags/example_display_name.py
[2026-06-29T22:44:58.212+0000] {processor.py:914} INFO - Processing file /home/airflow/.local/lib/python3.12/site-packages/airflow/example_dags/example_display_name.py for tasks to queue
[2026-06-29T22:44:58.219+0000] {logging_mixin.py:190} INFO - [2026-06-29T22:44:58.218+0000] {dagbag.py:588} INFO - Filling up the DagBag from /home/airflow/.local/lib/python3.12/site-packages/airflow/example_dags/example_display_name.py
[2026-06-29T22:44:58.232+0000] {processor.py:925} INFO - DAG(s) 'example_display_name' retrieved from /home/airflow/.local/lib/python3.12/site-packages/airflow/example_dags/example_display_name.py
[2026-06-29T22:44:58.280+0000] {logging_mixin.py:190} INFO - [2026-06-29T22:44:58.279+0000] {dag.py:3239} INFO - Sync 1 DAGs
[2026-06-29T22:44:58.319+0000] {logging_mixin.py:190} INFO - [2026-06-29T22:44:58.318+0000] {dag.py:4180} INFO - Setting next_dagrun for example_display_name to None, run_after=None
[2026-06-29T22:44:58.365+0000] {processor.py:208} INFO - Processing /home/airflow/.local/lib/python3.12/site-packages/airflow/example_dags/example_display_name.py took 0.163 seconds
[2026-06-29T22:45:28.606+0000] {processor.py:186} INFO - Started process (PID=606) to work on /home/airflow/.local/lib/python3.12/site-packages/airflow/example_dags/example_display_name.py
[2026-06-29T22:45:28.608+0000] {processor.py:914} INFO - Processing file /home/airflow/.local/lib/python3.12/site-packages/airflow/example_dags/example_display_name.py for tasks to queue
[2026-06-29T22:45:28.610+0000] {logging_mixin.py:190} INFO - [2026-06-29T22:45:28.610+0000] {dagbag.py:588} INFO - Filling up the DagBag from /home/airflow/.local/lib/python3.12/site-packages/airflow/example_dags/example_display_name.py
[2026-06-29T22:45:28.619+0000] {processor.py:925} INFO - DAG(s) 'example_display_name' retrieved from /home/airflow/.local/lib/python3.12/site-packages/airflow/example_dags/example_display_name.py
[2026-06-29T22:45:28.639+0000] {logging_mixin.py:190} INFO - [2026-06-29T22:45:28.639+0000] {dag.py:3239} INFO - Sync 1 DAGs
[2026-06-29T22:45:28.654+0000] {logging_mixin.py:190} INFO - [2026-06-29T22:45:28.653+0000] {dag.py:4180} INFO - Setting next_dagrun for example_display_name to None, run_after=None
[2026-06-29T22:45:28.676+0000] {processor.py:208} INFO - Processing /home/airflow/.local/lib/python3.12/site-packages/airflow/example_dags/example_display_name.py took 0.076 seconds
[2026-06-29T22:45:59.077+0000] {processor.py:186} INFO - Started process (PID=670) to work on /home/airflow/.local/lib/python3.12/site-packages/airflow/example_dags/example_display_name.py
[2026-06-29T22:45:59.079+0000] {processor.py:914} INFO - Processing file /home/airflow/.local/lib/python3.12/site-packages/airflow/example_dags/example_display_name.py for tasks to queue
[2026-06-29T22:45:59.085+0000] {logging_mixin.py:190} INFO - [2026-06-29T22:45:59.084+0000] {dagbag.py:588} INFO - Filling up the DagBag from /home/airflow/.local/lib/python3.12/site-packages/airflow/example_dags/example_display_name.py
[2026-06-29T22:45:59.100+0000] {processor.py:925} INFO - DAG(s) 'example_display_name' retrieved from /home/airflow/.local/lib/python3.12/site-packages/airflow/example_dags/example_display_name.py
[2026-06-29T22:45:59.126+0000] {logging_mixin.py:190} INFO - [2026-06-29T22:45:59.126+0000] {dag.py:3239} INFO - Sync 1 DAGs
[2026-06-29T22:45:59.144+0000] {logging_mixin.py:190} INFO - [2026-06-29T22:45:59.143+0000] {dag.py:4180} INFO - Setting next_dagrun for example_display_name to None, run_after=None
[2026-06-29T22:45:59.172+0000] {processor.py:208} INFO - Processing /home/airflow/.local/lib/python3.12/site-packages/airflow/example_dags/example_display_name.py took 0.105 seconds
[2026-06-29T22:46:29.554+0000] {processor.py:186} INFO - Started process (PID=734) to work on /home/airflow/.local/lib/python3.12/site-packages/airflow/example_dags/example_display_name.py
[2026-06-29T22:46:29.555+0000] {processor.py:914} INFO - Processing file /home/airflow/.local/lib/python3.12/site-packages/airflow/example_dags/example_display_name.py for tasks to queue
[2026-06-29T22:46:29.561+0000] {logging_mixin.py:190} INFO - [2026-06-29T22:46:29.560+0000] {dagbag.py:588} INFO - Filling up the DagBag from /home/airflow/.local/lib/python3.12/site-packages/airflow/example_dags/example_display_name.py
[2026-06-29T22:46:29.573+0000] {processor.py:925} INFO - DAG(s) 'example_display_name' retrieved from /home/airflow/.local/lib/python3.12/site-packages/airflow/example_dags/example_display_name.py
[2026-06-29T22:46:29.615+0000] {logging_mixin.py:190} INFO - [2026-06-29T22:46:29.614+0000] {dag.py:3239} INFO - Sync 1 DAGs
[2026-06-29T22:46:29.645+0000] {logging_mixin.py:190} INFO - [2026-06-29T22:46:29.645+0000] {dag.py:4180} INFO - Setting next_dagrun for example_display_name to None, run_after=None
[2026-06-29T22:46:29.680+0000] {processor.py:208} INFO - Processing /home/airflow/.local/lib/python3.12/site-packages/airflow/example_dags/example_display_name.py took 0.137 seconds
