[2026-06-29T21:57:00.385+0000] {processor.py:186} INFO - Started process (PID=90) to work on /home/airflow/.local/lib/python3.12/site-packages/airflow/example_dags/example_bash_operator.py
[2026-06-29T21:57:00.388+0000] {processor.py:914} INFO - Processing file /home/airflow/.local/lib/python3.12/site-packages/airflow/example_dags/example_bash_operator.py for tasks to queue
[2026-06-29T21:57:00.399+0000] {logging_mixin.py:190} INFO - [2026-06-29T21:57:00.397+0000] {dagbag.py:588} INFO - Filling up the DagBag from /home/airflow/.local/lib/python3.12/site-packages/airflow/example_dags/example_bash_operator.py
[2026-06-29T21:57:00.440+0000] {processor.py:925} INFO - DAG(s) 'example_bash_operator' retrieved from /home/airflow/.local/lib/python3.12/site-packages/airflow/example_dags/example_bash_operator.py
[2026-06-29T21:57:00.694+0000] {logging_mixin.py:190} INFO - [2026-06-29T21:57:00.692+0000] {override.py:1912} INFO - Created Permission View: can edit on DAG:example_bash_operator
[2026-06-29T21:57:00.722+0000] {logging_mixin.py:190} INFO - [2026-06-29T21:57:00.721+0000] {override.py:1912} INFO - Created Permission View: can read on DAG:example_bash_operator
[2026-06-29T21:57:00.740+0000] {logging_mixin.py:190} INFO - [2026-06-29T21:57:00.739+0000] {override.py:1912} INFO - Created Permission View: can delete on DAG:example_bash_operator
[2026-06-29T21:57:00.761+0000] {logging_mixin.py:190} INFO - [2026-06-29T21:57:00.760+0000] {override.py:1912} INFO - Created Permission View: can create on DAG Run:example_bash_operator
[2026-06-29T21:57:00.782+0000] {logging_mixin.py:190} INFO - [2026-06-29T21:57:00.781+0000] {override.py:1912} INFO - Created Permission View: can read on DAG Run:example_bash_operator
[2026-06-29T21:57:00.799+0000] {logging_mixin.py:190} INFO - [2026-06-29T21:57:00.798+0000] {override.py:1912} INFO - Created Permission View: can delete on DAG Run:example_bash_operator
[2026-06-29T21:57:00.813+0000] {logging_mixin.py:190} INFO - [2026-06-29T21:57:00.812+0000] {override.py:1912} INFO - Created Permission View: menu access on DAG Run:example_bash_operator
[2026-06-29T21:57:00.815+0000] {logging_mixin.py:190} INFO - [2026-06-29T21:57:00.815+0000] {dag.py:3239} INFO - Sync 1 DAGs
[2026-06-29T21:57:00.841+0000] {logging_mixin.py:190} INFO - [2026-06-29T21:57:00.841+0000] {dag.py:3262} INFO - Creating ORM DAG for example_bash_operator
[2026-06-29T21:57:00.863+0000] {logging_mixin.py:190} INFO - [2026-06-29T21:57:00.863+0000] {dag.py:4180} INFO - Setting next_dagrun for example_bash_operator to 2026-06-28 00:00:00+00:00, run_after=2026-06-29 00:00:00+00:00
[2026-06-29T21:57:00.901+0000] {processor.py:208} INFO - Processing /home/airflow/.local/lib/python3.12/site-packages/airflow/example_dags/example_bash_operator.py took 0.530 seconds
[2026-06-29T21:59:07.482+0000] {processor.py:186} INFO - Started process (PID=90) to work on /home/airflow/.local/lib/python3.12/site-packages/airflow/example_dags/example_bash_operator.py
[2026-06-29T21:59:07.490+0000] {processor.py:914} INFO - Processing file /home/airflow/.local/lib/python3.12/site-packages/airflow/example_dags/example_bash_operator.py for tasks to queue
[2026-06-29T21:59:07.502+0000] {logging_mixin.py:190} INFO - [2026-06-29T21:59:07.502+0000] {dagbag.py:588} INFO - Filling up the DagBag from /home/airflow/.local/lib/python3.12/site-packages/airflow/example_dags/example_bash_operator.py
[2026-06-29T21:59:07.541+0000] {processor.py:925} INFO - DAG(s) 'example_bash_operator' retrieved from /home/airflow/.local/lib/python3.12/site-packages/airflow/example_dags/example_bash_operator.py
[2026-06-29T21:59:07.665+0000] {logging_mixin.py:190} INFO - [2026-06-29T21:59:07.663+0000] {dag.py:3239} INFO - Sync 1 DAGs
[2026-06-29T21:59:07.740+0000] {logging_mixin.py:190} INFO - [2026-06-29T21:59:07.740+0000] {dag.py:4180} INFO - Setting next_dagrun for example_bash_operator to 2026-06-28 00:00:00+00:00, run_after=2026-06-29 00:00:00+00:00
[2026-06-29T21:59:07.798+0000] {processor.py:208} INFO - Processing /home/airflow/.local/lib/python3.12/site-packages/airflow/example_dags/example_bash_operator.py took 0.329 seconds
[2026-06-29T21:59:38.023+0000] {processor.py:186} INFO - Started process (PID=152) to work on /home/airflow/.local/lib/python3.12/site-packages/airflow/example_dags/example_bash_operator.py
[2026-06-29T21:59:38.025+0000] {processor.py:914} INFO - Processing file /home/airflow/.local/lib/python3.12/site-packages/airflow/example_dags/example_bash_operator.py for tasks to queue
[2026-06-29T21:59:38.029+0000] {logging_mixin.py:190} INFO - [2026-06-29T21:59:38.028+0000] {dagbag.py:588} INFO - Filling up the DagBag from /home/airflow/.local/lib/python3.12/site-packages/airflow/example_dags/example_bash_operator.py
[2026-06-29T21:59:38.048+0000] {processor.py:925} INFO - DAG(s) 'example_bash_operator' retrieved from /home/airflow/.local/lib/python3.12/site-packages/airflow/example_dags/example_bash_operator.py
[2026-06-29T21:59:38.072+0000] {logging_mixin.py:190} INFO - [2026-06-29T21:59:38.072+0000] {dag.py:3239} INFO - Sync 1 DAGs
[2026-06-29T21:59:38.096+0000] {logging_mixin.py:190} INFO - [2026-06-29T21:59:38.096+0000] {dag.py:4180} INFO - Setting next_dagrun for example_bash_operator to 2026-06-28 00:00:00+00:00, run_after=2026-06-29 00:00:00+00:00
[2026-06-29T21:59:38.118+0000] {processor.py:208} INFO - Processing /home/airflow/.local/lib/python3.12/site-packages/airflow/example_dags/example_bash_operator.py took 0.105 seconds
[2026-06-29T22:00:08.966+0000] {processor.py:186} INFO - Started process (PID=215) to work on /home/airflow/.local/lib/python3.12/site-packages/airflow/example_dags/example_bash_operator.py
[2026-06-29T22:00:08.970+0000] {processor.py:914} INFO - Processing file /home/airflow/.local/lib/python3.12/site-packages/airflow/example_dags/example_bash_operator.py for tasks to queue
[2026-06-29T22:00:08.976+0000] {logging_mixin.py:190} INFO - [2026-06-29T22:00:08.975+0000] {dagbag.py:588} INFO - Filling up the DagBag from /home/airflow/.local/lib/python3.12/site-packages/airflow/example_dags/example_bash_operator.py
[2026-06-29T22:00:09.011+0000] {processor.py:925} INFO - DAG(s) 'example_bash_operator' retrieved from /home/airflow/.local/lib/python3.12/site-packages/airflow/example_dags/example_bash_operator.py
[2026-06-29T22:00:09.069+0000] {logging_mixin.py:190} INFO - [2026-06-29T22:00:09.069+0000] {dag.py:3239} INFO - Sync 1 DAGs
[2026-06-29T22:00:09.121+0000] {logging_mixin.py:190} INFO - [2026-06-29T22:00:09.121+0000] {dag.py:4180} INFO - Setting next_dagrun for example_bash_operator to 2026-06-28 00:00:00+00:00, run_after=2026-06-29 00:00:00+00:00
[2026-06-29T22:00:09.162+0000] {processor.py:208} INFO - Processing /home/airflow/.local/lib/python3.12/site-packages/airflow/example_dags/example_bash_operator.py took 0.214 seconds
[2026-06-29T22:00:39.460+0000] {processor.py:186} INFO - Started process (PID=279) to work on /home/airflow/.local/lib/python3.12/site-packages/airflow/example_dags/example_bash_operator.py
[2026-06-29T22:00:39.461+0000] {processor.py:914} INFO - Processing file /home/airflow/.local/lib/python3.12/site-packages/airflow/example_dags/example_bash_operator.py for tasks to queue
[2026-06-29T22:00:39.465+0000] {logging_mixin.py:190} INFO - [2026-06-29T22:00:39.465+0000] {dagbag.py:588} INFO - Filling up the DagBag from /home/airflow/.local/lib/python3.12/site-packages/airflow/example_dags/example_bash_operator.py
[2026-06-29T22:00:39.484+0000] {processor.py:925} INFO - DAG(s) 'example_bash_operator' retrieved from /home/airflow/.local/lib/python3.12/site-packages/airflow/example_dags/example_bash_operator.py
[2026-06-29T22:00:39.521+0000] {logging_mixin.py:190} INFO - [2026-06-29T22:00:39.521+0000] {dag.py:3239} INFO - Sync 1 DAGs
[2026-06-29T22:00:39.555+0000] {logging_mixin.py:190} INFO - [2026-06-29T22:00:39.554+0000] {dag.py:4180} INFO - Setting next_dagrun for example_bash_operator to 2026-06-28 00:00:00+00:00, run_after=2026-06-29 00:00:00+00:00
[2026-06-29T22:00:39.581+0000] {processor.py:208} INFO - Processing /home/airflow/.local/lib/python3.12/site-packages/airflow/example_dags/example_bash_operator.py took 0.130 seconds
[2026-06-29T22:01:10.314+0000] {processor.py:186} INFO - Started process (PID=342) to work on /home/airflow/.local/lib/python3.12/site-packages/airflow/example_dags/example_bash_operator.py
[2026-06-29T22:01:10.316+0000] {processor.py:914} INFO - Processing file /home/airflow/.local/lib/python3.12/site-packages/airflow/example_dags/example_bash_operator.py for tasks to queue
[2026-06-29T22:01:10.322+0000] {logging_mixin.py:190} INFO - [2026-06-29T22:01:10.321+0000] {dagbag.py:588} INFO - Filling up the DagBag from /home/airflow/.local/lib/python3.12/site-packages/airflow/example_dags/example_bash_operator.py
[2026-06-29T22:01:10.346+0000] {processor.py:925} INFO - DAG(s) 'example_bash_operator' retrieved from /home/airflow/.local/lib/python3.12/site-packages/airflow/example_dags/example_bash_operator.py
[2026-06-29T22:01:10.382+0000] {logging_mixin.py:190} INFO - [2026-06-29T22:01:10.381+0000] {dag.py:3239} INFO - Sync 1 DAGs
[2026-06-29T22:01:10.421+0000] {logging_mixin.py:190} INFO - [2026-06-29T22:01:10.421+0000] {dag.py:4180} INFO - Setting next_dagrun for example_bash_operator to 2026-06-28 00:00:00+00:00, run_after=2026-06-29 00:00:00+00:00
[2026-06-29T22:01:10.456+0000] {processor.py:208} INFO - Processing /home/airflow/.local/lib/python3.12/site-packages/airflow/example_dags/example_bash_operator.py took 0.150 seconds
[2026-06-29T22:01:41.045+0000] {processor.py:186} INFO - Started process (PID=405) to work on /home/airflow/.local/lib/python3.12/site-packages/airflow/example_dags/example_bash_operator.py
[2026-06-29T22:01:41.047+0000] {processor.py:914} INFO - Processing file /home/airflow/.local/lib/python3.12/site-packages/airflow/example_dags/example_bash_operator.py for tasks to queue
[2026-06-29T22:01:41.057+0000] {logging_mixin.py:190} INFO - [2026-06-29T22:01:41.055+0000] {dagbag.py:588} INFO - Filling up the DagBag from /home/airflow/.local/lib/python3.12/site-packages/airflow/example_dags/example_bash_operator.py
[2026-06-29T22:01:41.092+0000] {processor.py:925} INFO - DAG(s) 'example_bash_operator' retrieved from /home/airflow/.local/lib/python3.12/site-packages/airflow/example_dags/example_bash_operator.py
[2026-06-29T22:01:41.147+0000] {logging_mixin.py:190} INFO - [2026-06-29T22:01:41.147+0000] {dag.py:3239} INFO - Sync 1 DAGs
[2026-06-29T22:01:41.195+0000] {logging_mixin.py:190} INFO - [2026-06-29T22:01:41.195+0000] {dag.py:4180} INFO - Setting next_dagrun for example_bash_operator to 2026-06-28 00:00:00+00:00, run_after=2026-06-29 00:00:00+00:00
[2026-06-29T22:01:41.238+0000] {processor.py:208} INFO - Processing /home/airflow/.local/lib/python3.12/site-packages/airflow/example_dags/example_bash_operator.py took 0.201 seconds
[2026-06-29T22:02:11.477+0000] {processor.py:186} INFO - Started process (PID=469) to work on /home/airflow/.local/lib/python3.12/site-packages/airflow/example_dags/example_bash_operator.py
[2026-06-29T22:02:11.482+0000] {processor.py:914} INFO - Processing file /home/airflow/.local/lib/python3.12/site-packages/airflow/example_dags/example_bash_operator.py for tasks to queue
[2026-06-29T22:02:11.495+0000] {logging_mixin.py:190} INFO - [2026-06-29T22:02:11.493+0000] {dagbag.py:588} INFO - Filling up the DagBag from /home/airflow/.local/lib/python3.12/site-packages/airflow/example_dags/example_bash_operator.py
[2026-06-29T22:02:11.568+0000] {processor.py:925} INFO - DAG(s) 'example_bash_operator' retrieved from /home/airflow/.local/lib/python3.12/site-packages/airflow/example_dags/example_bash_operator.py
[2026-06-29T22:02:11.668+0000] {logging_mixin.py:190} INFO - [2026-06-29T22:02:11.668+0000] {dag.py:3239} INFO - Sync 1 DAGs
[2026-06-29T22:02:11.754+0000] {logging_mixin.py:190} INFO - [2026-06-29T22:02:11.753+0000] {dag.py:4180} INFO - Setting next_dagrun for example_bash_operator to 2026-06-28 00:00:00+00:00, run_after=2026-06-29 00:00:00+00:00
[2026-06-29T22:02:11.822+0000] {processor.py:208} INFO - Processing /home/airflow/.local/lib/python3.12/site-packages/airflow/example_dags/example_bash_operator.py took 0.370 seconds
[2026-06-29T22:02:44.994+0000] {processor.py:186} INFO - Started process (PID=532) to work on /home/airflow/.local/lib/python3.12/site-packages/airflow/example_dags/example_bash_operator.py
[2026-06-29T22:02:44.999+0000] {processor.py:914} INFO - Processing file /home/airflow/.local/lib/python3.12/site-packages/airflow/example_dags/example_bash_operator.py for tasks to queue
[2026-06-29T22:02:45.005+0000] {logging_mixin.py:190} INFO - [2026-06-29T22:02:45.004+0000] {dagbag.py:588} INFO - Filling up the DagBag from /home/airflow/.local/lib/python3.12/site-packages/airflow/example_dags/example_bash_operator.py
[2026-06-29T22:02:45.063+0000] {processor.py:925} INFO - DAG(s) 'example_bash_operator' retrieved from /home/airflow/.local/lib/python3.12/site-packages/airflow/example_dags/example_bash_operator.py
[2026-06-29T22:02:45.156+0000] {logging_mixin.py:190} INFO - [2026-06-29T22:02:45.155+0000] {dag.py:3239} INFO - Sync 1 DAGs
[2026-06-29T22:02:45.240+0000] {logging_mixin.py:190} INFO - [2026-06-29T22:02:45.239+0000] {dag.py:4180} INFO - Setting next_dagrun for example_bash_operator to 2026-06-28 00:00:00+00:00, run_after=2026-06-29 00:00:00+00:00
[2026-06-29T22:02:45.311+0000] {processor.py:208} INFO - Processing /home/airflow/.local/lib/python3.12/site-packages/airflow/example_dags/example_bash_operator.py took 0.335 seconds
[2026-06-29T22:03:16.421+0000] {processor.py:186} INFO - Started process (PID=596) to work on /home/airflow/.local/lib/python3.12/site-packages/airflow/example_dags/example_bash_operator.py
[2026-06-29T22:03:16.424+0000] {processor.py:914} INFO - Processing file /home/airflow/.local/lib/python3.12/site-packages/airflow/example_dags/example_bash_operator.py for tasks to queue
[2026-06-29T22:03:16.434+0000] {logging_mixin.py:190} INFO - [2026-06-29T22:03:16.433+0000] {dagbag.py:588} INFO - Filling up the DagBag from /home/airflow/.local/lib/python3.12/site-packages/airflow/example_dags/example_bash_operator.py
[2026-06-29T22:03:16.471+0000] {processor.py:925} INFO - DAG(s) 'example_bash_operator' retrieved from /home/airflow/.local/lib/python3.12/site-packages/airflow/example_dags/example_bash_operator.py
[2026-06-29T22:03:16.539+0000] {logging_mixin.py:190} INFO - [2026-06-29T22:03:16.538+0000] {dag.py:3239} INFO - Sync 1 DAGs
[2026-06-29T22:03:16.577+0000] {logging_mixin.py:190} INFO - [2026-06-29T22:03:16.577+0000] {dag.py:4180} INFO - Setting next_dagrun for example_bash_operator to 2026-06-28 00:00:00+00:00, run_after=2026-06-29 00:00:00+00:00
[2026-06-29T22:03:16.609+0000] {processor.py:208} INFO - Processing /home/airflow/.local/lib/python3.12/site-packages/airflow/example_dags/example_bash_operator.py took 0.204 seconds
[2026-06-29T22:03:47.497+0000] {processor.py:186} INFO - Started process (PID=658) to work on /home/airflow/.local/lib/python3.12/site-packages/airflow/example_dags/example_bash_operator.py
[2026-06-29T22:03:47.500+0000] {processor.py:914} INFO - Processing file /home/airflow/.local/lib/python3.12/site-packages/airflow/example_dags/example_bash_operator.py for tasks to queue
[2026-06-29T22:03:47.509+0000] {logging_mixin.py:190} INFO - [2026-06-29T22:03:47.508+0000] {dagbag.py:588} INFO - Filling up the DagBag from /home/airflow/.local/lib/python3.12/site-packages/airflow/example_dags/example_bash_operator.py
[2026-06-29T22:03:47.539+0000] {processor.py:925} INFO - DAG(s) 'example_bash_operator' retrieved from /home/airflow/.local/lib/python3.12/site-packages/airflow/example_dags/example_bash_operator.py
[2026-06-29T22:03:47.604+0000] {logging_mixin.py:190} INFO - [2026-06-29T22:03:47.604+0000] {dag.py:3239} INFO - Sync 1 DAGs
[2026-06-29T22:03:47.657+0000] {logging_mixin.py:190} INFO - [2026-06-29T22:03:47.656+0000] {dag.py:4180} INFO - Setting next_dagrun for example_bash_operator to 2026-06-28 00:00:00+00:00, run_after=2026-06-29 00:00:00+00:00
[2026-06-29T22:03:47.707+0000] {processor.py:208} INFO - Processing /home/airflow/.local/lib/python3.12/site-packages/airflow/example_dags/example_bash_operator.py took 0.222 seconds
[2026-06-29T22:04:17.917+0000] {processor.py:186} INFO - Started process (PID=722) to work on /home/airflow/.local/lib/python3.12/site-packages/airflow/example_dags/example_bash_operator.py
[2026-06-29T22:04:17.921+0000] {processor.py:914} INFO - Processing file /home/airflow/.local/lib/python3.12/site-packages/airflow/example_dags/example_bash_operator.py for tasks to queue
[2026-06-29T22:04:17.928+0000] {logging_mixin.py:190} INFO - [2026-06-29T22:04:17.927+0000] {dagbag.py:588} INFO - Filling up the DagBag from /home/airflow/.local/lib/python3.12/site-packages/airflow/example_dags/example_bash_operator.py
[2026-06-29T22:04:17.959+0000] {processor.py:925} INFO - DAG(s) 'example_bash_operator' retrieved from /home/airflow/.local/lib/python3.12/site-packages/airflow/example_dags/example_bash_operator.py
[2026-06-29T22:04:18.019+0000] {logging_mixin.py:190} INFO - [2026-06-29T22:04:18.018+0000] {dag.py:3239} INFO - Sync 1 DAGs
[2026-06-29T22:04:18.082+0000] {logging_mixin.py:190} INFO - [2026-06-29T22:04:18.081+0000] {dag.py:4180} INFO - Setting next_dagrun for example_bash_operator to 2026-06-28 00:00:00+00:00, run_after=2026-06-29 00:00:00+00:00
[2026-06-29T22:04:18.123+0000] {processor.py:208} INFO - Processing /home/airflow/.local/lib/python3.12/site-packages/airflow/example_dags/example_bash_operator.py took 0.218 seconds
[2026-06-29T22:04:52.059+0000] {processor.py:186} INFO - Started process (PID=785) to work on /home/airflow/.local/lib/python3.12/site-packages/airflow/example_dags/example_bash_operator.py
[2026-06-29T22:04:52.074+0000] {processor.py:914} INFO - Processing file /home/airflow/.local/lib/python3.12/site-packages/airflow/example_dags/example_bash_operator.py for tasks to queue
[2026-06-29T22:04:52.098+0000] {logging_mixin.py:190} INFO - [2026-06-29T22:04:52.097+0000] {dagbag.py:588} INFO - Filling up the DagBag from /home/airflow/.local/lib/python3.12/site-packages/airflow/example_dags/example_bash_operator.py
[2026-06-29T22:04:52.147+0000] {processor.py:925} INFO - DAG(s) 'example_bash_operator' retrieved from /home/airflow/.local/lib/python3.12/site-packages/airflow/example_dags/example_bash_operator.py
[2026-06-29T22:04:52.243+0000] {logging_mixin.py:190} INFO - [2026-06-29T22:04:52.241+0000] {dag.py:3239} INFO - Sync 1 DAGs
[2026-06-29T22:04:52.331+0000] {logging_mixin.py:190} INFO - [2026-06-29T22:04:52.331+0000] {dag.py:4180} INFO - Setting next_dagrun for example_bash_operator to 2026-06-28 00:00:00+00:00, run_after=2026-06-29 00:00:00+00:00
[2026-06-29T22:04:52.425+0000] {processor.py:208} INFO - Processing /home/airflow/.local/lib/python3.12/site-packages/airflow/example_dags/example_bash_operator.py took 0.379 seconds
[2026-06-29T22:05:22.568+0000] {processor.py:186} INFO - Started process (PID=848) to work on /home/airflow/.local/lib/python3.12/site-packages/airflow/example_dags/example_bash_operator.py
[2026-06-29T22:05:22.570+0000] {processor.py:914} INFO - Processing file /home/airflow/.local/lib/python3.12/site-packages/airflow/example_dags/example_bash_operator.py for tasks to queue
[2026-06-29T22:05:22.574+0000] {logging_mixin.py:190} INFO - [2026-06-29T22:05:22.573+0000] {dagbag.py:588} INFO - Filling up the DagBag from /home/airflow/.local/lib/python3.12/site-packages/airflow/example_dags/example_bash_operator.py
[2026-06-29T22:05:22.593+0000] {processor.py:925} INFO - DAG(s) 'example_bash_operator' retrieved from /home/airflow/.local/lib/python3.12/site-packages/airflow/example_dags/example_bash_operator.py
[2026-06-29T22:05:22.633+0000] {logging_mixin.py:190} INFO - [2026-06-29T22:05:22.632+0000] {dag.py:3239} INFO - Sync 1 DAGs
[2026-06-29T22:05:22.666+0000] {logging_mixin.py:190} INFO - [2026-06-29T22:05:22.666+0000] {dag.py:4180} INFO - Setting next_dagrun for example_bash_operator to 2026-06-28 00:00:00+00:00, run_after=2026-06-29 00:00:00+00:00
[2026-06-29T22:05:22.694+0000] {processor.py:208} INFO - Processing /home/airflow/.local/lib/python3.12/site-packages/airflow/example_dags/example_bash_operator.py took 0.135 seconds
[2026-06-29T22:05:53.118+0000] {processor.py:186} INFO - Started process (PID=912) to work on /home/airflow/.local/lib/python3.12/site-packages/airflow/example_dags/example_bash_operator.py
[2026-06-29T22:05:53.120+0000] {processor.py:914} INFO - Processing file /home/airflow/.local/lib/python3.12/site-packages/airflow/example_dags/example_bash_operator.py for tasks to queue
[2026-06-29T22:05:53.123+0000] {logging_mixin.py:190} INFO - [2026-06-29T22:05:53.123+0000] {dagbag.py:588} INFO - Filling up the DagBag from /home/airflow/.local/lib/python3.12/site-packages/airflow/example_dags/example_bash_operator.py
[2026-06-29T22:05:53.139+0000] {processor.py:925} INFO - DAG(s) 'example_bash_operator' retrieved from /home/airflow/.local/lib/python3.12/site-packages/airflow/example_dags/example_bash_operator.py
[2026-06-29T22:05:53.169+0000] {logging_mixin.py:190} INFO - [2026-06-29T22:05:53.169+0000] {dag.py:3239} INFO - Sync 1 DAGs
[2026-06-29T22:05:53.199+0000] {logging_mixin.py:190} INFO - [2026-06-29T22:05:53.198+0000] {dag.py:4180} INFO - Setting next_dagrun for example_bash_operator to 2026-06-28 00:00:00+00:00, run_after=2026-06-29 00:00:00+00:00
[2026-06-29T22:05:53.229+0000] {processor.py:208} INFO - Processing /home/airflow/.local/lib/python3.12/site-packages/airflow/example_dags/example_bash_operator.py took 0.119 seconds
[2026-06-29T22:08:21.176+0000] {processor.py:186} INFO - Started process (PID=98) to work on /home/airflow/.local/lib/python3.12/site-packages/airflow/example_dags/example_bash_operator.py
[2026-06-29T22:08:21.179+0000] {processor.py:914} INFO - Processing file /home/airflow/.local/lib/python3.12/site-packages/airflow/example_dags/example_bash_operator.py for tasks to queue
[2026-06-29T22:08:21.185+0000] {logging_mixin.py:190} INFO - [2026-06-29T22:08:21.184+0000] {dagbag.py:588} INFO - Filling up the DagBag from /home/airflow/.local/lib/python3.12/site-packages/airflow/example_dags/example_bash_operator.py
[2026-06-29T22:08:21.228+0000] {processor.py:925} INFO - DAG(s) 'example_bash_operator' retrieved from /home/airflow/.local/lib/python3.12/site-packages/airflow/example_dags/example_bash_operator.py
[2026-06-29T22:08:21.345+0000] {logging_mixin.py:190} INFO - [2026-06-29T22:08:21.344+0000] {dag.py:3239} INFO - Sync 1 DAGs
[2026-06-29T22:08:21.402+0000] {logging_mixin.py:190} INFO - [2026-06-29T22:08:21.402+0000] {dag.py:4180} INFO - Setting next_dagrun for example_bash_operator to 2026-06-28 00:00:00+00:00, run_after=2026-06-29 00:00:00+00:00
[2026-06-29T22:08:21.454+0000] {processor.py:208} INFO - Processing /home/airflow/.local/lib/python3.12/site-packages/airflow/example_dags/example_bash_operator.py took 0.290 seconds
[2026-06-29T22:08:57.564+0000] {processor.py:186} INFO - Started process (PID=162) to work on /home/airflow/.local/lib/python3.12/site-packages/airflow/example_dags/example_bash_operator.py
[2026-06-29T22:08:57.576+0000] {processor.py:914} INFO - Processing file /home/airflow/.local/lib/python3.12/site-packages/airflow/example_dags/example_bash_operator.py for tasks to queue
[2026-06-29T22:08:57.619+0000] {logging_mixin.py:190} INFO - [2026-06-29T22:08:57.618+0000] {dagbag.py:588} INFO - Filling up the DagBag from /home/airflow/.local/lib/python3.12/site-packages/airflow/example_dags/example_bash_operator.py
[2026-06-29T22:08:57.754+0000] {processor.py:925} INFO - DAG(s) 'example_bash_operator' retrieved from /home/airflow/.local/lib/python3.12/site-packages/airflow/example_dags/example_bash_operator.py
[2026-06-29T22:08:57.843+0000] {logging_mixin.py:190} INFO - [2026-06-29T22:08:57.842+0000] {dag.py:3239} INFO - Sync 1 DAGs
[2026-06-29T22:08:57.902+0000] {logging_mixin.py:190} INFO - [2026-06-29T22:08:57.902+0000] {dag.py:4180} INFO - Setting next_dagrun for example_bash_operator to 2026-06-28 00:00:00+00:00, run_after=2026-06-29 00:00:00+00:00
[2026-06-29T22:08:57.943+0000] {processor.py:208} INFO - Processing /home/airflow/.local/lib/python3.12/site-packages/airflow/example_dags/example_bash_operator.py took 0.479 seconds
[2026-06-29T22:09:28.634+0000] {processor.py:186} INFO - Started process (PID=225) to work on /home/airflow/.local/lib/python3.12/site-packages/airflow/example_dags/example_bash_operator.py
[2026-06-29T22:09:28.640+0000] {processor.py:914} INFO - Processing file /home/airflow/.local/lib/python3.12/site-packages/airflow/example_dags/example_bash_operator.py for tasks to queue
[2026-06-29T22:09:28.646+0000] {logging_mixin.py:190} INFO - [2026-06-29T22:09:28.645+0000] {dagbag.py:588} INFO - Filling up the DagBag from /home/airflow/.local/lib/python3.12/site-packages/airflow/example_dags/example_bash_operator.py
[2026-06-29T22:09:28.685+0000] {processor.py:925} INFO - DAG(s) 'example_bash_operator' retrieved from /home/airflow/.local/lib/python3.12/site-packages/airflow/example_dags/example_bash_operator.py
[2026-06-29T22:09:28.784+0000] {logging_mixin.py:190} INFO - [2026-06-29T22:09:28.783+0000] {dag.py:3239} INFO - Sync 1 DAGs
[2026-06-29T22:09:28.868+0000] {logging_mixin.py:190} INFO - [2026-06-29T22:09:28.867+0000] {dag.py:4180} INFO - Setting next_dagrun for example_bash_operator to 2026-06-28 00:00:00+00:00, run_after=2026-06-29 00:00:00+00:00
[2026-06-29T22:09:28.940+0000] {processor.py:208} INFO - Processing /home/airflow/.local/lib/python3.12/site-packages/airflow/example_dags/example_bash_operator.py took 0.338 seconds
[2026-06-29T22:09:59.170+0000] {processor.py:186} INFO - Started process (PID=289) to work on /home/airflow/.local/lib/python3.12/site-packages/airflow/example_dags/example_bash_operator.py
[2026-06-29T22:09:59.173+0000] {processor.py:914} INFO - Processing file /home/airflow/.local/lib/python3.12/site-packages/airflow/example_dags/example_bash_operator.py for tasks to queue
[2026-06-29T22:09:59.179+0000] {logging_mixin.py:190} INFO - [2026-06-29T22:09:59.179+0000] {dagbag.py:588} INFO - Filling up the DagBag from /home/airflow/.local/lib/python3.12/site-packages/airflow/example_dags/example_bash_operator.py
[2026-06-29T22:09:59.206+0000] {processor.py:925} INFO - DAG(s) 'example_bash_operator' retrieved from /home/airflow/.local/lib/python3.12/site-packages/airflow/example_dags/example_bash_operator.py
[2026-06-29T22:09:59.251+0000] {logging_mixin.py:190} INFO - [2026-06-29T22:09:59.250+0000] {dag.py:3239} INFO - Sync 1 DAGs
[2026-06-29T22:09:59.292+0000] {logging_mixin.py:190} INFO - [2026-06-29T22:09:59.291+0000] {dag.py:4180} INFO - Setting next_dagrun for example_bash_operator to 2026-06-28 00:00:00+00:00, run_after=2026-06-29 00:00:00+00:00
[2026-06-29T22:09:59.322+0000] {processor.py:208} INFO - Processing /home/airflow/.local/lib/python3.12/site-packages/airflow/example_dags/example_bash_operator.py took 0.160 seconds
[2026-06-29T22:10:29.854+0000] {processor.py:186} INFO - Started process (PID=354) to work on /home/airflow/.local/lib/python3.12/site-packages/airflow/example_dags/example_bash_operator.py
[2026-06-29T22:10:29.864+0000] {processor.py:914} INFO - Processing file /home/airflow/.local/lib/python3.12/site-packages/airflow/example_dags/example_bash_operator.py for tasks to queue
[2026-06-29T22:10:29.875+0000] {logging_mixin.py:190} INFO - [2026-06-29T22:10:29.872+0000] {dagbag.py:588} INFO - Filling up the DagBag from /home/airflow/.local/lib/python3.12/site-packages/airflow/example_dags/example_bash_operator.py
[2026-06-29T22:10:29.977+0000] {processor.py:925} INFO - DAG(s) 'example_bash_operator' retrieved from /home/airflow/.local/lib/python3.12/site-packages/airflow/example_dags/example_bash_operator.py
[2026-06-29T22:10:30.146+0000] {logging_mixin.py:190} INFO - [2026-06-29T22:10:30.145+0000] {dag.py:3239} INFO - Sync 1 DAGs
[2026-06-29T22:10:30.348+0000] {logging_mixin.py:190} INFO - [2026-06-29T22:10:30.347+0000] {dag.py:4180} INFO - Setting next_dagrun for example_bash_operator to 2026-06-28 00:00:00+00:00, run_after=2026-06-29 00:00:00+00:00
[2026-06-29T22:10:30.468+0000] {processor.py:208} INFO - Processing /home/airflow/.local/lib/python3.12/site-packages/airflow/example_dags/example_bash_operator.py took 0.638 seconds
[2026-06-29T22:11:00.596+0000] {processor.py:186} INFO - Started process (PID=418) to work on /home/airflow/.local/lib/python3.12/site-packages/airflow/example_dags/example_bash_operator.py
[2026-06-29T22:11:00.598+0000] {processor.py:914} INFO - Processing file /home/airflow/.local/lib/python3.12/site-packages/airflow/example_dags/example_bash_operator.py for tasks to queue
[2026-06-29T22:11:00.603+0000] {logging_mixin.py:190} INFO - [2026-06-29T22:11:00.602+0000] {dagbag.py:588} INFO - Filling up the DagBag from /home/airflow/.local/lib/python3.12/site-packages/airflow/example_dags/example_bash_operator.py
[2026-06-29T22:11:00.627+0000] {processor.py:925} INFO - DAG(s) 'example_bash_operator' retrieved from /home/airflow/.local/lib/python3.12/site-packages/airflow/example_dags/example_bash_operator.py
[2026-06-29T22:11:00.683+0000] {logging_mixin.py:190} INFO - [2026-06-29T22:11:00.682+0000] {dag.py:3239} INFO - Sync 1 DAGs
[2026-06-29T22:11:00.722+0000] {logging_mixin.py:190} INFO - [2026-06-29T22:11:00.720+0000] {dag.py:4180} INFO - Setting next_dagrun for example_bash_operator to 2026-06-28 00:00:00+00:00, run_after=2026-06-29 00:00:00+00:00
[2026-06-29T22:11:00.768+0000] {processor.py:208} INFO - Processing /home/airflow/.local/lib/python3.12/site-packages/airflow/example_dags/example_bash_operator.py took 0.183 seconds
[2026-06-29T22:11:30.875+0000] {processor.py:186} INFO - Started process (PID=482) to work on /home/airflow/.local/lib/python3.12/site-packages/airflow/example_dags/example_bash_operator.py
[2026-06-29T22:11:30.877+0000] {processor.py:914} INFO - Processing file /home/airflow/.local/lib/python3.12/site-packages/airflow/example_dags/example_bash_operator.py for tasks to queue
[2026-06-29T22:11:30.880+0000] {logging_mixin.py:190} INFO - [2026-06-29T22:11:30.880+0000] {dagbag.py:588} INFO - Filling up the DagBag from /home/airflow/.local/lib/python3.12/site-packages/airflow/example_dags/example_bash_operator.py
[2026-06-29T22:11:30.895+0000] {processor.py:925} INFO - DAG(s) 'example_bash_operator' retrieved from /home/airflow/.local/lib/python3.12/site-packages/airflow/example_dags/example_bash_operator.py
[2026-06-29T22:11:30.926+0000] {logging_mixin.py:190} INFO - [2026-06-29T22:11:30.925+0000] {dag.py:3239} INFO - Sync 1 DAGs
[2026-06-29T22:11:30.951+0000] {logging_mixin.py:190} INFO - [2026-06-29T22:11:30.951+0000] {dag.py:4180} INFO - Setting next_dagrun for example_bash_operator to 2026-06-28 00:00:00+00:00, run_after=2026-06-29 00:00:00+00:00
[2026-06-29T22:11:30.974+0000] {processor.py:208} INFO - Processing /home/airflow/.local/lib/python3.12/site-packages/airflow/example_dags/example_bash_operator.py took 0.109 seconds
[2026-06-29T22:12:01.410+0000] {processor.py:186} INFO - Started process (PID=546) to work on /home/airflow/.local/lib/python3.12/site-packages/airflow/example_dags/example_bash_operator.py
[2026-06-29T22:12:01.414+0000] {processor.py:914} INFO - Processing file /home/airflow/.local/lib/python3.12/site-packages/airflow/example_dags/example_bash_operator.py for tasks to queue
[2026-06-29T22:12:01.422+0000] {logging_mixin.py:190} INFO - [2026-06-29T22:12:01.421+0000] {dagbag.py:588} INFO - Filling up the DagBag from /home/airflow/.local/lib/python3.12/site-packages/airflow/example_dags/example_bash_operator.py
[2026-06-29T22:12:01.447+0000] {processor.py:925} INFO - DAG(s) 'example_bash_operator' retrieved from /home/airflow/.local/lib/python3.12/site-packages/airflow/example_dags/example_bash_operator.py
[2026-06-29T22:12:01.527+0000] {logging_mixin.py:190} INFO - [2026-06-29T22:12:01.527+0000] {dag.py:3239} INFO - Sync 1 DAGs
[2026-06-29T22:12:01.588+0000] {logging_mixin.py:190} INFO - [2026-06-29T22:12:01.587+0000] {dag.py:4180} INFO - Setting next_dagrun for example_bash_operator to 2026-06-28 00:00:00+00:00, run_after=2026-06-29 00:00:00+00:00
[2026-06-29T22:12:01.636+0000] {processor.py:208} INFO - Processing /home/airflow/.local/lib/python3.12/site-packages/airflow/example_dags/example_bash_operator.py took 0.241 seconds
[2026-06-29T22:12:36.673+0000] {processor.py:186} INFO - Started process (PID=610) to work on /home/airflow/.local/lib/python3.12/site-packages/airflow/example_dags/example_bash_operator.py
[2026-06-29T22:12:36.676+0000] {processor.py:914} INFO - Processing file /home/airflow/.local/lib/python3.12/site-packages/airflow/example_dags/example_bash_operator.py for tasks to queue
[2026-06-29T22:12:36.684+0000] {logging_mixin.py:190} INFO - [2026-06-29T22:12:36.683+0000] {dagbag.py:588} INFO - Filling up the DagBag from /home/airflow/.local/lib/python3.12/site-packages/airflow/example_dags/example_bash_operator.py
[2026-06-29T22:12:36.752+0000] {processor.py:925} INFO - DAG(s) 'example_bash_operator' retrieved from /home/airflow/.local/lib/python3.12/site-packages/airflow/example_dags/example_bash_operator.py
[2026-06-29T22:12:36.870+0000] {logging_mixin.py:190} INFO - [2026-06-29T22:12:36.868+0000] {dag.py:3239} INFO - Sync 1 DAGs
[2026-06-29T22:12:36.926+0000] {logging_mixin.py:190} INFO - [2026-06-29T22:12:36.926+0000] {dag.py:4180} INFO - Setting next_dagrun for example_bash_operator to 2026-06-28 00:00:00+00:00, run_after=2026-06-29 00:00:00+00:00
[2026-06-29T22:12:36.977+0000] {processor.py:208} INFO - Processing /home/airflow/.local/lib/python3.12/site-packages/airflow/example_dags/example_bash_operator.py took 0.317 seconds
[2026-06-29T22:13:07.687+0000] {processor.py:186} INFO - Started process (PID=680) to work on /home/airflow/.local/lib/python3.12/site-packages/airflow/example_dags/example_bash_operator.py
[2026-06-29T22:13:07.689+0000] {processor.py:914} INFO - Processing file /home/airflow/.local/lib/python3.12/site-packages/airflow/example_dags/example_bash_operator.py for tasks to queue
[2026-06-29T22:13:07.695+0000] {logging_mixin.py:190} INFO - [2026-06-29T22:13:07.694+0000] {dagbag.py:588} INFO - Filling up the DagBag from /home/airflow/.local/lib/python3.12/site-packages/airflow/example_dags/example_bash_operator.py
[2026-06-29T22:13:07.726+0000] {processor.py:925} INFO - DAG(s) 'example_bash_operator' retrieved from /home/airflow/.local/lib/python3.12/site-packages/airflow/example_dags/example_bash_operator.py
[2026-06-29T22:13:07.781+0000] {logging_mixin.py:190} INFO - [2026-06-29T22:13:07.780+0000] {dag.py:3239} INFO - Sync 1 DAGs
[2026-06-29T22:13:07.872+0000] {logging_mixin.py:190} INFO - [2026-06-29T22:13:07.871+0000] {dag.py:4180} INFO - Setting next_dagrun for example_bash_operator to 2026-06-28 00:00:00+00:00, run_after=2026-06-29 00:00:00+00:00
[2026-06-29T22:13:07.928+0000] {processor.py:208} INFO - Processing /home/airflow/.local/lib/python3.12/site-packages/airflow/example_dags/example_bash_operator.py took 0.251 seconds
[2026-06-29T22:13:38.457+0000] {processor.py:186} INFO - Started process (PID=745) to work on /home/airflow/.local/lib/python3.12/site-packages/airflow/example_dags/example_bash_operator.py
[2026-06-29T22:13:38.523+0000] {processor.py:914} INFO - Processing file /home/airflow/.local/lib/python3.12/site-packages/airflow/example_dags/example_bash_operator.py for tasks to queue
[2026-06-29T22:13:38.557+0000] {logging_mixin.py:190} INFO - [2026-06-29T22:13:38.556+0000] {dagbag.py:588} INFO - Filling up the DagBag from /home/airflow/.local/lib/python3.12/site-packages/airflow/example_dags/example_bash_operator.py
[2026-06-29T22:13:38.643+0000] {processor.py:925} INFO - DAG(s) 'example_bash_operator' retrieved from /home/airflow/.local/lib/python3.12/site-packages/airflow/example_dags/example_bash_operator.py
[2026-06-29T22:13:38.731+0000] {logging_mixin.py:190} INFO - [2026-06-29T22:13:38.729+0000] {dag.py:3239} INFO - Sync 1 DAGs
[2026-06-29T22:13:38.822+0000] {logging_mixin.py:190} INFO - [2026-06-29T22:13:38.821+0000] {dag.py:4180} INFO - Setting next_dagrun for example_bash_operator to 2026-06-28 00:00:00+00:00, run_after=2026-06-29 00:00:00+00:00
[2026-06-29T22:13:38.895+0000] {processor.py:208} INFO - Processing /home/airflow/.local/lib/python3.12/site-packages/airflow/example_dags/example_bash_operator.py took 0.449 seconds
[2026-06-29T22:14:09.451+0000] {processor.py:186} INFO - Started process (PID=809) to work on /home/airflow/.local/lib/python3.12/site-packages/airflow/example_dags/example_bash_operator.py
[2026-06-29T22:14:09.452+0000] {processor.py:914} INFO - Processing file /home/airflow/.local/lib/python3.12/site-packages/airflow/example_dags/example_bash_operator.py for tasks to queue
[2026-06-29T22:14:09.456+0000] {logging_mixin.py:190} INFO - [2026-06-29T22:14:09.456+0000] {dagbag.py:588} INFO - Filling up the DagBag from /home/airflow/.local/lib/python3.12/site-packages/airflow/example_dags/example_bash_operator.py
[2026-06-29T22:14:09.484+0000] {processor.py:925} INFO - DAG(s) 'example_bash_operator' retrieved from /home/airflow/.local/lib/python3.12/site-packages/airflow/example_dags/example_bash_operator.py
[2026-06-29T22:14:09.531+0000] {logging_mixin.py:190} INFO - [2026-06-29T22:14:09.531+0000] {dag.py:3239} INFO - Sync 1 DAGs
[2026-06-29T22:14:09.583+0000] {logging_mixin.py:190} INFO - [2026-06-29T22:14:09.583+0000] {dag.py:4180} INFO - Setting next_dagrun for example_bash_operator to 2026-06-28 00:00:00+00:00, run_after=2026-06-29 00:00:00+00:00
[2026-06-29T22:14:09.625+0000] {processor.py:208} INFO - Processing /home/airflow/.local/lib/python3.12/site-packages/airflow/example_dags/example_bash_operator.py took 0.184 seconds
[2026-06-29T22:14:40.269+0000] {processor.py:186} INFO - Started process (PID=873) to work on /home/airflow/.local/lib/python3.12/site-packages/airflow/example_dags/example_bash_operator.py
[2026-06-29T22:14:40.273+0000] {processor.py:914} INFO - Processing file /home/airflow/.local/lib/python3.12/site-packages/airflow/example_dags/example_bash_operator.py for tasks to queue
[2026-06-29T22:14:40.289+0000] {logging_mixin.py:190} INFO - [2026-06-29T22:14:40.287+0000] {dagbag.py:588} INFO - Filling up the DagBag from /home/airflow/.local/lib/python3.12/site-packages/airflow/example_dags/example_bash_operator.py
[2026-06-29T22:14:40.373+0000] {processor.py:925} INFO - DAG(s) 'example_bash_operator' retrieved from /home/airflow/.local/lib/python3.12/site-packages/airflow/example_dags/example_bash_operator.py
[2026-06-29T22:14:40.573+0000] {logging_mixin.py:190} INFO - [2026-06-29T22:14:40.571+0000] {dag.py:3239} INFO - Sync 1 DAGs
[2026-06-29T22:14:40.703+0000] {logging_mixin.py:190} INFO - [2026-06-29T22:14:40.702+0000] {dag.py:4180} INFO - Setting next_dagrun for example_bash_operator to 2026-06-28 00:00:00+00:00, run_after=2026-06-29 00:00:00+00:00
[2026-06-29T22:14:40.800+0000] {processor.py:208} INFO - Processing /home/airflow/.local/lib/python3.12/site-packages/airflow/example_dags/example_bash_operator.py took 0.565 seconds
[2026-06-29T22:15:11.077+0000] {processor.py:186} INFO - Started process (PID=937) to work on /home/airflow/.local/lib/python3.12/site-packages/airflow/example_dags/example_bash_operator.py
[2026-06-29T22:15:11.078+0000] {processor.py:914} INFO - Processing file /home/airflow/.local/lib/python3.12/site-packages/airflow/example_dags/example_bash_operator.py for tasks to queue
[2026-06-29T22:15:11.082+0000] {logging_mixin.py:190} INFO - [2026-06-29T22:15:11.081+0000] {dagbag.py:588} INFO - Filling up the DagBag from /home/airflow/.local/lib/python3.12/site-packages/airflow/example_dags/example_bash_operator.py
[2026-06-29T22:15:11.097+0000] {processor.py:925} INFO - DAG(s) 'example_bash_operator' retrieved from /home/airflow/.local/lib/python3.12/site-packages/airflow/example_dags/example_bash_operator.py
[2026-06-29T22:15:11.132+0000] {logging_mixin.py:190} INFO - [2026-06-29T22:15:11.131+0000] {dag.py:3239} INFO - Sync 1 DAGs
[2026-06-29T22:15:11.161+0000] {logging_mixin.py:190} INFO - [2026-06-29T22:15:11.161+0000] {dag.py:4180} INFO - Setting next_dagrun for example_bash_operator to 2026-06-28 00:00:00+00:00, run_after=2026-06-29 00:00:00+00:00
[2026-06-29T22:15:11.188+0000] {processor.py:208} INFO - Processing /home/airflow/.local/lib/python3.12/site-packages/airflow/example_dags/example_bash_operator.py took 0.119 seconds
[2026-06-29T22:15:41.767+0000] {processor.py:186} INFO - Started process (PID=1000) to work on /home/airflow/.local/lib/python3.12/site-packages/airflow/example_dags/example_bash_operator.py
[2026-06-29T22:15:41.768+0000] {processor.py:914} INFO - Processing file /home/airflow/.local/lib/python3.12/site-packages/airflow/example_dags/example_bash_operator.py for tasks to queue
[2026-06-29T22:15:41.771+0000] {logging_mixin.py:190} INFO - [2026-06-29T22:15:41.771+0000] {dagbag.py:588} INFO - Filling up the DagBag from /home/airflow/.local/lib/python3.12/site-packages/airflow/example_dags/example_bash_operator.py
[2026-06-29T22:15:41.787+0000] {processor.py:925} INFO - DAG(s) 'example_bash_operator' retrieved from /home/airflow/.local/lib/python3.12/site-packages/airflow/example_dags/example_bash_operator.py
[2026-06-29T22:15:41.816+0000] {logging_mixin.py:190} INFO - [2026-06-29T22:15:41.816+0000] {dag.py:3239} INFO - Sync 1 DAGs
[2026-06-29T22:15:41.848+0000] {logging_mixin.py:190} INFO - [2026-06-29T22:15:41.847+0000] {dag.py:4180} INFO - Setting next_dagrun for example_bash_operator to 2026-06-28 00:00:00+00:00, run_after=2026-06-29 00:00:00+00:00
[2026-06-29T22:15:41.873+0000] {processor.py:208} INFO - Processing /home/airflow/.local/lib/python3.12/site-packages/airflow/example_dags/example_bash_operator.py took 0.114 seconds
[2026-06-29T22:16:12.056+0000] {processor.py:186} INFO - Started process (PID=1064) to work on /home/airflow/.local/lib/python3.12/site-packages/airflow/example_dags/example_bash_operator.py
[2026-06-29T22:16:12.063+0000] {processor.py:914} INFO - Processing file /home/airflow/.local/lib/python3.12/site-packages/airflow/example_dags/example_bash_operator.py for tasks to queue
[2026-06-29T22:16:12.072+0000] {logging_mixin.py:190} INFO - [2026-06-29T22:16:12.072+0000] {dagbag.py:588} INFO - Filling up the DagBag from /home/airflow/.local/lib/python3.12/site-packages/airflow/example_dags/example_bash_operator.py
[2026-06-29T22:16:12.106+0000] {processor.py:925} INFO - DAG(s) 'example_bash_operator' retrieved from /home/airflow/.local/lib/python3.12/site-packages/airflow/example_dags/example_bash_operator.py
[2026-06-29T22:16:12.163+0000] {logging_mixin.py:190} INFO - [2026-06-29T22:16:12.163+0000] {dag.py:3239} INFO - Sync 1 DAGs
[2026-06-29T22:16:12.204+0000] {logging_mixin.py:190} INFO - [2026-06-29T22:16:12.204+0000] {dag.py:4180} INFO - Setting next_dagrun for example_bash_operator to 2026-06-28 00:00:00+00:00, run_after=2026-06-29 00:00:00+00:00
[2026-06-29T22:16:12.242+0000] {processor.py:208} INFO - Processing /home/airflow/.local/lib/python3.12/site-packages/airflow/example_dags/example_bash_operator.py took 0.203 seconds
[2026-06-29T22:16:43.845+0000] {processor.py:186} INFO - Started process (PID=1127) to work on /home/airflow/.local/lib/python3.12/site-packages/airflow/example_dags/example_bash_operator.py
[2026-06-29T22:16:43.848+0000] {processor.py:914} INFO - Processing file /home/airflow/.local/lib/python3.12/site-packages/airflow/example_dags/example_bash_operator.py for tasks to queue
[2026-06-29T22:16:43.859+0000] {logging_mixin.py:190} INFO - [2026-06-29T22:16:43.858+0000] {dagbag.py:588} INFO - Filling up the DagBag from /home/airflow/.local/lib/python3.12/site-packages/airflow/example_dags/example_bash_operator.py
[2026-06-29T22:16:43.905+0000] {processor.py:925} INFO - DAG(s) 'example_bash_operator' retrieved from /home/airflow/.local/lib/python3.12/site-packages/airflow/example_dags/example_bash_operator.py
[2026-06-29T22:16:43.983+0000] {logging_mixin.py:190} INFO - [2026-06-29T22:16:43.982+0000] {dag.py:3239} INFO - Sync 1 DAGs
[2026-06-29T22:16:44.065+0000] {logging_mixin.py:190} INFO - [2026-06-29T22:16:44.065+0000] {dag.py:4180} INFO - Setting next_dagrun for example_bash_operator to 2026-06-28 00:00:00+00:00, run_after=2026-06-29 00:00:00+00:00
[2026-06-29T22:16:44.138+0000] {processor.py:208} INFO - Processing /home/airflow/.local/lib/python3.12/site-packages/airflow/example_dags/example_bash_operator.py took 0.315 seconds
[2026-06-29T22:17:15.005+0000] {processor.py:186} INFO - Started process (PID=1190) to work on /home/airflow/.local/lib/python3.12/site-packages/airflow/example_dags/example_bash_operator.py
[2026-06-29T22:17:15.009+0000] {processor.py:914} INFO - Processing file /home/airflow/.local/lib/python3.12/site-packages/airflow/example_dags/example_bash_operator.py for tasks to queue
[2026-06-29T22:17:15.015+0000] {logging_mixin.py:190} INFO - [2026-06-29T22:17:15.015+0000] {dagbag.py:588} INFO - Filling up the DagBag from /home/airflow/.local/lib/python3.12/site-packages/airflow/example_dags/example_bash_operator.py
[2026-06-29T22:17:15.046+0000] {processor.py:925} INFO - DAG(s) 'example_bash_operator' retrieved from /home/airflow/.local/lib/python3.12/site-packages/airflow/example_dags/example_bash_operator.py
[2026-06-29T22:17:15.094+0000] {logging_mixin.py:190} INFO - [2026-06-29T22:17:15.093+0000] {dag.py:3239} INFO - Sync 1 DAGs
[2026-06-29T22:17:15.153+0000] {logging_mixin.py:190} INFO - [2026-06-29T22:17:15.152+0000] {dag.py:4180} INFO - Setting next_dagrun for example_bash_operator to 2026-06-28 00:00:00+00:00, run_after=2026-06-29 00:00:00+00:00
[2026-06-29T22:17:15.203+0000] {processor.py:208} INFO - Processing /home/airflow/.local/lib/python3.12/site-packages/airflow/example_dags/example_bash_operator.py took 0.208 seconds
[2026-06-29T22:17:45.481+0000] {processor.py:186} INFO - Started process (PID=1254) to work on /home/airflow/.local/lib/python3.12/site-packages/airflow/example_dags/example_bash_operator.py
[2026-06-29T22:17:45.484+0000] {processor.py:914} INFO - Processing file /home/airflow/.local/lib/python3.12/site-packages/airflow/example_dags/example_bash_operator.py for tasks to queue
[2026-06-29T22:17:45.491+0000] {logging_mixin.py:190} INFO - [2026-06-29T22:17:45.491+0000] {dagbag.py:588} INFO - Filling up the DagBag from /home/airflow/.local/lib/python3.12/site-packages/airflow/example_dags/example_bash_operator.py
[2026-06-29T22:17:45.522+0000] {processor.py:925} INFO - DAG(s) 'example_bash_operator' retrieved from /home/airflow/.local/lib/python3.12/site-packages/airflow/example_dags/example_bash_operator.py
[2026-06-29T22:17:45.600+0000] {logging_mixin.py:190} INFO - [2026-06-29T22:17:45.599+0000] {dag.py:3239} INFO - Sync 1 DAGs
[2026-06-29T22:17:45.667+0000] {logging_mixin.py:190} INFO - [2026-06-29T22:17:45.666+0000] {dag.py:4180} INFO - Setting next_dagrun for example_bash_operator to 2026-06-28 00:00:00+00:00, run_after=2026-06-29 00:00:00+00:00
[2026-06-29T22:17:45.740+0000] {processor.py:208} INFO - Processing /home/airflow/.local/lib/python3.12/site-packages/airflow/example_dags/example_bash_operator.py took 0.277 seconds
[2026-06-29T22:18:16.105+0000] {processor.py:186} INFO - Started process (PID=1318) to work on /home/airflow/.local/lib/python3.12/site-packages/airflow/example_dags/example_bash_operator.py
[2026-06-29T22:18:16.108+0000] {processor.py:914} INFO - Processing file /home/airflow/.local/lib/python3.12/site-packages/airflow/example_dags/example_bash_operator.py for tasks to queue
[2026-06-29T22:18:16.116+0000] {logging_mixin.py:190} INFO - [2026-06-29T22:18:16.116+0000] {dagbag.py:588} INFO - Filling up the DagBag from /home/airflow/.local/lib/python3.12/site-packages/airflow/example_dags/example_bash_operator.py
[2026-06-29T22:18:16.139+0000] {processor.py:925} INFO - DAG(s) 'example_bash_operator' retrieved from /home/airflow/.local/lib/python3.12/site-packages/airflow/example_dags/example_bash_operator.py
[2026-06-29T22:18:16.181+0000] {logging_mixin.py:190} INFO - [2026-06-29T22:18:16.180+0000] {dag.py:3239} INFO - Sync 1 DAGs
[2026-06-29T22:18:16.230+0000] {logging_mixin.py:190} INFO - [2026-06-29T22:18:16.230+0000] {dag.py:4180} INFO - Setting next_dagrun for example_bash_operator to 2026-06-28 00:00:00+00:00, run_after=2026-06-29 00:00:00+00:00
[2026-06-29T22:18:16.264+0000] {processor.py:208} INFO - Processing /home/airflow/.local/lib/python3.12/site-packages/airflow/example_dags/example_bash_operator.py took 0.169 seconds
[2026-06-29T22:18:46.603+0000] {processor.py:186} INFO - Started process (PID=1382) to work on /home/airflow/.local/lib/python3.12/site-packages/airflow/example_dags/example_bash_operator.py
[2026-06-29T22:18:46.605+0000] {processor.py:914} INFO - Processing file /home/airflow/.local/lib/python3.12/site-packages/airflow/example_dags/example_bash_operator.py for tasks to queue
[2026-06-29T22:18:46.609+0000] {logging_mixin.py:190} INFO - [2026-06-29T22:18:46.608+0000] {dagbag.py:588} INFO - Filling up the DagBag from /home/airflow/.local/lib/python3.12/site-packages/airflow/example_dags/example_bash_operator.py
[2026-06-29T22:18:46.627+0000] {processor.py:925} INFO - DAG(s) 'example_bash_operator' retrieved from /home/airflow/.local/lib/python3.12/site-packages/airflow/example_dags/example_bash_operator.py
[2026-06-29T22:18:46.668+0000] {logging_mixin.py:190} INFO - [2026-06-29T22:18:46.667+0000] {dag.py:3239} INFO - Sync 1 DAGs
[2026-06-29T22:18:46.700+0000] {logging_mixin.py:190} INFO - [2026-06-29T22:18:46.700+0000] {dag.py:4180} INFO - Setting next_dagrun for example_bash_operator to 2026-06-28 00:00:00+00:00, run_after=2026-06-29 00:00:00+00:00
[2026-06-29T22:18:46.734+0000] {processor.py:208} INFO - Processing /home/airflow/.local/lib/python3.12/site-packages/airflow/example_dags/example_bash_operator.py took 0.142 seconds
[2026-06-29T22:19:16.855+0000] {processor.py:186} INFO - Started process (PID=1446) to work on /home/airflow/.local/lib/python3.12/site-packages/airflow/example_dags/example_bash_operator.py
[2026-06-29T22:19:16.858+0000] {processor.py:914} INFO - Processing file /home/airflow/.local/lib/python3.12/site-packages/airflow/example_dags/example_bash_operator.py for tasks to queue
[2026-06-29T22:19:16.862+0000] {logging_mixin.py:190} INFO - [2026-06-29T22:19:16.861+0000] {dagbag.py:588} INFO - Filling up the DagBag from /home/airflow/.local/lib/python3.12/site-packages/airflow/example_dags/example_bash_operator.py
[2026-06-29T22:19:16.878+0000] {processor.py:925} INFO - DAG(s) 'example_bash_operator' retrieved from /home/airflow/.local/lib/python3.12/site-packages/airflow/example_dags/example_bash_operator.py
[2026-06-29T22:19:16.908+0000] {logging_mixin.py:190} INFO - [2026-06-29T22:19:16.908+0000] {dag.py:3239} INFO - Sync 1 DAGs
[2026-06-29T22:19:16.934+0000] {logging_mixin.py:190} INFO - [2026-06-29T22:19:16.933+0000] {dag.py:4180} INFO - Setting next_dagrun for example_bash_operator to 2026-06-28 00:00:00+00:00, run_after=2026-06-29 00:00:00+00:00
[2026-06-29T22:19:16.957+0000] {processor.py:208} INFO - Processing /home/airflow/.local/lib/python3.12/site-packages/airflow/example_dags/example_bash_operator.py took 0.110 seconds
[2026-06-29T22:19:47.126+0000] {processor.py:186} INFO - Started process (PID=1510) to work on /home/airflow/.local/lib/python3.12/site-packages/airflow/example_dags/example_bash_operator.py
[2026-06-29T22:19:47.128+0000] {processor.py:914} INFO - Processing file /home/airflow/.local/lib/python3.12/site-packages/airflow/example_dags/example_bash_operator.py for tasks to queue
[2026-06-29T22:19:47.135+0000] {logging_mixin.py:190} INFO - [2026-06-29T22:19:47.134+0000] {dagbag.py:588} INFO - Filling up the DagBag from /home/airflow/.local/lib/python3.12/site-packages/airflow/example_dags/example_bash_operator.py
[2026-06-29T22:19:47.159+0000] {processor.py:925} INFO - DAG(s) 'example_bash_operator' retrieved from /home/airflow/.local/lib/python3.12/site-packages/airflow/example_dags/example_bash_operator.py
[2026-06-29T22:19:47.212+0000] {logging_mixin.py:190} INFO - [2026-06-29T22:19:47.212+0000] {dag.py:3239} INFO - Sync 1 DAGs
[2026-06-29T22:19:47.264+0000] {logging_mixin.py:190} INFO - [2026-06-29T22:19:47.264+0000] {dag.py:4180} INFO - Setting next_dagrun for example_bash_operator to 2026-06-28 00:00:00+00:00, run_after=2026-06-29 00:00:00+00:00
[2026-06-29T22:19:47.300+0000] {processor.py:208} INFO - Processing /home/airflow/.local/lib/python3.12/site-packages/airflow/example_dags/example_bash_operator.py took 0.188 seconds
[2026-06-29T22:20:19.394+0000] {processor.py:186} INFO - Started process (PID=1574) to work on /home/airflow/.local/lib/python3.12/site-packages/airflow/example_dags/example_bash_operator.py
[2026-06-29T22:20:19.402+0000] {processor.py:914} INFO - Processing file /home/airflow/.local/lib/python3.12/site-packages/airflow/example_dags/example_bash_operator.py for tasks to queue
[2026-06-29T22:20:19.410+0000] {logging_mixin.py:190} INFO - [2026-06-29T22:20:19.408+0000] {dagbag.py:588} INFO - Filling up the DagBag from /home/airflow/.local/lib/python3.12/site-packages/airflow/example_dags/example_bash_operator.py
[2026-06-29T22:20:19.446+0000] {processor.py:925} INFO - DAG(s) 'example_bash_operator' retrieved from /home/airflow/.local/lib/python3.12/site-packages/airflow/example_dags/example_bash_operator.py
[2026-06-29T22:20:19.528+0000] {logging_mixin.py:190} INFO - [2026-06-29T22:20:19.527+0000] {dag.py:3239} INFO - Sync 1 DAGs
[2026-06-29T22:20:19.605+0000] {logging_mixin.py:190} INFO - [2026-06-29T22:20:19.605+0000] {dag.py:4180} INFO - Setting next_dagrun for example_bash_operator to 2026-06-28 00:00:00+00:00, run_after=2026-06-29 00:00:00+00:00
[2026-06-29T22:20:19.656+0000] {processor.py:208} INFO - Processing /home/airflow/.local/lib/python3.12/site-packages/airflow/example_dags/example_bash_operator.py took 0.272 seconds
[2026-06-29T22:20:54.006+0000] {processor.py:186} INFO - Started process (PID=1633) to work on /home/airflow/.local/lib/python3.12/site-packages/airflow/example_dags/example_bash_operator.py
[2026-06-29T22:20:54.009+0000] {processor.py:914} INFO - Processing file /home/airflow/.local/lib/python3.12/site-packages/airflow/example_dags/example_bash_operator.py for tasks to queue
[2026-06-29T22:20:54.014+0000] {logging_mixin.py:190} INFO - [2026-06-29T22:20:54.013+0000] {dagbag.py:588} INFO - Filling up the DagBag from /home/airflow/.local/lib/python3.12/site-packages/airflow/example_dags/example_bash_operator.py
[2026-06-29T22:20:54.033+0000] {processor.py:925} INFO - DAG(s) 'example_bash_operator' retrieved from /home/airflow/.local/lib/python3.12/site-packages/airflow/example_dags/example_bash_operator.py
[2026-06-29T22:20:54.083+0000] {logging_mixin.py:190} INFO - [2026-06-29T22:20:54.083+0000] {dag.py:3239} INFO - Sync 1 DAGs
[2026-06-29T22:20:54.119+0000] {logging_mixin.py:190} INFO - [2026-06-29T22:20:54.118+0000] {dag.py:4180} INFO - Setting next_dagrun for example_bash_operator to 2026-06-28 00:00:00+00:00, run_after=2026-06-29 00:00:00+00:00
[2026-06-29T22:20:54.154+0000] {processor.py:208} INFO - Processing /home/airflow/.local/lib/python3.12/site-packages/airflow/example_dags/example_bash_operator.py took 0.159 seconds
[2026-06-29T22:21:24.330+0000] {processor.py:186} INFO - Started process (PID=1697) to work on /home/airflow/.local/lib/python3.12/site-packages/airflow/example_dags/example_bash_operator.py
[2026-06-29T22:21:24.333+0000] {processor.py:914} INFO - Processing file /home/airflow/.local/lib/python3.12/site-packages/airflow/example_dags/example_bash_operator.py for tasks to queue
[2026-06-29T22:21:24.340+0000] {logging_mixin.py:190} INFO - [2026-06-29T22:21:24.338+0000] {dagbag.py:588} INFO - Filling up the DagBag from /home/airflow/.local/lib/python3.12/site-packages/airflow/example_dags/example_bash_operator.py
[2026-06-29T22:21:24.368+0000] {processor.py:925} INFO - DAG(s) 'example_bash_operator' retrieved from /home/airflow/.local/lib/python3.12/site-packages/airflow/example_dags/example_bash_operator.py
[2026-06-29T22:21:24.436+0000] {logging_mixin.py:190} INFO - [2026-06-29T22:21:24.435+0000] {dag.py:3239} INFO - Sync 1 DAGs
[2026-06-29T22:21:24.479+0000] {logging_mixin.py:190} INFO - [2026-06-29T22:21:24.479+0000] {dag.py:4180} INFO - Setting next_dagrun for example_bash_operator to 2026-06-28 00:00:00+00:00, run_after=2026-06-29 00:00:00+00:00
[2026-06-29T22:21:24.517+0000] {processor.py:208} INFO - Processing /home/airflow/.local/lib/python3.12/site-packages/airflow/example_dags/example_bash_operator.py took 0.199 seconds
[2026-06-29T22:21:54.599+0000] {processor.py:186} INFO - Started process (PID=1760) to work on /home/airflow/.local/lib/python3.12/site-packages/airflow/example_dags/example_bash_operator.py
[2026-06-29T22:21:54.601+0000] {processor.py:914} INFO - Processing file /home/airflow/.local/lib/python3.12/site-packages/airflow/example_dags/example_bash_operator.py for tasks to queue
[2026-06-29T22:21:54.606+0000] {logging_mixin.py:190} INFO - [2026-06-29T22:21:54.605+0000] {dagbag.py:588} INFO - Filling up the DagBag from /home/airflow/.local/lib/python3.12/site-packages/airflow/example_dags/example_bash_operator.py
[2026-06-29T22:21:54.631+0000] {processor.py:925} INFO - DAG(s) 'example_bash_operator' retrieved from /home/airflow/.local/lib/python3.12/site-packages/airflow/example_dags/example_bash_operator.py
[2026-06-29T22:21:54.675+0000] {logging_mixin.py:190} INFO - [2026-06-29T22:21:54.674+0000] {dag.py:3239} INFO - Sync 1 DAGs
[2026-06-29T22:21:54.727+0000] {logging_mixin.py:190} INFO - [2026-06-29T22:21:54.726+0000] {dag.py:4180} INFO - Setting next_dagrun for example_bash_operator to 2026-06-28 00:00:00+00:00, run_after=2026-06-29 00:00:00+00:00
[2026-06-29T22:21:54.776+0000] {processor.py:208} INFO - Processing /home/airflow/.local/lib/python3.12/site-packages/airflow/example_dags/example_bash_operator.py took 0.185 seconds
[2026-06-29T22:22:25.124+0000] {processor.py:186} INFO - Started process (PID=1822) to work on /home/airflow/.local/lib/python3.12/site-packages/airflow/example_dags/example_bash_operator.py
[2026-06-29T22:22:25.125+0000] {processor.py:914} INFO - Processing file /home/airflow/.local/lib/python3.12/site-packages/airflow/example_dags/example_bash_operator.py for tasks to queue
[2026-06-29T22:22:25.128+0000] {logging_mixin.py:190} INFO - [2026-06-29T22:22:25.128+0000] {dagbag.py:588} INFO - Filling up the DagBag from /home/airflow/.local/lib/python3.12/site-packages/airflow/example_dags/example_bash_operator.py
[2026-06-29T22:22:25.142+0000] {processor.py:925} INFO - DAG(s) 'example_bash_operator' retrieved from /home/airflow/.local/lib/python3.12/site-packages/airflow/example_dags/example_bash_operator.py
[2026-06-29T22:22:25.169+0000] {logging_mixin.py:190} INFO - [2026-06-29T22:22:25.169+0000] {dag.py:3239} INFO - Sync 1 DAGs
[2026-06-29T22:22:25.197+0000] {logging_mixin.py:190} INFO - [2026-06-29T22:22:25.196+0000] {dag.py:4180} INFO - Setting next_dagrun for example_bash_operator to 2026-06-28 00:00:00+00:00, run_after=2026-06-29 00:00:00+00:00
[2026-06-29T22:22:25.215+0000] {processor.py:208} INFO - Processing /home/airflow/.local/lib/python3.12/site-packages/airflow/example_dags/example_bash_operator.py took 0.099 seconds
[2026-06-29T22:22:55.557+0000] {processor.py:186} INFO - Started process (PID=1888) to work on /home/airflow/.local/lib/python3.12/site-packages/airflow/example_dags/example_bash_operator.py
[2026-06-29T22:22:55.560+0000] {processor.py:914} INFO - Processing file /home/airflow/.local/lib/python3.12/site-packages/airflow/example_dags/example_bash_operator.py for tasks to queue
[2026-06-29T22:22:55.563+0000] {logging_mixin.py:190} INFO - [2026-06-29T22:22:55.563+0000] {dagbag.py:588} INFO - Filling up the DagBag from /home/airflow/.local/lib/python3.12/site-packages/airflow/example_dags/example_bash_operator.py
[2026-06-29T22:22:55.580+0000] {processor.py:925} INFO - DAG(s) 'example_bash_operator' retrieved from /home/airflow/.local/lib/python3.12/site-packages/airflow/example_dags/example_bash_operator.py
[2026-06-29T22:22:55.610+0000] {logging_mixin.py:190} INFO - [2026-06-29T22:22:55.610+0000] {dag.py:3239} INFO - Sync 1 DAGs
[2026-06-29T22:22:55.636+0000] {logging_mixin.py:190} INFO - [2026-06-29T22:22:55.636+0000] {dag.py:4180} INFO - Setting next_dagrun for example_bash_operator to 2026-06-28 00:00:00+00:00, run_after=2026-06-29 00:00:00+00:00
[2026-06-29T22:22:55.658+0000] {processor.py:208} INFO - Processing /home/airflow/.local/lib/python3.12/site-packages/airflow/example_dags/example_bash_operator.py took 0.109 seconds
[2026-06-29T22:23:25.839+0000] {processor.py:186} INFO - Started process (PID=1950) to work on /home/airflow/.local/lib/python3.12/site-packages/airflow/example_dags/example_bash_operator.py
[2026-06-29T22:23:25.840+0000] {processor.py:914} INFO - Processing file /home/airflow/.local/lib/python3.12/site-packages/airflow/example_dags/example_bash_operator.py for tasks to queue
[2026-06-29T22:23:25.843+0000] {logging_mixin.py:190} INFO - [2026-06-29T22:23:25.843+0000] {dagbag.py:588} INFO - Filling up the DagBag from /home/airflow/.local/lib/python3.12/site-packages/airflow/example_dags/example_bash_operator.py
[2026-06-29T22:23:25.857+0000] {processor.py:925} INFO - DAG(s) 'example_bash_operator' retrieved from /home/airflow/.local/lib/python3.12/site-packages/airflow/example_dags/example_bash_operator.py
[2026-06-29T22:23:25.884+0000] {logging_mixin.py:190} INFO - [2026-06-29T22:23:25.884+0000] {dag.py:3239} INFO - Sync 1 DAGs
[2026-06-29T22:23:25.908+0000] {logging_mixin.py:190} INFO - [2026-06-29T22:23:25.907+0000] {dag.py:4180} INFO - Setting next_dagrun for example_bash_operator to 2026-06-28 00:00:00+00:00, run_after=2026-06-29 00:00:00+00:00
[2026-06-29T22:23:25.926+0000] {processor.py:208} INFO - Processing /home/airflow/.local/lib/python3.12/site-packages/airflow/example_dags/example_bash_operator.py took 0.095 seconds
[2026-06-29T22:23:56.745+0000] {processor.py:186} INFO - Started process (PID=2014) to work on /home/airflow/.local/lib/python3.12/site-packages/airflow/example_dags/example_bash_operator.py
[2026-06-29T22:23:56.747+0000] {processor.py:914} INFO - Processing file /home/airflow/.local/lib/python3.12/site-packages/airflow/example_dags/example_bash_operator.py for tasks to queue
[2026-06-29T22:23:56.750+0000] {logging_mixin.py:190} INFO - [2026-06-29T22:23:56.750+0000] {dagbag.py:588} INFO - Filling up the DagBag from /home/airflow/.local/lib/python3.12/site-packages/airflow/example_dags/example_bash_operator.py
[2026-06-29T22:23:56.764+0000] {processor.py:925} INFO - DAG(s) 'example_bash_operator' retrieved from /home/airflow/.local/lib/python3.12/site-packages/airflow/example_dags/example_bash_operator.py
[2026-06-29T22:23:56.794+0000] {logging_mixin.py:190} INFO - [2026-06-29T22:23:56.794+0000] {dag.py:3239} INFO - Sync 1 DAGs
[2026-06-29T22:23:56.819+0000] {logging_mixin.py:190} INFO - [2026-06-29T22:23:56.819+0000] {dag.py:4180} INFO - Setting next_dagrun for example_bash_operator to 2026-06-28 00:00:00+00:00, run_after=2026-06-29 00:00:00+00:00
[2026-06-29T22:23:56.841+0000] {processor.py:208} INFO - Processing /home/airflow/.local/lib/python3.12/site-packages/airflow/example_dags/example_bash_operator.py took 0.101 seconds
[2026-06-29T22:24:27.089+0000] {processor.py:186} INFO - Started process (PID=2078) to work on /home/airflow/.local/lib/python3.12/site-packages/airflow/example_dags/example_bash_operator.py
[2026-06-29T22:24:27.091+0000] {processor.py:914} INFO - Processing file /home/airflow/.local/lib/python3.12/site-packages/airflow/example_dags/example_bash_operator.py for tasks to queue
[2026-06-29T22:24:27.094+0000] {logging_mixin.py:190} INFO - [2026-06-29T22:24:27.093+0000] {dagbag.py:588} INFO - Filling up the DagBag from /home/airflow/.local/lib/python3.12/site-packages/airflow/example_dags/example_bash_operator.py
[2026-06-29T22:24:27.110+0000] {processor.py:925} INFO - DAG(s) 'example_bash_operator' retrieved from /home/airflow/.local/lib/python3.12/site-packages/airflow/example_dags/example_bash_operator.py
[2026-06-29T22:24:27.138+0000] {logging_mixin.py:190} INFO - [2026-06-29T22:24:27.138+0000] {dag.py:3239} INFO - Sync 1 DAGs
[2026-06-29T22:24:27.162+0000] {logging_mixin.py:190} INFO - [2026-06-29T22:24:27.162+0000] {dag.py:4180} INFO - Setting next_dagrun for example_bash_operator to 2026-06-28 00:00:00+00:00, run_after=2026-06-29 00:00:00+00:00
[2026-06-29T22:24:27.187+0000] {processor.py:208} INFO - Processing /home/airflow/.local/lib/python3.12/site-packages/airflow/example_dags/example_bash_operator.py took 0.104 seconds
[2026-06-29T22:24:57.724+0000] {processor.py:186} INFO - Started process (PID=2142) to work on /home/airflow/.local/lib/python3.12/site-packages/airflow/example_dags/example_bash_operator.py
[2026-06-29T22:24:57.726+0000] {processor.py:914} INFO - Processing file /home/airflow/.local/lib/python3.12/site-packages/airflow/example_dags/example_bash_operator.py for tasks to queue
[2026-06-29T22:24:57.730+0000] {logging_mixin.py:190} INFO - [2026-06-29T22:24:57.729+0000] {dagbag.py:588} INFO - Filling up the DagBag from /home/airflow/.local/lib/python3.12/site-packages/airflow/example_dags/example_bash_operator.py
[2026-06-29T22:24:57.747+0000] {processor.py:925} INFO - DAG(s) 'example_bash_operator' retrieved from /home/airflow/.local/lib/python3.12/site-packages/airflow/example_dags/example_bash_operator.py
[2026-06-29T22:24:57.776+0000] {logging_mixin.py:190} INFO - [2026-06-29T22:24:57.776+0000] {dag.py:3239} INFO - Sync 1 DAGs
[2026-06-29T22:24:57.800+0000] {logging_mixin.py:190} INFO - [2026-06-29T22:24:57.800+0000] {dag.py:4180} INFO - Setting next_dagrun for example_bash_operator to 2026-06-28 00:00:00+00:00, run_after=2026-06-29 00:00:00+00:00
[2026-06-29T22:24:57.823+0000] {processor.py:208} INFO - Processing /home/airflow/.local/lib/python3.12/site-packages/airflow/example_dags/example_bash_operator.py took 0.108 seconds
[2026-06-29T22:25:28.465+0000] {processor.py:186} INFO - Started process (PID=2206) to work on /home/airflow/.local/lib/python3.12/site-packages/airflow/example_dags/example_bash_operator.py
[2026-06-29T22:25:28.467+0000] {processor.py:914} INFO - Processing file /home/airflow/.local/lib/python3.12/site-packages/airflow/example_dags/example_bash_operator.py for tasks to queue
[2026-06-29T22:25:28.470+0000] {logging_mixin.py:190} INFO - [2026-06-29T22:25:28.469+0000] {dagbag.py:588} INFO - Filling up the DagBag from /home/airflow/.local/lib/python3.12/site-packages/airflow/example_dags/example_bash_operator.py
[2026-06-29T22:25:28.484+0000] {processor.py:925} INFO - DAG(s) 'example_bash_operator' retrieved from /home/airflow/.local/lib/python3.12/site-packages/airflow/example_dags/example_bash_operator.py
[2026-06-29T22:25:28.515+0000] {logging_mixin.py:190} INFO - [2026-06-29T22:25:28.514+0000] {dag.py:3239} INFO - Sync 1 DAGs
[2026-06-29T22:25:28.540+0000] {logging_mixin.py:190} INFO - [2026-06-29T22:25:28.540+0000] {dag.py:4180} INFO - Setting next_dagrun for example_bash_operator to 2026-06-28 00:00:00+00:00, run_after=2026-06-29 00:00:00+00:00
[2026-06-29T22:25:28.560+0000] {processor.py:208} INFO - Processing /home/airflow/.local/lib/python3.12/site-packages/airflow/example_dags/example_bash_operator.py took 0.104 seconds
[2026-06-29T22:25:59.039+0000] {processor.py:186} INFO - Started process (PID=2270) to work on /home/airflow/.local/lib/python3.12/site-packages/airflow/example_dags/example_bash_operator.py
[2026-06-29T22:25:59.041+0000] {processor.py:914} INFO - Processing file /home/airflow/.local/lib/python3.12/site-packages/airflow/example_dags/example_bash_operator.py for tasks to queue
[2026-06-29T22:25:59.045+0000] {logging_mixin.py:190} INFO - [2026-06-29T22:25:59.045+0000] {dagbag.py:588} INFO - Filling up the DagBag from /home/airflow/.local/lib/python3.12/site-packages/airflow/example_dags/example_bash_operator.py
[2026-06-29T22:25:59.064+0000] {processor.py:925} INFO - DAG(s) 'example_bash_operator' retrieved from /home/airflow/.local/lib/python3.12/site-packages/airflow/example_dags/example_bash_operator.py
[2026-06-29T22:25:59.099+0000] {logging_mixin.py:190} INFO - [2026-06-29T22:25:59.099+0000] {dag.py:3239} INFO - Sync 1 DAGs
[2026-06-29T22:25:59.131+0000] {logging_mixin.py:190} INFO - [2026-06-29T22:25:59.131+0000] {dag.py:4180} INFO - Setting next_dagrun for example_bash_operator to 2026-06-28 00:00:00+00:00, run_after=2026-06-29 00:00:00+00:00
[2026-06-29T22:25:59.155+0000] {processor.py:208} INFO - Processing /home/airflow/.local/lib/python3.12/site-packages/airflow/example_dags/example_bash_operator.py took 0.126 seconds
[2026-06-29T22:26:29.767+0000] {processor.py:186} INFO - Started process (PID=2334) to work on /home/airflow/.local/lib/python3.12/site-packages/airflow/example_dags/example_bash_operator.py
[2026-06-29T22:26:29.769+0000] {processor.py:914} INFO - Processing file /home/airflow/.local/lib/python3.12/site-packages/airflow/example_dags/example_bash_operator.py for tasks to queue
[2026-06-29T22:26:29.772+0000] {logging_mixin.py:190} INFO - [2026-06-29T22:26:29.771+0000] {dagbag.py:588} INFO - Filling up the DagBag from /home/airflow/.local/lib/python3.12/site-packages/airflow/example_dags/example_bash_operator.py
[2026-06-29T22:26:29.787+0000] {processor.py:925} INFO - DAG(s) 'example_bash_operator' retrieved from /home/airflow/.local/lib/python3.12/site-packages/airflow/example_dags/example_bash_operator.py
[2026-06-29T22:26:29.815+0000] {logging_mixin.py:190} INFO - [2026-06-29T22:26:29.814+0000] {dag.py:3239} INFO - Sync 1 DAGs
[2026-06-29T22:26:29.839+0000] {logging_mixin.py:190} INFO - [2026-06-29T22:26:29.839+0000] {dag.py:4180} INFO - Setting next_dagrun for example_bash_operator to 2026-06-28 00:00:00+00:00, run_after=2026-06-29 00:00:00+00:00
[2026-06-29T22:26:29.860+0000] {processor.py:208} INFO - Processing /home/airflow/.local/lib/python3.12/site-packages/airflow/example_dags/example_bash_operator.py took 0.102 seconds
[2026-06-29T22:27:00.038+0000] {processor.py:186} INFO - Started process (PID=2398) to work on /home/airflow/.local/lib/python3.12/site-packages/airflow/example_dags/example_bash_operator.py
[2026-06-29T22:27:00.041+0000] {processor.py:914} INFO - Processing file /home/airflow/.local/lib/python3.12/site-packages/airflow/example_dags/example_bash_operator.py for tasks to queue
[2026-06-29T22:27:00.044+0000] {logging_mixin.py:190} INFO - [2026-06-29T22:27:00.044+0000] {dagbag.py:588} INFO - Filling up the DagBag from /home/airflow/.local/lib/python3.12/site-packages/airflow/example_dags/example_bash_operator.py
[2026-06-29T22:27:00.059+0000] {processor.py:925} INFO - DAG(s) 'example_bash_operator' retrieved from /home/airflow/.local/lib/python3.12/site-packages/airflow/example_dags/example_bash_operator.py
[2026-06-29T22:27:00.089+0000] {logging_mixin.py:190} INFO - [2026-06-29T22:27:00.089+0000] {dag.py:3239} INFO - Sync 1 DAGs
[2026-06-29T22:27:00.117+0000] {logging_mixin.py:190} INFO - [2026-06-29T22:27:00.117+0000] {dag.py:4180} INFO - Setting next_dagrun for example_bash_operator to 2026-06-28 00:00:00+00:00, run_after=2026-06-29 00:00:00+00:00
[2026-06-29T22:27:00.142+0000] {processor.py:208} INFO - Processing /home/airflow/.local/lib/python3.12/site-packages/airflow/example_dags/example_bash_operator.py took 0.111 seconds
[2026-06-29T22:27:30.464+0000] {processor.py:186} INFO - Started process (PID=2462) to work on /home/airflow/.local/lib/python3.12/site-packages/airflow/example_dags/example_bash_operator.py
[2026-06-29T22:27:30.466+0000] {processor.py:914} INFO - Processing file /home/airflow/.local/lib/python3.12/site-packages/airflow/example_dags/example_bash_operator.py for tasks to queue
[2026-06-29T22:27:30.470+0000] {logging_mixin.py:190} INFO - [2026-06-29T22:27:30.470+0000] {dagbag.py:588} INFO - Filling up the DagBag from /home/airflow/.local/lib/python3.12/site-packages/airflow/example_dags/example_bash_operator.py
[2026-06-29T22:27:30.485+0000] {processor.py:925} INFO - DAG(s) 'example_bash_operator' retrieved from /home/airflow/.local/lib/python3.12/site-packages/airflow/example_dags/example_bash_operator.py
[2026-06-29T22:27:30.516+0000] {logging_mixin.py:190} INFO - [2026-06-29T22:27:30.516+0000] {dag.py:3239} INFO - Sync 1 DAGs
[2026-06-29T22:27:30.541+0000] {logging_mixin.py:190} INFO - [2026-06-29T22:27:30.541+0000] {dag.py:4180} INFO - Setting next_dagrun for example_bash_operator to 2026-06-28 00:00:00+00:00, run_after=2026-06-29 00:00:00+00:00
[2026-06-29T22:27:30.570+0000] {processor.py:208} INFO - Processing /home/airflow/.local/lib/python3.12/site-packages/airflow/example_dags/example_bash_operator.py took 0.112 seconds
[2026-06-29T22:28:01.615+0000] {processor.py:186} INFO - Started process (PID=2525) to work on /home/airflow/.local/lib/python3.12/site-packages/airflow/example_dags/example_bash_operator.py
[2026-06-29T22:28:01.616+0000] {processor.py:914} INFO - Processing file /home/airflow/.local/lib/python3.12/site-packages/airflow/example_dags/example_bash_operator.py for tasks to queue
[2026-06-29T22:28:01.620+0000] {logging_mixin.py:190} INFO - [2026-06-29T22:28:01.620+0000] {dagbag.py:588} INFO - Filling up the DagBag from /home/airflow/.local/lib/python3.12/site-packages/airflow/example_dags/example_bash_operator.py
[2026-06-29T22:28:01.637+0000] {processor.py:925} INFO - DAG(s) 'example_bash_operator' retrieved from /home/airflow/.local/lib/python3.12/site-packages/airflow/example_dags/example_bash_operator.py
[2026-06-29T22:28:01.665+0000] {logging_mixin.py:190} INFO - [2026-06-29T22:28:01.665+0000] {dag.py:3239} INFO - Sync 1 DAGs
[2026-06-29T22:28:01.689+0000] {logging_mixin.py:190} INFO - [2026-06-29T22:28:01.689+0000] {dag.py:4180} INFO - Setting next_dagrun for example_bash_operator to 2026-06-28 00:00:00+00:00, run_after=2026-06-29 00:00:00+00:00
[2026-06-29T22:28:01.708+0000] {processor.py:208} INFO - Processing /home/airflow/.local/lib/python3.12/site-packages/airflow/example_dags/example_bash_operator.py took 0.101 seconds
[2026-06-29T22:28:33.237+0000] {processor.py:186} INFO - Started process (PID=2588) to work on /home/airflow/.local/lib/python3.12/site-packages/airflow/example_dags/example_bash_operator.py
[2026-06-29T22:28:33.242+0000] {processor.py:914} INFO - Processing file /home/airflow/.local/lib/python3.12/site-packages/airflow/example_dags/example_bash_operator.py for tasks to queue
[2026-06-29T22:28:33.257+0000] {logging_mixin.py:190} INFO - [2026-06-29T22:28:33.256+0000] {dagbag.py:588} INFO - Filling up the DagBag from /home/airflow/.local/lib/python3.12/site-packages/airflow/example_dags/example_bash_operator.py
[2026-06-29T22:28:33.303+0000] {processor.py:925} INFO - DAG(s) 'example_bash_operator' retrieved from /home/airflow/.local/lib/python3.12/site-packages/airflow/example_dags/example_bash_operator.py
[2026-06-29T22:28:33.387+0000] {logging_mixin.py:190} INFO - [2026-06-29T22:28:33.387+0000] {dag.py:3239} INFO - Sync 1 DAGs
[2026-06-29T22:28:33.443+0000] {logging_mixin.py:190} INFO - [2026-06-29T22:28:33.442+0000] {dag.py:4180} INFO - Setting next_dagrun for example_bash_operator to 2026-06-28 00:00:00+00:00, run_after=2026-06-29 00:00:00+00:00
[2026-06-29T22:28:33.496+0000] {processor.py:208} INFO - Processing /home/airflow/.local/lib/python3.12/site-packages/airflow/example_dags/example_bash_operator.py took 0.291 seconds
[2026-06-29T22:29:04.475+0000] {processor.py:186} INFO - Started process (PID=2652) to work on /home/airflow/.local/lib/python3.12/site-packages/airflow/example_dags/example_bash_operator.py
[2026-06-29T22:29:04.477+0000] {processor.py:914} INFO - Processing file /home/airflow/.local/lib/python3.12/site-packages/airflow/example_dags/example_bash_operator.py for tasks to queue
[2026-06-29T22:29:04.480+0000] {logging_mixin.py:190} INFO - [2026-06-29T22:29:04.479+0000] {dagbag.py:588} INFO - Filling up the DagBag from /home/airflow/.local/lib/python3.12/site-packages/airflow/example_dags/example_bash_operator.py
[2026-06-29T22:29:04.496+0000] {processor.py:925} INFO - DAG(s) 'example_bash_operator' retrieved from /home/airflow/.local/lib/python3.12/site-packages/airflow/example_dags/example_bash_operator.py
[2026-06-29T22:29:04.527+0000] {logging_mixin.py:190} INFO - [2026-06-29T22:29:04.526+0000] {dag.py:3239} INFO - Sync 1 DAGs
[2026-06-29T22:29:04.555+0000] {logging_mixin.py:190} INFO - [2026-06-29T22:29:04.555+0000] {dag.py:4180} INFO - Setting next_dagrun for example_bash_operator to 2026-06-28 00:00:00+00:00, run_after=2026-06-29 00:00:00+00:00
[2026-06-29T22:29:04.578+0000] {processor.py:208} INFO - Processing /home/airflow/.local/lib/python3.12/site-packages/airflow/example_dags/example_bash_operator.py took 0.113 seconds
[2026-06-29T22:29:35.995+0000] {processor.py:186} INFO - Started process (PID=2716) to work on /home/airflow/.local/lib/python3.12/site-packages/airflow/example_dags/example_bash_operator.py
[2026-06-29T22:29:35.999+0000] {processor.py:914} INFO - Processing file /home/airflow/.local/lib/python3.12/site-packages/airflow/example_dags/example_bash_operator.py for tasks to queue
[2026-06-29T22:29:36.017+0000] {logging_mixin.py:190} INFO - [2026-06-29T22:29:36.014+0000] {dagbag.py:588} INFO - Filling up the DagBag from /home/airflow/.local/lib/python3.12/site-packages/airflow/example_dags/example_bash_operator.py
[2026-06-29T22:29:36.147+0000] {processor.py:925} INFO - DAG(s) 'example_bash_operator' retrieved from /home/airflow/.local/lib/python3.12/site-packages/airflow/example_dags/example_bash_operator.py
[2026-06-29T22:29:36.580+0000] {logging_mixin.py:190} INFO - [2026-06-29T22:29:36.579+0000] {dag.py:3239} INFO - Sync 1 DAGs
[2026-06-29T22:29:36.664+0000] {logging_mixin.py:190} INFO - [2026-06-29T22:29:36.663+0000] {dag.py:4180} INFO - Setting next_dagrun for example_bash_operator to 2026-06-28 00:00:00+00:00, run_after=2026-06-29 00:00:00+00:00
[2026-06-29T22:29:36.748+0000] {processor.py:208} INFO - Processing /home/airflow/.local/lib/python3.12/site-packages/airflow/example_dags/example_bash_operator.py took 0.770 seconds
[2026-06-29T22:30:07.004+0000] {processor.py:186} INFO - Started process (PID=2779) to work on /home/airflow/.local/lib/python3.12/site-packages/airflow/example_dags/example_bash_operator.py
[2026-06-29T22:30:07.007+0000] {processor.py:914} INFO - Processing file /home/airflow/.local/lib/python3.12/site-packages/airflow/example_dags/example_bash_operator.py for tasks to queue
[2026-06-29T22:30:07.015+0000] {logging_mixin.py:190} INFO - [2026-06-29T22:30:07.014+0000] {dagbag.py:588} INFO - Filling up the DagBag from /home/airflow/.local/lib/python3.12/site-packages/airflow/example_dags/example_bash_operator.py
[2026-06-29T22:30:07.039+0000] {processor.py:925} INFO - DAG(s) 'example_bash_operator' retrieved from /home/airflow/.local/lib/python3.12/site-packages/airflow/example_dags/example_bash_operator.py
[2026-06-29T22:30:07.109+0000] {logging_mixin.py:190} INFO - [2026-06-29T22:30:07.108+0000] {dag.py:3239} INFO - Sync 1 DAGs
[2026-06-29T22:30:07.176+0000] {logging_mixin.py:190} INFO - [2026-06-29T22:30:07.175+0000] {dag.py:4180} INFO - Setting next_dagrun for example_bash_operator to 2026-06-28 00:00:00+00:00, run_after=2026-06-29 00:00:00+00:00
[2026-06-29T22:30:07.229+0000] {processor.py:208} INFO - Processing /home/airflow/.local/lib/python3.12/site-packages/airflow/example_dags/example_bash_operator.py took 0.235 seconds
[2026-06-29T22:30:38.591+0000] {processor.py:186} INFO - Started process (PID=2843) to work on /home/airflow/.local/lib/python3.12/site-packages/airflow/example_dags/example_bash_operator.py
[2026-06-29T22:30:38.593+0000] {processor.py:914} INFO - Processing file /home/airflow/.local/lib/python3.12/site-packages/airflow/example_dags/example_bash_operator.py for tasks to queue
[2026-06-29T22:30:38.607+0000] {logging_mixin.py:190} INFO - [2026-06-29T22:30:38.605+0000] {dagbag.py:588} INFO - Filling up the DagBag from /home/airflow/.local/lib/python3.12/site-packages/airflow/example_dags/example_bash_operator.py
[2026-06-29T22:30:38.650+0000] {processor.py:925} INFO - DAG(s) 'example_bash_operator' retrieved from /home/airflow/.local/lib/python3.12/site-packages/airflow/example_dags/example_bash_operator.py
[2026-06-29T22:30:38.822+0000] {logging_mixin.py:190} INFO - [2026-06-29T22:30:38.821+0000] {dag.py:3239} INFO - Sync 1 DAGs
[2026-06-29T22:30:38.970+0000] {logging_mixin.py:190} INFO - [2026-06-29T22:30:38.970+0000] {dag.py:4180} INFO - Setting next_dagrun for example_bash_operator to 2026-06-28 00:00:00+00:00, run_after=2026-06-29 00:00:00+00:00
[2026-06-29T22:30:39.057+0000] {processor.py:208} INFO - Processing /home/airflow/.local/lib/python3.12/site-packages/airflow/example_dags/example_bash_operator.py took 0.490 seconds
[2026-06-29T22:31:09.220+0000] {processor.py:186} INFO - Started process (PID=2907) to work on /home/airflow/.local/lib/python3.12/site-packages/airflow/example_dags/example_bash_operator.py
[2026-06-29T22:31:09.222+0000] {processor.py:914} INFO - Processing file /home/airflow/.local/lib/python3.12/site-packages/airflow/example_dags/example_bash_operator.py for tasks to queue
[2026-06-29T22:31:09.225+0000] {logging_mixin.py:190} INFO - [2026-06-29T22:31:09.225+0000] {dagbag.py:588} INFO - Filling up the DagBag from /home/airflow/.local/lib/python3.12/site-packages/airflow/example_dags/example_bash_operator.py
[2026-06-29T22:31:09.242+0000] {processor.py:925} INFO - DAG(s) 'example_bash_operator' retrieved from /home/airflow/.local/lib/python3.12/site-packages/airflow/example_dags/example_bash_operator.py
[2026-06-29T22:31:09.275+0000] {logging_mixin.py:190} INFO - [2026-06-29T22:31:09.275+0000] {dag.py:3239} INFO - Sync 1 DAGs
[2026-06-29T22:31:09.306+0000] {logging_mixin.py:190} INFO - [2026-06-29T22:31:09.306+0000] {dag.py:4180} INFO - Setting next_dagrun for example_bash_operator to 2026-06-28 00:00:00+00:00, run_after=2026-06-29 00:00:00+00:00
[2026-06-29T22:31:09.334+0000] {processor.py:208} INFO - Processing /home/airflow/.local/lib/python3.12/site-packages/airflow/example_dags/example_bash_operator.py took 0.123 seconds
[2026-06-29T22:31:39.592+0000] {processor.py:186} INFO - Started process (PID=2976) to work on /home/airflow/.local/lib/python3.12/site-packages/airflow/example_dags/example_bash_operator.py
[2026-06-29T22:31:39.594+0000] {processor.py:914} INFO - Processing file /home/airflow/.local/lib/python3.12/site-packages/airflow/example_dags/example_bash_operator.py for tasks to queue
[2026-06-29T22:31:39.598+0000] {logging_mixin.py:190} INFO - [2026-06-29T22:31:39.598+0000] {dagbag.py:588} INFO - Filling up the DagBag from /home/airflow/.local/lib/python3.12/site-packages/airflow/example_dags/example_bash_operator.py
[2026-06-29T22:31:39.614+0000] {processor.py:925} INFO - DAG(s) 'example_bash_operator' retrieved from /home/airflow/.local/lib/python3.12/site-packages/airflow/example_dags/example_bash_operator.py
[2026-06-29T22:31:39.646+0000] {logging_mixin.py:190} INFO - [2026-06-29T22:31:39.645+0000] {dag.py:3239} INFO - Sync 1 DAGs
[2026-06-29T22:31:39.683+0000] {logging_mixin.py:190} INFO - [2026-06-29T22:31:39.683+0000] {dag.py:4180} INFO - Setting next_dagrun for example_bash_operator to 2026-06-28 00:00:00+00:00, run_after=2026-06-29 00:00:00+00:00
[2026-06-29T22:31:39.723+0000] {processor.py:208} INFO - Processing /home/airflow/.local/lib/python3.12/site-packages/airflow/example_dags/example_bash_operator.py took 0.141 seconds
[2026-06-29T22:32:10.616+0000] {processor.py:186} INFO - Started process (PID=3094) to work on /home/airflow/.local/lib/python3.12/site-packages/airflow/example_dags/example_bash_operator.py
[2026-06-29T22:32:10.620+0000] {processor.py:914} INFO - Processing file /home/airflow/.local/lib/python3.12/site-packages/airflow/example_dags/example_bash_operator.py for tasks to queue
[2026-06-29T22:32:10.635+0000] {logging_mixin.py:190} INFO - [2026-06-29T22:32:10.634+0000] {dagbag.py:588} INFO - Filling up the DagBag from /home/airflow/.local/lib/python3.12/site-packages/airflow/example_dags/example_bash_operator.py
[2026-06-29T22:32:10.697+0000] {processor.py:925} INFO - DAG(s) 'example_bash_operator' retrieved from /home/airflow/.local/lib/python3.12/site-packages/airflow/example_dags/example_bash_operator.py
[2026-06-29T22:32:10.813+0000] {logging_mixin.py:190} INFO - [2026-06-29T22:32:10.812+0000] {dag.py:3239} INFO - Sync 1 DAGs
[2026-06-29T22:32:10.911+0000] {logging_mixin.py:190} INFO - [2026-06-29T22:32:10.910+0000] {dag.py:4180} INFO - Setting next_dagrun for example_bash_operator to 2026-06-28 00:00:00+00:00, run_after=2026-06-29 00:00:00+00:00
[2026-06-29T22:32:10.987+0000] {processor.py:208} INFO - Processing /home/airflow/.local/lib/python3.12/site-packages/airflow/example_dags/example_bash_operator.py took 0.399 seconds
[2026-06-29T22:32:42.121+0000] {processor.py:186} INFO - Started process (PID=3199) to work on /home/airflow/.local/lib/python3.12/site-packages/airflow/example_dags/example_bash_operator.py
[2026-06-29T22:32:42.126+0000] {processor.py:914} INFO - Processing file /home/airflow/.local/lib/python3.12/site-packages/airflow/example_dags/example_bash_operator.py for tasks to queue
[2026-06-29T22:32:42.135+0000] {logging_mixin.py:190} INFO - [2026-06-29T22:32:42.134+0000] {dagbag.py:588} INFO - Filling up the DagBag from /home/airflow/.local/lib/python3.12/site-packages/airflow/example_dags/example_bash_operator.py
[2026-06-29T22:32:42.184+0000] {processor.py:925} INFO - DAG(s) 'example_bash_operator' retrieved from /home/airflow/.local/lib/python3.12/site-packages/airflow/example_dags/example_bash_operator.py
[2026-06-29T22:32:42.279+0000] {logging_mixin.py:190} INFO - [2026-06-29T22:32:42.279+0000] {dag.py:3239} INFO - Sync 1 DAGs
[2026-06-29T22:32:42.373+0000] {logging_mixin.py:190} INFO - [2026-06-29T22:32:42.373+0000] {dag.py:4180} INFO - Setting next_dagrun for example_bash_operator to 2026-06-28 00:00:00+00:00, run_after=2026-06-29 00:00:00+00:00
[2026-06-29T22:32:42.433+0000] {processor.py:208} INFO - Processing /home/airflow/.local/lib/python3.12/site-packages/airflow/example_dags/example_bash_operator.py took 0.337 seconds
[2026-06-29T22:33:13.205+0000] {processor.py:186} INFO - Started process (PID=3274) to work on /home/airflow/.local/lib/python3.12/site-packages/airflow/example_dags/example_bash_operator.py
[2026-06-29T22:33:13.208+0000] {processor.py:914} INFO - Processing file /home/airflow/.local/lib/python3.12/site-packages/airflow/example_dags/example_bash_operator.py for tasks to queue
[2026-06-29T22:33:13.212+0000] {logging_mixin.py:190} INFO - [2026-06-29T22:33:13.212+0000] {dagbag.py:588} INFO - Filling up the DagBag from /home/airflow/.local/lib/python3.12/site-packages/airflow/example_dags/example_bash_operator.py
[2026-06-29T22:33:13.228+0000] {processor.py:925} INFO - DAG(s) 'example_bash_operator' retrieved from /home/airflow/.local/lib/python3.12/site-packages/airflow/example_dags/example_bash_operator.py
[2026-06-29T22:33:13.260+0000] {logging_mixin.py:190} INFO - [2026-06-29T22:33:13.260+0000] {dag.py:3239} INFO - Sync 1 DAGs
[2026-06-29T22:33:13.293+0000] {logging_mixin.py:190} INFO - [2026-06-29T22:33:13.293+0000] {dag.py:4180} INFO - Setting next_dagrun for example_bash_operator to 2026-06-28 00:00:00+00:00, run_after=2026-06-29 00:00:00+00:00
[2026-06-29T22:33:13.314+0000] {processor.py:208} INFO - Processing /home/airflow/.local/lib/python3.12/site-packages/airflow/example_dags/example_bash_operator.py took 0.118 seconds
[2026-06-29T22:33:43.554+0000] {processor.py:186} INFO - Started process (PID=3337) to work on /home/airflow/.local/lib/python3.12/site-packages/airflow/example_dags/example_bash_operator.py
[2026-06-29T22:33:43.563+0000] {processor.py:914} INFO - Processing file /home/airflow/.local/lib/python3.12/site-packages/airflow/example_dags/example_bash_operator.py for tasks to queue
[2026-06-29T22:33:43.594+0000] {logging_mixin.py:190} INFO - [2026-06-29T22:33:43.594+0000] {dagbag.py:588} INFO - Filling up the DagBag from /home/airflow/.local/lib/python3.12/site-packages/airflow/example_dags/example_bash_operator.py
[2026-06-29T22:33:43.619+0000] {processor.py:925} INFO - DAG(s) 'example_bash_operator' retrieved from /home/airflow/.local/lib/python3.12/site-packages/airflow/example_dags/example_bash_operator.py
[2026-06-29T22:33:43.660+0000] {logging_mixin.py:190} INFO - [2026-06-29T22:33:43.659+0000] {dag.py:3239} INFO - Sync 1 DAGs
[2026-06-29T22:33:43.687+0000] {logging_mixin.py:190} INFO - [2026-06-29T22:33:43.687+0000] {dag.py:4180} INFO - Setting next_dagrun for example_bash_operator to 2026-06-28 00:00:00+00:00, run_after=2026-06-29 00:00:00+00:00
[2026-06-29T22:33:43.713+0000] {processor.py:208} INFO - Processing /home/airflow/.local/lib/python3.12/site-packages/airflow/example_dags/example_bash_operator.py took 0.176 seconds
[2026-06-29T22:34:13.872+0000] {processor.py:186} INFO - Started process (PID=3401) to work on /home/airflow/.local/lib/python3.12/site-packages/airflow/example_dags/example_bash_operator.py
[2026-06-29T22:34:13.875+0000] {processor.py:914} INFO - Processing file /home/airflow/.local/lib/python3.12/site-packages/airflow/example_dags/example_bash_operator.py for tasks to queue
[2026-06-29T22:34:13.878+0000] {logging_mixin.py:190} INFO - [2026-06-29T22:34:13.878+0000] {dagbag.py:588} INFO - Filling up the DagBag from /home/airflow/.local/lib/python3.12/site-packages/airflow/example_dags/example_bash_operator.py
[2026-06-29T22:34:13.899+0000] {processor.py:925} INFO - DAG(s) 'example_bash_operator' retrieved from /home/airflow/.local/lib/python3.12/site-packages/airflow/example_dags/example_bash_operator.py
[2026-06-29T22:34:13.928+0000] {logging_mixin.py:190} INFO - [2026-06-29T22:34:13.928+0000] {dag.py:3239} INFO - Sync 1 DAGs
[2026-06-29T22:34:13.952+0000] {logging_mixin.py:190} INFO - [2026-06-29T22:34:13.952+0000] {dag.py:4180} INFO - Setting next_dagrun for example_bash_operator to 2026-06-28 00:00:00+00:00, run_after=2026-06-29 00:00:00+00:00
[2026-06-29T22:34:13.973+0000] {processor.py:208} INFO - Processing /home/airflow/.local/lib/python3.12/site-packages/airflow/example_dags/example_bash_operator.py took 0.116 seconds
[2026-06-29T22:34:44.941+0000] {processor.py:186} INFO - Started process (PID=3471) to work on /home/airflow/.local/lib/python3.12/site-packages/airflow/example_dags/example_bash_operator.py
[2026-06-29T22:34:44.944+0000] {processor.py:914} INFO - Processing file /home/airflow/.local/lib/python3.12/site-packages/airflow/example_dags/example_bash_operator.py for tasks to queue
[2026-06-29T22:34:44.950+0000] {logging_mixin.py:190} INFO - [2026-06-29T22:34:44.949+0000] {dagbag.py:588} INFO - Filling up the DagBag from /home/airflow/.local/lib/python3.12/site-packages/airflow/example_dags/example_bash_operator.py
[2026-06-29T22:34:44.980+0000] {processor.py:925} INFO - DAG(s) 'example_bash_operator' retrieved from /home/airflow/.local/lib/python3.12/site-packages/airflow/example_dags/example_bash_operator.py
[2026-06-29T22:34:45.053+0000] {logging_mixin.py:190} INFO - [2026-06-29T22:34:45.052+0000] {dag.py:3239} INFO - Sync 1 DAGs
[2026-06-29T22:34:45.122+0000] {logging_mixin.py:190} INFO - [2026-06-29T22:34:45.121+0000] {dag.py:4180} INFO - Setting next_dagrun for example_bash_operator to 2026-06-28 00:00:00+00:00, run_after=2026-06-29 00:00:00+00:00
[2026-06-29T22:34:45.178+0000] {processor.py:208} INFO - Processing /home/airflow/.local/lib/python3.12/site-packages/airflow/example_dags/example_bash_operator.py took 0.260 seconds
[2026-06-29T22:35:15.539+0000] {processor.py:186} INFO - Started process (PID=3535) to work on /home/airflow/.local/lib/python3.12/site-packages/airflow/example_dags/example_bash_operator.py
[2026-06-29T22:35:15.541+0000] {processor.py:914} INFO - Processing file /home/airflow/.local/lib/python3.12/site-packages/airflow/example_dags/example_bash_operator.py for tasks to queue
[2026-06-29T22:35:15.544+0000] {logging_mixin.py:190} INFO - [2026-06-29T22:35:15.543+0000] {dagbag.py:588} INFO - Filling up the DagBag from /home/airflow/.local/lib/python3.12/site-packages/airflow/example_dags/example_bash_operator.py
[2026-06-29T22:35:15.560+0000] {processor.py:925} INFO - DAG(s) 'example_bash_operator' retrieved from /home/airflow/.local/lib/python3.12/site-packages/airflow/example_dags/example_bash_operator.py
[2026-06-29T22:35:15.590+0000] {logging_mixin.py:190} INFO - [2026-06-29T22:35:15.590+0000] {dag.py:3239} INFO - Sync 1 DAGs
[2026-06-29T22:35:15.618+0000] {logging_mixin.py:190} INFO - [2026-06-29T22:35:15.618+0000] {dag.py:4180} INFO - Setting next_dagrun for example_bash_operator to 2026-06-28 00:00:00+00:00, run_after=2026-06-29 00:00:00+00:00
[2026-06-29T22:35:15.643+0000] {processor.py:208} INFO - Processing /home/airflow/.local/lib/python3.12/site-packages/airflow/example_dags/example_bash_operator.py took 0.116 seconds
[2026-06-29T22:35:46.117+0000] {processor.py:186} INFO - Started process (PID=3599) to work on /home/airflow/.local/lib/python3.12/site-packages/airflow/example_dags/example_bash_operator.py
[2026-06-29T22:35:46.119+0000] {processor.py:914} INFO - Processing file /home/airflow/.local/lib/python3.12/site-packages/airflow/example_dags/example_bash_operator.py for tasks to queue
[2026-06-29T22:35:46.122+0000] {logging_mixin.py:190} INFO - [2026-06-29T22:35:46.122+0000] {dagbag.py:588} INFO - Filling up the DagBag from /home/airflow/.local/lib/python3.12/site-packages/airflow/example_dags/example_bash_operator.py
[2026-06-29T22:35:46.136+0000] {processor.py:925} INFO - DAG(s) 'example_bash_operator' retrieved from /home/airflow/.local/lib/python3.12/site-packages/airflow/example_dags/example_bash_operator.py
[2026-06-29T22:35:46.166+0000] {logging_mixin.py:190} INFO - [2026-06-29T22:35:46.165+0000] {dag.py:3239} INFO - Sync 1 DAGs
[2026-06-29T22:35:46.191+0000] {logging_mixin.py:190} INFO - [2026-06-29T22:35:46.191+0000] {dag.py:4180} INFO - Setting next_dagrun for example_bash_operator to 2026-06-28 00:00:00+00:00, run_after=2026-06-29 00:00:00+00:00
[2026-06-29T22:35:46.213+0000] {processor.py:208} INFO - Processing /home/airflow/.local/lib/python3.12/site-packages/airflow/example_dags/example_bash_operator.py took 0.106 seconds
[2026-06-29T22:36:16.904+0000] {processor.py:186} INFO - Started process (PID=3663) to work on /home/airflow/.local/lib/python3.12/site-packages/airflow/example_dags/example_bash_operator.py
[2026-06-29T22:36:16.906+0000] {processor.py:914} INFO - Processing file /home/airflow/.local/lib/python3.12/site-packages/airflow/example_dags/example_bash_operator.py for tasks to queue
[2026-06-29T22:36:16.909+0000] {logging_mixin.py:190} INFO - [2026-06-29T22:36:16.909+0000] {dagbag.py:588} INFO - Filling up the DagBag from /home/airflow/.local/lib/python3.12/site-packages/airflow/example_dags/example_bash_operator.py
[2026-06-29T22:36:16.923+0000] {processor.py:925} INFO - DAG(s) 'example_bash_operator' retrieved from /home/airflow/.local/lib/python3.12/site-packages/airflow/example_dags/example_bash_operator.py
[2026-06-29T22:36:16.955+0000] {logging_mixin.py:190} INFO - [2026-06-29T22:36:16.955+0000] {dag.py:3239} INFO - Sync 1 DAGs
[2026-06-29T22:36:16.979+0000] {logging_mixin.py:190} INFO - [2026-06-29T22:36:16.979+0000] {dag.py:4180} INFO - Setting next_dagrun for example_bash_operator to 2026-06-28 00:00:00+00:00, run_after=2026-06-29 00:00:00+00:00
[2026-06-29T22:36:17.003+0000] {processor.py:208} INFO - Processing /home/airflow/.local/lib/python3.12/site-packages/airflow/example_dags/example_bash_operator.py took 0.111 seconds
[2026-06-29T22:36:48.042+0000] {processor.py:186} INFO - Started process (PID=3727) to work on /home/airflow/.local/lib/python3.12/site-packages/airflow/example_dags/example_bash_operator.py
[2026-06-29T22:36:48.044+0000] {processor.py:914} INFO - Processing file /home/airflow/.local/lib/python3.12/site-packages/airflow/example_dags/example_bash_operator.py for tasks to queue
[2026-06-29T22:36:48.051+0000] {logging_mixin.py:190} INFO - [2026-06-29T22:36:48.050+0000] {dagbag.py:588} INFO - Filling up the DagBag from /home/airflow/.local/lib/python3.12/site-packages/airflow/example_dags/example_bash_operator.py
[2026-06-29T22:36:48.075+0000] {processor.py:925} INFO - DAG(s) 'example_bash_operator' retrieved from /home/airflow/.local/lib/python3.12/site-packages/airflow/example_dags/example_bash_operator.py
[2026-06-29T22:36:48.130+0000] {logging_mixin.py:190} INFO - [2026-06-29T22:36:48.130+0000] {dag.py:3239} INFO - Sync 1 DAGs
[2026-06-29T22:36:48.407+0000] {logging_mixin.py:190} INFO - [2026-06-29T22:36:48.406+0000] {dag.py:4180} INFO - Setting next_dagrun for example_bash_operator to 2026-06-28 00:00:00+00:00, run_after=2026-06-29 00:00:00+00:00
[2026-06-29T22:36:48.448+0000] {processor.py:208} INFO - Processing /home/airflow/.local/lib/python3.12/site-packages/airflow/example_dags/example_bash_operator.py took 0.419 seconds
[2026-06-29T22:37:18.913+0000] {processor.py:186} INFO - Started process (PID=3791) to work on /home/airflow/.local/lib/python3.12/site-packages/airflow/example_dags/example_bash_operator.py
[2026-06-29T22:37:18.915+0000] {processor.py:914} INFO - Processing file /home/airflow/.local/lib/python3.12/site-packages/airflow/example_dags/example_bash_operator.py for tasks to queue
[2026-06-29T22:37:18.920+0000] {logging_mixin.py:190} INFO - [2026-06-29T22:37:18.920+0000] {dagbag.py:588} INFO - Filling up the DagBag from /home/airflow/.local/lib/python3.12/site-packages/airflow/example_dags/example_bash_operator.py
[2026-06-29T22:37:18.938+0000] {processor.py:925} INFO - DAG(s) 'example_bash_operator' retrieved from /home/airflow/.local/lib/python3.12/site-packages/airflow/example_dags/example_bash_operator.py
[2026-06-29T22:37:18.972+0000] {logging_mixin.py:190} INFO - [2026-06-29T22:37:18.972+0000] {dag.py:3239} INFO - Sync 1 DAGs
[2026-06-29T22:37:19.009+0000] {logging_mixin.py:190} INFO - [2026-06-29T22:37:19.008+0000] {dag.py:4180} INFO - Setting next_dagrun for example_bash_operator to 2026-06-28 00:00:00+00:00, run_after=2026-06-29 00:00:00+00:00
[2026-06-29T22:37:19.288+0000] {processor.py:208} INFO - Processing /home/airflow/.local/lib/python3.12/site-packages/airflow/example_dags/example_bash_operator.py took 0.386 seconds
[2026-06-29T22:37:49.462+0000] {processor.py:186} INFO - Started process (PID=3854) to work on /home/airflow/.local/lib/python3.12/site-packages/airflow/example_dags/example_bash_operator.py
[2026-06-29T22:37:49.464+0000] {processor.py:914} INFO - Processing file /home/airflow/.local/lib/python3.12/site-packages/airflow/example_dags/example_bash_operator.py for tasks to queue
[2026-06-29T22:37:49.470+0000] {logging_mixin.py:190} INFO - [2026-06-29T22:37:49.469+0000] {dagbag.py:588} INFO - Filling up the DagBag from /home/airflow/.local/lib/python3.12/site-packages/airflow/example_dags/example_bash_operator.py
[2026-06-29T22:37:49.495+0000] {processor.py:925} INFO - DAG(s) 'example_bash_operator' retrieved from /home/airflow/.local/lib/python3.12/site-packages/airflow/example_dags/example_bash_operator.py
[2026-06-29T22:37:49.544+0000] {logging_mixin.py:190} INFO - [2026-06-29T22:37:49.544+0000] {dag.py:3239} INFO - Sync 1 DAGs
[2026-06-29T22:37:49.581+0000] {logging_mixin.py:190} INFO - [2026-06-29T22:37:49.581+0000] {dag.py:4180} INFO - Setting next_dagrun for example_bash_operator to 2026-06-28 00:00:00+00:00, run_after=2026-06-29 00:00:00+00:00
[2026-06-29T22:37:49.608+0000] {processor.py:208} INFO - Processing /home/airflow/.local/lib/python3.12/site-packages/airflow/example_dags/example_bash_operator.py took 0.160 seconds
[2026-06-29T22:38:20.095+0000] {processor.py:186} INFO - Started process (PID=3917) to work on /home/airflow/.local/lib/python3.12/site-packages/airflow/example_dags/example_bash_operator.py
[2026-06-29T22:38:20.098+0000] {processor.py:914} INFO - Processing file /home/airflow/.local/lib/python3.12/site-packages/airflow/example_dags/example_bash_operator.py for tasks to queue
[2026-06-29T22:38:20.101+0000] {logging_mixin.py:190} INFO - [2026-06-29T22:38:20.101+0000] {dagbag.py:588} INFO - Filling up the DagBag from /home/airflow/.local/lib/python3.12/site-packages/airflow/example_dags/example_bash_operator.py
[2026-06-29T22:38:20.116+0000] {processor.py:925} INFO - DAG(s) 'example_bash_operator' retrieved from /home/airflow/.local/lib/python3.12/site-packages/airflow/example_dags/example_bash_operator.py
[2026-06-29T22:38:20.144+0000] {logging_mixin.py:190} INFO - [2026-06-29T22:38:20.144+0000] {dag.py:3239} INFO - Sync 1 DAGs
[2026-06-29T22:38:20.169+0000] {logging_mixin.py:190} INFO - [2026-06-29T22:38:20.168+0000] {dag.py:4180} INFO - Setting next_dagrun for example_bash_operator to 2026-06-28 00:00:00+00:00, run_after=2026-06-29 00:00:00+00:00
[2026-06-29T22:38:20.195+0000] {processor.py:208} INFO - Processing /home/airflow/.local/lib/python3.12/site-packages/airflow/example_dags/example_bash_operator.py took 0.112 seconds
[2026-06-29T22:38:51.143+0000] {processor.py:186} INFO - Started process (PID=3981) to work on /home/airflow/.local/lib/python3.12/site-packages/airflow/example_dags/example_bash_operator.py
[2026-06-29T22:38:51.145+0000] {processor.py:914} INFO - Processing file /home/airflow/.local/lib/python3.12/site-packages/airflow/example_dags/example_bash_operator.py for tasks to queue
[2026-06-29T22:38:51.149+0000] {logging_mixin.py:190} INFO - [2026-06-29T22:38:51.149+0000] {dagbag.py:588} INFO - Filling up the DagBag from /home/airflow/.local/lib/python3.12/site-packages/airflow/example_dags/example_bash_operator.py
[2026-06-29T22:38:51.164+0000] {processor.py:925} INFO - DAG(s) 'example_bash_operator' retrieved from /home/airflow/.local/lib/python3.12/site-packages/airflow/example_dags/example_bash_operator.py
[2026-06-29T22:38:51.197+0000] {logging_mixin.py:190} INFO - [2026-06-29T22:38:51.197+0000] {dag.py:3239} INFO - Sync 1 DAGs
[2026-06-29T22:38:51.226+0000] {logging_mixin.py:190} INFO - [2026-06-29T22:38:51.225+0000] {dag.py:4180} INFO - Setting next_dagrun for example_bash_operator to 2026-06-28 00:00:00+00:00, run_after=2026-06-29 00:00:00+00:00
[2026-06-29T22:38:51.261+0000] {processor.py:208} INFO - Processing /home/airflow/.local/lib/python3.12/site-packages/airflow/example_dags/example_bash_operator.py took 0.130 seconds
[2026-06-29T22:39:21.375+0000] {processor.py:186} INFO - Started process (PID=4045) to work on /home/airflow/.local/lib/python3.12/site-packages/airflow/example_dags/example_bash_operator.py
[2026-06-29T22:39:21.378+0000] {processor.py:914} INFO - Processing file /home/airflow/.local/lib/python3.12/site-packages/airflow/example_dags/example_bash_operator.py for tasks to queue
[2026-06-29T22:39:21.384+0000] {logging_mixin.py:190} INFO - [2026-06-29T22:39:21.383+0000] {dagbag.py:588} INFO - Filling up the DagBag from /home/airflow/.local/lib/python3.12/site-packages/airflow/example_dags/example_bash_operator.py
[2026-06-29T22:39:21.417+0000] {processor.py:925} INFO - DAG(s) 'example_bash_operator' retrieved from /home/airflow/.local/lib/python3.12/site-packages/airflow/example_dags/example_bash_operator.py
[2026-06-29T22:39:21.788+0000] {logging_mixin.py:190} INFO - [2026-06-29T22:39:21.787+0000] {dag.py:3239} INFO - Sync 1 DAGs
[2026-06-29T22:39:21.823+0000] {logging_mixin.py:190} INFO - [2026-06-29T22:39:21.822+0000] {dag.py:4180} INFO - Setting next_dagrun for example_bash_operator to 2026-06-28 00:00:00+00:00, run_after=2026-06-29 00:00:00+00:00
[2026-06-29T22:39:21.859+0000] {processor.py:208} INFO - Processing /home/airflow/.local/lib/python3.12/site-packages/airflow/example_dags/example_bash_operator.py took 0.506 seconds
[2026-06-29T22:39:52.398+0000] {processor.py:186} INFO - Started process (PID=4107) to work on /home/airflow/.local/lib/python3.12/site-packages/airflow/example_dags/example_bash_operator.py
[2026-06-29T22:39:52.402+0000] {processor.py:914} INFO - Processing file /home/airflow/.local/lib/python3.12/site-packages/airflow/example_dags/example_bash_operator.py for tasks to queue
[2026-06-29T22:39:52.408+0000] {logging_mixin.py:190} INFO - [2026-06-29T22:39:52.407+0000] {dagbag.py:588} INFO - Filling up the DagBag from /home/airflow/.local/lib/python3.12/site-packages/airflow/example_dags/example_bash_operator.py
[2026-06-29T22:39:52.450+0000] {processor.py:925} INFO - DAG(s) 'example_bash_operator' retrieved from /home/airflow/.local/lib/python3.12/site-packages/airflow/example_dags/example_bash_operator.py
[2026-06-29T22:39:52.531+0000] {logging_mixin.py:190} INFO - [2026-06-29T22:39:52.531+0000] {dag.py:3239} INFO - Sync 1 DAGs
[2026-06-29T22:39:52.918+0000] {logging_mixin.py:190} INFO - [2026-06-29T22:39:52.918+0000] {dag.py:4180} INFO - Setting next_dagrun for example_bash_operator to 2026-06-28 00:00:00+00:00, run_after=2026-06-29 00:00:00+00:00
[2026-06-29T22:39:52.958+0000] {processor.py:208} INFO - Processing /home/airflow/.local/lib/python3.12/site-packages/airflow/example_dags/example_bash_operator.py took 0.584 seconds
[2026-06-29T22:41:24.260+0000] {processor.py:186} INFO - Started process (PID=98) to work on /home/airflow/.local/lib/python3.12/site-packages/airflow/example_dags/example_bash_operator.py
[2026-06-29T22:41:24.263+0000] {processor.py:914} INFO - Processing file /home/airflow/.local/lib/python3.12/site-packages/airflow/example_dags/example_bash_operator.py for tasks to queue
[2026-06-29T22:41:24.275+0000] {logging_mixin.py:190} INFO - [2026-06-29T22:41:24.274+0000] {dagbag.py:588} INFO - Filling up the DagBag from /home/airflow/.local/lib/python3.12/site-packages/airflow/example_dags/example_bash_operator.py
[2026-06-29T22:41:24.324+0000] {processor.py:925} INFO - DAG(s) 'example_bash_operator' retrieved from /home/airflow/.local/lib/python3.12/site-packages/airflow/example_dags/example_bash_operator.py
[2026-06-29T22:41:24.452+0000] {logging_mixin.py:190} INFO - [2026-06-29T22:41:24.450+0000] {dag.py:3239} INFO - Sync 1 DAGs
[2026-06-29T22:41:24.539+0000] {logging_mixin.py:190} INFO - [2026-06-29T22:41:24.538+0000] {dag.py:4180} INFO - Setting next_dagrun for example_bash_operator to 2026-06-28 00:00:00+00:00, run_after=2026-06-29 00:00:00+00:00
[2026-06-29T22:41:24.615+0000] {processor.py:208} INFO - Processing /home/airflow/.local/lib/python3.12/site-packages/airflow/example_dags/example_bash_operator.py took 0.380 seconds
[2026-06-29T22:41:54.805+0000] {processor.py:186} INFO - Started process (PID=161) to work on /home/airflow/.local/lib/python3.12/site-packages/airflow/example_dags/example_bash_operator.py
[2026-06-29T22:41:54.812+0000] {processor.py:914} INFO - Processing file /home/airflow/.local/lib/python3.12/site-packages/airflow/example_dags/example_bash_operator.py for tasks to queue
[2026-06-29T22:41:54.819+0000] {logging_mixin.py:190} INFO - [2026-06-29T22:41:54.819+0000] {dagbag.py:588} INFO - Filling up the DagBag from /home/airflow/.local/lib/python3.12/site-packages/airflow/example_dags/example_bash_operator.py
[2026-06-29T22:41:54.870+0000] {processor.py:925} INFO - DAG(s) 'example_bash_operator' retrieved from /home/airflow/.local/lib/python3.12/site-packages/airflow/example_dags/example_bash_operator.py
[2026-06-29T22:41:54.960+0000] {logging_mixin.py:190} INFO - [2026-06-29T22:41:54.959+0000] {dag.py:3239} INFO - Sync 1 DAGs
[2026-06-29T22:41:55.022+0000] {logging_mixin.py:190} INFO - [2026-06-29T22:41:55.021+0000] {dag.py:4180} INFO - Setting next_dagrun for example_bash_operator to 2026-06-28 00:00:00+00:00, run_after=2026-06-29 00:00:00+00:00
[2026-06-29T22:41:55.092+0000] {processor.py:208} INFO - Processing /home/airflow/.local/lib/python3.12/site-packages/airflow/example_dags/example_bash_operator.py took 0.298 seconds
[2026-06-29T22:42:25.990+0000] {processor.py:186} INFO - Started process (PID=225) to work on /home/airflow/.local/lib/python3.12/site-packages/airflow/example_dags/example_bash_operator.py
[2026-06-29T22:42:25.994+0000] {processor.py:914} INFO - Processing file /home/airflow/.local/lib/python3.12/site-packages/airflow/example_dags/example_bash_operator.py for tasks to queue
[2026-06-29T22:42:26.003+0000] {logging_mixin.py:190} INFO - [2026-06-29T22:42:26.002+0000] {dagbag.py:588} INFO - Filling up the DagBag from /home/airflow/.local/lib/python3.12/site-packages/airflow/example_dags/example_bash_operator.py
[2026-06-29T22:42:26.043+0000] {processor.py:925} INFO - DAG(s) 'example_bash_operator' retrieved from /home/airflow/.local/lib/python3.12/site-packages/airflow/example_dags/example_bash_operator.py
[2026-06-29T22:42:26.136+0000] {logging_mixin.py:190} INFO - [2026-06-29T22:42:26.135+0000] {dag.py:3239} INFO - Sync 1 DAGs
[2026-06-29T22:42:26.218+0000] {logging_mixin.py:190} INFO - [2026-06-29T22:42:26.217+0000] {dag.py:4180} INFO - Setting next_dagrun for example_bash_operator to 2026-06-28 00:00:00+00:00, run_after=2026-06-29 00:00:00+00:00
[2026-06-29T22:42:26.287+0000] {processor.py:208} INFO - Processing /home/airflow/.local/lib/python3.12/site-packages/airflow/example_dags/example_bash_operator.py took 0.329 seconds
[2026-06-29T22:42:56.601+0000] {processor.py:186} INFO - Started process (PID=289) to work on /home/airflow/.local/lib/python3.12/site-packages/airflow/example_dags/example_bash_operator.py
[2026-06-29T22:42:56.604+0000] {processor.py:914} INFO - Processing file /home/airflow/.local/lib/python3.12/site-packages/airflow/example_dags/example_bash_operator.py for tasks to queue
[2026-06-29T22:42:56.614+0000] {logging_mixin.py:190} INFO - [2026-06-29T22:42:56.610+0000] {dagbag.py:588} INFO - Filling up the DagBag from /home/airflow/.local/lib/python3.12/site-packages/airflow/example_dags/example_bash_operator.py
[2026-06-29T22:42:56.696+0000] {processor.py:925} INFO - DAG(s) 'example_bash_operator' retrieved from /home/airflow/.local/lib/python3.12/site-packages/airflow/example_dags/example_bash_operator.py
[2026-06-29T22:42:56.800+0000] {logging_mixin.py:190} INFO - [2026-06-29T22:42:56.799+0000] {dag.py:3239} INFO - Sync 1 DAGs
[2026-06-29T22:42:56.934+0000] {logging_mixin.py:190} INFO - [2026-06-29T22:42:56.934+0000] {dag.py:4180} INFO - Setting next_dagrun for example_bash_operator to 2026-06-28 00:00:00+00:00, run_after=2026-06-29 00:00:00+00:00
[2026-06-29T22:42:57.015+0000] {processor.py:208} INFO - Processing /home/airflow/.local/lib/python3.12/site-packages/airflow/example_dags/example_bash_operator.py took 0.430 seconds
[2026-06-29T22:43:27.328+0000] {processor.py:186} INFO - Started process (PID=353) to work on /home/airflow/.local/lib/python3.12/site-packages/airflow/example_dags/example_bash_operator.py
[2026-06-29T22:43:27.331+0000] {processor.py:914} INFO - Processing file /home/airflow/.local/lib/python3.12/site-packages/airflow/example_dags/example_bash_operator.py for tasks to queue
[2026-06-29T22:43:27.338+0000] {logging_mixin.py:190} INFO - [2026-06-29T22:43:27.337+0000] {dagbag.py:588} INFO - Filling up the DagBag from /home/airflow/.local/lib/python3.12/site-packages/airflow/example_dags/example_bash_operator.py
[2026-06-29T22:43:27.358+0000] {processor.py:925} INFO - DAG(s) 'example_bash_operator' retrieved from /home/airflow/.local/lib/python3.12/site-packages/airflow/example_dags/example_bash_operator.py
[2026-06-29T22:43:27.414+0000] {logging_mixin.py:190} INFO - [2026-06-29T22:43:27.413+0000] {dag.py:3239} INFO - Sync 1 DAGs
[2026-06-29T22:43:27.454+0000] {logging_mixin.py:190} INFO - [2026-06-29T22:43:27.454+0000] {dag.py:4180} INFO - Setting next_dagrun for example_bash_operator to 2026-06-28 00:00:00+00:00, run_after=2026-06-29 00:00:00+00:00
[2026-06-29T22:43:27.488+0000] {processor.py:208} INFO - Processing /home/airflow/.local/lib/python3.12/site-packages/airflow/example_dags/example_bash_operator.py took 0.170 seconds
[2026-06-29T22:43:57.872+0000] {processor.py:186} INFO - Started process (PID=418) to work on /home/airflow/.local/lib/python3.12/site-packages/airflow/example_dags/example_bash_operator.py
[2026-06-29T22:43:57.874+0000] {processor.py:914} INFO - Processing file /home/airflow/.local/lib/python3.12/site-packages/airflow/example_dags/example_bash_operator.py for tasks to queue
[2026-06-29T22:43:57.878+0000] {logging_mixin.py:190} INFO - [2026-06-29T22:43:57.877+0000] {dagbag.py:588} INFO - Filling up the DagBag from /home/airflow/.local/lib/python3.12/site-packages/airflow/example_dags/example_bash_operator.py
[2026-06-29T22:43:57.900+0000] {processor.py:925} INFO - DAG(s) 'example_bash_operator' retrieved from /home/airflow/.local/lib/python3.12/site-packages/airflow/example_dags/example_bash_operator.py
[2026-06-29T22:43:57.948+0000] {logging_mixin.py:190} INFO - [2026-06-29T22:43:57.947+0000] {dag.py:3239} INFO - Sync 1 DAGs
[2026-06-29T22:43:58.000+0000] {logging_mixin.py:190} INFO - [2026-06-29T22:43:58.000+0000] {dag.py:4180} INFO - Setting next_dagrun for example_bash_operator to 2026-06-28 00:00:00+00:00, run_after=2026-06-29 00:00:00+00:00
[2026-06-29T22:43:58.035+0000] {processor.py:208} INFO - Processing /home/airflow/.local/lib/python3.12/site-packages/airflow/example_dags/example_bash_operator.py took 0.172 seconds
[2026-06-29T22:44:28.315+0000] {processor.py:186} INFO - Started process (PID=482) to work on /home/airflow/.local/lib/python3.12/site-packages/airflow/example_dags/example_bash_operator.py
[2026-06-29T22:44:28.318+0000] {processor.py:914} INFO - Processing file /home/airflow/.local/lib/python3.12/site-packages/airflow/example_dags/example_bash_operator.py for tasks to queue
[2026-06-29T22:44:28.323+0000] {logging_mixin.py:190} INFO - [2026-06-29T22:44:28.323+0000] {dagbag.py:588} INFO - Filling up the DagBag from /home/airflow/.local/lib/python3.12/site-packages/airflow/example_dags/example_bash_operator.py
[2026-06-29T22:44:28.345+0000] {processor.py:925} INFO - DAG(s) 'example_bash_operator' retrieved from /home/airflow/.local/lib/python3.12/site-packages/airflow/example_dags/example_bash_operator.py
[2026-06-29T22:44:28.384+0000] {logging_mixin.py:190} INFO - [2026-06-29T22:44:28.384+0000] {dag.py:3239} INFO - Sync 1 DAGs
[2026-06-29T22:44:28.420+0000] {logging_mixin.py:190} INFO - [2026-06-29T22:44:28.420+0000] {dag.py:4180} INFO - Setting next_dagrun for example_bash_operator to 2026-06-28 00:00:00+00:00, run_after=2026-06-29 00:00:00+00:00
[2026-06-29T22:44:28.453+0000] {processor.py:208} INFO - Processing /home/airflow/.local/lib/python3.12/site-packages/airflow/example_dags/example_bash_operator.py took 0.154 seconds
[2026-06-29T22:44:59.650+0000] {processor.py:186} INFO - Started process (PID=547) to work on /home/airflow/.local/lib/python3.12/site-packages/airflow/example_dags/example_bash_operator.py
[2026-06-29T22:44:59.661+0000] {processor.py:914} INFO - Processing file /home/airflow/.local/lib/python3.12/site-packages/airflow/example_dags/example_bash_operator.py for tasks to queue
[2026-06-29T22:44:59.669+0000] {logging_mixin.py:190} INFO - [2026-06-29T22:44:59.668+0000] {dagbag.py:588} INFO - Filling up the DagBag from /home/airflow/.local/lib/python3.12/site-packages/airflow/example_dags/example_bash_operator.py
[2026-06-29T22:44:59.692+0000] {processor.py:925} INFO - DAG(s) 'example_bash_operator' retrieved from /home/airflow/.local/lib/python3.12/site-packages/airflow/example_dags/example_bash_operator.py
[2026-06-29T22:44:59.755+0000] {logging_mixin.py:190} INFO - [2026-06-29T22:44:59.754+0000] {dag.py:3239} INFO - Sync 1 DAGs
[2026-06-29T22:45:00.039+0000] {logging_mixin.py:190} INFO - [2026-06-29T22:45:00.038+0000] {dag.py:4180} INFO - Setting next_dagrun for example_bash_operator to 2026-06-28 00:00:00+00:00, run_after=2026-06-29 00:00:00+00:00
[2026-06-29T22:45:00.080+0000] {processor.py:208} INFO - Processing /home/airflow/.local/lib/python3.12/site-packages/airflow/example_dags/example_bash_operator.py took 0.448 seconds
[2026-06-29T22:45:30.865+0000] {processor.py:186} INFO - Started process (PID=610) to work on /home/airflow/.local/lib/python3.12/site-packages/airflow/example_dags/example_bash_operator.py
[2026-06-29T22:45:30.867+0000] {processor.py:914} INFO - Processing file /home/airflow/.local/lib/python3.12/site-packages/airflow/example_dags/example_bash_operator.py for tasks to queue
[2026-06-29T22:45:30.873+0000] {logging_mixin.py:190} INFO - [2026-06-29T22:45:30.872+0000] {dagbag.py:588} INFO - Filling up the DagBag from /home/airflow/.local/lib/python3.12/site-packages/airflow/example_dags/example_bash_operator.py
[2026-06-29T22:45:30.891+0000] {processor.py:925} INFO - DAG(s) 'example_bash_operator' retrieved from /home/airflow/.local/lib/python3.12/site-packages/airflow/example_dags/example_bash_operator.py
[2026-06-29T22:45:30.936+0000] {logging_mixin.py:190} INFO - [2026-06-29T22:45:30.935+0000] {dag.py:3239} INFO - Sync 1 DAGs
[2026-06-29T22:45:30.980+0000] {logging_mixin.py:190} INFO - [2026-06-29T22:45:30.979+0000] {dag.py:4180} INFO - Setting next_dagrun for example_bash_operator to 2026-06-28 00:00:00+00:00, run_after=2026-06-29 00:00:00+00:00
[2026-06-29T22:45:31.028+0000] {processor.py:208} INFO - Processing /home/airflow/.local/lib/python3.12/site-packages/airflow/example_dags/example_bash_operator.py took 0.173 seconds
[2026-06-29T22:46:01.317+0000] {processor.py:186} INFO - Started process (PID=674) to work on /home/airflow/.local/lib/python3.12/site-packages/airflow/example_dags/example_bash_operator.py
[2026-06-29T22:46:01.319+0000] {processor.py:914} INFO - Processing file /home/airflow/.local/lib/python3.12/site-packages/airflow/example_dags/example_bash_operator.py for tasks to queue
[2026-06-29T22:46:01.322+0000] {logging_mixin.py:190} INFO - [2026-06-29T22:46:01.322+0000] {dagbag.py:588} INFO - Filling up the DagBag from /home/airflow/.local/lib/python3.12/site-packages/airflow/example_dags/example_bash_operator.py
[2026-06-29T22:46:01.336+0000] {processor.py:925} INFO - DAG(s) 'example_bash_operator' retrieved from /home/airflow/.local/lib/python3.12/site-packages/airflow/example_dags/example_bash_operator.py
[2026-06-29T22:46:01.365+0000] {logging_mixin.py:190} INFO - [2026-06-29T22:46:01.364+0000] {dag.py:3239} INFO - Sync 1 DAGs
[2026-06-29T22:46:01.391+0000] {logging_mixin.py:190} INFO - [2026-06-29T22:46:01.391+0000] {dag.py:4180} INFO - Setting next_dagrun for example_bash_operator to 2026-06-28 00:00:00+00:00, run_after=2026-06-29 00:00:00+00:00
[2026-06-29T22:46:01.414+0000] {processor.py:208} INFO - Processing /home/airflow/.local/lib/python3.12/site-packages/airflow/example_dags/example_bash_operator.py took 0.103 seconds
[2026-06-29T22:46:32.146+0000] {processor.py:186} INFO - Started process (PID=738) to work on /home/airflow/.local/lib/python3.12/site-packages/airflow/example_dags/example_bash_operator.py
[2026-06-29T22:46:32.149+0000] {processor.py:914} INFO - Processing file /home/airflow/.local/lib/python3.12/site-packages/airflow/example_dags/example_bash_operator.py for tasks to queue
[2026-06-29T22:46:32.156+0000] {logging_mixin.py:190} INFO - [2026-06-29T22:46:32.155+0000] {dagbag.py:588} INFO - Filling up the DagBag from /home/airflow/.local/lib/python3.12/site-packages/airflow/example_dags/example_bash_operator.py
[2026-06-29T22:46:32.198+0000] {processor.py:925} INFO - DAG(s) 'example_bash_operator' retrieved from /home/airflow/.local/lib/python3.12/site-packages/airflow/example_dags/example_bash_operator.py
[2026-06-29T22:46:32.384+0000] {logging_mixin.py:190} INFO - [2026-06-29T22:46:32.382+0000] {dag.py:3239} INFO - Sync 1 DAGs
[2026-06-29T22:46:33.037+0000] {logging_mixin.py:190} INFO - [2026-06-29T22:46:33.037+0000] {dag.py:4180} INFO - Setting next_dagrun for example_bash_operator to 2026-06-28 00:00:00+00:00, run_after=2026-06-29 00:00:00+00:00
[2026-06-29T22:46:33.165+0000] {processor.py:208} INFO - Processing /home/airflow/.local/lib/python3.12/site-packages/airflow/example_dags/example_bash_operator.py took 1.028 seconds
