[2026-06-29T21:56:54.751+0000] {processor.py:186} INFO - Started process (PID=81) to work on /home/airflow/.local/lib/python3.12/site-packages/airflow/example_dags/example_params_trigger_ui.py
[2026-06-29T21:56:54.753+0000] {processor.py:914} INFO - Processing file /home/airflow/.local/lib/python3.12/site-packages/airflow/example_dags/example_params_trigger_ui.py for tasks to queue
[2026-06-29T21:56:54.757+0000] {logging_mixin.py:190} INFO - [2026-06-29T21:56:54.756+0000] {dagbag.py:588} INFO - Filling up the DagBag from /home/airflow/.local/lib/python3.12/site-packages/airflow/example_dags/example_params_trigger_ui.py
[2026-06-29T21:56:54.774+0000] {processor.py:925} INFO - DAG(s) 'example_params_trigger_ui' retrieved from /home/airflow/.local/lib/python3.12/site-packages/airflow/example_dags/example_params_trigger_ui.py
[2026-06-29T21:56:54.972+0000] {logging_mixin.py:190} INFO - [2026-06-29T21:56:54.971+0000] {override.py:1912} INFO - Created Permission View: can edit on DAG:example_params_trigger_ui
[2026-06-29T21:56:54.991+0000] {logging_mixin.py:190} INFO - [2026-06-29T21:56:54.991+0000] {override.py:1912} INFO - Created Permission View: can read on DAG:example_params_trigger_ui
[2026-06-29T21:56:55.006+0000] {logging_mixin.py:190} INFO - [2026-06-29T21:56:55.005+0000] {override.py:1912} INFO - Created Permission View: can delete on DAG:example_params_trigger_ui
[2026-06-29T21:56:55.019+0000] {logging_mixin.py:190} INFO - [2026-06-29T21:56:55.018+0000] {override.py:1912} INFO - Created Permission View: can create on DAG Run:example_params_trigger_ui
[2026-06-29T21:56:55.030+0000] {logging_mixin.py:190} INFO - [2026-06-29T21:56:55.029+0000] {override.py:1912} INFO - Created Permission View: can read on DAG Run:example_params_trigger_ui
[2026-06-29T21:56:55.041+0000] {logging_mixin.py:190} INFO - [2026-06-29T21:56:55.040+0000] {override.py:1912} INFO - Created Permission View: can delete on DAG Run:example_params_trigger_ui
[2026-06-29T21:56:55.051+0000] {logging_mixin.py:190} INFO - [2026-06-29T21:56:55.050+0000] {override.py:1912} INFO - Created Permission View: menu access on DAG Run:example_params_trigger_ui
[2026-06-29T21:56:55.052+0000] {logging_mixin.py:190} INFO - [2026-06-29T21:56:55.051+0000] {dag.py:3239} INFO - Sync 1 DAGs
[2026-06-29T21:56:55.072+0000] {logging_mixin.py:190} INFO - [2026-06-29T21:56:55.071+0000] {dag.py:3262} INFO - Creating ORM DAG for example_params_trigger_ui
[2026-06-29T21:56:55.074+0000] {logging_mixin.py:190} INFO - [2026-06-29T21:56:55.074+0000] {dag.py:4180} INFO - Setting next_dagrun for example_params_trigger_ui to None, run_after=None
[2026-06-29T21:56:55.106+0000] {processor.py:208} INFO - Processing /home/airflow/.local/lib/python3.12/site-packages/airflow/example_dags/example_params_trigger_ui.py took 0.363 seconds
[2026-06-29T21:59:02.967+0000] {processor.py:186} INFO - Started process (PID=81) to work on /home/airflow/.local/lib/python3.12/site-packages/airflow/example_dags/example_params_trigger_ui.py
[2026-06-29T21:59:02.970+0000] {processor.py:914} INFO - Processing file /home/airflow/.local/lib/python3.12/site-packages/airflow/example_dags/example_params_trigger_ui.py for tasks to queue
[2026-06-29T21:59:02.977+0000] {logging_mixin.py:190} INFO - [2026-06-29T21:59:02.977+0000] {dagbag.py:588} INFO - Filling up the DagBag from /home/airflow/.local/lib/python3.12/site-packages/airflow/example_dags/example_params_trigger_ui.py
[2026-06-29T21:59:03.011+0000] {processor.py:925} INFO - DAG(s) 'example_params_trigger_ui' retrieved from /home/airflow/.local/lib/python3.12/site-packages/airflow/example_dags/example_params_trigger_ui.py
[2026-06-29T21:59:03.174+0000] {logging_mixin.py:190} INFO - [2026-06-29T21:59:03.174+0000] {dag.py:3239} INFO - Sync 1 DAGs
[2026-06-29T21:59:03.246+0000] {logging_mixin.py:190} INFO - [2026-06-29T21:59:03.246+0000] {dag.py:4180} INFO - Setting next_dagrun for example_params_trigger_ui to None, run_after=None
[2026-06-29T21:59:03.321+0000] {processor.py:208} INFO - Processing /home/airflow/.local/lib/python3.12/site-packages/airflow/example_dags/example_params_trigger_ui.py took 0.366 seconds
[2026-06-29T21:59:33.466+0000] {processor.py:186} INFO - Started process (PID=144) to work on /home/airflow/.local/lib/python3.12/site-packages/airflow/example_dags/example_params_trigger_ui.py
[2026-06-29T21:59:33.467+0000] {processor.py:914} INFO - Processing file /home/airflow/.local/lib/python3.12/site-packages/airflow/example_dags/example_params_trigger_ui.py for tasks to queue
[2026-06-29T21:59:33.471+0000] {logging_mixin.py:190} INFO - [2026-06-29T21:59:33.470+0000] {dagbag.py:588} INFO - Filling up the DagBag from /home/airflow/.local/lib/python3.12/site-packages/airflow/example_dags/example_params_trigger_ui.py
[2026-06-29T21:59:33.493+0000] {processor.py:925} INFO - DAG(s) 'example_params_trigger_ui' retrieved from /home/airflow/.local/lib/python3.12/site-packages/airflow/example_dags/example_params_trigger_ui.py
[2026-06-29T21:59:33.542+0000] {logging_mixin.py:190} INFO - [2026-06-29T21:59:33.541+0000] {dag.py:3239} INFO - Sync 1 DAGs
[2026-06-29T21:59:33.557+0000] {logging_mixin.py:190} INFO - [2026-06-29T21:59:33.557+0000] {dag.py:4180} INFO - Setting next_dagrun for example_params_trigger_ui to None, run_after=None
[2026-06-29T21:59:33.583+0000] {processor.py:208} INFO - Processing /home/airflow/.local/lib/python3.12/site-packages/airflow/example_dags/example_params_trigger_ui.py took 0.126 seconds
[2026-06-29T22:00:04.356+0000] {processor.py:186} INFO - Started process (PID=207) to work on /home/airflow/.local/lib/python3.12/site-packages/airflow/example_dags/example_params_trigger_ui.py
[2026-06-29T22:00:04.359+0000] {processor.py:914} INFO - Processing file /home/airflow/.local/lib/python3.12/site-packages/airflow/example_dags/example_params_trigger_ui.py for tasks to queue
[2026-06-29T22:00:04.367+0000] {logging_mixin.py:190} INFO - [2026-06-29T22:00:04.367+0000] {dagbag.py:588} INFO - Filling up the DagBag from /home/airflow/.local/lib/python3.12/site-packages/airflow/example_dags/example_params_trigger_ui.py
[2026-06-29T22:00:04.390+0000] {processor.py:925} INFO - DAG(s) 'example_params_trigger_ui' retrieved from /home/airflow/.local/lib/python3.12/site-packages/airflow/example_dags/example_params_trigger_ui.py
[2026-06-29T22:00:04.497+0000] {logging_mixin.py:190} INFO - [2026-06-29T22:00:04.495+0000] {dag.py:3239} INFO - Sync 1 DAGs
[2026-06-29T22:00:04.525+0000] {logging_mixin.py:190} INFO - [2026-06-29T22:00:04.525+0000] {dag.py:4180} INFO - Setting next_dagrun for example_params_trigger_ui to None, run_after=None
[2026-06-29T22:00:04.602+0000] {processor.py:208} INFO - Processing /home/airflow/.local/lib/python3.12/site-packages/airflow/example_dags/example_params_trigger_ui.py took 0.257 seconds
[2026-06-29T22:00:34.735+0000] {processor.py:186} INFO - Started process (PID=270) to work on /home/airflow/.local/lib/python3.12/site-packages/airflow/example_dags/example_params_trigger_ui.py
[2026-06-29T22:00:34.740+0000] {processor.py:914} INFO - Processing file /home/airflow/.local/lib/python3.12/site-packages/airflow/example_dags/example_params_trigger_ui.py for tasks to queue
[2026-06-29T22:00:34.761+0000] {logging_mixin.py:190} INFO - [2026-06-29T22:00:34.758+0000] {dagbag.py:588} INFO - Filling up the DagBag from /home/airflow/.local/lib/python3.12/site-packages/airflow/example_dags/example_params_trigger_ui.py
[2026-06-29T22:00:34.784+0000] {processor.py:925} INFO - DAG(s) 'example_params_trigger_ui' retrieved from /home/airflow/.local/lib/python3.12/site-packages/airflow/example_dags/example_params_trigger_ui.py
[2026-06-29T22:00:34.891+0000] {logging_mixin.py:190} INFO - [2026-06-29T22:00:34.891+0000] {dag.py:3239} INFO - Sync 1 DAGs
[2026-06-29T22:00:34.919+0000] {logging_mixin.py:190} INFO - [2026-06-29T22:00:34.919+0000] {dag.py:4180} INFO - Setting next_dagrun for example_params_trigger_ui to None, run_after=None
[2026-06-29T22:00:34.969+0000] {processor.py:208} INFO - Processing /home/airflow/.local/lib/python3.12/site-packages/airflow/example_dags/example_params_trigger_ui.py took 0.265 seconds
[2026-06-29T22:01:05.912+0000] {processor.py:186} INFO - Started process (PID=334) to work on /home/airflow/.local/lib/python3.12/site-packages/airflow/example_dags/example_params_trigger_ui.py
[2026-06-29T22:01:05.914+0000] {processor.py:914} INFO - Processing file /home/airflow/.local/lib/python3.12/site-packages/airflow/example_dags/example_params_trigger_ui.py for tasks to queue
[2026-06-29T22:01:05.920+0000] {logging_mixin.py:190} INFO - [2026-06-29T22:01:05.919+0000] {dagbag.py:588} INFO - Filling up the DagBag from /home/airflow/.local/lib/python3.12/site-packages/airflow/example_dags/example_params_trigger_ui.py
[2026-06-29T22:01:05.944+0000] {processor.py:925} INFO - DAG(s) 'example_params_trigger_ui' retrieved from /home/airflow/.local/lib/python3.12/site-packages/airflow/example_dags/example_params_trigger_ui.py
[2026-06-29T22:01:06.030+0000] {logging_mixin.py:190} INFO - [2026-06-29T22:01:06.029+0000] {dag.py:3239} INFO - Sync 1 DAGs
[2026-06-29T22:01:06.054+0000] {logging_mixin.py:190} INFO - [2026-06-29T22:01:06.053+0000] {dag.py:4180} INFO - Setting next_dagrun for example_params_trigger_ui to None, run_after=None
[2026-06-29T22:01:06.087+0000] {processor.py:208} INFO - Processing /home/airflow/.local/lib/python3.12/site-packages/airflow/example_dags/example_params_trigger_ui.py took 0.188 seconds
[2026-06-29T22:01:37.404+0000] {processor.py:186} INFO - Started process (PID=397) to work on /home/airflow/.local/lib/python3.12/site-packages/airflow/example_dags/example_params_trigger_ui.py
[2026-06-29T22:01:37.408+0000] {processor.py:914} INFO - Processing file /home/airflow/.local/lib/python3.12/site-packages/airflow/example_dags/example_params_trigger_ui.py for tasks to queue
[2026-06-29T22:01:37.420+0000] {logging_mixin.py:190} INFO - [2026-06-29T22:01:37.418+0000] {dagbag.py:588} INFO - Filling up the DagBag from /home/airflow/.local/lib/python3.12/site-packages/airflow/example_dags/example_params_trigger_ui.py
[2026-06-29T22:01:37.448+0000] {processor.py:925} INFO - DAG(s) 'example_params_trigger_ui' retrieved from /home/airflow/.local/lib/python3.12/site-packages/airflow/example_dags/example_params_trigger_ui.py
[2026-06-29T22:01:37.575+0000] {logging_mixin.py:190} INFO - [2026-06-29T22:01:37.574+0000] {dag.py:3239} INFO - Sync 1 DAGs
[2026-06-29T22:01:37.611+0000] {logging_mixin.py:190} INFO - [2026-06-29T22:01:37.611+0000] {dag.py:4180} INFO - Setting next_dagrun for example_params_trigger_ui to None, run_after=None
[2026-06-29T22:01:37.703+0000] {processor.py:208} INFO - Processing /home/airflow/.local/lib/python3.12/site-packages/airflow/example_dags/example_params_trigger_ui.py took 0.307 seconds
[2026-06-29T22:02:08.154+0000] {processor.py:186} INFO - Started process (PID=460) to work on /home/airflow/.local/lib/python3.12/site-packages/airflow/example_dags/example_params_trigger_ui.py
[2026-06-29T22:02:08.156+0000] {processor.py:914} INFO - Processing file /home/airflow/.local/lib/python3.12/site-packages/airflow/example_dags/example_params_trigger_ui.py for tasks to queue
[2026-06-29T22:02:08.159+0000] {logging_mixin.py:190} INFO - [2026-06-29T22:02:08.159+0000] {dagbag.py:588} INFO - Filling up the DagBag from /home/airflow/.local/lib/python3.12/site-packages/airflow/example_dags/example_params_trigger_ui.py
[2026-06-29T22:02:08.172+0000] {processor.py:925} INFO - DAG(s) 'example_params_trigger_ui' retrieved from /home/airflow/.local/lib/python3.12/site-packages/airflow/example_dags/example_params_trigger_ui.py
[2026-06-29T22:02:08.237+0000] {logging_mixin.py:190} INFO - [2026-06-29T22:02:08.237+0000] {dag.py:3239} INFO - Sync 1 DAGs
[2026-06-29T22:02:08.259+0000] {logging_mixin.py:190} INFO - [2026-06-29T22:02:08.259+0000] {dag.py:4180} INFO - Setting next_dagrun for example_params_trigger_ui to None, run_after=None
[2026-06-29T22:02:08.290+0000] {processor.py:208} INFO - Processing /home/airflow/.local/lib/python3.12/site-packages/airflow/example_dags/example_params_trigger_ui.py took 0.146 seconds
[2026-06-29T22:02:39.919+0000] {processor.py:186} INFO - Started process (PID=523) to work on /home/airflow/.local/lib/python3.12/site-packages/airflow/example_dags/example_params_trigger_ui.py
[2026-06-29T22:02:39.925+0000] {processor.py:914} INFO - Processing file /home/airflow/.local/lib/python3.12/site-packages/airflow/example_dags/example_params_trigger_ui.py for tasks to queue
[2026-06-29T22:02:39.955+0000] {logging_mixin.py:190} INFO - [2026-06-29T22:02:39.952+0000] {dagbag.py:588} INFO - Filling up the DagBag from /home/airflow/.local/lib/python3.12/site-packages/airflow/example_dags/example_params_trigger_ui.py
[2026-06-29T22:02:40.073+0000] {processor.py:925} INFO - DAG(s) 'example_params_trigger_ui' retrieved from /home/airflow/.local/lib/python3.12/site-packages/airflow/example_dags/example_params_trigger_ui.py
[2026-06-29T22:02:40.703+0000] {logging_mixin.py:190} INFO - [2026-06-29T22:02:40.702+0000] {dag.py:3239} INFO - Sync 1 DAGs
[2026-06-29T22:02:40.783+0000] {logging_mixin.py:190} INFO - [2026-06-29T22:02:40.782+0000] {dag.py:4180} INFO - Setting next_dagrun for example_params_trigger_ui to None, run_after=None
[2026-06-29T22:02:40.931+0000] {processor.py:208} INFO - Processing /home/airflow/.local/lib/python3.12/site-packages/airflow/example_dags/example_params_trigger_ui.py took 1.065 seconds
[2026-06-29T22:03:11.211+0000] {processor.py:186} INFO - Started process (PID=587) to work on /home/airflow/.local/lib/python3.12/site-packages/airflow/example_dags/example_params_trigger_ui.py
[2026-06-29T22:03:11.215+0000] {processor.py:914} INFO - Processing file /home/airflow/.local/lib/python3.12/site-packages/airflow/example_dags/example_params_trigger_ui.py for tasks to queue
[2026-06-29T22:03:11.220+0000] {logging_mixin.py:190} INFO - [2026-06-29T22:03:11.219+0000] {dagbag.py:588} INFO - Filling up the DagBag from /home/airflow/.local/lib/python3.12/site-packages/airflow/example_dags/example_params_trigger_ui.py
[2026-06-29T22:03:11.235+0000] {processor.py:925} INFO - DAG(s) 'example_params_trigger_ui' retrieved from /home/airflow/.local/lib/python3.12/site-packages/airflow/example_dags/example_params_trigger_ui.py
[2026-06-29T22:03:11.283+0000] {logging_mixin.py:190} INFO - [2026-06-29T22:03:11.282+0000] {dag.py:3239} INFO - Sync 1 DAGs
[2026-06-29T22:03:11.302+0000] {logging_mixin.py:190} INFO - [2026-06-29T22:03:11.301+0000] {dag.py:4180} INFO - Setting next_dagrun for example_params_trigger_ui to None, run_after=None
[2026-06-29T22:03:11.335+0000] {processor.py:208} INFO - Processing /home/airflow/.local/lib/python3.12/site-packages/airflow/example_dags/example_params_trigger_ui.py took 0.135 seconds
[2026-06-29T22:03:41.535+0000] {processor.py:186} INFO - Started process (PID=649) to work on /home/airflow/.local/lib/python3.12/site-packages/airflow/example_dags/example_params_trigger_ui.py
[2026-06-29T22:03:41.536+0000] {processor.py:914} INFO - Processing file /home/airflow/.local/lib/python3.12/site-packages/airflow/example_dags/example_params_trigger_ui.py for tasks to queue
[2026-06-29T22:03:41.539+0000] {logging_mixin.py:190} INFO - [2026-06-29T22:03:41.539+0000] {dagbag.py:588} INFO - Filling up the DagBag from /home/airflow/.local/lib/python3.12/site-packages/airflow/example_dags/example_params_trigger_ui.py
[2026-06-29T22:03:41.553+0000] {processor.py:925} INFO - DAG(s) 'example_params_trigger_ui' retrieved from /home/airflow/.local/lib/python3.12/site-packages/airflow/example_dags/example_params_trigger_ui.py
[2026-06-29T22:03:41.600+0000] {logging_mixin.py:190} INFO - [2026-06-29T22:03:41.600+0000] {dag.py:3239} INFO - Sync 1 DAGs
[2026-06-29T22:03:41.618+0000] {logging_mixin.py:190} INFO - [2026-06-29T22:03:41.618+0000] {dag.py:4180} INFO - Setting next_dagrun for example_params_trigger_ui to None, run_after=None
[2026-06-29T22:03:41.641+0000] {processor.py:208} INFO - Processing /home/airflow/.local/lib/python3.12/site-packages/airflow/example_dags/example_params_trigger_ui.py took 0.113 seconds
[2026-06-29T22:04:11.863+0000] {processor.py:186} INFO - Started process (PID=712) to work on /home/airflow/.local/lib/python3.12/site-packages/airflow/example_dags/example_params_trigger_ui.py
[2026-06-29T22:04:11.868+0000] {processor.py:914} INFO - Processing file /home/airflow/.local/lib/python3.12/site-packages/airflow/example_dags/example_params_trigger_ui.py for tasks to queue
[2026-06-29T22:04:11.874+0000] {logging_mixin.py:190} INFO - [2026-06-29T22:04:11.873+0000] {dagbag.py:588} INFO - Filling up the DagBag from /home/airflow/.local/lib/python3.12/site-packages/airflow/example_dags/example_params_trigger_ui.py
[2026-06-29T22:04:11.891+0000] {processor.py:925} INFO - DAG(s) 'example_params_trigger_ui' retrieved from /home/airflow/.local/lib/python3.12/site-packages/airflow/example_dags/example_params_trigger_ui.py
[2026-06-29T22:04:11.963+0000] {logging_mixin.py:190} INFO - [2026-06-29T22:04:11.962+0000] {dag.py:3239} INFO - Sync 1 DAGs
[2026-06-29T22:04:11.990+0000] {logging_mixin.py:190} INFO - [2026-06-29T22:04:11.990+0000] {dag.py:4180} INFO - Setting next_dagrun for example_params_trigger_ui to None, run_after=None
[2026-06-29T22:04:12.068+0000] {processor.py:208} INFO - Processing /home/airflow/.local/lib/python3.12/site-packages/airflow/example_dags/example_params_trigger_ui.py took 0.231 seconds
[2026-06-29T22:04:48.841+0000] {processor.py:186} INFO - Started process (PID=775) to work on /home/airflow/.local/lib/python3.12/site-packages/airflow/example_dags/example_params_trigger_ui.py
[2026-06-29T22:04:48.849+0000] {processor.py:914} INFO - Processing file /home/airflow/.local/lib/python3.12/site-packages/airflow/example_dags/example_params_trigger_ui.py for tasks to queue
[2026-06-29T22:04:48.864+0000] {logging_mixin.py:190} INFO - [2026-06-29T22:04:48.863+0000] {dagbag.py:588} INFO - Filling up the DagBag from /home/airflow/.local/lib/python3.12/site-packages/airflow/example_dags/example_params_trigger_ui.py
[2026-06-29T22:04:48.906+0000] {processor.py:925} INFO - DAG(s) 'example_params_trigger_ui' retrieved from /home/airflow/.local/lib/python3.12/site-packages/airflow/example_dags/example_params_trigger_ui.py
[2026-06-29T22:04:49.105+0000] {logging_mixin.py:190} INFO - [2026-06-29T22:04:49.104+0000] {dag.py:3239} INFO - Sync 1 DAGs
[2026-06-29T22:04:49.174+0000] {logging_mixin.py:190} INFO - [2026-06-29T22:04:49.173+0000] {dag.py:4180} INFO - Setting next_dagrun for example_params_trigger_ui to None, run_after=None
[2026-06-29T22:04:49.270+0000] {processor.py:208} INFO - Processing /home/airflow/.local/lib/python3.12/site-packages/airflow/example_dags/example_params_trigger_ui.py took 0.443 seconds
[2026-06-29T22:05:19.747+0000] {processor.py:186} INFO - Started process (PID=839) to work on /home/airflow/.local/lib/python3.12/site-packages/airflow/example_dags/example_params_trigger_ui.py
[2026-06-29T22:05:19.749+0000] {processor.py:914} INFO - Processing file /home/airflow/.local/lib/python3.12/site-packages/airflow/example_dags/example_params_trigger_ui.py for tasks to queue
[2026-06-29T22:05:19.752+0000] {logging_mixin.py:190} INFO - [2026-06-29T22:05:19.752+0000] {dagbag.py:588} INFO - Filling up the DagBag from /home/airflow/.local/lib/python3.12/site-packages/airflow/example_dags/example_params_trigger_ui.py
[2026-06-29T22:05:19.766+0000] {processor.py:925} INFO - DAG(s) 'example_params_trigger_ui' retrieved from /home/airflow/.local/lib/python3.12/site-packages/airflow/example_dags/example_params_trigger_ui.py
[2026-06-29T22:05:19.807+0000] {logging_mixin.py:190} INFO - [2026-06-29T22:05:19.806+0000] {dag.py:3239} INFO - Sync 1 DAGs
[2026-06-29T22:05:19.830+0000] {logging_mixin.py:190} INFO - [2026-06-29T22:05:19.829+0000] {dag.py:4180} INFO - Setting next_dagrun for example_params_trigger_ui to None, run_after=None
[2026-06-29T22:05:19.851+0000] {processor.py:208} INFO - Processing /home/airflow/.local/lib/python3.12/site-packages/airflow/example_dags/example_params_trigger_ui.py took 0.110 seconds
[2026-06-29T22:05:50.657+0000] {processor.py:186} INFO - Started process (PID=904) to work on /home/airflow/.local/lib/python3.12/site-packages/airflow/example_dags/example_params_trigger_ui.py
[2026-06-29T22:05:50.659+0000] {processor.py:914} INFO - Processing file /home/airflow/.local/lib/python3.12/site-packages/airflow/example_dags/example_params_trigger_ui.py for tasks to queue
[2026-06-29T22:05:50.662+0000] {logging_mixin.py:190} INFO - [2026-06-29T22:05:50.661+0000] {dagbag.py:588} INFO - Filling up the DagBag from /home/airflow/.local/lib/python3.12/site-packages/airflow/example_dags/example_params_trigger_ui.py
[2026-06-29T22:05:50.675+0000] {processor.py:925} INFO - DAG(s) 'example_params_trigger_ui' retrieved from /home/airflow/.local/lib/python3.12/site-packages/airflow/example_dags/example_params_trigger_ui.py
[2026-06-29T22:05:50.715+0000] {logging_mixin.py:190} INFO - [2026-06-29T22:05:50.715+0000] {dag.py:3239} INFO - Sync 1 DAGs
[2026-06-29T22:05:50.730+0000] {logging_mixin.py:190} INFO - [2026-06-29T22:05:50.730+0000] {dag.py:4180} INFO - Setting next_dagrun for example_params_trigger_ui to None, run_after=None
[2026-06-29T22:05:50.753+0000] {processor.py:208} INFO - Processing /home/airflow/.local/lib/python3.12/site-packages/airflow/example_dags/example_params_trigger_ui.py took 0.102 seconds
[2026-06-29T22:08:18.905+0000] {processor.py:186} INFO - Started process (PID=89) to work on /home/airflow/.local/lib/python3.12/site-packages/airflow/example_dags/example_params_trigger_ui.py
[2026-06-29T22:08:18.908+0000] {processor.py:914} INFO - Processing file /home/airflow/.local/lib/python3.12/site-packages/airflow/example_dags/example_params_trigger_ui.py for tasks to queue
[2026-06-29T22:08:18.916+0000] {logging_mixin.py:190} INFO - [2026-06-29T22:08:18.915+0000] {dagbag.py:588} INFO - Filling up the DagBag from /home/airflow/.local/lib/python3.12/site-packages/airflow/example_dags/example_params_trigger_ui.py
[2026-06-29T22:08:18.949+0000] {processor.py:925} INFO - DAG(s) 'example_params_trigger_ui' retrieved from /home/airflow/.local/lib/python3.12/site-packages/airflow/example_dags/example_params_trigger_ui.py
[2026-06-29T22:08:19.060+0000] {logging_mixin.py:190} INFO - [2026-06-29T22:08:19.059+0000] {dag.py:3239} INFO - Sync 1 DAGs
[2026-06-29T22:08:19.109+0000] {logging_mixin.py:190} INFO - [2026-06-29T22:08:19.109+0000] {dag.py:4180} INFO - Setting next_dagrun for example_params_trigger_ui to None, run_after=None
[2026-06-29T22:08:19.182+0000] {processor.py:208} INFO - Processing /home/airflow/.local/lib/python3.12/site-packages/airflow/example_dags/example_params_trigger_ui.py took 0.288 seconds
[2026-06-29T22:08:52.134+0000] {processor.py:186} INFO - Started process (PID=153) to work on /home/airflow/.local/lib/python3.12/site-packages/airflow/example_dags/example_params_trigger_ui.py
[2026-06-29T22:08:52.139+0000] {processor.py:914} INFO - Processing file /home/airflow/.local/lib/python3.12/site-packages/airflow/example_dags/example_params_trigger_ui.py for tasks to queue
[2026-06-29T22:08:52.146+0000] {logging_mixin.py:190} INFO - [2026-06-29T22:08:52.144+0000] {dagbag.py:588} INFO - Filling up the DagBag from /home/airflow/.local/lib/python3.12/site-packages/airflow/example_dags/example_params_trigger_ui.py
[2026-06-29T22:08:52.189+0000] {processor.py:925} INFO - DAG(s) 'example_params_trigger_ui' retrieved from /home/airflow/.local/lib/python3.12/site-packages/airflow/example_dags/example_params_trigger_ui.py
[2026-06-29T22:08:52.333+0000] {logging_mixin.py:190} INFO - [2026-06-29T22:08:52.333+0000] {dag.py:3239} INFO - Sync 1 DAGs
[2026-06-29T22:08:52.387+0000] {logging_mixin.py:190} INFO - [2026-06-29T22:08:52.386+0000] {dag.py:4180} INFO - Setting next_dagrun for example_params_trigger_ui to None, run_after=None
[2026-06-29T22:08:52.467+0000] {processor.py:208} INFO - Processing /home/airflow/.local/lib/python3.12/site-packages/airflow/example_dags/example_params_trigger_ui.py took 0.348 seconds
[2026-06-29T22:09:23.025+0000] {processor.py:186} INFO - Started process (PID=217) to work on /home/airflow/.local/lib/python3.12/site-packages/airflow/example_dags/example_params_trigger_ui.py
[2026-06-29T22:09:23.027+0000] {processor.py:914} INFO - Processing file /home/airflow/.local/lib/python3.12/site-packages/airflow/example_dags/example_params_trigger_ui.py for tasks to queue
[2026-06-29T22:09:23.036+0000] {logging_mixin.py:190} INFO - [2026-06-29T22:09:23.034+0000] {dagbag.py:588} INFO - Filling up the DagBag from /home/airflow/.local/lib/python3.12/site-packages/airflow/example_dags/example_params_trigger_ui.py
[2026-06-29T22:09:23.068+0000] {processor.py:925} INFO - DAG(s) 'example_params_trigger_ui' retrieved from /home/airflow/.local/lib/python3.12/site-packages/airflow/example_dags/example_params_trigger_ui.py
[2026-06-29T22:09:23.152+0000] {logging_mixin.py:190} INFO - [2026-06-29T22:09:23.151+0000] {dag.py:3239} INFO - Sync 1 DAGs
[2026-06-29T22:09:23.186+0000] {logging_mixin.py:190} INFO - [2026-06-29T22:09:23.185+0000] {dag.py:4180} INFO - Setting next_dagrun for example_params_trigger_ui to None, run_after=None
[2026-06-29T22:09:23.245+0000] {processor.py:208} INFO - Processing /home/airflow/.local/lib/python3.12/site-packages/airflow/example_dags/example_params_trigger_ui.py took 0.229 seconds
[2026-06-29T22:09:53.887+0000] {processor.py:186} INFO - Started process (PID=281) to work on /home/airflow/.local/lib/python3.12/site-packages/airflow/example_dags/example_params_trigger_ui.py
[2026-06-29T22:09:53.893+0000] {processor.py:914} INFO - Processing file /home/airflow/.local/lib/python3.12/site-packages/airflow/example_dags/example_params_trigger_ui.py for tasks to queue
[2026-06-29T22:09:53.908+0000] {logging_mixin.py:190} INFO - [2026-06-29T22:09:53.907+0000] {dagbag.py:588} INFO - Filling up the DagBag from /home/airflow/.local/lib/python3.12/site-packages/airflow/example_dags/example_params_trigger_ui.py
[2026-06-29T22:09:53.950+0000] {processor.py:925} INFO - DAG(s) 'example_params_trigger_ui' retrieved from /home/airflow/.local/lib/python3.12/site-packages/airflow/example_dags/example_params_trigger_ui.py
[2026-06-29T22:09:54.171+0000] {logging_mixin.py:190} INFO - [2026-06-29T22:09:54.170+0000] {dag.py:3239} INFO - Sync 1 DAGs
[2026-06-29T22:09:54.202+0000] {logging_mixin.py:190} INFO - [2026-06-29T22:09:54.201+0000] {dag.py:4180} INFO - Setting next_dagrun for example_params_trigger_ui to None, run_after=None
[2026-06-29T22:09:54.243+0000] {processor.py:208} INFO - Processing /home/airflow/.local/lib/python3.12/site-packages/airflow/example_dags/example_params_trigger_ui.py took 0.375 seconds
[2026-06-29T22:10:24.940+0000] {processor.py:186} INFO - Started process (PID=346) to work on /home/airflow/.local/lib/python3.12/site-packages/airflow/example_dags/example_params_trigger_ui.py
[2026-06-29T22:10:24.942+0000] {processor.py:914} INFO - Processing file /home/airflow/.local/lib/python3.12/site-packages/airflow/example_dags/example_params_trigger_ui.py for tasks to queue
[2026-06-29T22:10:24.946+0000] {logging_mixin.py:190} INFO - [2026-06-29T22:10:24.945+0000] {dagbag.py:588} INFO - Filling up the DagBag from /home/airflow/.local/lib/python3.12/site-packages/airflow/example_dags/example_params_trigger_ui.py
[2026-06-29T22:10:24.959+0000] {processor.py:925} INFO - DAG(s) 'example_params_trigger_ui' retrieved from /home/airflow/.local/lib/python3.12/site-packages/airflow/example_dags/example_params_trigger_ui.py
[2026-06-29T22:10:25.025+0000] {logging_mixin.py:190} INFO - [2026-06-29T22:10:25.024+0000] {dag.py:3239} INFO - Sync 1 DAGs
[2026-06-29T22:10:25.040+0000] {logging_mixin.py:190} INFO - [2026-06-29T22:10:25.040+0000] {dag.py:4180} INFO - Setting next_dagrun for example_params_trigger_ui to None, run_after=None
[2026-06-29T22:10:25.067+0000] {processor.py:208} INFO - Processing /home/airflow/.local/lib/python3.12/site-packages/airflow/example_dags/example_params_trigger_ui.py took 0.135 seconds
[2026-06-29T22:10:55.238+0000] {processor.py:186} INFO - Started process (PID=410) to work on /home/airflow/.local/lib/python3.12/site-packages/airflow/example_dags/example_params_trigger_ui.py
[2026-06-29T22:10:55.240+0000] {processor.py:914} INFO - Processing file /home/airflow/.local/lib/python3.12/site-packages/airflow/example_dags/example_params_trigger_ui.py for tasks to queue
[2026-06-29T22:10:55.244+0000] {logging_mixin.py:190} INFO - [2026-06-29T22:10:55.244+0000] {dagbag.py:588} INFO - Filling up the DagBag from /home/airflow/.local/lib/python3.12/site-packages/airflow/example_dags/example_params_trigger_ui.py
[2026-06-29T22:10:55.268+0000] {processor.py:925} INFO - DAG(s) 'example_params_trigger_ui' retrieved from /home/airflow/.local/lib/python3.12/site-packages/airflow/example_dags/example_params_trigger_ui.py
[2026-06-29T22:10:55.337+0000] {logging_mixin.py:190} INFO - [2026-06-29T22:10:55.336+0000] {dag.py:3239} INFO - Sync 1 DAGs
[2026-06-29T22:10:55.363+0000] {logging_mixin.py:190} INFO - [2026-06-29T22:10:55.363+0000] {dag.py:4180} INFO - Setting next_dagrun for example_params_trigger_ui to None, run_after=None
[2026-06-29T22:10:55.404+0000] {processor.py:208} INFO - Processing /home/airflow/.local/lib/python3.12/site-packages/airflow/example_dags/example_params_trigger_ui.py took 0.179 seconds
[2026-06-29T22:11:25.682+0000] {processor.py:186} INFO - Started process (PID=474) to work on /home/airflow/.local/lib/python3.12/site-packages/airflow/example_dags/example_params_trigger_ui.py
[2026-06-29T22:11:25.686+0000] {processor.py:914} INFO - Processing file /home/airflow/.local/lib/python3.12/site-packages/airflow/example_dags/example_params_trigger_ui.py for tasks to queue
[2026-06-29T22:11:25.695+0000] {logging_mixin.py:190} INFO - [2026-06-29T22:11:25.694+0000] {dagbag.py:588} INFO - Filling up the DagBag from /home/airflow/.local/lib/python3.12/site-packages/airflow/example_dags/example_params_trigger_ui.py
[2026-06-29T22:11:25.727+0000] {processor.py:925} INFO - DAG(s) 'example_params_trigger_ui' retrieved from /home/airflow/.local/lib/python3.12/site-packages/airflow/example_dags/example_params_trigger_ui.py
[2026-06-29T22:11:25.817+0000] {logging_mixin.py:190} INFO - [2026-06-29T22:11:25.816+0000] {dag.py:3239} INFO - Sync 1 DAGs
[2026-06-29T22:11:25.846+0000] {logging_mixin.py:190} INFO - [2026-06-29T22:11:25.846+0000] {dag.py:4180} INFO - Setting next_dagrun for example_params_trigger_ui to None, run_after=None
[2026-06-29T22:11:25.897+0000] {processor.py:208} INFO - Processing /home/airflow/.local/lib/python3.12/site-packages/airflow/example_dags/example_params_trigger_ui.py took 0.230 seconds
[2026-06-29T22:11:57.190+0000] {processor.py:186} INFO - Started process (PID=538) to work on /home/airflow/.local/lib/python3.12/site-packages/airflow/example_dags/example_params_trigger_ui.py
[2026-06-29T22:11:57.192+0000] {processor.py:914} INFO - Processing file /home/airflow/.local/lib/python3.12/site-packages/airflow/example_dags/example_params_trigger_ui.py for tasks to queue
[2026-06-29T22:11:57.196+0000] {logging_mixin.py:190} INFO - [2026-06-29T22:11:57.196+0000] {dagbag.py:588} INFO - Filling up the DagBag from /home/airflow/.local/lib/python3.12/site-packages/airflow/example_dags/example_params_trigger_ui.py
[2026-06-29T22:11:57.215+0000] {processor.py:925} INFO - DAG(s) 'example_params_trigger_ui' retrieved from /home/airflow/.local/lib/python3.12/site-packages/airflow/example_dags/example_params_trigger_ui.py
[2026-06-29T22:11:57.274+0000] {logging_mixin.py:190} INFO - [2026-06-29T22:11:57.274+0000] {dag.py:3239} INFO - Sync 1 DAGs
[2026-06-29T22:11:57.293+0000] {logging_mixin.py:190} INFO - [2026-06-29T22:11:57.293+0000] {dag.py:4180} INFO - Setting next_dagrun for example_params_trigger_ui to None, run_after=None
[2026-06-29T22:11:57.324+0000] {processor.py:208} INFO - Processing /home/airflow/.local/lib/python3.12/site-packages/airflow/example_dags/example_params_trigger_ui.py took 0.145 seconds
[2026-06-29T22:12:32.880+0000] {processor.py:186} INFO - Started process (PID=600) to work on /home/airflow/.local/lib/python3.12/site-packages/airflow/example_dags/example_params_trigger_ui.py
[2026-06-29T22:12:32.888+0000] {processor.py:914} INFO - Processing file /home/airflow/.local/lib/python3.12/site-packages/airflow/example_dags/example_params_trigger_ui.py for tasks to queue
[2026-06-29T22:12:32.939+0000] {logging_mixin.py:190} INFO - [2026-06-29T22:12:32.934+0000] {dagbag.py:588} INFO - Filling up the DagBag from /home/airflow/.local/lib/python3.12/site-packages/airflow/example_dags/example_params_trigger_ui.py
[2026-06-29T22:12:33.046+0000] {processor.py:925} INFO - DAG(s) 'example_params_trigger_ui' retrieved from /home/airflow/.local/lib/python3.12/site-packages/airflow/example_dags/example_params_trigger_ui.py
[2026-06-29T22:12:33.193+0000] {logging_mixin.py:190} INFO - [2026-06-29T22:12:33.193+0000] {dag.py:3239} INFO - Sync 1 DAGs
[2026-06-29T22:12:33.252+0000] {logging_mixin.py:190} INFO - [2026-06-29T22:12:33.251+0000] {dag.py:4180} INFO - Setting next_dagrun for example_params_trigger_ui to None, run_after=None
[2026-06-29T22:12:33.357+0000] {processor.py:208} INFO - Processing /home/airflow/.local/lib/python3.12/site-packages/airflow/example_dags/example_params_trigger_ui.py took 0.525 seconds
[2026-06-29T22:13:04.058+0000] {processor.py:186} INFO - Started process (PID=664) to work on /home/airflow/.local/lib/python3.12/site-packages/airflow/example_dags/example_params_trigger_ui.py
[2026-06-29T22:13:04.060+0000] {processor.py:914} INFO - Processing file /home/airflow/.local/lib/python3.12/site-packages/airflow/example_dags/example_params_trigger_ui.py for tasks to queue
[2026-06-29T22:13:04.063+0000] {logging_mixin.py:190} INFO - [2026-06-29T22:13:04.062+0000] {dagbag.py:588} INFO - Filling up the DagBag from /home/airflow/.local/lib/python3.12/site-packages/airflow/example_dags/example_params_trigger_ui.py
[2026-06-29T22:13:04.078+0000] {processor.py:925} INFO - DAG(s) 'example_params_trigger_ui' retrieved from /home/airflow/.local/lib/python3.12/site-packages/airflow/example_dags/example_params_trigger_ui.py
[2026-06-29T22:13:04.123+0000] {logging_mixin.py:190} INFO - [2026-06-29T22:13:04.123+0000] {dag.py:3239} INFO - Sync 1 DAGs
[2026-06-29T22:13:04.139+0000] {logging_mixin.py:190} INFO - [2026-06-29T22:13:04.139+0000] {dag.py:4180} INFO - Setting next_dagrun for example_params_trigger_ui to None, run_after=None
[2026-06-29T22:13:04.163+0000] {processor.py:208} INFO - Processing /home/airflow/.local/lib/python3.12/site-packages/airflow/example_dags/example_params_trigger_ui.py took 0.112 seconds
[2026-06-29T22:13:35.412+0000] {processor.py:186} INFO - Started process (PID=728) to work on /home/airflow/.local/lib/python3.12/site-packages/airflow/example_dags/example_params_trigger_ui.py
[2026-06-29T22:13:35.425+0000] {processor.py:914} INFO - Processing file /home/airflow/.local/lib/python3.12/site-packages/airflow/example_dags/example_params_trigger_ui.py for tasks to queue
[2026-06-29T22:13:35.431+0000] {logging_mixin.py:190} INFO - [2026-06-29T22:13:35.430+0000] {dagbag.py:588} INFO - Filling up the DagBag from /home/airflow/.local/lib/python3.12/site-packages/airflow/example_dags/example_params_trigger_ui.py
[2026-06-29T22:13:35.476+0000] {processor.py:925} INFO - DAG(s) 'example_params_trigger_ui' retrieved from /home/airflow/.local/lib/python3.12/site-packages/airflow/example_dags/example_params_trigger_ui.py
[2026-06-29T22:13:35.660+0000] {logging_mixin.py:190} INFO - [2026-06-29T22:13:35.659+0000] {dag.py:3239} INFO - Sync 1 DAGs
[2026-06-29T22:13:35.700+0000] {logging_mixin.py:190} INFO - [2026-06-29T22:13:35.700+0000] {dag.py:4180} INFO - Setting next_dagrun for example_params_trigger_ui to None, run_after=None
[2026-06-29T22:13:35.791+0000] {processor.py:208} INFO - Processing /home/airflow/.local/lib/python3.12/site-packages/airflow/example_dags/example_params_trigger_ui.py took 0.397 seconds
[2026-06-29T22:14:06.133+0000] {processor.py:186} INFO - Started process (PID=793) to work on /home/airflow/.local/lib/python3.12/site-packages/airflow/example_dags/example_params_trigger_ui.py
[2026-06-29T22:14:06.135+0000] {processor.py:914} INFO - Processing file /home/airflow/.local/lib/python3.12/site-packages/airflow/example_dags/example_params_trigger_ui.py for tasks to queue
[2026-06-29T22:14:06.139+0000] {logging_mixin.py:190} INFO - [2026-06-29T22:14:06.138+0000] {dagbag.py:588} INFO - Filling up the DagBag from /home/airflow/.local/lib/python3.12/site-packages/airflow/example_dags/example_params_trigger_ui.py
[2026-06-29T22:14:06.160+0000] {processor.py:925} INFO - DAG(s) 'example_params_trigger_ui' retrieved from /home/airflow/.local/lib/python3.12/site-packages/airflow/example_dags/example_params_trigger_ui.py
[2026-06-29T22:14:06.240+0000] {logging_mixin.py:190} INFO - [2026-06-29T22:14:06.240+0000] {dag.py:3239} INFO - Sync 1 DAGs
[2026-06-29T22:14:06.268+0000] {logging_mixin.py:190} INFO - [2026-06-29T22:14:06.268+0000] {dag.py:4180} INFO - Setting next_dagrun for example_params_trigger_ui to None, run_after=None
[2026-06-29T22:14:06.321+0000] {processor.py:208} INFO - Processing /home/airflow/.local/lib/python3.12/site-packages/airflow/example_dags/example_params_trigger_ui.py took 0.199 seconds
[2026-06-29T22:14:38.005+0000] {processor.py:186} INFO - Started process (PID=863) to work on /home/airflow/.local/lib/python3.12/site-packages/airflow/example_dags/example_params_trigger_ui.py
[2026-06-29T22:14:38.008+0000] {processor.py:914} INFO - Processing file /home/airflow/.local/lib/python3.12/site-packages/airflow/example_dags/example_params_trigger_ui.py for tasks to queue
[2026-06-29T22:14:38.025+0000] {logging_mixin.py:190} INFO - [2026-06-29T22:14:38.024+0000] {dagbag.py:588} INFO - Filling up the DagBag from /home/airflow/.local/lib/python3.12/site-packages/airflow/example_dags/example_params_trigger_ui.py
[2026-06-29T22:14:38.055+0000] {processor.py:925} INFO - DAG(s) 'example_params_trigger_ui' retrieved from /home/airflow/.local/lib/python3.12/site-packages/airflow/example_dags/example_params_trigger_ui.py
[2026-06-29T22:14:38.159+0000] {logging_mixin.py:190} INFO - [2026-06-29T22:14:38.158+0000] {dag.py:3239} INFO - Sync 1 DAGs
[2026-06-29T22:14:38.210+0000] {logging_mixin.py:190} INFO - [2026-06-29T22:14:38.209+0000] {dag.py:4180} INFO - Setting next_dagrun for example_params_trigger_ui to None, run_after=None
[2026-06-29T22:14:38.272+0000] {processor.py:208} INFO - Processing /home/airflow/.local/lib/python3.12/site-packages/airflow/example_dags/example_params_trigger_ui.py took 0.284 seconds
[2026-06-29T22:15:09.080+0000] {processor.py:186} INFO - Started process (PID=926) to work on /home/airflow/.local/lib/python3.12/site-packages/airflow/example_dags/example_params_trigger_ui.py
[2026-06-29T22:15:09.081+0000] {processor.py:914} INFO - Processing file /home/airflow/.local/lib/python3.12/site-packages/airflow/example_dags/example_params_trigger_ui.py for tasks to queue
[2026-06-29T22:15:09.084+0000] {logging_mixin.py:190} INFO - [2026-06-29T22:15:09.084+0000] {dagbag.py:588} INFO - Filling up the DagBag from /home/airflow/.local/lib/python3.12/site-packages/airflow/example_dags/example_params_trigger_ui.py
[2026-06-29T22:15:09.098+0000] {processor.py:925} INFO - DAG(s) 'example_params_trigger_ui' retrieved from /home/airflow/.local/lib/python3.12/site-packages/airflow/example_dags/example_params_trigger_ui.py
[2026-06-29T22:15:09.143+0000] {logging_mixin.py:190} INFO - [2026-06-29T22:15:09.143+0000] {dag.py:3239} INFO - Sync 1 DAGs
[2026-06-29T22:15:09.159+0000] {logging_mixin.py:190} INFO - [2026-06-29T22:15:09.159+0000] {dag.py:4180} INFO - Setting next_dagrun for example_params_trigger_ui to None, run_after=None
[2026-06-29T22:15:09.183+0000] {processor.py:208} INFO - Processing /home/airflow/.local/lib/python3.12/site-packages/airflow/example_dags/example_params_trigger_ui.py took 0.112 seconds
[2026-06-29T22:15:39.565+0000] {processor.py:186} INFO - Started process (PID=990) to work on /home/airflow/.local/lib/python3.12/site-packages/airflow/example_dags/example_params_trigger_ui.py
[2026-06-29T22:15:39.567+0000] {processor.py:914} INFO - Processing file /home/airflow/.local/lib/python3.12/site-packages/airflow/example_dags/example_params_trigger_ui.py for tasks to queue
[2026-06-29T22:15:39.570+0000] {logging_mixin.py:190} INFO - [2026-06-29T22:15:39.570+0000] {dagbag.py:588} INFO - Filling up the DagBag from /home/airflow/.local/lib/python3.12/site-packages/airflow/example_dags/example_params_trigger_ui.py
[2026-06-29T22:15:39.583+0000] {processor.py:925} INFO - DAG(s) 'example_params_trigger_ui' retrieved from /home/airflow/.local/lib/python3.12/site-packages/airflow/example_dags/example_params_trigger_ui.py
[2026-06-29T22:15:39.627+0000] {logging_mixin.py:190} INFO - [2026-06-29T22:15:39.627+0000] {dag.py:3239} INFO - Sync 1 DAGs
[2026-06-29T22:15:39.644+0000] {logging_mixin.py:190} INFO - [2026-06-29T22:15:39.644+0000] {dag.py:4180} INFO - Setting next_dagrun for example_params_trigger_ui to None, run_after=None
[2026-06-29T22:15:39.668+0000] {processor.py:208} INFO - Processing /home/airflow/.local/lib/python3.12/site-packages/airflow/example_dags/example_params_trigger_ui.py took 0.113 seconds
[2026-06-29T22:16:09.777+0000] {processor.py:186} INFO - Started process (PID=1053) to work on /home/airflow/.local/lib/python3.12/site-packages/airflow/example_dags/example_params_trigger_ui.py
[2026-06-29T22:16:09.779+0000] {processor.py:914} INFO - Processing file /home/airflow/.local/lib/python3.12/site-packages/airflow/example_dags/example_params_trigger_ui.py for tasks to queue
[2026-06-29T22:16:09.782+0000] {logging_mixin.py:190} INFO - [2026-06-29T22:16:09.782+0000] {dagbag.py:588} INFO - Filling up the DagBag from /home/airflow/.local/lib/python3.12/site-packages/airflow/example_dags/example_params_trigger_ui.py
[2026-06-29T22:16:09.797+0000] {processor.py:925} INFO - DAG(s) 'example_params_trigger_ui' retrieved from /home/airflow/.local/lib/python3.12/site-packages/airflow/example_dags/example_params_trigger_ui.py
[2026-06-29T22:16:09.849+0000] {logging_mixin.py:190} INFO - [2026-06-29T22:16:09.849+0000] {dag.py:3239} INFO - Sync 1 DAGs
[2026-06-29T22:16:09.865+0000] {logging_mixin.py:190} INFO - [2026-06-29T22:16:09.865+0000] {dag.py:4180} INFO - Setting next_dagrun for example_params_trigger_ui to None, run_after=None
[2026-06-29T22:16:09.890+0000] {processor.py:208} INFO - Processing /home/airflow/.local/lib/python3.12/site-packages/airflow/example_dags/example_params_trigger_ui.py took 0.122 seconds
[2026-06-29T22:16:41.159+0000] {processor.py:186} INFO - Started process (PID=1117) to work on /home/airflow/.local/lib/python3.12/site-packages/airflow/example_dags/example_params_trigger_ui.py
[2026-06-29T22:16:41.167+0000] {processor.py:914} INFO - Processing file /home/airflow/.local/lib/python3.12/site-packages/airflow/example_dags/example_params_trigger_ui.py for tasks to queue
[2026-06-29T22:16:41.185+0000] {logging_mixin.py:190} INFO - [2026-06-29T22:16:41.183+0000] {dagbag.py:588} INFO - Filling up the DagBag from /home/airflow/.local/lib/python3.12/site-packages/airflow/example_dags/example_params_trigger_ui.py
[2026-06-29T22:16:41.246+0000] {processor.py:925} INFO - DAG(s) 'example_params_trigger_ui' retrieved from /home/airflow/.local/lib/python3.12/site-packages/airflow/example_dags/example_params_trigger_ui.py
[2026-06-29T22:16:41.470+0000] {logging_mixin.py:190} INFO - [2026-06-29T22:16:41.468+0000] {dag.py:3239} INFO - Sync 1 DAGs
[2026-06-29T22:16:41.521+0000] {logging_mixin.py:190} INFO - [2026-06-29T22:16:41.521+0000] {dag.py:4180} INFO - Setting next_dagrun for example_params_trigger_ui to None, run_after=None
[2026-06-29T22:16:41.608+0000] {processor.py:208} INFO - Processing /home/airflow/.local/lib/python3.12/site-packages/airflow/example_dags/example_params_trigger_ui.py took 0.470 seconds
[2026-06-29T22:17:12.471+0000] {processor.py:186} INFO - Started process (PID=1181) to work on /home/airflow/.local/lib/python3.12/site-packages/airflow/example_dags/example_params_trigger_ui.py
[2026-06-29T22:17:12.475+0000] {processor.py:914} INFO - Processing file /home/airflow/.local/lib/python3.12/site-packages/airflow/example_dags/example_params_trigger_ui.py for tasks to queue
[2026-06-29T22:17:12.480+0000] {logging_mixin.py:190} INFO - [2026-06-29T22:17:12.479+0000] {dagbag.py:588} INFO - Filling up the DagBag from /home/airflow/.local/lib/python3.12/site-packages/airflow/example_dags/example_params_trigger_ui.py
[2026-06-29T22:17:12.519+0000] {processor.py:925} INFO - DAG(s) 'example_params_trigger_ui' retrieved from /home/airflow/.local/lib/python3.12/site-packages/airflow/example_dags/example_params_trigger_ui.py
[2026-06-29T22:17:12.683+0000] {logging_mixin.py:190} INFO - [2026-06-29T22:17:12.682+0000] {dag.py:3239} INFO - Sync 1 DAGs
[2026-06-29T22:17:12.754+0000] {logging_mixin.py:190} INFO - [2026-06-29T22:17:12.754+0000] {dag.py:4180} INFO - Setting next_dagrun for example_params_trigger_ui to None, run_after=None
[2026-06-29T22:17:12.811+0000] {processor.py:208} INFO - Processing /home/airflow/.local/lib/python3.12/site-packages/airflow/example_dags/example_params_trigger_ui.py took 0.357 seconds
[2026-06-29T22:17:43.070+0000] {processor.py:186} INFO - Started process (PID=1245) to work on /home/airflow/.local/lib/python3.12/site-packages/airflow/example_dags/example_params_trigger_ui.py
[2026-06-29T22:17:43.073+0000] {processor.py:914} INFO - Processing file /home/airflow/.local/lib/python3.12/site-packages/airflow/example_dags/example_params_trigger_ui.py for tasks to queue
[2026-06-29T22:17:43.079+0000] {logging_mixin.py:190} INFO - [2026-06-29T22:17:43.079+0000] {dagbag.py:588} INFO - Filling up the DagBag from /home/airflow/.local/lib/python3.12/site-packages/airflow/example_dags/example_params_trigger_ui.py
[2026-06-29T22:17:43.102+0000] {processor.py:925} INFO - DAG(s) 'example_params_trigger_ui' retrieved from /home/airflow/.local/lib/python3.12/site-packages/airflow/example_dags/example_params_trigger_ui.py
[2026-06-29T22:17:43.187+0000] {logging_mixin.py:190} INFO - [2026-06-29T22:17:43.186+0000] {dag.py:3239} INFO - Sync 1 DAGs
[2026-06-29T22:17:43.224+0000] {logging_mixin.py:190} INFO - [2026-06-29T22:17:43.224+0000] {dag.py:4180} INFO - Setting next_dagrun for example_params_trigger_ui to None, run_after=None
[2026-06-29T22:17:43.266+0000] {processor.py:208} INFO - Processing /home/airflow/.local/lib/python3.12/site-packages/airflow/example_dags/example_params_trigger_ui.py took 0.206 seconds
[2026-06-29T22:18:13.977+0000] {processor.py:186} INFO - Started process (PID=1309) to work on /home/airflow/.local/lib/python3.12/site-packages/airflow/example_dags/example_params_trigger_ui.py
[2026-06-29T22:18:13.979+0000] {processor.py:914} INFO - Processing file /home/airflow/.local/lib/python3.12/site-packages/airflow/example_dags/example_params_trigger_ui.py for tasks to queue
[2026-06-29T22:18:13.984+0000] {logging_mixin.py:190} INFO - [2026-06-29T22:18:13.983+0000] {dagbag.py:588} INFO - Filling up the DagBag from /home/airflow/.local/lib/python3.12/site-packages/airflow/example_dags/example_params_trigger_ui.py
[2026-06-29T22:18:14.003+0000] {processor.py:925} INFO - DAG(s) 'example_params_trigger_ui' retrieved from /home/airflow/.local/lib/python3.12/site-packages/airflow/example_dags/example_params_trigger_ui.py
[2026-06-29T22:18:14.064+0000] {logging_mixin.py:190} INFO - [2026-06-29T22:18:14.063+0000] {dag.py:3239} INFO - Sync 1 DAGs
[2026-06-29T22:18:14.083+0000] {logging_mixin.py:190} INFO - [2026-06-29T22:18:14.083+0000] {dag.py:4180} INFO - Setting next_dagrun for example_params_trigger_ui to None, run_after=None
[2026-06-29T22:18:14.114+0000] {processor.py:208} INFO - Processing /home/airflow/.local/lib/python3.12/site-packages/airflow/example_dags/example_params_trigger_ui.py took 0.145 seconds
[2026-06-29T22:18:44.556+0000] {processor.py:186} INFO - Started process (PID=1374) to work on /home/airflow/.local/lib/python3.12/site-packages/airflow/example_dags/example_params_trigger_ui.py
[2026-06-29T22:18:44.558+0000] {processor.py:914} INFO - Processing file /home/airflow/.local/lib/python3.12/site-packages/airflow/example_dags/example_params_trigger_ui.py for tasks to queue
[2026-06-29T22:18:44.563+0000] {logging_mixin.py:190} INFO - [2026-06-29T22:18:44.563+0000] {dagbag.py:588} INFO - Filling up the DagBag from /home/airflow/.local/lib/python3.12/site-packages/airflow/example_dags/example_params_trigger_ui.py
[2026-06-29T22:18:44.586+0000] {processor.py:925} INFO - DAG(s) 'example_params_trigger_ui' retrieved from /home/airflow/.local/lib/python3.12/site-packages/airflow/example_dags/example_params_trigger_ui.py
[2026-06-29T22:18:44.649+0000] {logging_mixin.py:190} INFO - [2026-06-29T22:18:44.648+0000] {dag.py:3239} INFO - Sync 1 DAGs
[2026-06-29T22:18:44.678+0000] {logging_mixin.py:190} INFO - [2026-06-29T22:18:44.678+0000] {dag.py:4180} INFO - Setting next_dagrun for example_params_trigger_ui to None, run_after=None
[2026-06-29T22:18:44.708+0000] {processor.py:208} INFO - Processing /home/airflow/.local/lib/python3.12/site-packages/airflow/example_dags/example_params_trigger_ui.py took 0.169 seconds
[2026-06-29T22:19:15.076+0000] {processor.py:186} INFO - Started process (PID=1437) to work on /home/airflow/.local/lib/python3.12/site-packages/airflow/example_dags/example_params_trigger_ui.py
[2026-06-29T22:19:15.078+0000] {processor.py:914} INFO - Processing file /home/airflow/.local/lib/python3.12/site-packages/airflow/example_dags/example_params_trigger_ui.py for tasks to queue
[2026-06-29T22:19:15.081+0000] {logging_mixin.py:190} INFO - [2026-06-29T22:19:15.080+0000] {dagbag.py:588} INFO - Filling up the DagBag from /home/airflow/.local/lib/python3.12/site-packages/airflow/example_dags/example_params_trigger_ui.py
[2026-06-29T22:19:15.097+0000] {processor.py:925} INFO - DAG(s) 'example_params_trigger_ui' retrieved from /home/airflow/.local/lib/python3.12/site-packages/airflow/example_dags/example_params_trigger_ui.py
[2026-06-29T22:19:15.138+0000] {logging_mixin.py:190} INFO - [2026-06-29T22:19:15.137+0000] {dag.py:3239} INFO - Sync 1 DAGs
[2026-06-29T22:19:15.154+0000] {logging_mixin.py:190} INFO - [2026-06-29T22:19:15.154+0000] {dag.py:4180} INFO - Setting next_dagrun for example_params_trigger_ui to None, run_after=None
[2026-06-29T22:19:15.175+0000] {processor.py:208} INFO - Processing /home/airflow/.local/lib/python3.12/site-packages/airflow/example_dags/example_params_trigger_ui.py took 0.106 seconds
[2026-06-29T22:19:45.315+0000] {processor.py:186} INFO - Started process (PID=1501) to work on /home/airflow/.local/lib/python3.12/site-packages/airflow/example_dags/example_params_trigger_ui.py
[2026-06-29T22:19:45.317+0000] {processor.py:914} INFO - Processing file /home/airflow/.local/lib/python3.12/site-packages/airflow/example_dags/example_params_trigger_ui.py for tasks to queue
[2026-06-29T22:19:45.322+0000] {logging_mixin.py:190} INFO - [2026-06-29T22:19:45.321+0000] {dagbag.py:588} INFO - Filling up the DagBag from /home/airflow/.local/lib/python3.12/site-packages/airflow/example_dags/example_params_trigger_ui.py
[2026-06-29T22:19:45.338+0000] {processor.py:925} INFO - DAG(s) 'example_params_trigger_ui' retrieved from /home/airflow/.local/lib/python3.12/site-packages/airflow/example_dags/example_params_trigger_ui.py
[2026-06-29T22:19:45.390+0000] {logging_mixin.py:190} INFO - [2026-06-29T22:19:45.390+0000] {dag.py:3239} INFO - Sync 1 DAGs
[2026-06-29T22:19:45.410+0000] {logging_mixin.py:190} INFO - [2026-06-29T22:19:45.410+0000] {dag.py:4180} INFO - Setting next_dagrun for example_params_trigger_ui to None, run_after=None
[2026-06-29T22:19:45.444+0000] {processor.py:208} INFO - Processing /home/airflow/.local/lib/python3.12/site-packages/airflow/example_dags/example_params_trigger_ui.py took 0.137 seconds
[2026-06-29T22:20:16.990+0000] {processor.py:186} INFO - Started process (PID=1561) to work on /home/airflow/.local/lib/python3.12/site-packages/airflow/example_dags/example_params_trigger_ui.py
[2026-06-29T22:20:16.993+0000] {processor.py:914} INFO - Processing file /home/airflow/.local/lib/python3.12/site-packages/airflow/example_dags/example_params_trigger_ui.py for tasks to queue
[2026-06-29T22:20:17.002+0000] {logging_mixin.py:190} INFO - [2026-06-29T22:20:17.001+0000] {dagbag.py:588} INFO - Filling up the DagBag from /home/airflow/.local/lib/python3.12/site-packages/airflow/example_dags/example_params_trigger_ui.py
[2026-06-29T22:20:17.032+0000] {processor.py:925} INFO - DAG(s) 'example_params_trigger_ui' retrieved from /home/airflow/.local/lib/python3.12/site-packages/airflow/example_dags/example_params_trigger_ui.py
[2026-06-29T22:20:17.158+0000] {logging_mixin.py:190} INFO - [2026-06-29T22:20:17.157+0000] {dag.py:3239} INFO - Sync 1 DAGs
[2026-06-29T22:20:17.203+0000] {logging_mixin.py:190} INFO - [2026-06-29T22:20:17.203+0000] {dag.py:4180} INFO - Setting next_dagrun for example_params_trigger_ui to None, run_after=None
[2026-06-29T22:20:17.262+0000] {processor.py:208} INFO - Processing /home/airflow/.local/lib/python3.12/site-packages/airflow/example_dags/example_params_trigger_ui.py took 0.283 seconds
[2026-06-29T22:20:49.704+0000] {processor.py:186} INFO - Started process (PID=1622) to work on /home/airflow/.local/lib/python3.12/site-packages/airflow/example_dags/example_params_trigger_ui.py
[2026-06-29T22:20:49.707+0000] {processor.py:914} INFO - Processing file /home/airflow/.local/lib/python3.12/site-packages/airflow/example_dags/example_params_trigger_ui.py for tasks to queue
[2026-06-29T22:20:49.711+0000] {logging_mixin.py:190} INFO - [2026-06-29T22:20:49.710+0000] {dagbag.py:588} INFO - Filling up the DagBag from /home/airflow/.local/lib/python3.12/site-packages/airflow/example_dags/example_params_trigger_ui.py
[2026-06-29T22:20:49.735+0000] {processor.py:925} INFO - DAG(s) 'example_params_trigger_ui' retrieved from /home/airflow/.local/lib/python3.12/site-packages/airflow/example_dags/example_params_trigger_ui.py
[2026-06-29T22:20:49.859+0000] {logging_mixin.py:190} INFO - [2026-06-29T22:20:49.858+0000] {dag.py:3239} INFO - Sync 1 DAGs
[2026-06-29T22:20:49.923+0000] {logging_mixin.py:190} INFO - [2026-06-29T22:20:49.923+0000] {dag.py:4180} INFO - Setting next_dagrun for example_params_trigger_ui to None, run_after=None
[2026-06-29T22:20:49.981+0000] {processor.py:208} INFO - Processing /home/airflow/.local/lib/python3.12/site-packages/airflow/example_dags/example_params_trigger_ui.py took 0.291 seconds
[2026-06-29T22:21:21.642+0000] {processor.py:186} INFO - Started process (PID=1686) to work on /home/airflow/.local/lib/python3.12/site-packages/airflow/example_dags/example_params_trigger_ui.py
[2026-06-29T22:21:21.649+0000] {processor.py:914} INFO - Processing file /home/airflow/.local/lib/python3.12/site-packages/airflow/example_dags/example_params_trigger_ui.py for tasks to queue
[2026-06-29T22:21:21.659+0000] {logging_mixin.py:190} INFO - [2026-06-29T22:21:21.657+0000] {dagbag.py:588} INFO - Filling up the DagBag from /home/airflow/.local/lib/python3.12/site-packages/airflow/example_dags/example_params_trigger_ui.py
[2026-06-29T22:21:21.693+0000] {processor.py:925} INFO - DAG(s) 'example_params_trigger_ui' retrieved from /home/airflow/.local/lib/python3.12/site-packages/airflow/example_dags/example_params_trigger_ui.py
[2026-06-29T22:21:21.816+0000] {logging_mixin.py:190} INFO - [2026-06-29T22:21:21.815+0000] {dag.py:3239} INFO - Sync 1 DAGs
[2026-06-29T22:21:21.858+0000] {logging_mixin.py:190} INFO - [2026-06-29T22:21:21.858+0000] {dag.py:4180} INFO - Setting next_dagrun for example_params_trigger_ui to None, run_after=None
[2026-06-29T22:21:21.915+0000] {processor.py:208} INFO - Processing /home/airflow/.local/lib/python3.12/site-packages/airflow/example_dags/example_params_trigger_ui.py took 0.301 seconds
[2026-06-29T22:21:52.308+0000] {processor.py:186} INFO - Started process (PID=1749) to work on /home/airflow/.local/lib/python3.12/site-packages/airflow/example_dags/example_params_trigger_ui.py
[2026-06-29T22:21:52.310+0000] {processor.py:914} INFO - Processing file /home/airflow/.local/lib/python3.12/site-packages/airflow/example_dags/example_params_trigger_ui.py for tasks to queue
[2026-06-29T22:21:52.314+0000] {logging_mixin.py:190} INFO - [2026-06-29T22:21:52.313+0000] {dagbag.py:588} INFO - Filling up the DagBag from /home/airflow/.local/lib/python3.12/site-packages/airflow/example_dags/example_params_trigger_ui.py
[2026-06-29T22:21:52.330+0000] {processor.py:925} INFO - DAG(s) 'example_params_trigger_ui' retrieved from /home/airflow/.local/lib/python3.12/site-packages/airflow/example_dags/example_params_trigger_ui.py
[2026-06-29T22:21:52.371+0000] {logging_mixin.py:190} INFO - [2026-06-29T22:21:52.371+0000] {dag.py:3239} INFO - Sync 1 DAGs
[2026-06-29T22:21:52.386+0000] {logging_mixin.py:190} INFO - [2026-06-29T22:21:52.386+0000] {dag.py:4180} INFO - Setting next_dagrun for example_params_trigger_ui to None, run_after=None
[2026-06-29T22:21:52.407+0000] {processor.py:208} INFO - Processing /home/airflow/.local/lib/python3.12/site-packages/airflow/example_dags/example_params_trigger_ui.py took 0.108 seconds
[2026-06-29T22:22:23.395+0000] {processor.py:186} INFO - Started process (PID=1813) to work on /home/airflow/.local/lib/python3.12/site-packages/airflow/example_dags/example_params_trigger_ui.py
[2026-06-29T22:22:23.397+0000] {processor.py:914} INFO - Processing file /home/airflow/.local/lib/python3.12/site-packages/airflow/example_dags/example_params_trigger_ui.py for tasks to queue
[2026-06-29T22:22:23.400+0000] {logging_mixin.py:190} INFO - [2026-06-29T22:22:23.399+0000] {dagbag.py:588} INFO - Filling up the DagBag from /home/airflow/.local/lib/python3.12/site-packages/airflow/example_dags/example_params_trigger_ui.py
[2026-06-29T22:22:23.413+0000] {processor.py:925} INFO - DAG(s) 'example_params_trigger_ui' retrieved from /home/airflow/.local/lib/python3.12/site-packages/airflow/example_dags/example_params_trigger_ui.py
[2026-06-29T22:22:23.456+0000] {logging_mixin.py:190} INFO - [2026-06-29T22:22:23.456+0000] {dag.py:3239} INFO - Sync 1 DAGs
[2026-06-29T22:22:23.472+0000] {logging_mixin.py:190} INFO - [2026-06-29T22:22:23.472+0000] {dag.py:4180} INFO - Setting next_dagrun for example_params_trigger_ui to None, run_after=None
[2026-06-29T22:22:23.495+0000] {processor.py:208} INFO - Processing /home/airflow/.local/lib/python3.12/site-packages/airflow/example_dags/example_params_trigger_ui.py took 0.108 seconds
[2026-06-29T22:22:53.633+0000] {processor.py:186} INFO - Started process (PID=1878) to work on /home/airflow/.local/lib/python3.12/site-packages/airflow/example_dags/example_params_trigger_ui.py
[2026-06-29T22:22:53.635+0000] {processor.py:914} INFO - Processing file /home/airflow/.local/lib/python3.12/site-packages/airflow/example_dags/example_params_trigger_ui.py for tasks to queue
[2026-06-29T22:22:53.638+0000] {logging_mixin.py:190} INFO - [2026-06-29T22:22:53.637+0000] {dagbag.py:588} INFO - Filling up the DagBag from /home/airflow/.local/lib/python3.12/site-packages/airflow/example_dags/example_params_trigger_ui.py
[2026-06-29T22:22:53.651+0000] {processor.py:925} INFO - DAG(s) 'example_params_trigger_ui' retrieved from /home/airflow/.local/lib/python3.12/site-packages/airflow/example_dags/example_params_trigger_ui.py
[2026-06-29T22:22:53.694+0000] {logging_mixin.py:190} INFO - [2026-06-29T22:22:53.693+0000] {dag.py:3239} INFO - Sync 1 DAGs
[2026-06-29T22:22:53.710+0000] {logging_mixin.py:190} INFO - [2026-06-29T22:22:53.709+0000] {dag.py:4180} INFO - Setting next_dagrun for example_params_trigger_ui to None, run_after=None
[2026-06-29T22:22:53.731+0000] {processor.py:208} INFO - Processing /home/airflow/.local/lib/python3.12/site-packages/airflow/example_dags/example_params_trigger_ui.py took 0.107 seconds
[2026-06-29T22:23:24.201+0000] {processor.py:186} INFO - Started process (PID=1941) to work on /home/airflow/.local/lib/python3.12/site-packages/airflow/example_dags/example_params_trigger_ui.py
[2026-06-29T22:23:24.203+0000] {processor.py:914} INFO - Processing file /home/airflow/.local/lib/python3.12/site-packages/airflow/example_dags/example_params_trigger_ui.py for tasks to queue
[2026-06-29T22:23:24.208+0000] {logging_mixin.py:190} INFO - [2026-06-29T22:23:24.207+0000] {dagbag.py:588} INFO - Filling up the DagBag from /home/airflow/.local/lib/python3.12/site-packages/airflow/example_dags/example_params_trigger_ui.py
[2026-06-29T22:23:24.221+0000] {processor.py:925} INFO - DAG(s) 'example_params_trigger_ui' retrieved from /home/airflow/.local/lib/python3.12/site-packages/airflow/example_dags/example_params_trigger_ui.py
[2026-06-29T22:23:24.264+0000] {logging_mixin.py:190} INFO - [2026-06-29T22:23:24.264+0000] {dag.py:3239} INFO - Sync 1 DAGs
[2026-06-29T22:23:24.278+0000] {logging_mixin.py:190} INFO - [2026-06-29T22:23:24.278+0000] {dag.py:4180} INFO - Setting next_dagrun for example_params_trigger_ui to None, run_after=None
[2026-06-29T22:23:24.298+0000] {processor.py:208} INFO - Processing /home/airflow/.local/lib/python3.12/site-packages/airflow/example_dags/example_params_trigger_ui.py took 0.104 seconds
[2026-06-29T22:23:55.004+0000] {processor.py:186} INFO - Started process (PID=2005) to work on /home/airflow/.local/lib/python3.12/site-packages/airflow/example_dags/example_params_trigger_ui.py
[2026-06-29T22:23:55.006+0000] {processor.py:914} INFO - Processing file /home/airflow/.local/lib/python3.12/site-packages/airflow/example_dags/example_params_trigger_ui.py for tasks to queue
[2026-06-29T22:23:55.012+0000] {logging_mixin.py:190} INFO - [2026-06-29T22:23:55.011+0000] {dagbag.py:588} INFO - Filling up the DagBag from /home/airflow/.local/lib/python3.12/site-packages/airflow/example_dags/example_params_trigger_ui.py
[2026-06-29T22:23:55.032+0000] {processor.py:925} INFO - DAG(s) 'example_params_trigger_ui' retrieved from /home/airflow/.local/lib/python3.12/site-packages/airflow/example_dags/example_params_trigger_ui.py
[2026-06-29T22:23:55.079+0000] {logging_mixin.py:190} INFO - [2026-06-29T22:23:55.079+0000] {dag.py:3239} INFO - Sync 1 DAGs
[2026-06-29T22:23:55.098+0000] {logging_mixin.py:190} INFO - [2026-06-29T22:23:55.098+0000] {dag.py:4180} INFO - Setting next_dagrun for example_params_trigger_ui to None, run_after=None
[2026-06-29T22:23:55.121+0000] {processor.py:208} INFO - Processing /home/airflow/.local/lib/python3.12/site-packages/airflow/example_dags/example_params_trigger_ui.py took 0.125 seconds
[2026-06-29T22:24:25.342+0000] {processor.py:186} INFO - Started process (PID=2069) to work on /home/airflow/.local/lib/python3.12/site-packages/airflow/example_dags/example_params_trigger_ui.py
[2026-06-29T22:24:25.344+0000] {processor.py:914} INFO - Processing file /home/airflow/.local/lib/python3.12/site-packages/airflow/example_dags/example_params_trigger_ui.py for tasks to queue
[2026-06-29T22:24:25.348+0000] {logging_mixin.py:190} INFO - [2026-06-29T22:24:25.347+0000] {dagbag.py:588} INFO - Filling up the DagBag from /home/airflow/.local/lib/python3.12/site-packages/airflow/example_dags/example_params_trigger_ui.py
[2026-06-29T22:24:25.363+0000] {processor.py:925} INFO - DAG(s) 'example_params_trigger_ui' retrieved from /home/airflow/.local/lib/python3.12/site-packages/airflow/example_dags/example_params_trigger_ui.py
[2026-06-29T22:24:25.407+0000] {logging_mixin.py:190} INFO - [2026-06-29T22:24:25.407+0000] {dag.py:3239} INFO - Sync 1 DAGs
[2026-06-29T22:24:25.422+0000] {logging_mixin.py:190} INFO - [2026-06-29T22:24:25.422+0000] {dag.py:4180} INFO - Setting next_dagrun for example_params_trigger_ui to None, run_after=None
[2026-06-29T22:24:25.442+0000] {processor.py:208} INFO - Processing /home/airflow/.local/lib/python3.12/site-packages/airflow/example_dags/example_params_trigger_ui.py took 0.108 seconds
[2026-06-29T22:24:55.986+0000] {processor.py:186} INFO - Started process (PID=2133) to work on /home/airflow/.local/lib/python3.12/site-packages/airflow/example_dags/example_params_trigger_ui.py
[2026-06-29T22:24:55.988+0000] {processor.py:914} INFO - Processing file /home/airflow/.local/lib/python3.12/site-packages/airflow/example_dags/example_params_trigger_ui.py for tasks to queue
[2026-06-29T22:24:55.992+0000] {logging_mixin.py:190} INFO - [2026-06-29T22:24:55.991+0000] {dagbag.py:588} INFO - Filling up the DagBag from /home/airflow/.local/lib/python3.12/site-packages/airflow/example_dags/example_params_trigger_ui.py
[2026-06-29T22:24:56.005+0000] {processor.py:925} INFO - DAG(s) 'example_params_trigger_ui' retrieved from /home/airflow/.local/lib/python3.12/site-packages/airflow/example_dags/example_params_trigger_ui.py
[2026-06-29T22:24:56.048+0000] {logging_mixin.py:190} INFO - [2026-06-29T22:24:56.048+0000] {dag.py:3239} INFO - Sync 1 DAGs
[2026-06-29T22:24:56.063+0000] {logging_mixin.py:190} INFO - [2026-06-29T22:24:56.062+0000] {dag.py:4180} INFO - Setting next_dagrun for example_params_trigger_ui to None, run_after=None
[2026-06-29T22:24:56.084+0000] {processor.py:208} INFO - Processing /home/airflow/.local/lib/python3.12/site-packages/airflow/example_dags/example_params_trigger_ui.py took 0.107 seconds
[2026-06-29T22:25:26.708+0000] {processor.py:186} INFO - Started process (PID=2197) to work on /home/airflow/.local/lib/python3.12/site-packages/airflow/example_dags/example_params_trigger_ui.py
[2026-06-29T22:25:26.710+0000] {processor.py:914} INFO - Processing file /home/airflow/.local/lib/python3.12/site-packages/airflow/example_dags/example_params_trigger_ui.py for tasks to queue
[2026-06-29T22:25:26.714+0000] {logging_mixin.py:190} INFO - [2026-06-29T22:25:26.713+0000] {dagbag.py:588} INFO - Filling up the DagBag from /home/airflow/.local/lib/python3.12/site-packages/airflow/example_dags/example_params_trigger_ui.py
[2026-06-29T22:25:26.731+0000] {processor.py:925} INFO - DAG(s) 'example_params_trigger_ui' retrieved from /home/airflow/.local/lib/python3.12/site-packages/airflow/example_dags/example_params_trigger_ui.py
[2026-06-29T22:25:26.794+0000] {logging_mixin.py:190} INFO - [2026-06-29T22:25:26.793+0000] {dag.py:3239} INFO - Sync 1 DAGs
[2026-06-29T22:25:26.814+0000] {logging_mixin.py:190} INFO - [2026-06-29T22:25:26.814+0000] {dag.py:4180} INFO - Setting next_dagrun for example_params_trigger_ui to None, run_after=None
[2026-06-29T22:25:26.853+0000] {processor.py:208} INFO - Processing /home/airflow/.local/lib/python3.12/site-packages/airflow/example_dags/example_params_trigger_ui.py took 0.155 seconds
[2026-06-29T22:25:57.228+0000] {processor.py:186} INFO - Started process (PID=2261) to work on /home/airflow/.local/lib/python3.12/site-packages/airflow/example_dags/example_params_trigger_ui.py
[2026-06-29T22:25:57.230+0000] {processor.py:914} INFO - Processing file /home/airflow/.local/lib/python3.12/site-packages/airflow/example_dags/example_params_trigger_ui.py for tasks to queue
[2026-06-29T22:25:57.236+0000] {logging_mixin.py:190} INFO - [2026-06-29T22:25:57.235+0000] {dagbag.py:588} INFO - Filling up the DagBag from /home/airflow/.local/lib/python3.12/site-packages/airflow/example_dags/example_params_trigger_ui.py
[2026-06-29T22:25:57.251+0000] {processor.py:925} INFO - DAG(s) 'example_params_trigger_ui' retrieved from /home/airflow/.local/lib/python3.12/site-packages/airflow/example_dags/example_params_trigger_ui.py
[2026-06-29T22:25:57.300+0000] {logging_mixin.py:190} INFO - [2026-06-29T22:25:57.300+0000] {dag.py:3239} INFO - Sync 1 DAGs
[2026-06-29T22:25:57.317+0000] {logging_mixin.py:190} INFO - [2026-06-29T22:25:57.317+0000] {dag.py:4180} INFO - Setting next_dagrun for example_params_trigger_ui to None, run_after=None
[2026-06-29T22:25:57.342+0000] {processor.py:208} INFO - Processing /home/airflow/.local/lib/python3.12/site-packages/airflow/example_dags/example_params_trigger_ui.py took 0.121 seconds
[2026-06-29T22:26:28.013+0000] {processor.py:186} INFO - Started process (PID=2325) to work on /home/airflow/.local/lib/python3.12/site-packages/airflow/example_dags/example_params_trigger_ui.py
[2026-06-29T22:26:28.015+0000] {processor.py:914} INFO - Processing file /home/airflow/.local/lib/python3.12/site-packages/airflow/example_dags/example_params_trigger_ui.py for tasks to queue
[2026-06-29T22:26:28.018+0000] {logging_mixin.py:190} INFO - [2026-06-29T22:26:28.018+0000] {dagbag.py:588} INFO - Filling up the DagBag from /home/airflow/.local/lib/python3.12/site-packages/airflow/example_dags/example_params_trigger_ui.py
[2026-06-29T22:26:28.034+0000] {processor.py:925} INFO - DAG(s) 'example_params_trigger_ui' retrieved from /home/airflow/.local/lib/python3.12/site-packages/airflow/example_dags/example_params_trigger_ui.py
[2026-06-29T22:26:28.075+0000] {logging_mixin.py:190} INFO - [2026-06-29T22:26:28.075+0000] {dag.py:3239} INFO - Sync 1 DAGs
[2026-06-29T22:26:28.091+0000] {logging_mixin.py:190} INFO - [2026-06-29T22:26:28.090+0000] {dag.py:4180} INFO - Setting next_dagrun for example_params_trigger_ui to None, run_after=None
[2026-06-29T22:26:28.116+0000] {processor.py:208} INFO - Processing /home/airflow/.local/lib/python3.12/site-packages/airflow/example_dags/example_params_trigger_ui.py took 0.113 seconds
[2026-06-29T22:26:58.251+0000] {processor.py:186} INFO - Started process (PID=2389) to work on /home/airflow/.local/lib/python3.12/site-packages/airflow/example_dags/example_params_trigger_ui.py
[2026-06-29T22:26:58.253+0000] {processor.py:914} INFO - Processing file /home/airflow/.local/lib/python3.12/site-packages/airflow/example_dags/example_params_trigger_ui.py for tasks to queue
[2026-06-29T22:26:58.258+0000] {logging_mixin.py:190} INFO - [2026-06-29T22:26:58.258+0000] {dagbag.py:588} INFO - Filling up the DagBag from /home/airflow/.local/lib/python3.12/site-packages/airflow/example_dags/example_params_trigger_ui.py
[2026-06-29T22:26:58.273+0000] {processor.py:925} INFO - DAG(s) 'example_params_trigger_ui' retrieved from /home/airflow/.local/lib/python3.12/site-packages/airflow/example_dags/example_params_trigger_ui.py
[2026-06-29T22:26:58.318+0000] {logging_mixin.py:190} INFO - [2026-06-29T22:26:58.318+0000] {dag.py:3239} INFO - Sync 1 DAGs
[2026-06-29T22:26:58.334+0000] {logging_mixin.py:190} INFO - [2026-06-29T22:26:58.334+0000] {dag.py:4180} INFO - Setting next_dagrun for example_params_trigger_ui to None, run_after=None
[2026-06-29T22:26:58.355+0000] {processor.py:208} INFO - Processing /home/airflow/.local/lib/python3.12/site-packages/airflow/example_dags/example_params_trigger_ui.py took 0.113 seconds
[2026-06-29T22:27:28.463+0000] {processor.py:186} INFO - Started process (PID=2452) to work on /home/airflow/.local/lib/python3.12/site-packages/airflow/example_dags/example_params_trigger_ui.py
[2026-06-29T22:27:28.465+0000] {processor.py:914} INFO - Processing file /home/airflow/.local/lib/python3.12/site-packages/airflow/example_dags/example_params_trigger_ui.py for tasks to queue
[2026-06-29T22:27:28.468+0000] {logging_mixin.py:190} INFO - [2026-06-29T22:27:28.467+0000] {dagbag.py:588} INFO - Filling up the DagBag from /home/airflow/.local/lib/python3.12/site-packages/airflow/example_dags/example_params_trigger_ui.py
[2026-06-29T22:27:28.481+0000] {processor.py:925} INFO - DAG(s) 'example_params_trigger_ui' retrieved from /home/airflow/.local/lib/python3.12/site-packages/airflow/example_dags/example_params_trigger_ui.py
[2026-06-29T22:27:28.524+0000] {logging_mixin.py:190} INFO - [2026-06-29T22:27:28.524+0000] {dag.py:3239} INFO - Sync 1 DAGs
[2026-06-29T22:27:28.539+0000] {logging_mixin.py:190} INFO - [2026-06-29T22:27:28.539+0000] {dag.py:4180} INFO - Setting next_dagrun for example_params_trigger_ui to None, run_after=None
[2026-06-29T22:27:28.567+0000] {processor.py:208} INFO - Processing /home/airflow/.local/lib/python3.12/site-packages/airflow/example_dags/example_params_trigger_ui.py took 0.113 seconds
[2026-06-29T22:27:58.986+0000] {processor.py:186} INFO - Started process (PID=2512) to work on /home/airflow/.local/lib/python3.12/site-packages/airflow/example_dags/example_params_trigger_ui.py
[2026-06-29T22:27:58.988+0000] {processor.py:914} INFO - Processing file /home/airflow/.local/lib/python3.12/site-packages/airflow/example_dags/example_params_trigger_ui.py for tasks to queue
[2026-06-29T22:27:58.992+0000] {logging_mixin.py:190} INFO - [2026-06-29T22:27:58.992+0000] {dagbag.py:588} INFO - Filling up the DagBag from /home/airflow/.local/lib/python3.12/site-packages/airflow/example_dags/example_params_trigger_ui.py
[2026-06-29T22:27:59.008+0000] {processor.py:925} INFO - DAG(s) 'example_params_trigger_ui' retrieved from /home/airflow/.local/lib/python3.12/site-packages/airflow/example_dags/example_params_trigger_ui.py
[2026-06-29T22:27:59.061+0000] {logging_mixin.py:190} INFO - [2026-06-29T22:27:59.061+0000] {dag.py:3239} INFO - Sync 1 DAGs
[2026-06-29T22:27:59.082+0000] {logging_mixin.py:190} INFO - [2026-06-29T22:27:59.081+0000] {dag.py:4180} INFO - Setting next_dagrun for example_params_trigger_ui to None, run_after=None
[2026-06-29T22:27:59.108+0000] {processor.py:208} INFO - Processing /home/airflow/.local/lib/python3.12/site-packages/airflow/example_dags/example_params_trigger_ui.py took 0.130 seconds
[2026-06-29T22:28:29.653+0000] {processor.py:186} INFO - Started process (PID=2575) to work on /home/airflow/.local/lib/python3.12/site-packages/airflow/example_dags/example_params_trigger_ui.py
[2026-06-29T22:28:29.655+0000] {processor.py:914} INFO - Processing file /home/airflow/.local/lib/python3.12/site-packages/airflow/example_dags/example_params_trigger_ui.py for tasks to queue
[2026-06-29T22:28:29.660+0000] {logging_mixin.py:190} INFO - [2026-06-29T22:28:29.660+0000] {dagbag.py:588} INFO - Filling up the DagBag from /home/airflow/.local/lib/python3.12/site-packages/airflow/example_dags/example_params_trigger_ui.py
[2026-06-29T22:28:29.678+0000] {processor.py:925} INFO - DAG(s) 'example_params_trigger_ui' retrieved from /home/airflow/.local/lib/python3.12/site-packages/airflow/example_dags/example_params_trigger_ui.py
[2026-06-29T22:28:29.755+0000] {logging_mixin.py:190} INFO - [2026-06-29T22:28:29.755+0000] {dag.py:3239} INFO - Sync 1 DAGs
[2026-06-29T22:28:29.787+0000] {logging_mixin.py:190} INFO - [2026-06-29T22:28:29.787+0000] {dag.py:4180} INFO - Setting next_dagrun for example_params_trigger_ui to None, run_after=None
[2026-06-29T22:28:29.847+0000] {processor.py:208} INFO - Processing /home/airflow/.local/lib/python3.12/site-packages/airflow/example_dags/example_params_trigger_ui.py took 0.207 seconds
[2026-06-29T22:29:00.273+0000] {processor.py:186} INFO - Started process (PID=2639) to work on /home/airflow/.local/lib/python3.12/site-packages/airflow/example_dags/example_params_trigger_ui.py
[2026-06-29T22:29:00.275+0000] {processor.py:914} INFO - Processing file /home/airflow/.local/lib/python3.12/site-packages/airflow/example_dags/example_params_trigger_ui.py for tasks to queue
[2026-06-29T22:29:00.278+0000] {logging_mixin.py:190} INFO - [2026-06-29T22:29:00.277+0000] {dagbag.py:588} INFO - Filling up the DagBag from /home/airflow/.local/lib/python3.12/site-packages/airflow/example_dags/example_params_trigger_ui.py
[2026-06-29T22:29:00.292+0000] {processor.py:925} INFO - DAG(s) 'example_params_trigger_ui' retrieved from /home/airflow/.local/lib/python3.12/site-packages/airflow/example_dags/example_params_trigger_ui.py
[2026-06-29T22:29:00.344+0000] {logging_mixin.py:190} INFO - [2026-06-29T22:29:00.344+0000] {dag.py:3239} INFO - Sync 1 DAGs
[2026-06-29T22:29:00.361+0000] {logging_mixin.py:190} INFO - [2026-06-29T22:29:00.361+0000] {dag.py:4180} INFO - Setting next_dagrun for example_params_trigger_ui to None, run_after=None
[2026-06-29T22:29:00.386+0000] {processor.py:208} INFO - Processing /home/airflow/.local/lib/python3.12/site-packages/airflow/example_dags/example_params_trigger_ui.py took 0.122 seconds
[2026-06-29T22:29:31.185+0000] {processor.py:186} INFO - Started process (PID=2703) to work on /home/airflow/.local/lib/python3.12/site-packages/airflow/example_dags/example_params_trigger_ui.py
[2026-06-29T22:29:31.188+0000] {processor.py:914} INFO - Processing file /home/airflow/.local/lib/python3.12/site-packages/airflow/example_dags/example_params_trigger_ui.py for tasks to queue
[2026-06-29T22:29:31.196+0000] {logging_mixin.py:190} INFO - [2026-06-29T22:29:31.194+0000] {dagbag.py:588} INFO - Filling up the DagBag from /home/airflow/.local/lib/python3.12/site-packages/airflow/example_dags/example_params_trigger_ui.py
[2026-06-29T22:29:31.226+0000] {processor.py:925} INFO - DAG(s) 'example_params_trigger_ui' retrieved from /home/airflow/.local/lib/python3.12/site-packages/airflow/example_dags/example_params_trigger_ui.py
[2026-06-29T22:29:31.317+0000] {logging_mixin.py:190} INFO - [2026-06-29T22:29:31.317+0000] {dag.py:3239} INFO - Sync 1 DAGs
[2026-06-29T22:29:31.345+0000] {logging_mixin.py:190} INFO - [2026-06-29T22:29:31.344+0000] {dag.py:4180} INFO - Setting next_dagrun for example_params_trigger_ui to None, run_after=None
[2026-06-29T22:29:31.384+0000] {processor.py:208} INFO - Processing /home/airflow/.local/lib/python3.12/site-packages/airflow/example_dags/example_params_trigger_ui.py took 0.215 seconds
[2026-06-29T22:30:01.937+0000] {processor.py:186} INFO - Started process (PID=2767) to work on /home/airflow/.local/lib/python3.12/site-packages/airflow/example_dags/example_params_trigger_ui.py
[2026-06-29T22:30:01.940+0000] {processor.py:914} INFO - Processing file /home/airflow/.local/lib/python3.12/site-packages/airflow/example_dags/example_params_trigger_ui.py for tasks to queue
[2026-06-29T22:30:01.945+0000] {logging_mixin.py:190} INFO - [2026-06-29T22:30:01.944+0000] {dagbag.py:588} INFO - Filling up the DagBag from /home/airflow/.local/lib/python3.12/site-packages/airflow/example_dags/example_params_trigger_ui.py
[2026-06-29T22:30:01.968+0000] {processor.py:925} INFO - DAG(s) 'example_params_trigger_ui' retrieved from /home/airflow/.local/lib/python3.12/site-packages/airflow/example_dags/example_params_trigger_ui.py
[2026-06-29T22:30:02.059+0000] {logging_mixin.py:190} INFO - [2026-06-29T22:30:02.059+0000] {dag.py:3239} INFO - Sync 1 DAGs
[2026-06-29T22:30:02.086+0000] {logging_mixin.py:190} INFO - [2026-06-29T22:30:02.086+0000] {dag.py:4180} INFO - Setting next_dagrun for example_params_trigger_ui to None, run_after=None
[2026-06-29T22:30:02.127+0000] {processor.py:208} INFO - Processing /home/airflow/.local/lib/python3.12/site-packages/airflow/example_dags/example_params_trigger_ui.py took 0.203 seconds
[2026-06-29T22:30:33.775+0000] {processor.py:186} INFO - Started process (PID=2831) to work on /home/airflow/.local/lib/python3.12/site-packages/airflow/example_dags/example_params_trigger_ui.py
[2026-06-29T22:30:33.783+0000] {processor.py:914} INFO - Processing file /home/airflow/.local/lib/python3.12/site-packages/airflow/example_dags/example_params_trigger_ui.py for tasks to queue
[2026-06-29T22:30:33.809+0000] {logging_mixin.py:190} INFO - [2026-06-29T22:30:33.804+0000] {dagbag.py:588} INFO - Filling up the DagBag from /home/airflow/.local/lib/python3.12/site-packages/airflow/example_dags/example_params_trigger_ui.py
[2026-06-29T22:30:33.897+0000] {processor.py:925} INFO - DAG(s) 'example_params_trigger_ui' retrieved from /home/airflow/.local/lib/python3.12/site-packages/airflow/example_dags/example_params_trigger_ui.py
[2026-06-29T22:30:34.122+0000] {logging_mixin.py:190} INFO - [2026-06-29T22:30:34.121+0000] {dag.py:3239} INFO - Sync 1 DAGs
[2026-06-29T22:30:34.201+0000] {logging_mixin.py:190} INFO - [2026-06-29T22:30:34.200+0000] {dag.py:4180} INFO - Setting next_dagrun for example_params_trigger_ui to None, run_after=None
[2026-06-29T22:30:34.282+0000] {processor.py:208} INFO - Processing /home/airflow/.local/lib/python3.12/site-packages/airflow/example_dags/example_params_trigger_ui.py took 0.559 seconds
[2026-06-29T22:31:04.687+0000] {processor.py:186} INFO - Started process (PID=2894) to work on /home/airflow/.local/lib/python3.12/site-packages/airflow/example_dags/example_params_trigger_ui.py
[2026-06-29T22:31:04.689+0000] {processor.py:914} INFO - Processing file /home/airflow/.local/lib/python3.12/site-packages/airflow/example_dags/example_params_trigger_ui.py for tasks to queue
[2026-06-29T22:31:04.692+0000] {logging_mixin.py:190} INFO - [2026-06-29T22:31:04.692+0000] {dagbag.py:588} INFO - Filling up the DagBag from /home/airflow/.local/lib/python3.12/site-packages/airflow/example_dags/example_params_trigger_ui.py
[2026-06-29T22:31:04.708+0000] {processor.py:925} INFO - DAG(s) 'example_params_trigger_ui' retrieved from /home/airflow/.local/lib/python3.12/site-packages/airflow/example_dags/example_params_trigger_ui.py
[2026-06-29T22:31:04.791+0000] {logging_mixin.py:190} INFO - [2026-06-29T22:31:04.790+0000] {dag.py:3239} INFO - Sync 1 DAGs
[2026-06-29T22:31:04.821+0000] {logging_mixin.py:190} INFO - [2026-06-29T22:31:04.821+0000] {dag.py:4180} INFO - Setting next_dagrun for example_params_trigger_ui to None, run_after=None
[2026-06-29T22:31:04.855+0000] {processor.py:208} INFO - Processing /home/airflow/.local/lib/python3.12/site-packages/airflow/example_dags/example_params_trigger_ui.py took 0.174 seconds
[2026-06-29T22:31:34.974+0000] {processor.py:186} INFO - Started process (PID=2965) to work on /home/airflow/.local/lib/python3.12/site-packages/airflow/example_dags/example_params_trigger_ui.py
[2026-06-29T22:31:34.977+0000] {processor.py:914} INFO - Processing file /home/airflow/.local/lib/python3.12/site-packages/airflow/example_dags/example_params_trigger_ui.py for tasks to queue
[2026-06-29T22:31:34.983+0000] {logging_mixin.py:190} INFO - [2026-06-29T22:31:34.982+0000] {dagbag.py:588} INFO - Filling up the DagBag from /home/airflow/.local/lib/python3.12/site-packages/airflow/example_dags/example_params_trigger_ui.py
[2026-06-29T22:31:35.006+0000] {processor.py:925} INFO - DAG(s) 'example_params_trigger_ui' retrieved from /home/airflow/.local/lib/python3.12/site-packages/airflow/example_dags/example_params_trigger_ui.py
[2026-06-29T22:31:35.089+0000] {logging_mixin.py:190} INFO - [2026-06-29T22:31:35.089+0000] {dag.py:3239} INFO - Sync 1 DAGs
[2026-06-29T22:31:35.117+0000] {logging_mixin.py:190} INFO - [2026-06-29T22:31:35.116+0000] {dag.py:4180} INFO - Setting next_dagrun for example_params_trigger_ui to None, run_after=None
[2026-06-29T22:31:35.152+0000] {processor.py:208} INFO - Processing /home/airflow/.local/lib/python3.12/site-packages/airflow/example_dags/example_params_trigger_ui.py took 0.194 seconds
[2026-06-29T22:32:05.623+0000] {processor.py:186} INFO - Started process (PID=3067) to work on /home/airflow/.local/lib/python3.12/site-packages/airflow/example_dags/example_params_trigger_ui.py
[2026-06-29T22:32:05.631+0000] {processor.py:914} INFO - Processing file /home/airflow/.local/lib/python3.12/site-packages/airflow/example_dags/example_params_trigger_ui.py for tasks to queue
[2026-06-29T22:32:05.644+0000] {logging_mixin.py:190} INFO - [2026-06-29T22:32:05.643+0000] {dagbag.py:588} INFO - Filling up the DagBag from /home/airflow/.local/lib/python3.12/site-packages/airflow/example_dags/example_params_trigger_ui.py
[2026-06-29T22:32:05.679+0000] {processor.py:925} INFO - DAG(s) 'example_params_trigger_ui' retrieved from /home/airflow/.local/lib/python3.12/site-packages/airflow/example_dags/example_params_trigger_ui.py
[2026-06-29T22:32:05.818+0000] {logging_mixin.py:190} INFO - [2026-06-29T22:32:05.818+0000] {dag.py:3239} INFO - Sync 1 DAGs
[2026-06-29T22:32:05.864+0000] {logging_mixin.py:190} INFO - [2026-06-29T22:32:05.863+0000] {dag.py:4180} INFO - Setting next_dagrun for example_params_trigger_ui to None, run_after=None
[2026-06-29T22:32:05.934+0000] {processor.py:208} INFO - Processing /home/airflow/.local/lib/python3.12/site-packages/airflow/example_dags/example_params_trigger_ui.py took 0.324 seconds
[2026-06-29T22:32:36.783+0000] {processor.py:186} INFO - Started process (PID=3188) to work on /home/airflow/.local/lib/python3.12/site-packages/airflow/example_dags/example_params_trigger_ui.py
[2026-06-29T22:32:36.788+0000] {processor.py:914} INFO - Processing file /home/airflow/.local/lib/python3.12/site-packages/airflow/example_dags/example_params_trigger_ui.py for tasks to queue
[2026-06-29T22:32:36.796+0000] {logging_mixin.py:190} INFO - [2026-06-29T22:32:36.795+0000] {dagbag.py:588} INFO - Filling up the DagBag from /home/airflow/.local/lib/python3.12/site-packages/airflow/example_dags/example_params_trigger_ui.py
[2026-06-29T22:32:36.833+0000] {processor.py:925} INFO - DAG(s) 'example_params_trigger_ui' retrieved from /home/airflow/.local/lib/python3.12/site-packages/airflow/example_dags/example_params_trigger_ui.py
[2026-06-29T22:32:36.963+0000] {logging_mixin.py:190} INFO - [2026-06-29T22:32:36.962+0000] {dag.py:3239} INFO - Sync 1 DAGs
[2026-06-29T22:32:37.005+0000] {logging_mixin.py:190} INFO - [2026-06-29T22:32:37.002+0000] {dag.py:4180} INFO - Setting next_dagrun for example_params_trigger_ui to None, run_after=None
[2026-06-29T22:32:37.068+0000] {processor.py:208} INFO - Processing /home/airflow/.local/lib/python3.12/site-packages/airflow/example_dags/example_params_trigger_ui.py took 0.302 seconds
[2026-06-29T22:33:07.350+0000] {processor.py:186} INFO - Started process (PID=3264) to work on /home/airflow/.local/lib/python3.12/site-packages/airflow/example_dags/example_params_trigger_ui.py
[2026-06-29T22:33:07.352+0000] {processor.py:914} INFO - Processing file /home/airflow/.local/lib/python3.12/site-packages/airflow/example_dags/example_params_trigger_ui.py for tasks to queue
[2026-06-29T22:33:07.358+0000] {logging_mixin.py:190} INFO - [2026-06-29T22:33:07.357+0000] {dagbag.py:588} INFO - Filling up the DagBag from /home/airflow/.local/lib/python3.12/site-packages/airflow/example_dags/example_params_trigger_ui.py
[2026-06-29T22:33:07.381+0000] {processor.py:925} INFO - DAG(s) 'example_params_trigger_ui' retrieved from /home/airflow/.local/lib/python3.12/site-packages/airflow/example_dags/example_params_trigger_ui.py
[2026-06-29T22:33:07.452+0000] {logging_mixin.py:190} INFO - [2026-06-29T22:33:07.452+0000] {dag.py:3239} INFO - Sync 1 DAGs
[2026-06-29T22:33:07.478+0000] {logging_mixin.py:190} INFO - [2026-06-29T22:33:07.478+0000] {dag.py:4180} INFO - Setting next_dagrun for example_params_trigger_ui to None, run_after=None
[2026-06-29T22:33:07.515+0000] {processor.py:208} INFO - Processing /home/airflow/.local/lib/python3.12/site-packages/airflow/example_dags/example_params_trigger_ui.py took 0.184 seconds
[2026-06-29T22:33:38.199+0000] {processor.py:186} INFO - Started process (PID=3327) to work on /home/airflow/.local/lib/python3.12/site-packages/airflow/example_dags/example_params_trigger_ui.py
[2026-06-29T22:33:38.201+0000] {processor.py:914} INFO - Processing file /home/airflow/.local/lib/python3.12/site-packages/airflow/example_dags/example_params_trigger_ui.py for tasks to queue
[2026-06-29T22:33:38.206+0000] {logging_mixin.py:190} INFO - [2026-06-29T22:33:38.206+0000] {dagbag.py:588} INFO - Filling up the DagBag from /home/airflow/.local/lib/python3.12/site-packages/airflow/example_dags/example_params_trigger_ui.py
[2026-06-29T22:33:38.224+0000] {processor.py:925} INFO - DAG(s) 'example_params_trigger_ui' retrieved from /home/airflow/.local/lib/python3.12/site-packages/airflow/example_dags/example_params_trigger_ui.py
[2026-06-29T22:33:38.281+0000] {logging_mixin.py:190} INFO - [2026-06-29T22:33:38.281+0000] {dag.py:3239} INFO - Sync 1 DAGs
[2026-06-29T22:33:38.303+0000] {logging_mixin.py:190} INFO - [2026-06-29T22:33:38.303+0000] {dag.py:4180} INFO - Setting next_dagrun for example_params_trigger_ui to None, run_after=None
[2026-06-29T22:33:38.340+0000] {processor.py:208} INFO - Processing /home/airflow/.local/lib/python3.12/site-packages/airflow/example_dags/example_params_trigger_ui.py took 0.157 seconds
[2026-06-29T22:34:08.902+0000] {processor.py:186} INFO - Started process (PID=3391) to work on /home/airflow/.local/lib/python3.12/site-packages/airflow/example_dags/example_params_trigger_ui.py
[2026-06-29T22:34:08.904+0000] {processor.py:914} INFO - Processing file /home/airflow/.local/lib/python3.12/site-packages/airflow/example_dags/example_params_trigger_ui.py for tasks to queue
[2026-06-29T22:34:08.908+0000] {logging_mixin.py:190} INFO - [2026-06-29T22:34:08.908+0000] {dagbag.py:588} INFO - Filling up the DagBag from /home/airflow/.local/lib/python3.12/site-packages/airflow/example_dags/example_params_trigger_ui.py
[2026-06-29T22:34:08.925+0000] {processor.py:925} INFO - DAG(s) 'example_params_trigger_ui' retrieved from /home/airflow/.local/lib/python3.12/site-packages/airflow/example_dags/example_params_trigger_ui.py
[2026-06-29T22:34:08.976+0000] {logging_mixin.py:190} INFO - [2026-06-29T22:34:08.975+0000] {dag.py:3239} INFO - Sync 1 DAGs
[2026-06-29T22:34:08.997+0000] {logging_mixin.py:190} INFO - [2026-06-29T22:34:08.997+0000] {dag.py:4180} INFO - Setting next_dagrun for example_params_trigger_ui to None, run_after=None
[2026-06-29T22:34:09.024+0000] {processor.py:208} INFO - Processing /home/airflow/.local/lib/python3.12/site-packages/airflow/example_dags/example_params_trigger_ui.py took 0.133 seconds
[2026-06-29T22:34:40.418+0000] {processor.py:186} INFO - Started process (PID=3452) to work on /home/airflow/.local/lib/python3.12/site-packages/airflow/example_dags/example_params_trigger_ui.py
[2026-06-29T22:34:40.428+0000] {processor.py:914} INFO - Processing file /home/airflow/.local/lib/python3.12/site-packages/airflow/example_dags/example_params_trigger_ui.py for tasks to queue
[2026-06-29T22:34:40.443+0000] {logging_mixin.py:190} INFO - [2026-06-29T22:34:40.442+0000] {dagbag.py:588} INFO - Filling up the DagBag from /home/airflow/.local/lib/python3.12/site-packages/airflow/example_dags/example_params_trigger_ui.py
[2026-06-29T22:34:40.477+0000] {processor.py:925} INFO - DAG(s) 'example_params_trigger_ui' retrieved from /home/airflow/.local/lib/python3.12/site-packages/airflow/example_dags/example_params_trigger_ui.py
[2026-06-29T22:34:40.630+0000] {logging_mixin.py:190} INFO - [2026-06-29T22:34:40.630+0000] {dag.py:3239} INFO - Sync 1 DAGs
[2026-06-29T22:34:40.662+0000] {logging_mixin.py:190} INFO - [2026-06-29T22:34:40.661+0000] {dag.py:4180} INFO - Setting next_dagrun for example_params_trigger_ui to None, run_after=None
[2026-06-29T22:34:40.740+0000] {processor.py:208} INFO - Processing /home/airflow/.local/lib/python3.12/site-packages/airflow/example_dags/example_params_trigger_ui.py took 0.346 seconds
[2026-06-29T22:35:11.297+0000] {processor.py:186} INFO - Started process (PID=3516) to work on /home/airflow/.local/lib/python3.12/site-packages/airflow/example_dags/example_params_trigger_ui.py
[2026-06-29T22:35:11.300+0000] {processor.py:914} INFO - Processing file /home/airflow/.local/lib/python3.12/site-packages/airflow/example_dags/example_params_trigger_ui.py for tasks to queue
[2026-06-29T22:35:11.304+0000] {logging_mixin.py:190} INFO - [2026-06-29T22:35:11.304+0000] {dagbag.py:588} INFO - Filling up the DagBag from /home/airflow/.local/lib/python3.12/site-packages/airflow/example_dags/example_params_trigger_ui.py
[2026-06-29T22:35:11.321+0000] {processor.py:925} INFO - DAG(s) 'example_params_trigger_ui' retrieved from /home/airflow/.local/lib/python3.12/site-packages/airflow/example_dags/example_params_trigger_ui.py
[2026-06-29T22:35:11.385+0000] {logging_mixin.py:190} INFO - [2026-06-29T22:35:11.385+0000] {dag.py:3239} INFO - Sync 1 DAGs
[2026-06-29T22:35:11.409+0000] {logging_mixin.py:190} INFO - [2026-06-29T22:35:11.409+0000] {dag.py:4180} INFO - Setting next_dagrun for example_params_trigger_ui to None, run_after=None
[2026-06-29T22:35:11.457+0000] {processor.py:208} INFO - Processing /home/airflow/.local/lib/python3.12/site-packages/airflow/example_dags/example_params_trigger_ui.py took 0.172 seconds
[2026-06-29T22:35:41.759+0000] {processor.py:186} INFO - Started process (PID=3579) to work on /home/airflow/.local/lib/python3.12/site-packages/airflow/example_dags/example_params_trigger_ui.py
[2026-06-29T22:35:41.761+0000] {processor.py:914} INFO - Processing file /home/airflow/.local/lib/python3.12/site-packages/airflow/example_dags/example_params_trigger_ui.py for tasks to queue
[2026-06-29T22:35:41.765+0000] {logging_mixin.py:190} INFO - [2026-06-29T22:35:41.764+0000] {dagbag.py:588} INFO - Filling up the DagBag from /home/airflow/.local/lib/python3.12/site-packages/airflow/example_dags/example_params_trigger_ui.py
[2026-06-29T22:35:41.780+0000] {processor.py:925} INFO - DAG(s) 'example_params_trigger_ui' retrieved from /home/airflow/.local/lib/python3.12/site-packages/airflow/example_dags/example_params_trigger_ui.py
[2026-06-29T22:35:41.820+0000] {logging_mixin.py:190} INFO - [2026-06-29T22:35:41.820+0000] {dag.py:3239} INFO - Sync 1 DAGs
[2026-06-29T22:35:41.838+0000] {logging_mixin.py:190} INFO - [2026-06-29T22:35:41.838+0000] {dag.py:4180} INFO - Setting next_dagrun for example_params_trigger_ui to None, run_after=None
[2026-06-29T22:35:41.859+0000] {processor.py:208} INFO - Processing /home/airflow/.local/lib/python3.12/site-packages/airflow/example_dags/example_params_trigger_ui.py took 0.113 seconds
[2026-06-29T22:36:12.295+0000] {processor.py:186} INFO - Started process (PID=3643) to work on /home/airflow/.local/lib/python3.12/site-packages/airflow/example_dags/example_params_trigger_ui.py
[2026-06-29T22:36:12.297+0000] {processor.py:914} INFO - Processing file /home/airflow/.local/lib/python3.12/site-packages/airflow/example_dags/example_params_trigger_ui.py for tasks to queue
[2026-06-29T22:36:12.300+0000] {logging_mixin.py:190} INFO - [2026-06-29T22:36:12.300+0000] {dagbag.py:588} INFO - Filling up the DagBag from /home/airflow/.local/lib/python3.12/site-packages/airflow/example_dags/example_params_trigger_ui.py
[2026-06-29T22:36:12.313+0000] {processor.py:925} INFO - DAG(s) 'example_params_trigger_ui' retrieved from /home/airflow/.local/lib/python3.12/site-packages/airflow/example_dags/example_params_trigger_ui.py
[2026-06-29T22:36:12.353+0000] {logging_mixin.py:190} INFO - [2026-06-29T22:36:12.353+0000] {dag.py:3239} INFO - Sync 1 DAGs
[2026-06-29T22:36:12.371+0000] {logging_mixin.py:190} INFO - [2026-06-29T22:36:12.371+0000] {dag.py:4180} INFO - Setting next_dagrun for example_params_trigger_ui to None, run_after=None
[2026-06-29T22:36:12.391+0000] {processor.py:208} INFO - Processing /home/airflow/.local/lib/python3.12/site-packages/airflow/example_dags/example_params_trigger_ui.py took 0.106 seconds
[2026-06-29T22:36:43.161+0000] {processor.py:186} INFO - Started process (PID=3707) to work on /home/airflow/.local/lib/python3.12/site-packages/airflow/example_dags/example_params_trigger_ui.py
[2026-06-29T22:36:43.164+0000] {processor.py:914} INFO - Processing file /home/airflow/.local/lib/python3.12/site-packages/airflow/example_dags/example_params_trigger_ui.py for tasks to queue
[2026-06-29T22:36:43.172+0000] {logging_mixin.py:190} INFO - [2026-06-29T22:36:43.171+0000] {dagbag.py:588} INFO - Filling up the DagBag from /home/airflow/.local/lib/python3.12/site-packages/airflow/example_dags/example_params_trigger_ui.py
[2026-06-29T22:36:43.192+0000] {processor.py:925} INFO - DAG(s) 'example_params_trigger_ui' retrieved from /home/airflow/.local/lib/python3.12/site-packages/airflow/example_dags/example_params_trigger_ui.py
[2026-06-29T22:36:43.261+0000] {logging_mixin.py:190} INFO - [2026-06-29T22:36:43.260+0000] {dag.py:3239} INFO - Sync 1 DAGs
[2026-06-29T22:36:43.286+0000] {logging_mixin.py:190} INFO - [2026-06-29T22:36:43.286+0000] {dag.py:4180} INFO - Setting next_dagrun for example_params_trigger_ui to None, run_after=None
[2026-06-29T22:36:43.323+0000] {processor.py:208} INFO - Processing /home/airflow/.local/lib/python3.12/site-packages/airflow/example_dags/example_params_trigger_ui.py took 0.178 seconds
[2026-06-29T22:37:13.954+0000] {processor.py:186} INFO - Started process (PID=3771) to work on /home/airflow/.local/lib/python3.12/site-packages/airflow/example_dags/example_params_trigger_ui.py
[2026-06-29T22:37:13.955+0000] {processor.py:914} INFO - Processing file /home/airflow/.local/lib/python3.12/site-packages/airflow/example_dags/example_params_trigger_ui.py for tasks to queue
[2026-06-29T22:37:13.959+0000] {logging_mixin.py:190} INFO - [2026-06-29T22:37:13.958+0000] {dagbag.py:588} INFO - Filling up the DagBag from /home/airflow/.local/lib/python3.12/site-packages/airflow/example_dags/example_params_trigger_ui.py
[2026-06-29T22:37:13.973+0000] {processor.py:925} INFO - DAG(s) 'example_params_trigger_ui' retrieved from /home/airflow/.local/lib/python3.12/site-packages/airflow/example_dags/example_params_trigger_ui.py
[2026-06-29T22:37:14.019+0000] {logging_mixin.py:190} INFO - [2026-06-29T22:37:14.019+0000] {dag.py:3239} INFO - Sync 1 DAGs
[2026-06-29T22:37:14.042+0000] {logging_mixin.py:190} INFO - [2026-06-29T22:37:14.041+0000] {dag.py:4180} INFO - Setting next_dagrun for example_params_trigger_ui to None, run_after=None
[2026-06-29T22:37:14.075+0000] {processor.py:208} INFO - Processing /home/airflow/.local/lib/python3.12/site-packages/airflow/example_dags/example_params_trigger_ui.py took 0.133 seconds
[2026-06-29T22:37:44.354+0000] {processor.py:186} INFO - Started process (PID=3835) to work on /home/airflow/.local/lib/python3.12/site-packages/airflow/example_dags/example_params_trigger_ui.py
[2026-06-29T22:37:44.356+0000] {processor.py:914} INFO - Processing file /home/airflow/.local/lib/python3.12/site-packages/airflow/example_dags/example_params_trigger_ui.py for tasks to queue
[2026-06-29T22:37:44.362+0000] {logging_mixin.py:190} INFO - [2026-06-29T22:37:44.361+0000] {dagbag.py:588} INFO - Filling up the DagBag from /home/airflow/.local/lib/python3.12/site-packages/airflow/example_dags/example_params_trigger_ui.py
[2026-06-29T22:37:44.374+0000] {processor.py:925} INFO - DAG(s) 'example_params_trigger_ui' retrieved from /home/airflow/.local/lib/python3.12/site-packages/airflow/example_dags/example_params_trigger_ui.py
[2026-06-29T22:37:44.415+0000] {logging_mixin.py:190} INFO - [2026-06-29T22:37:44.415+0000] {dag.py:3239} INFO - Sync 1 DAGs
[2026-06-29T22:37:44.430+0000] {logging_mixin.py:190} INFO - [2026-06-29T22:37:44.429+0000] {dag.py:4180} INFO - Setting next_dagrun for example_params_trigger_ui to None, run_after=None
[2026-06-29T22:37:44.450+0000] {processor.py:208} INFO - Processing /home/airflow/.local/lib/python3.12/site-packages/airflow/example_dags/example_params_trigger_ui.py took 0.105 seconds
[2026-06-29T22:38:15.172+0000] {processor.py:186} INFO - Started process (PID=3905) to work on /home/airflow/.local/lib/python3.12/site-packages/airflow/example_dags/example_params_trigger_ui.py
[2026-06-29T22:38:15.174+0000] {processor.py:914} INFO - Processing file /home/airflow/.local/lib/python3.12/site-packages/airflow/example_dags/example_params_trigger_ui.py for tasks to queue
[2026-06-29T22:38:15.177+0000] {logging_mixin.py:190} INFO - [2026-06-29T22:38:15.177+0000] {dagbag.py:588} INFO - Filling up the DagBag from /home/airflow/.local/lib/python3.12/site-packages/airflow/example_dags/example_params_trigger_ui.py
[2026-06-29T22:38:15.189+0000] {processor.py:925} INFO - DAG(s) 'example_params_trigger_ui' retrieved from /home/airflow/.local/lib/python3.12/site-packages/airflow/example_dags/example_params_trigger_ui.py
[2026-06-29T22:38:15.231+0000] {logging_mixin.py:190} INFO - [2026-06-29T22:38:15.231+0000] {dag.py:3239} INFO - Sync 1 DAGs
[2026-06-29T22:38:15.247+0000] {logging_mixin.py:190} INFO - [2026-06-29T22:38:15.247+0000] {dag.py:4180} INFO - Setting next_dagrun for example_params_trigger_ui to None, run_after=None
[2026-06-29T22:38:15.268+0000] {processor.py:208} INFO - Processing /home/airflow/.local/lib/python3.12/site-packages/airflow/example_dags/example_params_trigger_ui.py took 0.106 seconds
[2026-06-29T22:38:45.917+0000] {processor.py:186} INFO - Started process (PID=3969) to work on /home/airflow/.local/lib/python3.12/site-packages/airflow/example_dags/example_params_trigger_ui.py
[2026-06-29T22:38:45.920+0000] {processor.py:914} INFO - Processing file /home/airflow/.local/lib/python3.12/site-packages/airflow/example_dags/example_params_trigger_ui.py for tasks to queue
[2026-06-29T22:38:45.927+0000] {logging_mixin.py:190} INFO - [2026-06-29T22:38:45.926+0000] {dagbag.py:588} INFO - Filling up the DagBag from /home/airflow/.local/lib/python3.12/site-packages/airflow/example_dags/example_params_trigger_ui.py
[2026-06-29T22:38:45.951+0000] {processor.py:925} INFO - DAG(s) 'example_params_trigger_ui' retrieved from /home/airflow/.local/lib/python3.12/site-packages/airflow/example_dags/example_params_trigger_ui.py
[2026-06-29T22:38:46.028+0000] {logging_mixin.py:190} INFO - [2026-06-29T22:38:46.027+0000] {dag.py:3239} INFO - Sync 1 DAGs
[2026-06-29T22:38:46.051+0000] {logging_mixin.py:190} INFO - [2026-06-29T22:38:46.051+0000] {dag.py:4180} INFO - Setting next_dagrun for example_params_trigger_ui to None, run_after=None
[2026-06-29T22:38:46.086+0000] {processor.py:208} INFO - Processing /home/airflow/.local/lib/python3.12/site-packages/airflow/example_dags/example_params_trigger_ui.py took 0.188 seconds
[2026-06-29T22:39:16.223+0000] {processor.py:186} INFO - Started process (PID=4033) to work on /home/airflow/.local/lib/python3.12/site-packages/airflow/example_dags/example_params_trigger_ui.py
[2026-06-29T22:39:16.225+0000] {processor.py:914} INFO - Processing file /home/airflow/.local/lib/python3.12/site-packages/airflow/example_dags/example_params_trigger_ui.py for tasks to queue
[2026-06-29T22:39:16.228+0000] {logging_mixin.py:190} INFO - [2026-06-29T22:39:16.228+0000] {dagbag.py:588} INFO - Filling up the DagBag from /home/airflow/.local/lib/python3.12/site-packages/airflow/example_dags/example_params_trigger_ui.py
[2026-06-29T22:39:16.242+0000] {processor.py:925} INFO - DAG(s) 'example_params_trigger_ui' retrieved from /home/airflow/.local/lib/python3.12/site-packages/airflow/example_dags/example_params_trigger_ui.py
[2026-06-29T22:39:16.289+0000] {logging_mixin.py:190} INFO - [2026-06-29T22:39:16.289+0000] {dag.py:3239} INFO - Sync 1 DAGs
[2026-06-29T22:39:16.482+0000] {logging_mixin.py:190} INFO - [2026-06-29T22:39:16.482+0000] {dag.py:4180} INFO - Setting next_dagrun for example_params_trigger_ui to None, run_after=None
[2026-06-29T22:39:16.502+0000] {processor.py:208} INFO - Processing /home/airflow/.local/lib/python3.12/site-packages/airflow/example_dags/example_params_trigger_ui.py took 0.289 seconds
[2026-06-29T22:39:46.928+0000] {processor.py:186} INFO - Started process (PID=4096) to work on /home/airflow/.local/lib/python3.12/site-packages/airflow/example_dags/example_params_trigger_ui.py
[2026-06-29T22:39:46.930+0000] {processor.py:914} INFO - Processing file /home/airflow/.local/lib/python3.12/site-packages/airflow/example_dags/example_params_trigger_ui.py for tasks to queue
[2026-06-29T22:39:46.935+0000] {logging_mixin.py:190} INFO - [2026-06-29T22:39:46.935+0000] {dagbag.py:588} INFO - Filling up the DagBag from /home/airflow/.local/lib/python3.12/site-packages/airflow/example_dags/example_params_trigger_ui.py
[2026-06-29T22:39:46.969+0000] {processor.py:925} INFO - DAG(s) 'example_params_trigger_ui' retrieved from /home/airflow/.local/lib/python3.12/site-packages/airflow/example_dags/example_params_trigger_ui.py
[2026-06-29T22:39:47.065+0000] {logging_mixin.py:190} INFO - [2026-06-29T22:39:47.065+0000] {dag.py:3239} INFO - Sync 1 DAGs
[2026-06-29T22:39:47.101+0000] {logging_mixin.py:190} INFO - [2026-06-29T22:39:47.100+0000] {dag.py:4180} INFO - Setting next_dagrun for example_params_trigger_ui to None, run_after=None
[2026-06-29T22:39:47.513+0000] {processor.py:208} INFO - Processing /home/airflow/.local/lib/python3.12/site-packages/airflow/example_dags/example_params_trigger_ui.py took 0.602 seconds
[2026-06-29T22:41:21.843+0000] {processor.py:186} INFO - Started process (PID=89) to work on /home/airflow/.local/lib/python3.12/site-packages/airflow/example_dags/example_params_trigger_ui.py
[2026-06-29T22:41:21.846+0000] {processor.py:914} INFO - Processing file /home/airflow/.local/lib/python3.12/site-packages/airflow/example_dags/example_params_trigger_ui.py for tasks to queue
[2026-06-29T22:41:21.860+0000] {logging_mixin.py:190} INFO - [2026-06-29T22:41:21.859+0000] {dagbag.py:588} INFO - Filling up the DagBag from /home/airflow/.local/lib/python3.12/site-packages/airflow/example_dags/example_params_trigger_ui.py
[2026-06-29T22:41:21.885+0000] {processor.py:925} INFO - DAG(s) 'example_params_trigger_ui' retrieved from /home/airflow/.local/lib/python3.12/site-packages/airflow/example_dags/example_params_trigger_ui.py
[2026-06-29T22:41:21.986+0000] {logging_mixin.py:190} INFO - [2026-06-29T22:41:21.985+0000] {dag.py:3239} INFO - Sync 1 DAGs
[2026-06-29T22:41:22.040+0000] {logging_mixin.py:190} INFO - [2026-06-29T22:41:22.039+0000] {dag.py:4180} INFO - Setting next_dagrun for example_params_trigger_ui to None, run_after=None
[2026-06-29T22:41:22.102+0000] {processor.py:208} INFO - Processing /home/airflow/.local/lib/python3.12/site-packages/airflow/example_dags/example_params_trigger_ui.py took 0.271 seconds
[2026-06-29T22:41:52.445+0000] {processor.py:186} INFO - Started process (PID=152) to work on /home/airflow/.local/lib/python3.12/site-packages/airflow/example_dags/example_params_trigger_ui.py
[2026-06-29T22:41:52.448+0000] {processor.py:914} INFO - Processing file /home/airflow/.local/lib/python3.12/site-packages/airflow/example_dags/example_params_trigger_ui.py for tasks to queue
[2026-06-29T22:41:52.458+0000] {logging_mixin.py:190} INFO - [2026-06-29T22:41:52.457+0000] {dagbag.py:588} INFO - Filling up the DagBag from /home/airflow/.local/lib/python3.12/site-packages/airflow/example_dags/example_params_trigger_ui.py
[2026-06-29T22:41:52.485+0000] {processor.py:925} INFO - DAG(s) 'example_params_trigger_ui' retrieved from /home/airflow/.local/lib/python3.12/site-packages/airflow/example_dags/example_params_trigger_ui.py
[2026-06-29T22:41:52.649+0000] {logging_mixin.py:190} INFO - [2026-06-29T22:41:52.647+0000] {dag.py:3239} INFO - Sync 1 DAGs
[2026-06-29T22:41:52.697+0000] {logging_mixin.py:190} INFO - [2026-06-29T22:41:52.696+0000] {dag.py:4180} INFO - Setting next_dagrun for example_params_trigger_ui to None, run_after=None
[2026-06-29T22:41:52.810+0000] {processor.py:208} INFO - Processing /home/airflow/.local/lib/python3.12/site-packages/airflow/example_dags/example_params_trigger_ui.py took 0.377 seconds
[2026-06-29T22:42:22.977+0000] {processor.py:186} INFO - Started process (PID=216) to work on /home/airflow/.local/lib/python3.12/site-packages/airflow/example_dags/example_params_trigger_ui.py
[2026-06-29T22:42:22.978+0000] {processor.py:914} INFO - Processing file /home/airflow/.local/lib/python3.12/site-packages/airflow/example_dags/example_params_trigger_ui.py for tasks to queue
[2026-06-29T22:42:22.982+0000] {logging_mixin.py:190} INFO - [2026-06-29T22:42:22.981+0000] {dagbag.py:588} INFO - Filling up the DagBag from /home/airflow/.local/lib/python3.12/site-packages/airflow/example_dags/example_params_trigger_ui.py
[2026-06-29T22:42:22.994+0000] {processor.py:925} INFO - DAG(s) 'example_params_trigger_ui' retrieved from /home/airflow/.local/lib/python3.12/site-packages/airflow/example_dags/example_params_trigger_ui.py
[2026-06-29T22:42:23.035+0000] {logging_mixin.py:190} INFO - [2026-06-29T22:42:23.035+0000] {dag.py:3239} INFO - Sync 1 DAGs
[2026-06-29T22:42:23.051+0000] {logging_mixin.py:190} INFO - [2026-06-29T22:42:23.051+0000] {dag.py:4180} INFO - Setting next_dagrun for example_params_trigger_ui to None, run_after=None
[2026-06-29T22:42:23.077+0000] {processor.py:208} INFO - Processing /home/airflow/.local/lib/python3.12/site-packages/airflow/example_dags/example_params_trigger_ui.py took 0.106 seconds
[2026-06-29T22:42:53.655+0000] {processor.py:186} INFO - Started process (PID=280) to work on /home/airflow/.local/lib/python3.12/site-packages/airflow/example_dags/example_params_trigger_ui.py
[2026-06-29T22:42:53.657+0000] {processor.py:914} INFO - Processing file /home/airflow/.local/lib/python3.12/site-packages/airflow/example_dags/example_params_trigger_ui.py for tasks to queue
[2026-06-29T22:42:53.660+0000] {logging_mixin.py:190} INFO - [2026-06-29T22:42:53.659+0000] {dagbag.py:588} INFO - Filling up the DagBag from /home/airflow/.local/lib/python3.12/site-packages/airflow/example_dags/example_params_trigger_ui.py
[2026-06-29T22:42:53.674+0000] {processor.py:925} INFO - DAG(s) 'example_params_trigger_ui' retrieved from /home/airflow/.local/lib/python3.12/site-packages/airflow/example_dags/example_params_trigger_ui.py
[2026-06-29T22:42:53.726+0000] {logging_mixin.py:190} INFO - [2026-06-29T22:42:53.725+0000] {dag.py:3239} INFO - Sync 1 DAGs
[2026-06-29T22:42:53.745+0000] {logging_mixin.py:190} INFO - [2026-06-29T22:42:53.745+0000] {dag.py:4180} INFO - Setting next_dagrun for example_params_trigger_ui to None, run_after=None
[2026-06-29T22:42:53.771+0000] {processor.py:208} INFO - Processing /home/airflow/.local/lib/python3.12/site-packages/airflow/example_dags/example_params_trigger_ui.py took 0.124 seconds
[2026-06-29T22:43:23.982+0000] {processor.py:186} INFO - Started process (PID=344) to work on /home/airflow/.local/lib/python3.12/site-packages/airflow/example_dags/example_params_trigger_ui.py
[2026-06-29T22:43:23.984+0000] {processor.py:914} INFO - Processing file /home/airflow/.local/lib/python3.12/site-packages/airflow/example_dags/example_params_trigger_ui.py for tasks to queue
[2026-06-29T22:43:23.987+0000] {logging_mixin.py:190} INFO - [2026-06-29T22:43:23.986+0000] {dagbag.py:588} INFO - Filling up the DagBag from /home/airflow/.local/lib/python3.12/site-packages/airflow/example_dags/example_params_trigger_ui.py
[2026-06-29T22:43:24.000+0000] {processor.py:925} INFO - DAG(s) 'example_params_trigger_ui' retrieved from /home/airflow/.local/lib/python3.12/site-packages/airflow/example_dags/example_params_trigger_ui.py
[2026-06-29T22:43:24.045+0000] {logging_mixin.py:190} INFO - [2026-06-29T22:43:24.044+0000] {dag.py:3239} INFO - Sync 1 DAGs
[2026-06-29T22:43:24.060+0000] {logging_mixin.py:190} INFO - [2026-06-29T22:43:24.059+0000] {dag.py:4180} INFO - Setting next_dagrun for example_params_trigger_ui to None, run_after=None
[2026-06-29T22:43:24.080+0000] {processor.py:208} INFO - Processing /home/airflow/.local/lib/python3.12/site-packages/airflow/example_dags/example_params_trigger_ui.py took 0.105 seconds
[2026-06-29T22:43:54.733+0000] {processor.py:186} INFO - Started process (PID=409) to work on /home/airflow/.local/lib/python3.12/site-packages/airflow/example_dags/example_params_trigger_ui.py
[2026-06-29T22:43:54.738+0000] {processor.py:914} INFO - Processing file /home/airflow/.local/lib/python3.12/site-packages/airflow/example_dags/example_params_trigger_ui.py for tasks to queue
[2026-06-29T22:43:54.747+0000] {logging_mixin.py:190} INFO - [2026-06-29T22:43:54.745+0000] {dagbag.py:588} INFO - Filling up the DagBag from /home/airflow/.local/lib/python3.12/site-packages/airflow/example_dags/example_params_trigger_ui.py
[2026-06-29T22:43:54.783+0000] {processor.py:925} INFO - DAG(s) 'example_params_trigger_ui' retrieved from /home/airflow/.local/lib/python3.12/site-packages/airflow/example_dags/example_params_trigger_ui.py
[2026-06-29T22:43:54.888+0000] {logging_mixin.py:190} INFO - [2026-06-29T22:43:54.888+0000] {dag.py:3239} INFO - Sync 1 DAGs
[2026-06-29T22:43:54.926+0000] {logging_mixin.py:190} INFO - [2026-06-29T22:43:54.925+0000] {dag.py:4180} INFO - Setting next_dagrun for example_params_trigger_ui to None, run_after=None
[2026-06-29T22:43:54.972+0000] {processor.py:208} INFO - Processing /home/airflow/.local/lib/python3.12/site-packages/airflow/example_dags/example_params_trigger_ui.py took 0.255 seconds
[2026-06-29T22:44:25.801+0000] {processor.py:186} INFO - Started process (PID=473) to work on /home/airflow/.local/lib/python3.12/site-packages/airflow/example_dags/example_params_trigger_ui.py
[2026-06-29T22:44:25.804+0000] {processor.py:914} INFO - Processing file /home/airflow/.local/lib/python3.12/site-packages/airflow/example_dags/example_params_trigger_ui.py for tasks to queue
[2026-06-29T22:44:25.809+0000] {logging_mixin.py:190} INFO - [2026-06-29T22:44:25.808+0000] {dagbag.py:588} INFO - Filling up the DagBag from /home/airflow/.local/lib/python3.12/site-packages/airflow/example_dags/example_params_trigger_ui.py
[2026-06-29T22:44:25.829+0000] {processor.py:925} INFO - DAG(s) 'example_params_trigger_ui' retrieved from /home/airflow/.local/lib/python3.12/site-packages/airflow/example_dags/example_params_trigger_ui.py
[2026-06-29T22:44:25.917+0000] {logging_mixin.py:190} INFO - [2026-06-29T22:44:25.916+0000] {dag.py:3239} INFO - Sync 1 DAGs
[2026-06-29T22:44:25.952+0000] {logging_mixin.py:190} INFO - [2026-06-29T22:44:25.952+0000] {dag.py:4180} INFO - Setting next_dagrun for example_params_trigger_ui to None, run_after=None
[2026-06-29T22:44:26.009+0000] {processor.py:208} INFO - Processing /home/airflow/.local/lib/python3.12/site-packages/airflow/example_dags/example_params_trigger_ui.py took 0.218 seconds
[2026-06-29T22:44:56.984+0000] {processor.py:186} INFO - Started process (PID=538) to work on /home/airflow/.local/lib/python3.12/site-packages/airflow/example_dags/example_params_trigger_ui.py
[2026-06-29T22:44:57.003+0000] {processor.py:914} INFO - Processing file /home/airflow/.local/lib/python3.12/site-packages/airflow/example_dags/example_params_trigger_ui.py for tasks to queue
[2026-06-29T22:44:57.039+0000] {logging_mixin.py:190} INFO - [2026-06-29T22:44:57.037+0000] {dagbag.py:588} INFO - Filling up the DagBag from /home/airflow/.local/lib/python3.12/site-packages/airflow/example_dags/example_params_trigger_ui.py
[2026-06-29T22:44:57.127+0000] {processor.py:925} INFO - DAG(s) 'example_params_trigger_ui' retrieved from /home/airflow/.local/lib/python3.12/site-packages/airflow/example_dags/example_params_trigger_ui.py
[2026-06-29T22:44:57.343+0000] {logging_mixin.py:190} INFO - [2026-06-29T22:44:57.343+0000] {dag.py:3239} INFO - Sync 1 DAGs
[2026-06-29T22:44:57.399+0000] {logging_mixin.py:190} INFO - [2026-06-29T22:44:57.399+0000] {dag.py:4180} INFO - Setting next_dagrun for example_params_trigger_ui to None, run_after=None
[2026-06-29T22:44:57.477+0000] {processor.py:208} INFO - Processing /home/airflow/.local/lib/python3.12/site-packages/airflow/example_dags/example_params_trigger_ui.py took 0.534 seconds
[2026-06-29T22:45:28.159+0000] {processor.py:186} INFO - Started process (PID=602) to work on /home/airflow/.local/lib/python3.12/site-packages/airflow/example_dags/example_params_trigger_ui.py
[2026-06-29T22:45:28.160+0000] {processor.py:914} INFO - Processing file /home/airflow/.local/lib/python3.12/site-packages/airflow/example_dags/example_params_trigger_ui.py for tasks to queue
[2026-06-29T22:45:28.163+0000] {logging_mixin.py:190} INFO - [2026-06-29T22:45:28.163+0000] {dagbag.py:588} INFO - Filling up the DagBag from /home/airflow/.local/lib/python3.12/site-packages/airflow/example_dags/example_params_trigger_ui.py
[2026-06-29T22:45:28.176+0000] {processor.py:925} INFO - DAG(s) 'example_params_trigger_ui' retrieved from /home/airflow/.local/lib/python3.12/site-packages/airflow/example_dags/example_params_trigger_ui.py
[2026-06-29T22:45:28.218+0000] {logging_mixin.py:190} INFO - [2026-06-29T22:45:28.218+0000] {dag.py:3239} INFO - Sync 1 DAGs
[2026-06-29T22:45:28.235+0000] {logging_mixin.py:190} INFO - [2026-06-29T22:45:28.234+0000] {dag.py:4180} INFO - Setting next_dagrun for example_params_trigger_ui to None, run_after=None
[2026-06-29T22:45:28.256+0000] {processor.py:208} INFO - Processing /home/airflow/.local/lib/python3.12/site-packages/airflow/example_dags/example_params_trigger_ui.py took 0.104 seconds
[2026-06-29T22:45:58.561+0000] {processor.py:186} INFO - Started process (PID=666) to work on /home/airflow/.local/lib/python3.12/site-packages/airflow/example_dags/example_params_trigger_ui.py
[2026-06-29T22:45:58.563+0000] {processor.py:914} INFO - Processing file /home/airflow/.local/lib/python3.12/site-packages/airflow/example_dags/example_params_trigger_ui.py for tasks to queue
[2026-06-29T22:45:58.568+0000] {logging_mixin.py:190} INFO - [2026-06-29T22:45:58.567+0000] {dagbag.py:588} INFO - Filling up the DagBag from /home/airflow/.local/lib/python3.12/site-packages/airflow/example_dags/example_params_trigger_ui.py
[2026-06-29T22:45:58.582+0000] {processor.py:925} INFO - DAG(s) 'example_params_trigger_ui' retrieved from /home/airflow/.local/lib/python3.12/site-packages/airflow/example_dags/example_params_trigger_ui.py
[2026-06-29T22:45:58.628+0000] {logging_mixin.py:190} INFO - [2026-06-29T22:45:58.627+0000] {dag.py:3239} INFO - Sync 1 DAGs
[2026-06-29T22:45:58.643+0000] {logging_mixin.py:190} INFO - [2026-06-29T22:45:58.643+0000] {dag.py:4180} INFO - Setting next_dagrun for example_params_trigger_ui to None, run_after=None
[2026-06-29T22:45:58.664+0000] {processor.py:208} INFO - Processing /home/airflow/.local/lib/python3.12/site-packages/airflow/example_dags/example_params_trigger_ui.py took 0.110 seconds
[2026-06-29T22:46:28.995+0000] {processor.py:186} INFO - Started process (PID=730) to work on /home/airflow/.local/lib/python3.12/site-packages/airflow/example_dags/example_params_trigger_ui.py
[2026-06-29T22:46:28.998+0000] {processor.py:914} INFO - Processing file /home/airflow/.local/lib/python3.12/site-packages/airflow/example_dags/example_params_trigger_ui.py for tasks to queue
[2026-06-29T22:46:29.007+0000] {logging_mixin.py:190} INFO - [2026-06-29T22:46:29.006+0000] {dagbag.py:588} INFO - Filling up the DagBag from /home/airflow/.local/lib/python3.12/site-packages/airflow/example_dags/example_params_trigger_ui.py
[2026-06-29T22:46:29.031+0000] {processor.py:925} INFO - DAG(s) 'example_params_trigger_ui' retrieved from /home/airflow/.local/lib/python3.12/site-packages/airflow/example_dags/example_params_trigger_ui.py
[2026-06-29T22:46:29.119+0000] {logging_mixin.py:190} INFO - [2026-06-29T22:46:29.118+0000] {dag.py:3239} INFO - Sync 1 DAGs
[2026-06-29T22:46:29.149+0000] {logging_mixin.py:190} INFO - [2026-06-29T22:46:29.148+0000] {dag.py:4180} INFO - Setting next_dagrun for example_params_trigger_ui to None, run_after=None
[2026-06-29T22:46:29.191+0000] {processor.py:208} INFO - Processing /home/airflow/.local/lib/python3.12/site-packages/airflow/example_dags/example_params_trigger_ui.py took 0.216 seconds
