[2026-06-29T21:56:54.352+0000] {processor.py:186} INFO - Started process (PID=79) to work on /home/airflow/.local/lib/python3.12/site-packages/airflow/example_dags/example_python_operator.py
[2026-06-29T21:56:54.354+0000] {processor.py:914} INFO - Processing file /home/airflow/.local/lib/python3.12/site-packages/airflow/example_dags/example_python_operator.py for tasks to queue
[2026-06-29T21:56:54.360+0000] {logging_mixin.py:190} INFO - [2026-06-29T21:56:54.360+0000] {dagbag.py:588} INFO - Filling up the DagBag from /home/airflow/.local/lib/python3.12/site-packages/airflow/example_dags/example_python_operator.py
[2026-06-29T21:56:54.387+0000] {processor.py:925} INFO - DAG(s) 'example_python_operator' retrieved from /home/airflow/.local/lib/python3.12/site-packages/airflow/example_dags/example_python_operator.py
[2026-06-29T21:56:54.555+0000] {logging_mixin.py:190} INFO - [2026-06-29T21:56:54.554+0000] {override.py:1912} INFO - Created Permission View: can edit on DAG:example_python_operator
[2026-06-29T21:56:54.576+0000] {logging_mixin.py:190} INFO - [2026-06-29T21:56:54.576+0000] {override.py:1912} INFO - Created Permission View: can read on DAG:example_python_operator
[2026-06-29T21:56:54.591+0000] {logging_mixin.py:190} INFO - [2026-06-29T21:56:54.590+0000] {override.py:1912} INFO - Created Permission View: can delete on DAG:example_python_operator
[2026-06-29T21:56:54.607+0000] {logging_mixin.py:190} INFO - [2026-06-29T21:56:54.607+0000] {override.py:1912} INFO - Created Permission View: can create on DAG Run:example_python_operator
[2026-06-29T21:56:54.620+0000] {logging_mixin.py:190} INFO - [2026-06-29T21:56:54.620+0000] {override.py:1912} INFO - Created Permission View: can read on DAG Run:example_python_operator
[2026-06-29T21:56:54.630+0000] {logging_mixin.py:190} INFO - [2026-06-29T21:56:54.630+0000] {override.py:1912} INFO - Created Permission View: can delete on DAG Run:example_python_operator
[2026-06-29T21:56:54.641+0000] {logging_mixin.py:190} INFO - [2026-06-29T21:56:54.641+0000] {override.py:1912} INFO - Created Permission View: menu access on DAG Run:example_python_operator
[2026-06-29T21:56:54.642+0000] {logging_mixin.py:190} INFO - [2026-06-29T21:56:54.642+0000] {dag.py:3239} INFO - Sync 1 DAGs
[2026-06-29T21:56:54.659+0000] {logging_mixin.py:190} INFO - [2026-06-29T21:56:54.659+0000] {dag.py:3262} INFO - Creating ORM DAG for example_python_operator
[2026-06-29T21:56:54.660+0000] {logging_mixin.py:190} INFO - [2026-06-29T21:56:54.660+0000] {dag.py:4180} INFO - Setting next_dagrun for example_python_operator to None, run_after=None
[2026-06-29T21:56:54.685+0000] {processor.py:208} INFO - Processing /home/airflow/.local/lib/python3.12/site-packages/airflow/example_dags/example_python_operator.py took 0.343 seconds
[2026-06-29T21:59:01.973+0000] {processor.py:186} INFO - Started process (PID=79) to work on /home/airflow/.local/lib/python3.12/site-packages/airflow/example_dags/example_python_operator.py
[2026-06-29T21:59:01.981+0000] {processor.py:914} INFO - Processing file /home/airflow/.local/lib/python3.12/site-packages/airflow/example_dags/example_python_operator.py for tasks to queue
[2026-06-29T21:59:01.990+0000] {logging_mixin.py:190} INFO - [2026-06-29T21:59:01.989+0000] {dagbag.py:588} INFO - Filling up the DagBag from /home/airflow/.local/lib/python3.12/site-packages/airflow/example_dags/example_python_operator.py
[2026-06-29T21:59:02.069+0000] {processor.py:925} INFO - DAG(s) 'example_python_operator' retrieved from /home/airflow/.local/lib/python3.12/site-packages/airflow/example_dags/example_python_operator.py
[2026-06-29T21:59:02.618+0000] {logging_mixin.py:190} INFO - [2026-06-29T21:59:02.617+0000] {dag.py:3239} INFO - Sync 1 DAGs
[2026-06-29T21:59:02.682+0000] {logging_mixin.py:190} INFO - [2026-06-29T21:59:02.682+0000] {dag.py:4180} INFO - Setting next_dagrun for example_python_operator to None, run_after=None
[2026-06-29T21:59:02.769+0000] {processor.py:208} INFO - Processing /home/airflow/.local/lib/python3.12/site-packages/airflow/example_dags/example_python_operator.py took 0.808 seconds
[2026-06-29T21:59:33.100+0000] {processor.py:186} INFO - Started process (PID=142) to work on /home/airflow/.local/lib/python3.12/site-packages/airflow/example_dags/example_python_operator.py
[2026-06-29T21:59:33.102+0000] {processor.py:914} INFO - Processing file /home/airflow/.local/lib/python3.12/site-packages/airflow/example_dags/example_python_operator.py for tasks to queue
[2026-06-29T21:59:33.109+0000] {logging_mixin.py:190} INFO - [2026-06-29T21:59:33.108+0000] {dagbag.py:588} INFO - Filling up the DagBag from /home/airflow/.local/lib/python3.12/site-packages/airflow/example_dags/example_python_operator.py
[2026-06-29T21:59:33.138+0000] {processor.py:925} INFO - DAG(s) 'example_python_operator' retrieved from /home/airflow/.local/lib/python3.12/site-packages/airflow/example_dags/example_python_operator.py
[2026-06-29T21:59:33.185+0000] {logging_mixin.py:190} INFO - [2026-06-29T21:59:33.184+0000] {dag.py:3239} INFO - Sync 1 DAGs
[2026-06-29T21:59:33.207+0000] {logging_mixin.py:190} INFO - [2026-06-29T21:59:33.207+0000] {dag.py:4180} INFO - Setting next_dagrun for example_python_operator to None, run_after=None
[2026-06-29T21:59:33.239+0000] {processor.py:208} INFO - Processing /home/airflow/.local/lib/python3.12/site-packages/airflow/example_dags/example_python_operator.py took 0.152 seconds
[2026-06-29T22:00:04.074+0000] {processor.py:186} INFO - Started process (PID=205) to work on /home/airflow/.local/lib/python3.12/site-packages/airflow/example_dags/example_python_operator.py
[2026-06-29T22:00:04.078+0000] {processor.py:914} INFO - Processing file /home/airflow/.local/lib/python3.12/site-packages/airflow/example_dags/example_python_operator.py for tasks to queue
[2026-06-29T22:00:04.081+0000] {logging_mixin.py:190} INFO - [2026-06-29T22:00:04.081+0000] {dagbag.py:588} INFO - Filling up the DagBag from /home/airflow/.local/lib/python3.12/site-packages/airflow/example_dags/example_python_operator.py
[2026-06-29T22:00:04.101+0000] {processor.py:925} INFO - DAG(s) 'example_python_operator' retrieved from /home/airflow/.local/lib/python3.12/site-packages/airflow/example_dags/example_python_operator.py
[2026-06-29T22:00:04.149+0000] {logging_mixin.py:190} INFO - [2026-06-29T22:00:04.149+0000] {dag.py:3239} INFO - Sync 1 DAGs
[2026-06-29T22:00:04.177+0000] {logging_mixin.py:190} INFO - [2026-06-29T22:00:04.176+0000] {dag.py:4180} INFO - Setting next_dagrun for example_python_operator to None, run_after=None
[2026-06-29T22:00:04.219+0000] {processor.py:208} INFO - Processing /home/airflow/.local/lib/python3.12/site-packages/airflow/example_dags/example_python_operator.py took 0.155 seconds
[2026-06-29T22:00:34.729+0000] {processor.py:186} INFO - Started process (PID=269) to work on /home/airflow/.local/lib/python3.12/site-packages/airflow/example_dags/example_python_operator.py
[2026-06-29T22:00:34.732+0000] {processor.py:914} INFO - Processing file /home/airflow/.local/lib/python3.12/site-packages/airflow/example_dags/example_python_operator.py for tasks to queue
[2026-06-29T22:00:34.739+0000] {logging_mixin.py:190} INFO - [2026-06-29T22:00:34.738+0000] {dagbag.py:588} INFO - Filling up the DagBag from /home/airflow/.local/lib/python3.12/site-packages/airflow/example_dags/example_python_operator.py
[2026-06-29T22:00:34.768+0000] {processor.py:925} INFO - DAG(s) 'example_python_operator' retrieved from /home/airflow/.local/lib/python3.12/site-packages/airflow/example_dags/example_python_operator.py
[2026-06-29T22:00:34.842+0000] {logging_mixin.py:190} INFO - [2026-06-29T22:00:34.842+0000] {dag.py:3239} INFO - Sync 1 DAGs
[2026-06-29T22:00:34.868+0000] {logging_mixin.py:190} INFO - [2026-06-29T22:00:34.867+0000] {dag.py:4180} INFO - Setting next_dagrun for example_python_operator to None, run_after=None
[2026-06-29T22:00:34.922+0000] {processor.py:208} INFO - Processing /home/airflow/.local/lib/python3.12/site-packages/airflow/example_dags/example_python_operator.py took 0.212 seconds
[2026-06-29T22:01:05.689+0000] {processor.py:186} INFO - Started process (PID=332) to work on /home/airflow/.local/lib/python3.12/site-packages/airflow/example_dags/example_python_operator.py
[2026-06-29T22:01:05.693+0000] {processor.py:914} INFO - Processing file /home/airflow/.local/lib/python3.12/site-packages/airflow/example_dags/example_python_operator.py for tasks to queue
[2026-06-29T22:01:05.697+0000] {logging_mixin.py:190} INFO - [2026-06-29T22:01:05.697+0000] {dagbag.py:588} INFO - Filling up the DagBag from /home/airflow/.local/lib/python3.12/site-packages/airflow/example_dags/example_python_operator.py
[2026-06-29T22:01:05.718+0000] {processor.py:925} INFO - DAG(s) 'example_python_operator' retrieved from /home/airflow/.local/lib/python3.12/site-packages/airflow/example_dags/example_python_operator.py
[2026-06-29T22:01:05.759+0000] {logging_mixin.py:190} INFO - [2026-06-29T22:01:05.759+0000] {dag.py:3239} INFO - Sync 1 DAGs
[2026-06-29T22:01:05.785+0000] {logging_mixin.py:190} INFO - [2026-06-29T22:01:05.784+0000] {dag.py:4180} INFO - Setting next_dagrun for example_python_operator to None, run_after=None
[2026-06-29T22:01:05.818+0000] {processor.py:208} INFO - Processing /home/airflow/.local/lib/python3.12/site-packages/airflow/example_dags/example_python_operator.py took 0.138 seconds
[2026-06-29T22:01:36.158+0000] {processor.py:186} INFO - Started process (PID=395) to work on /home/airflow/.local/lib/python3.12/site-packages/airflow/example_dags/example_python_operator.py
[2026-06-29T22:01:36.161+0000] {processor.py:914} INFO - Processing file /home/airflow/.local/lib/python3.12/site-packages/airflow/example_dags/example_python_operator.py for tasks to queue
[2026-06-29T22:01:36.172+0000] {logging_mixin.py:190} INFO - [2026-06-29T22:01:36.170+0000] {dagbag.py:588} INFO - Filling up the DagBag from /home/airflow/.local/lib/python3.12/site-packages/airflow/example_dags/example_python_operator.py
[2026-06-29T22:01:36.236+0000] {processor.py:925} INFO - DAG(s) 'example_python_operator' retrieved from /home/airflow/.local/lib/python3.12/site-packages/airflow/example_dags/example_python_operator.py
[2026-06-29T22:01:36.513+0000] {logging_mixin.py:190} INFO - [2026-06-29T22:01:36.513+0000] {dag.py:3239} INFO - Sync 1 DAGs
[2026-06-29T22:01:36.598+0000] {logging_mixin.py:190} INFO - [2026-06-29T22:01:36.597+0000] {dag.py:4180} INFO - Setting next_dagrun for example_python_operator to None, run_after=None
[2026-06-29T22:01:36.683+0000] {processor.py:208} INFO - Processing /home/airflow/.local/lib/python3.12/site-packages/airflow/example_dags/example_python_operator.py took 0.534 seconds
[2026-06-29T22:02:07.117+0000] {processor.py:186} INFO - Started process (PID=458) to work on /home/airflow/.local/lib/python3.12/site-packages/airflow/example_dags/example_python_operator.py
[2026-06-29T22:02:07.118+0000] {processor.py:914} INFO - Processing file /home/airflow/.local/lib/python3.12/site-packages/airflow/example_dags/example_python_operator.py for tasks to queue
[2026-06-29T22:02:07.121+0000] {logging_mixin.py:190} INFO - [2026-06-29T22:02:07.121+0000] {dagbag.py:588} INFO - Filling up the DagBag from /home/airflow/.local/lib/python3.12/site-packages/airflow/example_dags/example_python_operator.py
[2026-06-29T22:02:07.136+0000] {processor.py:925} INFO - DAG(s) 'example_python_operator' retrieved from /home/airflow/.local/lib/python3.12/site-packages/airflow/example_dags/example_python_operator.py
[2026-06-29T22:02:07.159+0000] {logging_mixin.py:190} INFO - [2026-06-29T22:02:07.159+0000] {dag.py:3239} INFO - Sync 1 DAGs
[2026-06-29T22:02:07.173+0000] {logging_mixin.py:190} INFO - [2026-06-29T22:02:07.173+0000] {dag.py:4180} INFO - Setting next_dagrun for example_python_operator to None, run_after=None
[2026-06-29T22:02:07.197+0000] {processor.py:208} INFO - Processing /home/airflow/.local/lib/python3.12/site-packages/airflow/example_dags/example_python_operator.py took 0.086 seconds
[2026-06-29T22:02:38.423+0000] {processor.py:186} INFO - Started process (PID=521) to work on /home/airflow/.local/lib/python3.12/site-packages/airflow/example_dags/example_python_operator.py
[2026-06-29T22:02:38.429+0000] {processor.py:914} INFO - Processing file /home/airflow/.local/lib/python3.12/site-packages/airflow/example_dags/example_python_operator.py for tasks to queue
[2026-06-29T22:02:38.457+0000] {logging_mixin.py:190} INFO - [2026-06-29T22:02:38.455+0000] {dagbag.py:588} INFO - Filling up the DagBag from /home/airflow/.local/lib/python3.12/site-packages/airflow/example_dags/example_python_operator.py
[2026-06-29T22:02:38.588+0000] {processor.py:925} INFO - DAG(s) 'example_python_operator' retrieved from /home/airflow/.local/lib/python3.12/site-packages/airflow/example_dags/example_python_operator.py
[2026-06-29T22:02:38.755+0000] {logging_mixin.py:190} INFO - [2026-06-29T22:02:38.754+0000] {dag.py:3239} INFO - Sync 1 DAGs
[2026-06-29T22:02:38.916+0000] {logging_mixin.py:190} INFO - [2026-06-29T22:02:38.915+0000] {dag.py:4180} INFO - Setting next_dagrun for example_python_operator to None, run_after=None
[2026-06-29T22:02:39.025+0000] {processor.py:208} INFO - Processing /home/airflow/.local/lib/python3.12/site-packages/airflow/example_dags/example_python_operator.py took 0.653 seconds
[2026-06-29T22:03:09.088+0000] {processor.py:186} INFO - Started process (PID=584) to work on /home/airflow/.local/lib/python3.12/site-packages/airflow/example_dags/example_python_operator.py
[2026-06-29T22:03:09.089+0000] {processor.py:914} INFO - Processing file /home/airflow/.local/lib/python3.12/site-packages/airflow/example_dags/example_python_operator.py for tasks to queue
[2026-06-29T22:03:09.092+0000] {logging_mixin.py:190} INFO - [2026-06-29T22:03:09.092+0000] {dagbag.py:588} INFO - Filling up the DagBag from /home/airflow/.local/lib/python3.12/site-packages/airflow/example_dags/example_python_operator.py
[2026-06-29T22:03:09.109+0000] {processor.py:925} INFO - DAG(s) 'example_python_operator' retrieved from /home/airflow/.local/lib/python3.12/site-packages/airflow/example_dags/example_python_operator.py
[2026-06-29T22:03:09.135+0000] {logging_mixin.py:190} INFO - [2026-06-29T22:03:09.134+0000] {dag.py:3239} INFO - Sync 1 DAGs
[2026-06-29T22:03:09.149+0000] {logging_mixin.py:190} INFO - [2026-06-29T22:03:09.149+0000] {dag.py:4180} INFO - Setting next_dagrun for example_python_operator to None, run_after=None
[2026-06-29T22:03:09.170+0000] {processor.py:208} INFO - Processing /home/airflow/.local/lib/python3.12/site-packages/airflow/example_dags/example_python_operator.py took 0.088 seconds
[2026-06-29T22:03:39.948+0000] {processor.py:186} INFO - Started process (PID=646) to work on /home/airflow/.local/lib/python3.12/site-packages/airflow/example_dags/example_python_operator.py
[2026-06-29T22:03:39.951+0000] {processor.py:914} INFO - Processing file /home/airflow/.local/lib/python3.12/site-packages/airflow/example_dags/example_python_operator.py for tasks to queue
[2026-06-29T22:03:39.956+0000] {logging_mixin.py:190} INFO - [2026-06-29T22:03:39.956+0000] {dagbag.py:588} INFO - Filling up the DagBag from /home/airflow/.local/lib/python3.12/site-packages/airflow/example_dags/example_python_operator.py
[2026-06-29T22:03:39.981+0000] {processor.py:925} INFO - DAG(s) 'example_python_operator' retrieved from /home/airflow/.local/lib/python3.12/site-packages/airflow/example_dags/example_python_operator.py
[2026-06-29T22:03:40.026+0000] {logging_mixin.py:190} INFO - [2026-06-29T22:03:40.025+0000] {dag.py:3239} INFO - Sync 1 DAGs
[2026-06-29T22:03:40.058+0000] {logging_mixin.py:190} INFO - [2026-06-29T22:03:40.058+0000] {dag.py:4180} INFO - Setting next_dagrun for example_python_operator to None, run_after=None
[2026-06-29T22:03:40.116+0000] {processor.py:208} INFO - Processing /home/airflow/.local/lib/python3.12/site-packages/airflow/example_dags/example_python_operator.py took 0.182 seconds
[2026-06-29T22:04:10.745+0000] {processor.py:186} INFO - Started process (PID=710) to work on /home/airflow/.local/lib/python3.12/site-packages/airflow/example_dags/example_python_operator.py
[2026-06-29T22:04:10.749+0000] {processor.py:914} INFO - Processing file /home/airflow/.local/lib/python3.12/site-packages/airflow/example_dags/example_python_operator.py for tasks to queue
[2026-06-29T22:04:10.757+0000] {logging_mixin.py:190} INFO - [2026-06-29T22:04:10.755+0000] {dagbag.py:588} INFO - Filling up the DagBag from /home/airflow/.local/lib/python3.12/site-packages/airflow/example_dags/example_python_operator.py
[2026-06-29T22:04:10.781+0000] {processor.py:925} INFO - DAG(s) 'example_python_operator' retrieved from /home/airflow/.local/lib/python3.12/site-packages/airflow/example_dags/example_python_operator.py
[2026-06-29T22:04:10.819+0000] {logging_mixin.py:190} INFO - [2026-06-29T22:04:10.819+0000] {dag.py:3239} INFO - Sync 1 DAGs
[2026-06-29T22:04:10.839+0000] {logging_mixin.py:190} INFO - [2026-06-29T22:04:10.839+0000] {dag.py:4180} INFO - Setting next_dagrun for example_python_operator to None, run_after=None
[2026-06-29T22:04:10.872+0000] {processor.py:208} INFO - Processing /home/airflow/.local/lib/python3.12/site-packages/airflow/example_dags/example_python_operator.py took 0.144 seconds
[2026-06-29T22:04:48.325+0000] {processor.py:186} INFO - Started process (PID=773) to work on /home/airflow/.local/lib/python3.12/site-packages/airflow/example_dags/example_python_operator.py
[2026-06-29T22:04:48.331+0000] {processor.py:914} INFO - Processing file /home/airflow/.local/lib/python3.12/site-packages/airflow/example_dags/example_python_operator.py for tasks to queue
[2026-06-29T22:04:48.355+0000] {logging_mixin.py:190} INFO - [2026-06-29T22:04:48.353+0000] {dagbag.py:588} INFO - Filling up the DagBag from /home/airflow/.local/lib/python3.12/site-packages/airflow/example_dags/example_python_operator.py
[2026-06-29T22:04:48.382+0000] {processor.py:925} INFO - DAG(s) 'example_python_operator' retrieved from /home/airflow/.local/lib/python3.12/site-packages/airflow/example_dags/example_python_operator.py
[2026-06-29T22:04:48.507+0000] {logging_mixin.py:190} INFO - [2026-06-29T22:04:48.506+0000] {dag.py:3239} INFO - Sync 1 DAGs
[2026-06-29T22:04:48.562+0000] {logging_mixin.py:190} INFO - [2026-06-29T22:04:48.562+0000] {dag.py:4180} INFO - Setting next_dagrun for example_python_operator to None, run_after=None
[2026-06-29T22:04:48.640+0000] {processor.py:208} INFO - Processing /home/airflow/.local/lib/python3.12/site-packages/airflow/example_dags/example_python_operator.py took 0.324 seconds
[2026-06-29T22:05:19.595+0000] {processor.py:186} INFO - Started process (PID=837) to work on /home/airflow/.local/lib/python3.12/site-packages/airflow/example_dags/example_python_operator.py
[2026-06-29T22:05:19.597+0000] {processor.py:914} INFO - Processing file /home/airflow/.local/lib/python3.12/site-packages/airflow/example_dags/example_python_operator.py for tasks to queue
[2026-06-29T22:05:19.600+0000] {logging_mixin.py:190} INFO - [2026-06-29T22:05:19.600+0000] {dagbag.py:588} INFO - Filling up the DagBag from /home/airflow/.local/lib/python3.12/site-packages/airflow/example_dags/example_python_operator.py
[2026-06-29T22:05:19.617+0000] {processor.py:925} INFO - DAG(s) 'example_python_operator' retrieved from /home/airflow/.local/lib/python3.12/site-packages/airflow/example_dags/example_python_operator.py
[2026-06-29T22:05:19.645+0000] {logging_mixin.py:190} INFO - [2026-06-29T22:05:19.645+0000] {dag.py:3239} INFO - Sync 1 DAGs
[2026-06-29T22:05:19.665+0000] {logging_mixin.py:190} INFO - [2026-06-29T22:05:19.665+0000] {dag.py:4180} INFO - Setting next_dagrun for example_python_operator to None, run_after=None
[2026-06-29T22:05:19.691+0000] {processor.py:208} INFO - Processing /home/airflow/.local/lib/python3.12/site-packages/airflow/example_dags/example_python_operator.py took 0.104 seconds
[2026-06-29T22:05:50.529+0000] {processor.py:186} INFO - Started process (PID=902) to work on /home/airflow/.local/lib/python3.12/site-packages/airflow/example_dags/example_python_operator.py
[2026-06-29T22:05:50.530+0000] {processor.py:914} INFO - Processing file /home/airflow/.local/lib/python3.12/site-packages/airflow/example_dags/example_python_operator.py for tasks to queue
[2026-06-29T22:05:50.533+0000] {logging_mixin.py:190} INFO - [2026-06-29T22:05:50.533+0000] {dagbag.py:588} INFO - Filling up the DagBag from /home/airflow/.local/lib/python3.12/site-packages/airflow/example_dags/example_python_operator.py
[2026-06-29T22:05:50.546+0000] {processor.py:925} INFO - DAG(s) 'example_python_operator' retrieved from /home/airflow/.local/lib/python3.12/site-packages/airflow/example_dags/example_python_operator.py
[2026-06-29T22:05:50.570+0000] {logging_mixin.py:190} INFO - [2026-06-29T22:05:50.569+0000] {dag.py:3239} INFO - Sync 1 DAGs
[2026-06-29T22:05:50.585+0000] {logging_mixin.py:190} INFO - [2026-06-29T22:05:50.585+0000] {dag.py:4180} INFO - Setting next_dagrun for example_python_operator to None, run_after=None
[2026-06-29T22:05:50.608+0000] {processor.py:208} INFO - Processing /home/airflow/.local/lib/python3.12/site-packages/airflow/example_dags/example_python_operator.py took 0.086 seconds
[2026-06-29T22:08:17.960+0000] {processor.py:186} INFO - Started process (PID=87) to work on /home/airflow/.local/lib/python3.12/site-packages/airflow/example_dags/example_python_operator.py
[2026-06-29T22:08:17.965+0000] {processor.py:914} INFO - Processing file /home/airflow/.local/lib/python3.12/site-packages/airflow/example_dags/example_python_operator.py for tasks to queue
[2026-06-29T22:08:17.979+0000] {logging_mixin.py:190} INFO - [2026-06-29T22:08:17.979+0000] {dagbag.py:588} INFO - Filling up the DagBag from /home/airflow/.local/lib/python3.12/site-packages/airflow/example_dags/example_python_operator.py
[2026-06-29T22:08:18.031+0000] {processor.py:925} INFO - DAG(s) 'example_python_operator' retrieved from /home/airflow/.local/lib/python3.12/site-packages/airflow/example_dags/example_python_operator.py
[2026-06-29T22:08:18.722+0000] {logging_mixin.py:190} INFO - [2026-06-29T22:08:18.722+0000] {dag.py:3239} INFO - Sync 1 DAGs
[2026-06-29T22:08:18.751+0000] {logging_mixin.py:190} INFO - [2026-06-29T22:08:18.751+0000] {dag.py:4180} INFO - Setting next_dagrun for example_python_operator to None, run_after=None
[2026-06-29T22:08:18.800+0000] {processor.py:208} INFO - Processing /home/airflow/.local/lib/python3.12/site-packages/airflow/example_dags/example_python_operator.py took 0.851 seconds
[2026-06-29T22:08:51.503+0000] {processor.py:186} INFO - Started process (PID=151) to work on /home/airflow/.local/lib/python3.12/site-packages/airflow/example_dags/example_python_operator.py
[2026-06-29T22:08:51.514+0000] {processor.py:914} INFO - Processing file /home/airflow/.local/lib/python3.12/site-packages/airflow/example_dags/example_python_operator.py for tasks to queue
[2026-06-29T22:08:51.538+0000] {logging_mixin.py:190} INFO - [2026-06-29T22:08:51.536+0000] {dagbag.py:588} INFO - Filling up the DagBag from /home/airflow/.local/lib/python3.12/site-packages/airflow/example_dags/example_python_operator.py
[2026-06-29T22:08:51.637+0000] {processor.py:925} INFO - DAG(s) 'example_python_operator' retrieved from /home/airflow/.local/lib/python3.12/site-packages/airflow/example_dags/example_python_operator.py
[2026-06-29T22:08:51.789+0000] {logging_mixin.py:190} INFO - [2026-06-29T22:08:51.788+0000] {dag.py:3239} INFO - Sync 1 DAGs
[2026-06-29T22:08:51.849+0000] {logging_mixin.py:190} INFO - [2026-06-29T22:08:51.849+0000] {dag.py:4180} INFO - Setting next_dagrun for example_python_operator to None, run_after=None
[2026-06-29T22:08:51.935+0000] {processor.py:208} INFO - Processing /home/airflow/.local/lib/python3.12/site-packages/airflow/example_dags/example_python_operator.py took 0.457 seconds
[2026-06-29T22:09:22.766+0000] {processor.py:186} INFO - Started process (PID=215) to work on /home/airflow/.local/lib/python3.12/site-packages/airflow/example_dags/example_python_operator.py
[2026-06-29T22:09:22.769+0000] {processor.py:914} INFO - Processing file /home/airflow/.local/lib/python3.12/site-packages/airflow/example_dags/example_python_operator.py for tasks to queue
[2026-06-29T22:09:22.776+0000] {logging_mixin.py:190} INFO - [2026-06-29T22:09:22.775+0000] {dagbag.py:588} INFO - Filling up the DagBag from /home/airflow/.local/lib/python3.12/site-packages/airflow/example_dags/example_python_operator.py
[2026-06-29T22:09:22.805+0000] {processor.py:925} INFO - DAG(s) 'example_python_operator' retrieved from /home/airflow/.local/lib/python3.12/site-packages/airflow/example_dags/example_python_operator.py
[2026-06-29T22:09:22.848+0000] {logging_mixin.py:190} INFO - [2026-06-29T22:09:22.848+0000] {dag.py:3239} INFO - Sync 1 DAGs
[2026-06-29T22:09:22.877+0000] {logging_mixin.py:190} INFO - [2026-06-29T22:09:22.877+0000] {dag.py:4180} INFO - Setting next_dagrun for example_python_operator to None, run_after=None
[2026-06-29T22:09:22.920+0000] {processor.py:208} INFO - Processing /home/airflow/.local/lib/python3.12/site-packages/airflow/example_dags/example_python_operator.py took 0.168 seconds
[2026-06-29T22:09:53.356+0000] {processor.py:186} INFO - Started process (PID=279) to work on /home/airflow/.local/lib/python3.12/site-packages/airflow/example_dags/example_python_operator.py
[2026-06-29T22:09:53.367+0000] {processor.py:914} INFO - Processing file /home/airflow/.local/lib/python3.12/site-packages/airflow/example_dags/example_python_operator.py for tasks to queue
[2026-06-29T22:09:53.380+0000] {logging_mixin.py:190} INFO - [2026-06-29T22:09:53.379+0000] {dagbag.py:588} INFO - Filling up the DagBag from /home/airflow/.local/lib/python3.12/site-packages/airflow/example_dags/example_python_operator.py
[2026-06-29T22:09:53.426+0000] {processor.py:925} INFO - DAG(s) 'example_python_operator' retrieved from /home/airflow/.local/lib/python3.12/site-packages/airflow/example_dags/example_python_operator.py
[2026-06-29T22:09:53.523+0000] {logging_mixin.py:190} INFO - [2026-06-29T22:09:53.522+0000] {dag.py:3239} INFO - Sync 1 DAGs
[2026-06-29T22:09:53.593+0000] {logging_mixin.py:190} INFO - [2026-06-29T22:09:53.593+0000] {dag.py:4180} INFO - Setting next_dagrun for example_python_operator to None, run_after=None
[2026-06-29T22:09:53.678+0000] {processor.py:208} INFO - Processing /home/airflow/.local/lib/python3.12/site-packages/airflow/example_dags/example_python_operator.py took 0.342 seconds
[2026-06-29T22:10:23.871+0000] {processor.py:186} INFO - Started process (PID=344) to work on /home/airflow/.local/lib/python3.12/site-packages/airflow/example_dags/example_python_operator.py
[2026-06-29T22:10:23.873+0000] {processor.py:914} INFO - Processing file /home/airflow/.local/lib/python3.12/site-packages/airflow/example_dags/example_python_operator.py for tasks to queue
[2026-06-29T22:10:23.878+0000] {logging_mixin.py:190} INFO - [2026-06-29T22:10:23.877+0000] {dagbag.py:588} INFO - Filling up the DagBag from /home/airflow/.local/lib/python3.12/site-packages/airflow/example_dags/example_python_operator.py
[2026-06-29T22:10:23.902+0000] {processor.py:925} INFO - DAG(s) 'example_python_operator' retrieved from /home/airflow/.local/lib/python3.12/site-packages/airflow/example_dags/example_python_operator.py
[2026-06-29T22:10:23.944+0000] {logging_mixin.py:190} INFO - [2026-06-29T22:10:23.943+0000] {dag.py:3239} INFO - Sync 1 DAGs
[2026-06-29T22:10:23.967+0000] {logging_mixin.py:190} INFO - [2026-06-29T22:10:23.966+0000] {dag.py:4180} INFO - Setting next_dagrun for example_python_operator to None, run_after=None
[2026-06-29T22:10:24.022+0000] {processor.py:208} INFO - Processing /home/airflow/.local/lib/python3.12/site-packages/airflow/example_dags/example_python_operator.py took 0.163 seconds
[2026-06-29T22:10:54.817+0000] {processor.py:186} INFO - Started process (PID=408) to work on /home/airflow/.local/lib/python3.12/site-packages/airflow/example_dags/example_python_operator.py
[2026-06-29T22:10:54.819+0000] {processor.py:914} INFO - Processing file /home/airflow/.local/lib/python3.12/site-packages/airflow/example_dags/example_python_operator.py for tasks to queue
[2026-06-29T22:10:54.823+0000] {logging_mixin.py:190} INFO - [2026-06-29T22:10:54.822+0000] {dagbag.py:588} INFO - Filling up the DagBag from /home/airflow/.local/lib/python3.12/site-packages/airflow/example_dags/example_python_operator.py
[2026-06-29T22:10:54.842+0000] {processor.py:925} INFO - DAG(s) 'example_python_operator' retrieved from /home/airflow/.local/lib/python3.12/site-packages/airflow/example_dags/example_python_operator.py
[2026-06-29T22:10:54.876+0000] {logging_mixin.py:190} INFO - [2026-06-29T22:10:54.876+0000] {dag.py:3239} INFO - Sync 1 DAGs
[2026-06-29T22:10:54.897+0000] {logging_mixin.py:190} INFO - [2026-06-29T22:10:54.897+0000] {dag.py:4180} INFO - Setting next_dagrun for example_python_operator to None, run_after=None
[2026-06-29T22:10:54.932+0000] {processor.py:208} INFO - Processing /home/airflow/.local/lib/python3.12/site-packages/airflow/example_dags/example_python_operator.py took 0.125 seconds
[2026-06-29T22:11:25.434+0000] {processor.py:186} INFO - Started process (PID=472) to work on /home/airflow/.local/lib/python3.12/site-packages/airflow/example_dags/example_python_operator.py
[2026-06-29T22:11:25.437+0000] {processor.py:914} INFO - Processing file /home/airflow/.local/lib/python3.12/site-packages/airflow/example_dags/example_python_operator.py for tasks to queue
[2026-06-29T22:11:25.446+0000] {logging_mixin.py:190} INFO - [2026-06-29T22:11:25.444+0000] {dagbag.py:588} INFO - Filling up the DagBag from /home/airflow/.local/lib/python3.12/site-packages/airflow/example_dags/example_python_operator.py
[2026-06-29T22:11:25.474+0000] {processor.py:925} INFO - DAG(s) 'example_python_operator' retrieved from /home/airflow/.local/lib/python3.12/site-packages/airflow/example_dags/example_python_operator.py
[2026-06-29T22:11:25.526+0000] {logging_mixin.py:190} INFO - [2026-06-29T22:11:25.525+0000] {dag.py:3239} INFO - Sync 1 DAGs
[2026-06-29T22:11:25.552+0000] {logging_mixin.py:190} INFO - [2026-06-29T22:11:25.552+0000] {dag.py:4180} INFO - Setting next_dagrun for example_python_operator to None, run_after=None
[2026-06-29T22:11:25.589+0000] {processor.py:208} INFO - Processing /home/airflow/.local/lib/python3.12/site-packages/airflow/example_dags/example_python_operator.py took 0.166 seconds
[2026-06-29T22:11:57.019+0000] {processor.py:186} INFO - Started process (PID=536) to work on /home/airflow/.local/lib/python3.12/site-packages/airflow/example_dags/example_python_operator.py
[2026-06-29T22:11:57.022+0000] {processor.py:914} INFO - Processing file /home/airflow/.local/lib/python3.12/site-packages/airflow/example_dags/example_python_operator.py for tasks to queue
[2026-06-29T22:11:57.027+0000] {logging_mixin.py:190} INFO - [2026-06-29T22:11:57.026+0000] {dagbag.py:588} INFO - Filling up the DagBag from /home/airflow/.local/lib/python3.12/site-packages/airflow/example_dags/example_python_operator.py
[2026-06-29T22:11:57.048+0000] {processor.py:925} INFO - DAG(s) 'example_python_operator' retrieved from /home/airflow/.local/lib/python3.12/site-packages/airflow/example_dags/example_python_operator.py
[2026-06-29T22:11:57.083+0000] {logging_mixin.py:190} INFO - [2026-06-29T22:11:57.083+0000] {dag.py:3239} INFO - Sync 1 DAGs
[2026-06-29T22:11:57.105+0000] {logging_mixin.py:190} INFO - [2026-06-29T22:11:57.104+0000] {dag.py:4180} INFO - Setting next_dagrun for example_python_operator to None, run_after=None
[2026-06-29T22:11:57.132+0000] {processor.py:208} INFO - Processing /home/airflow/.local/lib/python3.12/site-packages/airflow/example_dags/example_python_operator.py took 0.121 seconds
[2026-06-29T22:12:31.808+0000] {processor.py:186} INFO - Started process (PID=598) to work on /home/airflow/.local/lib/python3.12/site-packages/airflow/example_dags/example_python_operator.py
[2026-06-29T22:12:31.821+0000] {processor.py:914} INFO - Processing file /home/airflow/.local/lib/python3.12/site-packages/airflow/example_dags/example_python_operator.py for tasks to queue
[2026-06-29T22:12:31.856+0000] {logging_mixin.py:190} INFO - [2026-06-29T22:12:31.847+0000] {dagbag.py:588} INFO - Filling up the DagBag from /home/airflow/.local/lib/python3.12/site-packages/airflow/example_dags/example_python_operator.py
[2026-06-29T22:12:31.948+0000] {processor.py:925} INFO - DAG(s) 'example_python_operator' retrieved from /home/airflow/.local/lib/python3.12/site-packages/airflow/example_dags/example_python_operator.py
[2026-06-29T22:12:32.141+0000] {logging_mixin.py:190} INFO - [2026-06-29T22:12:32.129+0000] {dag.py:3239} INFO - Sync 1 DAGs
[2026-06-29T22:12:32.208+0000] {logging_mixin.py:190} INFO - [2026-06-29T22:12:32.207+0000] {dag.py:4180} INFO - Setting next_dagrun for example_python_operator to None, run_after=None
[2026-06-29T22:12:32.425+0000] {processor.py:208} INFO - Processing /home/airflow/.local/lib/python3.12/site-packages/airflow/example_dags/example_python_operator.py took 0.633 seconds
[2026-06-29T22:13:02.873+0000] {processor.py:186} INFO - Started process (PID=662) to work on /home/airflow/.local/lib/python3.12/site-packages/airflow/example_dags/example_python_operator.py
[2026-06-29T22:13:02.875+0000] {processor.py:914} INFO - Processing file /home/airflow/.local/lib/python3.12/site-packages/airflow/example_dags/example_python_operator.py for tasks to queue
[2026-06-29T22:13:02.878+0000] {logging_mixin.py:190} INFO - [2026-06-29T22:13:02.878+0000] {dagbag.py:588} INFO - Filling up the DagBag from /home/airflow/.local/lib/python3.12/site-packages/airflow/example_dags/example_python_operator.py
[2026-06-29T22:13:02.893+0000] {processor.py:925} INFO - DAG(s) 'example_python_operator' retrieved from /home/airflow/.local/lib/python3.12/site-packages/airflow/example_dags/example_python_operator.py
[2026-06-29T22:13:02.922+0000] {logging_mixin.py:190} INFO - [2026-06-29T22:13:02.922+0000] {dag.py:3239} INFO - Sync 1 DAGs
[2026-06-29T22:13:02.942+0000] {logging_mixin.py:190} INFO - [2026-06-29T22:13:02.942+0000] {dag.py:4180} INFO - Setting next_dagrun for example_python_operator to None, run_after=None
[2026-06-29T22:13:02.970+0000] {processor.py:208} INFO - Processing /home/airflow/.local/lib/python3.12/site-packages/airflow/example_dags/example_python_operator.py took 0.108 seconds
[2026-06-29T22:13:34.862+0000] {processor.py:186} INFO - Started process (PID=726) to work on /home/airflow/.local/lib/python3.12/site-packages/airflow/example_dags/example_python_operator.py
[2026-06-29T22:13:34.875+0000] {processor.py:914} INFO - Processing file /home/airflow/.local/lib/python3.12/site-packages/airflow/example_dags/example_python_operator.py for tasks to queue
[2026-06-29T22:13:34.879+0000] {logging_mixin.py:190} INFO - [2026-06-29T22:13:34.879+0000] {dagbag.py:588} INFO - Filling up the DagBag from /home/airflow/.local/lib/python3.12/site-packages/airflow/example_dags/example_python_operator.py
[2026-06-29T22:13:34.917+0000] {processor.py:925} INFO - DAG(s) 'example_python_operator' retrieved from /home/airflow/.local/lib/python3.12/site-packages/airflow/example_dags/example_python_operator.py
[2026-06-29T22:13:35.006+0000] {logging_mixin.py:190} INFO - [2026-06-29T22:13:35.004+0000] {dag.py:3239} INFO - Sync 1 DAGs
[2026-06-29T22:13:35.074+0000] {logging_mixin.py:190} INFO - [2026-06-29T22:13:35.074+0000] {dag.py:4180} INFO - Setting next_dagrun for example_python_operator to None, run_after=None
[2026-06-29T22:13:35.207+0000] {processor.py:208} INFO - Processing /home/airflow/.local/lib/python3.12/site-packages/airflow/example_dags/example_python_operator.py took 0.370 seconds
[2026-06-29T22:14:05.852+0000] {processor.py:186} INFO - Started process (PID=791) to work on /home/airflow/.local/lib/python3.12/site-packages/airflow/example_dags/example_python_operator.py
[2026-06-29T22:14:05.854+0000] {processor.py:914} INFO - Processing file /home/airflow/.local/lib/python3.12/site-packages/airflow/example_dags/example_python_operator.py for tasks to queue
[2026-06-29T22:14:05.861+0000] {logging_mixin.py:190} INFO - [2026-06-29T22:14:05.860+0000] {dagbag.py:588} INFO - Filling up the DagBag from /home/airflow/.local/lib/python3.12/site-packages/airflow/example_dags/example_python_operator.py
[2026-06-29T22:14:05.883+0000] {processor.py:925} INFO - DAG(s) 'example_python_operator' retrieved from /home/airflow/.local/lib/python3.12/site-packages/airflow/example_dags/example_python_operator.py
[2026-06-29T22:14:05.925+0000] {logging_mixin.py:190} INFO - [2026-06-29T22:14:05.925+0000] {dag.py:3239} INFO - Sync 1 DAGs
[2026-06-29T22:14:05.951+0000] {logging_mixin.py:190} INFO - [2026-06-29T22:14:05.951+0000] {dag.py:4180} INFO - Setting next_dagrun for example_python_operator to None, run_after=None
[2026-06-29T22:14:05.993+0000] {processor.py:208} INFO - Processing /home/airflow/.local/lib/python3.12/site-packages/airflow/example_dags/example_python_operator.py took 0.156 seconds
[2026-06-29T22:14:36.644+0000] {processor.py:186} INFO - Started process (PID=854) to work on /home/airflow/.local/lib/python3.12/site-packages/airflow/example_dags/example_python_operator.py
[2026-06-29T22:14:36.647+0000] {processor.py:914} INFO - Processing file /home/airflow/.local/lib/python3.12/site-packages/airflow/example_dags/example_python_operator.py for tasks to queue
[2026-06-29T22:14:36.654+0000] {logging_mixin.py:190} INFO - [2026-06-29T22:14:36.653+0000] {dagbag.py:588} INFO - Filling up the DagBag from /home/airflow/.local/lib/python3.12/site-packages/airflow/example_dags/example_python_operator.py
[2026-06-29T22:14:36.691+0000] {processor.py:925} INFO - DAG(s) 'example_python_operator' retrieved from /home/airflow/.local/lib/python3.12/site-packages/airflow/example_dags/example_python_operator.py
[2026-06-29T22:14:36.737+0000] {logging_mixin.py:190} INFO - [2026-06-29T22:14:36.737+0000] {dag.py:3239} INFO - Sync 1 DAGs
[2026-06-29T22:14:36.767+0000] {logging_mixin.py:190} INFO - [2026-06-29T22:14:36.767+0000] {dag.py:4180} INFO - Setting next_dagrun for example_python_operator to None, run_after=None
[2026-06-29T22:14:36.804+0000] {processor.py:208} INFO - Processing /home/airflow/.local/lib/python3.12/site-packages/airflow/example_dags/example_python_operator.py took 0.171 seconds
[2026-06-29T22:15:06.852+0000] {processor.py:186} INFO - Started process (PID=918) to work on /home/airflow/.local/lib/python3.12/site-packages/airflow/example_dags/example_python_operator.py
[2026-06-29T22:15:06.853+0000] {processor.py:914} INFO - Processing file /home/airflow/.local/lib/python3.12/site-packages/airflow/example_dags/example_python_operator.py for tasks to queue
[2026-06-29T22:15:06.858+0000] {logging_mixin.py:190} INFO - [2026-06-29T22:15:06.857+0000] {dagbag.py:588} INFO - Filling up the DagBag from /home/airflow/.local/lib/python3.12/site-packages/airflow/example_dags/example_python_operator.py
[2026-06-29T22:15:06.872+0000] {processor.py:925} INFO - DAG(s) 'example_python_operator' retrieved from /home/airflow/.local/lib/python3.12/site-packages/airflow/example_dags/example_python_operator.py
[2026-06-29T22:15:06.907+0000] {logging_mixin.py:190} INFO - [2026-06-29T22:15:06.906+0000] {dag.py:3239} INFO - Sync 1 DAGs
[2026-06-29T22:15:06.923+0000] {logging_mixin.py:190} INFO - [2026-06-29T22:15:06.923+0000] {dag.py:4180} INFO - Setting next_dagrun for example_python_operator to None, run_after=None
[2026-06-29T22:15:06.950+0000] {processor.py:208} INFO - Processing /home/airflow/.local/lib/python3.12/site-packages/airflow/example_dags/example_python_operator.py took 0.104 seconds
[2026-06-29T22:15:37.317+0000] {processor.py:186} INFO - Started process (PID=981) to work on /home/airflow/.local/lib/python3.12/site-packages/airflow/example_dags/example_python_operator.py
[2026-06-29T22:15:37.319+0000] {processor.py:914} INFO - Processing file /home/airflow/.local/lib/python3.12/site-packages/airflow/example_dags/example_python_operator.py for tasks to queue
[2026-06-29T22:15:37.323+0000] {logging_mixin.py:190} INFO - [2026-06-29T22:15:37.323+0000] {dagbag.py:588} INFO - Filling up the DagBag from /home/airflow/.local/lib/python3.12/site-packages/airflow/example_dags/example_python_operator.py
[2026-06-29T22:15:37.345+0000] {processor.py:925} INFO - DAG(s) 'example_python_operator' retrieved from /home/airflow/.local/lib/python3.12/site-packages/airflow/example_dags/example_python_operator.py
[2026-06-29T22:15:37.384+0000] {logging_mixin.py:190} INFO - [2026-06-29T22:15:37.384+0000] {dag.py:3239} INFO - Sync 1 DAGs
[2026-06-29T22:15:37.413+0000] {logging_mixin.py:190} INFO - [2026-06-29T22:15:37.412+0000] {dag.py:4180} INFO - Setting next_dagrun for example_python_operator to None, run_after=None
[2026-06-29T22:15:37.451+0000] {processor.py:208} INFO - Processing /home/airflow/.local/lib/python3.12/site-packages/airflow/example_dags/example_python_operator.py took 0.146 seconds
[2026-06-29T22:16:07.567+0000] {processor.py:186} INFO - Started process (PID=1045) to work on /home/airflow/.local/lib/python3.12/site-packages/airflow/example_dags/example_python_operator.py
[2026-06-29T22:16:07.569+0000] {processor.py:914} INFO - Processing file /home/airflow/.local/lib/python3.12/site-packages/airflow/example_dags/example_python_operator.py for tasks to queue
[2026-06-29T22:16:07.571+0000] {logging_mixin.py:190} INFO - [2026-06-29T22:16:07.571+0000] {dagbag.py:588} INFO - Filling up the DagBag from /home/airflow/.local/lib/python3.12/site-packages/airflow/example_dags/example_python_operator.py
[2026-06-29T22:16:07.587+0000] {processor.py:925} INFO - DAG(s) 'example_python_operator' retrieved from /home/airflow/.local/lib/python3.12/site-packages/airflow/example_dags/example_python_operator.py
[2026-06-29T22:16:07.619+0000] {logging_mixin.py:190} INFO - [2026-06-29T22:16:07.617+0000] {dag.py:3239} INFO - Sync 1 DAGs
[2026-06-29T22:16:07.644+0000] {logging_mixin.py:190} INFO - [2026-06-29T22:16:07.644+0000] {dag.py:4180} INFO - Setting next_dagrun for example_python_operator to None, run_after=None
[2026-06-29T22:16:07.673+0000] {processor.py:208} INFO - Processing /home/airflow/.local/lib/python3.12/site-packages/airflow/example_dags/example_python_operator.py took 0.111 seconds
[2026-06-29T22:16:40.203+0000] {processor.py:186} INFO - Started process (PID=1115) to work on /home/airflow/.local/lib/python3.12/site-packages/airflow/example_dags/example_python_operator.py
[2026-06-29T22:16:40.220+0000] {processor.py:914} INFO - Processing file /home/airflow/.local/lib/python3.12/site-packages/airflow/example_dags/example_python_operator.py for tasks to queue
[2026-06-29T22:16:40.242+0000] {logging_mixin.py:190} INFO - [2026-06-29T22:16:40.239+0000] {dagbag.py:588} INFO - Filling up the DagBag from /home/airflow/.local/lib/python3.12/site-packages/airflow/example_dags/example_python_operator.py
[2026-06-29T22:16:40.411+0000] {processor.py:925} INFO - DAG(s) 'example_python_operator' retrieved from /home/airflow/.local/lib/python3.12/site-packages/airflow/example_dags/example_python_operator.py
[2026-06-29T22:16:40.567+0000] {logging_mixin.py:190} INFO - [2026-06-29T22:16:40.566+0000] {dag.py:3239} INFO - Sync 1 DAGs
[2026-06-29T22:16:40.635+0000] {logging_mixin.py:190} INFO - [2026-06-29T22:16:40.635+0000] {dag.py:4180} INFO - Setting next_dagrun for example_python_operator to None, run_after=None
[2026-06-29T22:16:40.789+0000] {processor.py:208} INFO - Processing /home/airflow/.local/lib/python3.12/site-packages/airflow/example_dags/example_python_operator.py took 0.669 seconds
[2026-06-29T22:17:11.420+0000] {processor.py:186} INFO - Started process (PID=1179) to work on /home/airflow/.local/lib/python3.12/site-packages/airflow/example_dags/example_python_operator.py
[2026-06-29T22:17:11.422+0000] {processor.py:914} INFO - Processing file /home/airflow/.local/lib/python3.12/site-packages/airflow/example_dags/example_python_operator.py for tasks to queue
[2026-06-29T22:17:11.425+0000] {logging_mixin.py:190} INFO - [2026-06-29T22:17:11.425+0000] {dagbag.py:588} INFO - Filling up the DagBag from /home/airflow/.local/lib/python3.12/site-packages/airflow/example_dags/example_python_operator.py
[2026-06-29T22:17:11.436+0000] {processor.py:925} INFO - DAG(s) 'example_python_operator' retrieved from /home/airflow/.local/lib/python3.12/site-packages/airflow/example_dags/example_python_operator.py
[2026-06-29T22:17:11.463+0000] {logging_mixin.py:190} INFO - [2026-06-29T22:17:11.463+0000] {dag.py:3239} INFO - Sync 1 DAGs
[2026-06-29T22:17:11.476+0000] {logging_mixin.py:190} INFO - [2026-06-29T22:17:11.476+0000] {dag.py:4180} INFO - Setting next_dagrun for example_python_operator to None, run_after=None
[2026-06-29T22:17:11.499+0000] {processor.py:208} INFO - Processing /home/airflow/.local/lib/python3.12/site-packages/airflow/example_dags/example_python_operator.py took 0.084 seconds
[2026-06-29T22:17:42.032+0000] {processor.py:186} INFO - Started process (PID=1243) to work on /home/airflow/.local/lib/python3.12/site-packages/airflow/example_dags/example_python_operator.py
[2026-06-29T22:17:42.035+0000] {processor.py:914} INFO - Processing file /home/airflow/.local/lib/python3.12/site-packages/airflow/example_dags/example_python_operator.py for tasks to queue
[2026-06-29T22:17:42.042+0000] {logging_mixin.py:190} INFO - [2026-06-29T22:17:42.041+0000] {dagbag.py:588} INFO - Filling up the DagBag from /home/airflow/.local/lib/python3.12/site-packages/airflow/example_dags/example_python_operator.py
[2026-06-29T22:17:42.075+0000] {processor.py:925} INFO - DAG(s) 'example_python_operator' retrieved from /home/airflow/.local/lib/python3.12/site-packages/airflow/example_dags/example_python_operator.py
[2026-06-29T22:17:42.133+0000] {logging_mixin.py:190} INFO - [2026-06-29T22:17:42.132+0000] {dag.py:3239} INFO - Sync 1 DAGs
[2026-06-29T22:17:42.170+0000] {logging_mixin.py:190} INFO - [2026-06-29T22:17:42.168+0000] {dag.py:4180} INFO - Setting next_dagrun for example_python_operator to None, run_after=None
[2026-06-29T22:17:42.218+0000] {processor.py:208} INFO - Processing /home/airflow/.local/lib/python3.12/site-packages/airflow/example_dags/example_python_operator.py took 0.202 seconds
[2026-06-29T22:18:12.923+0000] {processor.py:186} INFO - Started process (PID=1307) to work on /home/airflow/.local/lib/python3.12/site-packages/airflow/example_dags/example_python_operator.py
[2026-06-29T22:18:12.926+0000] {processor.py:914} INFO - Processing file /home/airflow/.local/lib/python3.12/site-packages/airflow/example_dags/example_python_operator.py for tasks to queue
[2026-06-29T22:18:12.936+0000] {logging_mixin.py:190} INFO - [2026-06-29T22:18:12.934+0000] {dagbag.py:588} INFO - Filling up the DagBag from /home/airflow/.local/lib/python3.12/site-packages/airflow/example_dags/example_python_operator.py
[2026-06-29T22:18:12.972+0000] {processor.py:925} INFO - DAG(s) 'example_python_operator' retrieved from /home/airflow/.local/lib/python3.12/site-packages/airflow/example_dags/example_python_operator.py
[2026-06-29T22:18:13.030+0000] {logging_mixin.py:190} INFO - [2026-06-29T22:18:13.030+0000] {dag.py:3239} INFO - Sync 1 DAGs
[2026-06-29T22:18:13.075+0000] {logging_mixin.py:190} INFO - [2026-06-29T22:18:13.075+0000] {dag.py:4180} INFO - Setting next_dagrun for example_python_operator to None, run_after=None
[2026-06-29T22:18:13.144+0000] {processor.py:208} INFO - Processing /home/airflow/.local/lib/python3.12/site-packages/airflow/example_dags/example_python_operator.py took 0.239 seconds
[2026-06-29T22:18:44.143+0000] {processor.py:186} INFO - Started process (PID=1371) to work on /home/airflow/.local/lib/python3.12/site-packages/airflow/example_dags/example_python_operator.py
[2026-06-29T22:18:44.144+0000] {processor.py:914} INFO - Processing file /home/airflow/.local/lib/python3.12/site-packages/airflow/example_dags/example_python_operator.py for tasks to queue
[2026-06-29T22:18:44.151+0000] {logging_mixin.py:190} INFO - [2026-06-29T22:18:44.149+0000] {dagbag.py:588} INFO - Filling up the DagBag from /home/airflow/.local/lib/python3.12/site-packages/airflow/example_dags/example_python_operator.py
[2026-06-29T22:18:44.173+0000] {processor.py:925} INFO - DAG(s) 'example_python_operator' retrieved from /home/airflow/.local/lib/python3.12/site-packages/airflow/example_dags/example_python_operator.py
[2026-06-29T22:18:44.211+0000] {logging_mixin.py:190} INFO - [2026-06-29T22:18:44.211+0000] {dag.py:3239} INFO - Sync 1 DAGs
[2026-06-29T22:18:44.234+0000] {logging_mixin.py:190} INFO - [2026-06-29T22:18:44.233+0000] {dag.py:4180} INFO - Setting next_dagrun for example_python_operator to None, run_after=None
[2026-06-29T22:18:44.263+0000] {processor.py:208} INFO - Processing /home/airflow/.local/lib/python3.12/site-packages/airflow/example_dags/example_python_operator.py took 0.134 seconds
[2026-06-29T22:19:14.932+0000] {processor.py:186} INFO - Started process (PID=1435) to work on /home/airflow/.local/lib/python3.12/site-packages/airflow/example_dags/example_python_operator.py
[2026-06-29T22:19:14.934+0000] {processor.py:914} INFO - Processing file /home/airflow/.local/lib/python3.12/site-packages/airflow/example_dags/example_python_operator.py for tasks to queue
[2026-06-29T22:19:14.938+0000] {logging_mixin.py:190} INFO - [2026-06-29T22:19:14.938+0000] {dagbag.py:588} INFO - Filling up the DagBag from /home/airflow/.local/lib/python3.12/site-packages/airflow/example_dags/example_python_operator.py
[2026-06-29T22:19:14.952+0000] {processor.py:925} INFO - DAG(s) 'example_python_operator' retrieved from /home/airflow/.local/lib/python3.12/site-packages/airflow/example_dags/example_python_operator.py
[2026-06-29T22:19:14.978+0000] {logging_mixin.py:190} INFO - [2026-06-29T22:19:14.977+0000] {dag.py:3239} INFO - Sync 1 DAGs
[2026-06-29T22:19:14.995+0000] {logging_mixin.py:190} INFO - [2026-06-29T22:19:14.994+0000] {dag.py:4180} INFO - Setting next_dagrun for example_python_operator to None, run_after=None
[2026-06-29T22:19:15.019+0000] {processor.py:208} INFO - Processing /home/airflow/.local/lib/python3.12/site-packages/airflow/example_dags/example_python_operator.py took 0.093 seconds
[2026-06-29T22:19:45.315+0000] {processor.py:186} INFO - Started process (PID=1500) to work on /home/airflow/.local/lib/python3.12/site-packages/airflow/example_dags/example_python_operator.py
[2026-06-29T22:19:45.317+0000] {processor.py:914} INFO - Processing file /home/airflow/.local/lib/python3.12/site-packages/airflow/example_dags/example_python_operator.py for tasks to queue
[2026-06-29T22:19:45.321+0000] {logging_mixin.py:190} INFO - [2026-06-29T22:19:45.321+0000] {dagbag.py:588} INFO - Filling up the DagBag from /home/airflow/.local/lib/python3.12/site-packages/airflow/example_dags/example_python_operator.py
[2026-06-29T22:19:45.338+0000] {processor.py:925} INFO - DAG(s) 'example_python_operator' retrieved from /home/airflow/.local/lib/python3.12/site-packages/airflow/example_dags/example_python_operator.py
[2026-06-29T22:19:45.368+0000] {logging_mixin.py:190} INFO - [2026-06-29T22:19:45.368+0000] {dag.py:3239} INFO - Sync 1 DAGs
[2026-06-29T22:19:45.386+0000] {logging_mixin.py:190} INFO - [2026-06-29T22:19:45.385+0000] {dag.py:4180} INFO - Setting next_dagrun for example_python_operator to None, run_after=None
[2026-06-29T22:19:45.412+0000] {processor.py:208} INFO - Processing /home/airflow/.local/lib/python3.12/site-packages/airflow/example_dags/example_python_operator.py took 0.106 seconds
[2026-06-29T22:20:16.697+0000] {processor.py:186} INFO - Started process (PID=1559) to work on /home/airflow/.local/lib/python3.12/site-packages/airflow/example_dags/example_python_operator.py
[2026-06-29T22:20:16.700+0000] {processor.py:914} INFO - Processing file /home/airflow/.local/lib/python3.12/site-packages/airflow/example_dags/example_python_operator.py for tasks to queue
[2026-06-29T22:20:16.704+0000] {logging_mixin.py:190} INFO - [2026-06-29T22:20:16.703+0000] {dagbag.py:588} INFO - Filling up the DagBag from /home/airflow/.local/lib/python3.12/site-packages/airflow/example_dags/example_python_operator.py
[2026-06-29T22:20:16.733+0000] {processor.py:925} INFO - DAG(s) 'example_python_operator' retrieved from /home/airflow/.local/lib/python3.12/site-packages/airflow/example_dags/example_python_operator.py
[2026-06-29T22:20:16.789+0000] {logging_mixin.py:190} INFO - [2026-06-29T22:20:16.789+0000] {dag.py:3239} INFO - Sync 1 DAGs
[2026-06-29T22:20:16.824+0000] {logging_mixin.py:190} INFO - [2026-06-29T22:20:16.824+0000] {dag.py:4180} INFO - Setting next_dagrun for example_python_operator to None, run_after=None
[2026-06-29T22:20:16.882+0000] {processor.py:208} INFO - Processing /home/airflow/.local/lib/python3.12/site-packages/airflow/example_dags/example_python_operator.py took 0.203 seconds
[2026-06-29T22:20:49.464+0000] {processor.py:186} INFO - Started process (PID=1620) to work on /home/airflow/.local/lib/python3.12/site-packages/airflow/example_dags/example_python_operator.py
[2026-06-29T22:20:49.468+0000] {processor.py:914} INFO - Processing file /home/airflow/.local/lib/python3.12/site-packages/airflow/example_dags/example_python_operator.py for tasks to queue
[2026-06-29T22:20:49.473+0000] {logging_mixin.py:190} INFO - [2026-06-29T22:20:49.472+0000] {dagbag.py:588} INFO - Filling up the DagBag from /home/airflow/.local/lib/python3.12/site-packages/airflow/example_dags/example_python_operator.py
[2026-06-29T22:20:49.509+0000] {processor.py:925} INFO - DAG(s) 'example_python_operator' retrieved from /home/airflow/.local/lib/python3.12/site-packages/airflow/example_dags/example_python_operator.py
[2026-06-29T22:20:49.556+0000] {logging_mixin.py:190} INFO - [2026-06-29T22:20:49.556+0000] {dag.py:3239} INFO - Sync 1 DAGs
[2026-06-29T22:20:49.584+0000] {logging_mixin.py:190} INFO - [2026-06-29T22:20:49.584+0000] {dag.py:4180} INFO - Setting next_dagrun for example_python_operator to None, run_after=None
[2026-06-29T22:20:49.615+0000] {processor.py:208} INFO - Processing /home/airflow/.local/lib/python3.12/site-packages/airflow/example_dags/example_python_operator.py took 0.170 seconds
[2026-06-29T22:21:21.229+0000] {processor.py:186} INFO - Started process (PID=1684) to work on /home/airflow/.local/lib/python3.12/site-packages/airflow/example_dags/example_python_operator.py
[2026-06-29T22:21:21.237+0000] {processor.py:914} INFO - Processing file /home/airflow/.local/lib/python3.12/site-packages/airflow/example_dags/example_python_operator.py for tasks to queue
[2026-06-29T22:21:21.258+0000] {logging_mixin.py:190} INFO - [2026-06-29T22:21:21.255+0000] {dagbag.py:588} INFO - Filling up the DagBag from /home/airflow/.local/lib/python3.12/site-packages/airflow/example_dags/example_python_operator.py
[2026-06-29T22:21:21.323+0000] {processor.py:925} INFO - DAG(s) 'example_python_operator' retrieved from /home/airflow/.local/lib/python3.12/site-packages/airflow/example_dags/example_python_operator.py
[2026-06-29T22:21:21.392+0000] {logging_mixin.py:190} INFO - [2026-06-29T22:21:21.391+0000] {dag.py:3239} INFO - Sync 1 DAGs
[2026-06-29T22:21:21.445+0000] {logging_mixin.py:190} INFO - [2026-06-29T22:21:21.445+0000] {dag.py:4180} INFO - Setting next_dagrun for example_python_operator to None, run_after=None
[2026-06-29T22:21:21.523+0000] {processor.py:208} INFO - Processing /home/airflow/.local/lib/python3.12/site-packages/airflow/example_dags/example_python_operator.py took 0.316 seconds
[2026-06-29T22:21:52.167+0000] {processor.py:186} INFO - Started process (PID=1747) to work on /home/airflow/.local/lib/python3.12/site-packages/airflow/example_dags/example_python_operator.py
[2026-06-29T22:21:52.169+0000] {processor.py:914} INFO - Processing file /home/airflow/.local/lib/python3.12/site-packages/airflow/example_dags/example_python_operator.py for tasks to queue
[2026-06-29T22:21:52.171+0000] {logging_mixin.py:190} INFO - [2026-06-29T22:21:52.171+0000] {dagbag.py:588} INFO - Filling up the DagBag from /home/airflow/.local/lib/python3.12/site-packages/airflow/example_dags/example_python_operator.py
[2026-06-29T22:21:52.186+0000] {processor.py:925} INFO - DAG(s) 'example_python_operator' retrieved from /home/airflow/.local/lib/python3.12/site-packages/airflow/example_dags/example_python_operator.py
[2026-06-29T22:21:52.212+0000] {logging_mixin.py:190} INFO - [2026-06-29T22:21:52.212+0000] {dag.py:3239} INFO - Sync 1 DAGs
[2026-06-29T22:21:52.226+0000] {logging_mixin.py:190} INFO - [2026-06-29T22:21:52.226+0000] {dag.py:4180} INFO - Setting next_dagrun for example_python_operator to None, run_after=None
[2026-06-29T22:21:52.248+0000] {processor.py:208} INFO - Processing /home/airflow/.local/lib/python3.12/site-packages/airflow/example_dags/example_python_operator.py took 0.090 seconds
[2026-06-29T22:22:23.229+0000] {processor.py:186} INFO - Started process (PID=1811) to work on /home/airflow/.local/lib/python3.12/site-packages/airflow/example_dags/example_python_operator.py
[2026-06-29T22:22:23.232+0000] {processor.py:914} INFO - Processing file /home/airflow/.local/lib/python3.12/site-packages/airflow/example_dags/example_python_operator.py for tasks to queue
[2026-06-29T22:22:23.238+0000] {logging_mixin.py:190} INFO - [2026-06-29T22:22:23.238+0000] {dagbag.py:588} INFO - Filling up the DagBag from /home/airflow/.local/lib/python3.12/site-packages/airflow/example_dags/example_python_operator.py
[2026-06-29T22:22:23.261+0000] {processor.py:925} INFO - DAG(s) 'example_python_operator' retrieved from /home/airflow/.local/lib/python3.12/site-packages/airflow/example_dags/example_python_operator.py
[2026-06-29T22:22:23.290+0000] {logging_mixin.py:190} INFO - [2026-06-29T22:22:23.290+0000] {dag.py:3239} INFO - Sync 1 DAGs
[2026-06-29T22:22:23.310+0000] {logging_mixin.py:190} INFO - [2026-06-29T22:22:23.309+0000] {dag.py:4180} INFO - Setting next_dagrun for example_python_operator to None, run_after=None
[2026-06-29T22:22:23.337+0000] {processor.py:208} INFO - Processing /home/airflow/.local/lib/python3.12/site-packages/airflow/example_dags/example_python_operator.py took 0.122 seconds
[2026-06-29T22:22:53.470+0000] {processor.py:186} INFO - Started process (PID=1876) to work on /home/airflow/.local/lib/python3.12/site-packages/airflow/example_dags/example_python_operator.py
[2026-06-29T22:22:53.472+0000] {processor.py:914} INFO - Processing file /home/airflow/.local/lib/python3.12/site-packages/airflow/example_dags/example_python_operator.py for tasks to queue
[2026-06-29T22:22:53.477+0000] {logging_mixin.py:190} INFO - [2026-06-29T22:22:53.477+0000] {dagbag.py:588} INFO - Filling up the DagBag from /home/airflow/.local/lib/python3.12/site-packages/airflow/example_dags/example_python_operator.py
[2026-06-29T22:22:53.491+0000] {processor.py:925} INFO - DAG(s) 'example_python_operator' retrieved from /home/airflow/.local/lib/python3.12/site-packages/airflow/example_dags/example_python_operator.py
[2026-06-29T22:22:53.520+0000] {logging_mixin.py:190} INFO - [2026-06-29T22:22:53.519+0000] {dag.py:3239} INFO - Sync 1 DAGs
[2026-06-29T22:22:53.534+0000] {logging_mixin.py:190} INFO - [2026-06-29T22:22:53.534+0000] {dag.py:4180} INFO - Setting next_dagrun for example_python_operator to None, run_after=None
[2026-06-29T22:22:53.559+0000] {processor.py:208} INFO - Processing /home/airflow/.local/lib/python3.12/site-packages/airflow/example_dags/example_python_operator.py took 0.096 seconds
[2026-06-29T22:23:24.062+0000] {processor.py:186} INFO - Started process (PID=1939) to work on /home/airflow/.local/lib/python3.12/site-packages/airflow/example_dags/example_python_operator.py
[2026-06-29T22:23:24.063+0000] {processor.py:914} INFO - Processing file /home/airflow/.local/lib/python3.12/site-packages/airflow/example_dags/example_python_operator.py for tasks to queue
[2026-06-29T22:23:24.066+0000] {logging_mixin.py:190} INFO - [2026-06-29T22:23:24.066+0000] {dagbag.py:588} INFO - Filling up the DagBag from /home/airflow/.local/lib/python3.12/site-packages/airflow/example_dags/example_python_operator.py
[2026-06-29T22:23:24.080+0000] {processor.py:925} INFO - DAG(s) 'example_python_operator' retrieved from /home/airflow/.local/lib/python3.12/site-packages/airflow/example_dags/example_python_operator.py
[2026-06-29T22:23:24.107+0000] {logging_mixin.py:190} INFO - [2026-06-29T22:23:24.106+0000] {dag.py:3239} INFO - Sync 1 DAGs
[2026-06-29T22:23:24.123+0000] {logging_mixin.py:190} INFO - [2026-06-29T22:23:24.122+0000] {dag.py:4180} INFO - Setting next_dagrun for example_python_operator to None, run_after=None
[2026-06-29T22:23:24.143+0000] {processor.py:208} INFO - Processing /home/airflow/.local/lib/python3.12/site-packages/airflow/example_dags/example_python_operator.py took 0.090 seconds
[2026-06-29T22:23:54.859+0000] {processor.py:186} INFO - Started process (PID=2003) to work on /home/airflow/.local/lib/python3.12/site-packages/airflow/example_dags/example_python_operator.py
[2026-06-29T22:23:54.860+0000] {processor.py:914} INFO - Processing file /home/airflow/.local/lib/python3.12/site-packages/airflow/example_dags/example_python_operator.py for tasks to queue
[2026-06-29T22:23:54.864+0000] {logging_mixin.py:190} INFO - [2026-06-29T22:23:54.863+0000] {dagbag.py:588} INFO - Filling up the DagBag from /home/airflow/.local/lib/python3.12/site-packages/airflow/example_dags/example_python_operator.py
[2026-06-29T22:23:54.878+0000] {processor.py:925} INFO - DAG(s) 'example_python_operator' retrieved from /home/airflow/.local/lib/python3.12/site-packages/airflow/example_dags/example_python_operator.py
[2026-06-29T22:23:54.903+0000] {logging_mixin.py:190} INFO - [2026-06-29T22:23:54.903+0000] {dag.py:3239} INFO - Sync 1 DAGs
[2026-06-29T22:23:54.918+0000] {logging_mixin.py:190} INFO - [2026-06-29T22:23:54.918+0000] {dag.py:4180} INFO - Setting next_dagrun for example_python_operator to None, run_after=None
[2026-06-29T22:23:54.939+0000] {processor.py:208} INFO - Processing /home/airflow/.local/lib/python3.12/site-packages/airflow/example_dags/example_python_operator.py took 0.087 seconds
[2026-06-29T22:24:25.195+0000] {processor.py:186} INFO - Started process (PID=2067) to work on /home/airflow/.local/lib/python3.12/site-packages/airflow/example_dags/example_python_operator.py
[2026-06-29T22:24:25.197+0000] {processor.py:914} INFO - Processing file /home/airflow/.local/lib/python3.12/site-packages/airflow/example_dags/example_python_operator.py for tasks to queue
[2026-06-29T22:24:25.200+0000] {logging_mixin.py:190} INFO - [2026-06-29T22:24:25.200+0000] {dagbag.py:588} INFO - Filling up the DagBag from /home/airflow/.local/lib/python3.12/site-packages/airflow/example_dags/example_python_operator.py
[2026-06-29T22:24:25.215+0000] {processor.py:925} INFO - DAG(s) 'example_python_operator' retrieved from /home/airflow/.local/lib/python3.12/site-packages/airflow/example_dags/example_python_operator.py
[2026-06-29T22:24:25.241+0000] {logging_mixin.py:190} INFO - [2026-06-29T22:24:25.241+0000] {dag.py:3239} INFO - Sync 1 DAGs
[2026-06-29T22:24:25.256+0000] {logging_mixin.py:190} INFO - [2026-06-29T22:24:25.256+0000] {dag.py:4180} INFO - Setting next_dagrun for example_python_operator to None, run_after=None
[2026-06-29T22:24:25.276+0000] {processor.py:208} INFO - Processing /home/airflow/.local/lib/python3.12/site-packages/airflow/example_dags/example_python_operator.py took 0.089 seconds
[2026-06-29T22:24:55.846+0000] {processor.py:186} INFO - Started process (PID=2131) to work on /home/airflow/.local/lib/python3.12/site-packages/airflow/example_dags/example_python_operator.py
[2026-06-29T22:24:55.848+0000] {processor.py:914} INFO - Processing file /home/airflow/.local/lib/python3.12/site-packages/airflow/example_dags/example_python_operator.py for tasks to queue
[2026-06-29T22:24:55.851+0000] {logging_mixin.py:190} INFO - [2026-06-29T22:24:55.850+0000] {dagbag.py:588} INFO - Filling up the DagBag from /home/airflow/.local/lib/python3.12/site-packages/airflow/example_dags/example_python_operator.py
[2026-06-29T22:24:55.864+0000] {processor.py:925} INFO - DAG(s) 'example_python_operator' retrieved from /home/airflow/.local/lib/python3.12/site-packages/airflow/example_dags/example_python_operator.py
[2026-06-29T22:24:55.890+0000] {logging_mixin.py:190} INFO - [2026-06-29T22:24:55.889+0000] {dag.py:3239} INFO - Sync 1 DAGs
[2026-06-29T22:24:55.904+0000] {logging_mixin.py:190} INFO - [2026-06-29T22:24:55.904+0000] {dag.py:4180} INFO - Setting next_dagrun for example_python_operator to None, run_after=None
[2026-06-29T22:24:55.925+0000] {processor.py:208} INFO - Processing /home/airflow/.local/lib/python3.12/site-packages/airflow/example_dags/example_python_operator.py took 0.086 seconds
[2026-06-29T22:25:26.555+0000] {processor.py:186} INFO - Started process (PID=2195) to work on /home/airflow/.local/lib/python3.12/site-packages/airflow/example_dags/example_python_operator.py
[2026-06-29T22:25:26.557+0000] {processor.py:914} INFO - Processing file /home/airflow/.local/lib/python3.12/site-packages/airflow/example_dags/example_python_operator.py for tasks to queue
[2026-06-29T22:25:26.563+0000] {logging_mixin.py:190} INFO - [2026-06-29T22:25:26.562+0000] {dagbag.py:588} INFO - Filling up the DagBag from /home/airflow/.local/lib/python3.12/site-packages/airflow/example_dags/example_python_operator.py
[2026-06-29T22:25:26.587+0000] {processor.py:925} INFO - DAG(s) 'example_python_operator' retrieved from /home/airflow/.local/lib/python3.12/site-packages/airflow/example_dags/example_python_operator.py
[2026-06-29T22:25:26.622+0000] {logging_mixin.py:190} INFO - [2026-06-29T22:25:26.622+0000] {dag.py:3239} INFO - Sync 1 DAGs
[2026-06-29T22:25:26.640+0000] {logging_mixin.py:190} INFO - [2026-06-29T22:25:26.640+0000] {dag.py:4180} INFO - Setting next_dagrun for example_python_operator to None, run_after=None
[2026-06-29T22:25:26.670+0000] {processor.py:208} INFO - Processing /home/airflow/.local/lib/python3.12/site-packages/airflow/example_dags/example_python_operator.py took 0.126 seconds
[2026-06-29T22:25:57.073+0000] {processor.py:186} INFO - Started process (PID=2259) to work on /home/airflow/.local/lib/python3.12/site-packages/airflow/example_dags/example_python_operator.py
[2026-06-29T22:25:57.075+0000] {processor.py:914} INFO - Processing file /home/airflow/.local/lib/python3.12/site-packages/airflow/example_dags/example_python_operator.py for tasks to queue
[2026-06-29T22:25:57.080+0000] {logging_mixin.py:190} INFO - [2026-06-29T22:25:57.080+0000] {dagbag.py:588} INFO - Filling up the DagBag from /home/airflow/.local/lib/python3.12/site-packages/airflow/example_dags/example_python_operator.py
[2026-06-29T22:25:57.103+0000] {processor.py:925} INFO - DAG(s) 'example_python_operator' retrieved from /home/airflow/.local/lib/python3.12/site-packages/airflow/example_dags/example_python_operator.py
[2026-06-29T22:25:57.134+0000] {logging_mixin.py:190} INFO - [2026-06-29T22:25:57.133+0000] {dag.py:3239} INFO - Sync 1 DAGs
[2026-06-29T22:25:57.151+0000] {logging_mixin.py:190} INFO - [2026-06-29T22:25:57.151+0000] {dag.py:4180} INFO - Setting next_dagrun for example_python_operator to None, run_after=None
[2026-06-29T22:25:57.174+0000] {processor.py:208} INFO - Processing /home/airflow/.local/lib/python3.12/site-packages/airflow/example_dags/example_python_operator.py took 0.112 seconds
[2026-06-29T22:26:27.864+0000] {processor.py:186} INFO - Started process (PID=2323) to work on /home/airflow/.local/lib/python3.12/site-packages/airflow/example_dags/example_python_operator.py
[2026-06-29T22:26:27.866+0000] {processor.py:914} INFO - Processing file /home/airflow/.local/lib/python3.12/site-packages/airflow/example_dags/example_python_operator.py for tasks to queue
[2026-06-29T22:26:27.870+0000] {logging_mixin.py:190} INFO - [2026-06-29T22:26:27.870+0000] {dagbag.py:588} INFO - Filling up the DagBag from /home/airflow/.local/lib/python3.12/site-packages/airflow/example_dags/example_python_operator.py
[2026-06-29T22:26:27.886+0000] {processor.py:925} INFO - DAG(s) 'example_python_operator' retrieved from /home/airflow/.local/lib/python3.12/site-packages/airflow/example_dags/example_python_operator.py
[2026-06-29T22:26:27.912+0000] {logging_mixin.py:190} INFO - [2026-06-29T22:26:27.912+0000] {dag.py:3239} INFO - Sync 1 DAGs
[2026-06-29T22:26:27.926+0000] {logging_mixin.py:190} INFO - [2026-06-29T22:26:27.926+0000] {dag.py:4180} INFO - Setting next_dagrun for example_python_operator to None, run_after=None
[2026-06-29T22:26:27.947+0000] {processor.py:208} INFO - Processing /home/airflow/.local/lib/python3.12/site-packages/airflow/example_dags/example_python_operator.py took 0.093 seconds
[2026-06-29T22:26:58.007+0000] {processor.py:186} INFO - Started process (PID=2387) to work on /home/airflow/.local/lib/python3.12/site-packages/airflow/example_dags/example_python_operator.py
[2026-06-29T22:26:58.009+0000] {processor.py:914} INFO - Processing file /home/airflow/.local/lib/python3.12/site-packages/airflow/example_dags/example_python_operator.py for tasks to queue
[2026-06-29T22:26:58.012+0000] {logging_mixin.py:190} INFO - [2026-06-29T22:26:58.012+0000] {dagbag.py:588} INFO - Filling up the DagBag from /home/airflow/.local/lib/python3.12/site-packages/airflow/example_dags/example_python_operator.py
[2026-06-29T22:26:58.028+0000] {processor.py:925} INFO - DAG(s) 'example_python_operator' retrieved from /home/airflow/.local/lib/python3.12/site-packages/airflow/example_dags/example_python_operator.py
[2026-06-29T22:26:58.058+0000] {logging_mixin.py:190} INFO - [2026-06-29T22:26:58.058+0000] {dag.py:3239} INFO - Sync 1 DAGs
[2026-06-29T22:26:58.075+0000] {logging_mixin.py:190} INFO - [2026-06-29T22:26:58.075+0000] {dag.py:4180} INFO - Setting next_dagrun for example_python_operator to None, run_after=None
[2026-06-29T22:26:58.100+0000] {processor.py:208} INFO - Processing /home/airflow/.local/lib/python3.12/site-packages/airflow/example_dags/example_python_operator.py took 0.101 seconds
[2026-06-29T22:27:28.184+0000] {processor.py:186} INFO - Started process (PID=2448) to work on /home/airflow/.local/lib/python3.12/site-packages/airflow/example_dags/example_python_operator.py
[2026-06-29T22:27:28.185+0000] {processor.py:914} INFO - Processing file /home/airflow/.local/lib/python3.12/site-packages/airflow/example_dags/example_python_operator.py for tasks to queue
[2026-06-29T22:27:28.190+0000] {logging_mixin.py:190} INFO - [2026-06-29T22:27:28.189+0000] {dagbag.py:588} INFO - Filling up the DagBag from /home/airflow/.local/lib/python3.12/site-packages/airflow/example_dags/example_python_operator.py
[2026-06-29T22:27:28.206+0000] {processor.py:925} INFO - DAG(s) 'example_python_operator' retrieved from /home/airflow/.local/lib/python3.12/site-packages/airflow/example_dags/example_python_operator.py
[2026-06-29T22:27:28.231+0000] {logging_mixin.py:190} INFO - [2026-06-29T22:27:28.231+0000] {dag.py:3239} INFO - Sync 1 DAGs
[2026-06-29T22:27:28.245+0000] {logging_mixin.py:190} INFO - [2026-06-29T22:27:28.245+0000] {dag.py:4180} INFO - Setting next_dagrun for example_python_operator to None, run_after=None
[2026-06-29T22:27:28.265+0000] {processor.py:208} INFO - Processing /home/airflow/.local/lib/python3.12/site-packages/airflow/example_dags/example_python_operator.py took 0.088 seconds
[2026-06-29T22:27:58.788+0000] {processor.py:186} INFO - Started process (PID=2510) to work on /home/airflow/.local/lib/python3.12/site-packages/airflow/example_dags/example_python_operator.py
[2026-06-29T22:27:58.791+0000] {processor.py:914} INFO - Processing file /home/airflow/.local/lib/python3.12/site-packages/airflow/example_dags/example_python_operator.py for tasks to queue
[2026-06-29T22:27:58.796+0000] {logging_mixin.py:190} INFO - [2026-06-29T22:27:58.796+0000] {dagbag.py:588} INFO - Filling up the DagBag from /home/airflow/.local/lib/python3.12/site-packages/airflow/example_dags/example_python_operator.py
[2026-06-29T22:27:58.817+0000] {processor.py:925} INFO - DAG(s) 'example_python_operator' retrieved from /home/airflow/.local/lib/python3.12/site-packages/airflow/example_dags/example_python_operator.py
[2026-06-29T22:27:58.853+0000] {logging_mixin.py:190} INFO - [2026-06-29T22:27:58.852+0000] {dag.py:3239} INFO - Sync 1 DAGs
[2026-06-29T22:27:58.877+0000] {logging_mixin.py:190} INFO - [2026-06-29T22:27:58.877+0000] {dag.py:4180} INFO - Setting next_dagrun for example_python_operator to None, run_after=None
[2026-06-29T22:27:58.909+0000] {processor.py:208} INFO - Processing /home/airflow/.local/lib/python3.12/site-packages/airflow/example_dags/example_python_operator.py took 0.131 seconds
[2026-06-29T22:28:29.489+0000] {processor.py:186} INFO - Started process (PID=2573) to work on /home/airflow/.local/lib/python3.12/site-packages/airflow/example_dags/example_python_operator.py
[2026-06-29T22:28:29.491+0000] {processor.py:914} INFO - Processing file /home/airflow/.local/lib/python3.12/site-packages/airflow/example_dags/example_python_operator.py for tasks to queue
[2026-06-29T22:28:29.497+0000] {logging_mixin.py:190} INFO - [2026-06-29T22:28:29.496+0000] {dagbag.py:588} INFO - Filling up the DagBag from /home/airflow/.local/lib/python3.12/site-packages/airflow/example_dags/example_python_operator.py
[2026-06-29T22:28:29.512+0000] {processor.py:925} INFO - DAG(s) 'example_python_operator' retrieved from /home/airflow/.local/lib/python3.12/site-packages/airflow/example_dags/example_python_operator.py
[2026-06-29T22:28:29.543+0000] {logging_mixin.py:190} INFO - [2026-06-29T22:28:29.542+0000] {dag.py:3239} INFO - Sync 1 DAGs
[2026-06-29T22:28:29.565+0000] {logging_mixin.py:190} INFO - [2026-06-29T22:28:29.564+0000] {dag.py:4180} INFO - Setting next_dagrun for example_python_operator to None, run_after=None
[2026-06-29T22:28:29.590+0000] {processor.py:208} INFO - Processing /home/airflow/.local/lib/python3.12/site-packages/airflow/example_dags/example_python_operator.py took 0.108 seconds
[2026-06-29T22:29:00.129+0000] {processor.py:186} INFO - Started process (PID=2637) to work on /home/airflow/.local/lib/python3.12/site-packages/airflow/example_dags/example_python_operator.py
[2026-06-29T22:29:00.131+0000] {processor.py:914} INFO - Processing file /home/airflow/.local/lib/python3.12/site-packages/airflow/example_dags/example_python_operator.py for tasks to queue
[2026-06-29T22:29:00.136+0000] {logging_mixin.py:190} INFO - [2026-06-29T22:29:00.135+0000] {dagbag.py:588} INFO - Filling up the DagBag from /home/airflow/.local/lib/python3.12/site-packages/airflow/example_dags/example_python_operator.py
[2026-06-29T22:29:00.150+0000] {processor.py:925} INFO - DAG(s) 'example_python_operator' retrieved from /home/airflow/.local/lib/python3.12/site-packages/airflow/example_dags/example_python_operator.py
[2026-06-29T22:29:00.176+0000] {logging_mixin.py:190} INFO - [2026-06-29T22:29:00.176+0000] {dag.py:3239} INFO - Sync 1 DAGs
[2026-06-29T22:29:00.193+0000] {logging_mixin.py:190} INFO - [2026-06-29T22:29:00.192+0000] {dag.py:4180} INFO - Setting next_dagrun for example_python_operator to None, run_after=None
[2026-06-29T22:29:00.214+0000] {processor.py:208} INFO - Processing /home/airflow/.local/lib/python3.12/site-packages/airflow/example_dags/example_python_operator.py took 0.093 seconds
[2026-06-29T22:29:30.807+0000] {processor.py:186} INFO - Started process (PID=2701) to work on /home/airflow/.local/lib/python3.12/site-packages/airflow/example_dags/example_python_operator.py
[2026-06-29T22:29:30.809+0000] {processor.py:914} INFO - Processing file /home/airflow/.local/lib/python3.12/site-packages/airflow/example_dags/example_python_operator.py for tasks to queue
[2026-06-29T22:29:30.814+0000] {logging_mixin.py:190} INFO - [2026-06-29T22:29:30.813+0000] {dagbag.py:588} INFO - Filling up the DagBag from /home/airflow/.local/lib/python3.12/site-packages/airflow/example_dags/example_python_operator.py
[2026-06-29T22:29:30.841+0000] {processor.py:925} INFO - DAG(s) 'example_python_operator' retrieved from /home/airflow/.local/lib/python3.12/site-packages/airflow/example_dags/example_python_operator.py
[2026-06-29T22:29:30.912+0000] {logging_mixin.py:190} INFO - [2026-06-29T22:29:30.911+0000] {dag.py:3239} INFO - Sync 1 DAGs
[2026-06-29T22:29:30.960+0000] {logging_mixin.py:190} INFO - [2026-06-29T22:29:30.960+0000] {dag.py:4180} INFO - Setting next_dagrun for example_python_operator to None, run_after=None
[2026-06-29T22:29:31.025+0000] {processor.py:208} INFO - Processing /home/airflow/.local/lib/python3.12/site-packages/airflow/example_dags/example_python_operator.py took 0.234 seconds
[2026-06-29T22:30:01.622+0000] {processor.py:186} INFO - Started process (PID=2765) to work on /home/airflow/.local/lib/python3.12/site-packages/airflow/example_dags/example_python_operator.py
[2026-06-29T22:30:01.624+0000] {processor.py:914} INFO - Processing file /home/airflow/.local/lib/python3.12/site-packages/airflow/example_dags/example_python_operator.py for tasks to queue
[2026-06-29T22:30:01.631+0000] {logging_mixin.py:190} INFO - [2026-06-29T22:30:01.630+0000] {dagbag.py:588} INFO - Filling up the DagBag from /home/airflow/.local/lib/python3.12/site-packages/airflow/example_dags/example_python_operator.py
[2026-06-29T22:30:01.660+0000] {processor.py:925} INFO - DAG(s) 'example_python_operator' retrieved from /home/airflow/.local/lib/python3.12/site-packages/airflow/example_dags/example_python_operator.py
[2026-06-29T22:30:01.724+0000] {logging_mixin.py:190} INFO - [2026-06-29T22:30:01.723+0000] {dag.py:3239} INFO - Sync 1 DAGs
[2026-06-29T22:30:01.767+0000] {logging_mixin.py:190} INFO - [2026-06-29T22:30:01.766+0000] {dag.py:4180} INFO - Setting next_dagrun for example_python_operator to None, run_after=None
[2026-06-29T22:30:01.832+0000] {processor.py:208} INFO - Processing /home/airflow/.local/lib/python3.12/site-packages/airflow/example_dags/example_python_operator.py took 0.226 seconds
[2026-06-29T22:30:32.106+0000] {processor.py:186} INFO - Started process (PID=2829) to work on /home/airflow/.local/lib/python3.12/site-packages/airflow/example_dags/example_python_operator.py
[2026-06-29T22:30:32.118+0000] {processor.py:914} INFO - Processing file /home/airflow/.local/lib/python3.12/site-packages/airflow/example_dags/example_python_operator.py for tasks to queue
[2026-06-29T22:30:32.131+0000] {logging_mixin.py:190} INFO - [2026-06-29T22:30:32.130+0000] {dagbag.py:588} INFO - Filling up the DagBag from /home/airflow/.local/lib/python3.12/site-packages/airflow/example_dags/example_python_operator.py
[2026-06-29T22:30:32.192+0000] {processor.py:925} INFO - DAG(s) 'example_python_operator' retrieved from /home/airflow/.local/lib/python3.12/site-packages/airflow/example_dags/example_python_operator.py
[2026-06-29T22:30:32.310+0000] {logging_mixin.py:190} INFO - [2026-06-29T22:30:32.307+0000] {dag.py:3239} INFO - Sync 1 DAGs
[2026-06-29T22:30:32.415+0000] {logging_mixin.py:190} INFO - [2026-06-29T22:30:32.414+0000] {dag.py:4180} INFO - Setting next_dagrun for example_python_operator to None, run_after=None
[2026-06-29T22:30:32.536+0000] {processor.py:208} INFO - Processing /home/airflow/.local/lib/python3.12/site-packages/airflow/example_dags/example_python_operator.py took 0.475 seconds
[2026-06-29T22:31:02.669+0000] {processor.py:186} INFO - Started process (PID=2892) to work on /home/airflow/.local/lib/python3.12/site-packages/airflow/example_dags/example_python_operator.py
[2026-06-29T22:31:02.671+0000] {processor.py:914} INFO - Processing file /home/airflow/.local/lib/python3.12/site-packages/airflow/example_dags/example_python_operator.py for tasks to queue
[2026-06-29T22:31:02.675+0000] {logging_mixin.py:190} INFO - [2026-06-29T22:31:02.674+0000] {dagbag.py:588} INFO - Filling up the DagBag from /home/airflow/.local/lib/python3.12/site-packages/airflow/example_dags/example_python_operator.py
[2026-06-29T22:31:02.689+0000] {processor.py:925} INFO - DAG(s) 'example_python_operator' retrieved from /home/airflow/.local/lib/python3.12/site-packages/airflow/example_dags/example_python_operator.py
[2026-06-29T22:31:02.720+0000] {logging_mixin.py:190} INFO - [2026-06-29T22:31:02.719+0000] {dag.py:3239} INFO - Sync 1 DAGs
[2026-06-29T22:31:02.736+0000] {logging_mixin.py:190} INFO - [2026-06-29T22:31:02.736+0000] {dag.py:4180} INFO - Setting next_dagrun for example_python_operator to None, run_after=None
[2026-06-29T22:31:02.760+0000] {processor.py:208} INFO - Processing /home/airflow/.local/lib/python3.12/site-packages/airflow/example_dags/example_python_operator.py took 0.098 seconds
[2026-06-29T22:31:33.412+0000] {processor.py:186} INFO - Started process (PID=2963) to work on /home/airflow/.local/lib/python3.12/site-packages/airflow/example_dags/example_python_operator.py
[2026-06-29T22:31:33.416+0000] {processor.py:914} INFO - Processing file /home/airflow/.local/lib/python3.12/site-packages/airflow/example_dags/example_python_operator.py for tasks to queue
[2026-06-29T22:31:33.438+0000] {logging_mixin.py:190} INFO - [2026-06-29T22:31:33.437+0000] {dagbag.py:588} INFO - Filling up the DagBag from /home/airflow/.local/lib/python3.12/site-packages/airflow/example_dags/example_python_operator.py
[2026-06-29T22:31:33.513+0000] {processor.py:925} INFO - DAG(s) 'example_python_operator' retrieved from /home/airflow/.local/lib/python3.12/site-packages/airflow/example_dags/example_python_operator.py
[2026-06-29T22:31:33.650+0000] {logging_mixin.py:190} INFO - [2026-06-29T22:31:33.647+0000] {dag.py:3239} INFO - Sync 1 DAGs
[2026-06-29T22:31:33.686+0000] {logging_mixin.py:190} INFO - [2026-06-29T22:31:33.686+0000] {dag.py:4180} INFO - Setting next_dagrun for example_python_operator to None, run_after=None
[2026-06-29T22:31:33.794+0000] {processor.py:208} INFO - Processing /home/airflow/.local/lib/python3.12/site-packages/airflow/example_dags/example_python_operator.py took 0.425 seconds
[2026-06-29T22:32:05.057+0000] {processor.py:186} INFO - Started process (PID=3065) to work on /home/airflow/.local/lib/python3.12/site-packages/airflow/example_dags/example_python_operator.py
[2026-06-29T22:32:05.061+0000] {processor.py:914} INFO - Processing file /home/airflow/.local/lib/python3.12/site-packages/airflow/example_dags/example_python_operator.py for tasks to queue
[2026-06-29T22:32:05.076+0000] {logging_mixin.py:190} INFO - [2026-06-29T22:32:05.073+0000] {dagbag.py:588} INFO - Filling up the DagBag from /home/airflow/.local/lib/python3.12/site-packages/airflow/example_dags/example_python_operator.py
[2026-06-29T22:32:05.106+0000] {processor.py:925} INFO - DAG(s) 'example_python_operator' retrieved from /home/airflow/.local/lib/python3.12/site-packages/airflow/example_dags/example_python_operator.py
[2026-06-29T22:32:05.198+0000] {logging_mixin.py:190} INFO - [2026-06-29T22:32:05.197+0000] {dag.py:3239} INFO - Sync 1 DAGs
[2026-06-29T22:32:05.245+0000] {logging_mixin.py:190} INFO - [2026-06-29T22:32:05.244+0000] {dag.py:4180} INFO - Setting next_dagrun for example_python_operator to None, run_after=None
[2026-06-29T22:32:05.398+0000] {processor.py:208} INFO - Processing /home/airflow/.local/lib/python3.12/site-packages/airflow/example_dags/example_python_operator.py took 0.358 seconds
[2026-06-29T22:32:36.427+0000] {processor.py:186} INFO - Started process (PID=3186) to work on /home/airflow/.local/lib/python3.12/site-packages/airflow/example_dags/example_python_operator.py
[2026-06-29T22:32:36.430+0000] {processor.py:914} INFO - Processing file /home/airflow/.local/lib/python3.12/site-packages/airflow/example_dags/example_python_operator.py for tasks to queue
[2026-06-29T22:32:36.436+0000] {logging_mixin.py:190} INFO - [2026-06-29T22:32:36.435+0000] {dagbag.py:588} INFO - Filling up the DagBag from /home/airflow/.local/lib/python3.12/site-packages/airflow/example_dags/example_python_operator.py
[2026-06-29T22:32:36.471+0000] {processor.py:925} INFO - DAG(s) 'example_python_operator' retrieved from /home/airflow/.local/lib/python3.12/site-packages/airflow/example_dags/example_python_operator.py
[2026-06-29T22:32:36.551+0000] {logging_mixin.py:190} INFO - [2026-06-29T22:32:36.550+0000] {dag.py:3239} INFO - Sync 1 DAGs
[2026-06-29T22:32:36.597+0000] {logging_mixin.py:190} INFO - [2026-06-29T22:32:36.596+0000] {dag.py:4180} INFO - Setting next_dagrun for example_python_operator to None, run_after=None
[2026-06-29T22:32:36.660+0000] {processor.py:208} INFO - Processing /home/airflow/.local/lib/python3.12/site-packages/airflow/example_dags/example_python_operator.py took 0.247 seconds
[2026-06-29T22:33:07.107+0000] {processor.py:186} INFO - Started process (PID=3262) to work on /home/airflow/.local/lib/python3.12/site-packages/airflow/example_dags/example_python_operator.py
[2026-06-29T22:33:07.110+0000] {processor.py:914} INFO - Processing file /home/airflow/.local/lib/python3.12/site-packages/airflow/example_dags/example_python_operator.py for tasks to queue
[2026-06-29T22:33:07.115+0000] {logging_mixin.py:190} INFO - [2026-06-29T22:33:07.114+0000] {dagbag.py:588} INFO - Filling up the DagBag from /home/airflow/.local/lib/python3.12/site-packages/airflow/example_dags/example_python_operator.py
[2026-06-29T22:33:07.137+0000] {processor.py:925} INFO - DAG(s) 'example_python_operator' retrieved from /home/airflow/.local/lib/python3.12/site-packages/airflow/example_dags/example_python_operator.py
[2026-06-29T22:33:07.186+0000] {logging_mixin.py:190} INFO - [2026-06-29T22:33:07.185+0000] {dag.py:3239} INFO - Sync 1 DAGs
[2026-06-29T22:33:07.214+0000] {logging_mixin.py:190} INFO - [2026-06-29T22:33:07.213+0000] {dag.py:4180} INFO - Setting next_dagrun for example_python_operator to None, run_after=None
[2026-06-29T22:33:07.249+0000] {processor.py:208} INFO - Processing /home/airflow/.local/lib/python3.12/site-packages/airflow/example_dags/example_python_operator.py took 0.161 seconds
[2026-06-29T22:33:37.983+0000] {processor.py:186} INFO - Started process (PID=3325) to work on /home/airflow/.local/lib/python3.12/site-packages/airflow/example_dags/example_python_operator.py
[2026-06-29T22:33:37.985+0000] {processor.py:914} INFO - Processing file /home/airflow/.local/lib/python3.12/site-packages/airflow/example_dags/example_python_operator.py for tasks to queue
[2026-06-29T22:33:37.990+0000] {logging_mixin.py:190} INFO - [2026-06-29T22:33:37.989+0000] {dagbag.py:588} INFO - Filling up the DagBag from /home/airflow/.local/lib/python3.12/site-packages/airflow/example_dags/example_python_operator.py
[2026-06-29T22:33:38.009+0000] {processor.py:925} INFO - DAG(s) 'example_python_operator' retrieved from /home/airflow/.local/lib/python3.12/site-packages/airflow/example_dags/example_python_operator.py
[2026-06-29T22:33:38.043+0000] {logging_mixin.py:190} INFO - [2026-06-29T22:33:38.042+0000] {dag.py:3239} INFO - Sync 1 DAGs
[2026-06-29T22:33:38.070+0000] {logging_mixin.py:190} INFO - [2026-06-29T22:33:38.070+0000] {dag.py:4180} INFO - Setting next_dagrun for example_python_operator to None, run_after=None
[2026-06-29T22:33:38.100+0000] {processor.py:208} INFO - Processing /home/airflow/.local/lib/python3.12/site-packages/airflow/example_dags/example_python_operator.py took 0.128 seconds
[2026-06-29T22:34:08.283+0000] {processor.py:186} INFO - Started process (PID=3388) to work on /home/airflow/.local/lib/python3.12/site-packages/airflow/example_dags/example_python_operator.py
[2026-06-29T22:34:08.286+0000] {processor.py:914} INFO - Processing file /home/airflow/.local/lib/python3.12/site-packages/airflow/example_dags/example_python_operator.py for tasks to queue
[2026-06-29T22:34:08.294+0000] {logging_mixin.py:190} INFO - [2026-06-29T22:34:08.292+0000] {dagbag.py:588} INFO - Filling up the DagBag from /home/airflow/.local/lib/python3.12/site-packages/airflow/example_dags/example_python_operator.py
[2026-06-29T22:34:08.325+0000] {processor.py:925} INFO - DAG(s) 'example_python_operator' retrieved from /home/airflow/.local/lib/python3.12/site-packages/airflow/example_dags/example_python_operator.py
[2026-06-29T22:34:08.374+0000] {logging_mixin.py:190} INFO - [2026-06-29T22:34:08.373+0000] {dag.py:3239} INFO - Sync 1 DAGs
[2026-06-29T22:34:08.408+0000] {logging_mixin.py:190} INFO - [2026-06-29T22:34:08.408+0000] {dag.py:4180} INFO - Setting next_dagrun for example_python_operator to None, run_after=None
[2026-06-29T22:34:08.451+0000] {processor.py:208} INFO - Processing /home/airflow/.local/lib/python3.12/site-packages/airflow/example_dags/example_python_operator.py took 0.187 seconds
[2026-06-29T22:34:39.929+0000] {processor.py:186} INFO - Started process (PID=3450) to work on /home/airflow/.local/lib/python3.12/site-packages/airflow/example_dags/example_python_operator.py
[2026-06-29T22:34:39.937+0000] {processor.py:914} INFO - Processing file /home/airflow/.local/lib/python3.12/site-packages/airflow/example_dags/example_python_operator.py for tasks to queue
[2026-06-29T22:34:39.944+0000] {logging_mixin.py:190} INFO - [2026-06-29T22:34:39.943+0000] {dagbag.py:588} INFO - Filling up the DagBag from /home/airflow/.local/lib/python3.12/site-packages/airflow/example_dags/example_python_operator.py
[2026-06-29T22:34:39.981+0000] {processor.py:925} INFO - DAG(s) 'example_python_operator' retrieved from /home/airflow/.local/lib/python3.12/site-packages/airflow/example_dags/example_python_operator.py
[2026-06-29T22:34:40.086+0000] {logging_mixin.py:190} INFO - [2026-06-29T22:34:40.085+0000] {dag.py:3239} INFO - Sync 1 DAGs
[2026-06-29T22:34:40.134+0000] {logging_mixin.py:190} INFO - [2026-06-29T22:34:40.133+0000] {dag.py:4180} INFO - Setting next_dagrun for example_python_operator to None, run_after=None
[2026-06-29T22:34:40.220+0000] {processor.py:208} INFO - Processing /home/airflow/.local/lib/python3.12/site-packages/airflow/example_dags/example_python_operator.py took 0.311 seconds
[2026-06-29T22:35:11.094+0000] {processor.py:186} INFO - Started process (PID=3514) to work on /home/airflow/.local/lib/python3.12/site-packages/airflow/example_dags/example_python_operator.py
[2026-06-29T22:35:11.096+0000] {processor.py:914} INFO - Processing file /home/airflow/.local/lib/python3.12/site-packages/airflow/example_dags/example_python_operator.py for tasks to queue
[2026-06-29T22:35:11.100+0000] {logging_mixin.py:190} INFO - [2026-06-29T22:35:11.099+0000] {dagbag.py:588} INFO - Filling up the DagBag from /home/airflow/.local/lib/python3.12/site-packages/airflow/example_dags/example_python_operator.py
[2026-06-29T22:35:11.122+0000] {processor.py:925} INFO - DAG(s) 'example_python_operator' retrieved from /home/airflow/.local/lib/python3.12/site-packages/airflow/example_dags/example_python_operator.py
[2026-06-29T22:35:11.160+0000] {logging_mixin.py:190} INFO - [2026-06-29T22:35:11.160+0000] {dag.py:3239} INFO - Sync 1 DAGs
[2026-06-29T22:35:11.184+0000] {logging_mixin.py:190} INFO - [2026-06-29T22:35:11.184+0000] {dag.py:4180} INFO - Setting next_dagrun for example_python_operator to None, run_after=None
[2026-06-29T22:35:11.219+0000] {processor.py:208} INFO - Processing /home/airflow/.local/lib/python3.12/site-packages/airflow/example_dags/example_python_operator.py took 0.142 seconds
[2026-06-29T22:35:41.607+0000] {processor.py:186} INFO - Started process (PID=3577) to work on /home/airflow/.local/lib/python3.12/site-packages/airflow/example_dags/example_python_operator.py
[2026-06-29T22:35:41.609+0000] {processor.py:914} INFO - Processing file /home/airflow/.local/lib/python3.12/site-packages/airflow/example_dags/example_python_operator.py for tasks to queue
[2026-06-29T22:35:41.612+0000] {logging_mixin.py:190} INFO - [2026-06-29T22:35:41.612+0000] {dagbag.py:588} INFO - Filling up the DagBag from /home/airflow/.local/lib/python3.12/site-packages/airflow/example_dags/example_python_operator.py
[2026-06-29T22:35:41.626+0000] {processor.py:925} INFO - DAG(s) 'example_python_operator' retrieved from /home/airflow/.local/lib/python3.12/site-packages/airflow/example_dags/example_python_operator.py
[2026-06-29T22:35:41.651+0000] {logging_mixin.py:190} INFO - [2026-06-29T22:35:41.651+0000] {dag.py:3239} INFO - Sync 1 DAGs
[2026-06-29T22:35:41.665+0000] {logging_mixin.py:190} INFO - [2026-06-29T22:35:41.665+0000] {dag.py:4180} INFO - Setting next_dagrun for example_python_operator to None, run_after=None
[2026-06-29T22:35:41.694+0000] {processor.py:208} INFO - Processing /home/airflow/.local/lib/python3.12/site-packages/airflow/example_dags/example_python_operator.py took 0.097 seconds
[2026-06-29T22:36:12.143+0000] {processor.py:186} INFO - Started process (PID=3641) to work on /home/airflow/.local/lib/python3.12/site-packages/airflow/example_dags/example_python_operator.py
[2026-06-29T22:36:12.145+0000] {processor.py:914} INFO - Processing file /home/airflow/.local/lib/python3.12/site-packages/airflow/example_dags/example_python_operator.py for tasks to queue
[2026-06-29T22:36:12.149+0000] {logging_mixin.py:190} INFO - [2026-06-29T22:36:12.149+0000] {dagbag.py:588} INFO - Filling up the DagBag from /home/airflow/.local/lib/python3.12/site-packages/airflow/example_dags/example_python_operator.py
[2026-06-29T22:36:12.165+0000] {processor.py:925} INFO - DAG(s) 'example_python_operator' retrieved from /home/airflow/.local/lib/python3.12/site-packages/airflow/example_dags/example_python_operator.py
[2026-06-29T22:36:12.192+0000] {logging_mixin.py:190} INFO - [2026-06-29T22:36:12.191+0000] {dag.py:3239} INFO - Sync 1 DAGs
[2026-06-29T22:36:12.213+0000] {logging_mixin.py:190} INFO - [2026-06-29T22:36:12.212+0000] {dag.py:4180} INFO - Setting next_dagrun for example_python_operator to None, run_after=None
[2026-06-29T22:36:12.234+0000] {processor.py:208} INFO - Processing /home/airflow/.local/lib/python3.12/site-packages/airflow/example_dags/example_python_operator.py took 0.100 seconds
[2026-06-29T22:36:42.860+0000] {processor.py:186} INFO - Started process (PID=3705) to work on /home/airflow/.local/lib/python3.12/site-packages/airflow/example_dags/example_python_operator.py
[2026-06-29T22:36:42.864+0000] {processor.py:914} INFO - Processing file /home/airflow/.local/lib/python3.12/site-packages/airflow/example_dags/example_python_operator.py for tasks to queue
[2026-06-29T22:36:42.875+0000] {logging_mixin.py:190} INFO - [2026-06-29T22:36:42.874+0000] {dagbag.py:588} INFO - Filling up the DagBag from /home/airflow/.local/lib/python3.12/site-packages/airflow/example_dags/example_python_operator.py
[2026-06-29T22:36:42.906+0000] {processor.py:925} INFO - DAG(s) 'example_python_operator' retrieved from /home/airflow/.local/lib/python3.12/site-packages/airflow/example_dags/example_python_operator.py
[2026-06-29T22:36:42.974+0000] {logging_mixin.py:190} INFO - [2026-06-29T22:36:42.973+0000] {dag.py:3239} INFO - Sync 1 DAGs
[2026-06-29T22:36:43.012+0000] {logging_mixin.py:190} INFO - [2026-06-29T22:36:43.012+0000] {dag.py:4180} INFO - Setting next_dagrun for example_python_operator to None, run_after=None
[2026-06-29T22:36:43.068+0000] {processor.py:208} INFO - Processing /home/airflow/.local/lib/python3.12/site-packages/airflow/example_dags/example_python_operator.py took 0.223 seconds
[2026-06-29T22:37:13.805+0000] {processor.py:186} INFO - Started process (PID=3769) to work on /home/airflow/.local/lib/python3.12/site-packages/airflow/example_dags/example_python_operator.py
[2026-06-29T22:37:13.806+0000] {processor.py:914} INFO - Processing file /home/airflow/.local/lib/python3.12/site-packages/airflow/example_dags/example_python_operator.py for tasks to queue
[2026-06-29T22:37:13.810+0000] {logging_mixin.py:190} INFO - [2026-06-29T22:37:13.809+0000] {dagbag.py:588} INFO - Filling up the DagBag from /home/airflow/.local/lib/python3.12/site-packages/airflow/example_dags/example_python_operator.py
[2026-06-29T22:37:13.823+0000] {processor.py:925} INFO - DAG(s) 'example_python_operator' retrieved from /home/airflow/.local/lib/python3.12/site-packages/airflow/example_dags/example_python_operator.py
[2026-06-29T22:37:13.848+0000] {logging_mixin.py:190} INFO - [2026-06-29T22:37:13.847+0000] {dag.py:3239} INFO - Sync 1 DAGs
[2026-06-29T22:37:13.862+0000] {logging_mixin.py:190} INFO - [2026-06-29T22:37:13.862+0000] {dag.py:4180} INFO - Setting next_dagrun for example_python_operator to None, run_after=None
[2026-06-29T22:37:13.884+0000] {processor.py:208} INFO - Processing /home/airflow/.local/lib/python3.12/site-packages/airflow/example_dags/example_python_operator.py took 0.087 seconds
[2026-06-29T22:37:44.207+0000] {processor.py:186} INFO - Started process (PID=3833) to work on /home/airflow/.local/lib/python3.12/site-packages/airflow/example_dags/example_python_operator.py
[2026-06-29T22:37:44.208+0000] {processor.py:914} INFO - Processing file /home/airflow/.local/lib/python3.12/site-packages/airflow/example_dags/example_python_operator.py for tasks to queue
[2026-06-29T22:37:44.212+0000] {logging_mixin.py:190} INFO - [2026-06-29T22:37:44.212+0000] {dagbag.py:588} INFO - Filling up the DagBag from /home/airflow/.local/lib/python3.12/site-packages/airflow/example_dags/example_python_operator.py
[2026-06-29T22:37:44.225+0000] {processor.py:925} INFO - DAG(s) 'example_python_operator' retrieved from /home/airflow/.local/lib/python3.12/site-packages/airflow/example_dags/example_python_operator.py
[2026-06-29T22:37:44.251+0000] {logging_mixin.py:190} INFO - [2026-06-29T22:37:44.251+0000] {dag.py:3239} INFO - Sync 1 DAGs
[2026-06-29T22:37:44.267+0000] {logging_mixin.py:190} INFO - [2026-06-29T22:37:44.266+0000] {dag.py:4180} INFO - Setting next_dagrun for example_python_operator to None, run_after=None
[2026-06-29T22:37:44.288+0000] {processor.py:208} INFO - Processing /home/airflow/.local/lib/python3.12/site-packages/airflow/example_dags/example_python_operator.py took 0.090 seconds
[2026-06-29T22:38:15.000+0000] {processor.py:186} INFO - Started process (PID=3897) to work on /home/airflow/.local/lib/python3.12/site-packages/airflow/example_dags/example_python_operator.py
[2026-06-29T22:38:15.003+0000] {processor.py:914} INFO - Processing file /home/airflow/.local/lib/python3.12/site-packages/airflow/example_dags/example_python_operator.py for tasks to queue
[2026-06-29T22:38:15.012+0000] {logging_mixin.py:190} INFO - [2026-06-29T22:38:15.011+0000] {dagbag.py:588} INFO - Filling up the DagBag from /home/airflow/.local/lib/python3.12/site-packages/airflow/example_dags/example_python_operator.py
[2026-06-29T22:38:15.036+0000] {processor.py:925} INFO - DAG(s) 'example_python_operator' retrieved from /home/airflow/.local/lib/python3.12/site-packages/airflow/example_dags/example_python_operator.py
[2026-06-29T22:38:15.063+0000] {logging_mixin.py:190} INFO - [2026-06-29T22:38:15.062+0000] {dag.py:3239} INFO - Sync 1 DAGs
[2026-06-29T22:38:15.085+0000] {logging_mixin.py:190} INFO - [2026-06-29T22:38:15.084+0000] {dag.py:4180} INFO - Setting next_dagrun for example_python_operator to None, run_after=None
[2026-06-29T22:38:15.111+0000] {processor.py:208} INFO - Processing /home/airflow/.local/lib/python3.12/site-packages/airflow/example_dags/example_python_operator.py took 0.126 seconds
[2026-06-29T22:38:45.689+0000] {processor.py:186} INFO - Started process (PID=3967) to work on /home/airflow/.local/lib/python3.12/site-packages/airflow/example_dags/example_python_operator.py
[2026-06-29T22:38:45.692+0000] {processor.py:914} INFO - Processing file /home/airflow/.local/lib/python3.12/site-packages/airflow/example_dags/example_python_operator.py for tasks to queue
[2026-06-29T22:38:45.697+0000] {logging_mixin.py:190} INFO - [2026-06-29T22:38:45.696+0000] {dagbag.py:588} INFO - Filling up the DagBag from /home/airflow/.local/lib/python3.12/site-packages/airflow/example_dags/example_python_operator.py
[2026-06-29T22:38:45.718+0000] {processor.py:925} INFO - DAG(s) 'example_python_operator' retrieved from /home/airflow/.local/lib/python3.12/site-packages/airflow/example_dags/example_python_operator.py
[2026-06-29T22:38:45.759+0000] {logging_mixin.py:190} INFO - [2026-06-29T22:38:45.758+0000] {dag.py:3239} INFO - Sync 1 DAGs
[2026-06-29T22:38:45.783+0000] {logging_mixin.py:190} INFO - [2026-06-29T22:38:45.782+0000] {dag.py:4180} INFO - Setting next_dagrun for example_python_operator to None, run_after=None
[2026-06-29T22:38:45.819+0000] {processor.py:208} INFO - Processing /home/airflow/.local/lib/python3.12/site-packages/airflow/example_dags/example_python_operator.py took 0.149 seconds
[2026-06-29T22:39:15.911+0000] {processor.py:186} INFO - Started process (PID=4031) to work on /home/airflow/.local/lib/python3.12/site-packages/airflow/example_dags/example_python_operator.py
[2026-06-29T22:39:15.913+0000] {processor.py:914} INFO - Processing file /home/airflow/.local/lib/python3.12/site-packages/airflow/example_dags/example_python_operator.py for tasks to queue
[2026-06-29T22:39:15.917+0000] {logging_mixin.py:190} INFO - [2026-06-29T22:39:15.916+0000] {dagbag.py:588} INFO - Filling up the DagBag from /home/airflow/.local/lib/python3.12/site-packages/airflow/example_dags/example_python_operator.py
[2026-06-29T22:39:15.932+0000] {processor.py:925} INFO - DAG(s) 'example_python_operator' retrieved from /home/airflow/.local/lib/python3.12/site-packages/airflow/example_dags/example_python_operator.py
[2026-06-29T22:39:15.956+0000] {logging_mixin.py:190} INFO - [2026-06-29T22:39:15.955+0000] {dag.py:3239} INFO - Sync 1 DAGs
[2026-06-29T22:39:16.134+0000] {logging_mixin.py:190} INFO - [2026-06-29T22:39:16.133+0000] {dag.py:4180} INFO - Setting next_dagrun for example_python_operator to None, run_after=None
[2026-06-29T22:39:16.152+0000] {processor.py:208} INFO - Processing /home/airflow/.local/lib/python3.12/site-packages/airflow/example_dags/example_python_operator.py took 0.253 seconds
[2026-06-29T22:39:46.666+0000] {processor.py:186} INFO - Started process (PID=4094) to work on /home/airflow/.local/lib/python3.12/site-packages/airflow/example_dags/example_python_operator.py
[2026-06-29T22:39:46.669+0000] {processor.py:914} INFO - Processing file /home/airflow/.local/lib/python3.12/site-packages/airflow/example_dags/example_python_operator.py for tasks to queue
[2026-06-29T22:39:46.674+0000] {logging_mixin.py:190} INFO - [2026-06-29T22:39:46.673+0000] {dagbag.py:588} INFO - Filling up the DagBag from /home/airflow/.local/lib/python3.12/site-packages/airflow/example_dags/example_python_operator.py
[2026-06-29T22:39:46.700+0000] {processor.py:925} INFO - DAG(s) 'example_python_operator' retrieved from /home/airflow/.local/lib/python3.12/site-packages/airflow/example_dags/example_python_operator.py
[2026-06-29T22:39:46.752+0000] {logging_mixin.py:190} INFO - [2026-06-29T22:39:46.752+0000] {dag.py:3239} INFO - Sync 1 DAGs
[2026-06-29T22:39:46.783+0000] {logging_mixin.py:190} INFO - [2026-06-29T22:39:46.782+0000] {dag.py:4180} INFO - Setting next_dagrun for example_python_operator to None, run_after=None
[2026-06-29T22:39:46.832+0000] {processor.py:208} INFO - Processing /home/airflow/.local/lib/python3.12/site-packages/airflow/example_dags/example_python_operator.py took 0.186 seconds
[2026-06-29T22:41:21.214+0000] {processor.py:186} INFO - Started process (PID=87) to work on /home/airflow/.local/lib/python3.12/site-packages/airflow/example_dags/example_python_operator.py
[2026-06-29T22:41:21.218+0000] {processor.py:914} INFO - Processing file /home/airflow/.local/lib/python3.12/site-packages/airflow/example_dags/example_python_operator.py for tasks to queue
[2026-06-29T22:41:21.227+0000] {logging_mixin.py:190} INFO - [2026-06-29T22:41:21.226+0000] {dagbag.py:588} INFO - Filling up the DagBag from /home/airflow/.local/lib/python3.12/site-packages/airflow/example_dags/example_python_operator.py
[2026-06-29T22:41:21.263+0000] {processor.py:925} INFO - DAG(s) 'example_python_operator' retrieved from /home/airflow/.local/lib/python3.12/site-packages/airflow/example_dags/example_python_operator.py
[2026-06-29T22:41:21.633+0000] {logging_mixin.py:190} INFO - [2026-06-29T22:41:21.631+0000] {dag.py:3239} INFO - Sync 1 DAGs
[2026-06-29T22:41:21.679+0000] {logging_mixin.py:190} INFO - [2026-06-29T22:41:21.678+0000] {dag.py:4180} INFO - Setting next_dagrun for example_python_operator to None, run_after=None
[2026-06-29T22:41:21.733+0000] {processor.py:208} INFO - Processing /home/airflow/.local/lib/python3.12/site-packages/airflow/example_dags/example_python_operator.py took 0.530 seconds
[2026-06-29T22:41:52.318+0000] {processor.py:186} INFO - Started process (PID=151) to work on /home/airflow/.local/lib/python3.12/site-packages/airflow/example_dags/example_python_operator.py
[2026-06-29T22:41:52.326+0000] {processor.py:914} INFO - Processing file /home/airflow/.local/lib/python3.12/site-packages/airflow/example_dags/example_python_operator.py for tasks to queue
[2026-06-29T22:41:52.334+0000] {logging_mixin.py:190} INFO - [2026-06-29T22:41:52.333+0000] {dagbag.py:588} INFO - Filling up the DagBag from /home/airflow/.local/lib/python3.12/site-packages/airflow/example_dags/example_python_operator.py
[2026-06-29T22:41:52.364+0000] {processor.py:925} INFO - DAG(s) 'example_python_operator' retrieved from /home/airflow/.local/lib/python3.12/site-packages/airflow/example_dags/example_python_operator.py
[2026-06-29T22:41:52.419+0000] {logging_mixin.py:190} INFO - [2026-06-29T22:41:52.418+0000] {dag.py:3239} INFO - Sync 1 DAGs
[2026-06-29T22:41:52.448+0000] {logging_mixin.py:190} INFO - [2026-06-29T22:41:52.448+0000] {dag.py:4180} INFO - Setting next_dagrun for example_python_operator to None, run_after=None
[2026-06-29T22:41:52.519+0000] {processor.py:208} INFO - Processing /home/airflow/.local/lib/python3.12/site-packages/airflow/example_dags/example_python_operator.py took 0.215 seconds
[2026-06-29T22:42:22.959+0000] {processor.py:186} INFO - Started process (PID=215) to work on /home/airflow/.local/lib/python3.12/site-packages/airflow/example_dags/example_python_operator.py
[2026-06-29T22:42:22.960+0000] {processor.py:914} INFO - Processing file /home/airflow/.local/lib/python3.12/site-packages/airflow/example_dags/example_python_operator.py for tasks to queue
[2026-06-29T22:42:22.963+0000] {logging_mixin.py:190} INFO - [2026-06-29T22:42:22.963+0000] {dagbag.py:588} INFO - Filling up the DagBag from /home/airflow/.local/lib/python3.12/site-packages/airflow/example_dags/example_python_operator.py
[2026-06-29T22:42:22.980+0000] {processor.py:925} INFO - DAG(s) 'example_python_operator' retrieved from /home/airflow/.local/lib/python3.12/site-packages/airflow/example_dags/example_python_operator.py
[2026-06-29T22:42:23.003+0000] {logging_mixin.py:190} INFO - [2026-06-29T22:42:23.003+0000] {dag.py:3239} INFO - Sync 1 DAGs
[2026-06-29T22:42:23.019+0000] {logging_mixin.py:190} INFO - [2026-06-29T22:42:23.019+0000] {dag.py:4180} INFO - Setting next_dagrun for example_python_operator to None, run_after=None
[2026-06-29T22:42:23.043+0000] {processor.py:208} INFO - Processing /home/airflow/.local/lib/python3.12/site-packages/airflow/example_dags/example_python_operator.py took 0.090 seconds
[2026-06-29T22:42:53.636+0000] {processor.py:186} INFO - Started process (PID=279) to work on /home/airflow/.local/lib/python3.12/site-packages/airflow/example_dags/example_python_operator.py
[2026-06-29T22:42:53.637+0000] {processor.py:914} INFO - Processing file /home/airflow/.local/lib/python3.12/site-packages/airflow/example_dags/example_python_operator.py for tasks to queue
[2026-06-29T22:42:53.640+0000] {logging_mixin.py:190} INFO - [2026-06-29T22:42:53.639+0000] {dagbag.py:588} INFO - Filling up the DagBag from /home/airflow/.local/lib/python3.12/site-packages/airflow/example_dags/example_python_operator.py
[2026-06-29T22:42:53.656+0000] {processor.py:925} INFO - DAG(s) 'example_python_operator' retrieved from /home/airflow/.local/lib/python3.12/site-packages/airflow/example_dags/example_python_operator.py
[2026-06-29T22:42:53.680+0000] {logging_mixin.py:190} INFO - [2026-06-29T22:42:53.680+0000] {dag.py:3239} INFO - Sync 1 DAGs
[2026-06-29T22:42:53.697+0000] {logging_mixin.py:190} INFO - [2026-06-29T22:42:53.696+0000] {dag.py:4180} INFO - Setting next_dagrun for example_python_operator to None, run_after=None
[2026-06-29T22:42:53.723+0000] {processor.py:208} INFO - Processing /home/airflow/.local/lib/python3.12/site-packages/airflow/example_dags/example_python_operator.py took 0.093 seconds
[2026-06-29T22:43:23.964+0000] {processor.py:186} INFO - Started process (PID=343) to work on /home/airflow/.local/lib/python3.12/site-packages/airflow/example_dags/example_python_operator.py
[2026-06-29T22:43:23.966+0000] {processor.py:914} INFO - Processing file /home/airflow/.local/lib/python3.12/site-packages/airflow/example_dags/example_python_operator.py for tasks to queue
[2026-06-29T22:43:23.969+0000] {logging_mixin.py:190} INFO - [2026-06-29T22:43:23.969+0000] {dagbag.py:588} INFO - Filling up the DagBag from /home/airflow/.local/lib/python3.12/site-packages/airflow/example_dags/example_python_operator.py
[2026-06-29T22:43:23.982+0000] {processor.py:925} INFO - DAG(s) 'example_python_operator' retrieved from /home/airflow/.local/lib/python3.12/site-packages/airflow/example_dags/example_python_operator.py
[2026-06-29T22:43:24.006+0000] {logging_mixin.py:190} INFO - [2026-06-29T22:43:24.005+0000] {dag.py:3239} INFO - Sync 1 DAGs
[2026-06-29T22:43:24.021+0000] {logging_mixin.py:190} INFO - [2026-06-29T22:43:24.021+0000] {dag.py:4180} INFO - Setting next_dagrun for example_python_operator to None, run_after=None
[2026-06-29T22:43:24.045+0000] {processor.py:208} INFO - Processing /home/airflow/.local/lib/python3.12/site-packages/airflow/example_dags/example_python_operator.py took 0.086 seconds
[2026-06-29T22:43:54.647+0000] {processor.py:186} INFO - Started process (PID=408) to work on /home/airflow/.local/lib/python3.12/site-packages/airflow/example_dags/example_python_operator.py
[2026-06-29T22:43:54.651+0000] {processor.py:914} INFO - Processing file /home/airflow/.local/lib/python3.12/site-packages/airflow/example_dags/example_python_operator.py for tasks to queue
[2026-06-29T22:43:54.664+0000] {logging_mixin.py:190} INFO - [2026-06-29T22:43:54.660+0000] {dagbag.py:588} INFO - Filling up the DagBag from /home/airflow/.local/lib/python3.12/site-packages/airflow/example_dags/example_python_operator.py
[2026-06-29T22:43:54.699+0000] {processor.py:925} INFO - DAG(s) 'example_python_operator' retrieved from /home/airflow/.local/lib/python3.12/site-packages/airflow/example_dags/example_python_operator.py
[2026-06-29T22:43:54.772+0000] {logging_mixin.py:190} INFO - [2026-06-29T22:43:54.772+0000] {dag.py:3239} INFO - Sync 1 DAGs
[2026-06-29T22:43:54.823+0000] {logging_mixin.py:190} INFO - [2026-06-29T22:43:54.823+0000] {dag.py:4180} INFO - Setting next_dagrun for example_python_operator to None, run_after=None
[2026-06-29T22:43:54.888+0000] {processor.py:208} INFO - Processing /home/airflow/.local/lib/python3.12/site-packages/airflow/example_dags/example_python_operator.py took 0.259 seconds
[2026-06-29T22:44:25.756+0000] {processor.py:186} INFO - Started process (PID=472) to work on /home/airflow/.local/lib/python3.12/site-packages/airflow/example_dags/example_python_operator.py
[2026-06-29T22:44:25.758+0000] {processor.py:914} INFO - Processing file /home/airflow/.local/lib/python3.12/site-packages/airflow/example_dags/example_python_operator.py for tasks to queue
[2026-06-29T22:44:25.764+0000] {logging_mixin.py:190} INFO - [2026-06-29T22:44:25.763+0000] {dagbag.py:588} INFO - Filling up the DagBag from /home/airflow/.local/lib/python3.12/site-packages/airflow/example_dags/example_python_operator.py
[2026-06-29T22:44:25.792+0000] {processor.py:925} INFO - DAG(s) 'example_python_operator' retrieved from /home/airflow/.local/lib/python3.12/site-packages/airflow/example_dags/example_python_operator.py
[2026-06-29T22:44:25.835+0000] {logging_mixin.py:190} INFO - [2026-06-29T22:44:25.834+0000] {dag.py:3239} INFO - Sync 1 DAGs
[2026-06-29T22:44:25.864+0000] {logging_mixin.py:190} INFO - [2026-06-29T22:44:25.864+0000] {dag.py:4180} INFO - Setting next_dagrun for example_python_operator to None, run_after=None
[2026-06-29T22:44:25.928+0000] {processor.py:208} INFO - Processing /home/airflow/.local/lib/python3.12/site-packages/airflow/example_dags/example_python_operator.py took 0.186 seconds
[2026-06-29T22:44:56.781+0000] {processor.py:186} INFO - Started process (PID=537) to work on /home/airflow/.local/lib/python3.12/site-packages/airflow/example_dags/example_python_operator.py
[2026-06-29T22:44:56.786+0000] {processor.py:914} INFO - Processing file /home/airflow/.local/lib/python3.12/site-packages/airflow/example_dags/example_python_operator.py for tasks to queue
[2026-06-29T22:44:56.793+0000] {logging_mixin.py:190} INFO - [2026-06-29T22:44:56.792+0000] {dagbag.py:588} INFO - Filling up the DagBag from /home/airflow/.local/lib/python3.12/site-packages/airflow/example_dags/example_python_operator.py
[2026-06-29T22:44:56.859+0000] {processor.py:925} INFO - DAG(s) 'example_python_operator' retrieved from /home/airflow/.local/lib/python3.12/site-packages/airflow/example_dags/example_python_operator.py
[2026-06-29T22:44:56.964+0000] {logging_mixin.py:190} INFO - [2026-06-29T22:44:56.963+0000] {dag.py:3239} INFO - Sync 1 DAGs
[2026-06-29T22:44:57.080+0000] {logging_mixin.py:190} INFO - [2026-06-29T22:44:57.079+0000] {dag.py:4180} INFO - Setting next_dagrun for example_python_operator to None, run_after=None
[2026-06-29T22:44:57.198+0000] {processor.py:208} INFO - Processing /home/airflow/.local/lib/python3.12/site-packages/airflow/example_dags/example_python_operator.py took 0.452 seconds
[2026-06-29T22:45:28.010+0000] {processor.py:186} INFO - Started process (PID=600) to work on /home/airflow/.local/lib/python3.12/site-packages/airflow/example_dags/example_python_operator.py
[2026-06-29T22:45:28.011+0000] {processor.py:914} INFO - Processing file /home/airflow/.local/lib/python3.12/site-packages/airflow/example_dags/example_python_operator.py for tasks to queue
[2026-06-29T22:45:28.015+0000] {logging_mixin.py:190} INFO - [2026-06-29T22:45:28.015+0000] {dagbag.py:588} INFO - Filling up the DagBag from /home/airflow/.local/lib/python3.12/site-packages/airflow/example_dags/example_python_operator.py
[2026-06-29T22:45:28.032+0000] {processor.py:925} INFO - DAG(s) 'example_python_operator' retrieved from /home/airflow/.local/lib/python3.12/site-packages/airflow/example_dags/example_python_operator.py
[2026-06-29T22:45:28.057+0000] {logging_mixin.py:190} INFO - [2026-06-29T22:45:28.057+0000] {dag.py:3239} INFO - Sync 1 DAGs
[2026-06-29T22:45:28.077+0000] {logging_mixin.py:190} INFO - [2026-06-29T22:45:28.077+0000] {dag.py:4180} INFO - Setting next_dagrun for example_python_operator to None, run_after=None
[2026-06-29T22:45:28.098+0000] {processor.py:208} INFO - Processing /home/airflow/.local/lib/python3.12/site-packages/airflow/example_dags/example_python_operator.py took 0.098 seconds
[2026-06-29T22:45:58.354+0000] {processor.py:186} INFO - Started process (PID=664) to work on /home/airflow/.local/lib/python3.12/site-packages/airflow/example_dags/example_python_operator.py
[2026-06-29T22:45:58.356+0000] {processor.py:914} INFO - Processing file /home/airflow/.local/lib/python3.12/site-packages/airflow/example_dags/example_python_operator.py for tasks to queue
[2026-06-29T22:45:58.362+0000] {logging_mixin.py:190} INFO - [2026-06-29T22:45:58.361+0000] {dagbag.py:588} INFO - Filling up the DagBag from /home/airflow/.local/lib/python3.12/site-packages/airflow/example_dags/example_python_operator.py
[2026-06-29T22:45:58.384+0000] {processor.py:925} INFO - DAG(s) 'example_python_operator' retrieved from /home/airflow/.local/lib/python3.12/site-packages/airflow/example_dags/example_python_operator.py
[2026-06-29T22:45:58.430+0000] {logging_mixin.py:190} INFO - [2026-06-29T22:45:58.430+0000] {dag.py:3239} INFO - Sync 1 DAGs
[2026-06-29T22:45:58.451+0000] {logging_mixin.py:190} INFO - [2026-06-29T22:45:58.451+0000] {dag.py:4180} INFO - Setting next_dagrun for example_python_operator to None, run_after=None
[2026-06-29T22:45:58.485+0000] {processor.py:208} INFO - Processing /home/airflow/.local/lib/python3.12/site-packages/airflow/example_dags/example_python_operator.py took 0.144 seconds
[2026-06-29T22:46:28.779+0000] {processor.py:186} INFO - Started process (PID=728) to work on /home/airflow/.local/lib/python3.12/site-packages/airflow/example_dags/example_python_operator.py
[2026-06-29T22:46:28.781+0000] {processor.py:914} INFO - Processing file /home/airflow/.local/lib/python3.12/site-packages/airflow/example_dags/example_python_operator.py for tasks to queue
[2026-06-29T22:46:28.788+0000] {logging_mixin.py:190} INFO - [2026-06-29T22:46:28.787+0000] {dagbag.py:588} INFO - Filling up the DagBag from /home/airflow/.local/lib/python3.12/site-packages/airflow/example_dags/example_python_operator.py
[2026-06-29T22:46:28.812+0000] {processor.py:925} INFO - DAG(s) 'example_python_operator' retrieved from /home/airflow/.local/lib/python3.12/site-packages/airflow/example_dags/example_python_operator.py
[2026-06-29T22:46:28.845+0000] {logging_mixin.py:190} INFO - [2026-06-29T22:46:28.844+0000] {dag.py:3239} INFO - Sync 1 DAGs
[2026-06-29T22:46:28.866+0000] {logging_mixin.py:190} INFO - [2026-06-29T22:46:28.865+0000] {dag.py:4180} INFO - Setting next_dagrun for example_python_operator to None, run_after=None
[2026-06-29T22:46:28.895+0000] {processor.py:208} INFO - Processing /home/airflow/.local/lib/python3.12/site-packages/airflow/example_dags/example_python_operator.py took 0.126 seconds
[2026-06-29T22:46:59.793+0000] {processor.py:186} INFO - Started process (PID=792) to work on /home/airflow/.local/lib/python3.12/site-packages/airflow/example_dags/example_python_operator.py
[2026-06-29T22:46:59.799+0000] {processor.py:914} INFO - Processing file /home/airflow/.local/lib/python3.12/site-packages/airflow/example_dags/example_python_operator.py for tasks to queue
