[2026-06-29T21:56:55.213+0000] {processor.py:186} INFO - Started process (PID=84) to work on /home/airflow/.local/lib/python3.12/site-packages/airflow/example_dags/tutorial_taskflow_api_virtualenv.py
[2026-06-29T21:56:55.215+0000] {processor.py:914} INFO - Processing file /home/airflow/.local/lib/python3.12/site-packages/airflow/example_dags/tutorial_taskflow_api_virtualenv.py for tasks to queue
[2026-06-29T21:56:55.222+0000] {logging_mixin.py:190} INFO - [2026-06-29T21:56:55.221+0000] {dagbag.py:588} INFO - Filling up the DagBag from /home/airflow/.local/lib/python3.12/site-packages/airflow/example_dags/tutorial_taskflow_api_virtualenv.py
[2026-06-29T21:56:55.249+0000] {processor.py:925} INFO - DAG(s) 'tutorial_taskflow_api_virtualenv' retrieved from /home/airflow/.local/lib/python3.12/site-packages/airflow/example_dags/tutorial_taskflow_api_virtualenv.py
[2026-06-29T21:56:55.427+0000] {logging_mixin.py:190} INFO - [2026-06-29T21:56:55.427+0000] {override.py:1912} INFO - Created Permission View: can edit on DAG:tutorial_taskflow_api_virtualenv
[2026-06-29T21:56:55.445+0000] {logging_mixin.py:190} INFO - [2026-06-29T21:56:55.445+0000] {override.py:1912} INFO - Created Permission View: can read on DAG:tutorial_taskflow_api_virtualenv
[2026-06-29T21:56:55.456+0000] {logging_mixin.py:190} INFO - [2026-06-29T21:56:55.456+0000] {override.py:1912} INFO - Created Permission View: can delete on DAG:tutorial_taskflow_api_virtualenv
[2026-06-29T21:56:55.471+0000] {logging_mixin.py:190} INFO - [2026-06-29T21:56:55.470+0000] {override.py:1912} INFO - Created Permission View: can create on DAG Run:tutorial_taskflow_api_virtualenv
[2026-06-29T21:56:55.487+0000] {logging_mixin.py:190} INFO - [2026-06-29T21:56:55.487+0000] {override.py:1912} INFO - Created Permission View: can read on DAG Run:tutorial_taskflow_api_virtualenv
[2026-06-29T21:56:55.500+0000] {logging_mixin.py:190} INFO - [2026-06-29T21:56:55.499+0000] {override.py:1912} INFO - Created Permission View: can delete on DAG Run:tutorial_taskflow_api_virtualenv
[2026-06-29T21:56:55.513+0000] {logging_mixin.py:190} INFO - [2026-06-29T21:56:55.513+0000] {override.py:1912} INFO - Created Permission View: menu access on DAG Run:tutorial_taskflow_api_virtualenv
[2026-06-29T21:56:55.515+0000] {logging_mixin.py:190} INFO - [2026-06-29T21:56:55.514+0000] {dag.py:3239} INFO - Sync 1 DAGs
[2026-06-29T21:56:55.539+0000] {logging_mixin.py:190} INFO - [2026-06-29T21:56:55.539+0000] {dag.py:3262} INFO - Creating ORM DAG for tutorial_taskflow_api_virtualenv
[2026-06-29T21:56:55.542+0000] {logging_mixin.py:190} INFO - [2026-06-29T21:56:55.541+0000] {dag.py:4180} INFO - Setting next_dagrun for tutorial_taskflow_api_virtualenv to None, run_after=None
[2026-06-29T21:56:55.578+0000] {processor.py:208} INFO - Processing /home/airflow/.local/lib/python3.12/site-packages/airflow/example_dags/tutorial_taskflow_api_virtualenv.py took 0.373 seconds
[2026-06-29T21:59:04.287+0000] {processor.py:186} INFO - Started process (PID=84) to work on /home/airflow/.local/lib/python3.12/site-packages/airflow/example_dags/tutorial_taskflow_api_virtualenv.py
[2026-06-29T21:59:04.293+0000] {processor.py:914} INFO - Processing file /home/airflow/.local/lib/python3.12/site-packages/airflow/example_dags/tutorial_taskflow_api_virtualenv.py for tasks to queue
[2026-06-29T21:59:04.300+0000] {logging_mixin.py:190} INFO - [2026-06-29T21:59:04.299+0000] {dagbag.py:588} INFO - Filling up the DagBag from /home/airflow/.local/lib/python3.12/site-packages/airflow/example_dags/tutorial_taskflow_api_virtualenv.py
[2026-06-29T21:59:04.344+0000] {processor.py:925} INFO - DAG(s) 'tutorial_taskflow_api_virtualenv' retrieved from /home/airflow/.local/lib/python3.12/site-packages/airflow/example_dags/tutorial_taskflow_api_virtualenv.py
[2026-06-29T21:59:04.867+0000] {logging_mixin.py:190} INFO - [2026-06-29T21:59:04.865+0000] {dag.py:3239} INFO - Sync 1 DAGs
[2026-06-29T21:59:04.923+0000] {logging_mixin.py:190} INFO - [2026-06-29T21:59:04.923+0000] {dag.py:4180} INFO - Setting next_dagrun for tutorial_taskflow_api_virtualenv to None, run_after=None
[2026-06-29T21:59:05.051+0000] {processor.py:208} INFO - Processing /home/airflow/.local/lib/python3.12/site-packages/airflow/example_dags/tutorial_taskflow_api_virtualenv.py took 0.784 seconds
[2026-06-29T21:59:35.838+0000] {processor.py:186} INFO - Started process (PID=147) to work on /home/airflow/.local/lib/python3.12/site-packages/airflow/example_dags/tutorial_taskflow_api_virtualenv.py
[2026-06-29T21:59:35.840+0000] {processor.py:914} INFO - Processing file /home/airflow/.local/lib/python3.12/site-packages/airflow/example_dags/tutorial_taskflow_api_virtualenv.py for tasks to queue
[2026-06-29T21:59:35.844+0000] {logging_mixin.py:190} INFO - [2026-06-29T21:59:35.844+0000] {dagbag.py:588} INFO - Filling up the DagBag from /home/airflow/.local/lib/python3.12/site-packages/airflow/example_dags/tutorial_taskflow_api_virtualenv.py
[2026-06-29T21:59:35.855+0000] {processor.py:925} INFO - DAG(s) 'tutorial_taskflow_api_virtualenv' retrieved from /home/airflow/.local/lib/python3.12/site-packages/airflow/example_dags/tutorial_taskflow_api_virtualenv.py
[2026-06-29T21:59:35.876+0000] {logging_mixin.py:190} INFO - [2026-06-29T21:59:35.876+0000] {dag.py:3239} INFO - Sync 1 DAGs
[2026-06-29T21:59:35.889+0000] {logging_mixin.py:190} INFO - [2026-06-29T21:59:35.889+0000] {dag.py:4180} INFO - Setting next_dagrun for tutorial_taskflow_api_virtualenv to None, run_after=None
[2026-06-29T21:59:35.906+0000] {processor.py:208} INFO - Processing /home/airflow/.local/lib/python3.12/site-packages/airflow/example_dags/tutorial_taskflow_api_virtualenv.py took 0.080 seconds
[2026-06-29T22:00:06.693+0000] {processor.py:186} INFO - Started process (PID=210) to work on /home/airflow/.local/lib/python3.12/site-packages/airflow/example_dags/tutorial_taskflow_api_virtualenv.py
[2026-06-29T22:00:06.696+0000] {processor.py:914} INFO - Processing file /home/airflow/.local/lib/python3.12/site-packages/airflow/example_dags/tutorial_taskflow_api_virtualenv.py for tasks to queue
[2026-06-29T22:00:06.700+0000] {logging_mixin.py:190} INFO - [2026-06-29T22:00:06.700+0000] {dagbag.py:588} INFO - Filling up the DagBag from /home/airflow/.local/lib/python3.12/site-packages/airflow/example_dags/tutorial_taskflow_api_virtualenv.py
[2026-06-29T22:00:06.717+0000] {processor.py:925} INFO - DAG(s) 'tutorial_taskflow_api_virtualenv' retrieved from /home/airflow/.local/lib/python3.12/site-packages/airflow/example_dags/tutorial_taskflow_api_virtualenv.py
[2026-06-29T22:00:06.767+0000] {logging_mixin.py:190} INFO - [2026-06-29T22:00:06.766+0000] {dag.py:3239} INFO - Sync 1 DAGs
[2026-06-29T22:00:06.794+0000] {logging_mixin.py:190} INFO - [2026-06-29T22:00:06.793+0000] {dag.py:4180} INFO - Setting next_dagrun for tutorial_taskflow_api_virtualenv to None, run_after=None
[2026-06-29T22:00:06.831+0000] {processor.py:208} INFO - Processing /home/airflow/.local/lib/python3.12/site-packages/airflow/example_dags/tutorial_taskflow_api_virtualenv.py took 0.151 seconds
[2026-06-29T22:00:37.374+0000] {processor.py:186} INFO - Started process (PID=274) to work on /home/airflow/.local/lib/python3.12/site-packages/airflow/example_dags/tutorial_taskflow_api_virtualenv.py
[2026-06-29T22:00:37.376+0000] {processor.py:914} INFO - Processing file /home/airflow/.local/lib/python3.12/site-packages/airflow/example_dags/tutorial_taskflow_api_virtualenv.py for tasks to queue
[2026-06-29T22:00:37.382+0000] {logging_mixin.py:190} INFO - [2026-06-29T22:00:37.382+0000] {dagbag.py:588} INFO - Filling up the DagBag from /home/airflow/.local/lib/python3.12/site-packages/airflow/example_dags/tutorial_taskflow_api_virtualenv.py
[2026-06-29T22:00:37.406+0000] {processor.py:925} INFO - DAG(s) 'tutorial_taskflow_api_virtualenv' retrieved from /home/airflow/.local/lib/python3.12/site-packages/airflow/example_dags/tutorial_taskflow_api_virtualenv.py
[2026-06-29T22:00:37.450+0000] {logging_mixin.py:190} INFO - [2026-06-29T22:00:37.449+0000] {dag.py:3239} INFO - Sync 1 DAGs
[2026-06-29T22:00:37.481+0000] {logging_mixin.py:190} INFO - [2026-06-29T22:00:37.481+0000] {dag.py:4180} INFO - Setting next_dagrun for tutorial_taskflow_api_virtualenv to None, run_after=None
[2026-06-29T22:00:37.527+0000] {processor.py:208} INFO - Processing /home/airflow/.local/lib/python3.12/site-packages/airflow/example_dags/tutorial_taskflow_api_virtualenv.py took 0.162 seconds
[2026-06-29T22:01:08.243+0000] {processor.py:186} INFO - Started process (PID=337) to work on /home/airflow/.local/lib/python3.12/site-packages/airflow/example_dags/tutorial_taskflow_api_virtualenv.py
[2026-06-29T22:01:08.248+0000] {processor.py:914} INFO - Processing file /home/airflow/.local/lib/python3.12/site-packages/airflow/example_dags/tutorial_taskflow_api_virtualenv.py for tasks to queue
[2026-06-29T22:01:08.255+0000] {logging_mixin.py:190} INFO - [2026-06-29T22:01:08.254+0000] {dagbag.py:588} INFO - Filling up the DagBag from /home/airflow/.local/lib/python3.12/site-packages/airflow/example_dags/tutorial_taskflow_api_virtualenv.py
[2026-06-29T22:01:08.280+0000] {processor.py:925} INFO - DAG(s) 'tutorial_taskflow_api_virtualenv' retrieved from /home/airflow/.local/lib/python3.12/site-packages/airflow/example_dags/tutorial_taskflow_api_virtualenv.py
[2026-06-29T22:01:08.320+0000] {logging_mixin.py:190} INFO - [2026-06-29T22:01:08.319+0000] {dag.py:3239} INFO - Sync 1 DAGs
[2026-06-29T22:01:08.345+0000] {logging_mixin.py:190} INFO - [2026-06-29T22:01:08.345+0000] {dag.py:4180} INFO - Setting next_dagrun for tutorial_taskflow_api_virtualenv to None, run_after=None
[2026-06-29T22:01:08.386+0000] {processor.py:208} INFO - Processing /home/airflow/.local/lib/python3.12/site-packages/airflow/example_dags/tutorial_taskflow_api_virtualenv.py took 0.169 seconds
[2026-06-29T22:01:38.573+0000] {processor.py:186} INFO - Started process (PID=400) to work on /home/airflow/.local/lib/python3.12/site-packages/airflow/example_dags/tutorial_taskflow_api_virtualenv.py
[2026-06-29T22:01:38.577+0000] {processor.py:914} INFO - Processing file /home/airflow/.local/lib/python3.12/site-packages/airflow/example_dags/tutorial_taskflow_api_virtualenv.py for tasks to queue
[2026-06-29T22:01:38.582+0000] {logging_mixin.py:190} INFO - [2026-06-29T22:01:38.582+0000] {dagbag.py:588} INFO - Filling up the DagBag from /home/airflow/.local/lib/python3.12/site-packages/airflow/example_dags/tutorial_taskflow_api_virtualenv.py
[2026-06-29T22:01:38.613+0000] {processor.py:925} INFO - DAG(s) 'tutorial_taskflow_api_virtualenv' retrieved from /home/airflow/.local/lib/python3.12/site-packages/airflow/example_dags/tutorial_taskflow_api_virtualenv.py
[2026-06-29T22:01:38.681+0000] {logging_mixin.py:190} INFO - [2026-06-29T22:01:38.681+0000] {dag.py:3239} INFO - Sync 1 DAGs
[2026-06-29T22:01:38.717+0000] {logging_mixin.py:190} INFO - [2026-06-29T22:01:38.716+0000] {dag.py:4180} INFO - Setting next_dagrun for tutorial_taskflow_api_virtualenv to None, run_after=None
[2026-06-29T22:01:38.773+0000] {processor.py:208} INFO - Processing /home/airflow/.local/lib/python3.12/site-packages/airflow/example_dags/tutorial_taskflow_api_virtualenv.py took 0.214 seconds
[2026-06-29T22:02:09.697+0000] {processor.py:186} INFO - Started process (PID=464) to work on /home/airflow/.local/lib/python3.12/site-packages/airflow/example_dags/tutorial_taskflow_api_virtualenv.py
[2026-06-29T22:02:09.701+0000] {processor.py:914} INFO - Processing file /home/airflow/.local/lib/python3.12/site-packages/airflow/example_dags/tutorial_taskflow_api_virtualenv.py for tasks to queue
[2026-06-29T22:02:09.709+0000] {logging_mixin.py:190} INFO - [2026-06-29T22:02:09.708+0000] {dagbag.py:588} INFO - Filling up the DagBag from /home/airflow/.local/lib/python3.12/site-packages/airflow/example_dags/tutorial_taskflow_api_virtualenv.py
[2026-06-29T22:02:09.731+0000] {processor.py:925} INFO - DAG(s) 'tutorial_taskflow_api_virtualenv' retrieved from /home/airflow/.local/lib/python3.12/site-packages/airflow/example_dags/tutorial_taskflow_api_virtualenv.py
[2026-06-29T22:02:09.779+0000] {logging_mixin.py:190} INFO - [2026-06-29T22:02:09.779+0000] {dag.py:3239} INFO - Sync 1 DAGs
[2026-06-29T22:02:09.807+0000] {logging_mixin.py:190} INFO - [2026-06-29T22:02:09.806+0000] {dag.py:4180} INFO - Setting next_dagrun for tutorial_taskflow_api_virtualenv to None, run_after=None
[2026-06-29T22:02:09.850+0000] {processor.py:208} INFO - Processing /home/airflow/.local/lib/python3.12/site-packages/airflow/example_dags/tutorial_taskflow_api_virtualenv.py took 0.173 seconds
[2026-06-29T22:02:42.968+0000] {processor.py:186} INFO - Started process (PID=527) to work on /home/airflow/.local/lib/python3.12/site-packages/airflow/example_dags/tutorial_taskflow_api_virtualenv.py
[2026-06-29T22:02:42.972+0000] {processor.py:914} INFO - Processing file /home/airflow/.local/lib/python3.12/site-packages/airflow/example_dags/tutorial_taskflow_api_virtualenv.py for tasks to queue
[2026-06-29T22:02:42.982+0000] {logging_mixin.py:190} INFO - [2026-06-29T22:02:42.982+0000] {dagbag.py:588} INFO - Filling up the DagBag from /home/airflow/.local/lib/python3.12/site-packages/airflow/example_dags/tutorial_taskflow_api_virtualenv.py
[2026-06-29T22:02:43.048+0000] {processor.py:925} INFO - DAG(s) 'tutorial_taskflow_api_virtualenv' retrieved from /home/airflow/.local/lib/python3.12/site-packages/airflow/example_dags/tutorial_taskflow_api_virtualenv.py
[2026-06-29T22:02:43.181+0000] {logging_mixin.py:190} INFO - [2026-06-29T22:02:43.180+0000] {dag.py:3239} INFO - Sync 1 DAGs
[2026-06-29T22:02:43.239+0000] {logging_mixin.py:190} INFO - [2026-06-29T22:02:43.238+0000] {dag.py:4180} INFO - Setting next_dagrun for tutorial_taskflow_api_virtualenv to None, run_after=None
[2026-06-29T22:02:43.345+0000] {processor.py:208} INFO - Processing /home/airflow/.local/lib/python3.12/site-packages/airflow/example_dags/tutorial_taskflow_api_virtualenv.py took 0.403 seconds
[2026-06-29T22:03:13.450+0000] {processor.py:186} INFO - Started process (PID=590) to work on /home/airflow/.local/lib/python3.12/site-packages/airflow/example_dags/tutorial_taskflow_api_virtualenv.py
[2026-06-29T22:03:13.451+0000] {processor.py:914} INFO - Processing file /home/airflow/.local/lib/python3.12/site-packages/airflow/example_dags/tutorial_taskflow_api_virtualenv.py for tasks to queue
[2026-06-29T22:03:13.454+0000] {logging_mixin.py:190} INFO - [2026-06-29T22:03:13.454+0000] {dagbag.py:588} INFO - Filling up the DagBag from /home/airflow/.local/lib/python3.12/site-packages/airflow/example_dags/tutorial_taskflow_api_virtualenv.py
[2026-06-29T22:03:13.470+0000] {processor.py:925} INFO - DAG(s) 'tutorial_taskflow_api_virtualenv' retrieved from /home/airflow/.local/lib/python3.12/site-packages/airflow/example_dags/tutorial_taskflow_api_virtualenv.py
[2026-06-29T22:03:13.493+0000] {logging_mixin.py:190} INFO - [2026-06-29T22:03:13.493+0000] {dag.py:3239} INFO - Sync 1 DAGs
[2026-06-29T22:03:13.510+0000] {logging_mixin.py:190} INFO - [2026-06-29T22:03:13.510+0000] {dag.py:4180} INFO - Setting next_dagrun for tutorial_taskflow_api_virtualenv to None, run_after=None
[2026-06-29T22:03:13.535+0000] {processor.py:208} INFO - Processing /home/airflow/.local/lib/python3.12/site-packages/airflow/example_dags/tutorial_taskflow_api_virtualenv.py took 0.094 seconds
[2026-06-29T22:03:43.624+0000] {processor.py:186} INFO - Started process (PID=652) to work on /home/airflow/.local/lib/python3.12/site-packages/airflow/example_dags/tutorial_taskflow_api_virtualenv.py
[2026-06-29T22:03:43.627+0000] {processor.py:914} INFO - Processing file /home/airflow/.local/lib/python3.12/site-packages/airflow/example_dags/tutorial_taskflow_api_virtualenv.py for tasks to queue
[2026-06-29T22:03:43.632+0000] {logging_mixin.py:190} INFO - [2026-06-29T22:03:43.631+0000] {dagbag.py:588} INFO - Filling up the DagBag from /home/airflow/.local/lib/python3.12/site-packages/airflow/example_dags/tutorial_taskflow_api_virtualenv.py
[2026-06-29T22:03:43.651+0000] {processor.py:925} INFO - DAG(s) 'tutorial_taskflow_api_virtualenv' retrieved from /home/airflow/.local/lib/python3.12/site-packages/airflow/example_dags/tutorial_taskflow_api_virtualenv.py
[2026-06-29T22:03:43.690+0000] {logging_mixin.py:190} INFO - [2026-06-29T22:03:43.690+0000] {dag.py:3239} INFO - Sync 1 DAGs
[2026-06-29T22:03:43.719+0000] {logging_mixin.py:190} INFO - [2026-06-29T22:03:43.719+0000] {dag.py:4180} INFO - Setting next_dagrun for tutorial_taskflow_api_virtualenv to None, run_after=None
[2026-06-29T22:03:43.767+0000] {processor.py:208} INFO - Processing /home/airflow/.local/lib/python3.12/site-packages/airflow/example_dags/tutorial_taskflow_api_virtualenv.py took 0.150 seconds
[2026-06-29T22:04:14.614+0000] {processor.py:186} INFO - Started process (PID=716) to work on /home/airflow/.local/lib/python3.12/site-packages/airflow/example_dags/tutorial_taskflow_api_virtualenv.py
[2026-06-29T22:04:14.618+0000] {processor.py:914} INFO - Processing file /home/airflow/.local/lib/python3.12/site-packages/airflow/example_dags/tutorial_taskflow_api_virtualenv.py for tasks to queue
[2026-06-29T22:04:14.625+0000] {logging_mixin.py:190} INFO - [2026-06-29T22:04:14.624+0000] {dagbag.py:588} INFO - Filling up the DagBag from /home/airflow/.local/lib/python3.12/site-packages/airflow/example_dags/tutorial_taskflow_api_virtualenv.py
[2026-06-29T22:04:14.663+0000] {processor.py:925} INFO - DAG(s) 'tutorial_taskflow_api_virtualenv' retrieved from /home/airflow/.local/lib/python3.12/site-packages/airflow/example_dags/tutorial_taskflow_api_virtualenv.py
[2026-06-29T22:04:14.718+0000] {logging_mixin.py:190} INFO - [2026-06-29T22:04:14.717+0000] {dag.py:3239} INFO - Sync 1 DAGs
[2026-06-29T22:04:14.753+0000] {logging_mixin.py:190} INFO - [2026-06-29T22:04:14.753+0000] {dag.py:4180} INFO - Setting next_dagrun for tutorial_taskflow_api_virtualenv to None, run_after=None
[2026-06-29T22:04:14.804+0000] {processor.py:208} INFO - Processing /home/airflow/.local/lib/python3.12/site-packages/airflow/example_dags/tutorial_taskflow_api_virtualenv.py took 0.207 seconds
[2026-06-29T22:04:49.695+0000] {processor.py:186} INFO - Started process (PID=778) to work on /home/airflow/.local/lib/python3.12/site-packages/airflow/example_dags/tutorial_taskflow_api_virtualenv.py
[2026-06-29T22:04:49.702+0000] {processor.py:914} INFO - Processing file /home/airflow/.local/lib/python3.12/site-packages/airflow/example_dags/tutorial_taskflow_api_virtualenv.py for tasks to queue
[2026-06-29T22:04:49.724+0000] {logging_mixin.py:190} INFO - [2026-06-29T22:04:49.723+0000] {dagbag.py:588} INFO - Filling up the DagBag from /home/airflow/.local/lib/python3.12/site-packages/airflow/example_dags/tutorial_taskflow_api_virtualenv.py
[2026-06-29T22:04:49.755+0000] {processor.py:925} INFO - DAG(s) 'tutorial_taskflow_api_virtualenv' retrieved from /home/airflow/.local/lib/python3.12/site-packages/airflow/example_dags/tutorial_taskflow_api_virtualenv.py
[2026-06-29T22:04:49.855+0000] {logging_mixin.py:190} INFO - [2026-06-29T22:04:49.855+0000] {dag.py:3239} INFO - Sync 1 DAGs
[2026-06-29T22:04:49.924+0000] {logging_mixin.py:190} INFO - [2026-06-29T22:04:49.923+0000] {dag.py:4180} INFO - Setting next_dagrun for tutorial_taskflow_api_virtualenv to None, run_after=None
[2026-06-29T22:04:50.040+0000] {processor.py:208} INFO - Processing /home/airflow/.local/lib/python3.12/site-packages/airflow/example_dags/tutorial_taskflow_api_virtualenv.py took 0.380 seconds
[2026-06-29T22:05:20.263+0000] {processor.py:186} INFO - Started process (PID=842) to work on /home/airflow/.local/lib/python3.12/site-packages/airflow/example_dags/tutorial_taskflow_api_virtualenv.py
[2026-06-29T22:05:20.266+0000] {processor.py:914} INFO - Processing file /home/airflow/.local/lib/python3.12/site-packages/airflow/example_dags/tutorial_taskflow_api_virtualenv.py for tasks to queue
[2026-06-29T22:05:20.273+0000] {logging_mixin.py:190} INFO - [2026-06-29T22:05:20.272+0000] {dagbag.py:588} INFO - Filling up the DagBag from /home/airflow/.local/lib/python3.12/site-packages/airflow/example_dags/tutorial_taskflow_api_virtualenv.py
[2026-06-29T22:05:20.306+0000] {processor.py:925} INFO - DAG(s) 'tutorial_taskflow_api_virtualenv' retrieved from /home/airflow/.local/lib/python3.12/site-packages/airflow/example_dags/tutorial_taskflow_api_virtualenv.py
[2026-06-29T22:05:20.354+0000] {logging_mixin.py:190} INFO - [2026-06-29T22:05:20.353+0000] {dag.py:3239} INFO - Sync 1 DAGs
[2026-06-29T22:05:20.392+0000] {logging_mixin.py:190} INFO - [2026-06-29T22:05:20.391+0000] {dag.py:4180} INFO - Setting next_dagrun for tutorial_taskflow_api_virtualenv to None, run_after=None
[2026-06-29T22:05:20.443+0000] {processor.py:208} INFO - Processing /home/airflow/.local/lib/python3.12/site-packages/airflow/example_dags/tutorial_taskflow_api_virtualenv.py took 0.188 seconds
[2026-06-29T22:05:50.946+0000] {processor.py:186} INFO - Started process (PID=907) to work on /home/airflow/.local/lib/python3.12/site-packages/airflow/example_dags/tutorial_taskflow_api_virtualenv.py
[2026-06-29T22:05:50.947+0000] {processor.py:914} INFO - Processing file /home/airflow/.local/lib/python3.12/site-packages/airflow/example_dags/tutorial_taskflow_api_virtualenv.py for tasks to queue
[2026-06-29T22:05:50.950+0000] {logging_mixin.py:190} INFO - [2026-06-29T22:05:50.950+0000] {dagbag.py:588} INFO - Filling up the DagBag from /home/airflow/.local/lib/python3.12/site-packages/airflow/example_dags/tutorial_taskflow_api_virtualenv.py
[2026-06-29T22:05:50.962+0000] {processor.py:925} INFO - DAG(s) 'tutorial_taskflow_api_virtualenv' retrieved from /home/airflow/.local/lib/python3.12/site-packages/airflow/example_dags/tutorial_taskflow_api_virtualenv.py
[2026-06-29T22:05:50.985+0000] {logging_mixin.py:190} INFO - [2026-06-29T22:05:50.985+0000] {dag.py:3239} INFO - Sync 1 DAGs
[2026-06-29T22:05:50.999+0000] {logging_mixin.py:190} INFO - [2026-06-29T22:05:50.999+0000] {dag.py:4180} INFO - Setting next_dagrun for tutorial_taskflow_api_virtualenv to None, run_after=None
[2026-06-29T22:05:51.020+0000] {processor.py:208} INFO - Processing /home/airflow/.local/lib/python3.12/site-packages/airflow/example_dags/tutorial_taskflow_api_virtualenv.py took 0.080 seconds
[2026-06-29T22:08:19.375+0000] {processor.py:186} INFO - Started process (PID=92) to work on /home/airflow/.local/lib/python3.12/site-packages/airflow/example_dags/tutorial_taskflow_api_virtualenv.py
[2026-06-29T22:08:19.380+0000] {processor.py:914} INFO - Processing file /home/airflow/.local/lib/python3.12/site-packages/airflow/example_dags/tutorial_taskflow_api_virtualenv.py for tasks to queue
[2026-06-29T22:08:19.394+0000] {logging_mixin.py:190} INFO - [2026-06-29T22:08:19.393+0000] {dagbag.py:588} INFO - Filling up the DagBag from /home/airflow/.local/lib/python3.12/site-packages/airflow/example_dags/tutorial_taskflow_api_virtualenv.py
[2026-06-29T22:08:19.426+0000] {processor.py:925} INFO - DAG(s) 'tutorial_taskflow_api_virtualenv' retrieved from /home/airflow/.local/lib/python3.12/site-packages/airflow/example_dags/tutorial_taskflow_api_virtualenv.py
[2026-06-29T22:08:19.692+0000] {logging_mixin.py:190} INFO - [2026-06-29T22:08:19.692+0000] {dag.py:3239} INFO - Sync 1 DAGs
[2026-06-29T22:08:19.719+0000] {logging_mixin.py:190} INFO - [2026-06-29T22:08:19.718+0000] {dag.py:4180} INFO - Setting next_dagrun for tutorial_taskflow_api_virtualenv to None, run_after=None
[2026-06-29T22:08:19.795+0000] {processor.py:208} INFO - Processing /home/airflow/.local/lib/python3.12/site-packages/airflow/example_dags/tutorial_taskflow_api_virtualenv.py took 0.430 seconds
[2026-06-29T22:08:53.300+0000] {processor.py:186} INFO - Started process (PID=156) to work on /home/airflow/.local/lib/python3.12/site-packages/airflow/example_dags/tutorial_taskflow_api_virtualenv.py
[2026-06-29T22:08:53.311+0000] {processor.py:914} INFO - Processing file /home/airflow/.local/lib/python3.12/site-packages/airflow/example_dags/tutorial_taskflow_api_virtualenv.py for tasks to queue
[2026-06-29T22:08:53.333+0000] {logging_mixin.py:190} INFO - [2026-06-29T22:08:53.331+0000] {dagbag.py:588} INFO - Filling up the DagBag from /home/airflow/.local/lib/python3.12/site-packages/airflow/example_dags/tutorial_taskflow_api_virtualenv.py
[2026-06-29T22:08:53.376+0000] {processor.py:925} INFO - DAG(s) 'tutorial_taskflow_api_virtualenv' retrieved from /home/airflow/.local/lib/python3.12/site-packages/airflow/example_dags/tutorial_taskflow_api_virtualenv.py
[2026-06-29T22:08:53.523+0000] {logging_mixin.py:190} INFO - [2026-06-29T22:08:53.522+0000] {dag.py:3239} INFO - Sync 1 DAGs
[2026-06-29T22:08:53.826+0000] {logging_mixin.py:190} INFO - [2026-06-29T22:08:53.825+0000] {dag.py:4180} INFO - Setting next_dagrun for tutorial_taskflow_api_virtualenv to None, run_after=None
[2026-06-29T22:08:53.996+0000] {processor.py:208} INFO - Processing /home/airflow/.local/lib/python3.12/site-packages/airflow/example_dags/tutorial_taskflow_api_virtualenv.py took 0.749 seconds
[2026-06-29T22:09:24.789+0000] {processor.py:186} INFO - Started process (PID=220) to work on /home/airflow/.local/lib/python3.12/site-packages/airflow/example_dags/tutorial_taskflow_api_virtualenv.py
[2026-06-29T22:09:24.795+0000] {processor.py:914} INFO - Processing file /home/airflow/.local/lib/python3.12/site-packages/airflow/example_dags/tutorial_taskflow_api_virtualenv.py for tasks to queue
[2026-06-29T22:09:24.840+0000] {logging_mixin.py:190} INFO - [2026-06-29T22:09:24.836+0000] {dagbag.py:588} INFO - Filling up the DagBag from /home/airflow/.local/lib/python3.12/site-packages/airflow/example_dags/tutorial_taskflow_api_virtualenv.py
[2026-06-29T22:09:24.920+0000] {processor.py:925} INFO - DAG(s) 'tutorial_taskflow_api_virtualenv' retrieved from /home/airflow/.local/lib/python3.12/site-packages/airflow/example_dags/tutorial_taskflow_api_virtualenv.py
[2026-06-29T22:09:25.146+0000] {logging_mixin.py:190} INFO - [2026-06-29T22:09:25.146+0000] {dag.py:3239} INFO - Sync 1 DAGs
[2026-06-29T22:09:25.243+0000] {logging_mixin.py:190} INFO - [2026-06-29T22:09:25.241+0000] {dag.py:4180} INFO - Setting next_dagrun for tutorial_taskflow_api_virtualenv to None, run_after=None
[2026-06-29T22:09:25.358+0000] {processor.py:208} INFO - Processing /home/airflow/.local/lib/python3.12/site-packages/airflow/example_dags/tutorial_taskflow_api_virtualenv.py took 0.632 seconds
[2026-06-29T22:09:55.613+0000] {processor.py:186} INFO - Started process (PID=285) to work on /home/airflow/.local/lib/python3.12/site-packages/airflow/example_dags/tutorial_taskflow_api_virtualenv.py
[2026-06-29T22:09:55.616+0000] {processor.py:914} INFO - Processing file /home/airflow/.local/lib/python3.12/site-packages/airflow/example_dags/tutorial_taskflow_api_virtualenv.py for tasks to queue
[2026-06-29T22:09:55.622+0000] {logging_mixin.py:190} INFO - [2026-06-29T22:09:55.621+0000] {dagbag.py:588} INFO - Filling up the DagBag from /home/airflow/.local/lib/python3.12/site-packages/airflow/example_dags/tutorial_taskflow_api_virtualenv.py
[2026-06-29T22:09:55.646+0000] {processor.py:925} INFO - DAG(s) 'tutorial_taskflow_api_virtualenv' retrieved from /home/airflow/.local/lib/python3.12/site-packages/airflow/example_dags/tutorial_taskflow_api_virtualenv.py
[2026-06-29T22:09:55.691+0000] {logging_mixin.py:190} INFO - [2026-06-29T22:09:55.690+0000] {dag.py:3239} INFO - Sync 1 DAGs
[2026-06-29T22:09:55.708+0000] {logging_mixin.py:190} INFO - [2026-06-29T22:09:55.708+0000] {dag.py:4180} INFO - Setting next_dagrun for tutorial_taskflow_api_virtualenv to None, run_after=None
[2026-06-29T22:09:55.738+0000] {processor.py:208} INFO - Processing /home/airflow/.local/lib/python3.12/site-packages/airflow/example_dags/tutorial_taskflow_api_virtualenv.py took 0.147 seconds
[2026-06-29T22:10:26.145+0000] {processor.py:186} INFO - Started process (PID=349) to work on /home/airflow/.local/lib/python3.12/site-packages/airflow/example_dags/tutorial_taskflow_api_virtualenv.py
[2026-06-29T22:10:26.149+0000] {processor.py:914} INFO - Processing file /home/airflow/.local/lib/python3.12/site-packages/airflow/example_dags/tutorial_taskflow_api_virtualenv.py for tasks to queue
[2026-06-29T22:10:26.161+0000] {logging_mixin.py:190} INFO - [2026-06-29T22:10:26.161+0000] {dagbag.py:588} INFO - Filling up the DagBag from /home/airflow/.local/lib/python3.12/site-packages/airflow/example_dags/tutorial_taskflow_api_virtualenv.py
[2026-06-29T22:10:26.184+0000] {processor.py:925} INFO - DAG(s) 'tutorial_taskflow_api_virtualenv' retrieved from /home/airflow/.local/lib/python3.12/site-packages/airflow/example_dags/tutorial_taskflow_api_virtualenv.py
[2026-06-29T22:10:26.220+0000] {logging_mixin.py:190} INFO - [2026-06-29T22:10:26.219+0000] {dag.py:3239} INFO - Sync 1 DAGs
[2026-06-29T22:10:26.246+0000] {logging_mixin.py:190} INFO - [2026-06-29T22:10:26.246+0000] {dag.py:4180} INFO - Setting next_dagrun for tutorial_taskflow_api_virtualenv to None, run_after=None
[2026-06-29T22:10:26.287+0000] {processor.py:208} INFO - Processing /home/airflow/.local/lib/python3.12/site-packages/airflow/example_dags/tutorial_taskflow_api_virtualenv.py took 0.155 seconds
[2026-06-29T22:10:56.471+0000] {processor.py:186} INFO - Started process (PID=413) to work on /home/airflow/.local/lib/python3.12/site-packages/airflow/example_dags/tutorial_taskflow_api_virtualenv.py
[2026-06-29T22:10:56.474+0000] {processor.py:914} INFO - Processing file /home/airflow/.local/lib/python3.12/site-packages/airflow/example_dags/tutorial_taskflow_api_virtualenv.py for tasks to queue
[2026-06-29T22:10:56.479+0000] {logging_mixin.py:190} INFO - [2026-06-29T22:10:56.478+0000] {dagbag.py:588} INFO - Filling up the DagBag from /home/airflow/.local/lib/python3.12/site-packages/airflow/example_dags/tutorial_taskflow_api_virtualenv.py
[2026-06-29T22:10:56.503+0000] {processor.py:925} INFO - DAG(s) 'tutorial_taskflow_api_virtualenv' retrieved from /home/airflow/.local/lib/python3.12/site-packages/airflow/example_dags/tutorial_taskflow_api_virtualenv.py
[2026-06-29T22:10:56.535+0000] {logging_mixin.py:190} INFO - [2026-06-29T22:10:56.535+0000] {dag.py:3239} INFO - Sync 1 DAGs
[2026-06-29T22:10:56.554+0000] {logging_mixin.py:190} INFO - [2026-06-29T22:10:56.554+0000] {dag.py:4180} INFO - Setting next_dagrun for tutorial_taskflow_api_virtualenv to None, run_after=None
[2026-06-29T22:10:56.611+0000] {processor.py:208} INFO - Processing /home/airflow/.local/lib/python3.12/site-packages/airflow/example_dags/tutorial_taskflow_api_virtualenv.py took 0.149 seconds
[2026-06-29T22:11:27.019+0000] {processor.py:186} INFO - Started process (PID=477) to work on /home/airflow/.local/lib/python3.12/site-packages/airflow/example_dags/tutorial_taskflow_api_virtualenv.py
[2026-06-29T22:11:27.024+0000] {processor.py:914} INFO - Processing file /home/airflow/.local/lib/python3.12/site-packages/airflow/example_dags/tutorial_taskflow_api_virtualenv.py for tasks to queue
[2026-06-29T22:11:27.029+0000] {logging_mixin.py:190} INFO - [2026-06-29T22:11:27.029+0000] {dagbag.py:588} INFO - Filling up the DagBag from /home/airflow/.local/lib/python3.12/site-packages/airflow/example_dags/tutorial_taskflow_api_virtualenv.py
[2026-06-29T22:11:27.072+0000] {processor.py:925} INFO - DAG(s) 'tutorial_taskflow_api_virtualenv' retrieved from /home/airflow/.local/lib/python3.12/site-packages/airflow/example_dags/tutorial_taskflow_api_virtualenv.py
[2026-06-29T22:11:27.140+0000] {logging_mixin.py:190} INFO - [2026-06-29T22:11:27.139+0000] {dag.py:3239} INFO - Sync 1 DAGs
[2026-06-29T22:11:27.182+0000] {logging_mixin.py:190} INFO - [2026-06-29T22:11:27.181+0000] {dag.py:4180} INFO - Setting next_dagrun for tutorial_taskflow_api_virtualenv to None, run_after=None
[2026-06-29T22:11:27.245+0000] {processor.py:208} INFO - Processing /home/airflow/.local/lib/python3.12/site-packages/airflow/example_dags/tutorial_taskflow_api_virtualenv.py took 0.244 seconds
[2026-06-29T22:11:57.644+0000] {processor.py:186} INFO - Started process (PID=541) to work on /home/airflow/.local/lib/python3.12/site-packages/airflow/example_dags/tutorial_taskflow_api_virtualenv.py
[2026-06-29T22:11:57.646+0000] {processor.py:914} INFO - Processing file /home/airflow/.local/lib/python3.12/site-packages/airflow/example_dags/tutorial_taskflow_api_virtualenv.py for tasks to queue
[2026-06-29T22:11:57.652+0000] {logging_mixin.py:190} INFO - [2026-06-29T22:11:57.651+0000] {dagbag.py:588} INFO - Filling up the DagBag from /home/airflow/.local/lib/python3.12/site-packages/airflow/example_dags/tutorial_taskflow_api_virtualenv.py
[2026-06-29T22:11:57.673+0000] {processor.py:925} INFO - DAG(s) 'tutorial_taskflow_api_virtualenv' retrieved from /home/airflow/.local/lib/python3.12/site-packages/airflow/example_dags/tutorial_taskflow_api_virtualenv.py
[2026-06-29T22:11:57.711+0000] {logging_mixin.py:190} INFO - [2026-06-29T22:11:57.710+0000] {dag.py:3239} INFO - Sync 1 DAGs
[2026-06-29T22:11:57.734+0000] {logging_mixin.py:190} INFO - [2026-06-29T22:11:57.733+0000] {dag.py:4180} INFO - Setting next_dagrun for tutorial_taskflow_api_virtualenv to None, run_after=None
[2026-06-29T22:11:57.788+0000] {processor.py:208} INFO - Processing /home/airflow/.local/lib/python3.12/site-packages/airflow/example_dags/tutorial_taskflow_api_virtualenv.py took 0.154 seconds
[2026-06-29T22:12:34.040+0000] {processor.py:186} INFO - Started process (PID=603) to work on /home/airflow/.local/lib/python3.12/site-packages/airflow/example_dags/tutorial_taskflow_api_virtualenv.py
[2026-06-29T22:12:34.043+0000] {processor.py:914} INFO - Processing file /home/airflow/.local/lib/python3.12/site-packages/airflow/example_dags/tutorial_taskflow_api_virtualenv.py for tasks to queue
[2026-06-29T22:12:34.058+0000] {logging_mixin.py:190} INFO - [2026-06-29T22:12:34.057+0000] {dagbag.py:588} INFO - Filling up the DagBag from /home/airflow/.local/lib/python3.12/site-packages/airflow/example_dags/tutorial_taskflow_api_virtualenv.py
[2026-06-29T22:12:34.103+0000] {processor.py:925} INFO - DAG(s) 'tutorial_taskflow_api_virtualenv' retrieved from /home/airflow/.local/lib/python3.12/site-packages/airflow/example_dags/tutorial_taskflow_api_virtualenv.py
[2026-06-29T22:12:34.168+0000] {logging_mixin.py:190} INFO - [2026-06-29T22:12:34.167+0000] {dag.py:3239} INFO - Sync 1 DAGs
[2026-06-29T22:12:34.214+0000] {logging_mixin.py:190} INFO - [2026-06-29T22:12:34.213+0000] {dag.py:4180} INFO - Setting next_dagrun for tutorial_taskflow_api_virtualenv to None, run_after=None
[2026-06-29T22:12:34.278+0000] {processor.py:208} INFO - Processing /home/airflow/.local/lib/python3.12/site-packages/airflow/example_dags/tutorial_taskflow_api_virtualenv.py took 0.274 seconds
[2026-06-29T22:13:05.232+0000] {processor.py:186} INFO - Started process (PID=667) to work on /home/airflow/.local/lib/python3.12/site-packages/airflow/example_dags/tutorial_taskflow_api_virtualenv.py
[2026-06-29T22:13:05.234+0000] {processor.py:914} INFO - Processing file /home/airflow/.local/lib/python3.12/site-packages/airflow/example_dags/tutorial_taskflow_api_virtualenv.py for tasks to queue
[2026-06-29T22:13:05.238+0000] {logging_mixin.py:190} INFO - [2026-06-29T22:13:05.237+0000] {dagbag.py:588} INFO - Filling up the DagBag from /home/airflow/.local/lib/python3.12/site-packages/airflow/example_dags/tutorial_taskflow_api_virtualenv.py
[2026-06-29T22:13:05.256+0000] {processor.py:925} INFO - DAG(s) 'tutorial_taskflow_api_virtualenv' retrieved from /home/airflow/.local/lib/python3.12/site-packages/airflow/example_dags/tutorial_taskflow_api_virtualenv.py
[2026-06-29T22:13:05.279+0000] {logging_mixin.py:190} INFO - [2026-06-29T22:13:05.278+0000] {dag.py:3239} INFO - Sync 1 DAGs
[2026-06-29T22:13:05.295+0000] {logging_mixin.py:190} INFO - [2026-06-29T22:13:05.295+0000] {dag.py:4180} INFO - Setting next_dagrun for tutorial_taskflow_api_virtualenv to None, run_after=None
[2026-06-29T22:13:05.318+0000] {processor.py:208} INFO - Processing /home/airflow/.local/lib/python3.12/site-packages/airflow/example_dags/tutorial_taskflow_api_virtualenv.py took 0.094 seconds
[2026-06-29T22:13:36.462+0000] {processor.py:186} INFO - Started process (PID=731) to work on /home/airflow/.local/lib/python3.12/site-packages/airflow/example_dags/tutorial_taskflow_api_virtualenv.py
[2026-06-29T22:13:36.469+0000] {processor.py:914} INFO - Processing file /home/airflow/.local/lib/python3.12/site-packages/airflow/example_dags/tutorial_taskflow_api_virtualenv.py for tasks to queue
[2026-06-29T22:13:36.509+0000] {logging_mixin.py:190} INFO - [2026-06-29T22:13:36.495+0000] {dagbag.py:588} INFO - Filling up the DagBag from /home/airflow/.local/lib/python3.12/site-packages/airflow/example_dags/tutorial_taskflow_api_virtualenv.py
[2026-06-29T22:13:36.554+0000] {processor.py:925} INFO - DAG(s) 'tutorial_taskflow_api_virtualenv' retrieved from /home/airflow/.local/lib/python3.12/site-packages/airflow/example_dags/tutorial_taskflow_api_virtualenv.py
[2026-06-29T22:13:36.674+0000] {logging_mixin.py:190} INFO - [2026-06-29T22:13:36.671+0000] {dag.py:3239} INFO - Sync 1 DAGs
[2026-06-29T22:13:36.722+0000] {logging_mixin.py:190} INFO - [2026-06-29T22:13:36.722+0000] {dag.py:4180} INFO - Setting next_dagrun for tutorial_taskflow_api_virtualenv to None, run_after=None
[2026-06-29T22:13:36.804+0000] {processor.py:208} INFO - Processing /home/airflow/.local/lib/python3.12/site-packages/airflow/example_dags/tutorial_taskflow_api_virtualenv.py took 0.359 seconds
[2026-06-29T22:14:07.449+0000] {processor.py:186} INFO - Started process (PID=802) to work on /home/airflow/.local/lib/python3.12/site-packages/airflow/example_dags/tutorial_taskflow_api_virtualenv.py
[2026-06-29T22:14:07.452+0000] {processor.py:914} INFO - Processing file /home/airflow/.local/lib/python3.12/site-packages/airflow/example_dags/tutorial_taskflow_api_virtualenv.py for tasks to queue
[2026-06-29T22:14:07.460+0000] {logging_mixin.py:190} INFO - [2026-06-29T22:14:07.459+0000] {dagbag.py:588} INFO - Filling up the DagBag from /home/airflow/.local/lib/python3.12/site-packages/airflow/example_dags/tutorial_taskflow_api_virtualenv.py
[2026-06-29T22:14:07.483+0000] {processor.py:925} INFO - DAG(s) 'tutorial_taskflow_api_virtualenv' retrieved from /home/airflow/.local/lib/python3.12/site-packages/airflow/example_dags/tutorial_taskflow_api_virtualenv.py
[2026-06-29T22:14:07.539+0000] {logging_mixin.py:190} INFO - [2026-06-29T22:14:07.538+0000] {dag.py:3239} INFO - Sync 1 DAGs
[2026-06-29T22:14:07.581+0000] {logging_mixin.py:190} INFO - [2026-06-29T22:14:07.580+0000] {dag.py:4180} INFO - Setting next_dagrun for tutorial_taskflow_api_virtualenv to None, run_after=None
[2026-06-29T22:14:07.632+0000] {processor.py:208} INFO - Processing /home/airflow/.local/lib/python3.12/site-packages/airflow/example_dags/tutorial_taskflow_api_virtualenv.py took 0.197 seconds
[2026-06-29T22:14:38.537+0000] {processor.py:186} INFO - Started process (PID=866) to work on /home/airflow/.local/lib/python3.12/site-packages/airflow/example_dags/tutorial_taskflow_api_virtualenv.py
[2026-06-29T22:14:38.539+0000] {processor.py:914} INFO - Processing file /home/airflow/.local/lib/python3.12/site-packages/airflow/example_dags/tutorial_taskflow_api_virtualenv.py for tasks to queue
[2026-06-29T22:14:38.543+0000] {logging_mixin.py:190} INFO - [2026-06-29T22:14:38.542+0000] {dagbag.py:588} INFO - Filling up the DagBag from /home/airflow/.local/lib/python3.12/site-packages/airflow/example_dags/tutorial_taskflow_api_virtualenv.py
[2026-06-29T22:14:38.559+0000] {processor.py:925} INFO - DAG(s) 'tutorial_taskflow_api_virtualenv' retrieved from /home/airflow/.local/lib/python3.12/site-packages/airflow/example_dags/tutorial_taskflow_api_virtualenv.py
[2026-06-29T22:14:38.593+0000] {logging_mixin.py:190} INFO - [2026-06-29T22:14:38.593+0000] {dag.py:3239} INFO - Sync 1 DAGs
[2026-06-29T22:14:38.613+0000] {logging_mixin.py:190} INFO - [2026-06-29T22:14:38.612+0000] {dag.py:4180} INFO - Setting next_dagrun for tutorial_taskflow_api_virtualenv to None, run_after=None
[2026-06-29T22:14:38.644+0000] {processor.py:208} INFO - Processing /home/airflow/.local/lib/python3.12/site-packages/airflow/example_dags/tutorial_taskflow_api_virtualenv.py took 0.114 seconds
[2026-06-29T22:15:09.388+0000] {processor.py:186} INFO - Started process (PID=929) to work on /home/airflow/.local/lib/python3.12/site-packages/airflow/example_dags/tutorial_taskflow_api_virtualenv.py
[2026-06-29T22:15:09.390+0000] {processor.py:914} INFO - Processing file /home/airflow/.local/lib/python3.12/site-packages/airflow/example_dags/tutorial_taskflow_api_virtualenv.py for tasks to queue
[2026-06-29T22:15:09.394+0000] {logging_mixin.py:190} INFO - [2026-06-29T22:15:09.393+0000] {dagbag.py:588} INFO - Filling up the DagBag from /home/airflow/.local/lib/python3.12/site-packages/airflow/example_dags/tutorial_taskflow_api_virtualenv.py
[2026-06-29T22:15:09.407+0000] {processor.py:925} INFO - DAG(s) 'tutorial_taskflow_api_virtualenv' retrieved from /home/airflow/.local/lib/python3.12/site-packages/airflow/example_dags/tutorial_taskflow_api_virtualenv.py
[2026-06-29T22:15:09.428+0000] {logging_mixin.py:190} INFO - [2026-06-29T22:15:09.428+0000] {dag.py:3239} INFO - Sync 1 DAGs
[2026-06-29T22:15:09.442+0000] {logging_mixin.py:190} INFO - [2026-06-29T22:15:09.442+0000] {dag.py:4180} INFO - Setting next_dagrun for tutorial_taskflow_api_virtualenv to None, run_after=None
[2026-06-29T22:15:09.462+0000] {processor.py:208} INFO - Processing /home/airflow/.local/lib/python3.12/site-packages/airflow/example_dags/tutorial_taskflow_api_virtualenv.py took 0.080 seconds
[2026-06-29T22:15:39.717+0000] {processor.py:186} INFO - Started process (PID=993) to work on /home/airflow/.local/lib/python3.12/site-packages/airflow/example_dags/tutorial_taskflow_api_virtualenv.py
[2026-06-29T22:15:39.719+0000] {processor.py:914} INFO - Processing file /home/airflow/.local/lib/python3.12/site-packages/airflow/example_dags/tutorial_taskflow_api_virtualenv.py for tasks to queue
[2026-06-29T22:15:39.724+0000] {logging_mixin.py:190} INFO - [2026-06-29T22:15:39.723+0000] {dagbag.py:588} INFO - Filling up the DagBag from /home/airflow/.local/lib/python3.12/site-packages/airflow/example_dags/tutorial_taskflow_api_virtualenv.py
[2026-06-29T22:15:39.738+0000] {processor.py:925} INFO - DAG(s) 'tutorial_taskflow_api_virtualenv' retrieved from /home/airflow/.local/lib/python3.12/site-packages/airflow/example_dags/tutorial_taskflow_api_virtualenv.py
[2026-06-29T22:15:39.763+0000] {logging_mixin.py:190} INFO - [2026-06-29T22:15:39.762+0000] {dag.py:3239} INFO - Sync 1 DAGs
[2026-06-29T22:15:39.777+0000] {logging_mixin.py:190} INFO - [2026-06-29T22:15:39.777+0000] {dag.py:4180} INFO - Setting next_dagrun for tutorial_taskflow_api_virtualenv to None, run_after=None
[2026-06-29T22:15:39.797+0000] {processor.py:208} INFO - Processing /home/airflow/.local/lib/python3.12/site-packages/airflow/example_dags/tutorial_taskflow_api_virtualenv.py took 0.087 seconds
[2026-06-29T22:16:10.382+0000] {processor.py:186} INFO - Started process (PID=1057) to work on /home/airflow/.local/lib/python3.12/site-packages/airflow/example_dags/tutorial_taskflow_api_virtualenv.py
[2026-06-29T22:16:10.385+0000] {processor.py:914} INFO - Processing file /home/airflow/.local/lib/python3.12/site-packages/airflow/example_dags/tutorial_taskflow_api_virtualenv.py for tasks to queue
[2026-06-29T22:16:10.401+0000] {logging_mixin.py:190} INFO - [2026-06-29T22:16:10.400+0000] {dagbag.py:588} INFO - Filling up the DagBag from /home/airflow/.local/lib/python3.12/site-packages/airflow/example_dags/tutorial_taskflow_api_virtualenv.py
[2026-06-29T22:16:10.447+0000] {processor.py:925} INFO - DAG(s) 'tutorial_taskflow_api_virtualenv' retrieved from /home/airflow/.local/lib/python3.12/site-packages/airflow/example_dags/tutorial_taskflow_api_virtualenv.py
[2026-06-29T22:16:10.533+0000] {logging_mixin.py:190} INFO - [2026-06-29T22:16:10.531+0000] {dag.py:3239} INFO - Sync 1 DAGs
[2026-06-29T22:16:10.576+0000] {logging_mixin.py:190} INFO - [2026-06-29T22:16:10.575+0000] {dag.py:4180} INFO - Setting next_dagrun for tutorial_taskflow_api_virtualenv to None, run_after=None
[2026-06-29T22:16:10.644+0000] {processor.py:208} INFO - Processing /home/airflow/.local/lib/python3.12/site-packages/airflow/example_dags/tutorial_taskflow_api_virtualenv.py took 0.285 seconds
[2026-06-29T22:16:42.297+0000] {processor.py:186} INFO - Started process (PID=1120) to work on /home/airflow/.local/lib/python3.12/site-packages/airflow/example_dags/tutorial_taskflow_api_virtualenv.py
[2026-06-29T22:16:42.301+0000] {processor.py:914} INFO - Processing file /home/airflow/.local/lib/python3.12/site-packages/airflow/example_dags/tutorial_taskflow_api_virtualenv.py for tasks to queue
[2026-06-29T22:16:42.316+0000] {logging_mixin.py:190} INFO - [2026-06-29T22:16:42.313+0000] {dagbag.py:588} INFO - Filling up the DagBag from /home/airflow/.local/lib/python3.12/site-packages/airflow/example_dags/tutorial_taskflow_api_virtualenv.py
[2026-06-29T22:16:42.359+0000] {processor.py:925} INFO - DAG(s) 'tutorial_taskflow_api_virtualenv' retrieved from /home/airflow/.local/lib/python3.12/site-packages/airflow/example_dags/tutorial_taskflow_api_virtualenv.py
[2026-06-29T22:16:42.438+0000] {logging_mixin.py:190} INFO - [2026-06-29T22:16:42.437+0000] {dag.py:3239} INFO - Sync 1 DAGs
[2026-06-29T22:16:42.510+0000] {logging_mixin.py:190} INFO - [2026-06-29T22:16:42.510+0000] {dag.py:4180} INFO - Setting next_dagrun for tutorial_taskflow_api_virtualenv to None, run_after=None
[2026-06-29T22:16:42.588+0000] {processor.py:208} INFO - Processing /home/airflow/.local/lib/python3.12/site-packages/airflow/example_dags/tutorial_taskflow_api_virtualenv.py took 0.313 seconds
[2026-06-29T22:17:13.151+0000] {processor.py:186} INFO - Started process (PID=1184) to work on /home/airflow/.local/lib/python3.12/site-packages/airflow/example_dags/tutorial_taskflow_api_virtualenv.py
[2026-06-29T22:17:13.153+0000] {processor.py:914} INFO - Processing file /home/airflow/.local/lib/python3.12/site-packages/airflow/example_dags/tutorial_taskflow_api_virtualenv.py for tasks to queue
[2026-06-29T22:17:13.160+0000] {logging_mixin.py:190} INFO - [2026-06-29T22:17:13.160+0000] {dagbag.py:588} INFO - Filling up the DagBag from /home/airflow/.local/lib/python3.12/site-packages/airflow/example_dags/tutorial_taskflow_api_virtualenv.py
[2026-06-29T22:17:13.188+0000] {processor.py:925} INFO - DAG(s) 'tutorial_taskflow_api_virtualenv' retrieved from /home/airflow/.local/lib/python3.12/site-packages/airflow/example_dags/tutorial_taskflow_api_virtualenv.py
[2026-06-29T22:17:13.227+0000] {logging_mixin.py:190} INFO - [2026-06-29T22:17:13.226+0000] {dag.py:3239} INFO - Sync 1 DAGs
[2026-06-29T22:17:13.251+0000] {logging_mixin.py:190} INFO - [2026-06-29T22:17:13.251+0000] {dag.py:4180} INFO - Setting next_dagrun for tutorial_taskflow_api_virtualenv to None, run_after=None
[2026-06-29T22:17:13.299+0000] {processor.py:208} INFO - Processing /home/airflow/.local/lib/python3.12/site-packages/airflow/example_dags/tutorial_taskflow_api_virtualenv.py took 0.157 seconds
[2026-06-29T22:17:43.643+0000] {processor.py:186} INFO - Started process (PID=1248) to work on /home/airflow/.local/lib/python3.12/site-packages/airflow/example_dags/tutorial_taskflow_api_virtualenv.py
[2026-06-29T22:17:43.646+0000] {processor.py:914} INFO - Processing file /home/airflow/.local/lib/python3.12/site-packages/airflow/example_dags/tutorial_taskflow_api_virtualenv.py for tasks to queue
[2026-06-29T22:17:43.653+0000] {logging_mixin.py:190} INFO - [2026-06-29T22:17:43.652+0000] {dagbag.py:588} INFO - Filling up the DagBag from /home/airflow/.local/lib/python3.12/site-packages/airflow/example_dags/tutorial_taskflow_api_virtualenv.py
[2026-06-29T22:17:43.682+0000] {processor.py:925} INFO - DAG(s) 'tutorial_taskflow_api_virtualenv' retrieved from /home/airflow/.local/lib/python3.12/site-packages/airflow/example_dags/tutorial_taskflow_api_virtualenv.py
[2026-06-29T22:17:43.736+0000] {logging_mixin.py:190} INFO - [2026-06-29T22:17:43.735+0000] {dag.py:3239} INFO - Sync 1 DAGs
[2026-06-29T22:17:43.773+0000] {logging_mixin.py:190} INFO - [2026-06-29T22:17:43.772+0000] {dag.py:4180} INFO - Setting next_dagrun for tutorial_taskflow_api_virtualenv to None, run_after=None
[2026-06-29T22:17:43.820+0000] {processor.py:208} INFO - Processing /home/airflow/.local/lib/python3.12/site-packages/airflow/example_dags/tutorial_taskflow_api_virtualenv.py took 0.187 seconds
[2026-06-29T22:18:14.399+0000] {processor.py:186} INFO - Started process (PID=1312) to work on /home/airflow/.local/lib/python3.12/site-packages/airflow/example_dags/tutorial_taskflow_api_virtualenv.py
[2026-06-29T22:18:14.401+0000] {processor.py:914} INFO - Processing file /home/airflow/.local/lib/python3.12/site-packages/airflow/example_dags/tutorial_taskflow_api_virtualenv.py for tasks to queue
[2026-06-29T22:18:14.407+0000] {logging_mixin.py:190} INFO - [2026-06-29T22:18:14.406+0000] {dagbag.py:588} INFO - Filling up the DagBag from /home/airflow/.local/lib/python3.12/site-packages/airflow/example_dags/tutorial_taskflow_api_virtualenv.py
[2026-06-29T22:18:14.429+0000] {processor.py:925} INFO - DAG(s) 'tutorial_taskflow_api_virtualenv' retrieved from /home/airflow/.local/lib/python3.12/site-packages/airflow/example_dags/tutorial_taskflow_api_virtualenv.py
[2026-06-29T22:18:14.468+0000] {logging_mixin.py:190} INFO - [2026-06-29T22:18:14.467+0000] {dag.py:3239} INFO - Sync 1 DAGs
[2026-06-29T22:18:14.488+0000] {logging_mixin.py:190} INFO - [2026-06-29T22:18:14.488+0000] {dag.py:4180} INFO - Setting next_dagrun for tutorial_taskflow_api_virtualenv to None, run_after=None
[2026-06-29T22:18:14.523+0000] {processor.py:208} INFO - Processing /home/airflow/.local/lib/python3.12/site-packages/airflow/example_dags/tutorial_taskflow_api_virtualenv.py took 0.133 seconds
[2026-06-29T22:18:44.793+0000] {processor.py:186} INFO - Started process (PID=1376) to work on /home/airflow/.local/lib/python3.12/site-packages/airflow/example_dags/tutorial_taskflow_api_virtualenv.py
[2026-06-29T22:18:44.794+0000] {processor.py:914} INFO - Processing file /home/airflow/.local/lib/python3.12/site-packages/airflow/example_dags/tutorial_taskflow_api_virtualenv.py for tasks to queue
[2026-06-29T22:18:44.798+0000] {logging_mixin.py:190} INFO - [2026-06-29T22:18:44.797+0000] {dagbag.py:588} INFO - Filling up the DagBag from /home/airflow/.local/lib/python3.12/site-packages/airflow/example_dags/tutorial_taskflow_api_virtualenv.py
[2026-06-29T22:18:44.815+0000] {processor.py:925} INFO - DAG(s) 'tutorial_taskflow_api_virtualenv' retrieved from /home/airflow/.local/lib/python3.12/site-packages/airflow/example_dags/tutorial_taskflow_api_virtualenv.py
[2026-06-29T22:18:44.843+0000] {logging_mixin.py:190} INFO - [2026-06-29T22:18:44.843+0000] {dag.py:3239} INFO - Sync 1 DAGs
[2026-06-29T22:18:44.861+0000] {logging_mixin.py:190} INFO - [2026-06-29T22:18:44.861+0000] {dag.py:4180} INFO - Setting next_dagrun for tutorial_taskflow_api_virtualenv to None, run_after=None
[2026-06-29T22:18:44.889+0000] {processor.py:208} INFO - Processing /home/airflow/.local/lib/python3.12/site-packages/airflow/example_dags/tutorial_taskflow_api_virtualenv.py took 0.105 seconds
[2026-06-29T22:19:15.368+0000] {processor.py:186} INFO - Started process (PID=1440) to work on /home/airflow/.local/lib/python3.12/site-packages/airflow/example_dags/tutorial_taskflow_api_virtualenv.py
[2026-06-29T22:19:15.370+0000] {processor.py:914} INFO - Processing file /home/airflow/.local/lib/python3.12/site-packages/airflow/example_dags/tutorial_taskflow_api_virtualenv.py for tasks to queue
[2026-06-29T22:19:15.373+0000] {logging_mixin.py:190} INFO - [2026-06-29T22:19:15.372+0000] {dagbag.py:588} INFO - Filling up the DagBag from /home/airflow/.local/lib/python3.12/site-packages/airflow/example_dags/tutorial_taskflow_api_virtualenv.py
[2026-06-29T22:19:15.389+0000] {processor.py:925} INFO - DAG(s) 'tutorial_taskflow_api_virtualenv' retrieved from /home/airflow/.local/lib/python3.12/site-packages/airflow/example_dags/tutorial_taskflow_api_virtualenv.py
[2026-06-29T22:19:15.413+0000] {logging_mixin.py:190} INFO - [2026-06-29T22:19:15.413+0000] {dag.py:3239} INFO - Sync 1 DAGs
[2026-06-29T22:19:15.430+0000] {logging_mixin.py:190} INFO - [2026-06-29T22:19:15.429+0000] {dag.py:4180} INFO - Setting next_dagrun for tutorial_taskflow_api_virtualenv to None, run_after=None
[2026-06-29T22:19:15.455+0000] {processor.py:208} INFO - Processing /home/airflow/.local/lib/python3.12/site-packages/airflow/example_dags/tutorial_taskflow_api_virtualenv.py took 0.093 seconds
[2026-06-29T22:19:45.678+0000] {processor.py:186} INFO - Started process (PID=1504) to work on /home/airflow/.local/lib/python3.12/site-packages/airflow/example_dags/tutorial_taskflow_api_virtualenv.py
[2026-06-29T22:19:45.681+0000] {processor.py:914} INFO - Processing file /home/airflow/.local/lib/python3.12/site-packages/airflow/example_dags/tutorial_taskflow_api_virtualenv.py for tasks to queue
[2026-06-29T22:19:45.686+0000] {logging_mixin.py:190} INFO - [2026-06-29T22:19:45.686+0000] {dagbag.py:588} INFO - Filling up the DagBag from /home/airflow/.local/lib/python3.12/site-packages/airflow/example_dags/tutorial_taskflow_api_virtualenv.py
[2026-06-29T22:19:45.709+0000] {processor.py:925} INFO - DAG(s) 'tutorial_taskflow_api_virtualenv' retrieved from /home/airflow/.local/lib/python3.12/site-packages/airflow/example_dags/tutorial_taskflow_api_virtualenv.py
[2026-06-29T22:19:45.738+0000] {logging_mixin.py:190} INFO - [2026-06-29T22:19:45.738+0000] {dag.py:3239} INFO - Sync 1 DAGs
[2026-06-29T22:19:45.759+0000] {logging_mixin.py:190} INFO - [2026-06-29T22:19:45.758+0000] {dag.py:4180} INFO - Setting next_dagrun for tutorial_taskflow_api_virtualenv to None, run_after=None
[2026-06-29T22:19:45.787+0000] {processor.py:208} INFO - Processing /home/airflow/.local/lib/python3.12/site-packages/airflow/example_dags/tutorial_taskflow_api_virtualenv.py took 0.116 seconds
[2026-06-29T22:20:17.727+0000] {processor.py:186} INFO - Started process (PID=1564) to work on /home/airflow/.local/lib/python3.12/site-packages/airflow/example_dags/tutorial_taskflow_api_virtualenv.py
[2026-06-29T22:20:17.731+0000] {processor.py:914} INFO - Processing file /home/airflow/.local/lib/python3.12/site-packages/airflow/example_dags/tutorial_taskflow_api_virtualenv.py for tasks to queue
[2026-06-29T22:20:17.740+0000] {logging_mixin.py:190} INFO - [2026-06-29T22:20:17.738+0000] {dagbag.py:588} INFO - Filling up the DagBag from /home/airflow/.local/lib/python3.12/site-packages/airflow/example_dags/tutorial_taskflow_api_virtualenv.py
[2026-06-29T22:20:17.770+0000] {processor.py:925} INFO - DAG(s) 'tutorial_taskflow_api_virtualenv' retrieved from /home/airflow/.local/lib/python3.12/site-packages/airflow/example_dags/tutorial_taskflow_api_virtualenv.py
[2026-06-29T22:20:17.830+0000] {logging_mixin.py:190} INFO - [2026-06-29T22:20:17.829+0000] {dag.py:3239} INFO - Sync 1 DAGs
[2026-06-29T22:20:17.859+0000] {logging_mixin.py:190} INFO - [2026-06-29T22:20:17.858+0000] {dag.py:4180} INFO - Setting next_dagrun for tutorial_taskflow_api_virtualenv to None, run_after=None
[2026-06-29T22:20:17.917+0000] {processor.py:208} INFO - Processing /home/airflow/.local/lib/python3.12/site-packages/airflow/example_dags/tutorial_taskflow_api_virtualenv.py took 0.203 seconds
[2026-06-29T22:20:51.855+0000] {processor.py:186} INFO - Started process (PID=1625) to work on /home/airflow/.local/lib/python3.12/site-packages/airflow/example_dags/tutorial_taskflow_api_virtualenv.py
[2026-06-29T22:20:51.859+0000] {processor.py:914} INFO - Processing file /home/airflow/.local/lib/python3.12/site-packages/airflow/example_dags/tutorial_taskflow_api_virtualenv.py for tasks to queue
[2026-06-29T22:20:51.882+0000] {logging_mixin.py:190} INFO - [2026-06-29T22:20:51.878+0000] {dagbag.py:588} INFO - Filling up the DagBag from /home/airflow/.local/lib/python3.12/site-packages/airflow/example_dags/tutorial_taskflow_api_virtualenv.py
[2026-06-29T22:20:51.917+0000] {processor.py:925} INFO - DAG(s) 'tutorial_taskflow_api_virtualenv' retrieved from /home/airflow/.local/lib/python3.12/site-packages/airflow/example_dags/tutorial_taskflow_api_virtualenv.py
[2026-06-29T22:20:52.018+0000] {logging_mixin.py:190} INFO - [2026-06-29T22:20:52.017+0000] {dag.py:3239} INFO - Sync 1 DAGs
[2026-06-29T22:20:52.094+0000] {logging_mixin.py:190} INFO - [2026-06-29T22:20:52.093+0000] {dag.py:4180} INFO - Setting next_dagrun for tutorial_taskflow_api_virtualenv to None, run_after=None
[2026-06-29T22:20:52.268+0000] {processor.py:208} INFO - Processing /home/airflow/.local/lib/python3.12/site-packages/airflow/example_dags/tutorial_taskflow_api_virtualenv.py took 0.425 seconds
[2026-06-29T22:21:22.760+0000] {processor.py:186} INFO - Started process (PID=1690) to work on /home/airflow/.local/lib/python3.12/site-packages/airflow/example_dags/tutorial_taskflow_api_virtualenv.py
[2026-06-29T22:21:22.766+0000] {processor.py:914} INFO - Processing file /home/airflow/.local/lib/python3.12/site-packages/airflow/example_dags/tutorial_taskflow_api_virtualenv.py for tasks to queue
[2026-06-29T22:21:22.778+0000] {logging_mixin.py:190} INFO - [2026-06-29T22:21:22.776+0000] {dagbag.py:588} INFO - Filling up the DagBag from /home/airflow/.local/lib/python3.12/site-packages/airflow/example_dags/tutorial_taskflow_api_virtualenv.py
[2026-06-29T22:21:22.818+0000] {processor.py:925} INFO - DAG(s) 'tutorial_taskflow_api_virtualenv' retrieved from /home/airflow/.local/lib/python3.12/site-packages/airflow/example_dags/tutorial_taskflow_api_virtualenv.py
[2026-06-29T22:21:22.903+0000] {logging_mixin.py:190} INFO - [2026-06-29T22:21:22.901+0000] {dag.py:3239} INFO - Sync 1 DAGs
[2026-06-29T22:21:22.961+0000] {logging_mixin.py:190} INFO - [2026-06-29T22:21:22.960+0000] {dag.py:4180} INFO - Setting next_dagrun for tutorial_taskflow_api_virtualenv to None, run_after=None
[2026-06-29T22:21:23.049+0000] {processor.py:208} INFO - Processing /home/airflow/.local/lib/python3.12/site-packages/airflow/example_dags/tutorial_taskflow_api_virtualenv.py took 0.304 seconds
[2026-06-29T22:21:53.835+0000] {processor.py:186} INFO - Started process (PID=1754) to work on /home/airflow/.local/lib/python3.12/site-packages/airflow/example_dags/tutorial_taskflow_api_virtualenv.py
[2026-06-29T22:21:53.836+0000] {processor.py:914} INFO - Processing file /home/airflow/.local/lib/python3.12/site-packages/airflow/example_dags/tutorial_taskflow_api_virtualenv.py for tasks to queue
[2026-06-29T22:21:53.841+0000] {logging_mixin.py:190} INFO - [2026-06-29T22:21:53.841+0000] {dagbag.py:588} INFO - Filling up the DagBag from /home/airflow/.local/lib/python3.12/site-packages/airflow/example_dags/tutorial_taskflow_api_virtualenv.py
[2026-06-29T22:21:53.855+0000] {processor.py:925} INFO - DAG(s) 'tutorial_taskflow_api_virtualenv' retrieved from /home/airflow/.local/lib/python3.12/site-packages/airflow/example_dags/tutorial_taskflow_api_virtualenv.py
[2026-06-29T22:21:53.881+0000] {logging_mixin.py:190} INFO - [2026-06-29T22:21:53.881+0000] {dag.py:3239} INFO - Sync 1 DAGs
[2026-06-29T22:21:53.900+0000] {logging_mixin.py:190} INFO - [2026-06-29T22:21:53.900+0000] {dag.py:4180} INFO - Setting next_dagrun for tutorial_taskflow_api_virtualenv to None, run_after=None
[2026-06-29T22:21:53.928+0000] {processor.py:208} INFO - Processing /home/airflow/.local/lib/python3.12/site-packages/airflow/example_dags/tutorial_taskflow_api_virtualenv.py took 0.099 seconds
[2026-06-29T22:22:24.853+0000] {processor.py:186} INFO - Started process (PID=1818) to work on /home/airflow/.local/lib/python3.12/site-packages/airflow/example_dags/tutorial_taskflow_api_virtualenv.py
[2026-06-29T22:22:24.855+0000] {processor.py:914} INFO - Processing file /home/airflow/.local/lib/python3.12/site-packages/airflow/example_dags/tutorial_taskflow_api_virtualenv.py for tasks to queue
[2026-06-29T22:22:24.860+0000] {logging_mixin.py:190} INFO - [2026-06-29T22:22:24.859+0000] {dagbag.py:588} INFO - Filling up the DagBag from /home/airflow/.local/lib/python3.12/site-packages/airflow/example_dags/tutorial_taskflow_api_virtualenv.py
[2026-06-29T22:22:24.876+0000] {processor.py:925} INFO - DAG(s) 'tutorial_taskflow_api_virtualenv' retrieved from /home/airflow/.local/lib/python3.12/site-packages/airflow/example_dags/tutorial_taskflow_api_virtualenv.py
[2026-06-29T22:22:24.901+0000] {logging_mixin.py:190} INFO - [2026-06-29T22:22:24.900+0000] {dag.py:3239} INFO - Sync 1 DAGs
[2026-06-29T22:22:24.918+0000] {logging_mixin.py:190} INFO - [2026-06-29T22:22:24.917+0000] {dag.py:4180} INFO - Setting next_dagrun for tutorial_taskflow_api_virtualenv to None, run_after=None
[2026-06-29T22:22:24.944+0000] {processor.py:208} INFO - Processing /home/airflow/.local/lib/python3.12/site-packages/airflow/example_dags/tutorial_taskflow_api_virtualenv.py took 0.096 seconds
[2026-06-29T22:22:55.097+0000] {processor.py:186} INFO - Started process (PID=1883) to work on /home/airflow/.local/lib/python3.12/site-packages/airflow/example_dags/tutorial_taskflow_api_virtualenv.py
[2026-06-29T22:22:55.099+0000] {processor.py:914} INFO - Processing file /home/airflow/.local/lib/python3.12/site-packages/airflow/example_dags/tutorial_taskflow_api_virtualenv.py for tasks to queue
[2026-06-29T22:22:55.103+0000] {logging_mixin.py:190} INFO - [2026-06-29T22:22:55.102+0000] {dagbag.py:588} INFO - Filling up the DagBag from /home/airflow/.local/lib/python3.12/site-packages/airflow/example_dags/tutorial_taskflow_api_virtualenv.py
[2026-06-29T22:22:55.127+0000] {processor.py:925} INFO - DAG(s) 'tutorial_taskflow_api_virtualenv' retrieved from /home/airflow/.local/lib/python3.12/site-packages/airflow/example_dags/tutorial_taskflow_api_virtualenv.py
[2026-06-29T22:22:55.163+0000] {logging_mixin.py:190} INFO - [2026-06-29T22:22:55.163+0000] {dag.py:3239} INFO - Sync 1 DAGs
[2026-06-29T22:22:55.183+0000] {logging_mixin.py:190} INFO - [2026-06-29T22:22:55.183+0000] {dag.py:4180} INFO - Setting next_dagrun for tutorial_taskflow_api_virtualenv to None, run_after=None
[2026-06-29T22:22:55.216+0000] {processor.py:208} INFO - Processing /home/airflow/.local/lib/python3.12/site-packages/airflow/example_dags/tutorial_taskflow_api_virtualenv.py took 0.130 seconds
[2026-06-29T22:23:25.566+0000] {processor.py:186} INFO - Started process (PID=1946) to work on /home/airflow/.local/lib/python3.12/site-packages/airflow/example_dags/tutorial_taskflow_api_virtualenv.py
[2026-06-29T22:23:25.568+0000] {processor.py:914} INFO - Processing file /home/airflow/.local/lib/python3.12/site-packages/airflow/example_dags/tutorial_taskflow_api_virtualenv.py for tasks to queue
[2026-06-29T22:23:25.572+0000] {logging_mixin.py:190} INFO - [2026-06-29T22:23:25.572+0000] {dagbag.py:588} INFO - Filling up the DagBag from /home/airflow/.local/lib/python3.12/site-packages/airflow/example_dags/tutorial_taskflow_api_virtualenv.py
[2026-06-29T22:23:25.589+0000] {processor.py:925} INFO - DAG(s) 'tutorial_taskflow_api_virtualenv' retrieved from /home/airflow/.local/lib/python3.12/site-packages/airflow/example_dags/tutorial_taskflow_api_virtualenv.py
[2026-06-29T22:23:25.612+0000] {logging_mixin.py:190} INFO - [2026-06-29T22:23:25.612+0000] {dag.py:3239} INFO - Sync 1 DAGs
[2026-06-29T22:23:25.627+0000] {logging_mixin.py:190} INFO - [2026-06-29T22:23:25.626+0000] {dag.py:4180} INFO - Setting next_dagrun for tutorial_taskflow_api_virtualenv to None, run_after=None
[2026-06-29T22:23:25.647+0000] {processor.py:208} INFO - Processing /home/airflow/.local/lib/python3.12/site-packages/airflow/example_dags/tutorial_taskflow_api_virtualenv.py took 0.091 seconds
[2026-06-29T22:23:56.472+0000] {processor.py:186} INFO - Started process (PID=2010) to work on /home/airflow/.local/lib/python3.12/site-packages/airflow/example_dags/tutorial_taskflow_api_virtualenv.py
[2026-06-29T22:23:56.473+0000] {processor.py:914} INFO - Processing file /home/airflow/.local/lib/python3.12/site-packages/airflow/example_dags/tutorial_taskflow_api_virtualenv.py for tasks to queue
[2026-06-29T22:23:56.476+0000] {logging_mixin.py:190} INFO - [2026-06-29T22:23:56.476+0000] {dagbag.py:588} INFO - Filling up the DagBag from /home/airflow/.local/lib/python3.12/site-packages/airflow/example_dags/tutorial_taskflow_api_virtualenv.py
[2026-06-29T22:23:56.492+0000] {processor.py:925} INFO - DAG(s) 'tutorial_taskflow_api_virtualenv' retrieved from /home/airflow/.local/lib/python3.12/site-packages/airflow/example_dags/tutorial_taskflow_api_virtualenv.py
[2026-06-29T22:23:56.513+0000] {logging_mixin.py:190} INFO - [2026-06-29T22:23:56.513+0000] {dag.py:3239} INFO - Sync 1 DAGs
[2026-06-29T22:23:56.528+0000] {logging_mixin.py:190} INFO - [2026-06-29T22:23:56.528+0000] {dag.py:4180} INFO - Setting next_dagrun for tutorial_taskflow_api_virtualenv to None, run_after=None
[2026-06-29T22:23:56.549+0000] {processor.py:208} INFO - Processing /home/airflow/.local/lib/python3.12/site-packages/airflow/example_dags/tutorial_taskflow_api_virtualenv.py took 0.086 seconds
[2026-06-29T22:24:26.801+0000] {processor.py:186} INFO - Started process (PID=2074) to work on /home/airflow/.local/lib/python3.12/site-packages/airflow/example_dags/tutorial_taskflow_api_virtualenv.py
[2026-06-29T22:24:26.803+0000] {processor.py:914} INFO - Processing file /home/airflow/.local/lib/python3.12/site-packages/airflow/example_dags/tutorial_taskflow_api_virtualenv.py for tasks to queue
[2026-06-29T22:24:26.807+0000] {logging_mixin.py:190} INFO - [2026-06-29T22:24:26.806+0000] {dagbag.py:588} INFO - Filling up the DagBag from /home/airflow/.local/lib/python3.12/site-packages/airflow/example_dags/tutorial_taskflow_api_virtualenv.py
[2026-06-29T22:24:26.822+0000] {processor.py:925} INFO - DAG(s) 'tutorial_taskflow_api_virtualenv' retrieved from /home/airflow/.local/lib/python3.12/site-packages/airflow/example_dags/tutorial_taskflow_api_virtualenv.py
[2026-06-29T22:24:26.845+0000] {logging_mixin.py:190} INFO - [2026-06-29T22:24:26.845+0000] {dag.py:3239} INFO - Sync 1 DAGs
[2026-06-29T22:24:26.859+0000] {logging_mixin.py:190} INFO - [2026-06-29T22:24:26.859+0000] {dag.py:4180} INFO - Setting next_dagrun for tutorial_taskflow_api_virtualenv to None, run_after=None
[2026-06-29T22:24:26.879+0000] {processor.py:208} INFO - Processing /home/airflow/.local/lib/python3.12/site-packages/airflow/example_dags/tutorial_taskflow_api_virtualenv.py took 0.084 seconds
[2026-06-29T22:24:57.445+0000] {processor.py:186} INFO - Started process (PID=2138) to work on /home/airflow/.local/lib/python3.12/site-packages/airflow/example_dags/tutorial_taskflow_api_virtualenv.py
[2026-06-29T22:24:57.447+0000] {processor.py:914} INFO - Processing file /home/airflow/.local/lib/python3.12/site-packages/airflow/example_dags/tutorial_taskflow_api_virtualenv.py for tasks to queue
[2026-06-29T22:24:57.450+0000] {logging_mixin.py:190} INFO - [2026-06-29T22:24:57.450+0000] {dagbag.py:588} INFO - Filling up the DagBag from /home/airflow/.local/lib/python3.12/site-packages/airflow/example_dags/tutorial_taskflow_api_virtualenv.py
[2026-06-29T22:24:57.466+0000] {processor.py:925} INFO - DAG(s) 'tutorial_taskflow_api_virtualenv' retrieved from /home/airflow/.local/lib/python3.12/site-packages/airflow/example_dags/tutorial_taskflow_api_virtualenv.py
[2026-06-29T22:24:57.489+0000] {logging_mixin.py:190} INFO - [2026-06-29T22:24:57.488+0000] {dag.py:3239} INFO - Sync 1 DAGs
[2026-06-29T22:24:57.503+0000] {logging_mixin.py:190} INFO - [2026-06-29T22:24:57.503+0000] {dag.py:4180} INFO - Setting next_dagrun for tutorial_taskflow_api_virtualenv to None, run_after=None
[2026-06-29T22:24:57.523+0000] {processor.py:208} INFO - Processing /home/airflow/.local/lib/python3.12/site-packages/airflow/example_dags/tutorial_taskflow_api_virtualenv.py took 0.085 seconds
[2026-06-29T22:25:28.188+0000] {processor.py:186} INFO - Started process (PID=2202) to work on /home/airflow/.local/lib/python3.12/site-packages/airflow/example_dags/tutorial_taskflow_api_virtualenv.py
[2026-06-29T22:25:28.190+0000] {processor.py:914} INFO - Processing file /home/airflow/.local/lib/python3.12/site-packages/airflow/example_dags/tutorial_taskflow_api_virtualenv.py for tasks to queue
[2026-06-29T22:25:28.193+0000] {logging_mixin.py:190} INFO - [2026-06-29T22:25:28.192+0000] {dagbag.py:588} INFO - Filling up the DagBag from /home/airflow/.local/lib/python3.12/site-packages/airflow/example_dags/tutorial_taskflow_api_virtualenv.py
[2026-06-29T22:25:28.212+0000] {processor.py:925} INFO - DAG(s) 'tutorial_taskflow_api_virtualenv' retrieved from /home/airflow/.local/lib/python3.12/site-packages/airflow/example_dags/tutorial_taskflow_api_virtualenv.py
[2026-06-29T22:25:28.234+0000] {logging_mixin.py:190} INFO - [2026-06-29T22:25:28.234+0000] {dag.py:3239} INFO - Sync 1 DAGs
[2026-06-29T22:25:28.249+0000] {logging_mixin.py:190} INFO - [2026-06-29T22:25:28.249+0000] {dag.py:4180} INFO - Setting next_dagrun for tutorial_taskflow_api_virtualenv to None, run_after=None
[2026-06-29T22:25:28.269+0000] {processor.py:208} INFO - Processing /home/airflow/.local/lib/python3.12/site-packages/airflow/example_dags/tutorial_taskflow_api_virtualenv.py took 0.091 seconds
[2026-06-29T22:25:58.638+0000] {processor.py:186} INFO - Started process (PID=2266) to work on /home/airflow/.local/lib/python3.12/site-packages/airflow/example_dags/tutorial_taskflow_api_virtualenv.py
[2026-06-29T22:25:58.640+0000] {processor.py:914} INFO - Processing file /home/airflow/.local/lib/python3.12/site-packages/airflow/example_dags/tutorial_taskflow_api_virtualenv.py for tasks to queue
[2026-06-29T22:25:58.646+0000] {logging_mixin.py:190} INFO - [2026-06-29T22:25:58.645+0000] {dagbag.py:588} INFO - Filling up the DagBag from /home/airflow/.local/lib/python3.12/site-packages/airflow/example_dags/tutorial_taskflow_api_virtualenv.py
[2026-06-29T22:25:58.664+0000] {processor.py:925} INFO - DAG(s) 'tutorial_taskflow_api_virtualenv' retrieved from /home/airflow/.local/lib/python3.12/site-packages/airflow/example_dags/tutorial_taskflow_api_virtualenv.py
[2026-06-29T22:25:58.699+0000] {logging_mixin.py:190} INFO - [2026-06-29T22:25:58.698+0000] {dag.py:3239} INFO - Sync 1 DAGs
[2026-06-29T22:25:58.728+0000] {logging_mixin.py:190} INFO - [2026-06-29T22:25:58.728+0000] {dag.py:4180} INFO - Setting next_dagrun for tutorial_taskflow_api_virtualenv to None, run_after=None
[2026-06-29T22:25:58.765+0000] {processor.py:208} INFO - Processing /home/airflow/.local/lib/python3.12/site-packages/airflow/example_dags/tutorial_taskflow_api_virtualenv.py took 0.135 seconds
[2026-06-29T22:26:29.460+0000] {processor.py:186} INFO - Started process (PID=2330) to work on /home/airflow/.local/lib/python3.12/site-packages/airflow/example_dags/tutorial_taskflow_api_virtualenv.py
[2026-06-29T22:26:29.462+0000] {processor.py:914} INFO - Processing file /home/airflow/.local/lib/python3.12/site-packages/airflow/example_dags/tutorial_taskflow_api_virtualenv.py for tasks to queue
[2026-06-29T22:26:29.465+0000] {logging_mixin.py:190} INFO - [2026-06-29T22:26:29.465+0000] {dagbag.py:588} INFO - Filling up the DagBag from /home/airflow/.local/lib/python3.12/site-packages/airflow/example_dags/tutorial_taskflow_api_virtualenv.py
[2026-06-29T22:26:29.481+0000] {processor.py:925} INFO - DAG(s) 'tutorial_taskflow_api_virtualenv' retrieved from /home/airflow/.local/lib/python3.12/site-packages/airflow/example_dags/tutorial_taskflow_api_virtualenv.py
[2026-06-29T22:26:29.505+0000] {logging_mixin.py:190} INFO - [2026-06-29T22:26:29.505+0000] {dag.py:3239} INFO - Sync 1 DAGs
[2026-06-29T22:26:29.521+0000] {logging_mixin.py:190} INFO - [2026-06-29T22:26:29.521+0000] {dag.py:4180} INFO - Setting next_dagrun for tutorial_taskflow_api_virtualenv to None, run_after=None
[2026-06-29T22:26:29.551+0000] {processor.py:208} INFO - Processing /home/airflow/.local/lib/python3.12/site-packages/airflow/example_dags/tutorial_taskflow_api_virtualenv.py took 0.100 seconds
[2026-06-29T22:26:59.727+0000] {processor.py:186} INFO - Started process (PID=2394) to work on /home/airflow/.local/lib/python3.12/site-packages/airflow/example_dags/tutorial_taskflow_api_virtualenv.py
[2026-06-29T22:26:59.729+0000] {processor.py:914} INFO - Processing file /home/airflow/.local/lib/python3.12/site-packages/airflow/example_dags/tutorial_taskflow_api_virtualenv.py for tasks to queue
[2026-06-29T22:26:59.733+0000] {logging_mixin.py:190} INFO - [2026-06-29T22:26:59.732+0000] {dagbag.py:588} INFO - Filling up the DagBag from /home/airflow/.local/lib/python3.12/site-packages/airflow/example_dags/tutorial_taskflow_api_virtualenv.py
[2026-06-29T22:26:59.748+0000] {processor.py:925} INFO - DAG(s) 'tutorial_taskflow_api_virtualenv' retrieved from /home/airflow/.local/lib/python3.12/site-packages/airflow/example_dags/tutorial_taskflow_api_virtualenv.py
[2026-06-29T22:26:59.773+0000] {logging_mixin.py:190} INFO - [2026-06-29T22:26:59.772+0000] {dag.py:3239} INFO - Sync 1 DAGs
[2026-06-29T22:26:59.789+0000] {logging_mixin.py:190} INFO - [2026-06-29T22:26:59.789+0000] {dag.py:4180} INFO - Setting next_dagrun for tutorial_taskflow_api_virtualenv to None, run_after=None
[2026-06-29T22:26:59.818+0000] {processor.py:208} INFO - Processing /home/airflow/.local/lib/python3.12/site-packages/airflow/example_dags/tutorial_taskflow_api_virtualenv.py took 0.099 seconds
[2026-06-29T22:27:30.166+0000] {processor.py:186} INFO - Started process (PID=2458) to work on /home/airflow/.local/lib/python3.12/site-packages/airflow/example_dags/tutorial_taskflow_api_virtualenv.py
[2026-06-29T22:27:30.168+0000] {processor.py:914} INFO - Processing file /home/airflow/.local/lib/python3.12/site-packages/airflow/example_dags/tutorial_taskflow_api_virtualenv.py for tasks to queue
[2026-06-29T22:27:30.171+0000] {logging_mixin.py:190} INFO - [2026-06-29T22:27:30.171+0000] {dagbag.py:588} INFO - Filling up the DagBag from /home/airflow/.local/lib/python3.12/site-packages/airflow/example_dags/tutorial_taskflow_api_virtualenv.py
[2026-06-29T22:27:30.190+0000] {processor.py:925} INFO - DAG(s) 'tutorial_taskflow_api_virtualenv' retrieved from /home/airflow/.local/lib/python3.12/site-packages/airflow/example_dags/tutorial_taskflow_api_virtualenv.py
[2026-06-29T22:27:30.214+0000] {logging_mixin.py:190} INFO - [2026-06-29T22:27:30.214+0000] {dag.py:3239} INFO - Sync 1 DAGs
[2026-06-29T22:27:30.232+0000] {logging_mixin.py:190} INFO - [2026-06-29T22:27:30.231+0000] {dag.py:4180} INFO - Setting next_dagrun for tutorial_taskflow_api_virtualenv to None, run_after=None
[2026-06-29T22:27:30.253+0000] {processor.py:208} INFO - Processing /home/airflow/.local/lib/python3.12/site-packages/airflow/example_dags/tutorial_taskflow_api_virtualenv.py took 0.095 seconds
[2026-06-29T22:28:01.055+0000] {processor.py:186} INFO - Started process (PID=2521) to work on /home/airflow/.local/lib/python3.12/site-packages/airflow/example_dags/tutorial_taskflow_api_virtualenv.py
[2026-06-29T22:28:01.058+0000] {processor.py:914} INFO - Processing file /home/airflow/.local/lib/python3.12/site-packages/airflow/example_dags/tutorial_taskflow_api_virtualenv.py for tasks to queue
[2026-06-29T22:28:01.063+0000] {logging_mixin.py:190} INFO - [2026-06-29T22:28:01.062+0000] {dagbag.py:588} INFO - Filling up the DagBag from /home/airflow/.local/lib/python3.12/site-packages/airflow/example_dags/tutorial_taskflow_api_virtualenv.py
[2026-06-29T22:28:01.095+0000] {processor.py:925} INFO - DAG(s) 'tutorial_taskflow_api_virtualenv' retrieved from /home/airflow/.local/lib/python3.12/site-packages/airflow/example_dags/tutorial_taskflow_api_virtualenv.py
[2026-06-29T22:28:01.131+0000] {logging_mixin.py:190} INFO - [2026-06-29T22:28:01.131+0000] {dag.py:3239} INFO - Sync 1 DAGs
[2026-06-29T22:28:01.154+0000] {logging_mixin.py:190} INFO - [2026-06-29T22:28:01.154+0000] {dag.py:4180} INFO - Setting next_dagrun for tutorial_taskflow_api_virtualenv to None, run_after=None
[2026-06-29T22:28:01.214+0000] {processor.py:208} INFO - Processing /home/airflow/.local/lib/python3.12/site-packages/airflow/example_dags/tutorial_taskflow_api_virtualenv.py took 0.172 seconds
[2026-06-29T22:28:32.446+0000] {processor.py:186} INFO - Started process (PID=2584) to work on /home/airflow/.local/lib/python3.12/site-packages/airflow/example_dags/tutorial_taskflow_api_virtualenv.py
[2026-06-29T22:28:32.449+0000] {processor.py:914} INFO - Processing file /home/airflow/.local/lib/python3.12/site-packages/airflow/example_dags/tutorial_taskflow_api_virtualenv.py for tasks to queue
[2026-06-29T22:28:32.454+0000] {logging_mixin.py:190} INFO - [2026-06-29T22:28:32.453+0000] {dagbag.py:588} INFO - Filling up the DagBag from /home/airflow/.local/lib/python3.12/site-packages/airflow/example_dags/tutorial_taskflow_api_virtualenv.py
[2026-06-29T22:28:32.473+0000] {processor.py:925} INFO - DAG(s) 'tutorial_taskflow_api_virtualenv' retrieved from /home/airflow/.local/lib/python3.12/site-packages/airflow/example_dags/tutorial_taskflow_api_virtualenv.py
[2026-06-29T22:28:32.507+0000] {logging_mixin.py:190} INFO - [2026-06-29T22:28:32.506+0000] {dag.py:3239} INFO - Sync 1 DAGs
[2026-06-29T22:28:32.543+0000] {logging_mixin.py:190} INFO - [2026-06-29T22:28:32.543+0000] {dag.py:4180} INFO - Setting next_dagrun for tutorial_taskflow_api_virtualenv to None, run_after=None
[2026-06-29T22:28:32.592+0000] {processor.py:208} INFO - Processing /home/airflow/.local/lib/python3.12/site-packages/airflow/example_dags/tutorial_taskflow_api_virtualenv.py took 0.155 seconds
[2026-06-29T22:29:02.714+0000] {processor.py:186} INFO - Started process (PID=2643) to work on /home/airflow/.local/lib/python3.12/site-packages/airflow/example_dags/tutorial_taskflow_api_virtualenv.py
[2026-06-29T22:29:02.717+0000] {processor.py:914} INFO - Processing file /home/airflow/.local/lib/python3.12/site-packages/airflow/example_dags/tutorial_taskflow_api_virtualenv.py for tasks to queue
[2026-06-29T22:29:02.722+0000] {logging_mixin.py:190} INFO - [2026-06-29T22:29:02.722+0000] {dagbag.py:588} INFO - Filling up the DagBag from /home/airflow/.local/lib/python3.12/site-packages/airflow/example_dags/tutorial_taskflow_api_virtualenv.py
[2026-06-29T22:29:02.746+0000] {processor.py:925} INFO - DAG(s) 'tutorial_taskflow_api_virtualenv' retrieved from /home/airflow/.local/lib/python3.12/site-packages/airflow/example_dags/tutorial_taskflow_api_virtualenv.py
[2026-06-29T22:29:02.843+0000] {logging_mixin.py:190} INFO - [2026-06-29T22:29:02.842+0000] {dag.py:3239} INFO - Sync 1 DAGs
[2026-06-29T22:29:02.927+0000] {logging_mixin.py:190} INFO - [2026-06-29T22:29:02.927+0000] {dag.py:4180} INFO - Setting next_dagrun for tutorial_taskflow_api_virtualenv to None, run_after=None
[2026-06-29T22:29:02.986+0000] {processor.py:208} INFO - Processing /home/airflow/.local/lib/python3.12/site-packages/airflow/example_dags/tutorial_taskflow_api_virtualenv.py took 0.284 seconds
[2026-06-29T22:29:33.714+0000] {processor.py:186} INFO - Started process (PID=2707) to work on /home/airflow/.local/lib/python3.12/site-packages/airflow/example_dags/tutorial_taskflow_api_virtualenv.py
[2026-06-29T22:29:33.719+0000] {processor.py:914} INFO - Processing file /home/airflow/.local/lib/python3.12/site-packages/airflow/example_dags/tutorial_taskflow_api_virtualenv.py for tasks to queue
[2026-06-29T22:29:33.726+0000] {logging_mixin.py:190} INFO - [2026-06-29T22:29:33.725+0000] {dagbag.py:588} INFO - Filling up the DagBag from /home/airflow/.local/lib/python3.12/site-packages/airflow/example_dags/tutorial_taskflow_api_virtualenv.py
[2026-06-29T22:29:33.774+0000] {processor.py:925} INFO - DAG(s) 'tutorial_taskflow_api_virtualenv' retrieved from /home/airflow/.local/lib/python3.12/site-packages/airflow/example_dags/tutorial_taskflow_api_virtualenv.py
[2026-06-29T22:29:33.819+0000] {logging_mixin.py:190} INFO - [2026-06-29T22:29:33.818+0000] {dag.py:3239} INFO - Sync 1 DAGs
[2026-06-29T22:29:33.848+0000] {logging_mixin.py:190} INFO - [2026-06-29T22:29:33.847+0000] {dag.py:4180} INFO - Setting next_dagrun for tutorial_taskflow_api_virtualenv to None, run_after=None
[2026-06-29T22:29:33.895+0000] {processor.py:208} INFO - Processing /home/airflow/.local/lib/python3.12/site-packages/airflow/example_dags/tutorial_taskflow_api_virtualenv.py took 0.201 seconds
[2026-06-29T22:30:04.595+0000] {processor.py:186} INFO - Started process (PID=2771) to work on /home/airflow/.local/lib/python3.12/site-packages/airflow/example_dags/tutorial_taskflow_api_virtualenv.py
[2026-06-29T22:30:04.598+0000] {processor.py:914} INFO - Processing file /home/airflow/.local/lib/python3.12/site-packages/airflow/example_dags/tutorial_taskflow_api_virtualenv.py for tasks to queue
[2026-06-29T22:30:04.604+0000] {logging_mixin.py:190} INFO - [2026-06-29T22:30:04.603+0000] {dagbag.py:588} INFO - Filling up the DagBag from /home/airflow/.local/lib/python3.12/site-packages/airflow/example_dags/tutorial_taskflow_api_virtualenv.py
[2026-06-29T22:30:04.632+0000] {processor.py:925} INFO - DAG(s) 'tutorial_taskflow_api_virtualenv' retrieved from /home/airflow/.local/lib/python3.12/site-packages/airflow/example_dags/tutorial_taskflow_api_virtualenv.py
[2026-06-29T22:30:04.719+0000] {logging_mixin.py:190} INFO - [2026-06-29T22:30:04.718+0000] {dag.py:3239} INFO - Sync 1 DAGs
[2026-06-29T22:30:04.805+0000] {logging_mixin.py:190} INFO - [2026-06-29T22:30:04.805+0000] {dag.py:4180} INFO - Setting next_dagrun for tutorial_taskflow_api_virtualenv to None, run_after=None
[2026-06-29T22:30:04.881+0000] {processor.py:208} INFO - Processing /home/airflow/.local/lib/python3.12/site-packages/airflow/example_dags/tutorial_taskflow_api_virtualenv.py took 0.304 seconds
[2026-06-29T22:30:35.269+0000] {processor.py:186} INFO - Started process (PID=2835) to work on /home/airflow/.local/lib/python3.12/site-packages/airflow/example_dags/tutorial_taskflow_api_virtualenv.py
[2026-06-29T22:30:35.275+0000] {processor.py:914} INFO - Processing file /home/airflow/.local/lib/python3.12/site-packages/airflow/example_dags/tutorial_taskflow_api_virtualenv.py for tasks to queue
[2026-06-29T22:30:35.292+0000] {logging_mixin.py:190} INFO - [2026-06-29T22:30:35.290+0000] {dagbag.py:588} INFO - Filling up the DagBag from /home/airflow/.local/lib/python3.12/site-packages/airflow/example_dags/tutorial_taskflow_api_virtualenv.py
[2026-06-29T22:30:35.376+0000] {processor.py:925} INFO - DAG(s) 'tutorial_taskflow_api_virtualenv' retrieved from /home/airflow/.local/lib/python3.12/site-packages/airflow/example_dags/tutorial_taskflow_api_virtualenv.py
[2026-06-29T22:30:35.486+0000] {logging_mixin.py:190} INFO - [2026-06-29T22:30:35.485+0000] {dag.py:3239} INFO - Sync 1 DAGs
[2026-06-29T22:30:35.552+0000] {logging_mixin.py:190} INFO - [2026-06-29T22:30:35.551+0000] {dag.py:4180} INFO - Setting next_dagrun for tutorial_taskflow_api_virtualenv to None, run_after=None
[2026-06-29T22:30:35.646+0000] {processor.py:208} INFO - Processing /home/airflow/.local/lib/python3.12/site-packages/airflow/example_dags/tutorial_taskflow_api_virtualenv.py took 0.414 seconds
[2026-06-29T22:31:05.860+0000] {processor.py:186} INFO - Started process (PID=2898) to work on /home/airflow/.local/lib/python3.12/site-packages/airflow/example_dags/tutorial_taskflow_api_virtualenv.py
[2026-06-29T22:31:05.862+0000] {processor.py:914} INFO - Processing file /home/airflow/.local/lib/python3.12/site-packages/airflow/example_dags/tutorial_taskflow_api_virtualenv.py for tasks to queue
[2026-06-29T22:31:05.867+0000] {logging_mixin.py:190} INFO - [2026-06-29T22:31:05.866+0000] {dagbag.py:588} INFO - Filling up the DagBag from /home/airflow/.local/lib/python3.12/site-packages/airflow/example_dags/tutorial_taskflow_api_virtualenv.py
[2026-06-29T22:31:05.894+0000] {processor.py:925} INFO - DAG(s) 'tutorial_taskflow_api_virtualenv' retrieved from /home/airflow/.local/lib/python3.12/site-packages/airflow/example_dags/tutorial_taskflow_api_virtualenv.py
[2026-06-29T22:31:05.932+0000] {logging_mixin.py:190} INFO - [2026-06-29T22:31:05.931+0000] {dag.py:3239} INFO - Sync 1 DAGs
[2026-06-29T22:31:05.954+0000] {logging_mixin.py:190} INFO - [2026-06-29T22:31:05.953+0000] {dag.py:4180} INFO - Setting next_dagrun for tutorial_taskflow_api_virtualenv to None, run_after=None
[2026-06-29T22:31:05.989+0000] {processor.py:208} INFO - Processing /home/airflow/.local/lib/python3.12/site-packages/airflow/example_dags/tutorial_taskflow_api_virtualenv.py took 0.141 seconds
[2026-06-29T22:31:36.232+0000] {processor.py:186} INFO - Started process (PID=2968) to work on /home/airflow/.local/lib/python3.12/site-packages/airflow/example_dags/tutorial_taskflow_api_virtualenv.py
[2026-06-29T22:31:36.235+0000] {processor.py:914} INFO - Processing file /home/airflow/.local/lib/python3.12/site-packages/airflow/example_dags/tutorial_taskflow_api_virtualenv.py for tasks to queue
[2026-06-29T22:31:36.240+0000] {logging_mixin.py:190} INFO - [2026-06-29T22:31:36.239+0000] {dagbag.py:588} INFO - Filling up the DagBag from /home/airflow/.local/lib/python3.12/site-packages/airflow/example_dags/tutorial_taskflow_api_virtualenv.py
[2026-06-29T22:31:36.269+0000] {processor.py:925} INFO - DAG(s) 'tutorial_taskflow_api_virtualenv' retrieved from /home/airflow/.local/lib/python3.12/site-packages/airflow/example_dags/tutorial_taskflow_api_virtualenv.py
[2026-06-29T22:31:36.307+0000] {logging_mixin.py:190} INFO - [2026-06-29T22:31:36.307+0000] {dag.py:3239} INFO - Sync 1 DAGs
[2026-06-29T22:31:36.331+0000] {logging_mixin.py:190} INFO - [2026-06-29T22:31:36.330+0000] {dag.py:4180} INFO - Setting next_dagrun for tutorial_taskflow_api_virtualenv to None, run_after=None
[2026-06-29T22:31:36.366+0000] {processor.py:208} INFO - Processing /home/airflow/.local/lib/python3.12/site-packages/airflow/example_dags/tutorial_taskflow_api_virtualenv.py took 0.145 seconds
[2026-06-29T22:32:07.114+0000] {processor.py:186} INFO - Started process (PID=3086) to work on /home/airflow/.local/lib/python3.12/site-packages/airflow/example_dags/tutorial_taskflow_api_virtualenv.py
[2026-06-29T22:32:07.118+0000] {processor.py:914} INFO - Processing file /home/airflow/.local/lib/python3.12/site-packages/airflow/example_dags/tutorial_taskflow_api_virtualenv.py for tasks to queue
[2026-06-29T22:32:07.130+0000] {logging_mixin.py:190} INFO - [2026-06-29T22:32:07.128+0000] {dagbag.py:588} INFO - Filling up the DagBag from /home/airflow/.local/lib/python3.12/site-packages/airflow/example_dags/tutorial_taskflow_api_virtualenv.py
[2026-06-29T22:32:07.182+0000] {processor.py:925} INFO - DAG(s) 'tutorial_taskflow_api_virtualenv' retrieved from /home/airflow/.local/lib/python3.12/site-packages/airflow/example_dags/tutorial_taskflow_api_virtualenv.py
[2026-06-29T22:32:07.270+0000] {logging_mixin.py:190} INFO - [2026-06-29T22:32:07.269+0000] {dag.py:3239} INFO - Sync 1 DAGs
[2026-06-29T22:32:07.328+0000] {logging_mixin.py:190} INFO - [2026-06-29T22:32:07.327+0000] {dag.py:4180} INFO - Setting next_dagrun for tutorial_taskflow_api_virtualenv to None, run_after=None
[2026-06-29T22:32:07.410+0000] {processor.py:208} INFO - Processing /home/airflow/.local/lib/python3.12/site-packages/airflow/example_dags/tutorial_taskflow_api_virtualenv.py took 0.325 seconds
[2026-06-29T22:32:38.234+0000] {processor.py:186} INFO - Started process (PID=3192) to work on /home/airflow/.local/lib/python3.12/site-packages/airflow/example_dags/tutorial_taskflow_api_virtualenv.py
[2026-06-29T22:32:38.236+0000] {processor.py:914} INFO - Processing file /home/airflow/.local/lib/python3.12/site-packages/airflow/example_dags/tutorial_taskflow_api_virtualenv.py for tasks to queue
[2026-06-29T22:32:38.244+0000] {logging_mixin.py:190} INFO - [2026-06-29T22:32:38.243+0000] {dagbag.py:588} INFO - Filling up the DagBag from /home/airflow/.local/lib/python3.12/site-packages/airflow/example_dags/tutorial_taskflow_api_virtualenv.py
[2026-06-29T22:32:38.287+0000] {processor.py:925} INFO - DAG(s) 'tutorial_taskflow_api_virtualenv' retrieved from /home/airflow/.local/lib/python3.12/site-packages/airflow/example_dags/tutorial_taskflow_api_virtualenv.py
[2026-06-29T22:32:38.364+0000] {logging_mixin.py:190} INFO - [2026-06-29T22:32:38.364+0000] {dag.py:3239} INFO - Sync 1 DAGs
[2026-06-29T22:32:38.413+0000] {logging_mixin.py:190} INFO - [2026-06-29T22:32:38.412+0000] {dag.py:4180} INFO - Setting next_dagrun for tutorial_taskflow_api_virtualenv to None, run_after=None
[2026-06-29T22:32:38.489+0000] {processor.py:208} INFO - Processing /home/airflow/.local/lib/python3.12/site-packages/airflow/example_dags/tutorial_taskflow_api_virtualenv.py took 0.274 seconds
[2026-06-29T22:33:08.660+0000] {processor.py:186} INFO - Started process (PID=3267) to work on /home/airflow/.local/lib/python3.12/site-packages/airflow/example_dags/tutorial_taskflow_api_virtualenv.py
[2026-06-29T22:33:08.663+0000] {processor.py:914} INFO - Processing file /home/airflow/.local/lib/python3.12/site-packages/airflow/example_dags/tutorial_taskflow_api_virtualenv.py for tasks to queue
[2026-06-29T22:33:08.669+0000] {logging_mixin.py:190} INFO - [2026-06-29T22:33:08.668+0000] {dagbag.py:588} INFO - Filling up the DagBag from /home/airflow/.local/lib/python3.12/site-packages/airflow/example_dags/tutorial_taskflow_api_virtualenv.py
[2026-06-29T22:33:08.696+0000] {processor.py:925} INFO - DAG(s) 'tutorial_taskflow_api_virtualenv' retrieved from /home/airflow/.local/lib/python3.12/site-packages/airflow/example_dags/tutorial_taskflow_api_virtualenv.py
[2026-06-29T22:33:08.732+0000] {logging_mixin.py:190} INFO - [2026-06-29T22:33:08.731+0000] {dag.py:3239} INFO - Sync 1 DAGs
[2026-06-29T22:33:08.755+0000] {logging_mixin.py:190} INFO - [2026-06-29T22:33:08.755+0000] {dag.py:4180} INFO - Setting next_dagrun for tutorial_taskflow_api_virtualenv to None, run_after=None
[2026-06-29T22:33:08.792+0000] {processor.py:208} INFO - Processing /home/airflow/.local/lib/python3.12/site-packages/airflow/example_dags/tutorial_taskflow_api_virtualenv.py took 0.151 seconds
[2026-06-29T22:33:39.633+0000] {processor.py:186} INFO - Started process (PID=3331) to work on /home/airflow/.local/lib/python3.12/site-packages/airflow/example_dags/tutorial_taskflow_api_virtualenv.py
[2026-06-29T22:33:39.635+0000] {processor.py:914} INFO - Processing file /home/airflow/.local/lib/python3.12/site-packages/airflow/example_dags/tutorial_taskflow_api_virtualenv.py for tasks to queue
[2026-06-29T22:33:39.642+0000] {logging_mixin.py:190} INFO - [2026-06-29T22:33:39.641+0000] {dagbag.py:588} INFO - Filling up the DagBag from /home/airflow/.local/lib/python3.12/site-packages/airflow/example_dags/tutorial_taskflow_api_virtualenv.py
[2026-06-29T22:33:39.667+0000] {processor.py:925} INFO - DAG(s) 'tutorial_taskflow_api_virtualenv' retrieved from /home/airflow/.local/lib/python3.12/site-packages/airflow/example_dags/tutorial_taskflow_api_virtualenv.py
[2026-06-29T22:33:39.706+0000] {logging_mixin.py:190} INFO - [2026-06-29T22:33:39.705+0000] {dag.py:3239} INFO - Sync 1 DAGs
[2026-06-29T22:33:39.733+0000] {logging_mixin.py:190} INFO - [2026-06-29T22:33:39.732+0000] {dag.py:4180} INFO - Setting next_dagrun for tutorial_taskflow_api_virtualenv to None, run_after=None
[2026-06-29T22:33:39.770+0000] {processor.py:208} INFO - Processing /home/airflow/.local/lib/python3.12/site-packages/airflow/example_dags/tutorial_taskflow_api_virtualenv.py took 0.154 seconds
[2026-06-29T22:34:10.268+0000] {processor.py:186} INFO - Started process (PID=3395) to work on /home/airflow/.local/lib/python3.12/site-packages/airflow/example_dags/tutorial_taskflow_api_virtualenv.py
[2026-06-29T22:34:10.270+0000] {processor.py:914} INFO - Processing file /home/airflow/.local/lib/python3.12/site-packages/airflow/example_dags/tutorial_taskflow_api_virtualenv.py for tasks to queue
[2026-06-29T22:34:10.275+0000] {logging_mixin.py:190} INFO - [2026-06-29T22:34:10.275+0000] {dagbag.py:588} INFO - Filling up the DagBag from /home/airflow/.local/lib/python3.12/site-packages/airflow/example_dags/tutorial_taskflow_api_virtualenv.py
[2026-06-29T22:34:10.289+0000] {processor.py:925} INFO - DAG(s) 'tutorial_taskflow_api_virtualenv' retrieved from /home/airflow/.local/lib/python3.12/site-packages/airflow/example_dags/tutorial_taskflow_api_virtualenv.py
[2026-06-29T22:34:10.312+0000] {logging_mixin.py:190} INFO - [2026-06-29T22:34:10.311+0000] {dag.py:3239} INFO - Sync 1 DAGs
[2026-06-29T22:34:10.326+0000] {logging_mixin.py:190} INFO - [2026-06-29T22:34:10.326+0000] {dag.py:4180} INFO - Setting next_dagrun for tutorial_taskflow_api_virtualenv to None, run_after=None
[2026-06-29T22:34:10.348+0000] {processor.py:208} INFO - Processing /home/airflow/.local/lib/python3.12/site-packages/airflow/example_dags/tutorial_taskflow_api_virtualenv.py took 0.089 seconds
[2026-06-29T22:34:42.627+0000] {processor.py:186} INFO - Started process (PID=3459) to work on /home/airflow/.local/lib/python3.12/site-packages/airflow/example_dags/tutorial_taskflow_api_virtualenv.py
[2026-06-29T22:34:42.630+0000] {processor.py:914} INFO - Processing file /home/airflow/.local/lib/python3.12/site-packages/airflow/example_dags/tutorial_taskflow_api_virtualenv.py for tasks to queue
[2026-06-29T22:34:42.637+0000] {logging_mixin.py:190} INFO - [2026-06-29T22:34:42.636+0000] {dagbag.py:588} INFO - Filling up the DagBag from /home/airflow/.local/lib/python3.12/site-packages/airflow/example_dags/tutorial_taskflow_api_virtualenv.py
[2026-06-29T22:34:42.667+0000] {processor.py:925} INFO - DAG(s) 'tutorial_taskflow_api_virtualenv' retrieved from /home/airflow/.local/lib/python3.12/site-packages/airflow/example_dags/tutorial_taskflow_api_virtualenv.py
[2026-06-29T22:34:42.740+0000] {logging_mixin.py:190} INFO - [2026-06-29T22:34:42.740+0000] {dag.py:3239} INFO - Sync 1 DAGs
[2026-06-29T22:34:42.787+0000] {logging_mixin.py:190} INFO - [2026-06-29T22:34:42.786+0000] {dag.py:4180} INFO - Setting next_dagrun for tutorial_taskflow_api_virtualenv to None, run_after=None
[2026-06-29T22:34:42.859+0000] {processor.py:208} INFO - Processing /home/airflow/.local/lib/python3.12/site-packages/airflow/example_dags/tutorial_taskflow_api_virtualenv.py took 0.262 seconds
[2026-06-29T22:35:13.113+0000] {processor.py:186} INFO - Started process (PID=3522) to work on /home/airflow/.local/lib/python3.12/site-packages/airflow/example_dags/tutorial_taskflow_api_virtualenv.py
[2026-06-29T22:35:13.114+0000] {processor.py:914} INFO - Processing file /home/airflow/.local/lib/python3.12/site-packages/airflow/example_dags/tutorial_taskflow_api_virtualenv.py for tasks to queue
[2026-06-29T22:35:13.118+0000] {logging_mixin.py:190} INFO - [2026-06-29T22:35:13.118+0000] {dagbag.py:588} INFO - Filling up the DagBag from /home/airflow/.local/lib/python3.12/site-packages/airflow/example_dags/tutorial_taskflow_api_virtualenv.py
[2026-06-29T22:35:13.132+0000] {processor.py:925} INFO - DAG(s) 'tutorial_taskflow_api_virtualenv' retrieved from /home/airflow/.local/lib/python3.12/site-packages/airflow/example_dags/tutorial_taskflow_api_virtualenv.py
[2026-06-29T22:35:13.173+0000] {logging_mixin.py:190} INFO - [2026-06-29T22:35:13.173+0000] {dag.py:3239} INFO - Sync 1 DAGs
[2026-06-29T22:35:13.194+0000] {logging_mixin.py:190} INFO - [2026-06-29T22:35:13.194+0000] {dag.py:4180} INFO - Setting next_dagrun for tutorial_taskflow_api_virtualenv to None, run_after=None
[2026-06-29T22:35:13.220+0000] {processor.py:208} INFO - Processing /home/airflow/.local/lib/python3.12/site-packages/airflow/example_dags/tutorial_taskflow_api_virtualenv.py took 0.116 seconds
[2026-06-29T22:35:43.813+0000] {processor.py:186} INFO - Started process (PID=3585) to work on /home/airflow/.local/lib/python3.12/site-packages/airflow/example_dags/tutorial_taskflow_api_virtualenv.py
[2026-06-29T22:35:43.815+0000] {processor.py:914} INFO - Processing file /home/airflow/.local/lib/python3.12/site-packages/airflow/example_dags/tutorial_taskflow_api_virtualenv.py for tasks to queue
[2026-06-29T22:35:43.818+0000] {logging_mixin.py:190} INFO - [2026-06-29T22:35:43.818+0000] {dagbag.py:588} INFO - Filling up the DagBag from /home/airflow/.local/lib/python3.12/site-packages/airflow/example_dags/tutorial_taskflow_api_virtualenv.py
[2026-06-29T22:35:43.831+0000] {processor.py:925} INFO - DAG(s) 'tutorial_taskflow_api_virtualenv' retrieved from /home/airflow/.local/lib/python3.12/site-packages/airflow/example_dags/tutorial_taskflow_api_virtualenv.py
[2026-06-29T22:35:43.855+0000] {logging_mixin.py:190} INFO - [2026-06-29T22:35:43.855+0000] {dag.py:3239} INFO - Sync 1 DAGs
[2026-06-29T22:35:43.874+0000] {logging_mixin.py:190} INFO - [2026-06-29T22:35:43.873+0000] {dag.py:4180} INFO - Setting next_dagrun for tutorial_taskflow_api_virtualenv to None, run_after=None
[2026-06-29T22:35:43.895+0000] {processor.py:208} INFO - Processing /home/airflow/.local/lib/python3.12/site-packages/airflow/example_dags/tutorial_taskflow_api_virtualenv.py took 0.092 seconds
[2026-06-29T22:36:14.390+0000] {processor.py:186} INFO - Started process (PID=3649) to work on /home/airflow/.local/lib/python3.12/site-packages/airflow/example_dags/tutorial_taskflow_api_virtualenv.py
[2026-06-29T22:36:14.392+0000] {processor.py:914} INFO - Processing file /home/airflow/.local/lib/python3.12/site-packages/airflow/example_dags/tutorial_taskflow_api_virtualenv.py for tasks to queue
[2026-06-29T22:36:14.395+0000] {logging_mixin.py:190} INFO - [2026-06-29T22:36:14.395+0000] {dagbag.py:588} INFO - Filling up the DagBag from /home/airflow/.local/lib/python3.12/site-packages/airflow/example_dags/tutorial_taskflow_api_virtualenv.py
[2026-06-29T22:36:14.409+0000] {processor.py:925} INFO - DAG(s) 'tutorial_taskflow_api_virtualenv' retrieved from /home/airflow/.local/lib/python3.12/site-packages/airflow/example_dags/tutorial_taskflow_api_virtualenv.py
[2026-06-29T22:36:14.433+0000] {logging_mixin.py:190} INFO - [2026-06-29T22:36:14.433+0000] {dag.py:3239} INFO - Sync 1 DAGs
[2026-06-29T22:36:14.449+0000] {logging_mixin.py:190} INFO - [2026-06-29T22:36:14.449+0000] {dag.py:4180} INFO - Setting next_dagrun for tutorial_taskflow_api_virtualenv to None, run_after=None
[2026-06-29T22:36:14.470+0000] {processor.py:208} INFO - Processing /home/airflow/.local/lib/python3.12/site-packages/airflow/example_dags/tutorial_taskflow_api_virtualenv.py took 0.089 seconds
[2026-06-29T22:36:44.956+0000] {processor.py:186} INFO - Started process (PID=3718) to work on /home/airflow/.local/lib/python3.12/site-packages/airflow/example_dags/tutorial_taskflow_api_virtualenv.py
[2026-06-29T22:36:44.959+0000] {processor.py:914} INFO - Processing file /home/airflow/.local/lib/python3.12/site-packages/airflow/example_dags/tutorial_taskflow_api_virtualenv.py for tasks to queue
[2026-06-29T22:36:44.965+0000] {logging_mixin.py:190} INFO - [2026-06-29T22:36:44.964+0000] {dagbag.py:588} INFO - Filling up the DagBag from /home/airflow/.local/lib/python3.12/site-packages/airflow/example_dags/tutorial_taskflow_api_virtualenv.py
[2026-06-29T22:36:44.987+0000] {processor.py:925} INFO - DAG(s) 'tutorial_taskflow_api_virtualenv' retrieved from /home/airflow/.local/lib/python3.12/site-packages/airflow/example_dags/tutorial_taskflow_api_virtualenv.py
[2026-06-29T22:36:45.045+0000] {logging_mixin.py:190} INFO - [2026-06-29T22:36:45.044+0000] {dag.py:3239} INFO - Sync 1 DAGs
[2026-06-29T22:36:45.072+0000] {logging_mixin.py:190} INFO - [2026-06-29T22:36:45.071+0000] {dag.py:4180} INFO - Setting next_dagrun for tutorial_taskflow_api_virtualenv to None, run_after=None
[2026-06-29T22:36:45.140+0000] {processor.py:208} INFO - Processing /home/airflow/.local/lib/python3.12/site-packages/airflow/example_dags/tutorial_taskflow_api_virtualenv.py took 0.203 seconds
[2026-06-29T22:37:15.333+0000] {processor.py:186} INFO - Started process (PID=3782) to work on /home/airflow/.local/lib/python3.12/site-packages/airflow/example_dags/tutorial_taskflow_api_virtualenv.py
[2026-06-29T22:37:15.335+0000] {processor.py:914} INFO - Processing file /home/airflow/.local/lib/python3.12/site-packages/airflow/example_dags/tutorial_taskflow_api_virtualenv.py for tasks to queue
[2026-06-29T22:37:15.341+0000] {logging_mixin.py:190} INFO - [2026-06-29T22:37:15.340+0000] {dagbag.py:588} INFO - Filling up the DagBag from /home/airflow/.local/lib/python3.12/site-packages/airflow/example_dags/tutorial_taskflow_api_virtualenv.py
[2026-06-29T22:37:15.360+0000] {processor.py:925} INFO - DAG(s) 'tutorial_taskflow_api_virtualenv' retrieved from /home/airflow/.local/lib/python3.12/site-packages/airflow/example_dags/tutorial_taskflow_api_virtualenv.py
[2026-06-29T22:37:15.392+0000] {logging_mixin.py:190} INFO - [2026-06-29T22:37:15.392+0000] {dag.py:3239} INFO - Sync 1 DAGs
[2026-06-29T22:37:15.414+0000] {logging_mixin.py:190} INFO - [2026-06-29T22:37:15.414+0000] {dag.py:4180} INFO - Setting next_dagrun for tutorial_taskflow_api_virtualenv to None, run_after=None
[2026-06-29T22:37:15.443+0000] {processor.py:208} INFO - Processing /home/airflow/.local/lib/python3.12/site-packages/airflow/example_dags/tutorial_taskflow_api_virtualenv.py took 0.131 seconds
[2026-06-29T22:37:45.675+0000] {processor.py:186} INFO - Started process (PID=3845) to work on /home/airflow/.local/lib/python3.12/site-packages/airflow/example_dags/tutorial_taskflow_api_virtualenv.py
[2026-06-29T22:37:45.677+0000] {processor.py:914} INFO - Processing file /home/airflow/.local/lib/python3.12/site-packages/airflow/example_dags/tutorial_taskflow_api_virtualenv.py for tasks to queue
[2026-06-29T22:37:45.680+0000] {logging_mixin.py:190} INFO - [2026-06-29T22:37:45.680+0000] {dagbag.py:588} INFO - Filling up the DagBag from /home/airflow/.local/lib/python3.12/site-packages/airflow/example_dags/tutorial_taskflow_api_virtualenv.py
[2026-06-29T22:37:45.696+0000] {processor.py:925} INFO - DAG(s) 'tutorial_taskflow_api_virtualenv' retrieved from /home/airflow/.local/lib/python3.12/site-packages/airflow/example_dags/tutorial_taskflow_api_virtualenv.py
[2026-06-29T22:37:45.718+0000] {logging_mixin.py:190} INFO - [2026-06-29T22:37:45.718+0000] {dag.py:3239} INFO - Sync 1 DAGs
[2026-06-29T22:37:45.732+0000] {logging_mixin.py:190} INFO - [2026-06-29T22:37:45.732+0000] {dag.py:4180} INFO - Setting next_dagrun for tutorial_taskflow_api_virtualenv to None, run_after=None
[2026-06-29T22:37:45.755+0000] {processor.py:208} INFO - Processing /home/airflow/.local/lib/python3.12/site-packages/airflow/example_dags/tutorial_taskflow_api_virtualenv.py took 0.090 seconds
[2026-06-29T22:38:16.355+0000] {processor.py:186} INFO - Started process (PID=3908) to work on /home/airflow/.local/lib/python3.12/site-packages/airflow/example_dags/tutorial_taskflow_api_virtualenv.py
[2026-06-29T22:38:16.357+0000] {processor.py:914} INFO - Processing file /home/airflow/.local/lib/python3.12/site-packages/airflow/example_dags/tutorial_taskflow_api_virtualenv.py for tasks to queue
[2026-06-29T22:38:16.361+0000] {logging_mixin.py:190} INFO - [2026-06-29T22:38:16.360+0000] {dagbag.py:588} INFO - Filling up the DagBag from /home/airflow/.local/lib/python3.12/site-packages/airflow/example_dags/tutorial_taskflow_api_virtualenv.py
[2026-06-29T22:38:16.375+0000] {processor.py:925} INFO - DAG(s) 'tutorial_taskflow_api_virtualenv' retrieved from /home/airflow/.local/lib/python3.12/site-packages/airflow/example_dags/tutorial_taskflow_api_virtualenv.py
[2026-06-29T22:38:16.398+0000] {logging_mixin.py:190} INFO - [2026-06-29T22:38:16.398+0000] {dag.py:3239} INFO - Sync 1 DAGs
[2026-06-29T22:38:16.417+0000] {logging_mixin.py:190} INFO - [2026-06-29T22:38:16.417+0000] {dag.py:4180} INFO - Setting next_dagrun for tutorial_taskflow_api_virtualenv to None, run_after=None
[2026-06-29T22:38:16.447+0000] {processor.py:208} INFO - Processing /home/airflow/.local/lib/python3.12/site-packages/airflow/example_dags/tutorial_taskflow_api_virtualenv.py took 0.100 seconds
[2026-06-29T22:38:47.197+0000] {processor.py:186} INFO - Started process (PID=3972) to work on /home/airflow/.local/lib/python3.12/site-packages/airflow/example_dags/tutorial_taskflow_api_virtualenv.py
[2026-06-29T22:38:47.199+0000] {processor.py:914} INFO - Processing file /home/airflow/.local/lib/python3.12/site-packages/airflow/example_dags/tutorial_taskflow_api_virtualenv.py for tasks to queue
[2026-06-29T22:38:47.204+0000] {logging_mixin.py:190} INFO - [2026-06-29T22:38:47.203+0000] {dagbag.py:588} INFO - Filling up the DagBag from /home/airflow/.local/lib/python3.12/site-packages/airflow/example_dags/tutorial_taskflow_api_virtualenv.py
[2026-06-29T22:38:47.225+0000] {processor.py:925} INFO - DAG(s) 'tutorial_taskflow_api_virtualenv' retrieved from /home/airflow/.local/lib/python3.12/site-packages/airflow/example_dags/tutorial_taskflow_api_virtualenv.py
[2026-06-29T22:38:47.260+0000] {logging_mixin.py:190} INFO - [2026-06-29T22:38:47.259+0000] {dag.py:3239} INFO - Sync 1 DAGs
[2026-06-29T22:38:47.285+0000] {logging_mixin.py:190} INFO - [2026-06-29T22:38:47.285+0000] {dag.py:4180} INFO - Setting next_dagrun for tutorial_taskflow_api_virtualenv to None, run_after=None
[2026-06-29T22:38:47.316+0000] {processor.py:208} INFO - Processing /home/airflow/.local/lib/python3.12/site-packages/airflow/example_dags/tutorial_taskflow_api_virtualenv.py took 0.134 seconds
[2026-06-29T22:39:17.601+0000] {processor.py:186} INFO - Started process (PID=4036) to work on /home/airflow/.local/lib/python3.12/site-packages/airflow/example_dags/tutorial_taskflow_api_virtualenv.py
[2026-06-29T22:39:17.602+0000] {processor.py:914} INFO - Processing file /home/airflow/.local/lib/python3.12/site-packages/airflow/example_dags/tutorial_taskflow_api_virtualenv.py for tasks to queue
[2026-06-29T22:39:17.606+0000] {logging_mixin.py:190} INFO - [2026-06-29T22:39:17.606+0000] {dagbag.py:588} INFO - Filling up the DagBag from /home/airflow/.local/lib/python3.12/site-packages/airflow/example_dags/tutorial_taskflow_api_virtualenv.py
[2026-06-29T22:39:17.620+0000] {processor.py:925} INFO - DAG(s) 'tutorial_taskflow_api_virtualenv' retrieved from /home/airflow/.local/lib/python3.12/site-packages/airflow/example_dags/tutorial_taskflow_api_virtualenv.py
[2026-06-29T22:39:17.825+0000] {logging_mixin.py:190} INFO - [2026-06-29T22:39:17.824+0000] {dag.py:3239} INFO - Sync 1 DAGs
[2026-06-29T22:39:17.840+0000] {logging_mixin.py:190} INFO - [2026-06-29T22:39:17.840+0000] {dag.py:4180} INFO - Setting next_dagrun for tutorial_taskflow_api_virtualenv to None, run_after=None
[2026-06-29T22:39:17.859+0000] {processor.py:208} INFO - Processing /home/airflow/.local/lib/python3.12/site-packages/airflow/example_dags/tutorial_taskflow_api_virtualenv.py took 0.267 seconds
[2026-06-29T22:39:49.217+0000] {processor.py:186} INFO - Started process (PID=4100) to work on /home/airflow/.local/lib/python3.12/site-packages/airflow/example_dags/tutorial_taskflow_api_virtualenv.py
[2026-06-29T22:39:49.221+0000] {processor.py:914} INFO - Processing file /home/airflow/.local/lib/python3.12/site-packages/airflow/example_dags/tutorial_taskflow_api_virtualenv.py for tasks to queue
[2026-06-29T22:39:49.230+0000] {logging_mixin.py:190} INFO - [2026-06-29T22:39:49.229+0000] {dagbag.py:588} INFO - Filling up the DagBag from /home/airflow/.local/lib/python3.12/site-packages/airflow/example_dags/tutorial_taskflow_api_virtualenv.py
[2026-06-29T22:39:49.260+0000] {processor.py:925} INFO - DAG(s) 'tutorial_taskflow_api_virtualenv' retrieved from /home/airflow/.local/lib/python3.12/site-packages/airflow/example_dags/tutorial_taskflow_api_virtualenv.py
[2026-06-29T22:39:49.303+0000] {logging_mixin.py:190} INFO - [2026-06-29T22:39:49.302+0000] {dag.py:3239} INFO - Sync 1 DAGs
[2026-06-29T22:39:49.334+0000] {logging_mixin.py:190} INFO - [2026-06-29T22:39:49.333+0000] {dag.py:4180} INFO - Setting next_dagrun for tutorial_taskflow_api_virtualenv to None, run_after=None
[2026-06-29T22:39:49.660+0000] {processor.py:208} INFO - Processing /home/airflow/.local/lib/python3.12/site-packages/airflow/example_dags/tutorial_taskflow_api_virtualenv.py took 0.477 seconds
[2026-06-29T22:41:22.498+0000] {processor.py:186} INFO - Started process (PID=92) to work on /home/airflow/.local/lib/python3.12/site-packages/airflow/example_dags/tutorial_taskflow_api_virtualenv.py
[2026-06-29T22:41:22.501+0000] {processor.py:914} INFO - Processing file /home/airflow/.local/lib/python3.12/site-packages/airflow/example_dags/tutorial_taskflow_api_virtualenv.py for tasks to queue
[2026-06-29T22:41:22.509+0000] {logging_mixin.py:190} INFO - [2026-06-29T22:41:22.508+0000] {dagbag.py:588} INFO - Filling up the DagBag from /home/airflow/.local/lib/python3.12/site-packages/airflow/example_dags/tutorial_taskflow_api_virtualenv.py
[2026-06-29T22:41:22.534+0000] {processor.py:925} INFO - DAG(s) 'tutorial_taskflow_api_virtualenv' retrieved from /home/airflow/.local/lib/python3.12/site-packages/airflow/example_dags/tutorial_taskflow_api_virtualenv.py
[2026-06-29T22:41:22.840+0000] {logging_mixin.py:190} INFO - [2026-06-29T22:41:22.840+0000] {dag.py:3239} INFO - Sync 1 DAGs
[2026-06-29T22:41:22.868+0000] {logging_mixin.py:190} INFO - [2026-06-29T22:41:22.867+0000] {dag.py:4180} INFO - Setting next_dagrun for tutorial_taskflow_api_virtualenv to None, run_after=None
[2026-06-29T22:41:22.929+0000] {processor.py:208} INFO - Processing /home/airflow/.local/lib/python3.12/site-packages/airflow/example_dags/tutorial_taskflow_api_virtualenv.py took 0.445 seconds
[2026-06-29T22:41:53.494+0000] {processor.py:186} INFO - Started process (PID=156) to work on /home/airflow/.local/lib/python3.12/site-packages/airflow/example_dags/tutorial_taskflow_api_virtualenv.py
[2026-06-29T22:41:53.498+0000] {processor.py:914} INFO - Processing file /home/airflow/.local/lib/python3.12/site-packages/airflow/example_dags/tutorial_taskflow_api_virtualenv.py for tasks to queue
[2026-06-29T22:41:53.508+0000] {logging_mixin.py:190} INFO - [2026-06-29T22:41:53.507+0000] {dagbag.py:588} INFO - Filling up the DagBag from /home/airflow/.local/lib/python3.12/site-packages/airflow/example_dags/tutorial_taskflow_api_virtualenv.py
[2026-06-29T22:41:53.544+0000] {processor.py:925} INFO - DAG(s) 'tutorial_taskflow_api_virtualenv' retrieved from /home/airflow/.local/lib/python3.12/site-packages/airflow/example_dags/tutorial_taskflow_api_virtualenv.py
[2026-06-29T22:41:53.630+0000] {logging_mixin.py:190} INFO - [2026-06-29T22:41:53.630+0000] {dag.py:3239} INFO - Sync 1 DAGs
[2026-06-29T22:41:53.710+0000] {logging_mixin.py:190} INFO - [2026-06-29T22:41:53.710+0000] {dag.py:4180} INFO - Setting next_dagrun for tutorial_taskflow_api_virtualenv to None, run_after=None
[2026-06-29T22:41:53.811+0000] {processor.py:208} INFO - Processing /home/airflow/.local/lib/python3.12/site-packages/airflow/example_dags/tutorial_taskflow_api_virtualenv.py took 0.357 seconds
[2026-06-29T22:42:24.551+0000] {processor.py:186} INFO - Started process (PID=220) to work on /home/airflow/.local/lib/python3.12/site-packages/airflow/example_dags/tutorial_taskflow_api_virtualenv.py
[2026-06-29T22:42:24.558+0000] {processor.py:914} INFO - Processing file /home/airflow/.local/lib/python3.12/site-packages/airflow/example_dags/tutorial_taskflow_api_virtualenv.py for tasks to queue
[2026-06-29T22:42:24.571+0000] {logging_mixin.py:190} INFO - [2026-06-29T22:42:24.568+0000] {dagbag.py:588} INFO - Filling up the DagBag from /home/airflow/.local/lib/python3.12/site-packages/airflow/example_dags/tutorial_taskflow_api_virtualenv.py
[2026-06-29T22:42:24.614+0000] {processor.py:925} INFO - DAG(s) 'tutorial_taskflow_api_virtualenv' retrieved from /home/airflow/.local/lib/python3.12/site-packages/airflow/example_dags/tutorial_taskflow_api_virtualenv.py
[2026-06-29T22:42:24.683+0000] {logging_mixin.py:190} INFO - [2026-06-29T22:42:24.682+0000] {dag.py:3239} INFO - Sync 1 DAGs
[2026-06-29T22:42:24.731+0000] {logging_mixin.py:190} INFO - [2026-06-29T22:42:24.731+0000] {dag.py:4180} INFO - Setting next_dagrun for tutorial_taskflow_api_virtualenv to None, run_after=None
[2026-06-29T22:42:24.795+0000] {processor.py:208} INFO - Processing /home/airflow/.local/lib/python3.12/site-packages/airflow/example_dags/tutorial_taskflow_api_virtualenv.py took 0.261 seconds
[2026-06-29T22:42:55.226+0000] {processor.py:186} INFO - Started process (PID=284) to work on /home/airflow/.local/lib/python3.12/site-packages/airflow/example_dags/tutorial_taskflow_api_virtualenv.py
[2026-06-29T22:42:55.228+0000] {processor.py:914} INFO - Processing file /home/airflow/.local/lib/python3.12/site-packages/airflow/example_dags/tutorial_taskflow_api_virtualenv.py for tasks to queue
[2026-06-29T22:42:55.232+0000] {logging_mixin.py:190} INFO - [2026-06-29T22:42:55.231+0000] {dagbag.py:588} INFO - Filling up the DagBag from /home/airflow/.local/lib/python3.12/site-packages/airflow/example_dags/tutorial_taskflow_api_virtualenv.py
[2026-06-29T22:42:55.249+0000] {processor.py:925} INFO - DAG(s) 'tutorial_taskflow_api_virtualenv' retrieved from /home/airflow/.local/lib/python3.12/site-packages/airflow/example_dags/tutorial_taskflow_api_virtualenv.py
[2026-06-29T22:42:55.278+0000] {logging_mixin.py:190} INFO - [2026-06-29T22:42:55.278+0000] {dag.py:3239} INFO - Sync 1 DAGs
[2026-06-29T22:42:55.298+0000] {logging_mixin.py:190} INFO - [2026-06-29T22:42:55.298+0000] {dag.py:4180} INFO - Setting next_dagrun for tutorial_taskflow_api_virtualenv to None, run_after=None
[2026-06-29T22:42:55.326+0000] {processor.py:208} INFO - Processing /home/airflow/.local/lib/python3.12/site-packages/airflow/example_dags/tutorial_taskflow_api_virtualenv.py took 0.108 seconds
[2026-06-29T22:43:25.489+0000] {processor.py:186} INFO - Started process (PID=348) to work on /home/airflow/.local/lib/python3.12/site-packages/airflow/example_dags/tutorial_taskflow_api_virtualenv.py
[2026-06-29T22:43:25.491+0000] {processor.py:914} INFO - Processing file /home/airflow/.local/lib/python3.12/site-packages/airflow/example_dags/tutorial_taskflow_api_virtualenv.py for tasks to queue
[2026-06-29T22:43:25.496+0000] {logging_mixin.py:190} INFO - [2026-06-29T22:43:25.495+0000] {dagbag.py:588} INFO - Filling up the DagBag from /home/airflow/.local/lib/python3.12/site-packages/airflow/example_dags/tutorial_taskflow_api_virtualenv.py
[2026-06-29T22:43:25.515+0000] {processor.py:925} INFO - DAG(s) 'tutorial_taskflow_api_virtualenv' retrieved from /home/airflow/.local/lib/python3.12/site-packages/airflow/example_dags/tutorial_taskflow_api_virtualenv.py
[2026-06-29T22:43:25.554+0000] {logging_mixin.py:190} INFO - [2026-06-29T22:43:25.554+0000] {dag.py:3239} INFO - Sync 1 DAGs
[2026-06-29T22:43:25.572+0000] {logging_mixin.py:190} INFO - [2026-06-29T22:43:25.572+0000] {dag.py:4180} INFO - Setting next_dagrun for tutorial_taskflow_api_virtualenv to None, run_after=None
[2026-06-29T22:43:25.600+0000] {processor.py:208} INFO - Processing /home/airflow/.local/lib/python3.12/site-packages/airflow/example_dags/tutorial_taskflow_api_virtualenv.py took 0.119 seconds
[2026-06-29T22:43:56.798+0000] {processor.py:186} INFO - Started process (PID=413) to work on /home/airflow/.local/lib/python3.12/site-packages/airflow/example_dags/tutorial_taskflow_api_virtualenv.py
[2026-06-29T22:43:56.813+0000] {processor.py:914} INFO - Processing file /home/airflow/.local/lib/python3.12/site-packages/airflow/example_dags/tutorial_taskflow_api_virtualenv.py for tasks to queue
[2026-06-29T22:43:56.824+0000] {logging_mixin.py:190} INFO - [2026-06-29T22:43:56.821+0000] {dagbag.py:588} INFO - Filling up the DagBag from /home/airflow/.local/lib/python3.12/site-packages/airflow/example_dags/tutorial_taskflow_api_virtualenv.py
[2026-06-29T22:43:56.881+0000] {processor.py:925} INFO - DAG(s) 'tutorial_taskflow_api_virtualenv' retrieved from /home/airflow/.local/lib/python3.12/site-packages/airflow/example_dags/tutorial_taskflow_api_virtualenv.py
[2026-06-29T22:43:57.010+0000] {logging_mixin.py:190} INFO - [2026-06-29T22:43:57.009+0000] {dag.py:3239} INFO - Sync 1 DAGs
[2026-06-29T22:43:57.101+0000] {logging_mixin.py:190} INFO - [2026-06-29T22:43:57.099+0000] {dag.py:4180} INFO - Setting next_dagrun for tutorial_taskflow_api_virtualenv to None, run_after=None
[2026-06-29T22:43:57.246+0000] {processor.py:208} INFO - Processing /home/airflow/.local/lib/python3.12/site-packages/airflow/example_dags/tutorial_taskflow_api_virtualenv.py took 0.484 seconds
[2026-06-29T22:44:27.639+0000] {processor.py:186} INFO - Started process (PID=477) to work on /home/airflow/.local/lib/python3.12/site-packages/airflow/example_dags/tutorial_taskflow_api_virtualenv.py
[2026-06-29T22:44:27.641+0000] {processor.py:914} INFO - Processing file /home/airflow/.local/lib/python3.12/site-packages/airflow/example_dags/tutorial_taskflow_api_virtualenv.py for tasks to queue
[2026-06-29T22:44:27.647+0000] {logging_mixin.py:190} INFO - [2026-06-29T22:44:27.647+0000] {dagbag.py:588} INFO - Filling up the DagBag from /home/airflow/.local/lib/python3.12/site-packages/airflow/example_dags/tutorial_taskflow_api_virtualenv.py
[2026-06-29T22:44:27.671+0000] {processor.py:925} INFO - DAG(s) 'tutorial_taskflow_api_virtualenv' retrieved from /home/airflow/.local/lib/python3.12/site-packages/airflow/example_dags/tutorial_taskflow_api_virtualenv.py
[2026-06-29T22:44:27.720+0000] {logging_mixin.py:190} INFO - [2026-06-29T22:44:27.719+0000] {dag.py:3239} INFO - Sync 1 DAGs
[2026-06-29T22:44:27.752+0000] {logging_mixin.py:190} INFO - [2026-06-29T22:44:27.751+0000] {dag.py:4180} INFO - Setting next_dagrun for tutorial_taskflow_api_virtualenv to None, run_after=None
[2026-06-29T22:44:27.795+0000] {processor.py:208} INFO - Processing /home/airflow/.local/lib/python3.12/site-packages/airflow/example_dags/tutorial_taskflow_api_virtualenv.py took 0.170 seconds
[2026-06-29T22:44:58.209+0000] {processor.py:186} INFO - Started process (PID=542) to work on /home/airflow/.local/lib/python3.12/site-packages/airflow/example_dags/tutorial_taskflow_api_virtualenv.py
[2026-06-29T22:44:58.212+0000] {processor.py:914} INFO - Processing file /home/airflow/.local/lib/python3.12/site-packages/airflow/example_dags/tutorial_taskflow_api_virtualenv.py for tasks to queue
[2026-06-29T22:44:58.220+0000] {logging_mixin.py:190} INFO - [2026-06-29T22:44:58.220+0000] {dagbag.py:588} INFO - Filling up the DagBag from /home/airflow/.local/lib/python3.12/site-packages/airflow/example_dags/tutorial_taskflow_api_virtualenv.py
[2026-06-29T22:44:58.243+0000] {processor.py:925} INFO - DAG(s) 'tutorial_taskflow_api_virtualenv' retrieved from /home/airflow/.local/lib/python3.12/site-packages/airflow/example_dags/tutorial_taskflow_api_virtualenv.py
[2026-06-29T22:44:58.317+0000] {logging_mixin.py:190} INFO - [2026-06-29T22:44:58.316+0000] {dag.py:3239} INFO - Sync 1 DAGs
[2026-06-29T22:44:58.350+0000] {logging_mixin.py:190} INFO - [2026-06-29T22:44:58.349+0000] {dag.py:4180} INFO - Setting next_dagrun for tutorial_taskflow_api_virtualenv to None, run_after=None
[2026-06-29T22:44:58.400+0000] {processor.py:208} INFO - Processing /home/airflow/.local/lib/python3.12/site-packages/airflow/example_dags/tutorial_taskflow_api_virtualenv.py took 0.197 seconds
[2026-06-29T22:45:28.485+0000] {processor.py:186} INFO - Started process (PID=605) to work on /home/airflow/.local/lib/python3.12/site-packages/airflow/example_dags/tutorial_taskflow_api_virtualenv.py
[2026-06-29T22:45:28.487+0000] {processor.py:914} INFO - Processing file /home/airflow/.local/lib/python3.12/site-packages/airflow/example_dags/tutorial_taskflow_api_virtualenv.py for tasks to queue
[2026-06-29T22:45:28.490+0000] {logging_mixin.py:190} INFO - [2026-06-29T22:45:28.490+0000] {dagbag.py:588} INFO - Filling up the DagBag from /home/airflow/.local/lib/python3.12/site-packages/airflow/example_dags/tutorial_taskflow_api_virtualenv.py
[2026-06-29T22:45:28.505+0000] {processor.py:925} INFO - DAG(s) 'tutorial_taskflow_api_virtualenv' retrieved from /home/airflow/.local/lib/python3.12/site-packages/airflow/example_dags/tutorial_taskflow_api_virtualenv.py
[2026-06-29T22:45:28.526+0000] {logging_mixin.py:190} INFO - [2026-06-29T22:45:28.526+0000] {dag.py:3239} INFO - Sync 1 DAGs
[2026-06-29T22:45:28.544+0000] {logging_mixin.py:190} INFO - [2026-06-29T22:45:28.544+0000] {dag.py:4180} INFO - Setting next_dagrun for tutorial_taskflow_api_virtualenv to None, run_after=None
[2026-06-29T22:45:28.564+0000] {processor.py:208} INFO - Processing /home/airflow/.local/lib/python3.12/site-packages/airflow/example_dags/tutorial_taskflow_api_virtualenv.py took 0.086 seconds
[2026-06-29T22:45:58.880+0000] {processor.py:186} INFO - Started process (PID=669) to work on /home/airflow/.local/lib/python3.12/site-packages/airflow/example_dags/tutorial_taskflow_api_virtualenv.py
[2026-06-29T22:45:58.882+0000] {processor.py:914} INFO - Processing file /home/airflow/.local/lib/python3.12/site-packages/airflow/example_dags/tutorial_taskflow_api_virtualenv.py for tasks to queue
[2026-06-29T22:45:58.886+0000] {logging_mixin.py:190} INFO - [2026-06-29T22:45:58.886+0000] {dagbag.py:588} INFO - Filling up the DagBag from /home/airflow/.local/lib/python3.12/site-packages/airflow/example_dags/tutorial_taskflow_api_virtualenv.py
[2026-06-29T22:45:58.904+0000] {processor.py:925} INFO - DAG(s) 'tutorial_taskflow_api_virtualenv' retrieved from /home/airflow/.local/lib/python3.12/site-packages/airflow/example_dags/tutorial_taskflow_api_virtualenv.py
[2026-06-29T22:45:58.947+0000] {logging_mixin.py:190} INFO - [2026-06-29T22:45:58.947+0000] {dag.py:3239} INFO - Sync 1 DAGs
[2026-06-29T22:45:58.975+0000] {logging_mixin.py:190} INFO - [2026-06-29T22:45:58.975+0000] {dag.py:4180} INFO - Setting next_dagrun for tutorial_taskflow_api_virtualenv to None, run_after=None
[2026-06-29T22:45:59.010+0000] {processor.py:208} INFO - Processing /home/airflow/.local/lib/python3.12/site-packages/airflow/example_dags/tutorial_taskflow_api_virtualenv.py took 0.136 seconds
[2026-06-29T22:46:29.512+0000] {processor.py:186} INFO - Started process (PID=733) to work on /home/airflow/.local/lib/python3.12/site-packages/airflow/example_dags/tutorial_taskflow_api_virtualenv.py
[2026-06-29T22:46:29.514+0000] {processor.py:914} INFO - Processing file /home/airflow/.local/lib/python3.12/site-packages/airflow/example_dags/tutorial_taskflow_api_virtualenv.py for tasks to queue
[2026-06-29T22:46:29.524+0000] {logging_mixin.py:190} INFO - [2026-06-29T22:46:29.523+0000] {dagbag.py:588} INFO - Filling up the DagBag from /home/airflow/.local/lib/python3.12/site-packages/airflow/example_dags/tutorial_taskflow_api_virtualenv.py
[2026-06-29T22:46:29.544+0000] {processor.py:925} INFO - DAG(s) 'tutorial_taskflow_api_virtualenv' retrieved from /home/airflow/.local/lib/python3.12/site-packages/airflow/example_dags/tutorial_taskflow_api_virtualenv.py
[2026-06-29T22:46:29.584+0000] {logging_mixin.py:190} INFO - [2026-06-29T22:46:29.584+0000] {dag.py:3239} INFO - Sync 1 DAGs
[2026-06-29T22:46:29.607+0000] {logging_mixin.py:190} INFO - [2026-06-29T22:46:29.606+0000] {dag.py:4180} INFO - Setting next_dagrun for tutorial_taskflow_api_virtualenv to None, run_after=None
[2026-06-29T22:46:29.650+0000] {processor.py:208} INFO - Processing /home/airflow/.local/lib/python3.12/site-packages/airflow/example_dags/tutorial_taskflow_api_virtualenv.py took 0.146 seconds
