[2026-06-29T21:56:52.262+0000] {processor.py:186} INFO - Started process (PID=87) to work on /home/airflow/.local/lib/python3.12/site-packages/airflow/example_dags/tutorial.py
[2026-06-29T21:56:52.263+0000] {processor.py:914} INFO - Processing file /home/airflow/.local/lib/python3.12/site-packages/airflow/example_dags/tutorial.py for tasks to queue
[2026-06-29T21:56:52.267+0000] {logging_mixin.py:190} INFO - [2026-06-29T21:56:52.266+0000] {dagbag.py:588} INFO - Filling up the DagBag from /home/airflow/.local/lib/python3.12/site-packages/airflow/example_dags/tutorial.py
[2026-06-29T21:56:52.280+0000] {processor.py:925} INFO - DAG(s) 'tutorial' retrieved from /home/airflow/.local/lib/python3.12/site-packages/airflow/example_dags/tutorial.py
[2026-06-29T21:56:58.921+0000] {logging_mixin.py:190} INFO - [2026-06-29T21:56:58.920+0000] {override.py:1912} INFO - Created Permission View: can edit on DAG:tutorial
[2026-06-29T21:56:58.943+0000] {logging_mixin.py:190} INFO - [2026-06-29T21:56:58.943+0000] {override.py:1912} INFO - Created Permission View: can read on DAG:tutorial
[2026-06-29T21:56:58.956+0000] {logging_mixin.py:190} INFO - [2026-06-29T21:56:58.956+0000] {override.py:1912} INFO - Created Permission View: can delete on DAG:tutorial
[2026-06-29T21:56:58.972+0000] {logging_mixin.py:190} INFO - [2026-06-29T21:56:58.971+0000] {override.py:1912} INFO - Created Permission View: can create on DAG Run:tutorial
[2026-06-29T21:56:58.990+0000] {logging_mixin.py:190} INFO - [2026-06-29T21:56:58.989+0000] {override.py:1912} INFO - Created Permission View: can read on DAG Run:tutorial
[2026-06-29T21:56:59.021+0000] {logging_mixin.py:190} INFO - [2026-06-29T21:56:59.020+0000] {override.py:1912} INFO - Created Permission View: can delete on DAG Run:tutorial
[2026-06-29T21:56:59.058+0000] {logging_mixin.py:190} INFO - [2026-06-29T21:56:59.056+0000] {override.py:1912} INFO - Created Permission View: menu access on DAG Run:tutorial
[2026-06-29T21:56:59.064+0000] {logging_mixin.py:190} INFO - [2026-06-29T21:56:59.063+0000] {dag.py:3239} INFO - Sync 1 DAGs
[2026-06-29T21:56:59.097+0000] {logging_mixin.py:190} INFO - [2026-06-29T21:56:59.096+0000] {dag.py:3262} INFO - Creating ORM DAG for tutorial
[2026-06-29T21:56:59.118+0000] {logging_mixin.py:190} INFO - [2026-06-29T21:56:59.117+0000] {dag.py:4180} INFO - Setting next_dagrun for tutorial to 2026-06-28 00:00:00+00:00, run_after=2026-06-29 00:00:00+00:00
[2026-06-29T21:56:59.185+0000] {processor.py:208} INFO - Processing /home/airflow/.local/lib/python3.12/site-packages/airflow/example_dags/tutorial.py took 0.482 seconds
[2026-06-29T21:59:05.792+0000] {processor.py:186} INFO - Started process (PID=87) to work on /home/airflow/.local/lib/python3.12/site-packages/airflow/example_dags/tutorial.py
[2026-06-29T21:59:05.804+0000] {processor.py:914} INFO - Processing file /home/airflow/.local/lib/python3.12/site-packages/airflow/example_dags/tutorial.py for tasks to queue
[2026-06-29T21:59:05.811+0000] {logging_mixin.py:190} INFO - [2026-06-29T21:59:05.810+0000] {dagbag.py:588} INFO - Filling up the DagBag from /home/airflow/.local/lib/python3.12/site-packages/airflow/example_dags/tutorial.py
[2026-06-29T21:59:05.841+0000] {processor.py:925} INFO - DAG(s) 'tutorial' retrieved from /home/airflow/.local/lib/python3.12/site-packages/airflow/example_dags/tutorial.py
[2026-06-29T21:59:05.937+0000] {logging_mixin.py:190} INFO - [2026-06-29T21:59:05.937+0000] {dag.py:3239} INFO - Sync 1 DAGs
[2026-06-29T21:59:06.037+0000] {logging_mixin.py:190} INFO - [2026-06-29T21:59:06.037+0000] {dag.py:4180} INFO - Setting next_dagrun for tutorial to 2026-06-28 00:00:00+00:00, run_after=2026-06-29 00:00:00+00:00
[2026-06-29T21:59:06.160+0000] {processor.py:208} INFO - Processing /home/airflow/.local/lib/python3.12/site-packages/airflow/example_dags/tutorial.py took 0.382 seconds
[2026-06-29T21:59:36.871+0000] {processor.py:186} INFO - Started process (PID=149) to work on /home/airflow/.local/lib/python3.12/site-packages/airflow/example_dags/tutorial.py
[2026-06-29T21:59:36.873+0000] {processor.py:914} INFO - Processing file /home/airflow/.local/lib/python3.12/site-packages/airflow/example_dags/tutorial.py for tasks to queue
[2026-06-29T21:59:36.876+0000] {logging_mixin.py:190} INFO - [2026-06-29T21:59:36.875+0000] {dagbag.py:588} INFO - Filling up the DagBag from /home/airflow/.local/lib/python3.12/site-packages/airflow/example_dags/tutorial.py
[2026-06-29T21:59:36.885+0000] {processor.py:925} INFO - DAG(s) 'tutorial' retrieved from /home/airflow/.local/lib/python3.12/site-packages/airflow/example_dags/tutorial.py
[2026-06-29T21:59:36.906+0000] {logging_mixin.py:190} INFO - [2026-06-29T21:59:36.906+0000] {dag.py:3239} INFO - Sync 1 DAGs
[2026-06-29T21:59:36.933+0000] {logging_mixin.py:190} INFO - [2026-06-29T21:59:36.932+0000] {dag.py:4180} INFO - Setting next_dagrun for tutorial to 2026-06-28 00:00:00+00:00, run_after=2026-06-29 00:00:00+00:00
[2026-06-29T21:59:36.954+0000] {processor.py:208} INFO - Processing /home/airflow/.local/lib/python3.12/site-packages/airflow/example_dags/tutorial.py took 0.092 seconds
[2026-06-29T22:00:07.889+0000] {processor.py:186} INFO - Started process (PID=212) to work on /home/airflow/.local/lib/python3.12/site-packages/airflow/example_dags/tutorial.py
[2026-06-29T22:00:07.892+0000] {processor.py:914} INFO - Processing file /home/airflow/.local/lib/python3.12/site-packages/airflow/example_dags/tutorial.py for tasks to queue
[2026-06-29T22:00:07.899+0000] {logging_mixin.py:190} INFO - [2026-06-29T22:00:07.898+0000] {dagbag.py:588} INFO - Filling up the DagBag from /home/airflow/.local/lib/python3.12/site-packages/airflow/example_dags/tutorial.py
[2026-06-29T22:00:07.912+0000] {processor.py:925} INFO - DAG(s) 'tutorial' retrieved from /home/airflow/.local/lib/python3.12/site-packages/airflow/example_dags/tutorial.py
[2026-06-29T22:00:07.953+0000] {logging_mixin.py:190} INFO - [2026-06-29T22:00:07.952+0000] {dag.py:3239} INFO - Sync 1 DAGs
[2026-06-29T22:00:08.010+0000] {logging_mixin.py:190} INFO - [2026-06-29T22:00:08.009+0000] {dag.py:4180} INFO - Setting next_dagrun for tutorial to 2026-06-28 00:00:00+00:00, run_after=2026-06-29 00:00:00+00:00
[2026-06-29T22:00:08.045+0000] {processor.py:208} INFO - Processing /home/airflow/.local/lib/python3.12/site-packages/airflow/example_dags/tutorial.py took 0.165 seconds
[2026-06-29T22:00:38.427+0000] {processor.py:186} INFO - Started process (PID=276) to work on /home/airflow/.local/lib/python3.12/site-packages/airflow/example_dags/tutorial.py
[2026-06-29T22:00:38.429+0000] {processor.py:914} INFO - Processing file /home/airflow/.local/lib/python3.12/site-packages/airflow/example_dags/tutorial.py for tasks to queue
[2026-06-29T22:00:38.432+0000] {logging_mixin.py:190} INFO - [2026-06-29T22:00:38.432+0000] {dagbag.py:588} INFO - Filling up the DagBag from /home/airflow/.local/lib/python3.12/site-packages/airflow/example_dags/tutorial.py
[2026-06-29T22:00:38.442+0000] {processor.py:925} INFO - DAG(s) 'tutorial' retrieved from /home/airflow/.local/lib/python3.12/site-packages/airflow/example_dags/tutorial.py
[2026-06-29T22:00:38.468+0000] {logging_mixin.py:190} INFO - [2026-06-29T22:00:38.468+0000] {dag.py:3239} INFO - Sync 1 DAGs
[2026-06-29T22:00:38.491+0000] {logging_mixin.py:190} INFO - [2026-06-29T22:00:38.491+0000] {dag.py:4180} INFO - Setting next_dagrun for tutorial to 2026-06-28 00:00:00+00:00, run_after=2026-06-29 00:00:00+00:00
[2026-06-29T22:00:38.512+0000] {processor.py:208} INFO - Processing /home/airflow/.local/lib/python3.12/site-packages/airflow/example_dags/tutorial.py took 0.094 seconds
[2026-06-29T22:01:09.282+0000] {processor.py:186} INFO - Started process (PID=339) to work on /home/airflow/.local/lib/python3.12/site-packages/airflow/example_dags/tutorial.py
[2026-06-29T22:01:09.283+0000] {processor.py:914} INFO - Processing file /home/airflow/.local/lib/python3.12/site-packages/airflow/example_dags/tutorial.py for tasks to queue
[2026-06-29T22:01:09.286+0000] {logging_mixin.py:190} INFO - [2026-06-29T22:01:09.286+0000] {dagbag.py:588} INFO - Filling up the DagBag from /home/airflow/.local/lib/python3.12/site-packages/airflow/example_dags/tutorial.py
[2026-06-29T22:01:09.295+0000] {processor.py:925} INFO - DAG(s) 'tutorial' retrieved from /home/airflow/.local/lib/python3.12/site-packages/airflow/example_dags/tutorial.py
[2026-06-29T22:01:09.320+0000] {logging_mixin.py:190} INFO - [2026-06-29T22:01:09.320+0000] {dag.py:3239} INFO - Sync 1 DAGs
[2026-06-29T22:01:09.355+0000] {logging_mixin.py:190} INFO - [2026-06-29T22:01:09.354+0000] {dag.py:4180} INFO - Setting next_dagrun for tutorial to 2026-06-28 00:00:00+00:00, run_after=2026-06-29 00:00:00+00:00
[2026-06-29T22:01:09.389+0000] {processor.py:208} INFO - Processing /home/airflow/.local/lib/python3.12/site-packages/airflow/example_dags/tutorial.py took 0.113 seconds
[2026-06-29T22:01:39.826+0000] {processor.py:186} INFO - Started process (PID=402) to work on /home/airflow/.local/lib/python3.12/site-packages/airflow/example_dags/tutorial.py
[2026-06-29T22:01:39.828+0000] {processor.py:914} INFO - Processing file /home/airflow/.local/lib/python3.12/site-packages/airflow/example_dags/tutorial.py for tasks to queue
[2026-06-29T22:01:39.832+0000] {logging_mixin.py:190} INFO - [2026-06-29T22:01:39.831+0000] {dagbag.py:588} INFO - Filling up the DagBag from /home/airflow/.local/lib/python3.12/site-packages/airflow/example_dags/tutorial.py
[2026-06-29T22:01:39.843+0000] {processor.py:925} INFO - DAG(s) 'tutorial' retrieved from /home/airflow/.local/lib/python3.12/site-packages/airflow/example_dags/tutorial.py
[2026-06-29T22:01:39.881+0000] {logging_mixin.py:190} INFO - [2026-06-29T22:01:39.880+0000] {dag.py:3239} INFO - Sync 1 DAGs
[2026-06-29T22:01:39.922+0000] {logging_mixin.py:190} INFO - [2026-06-29T22:01:39.922+0000] {dag.py:4180} INFO - Setting next_dagrun for tutorial to 2026-06-28 00:00:00+00:00, run_after=2026-06-29 00:00:00+00:00
[2026-06-29T22:01:39.966+0000] {processor.py:208} INFO - Processing /home/airflow/.local/lib/python3.12/site-packages/airflow/example_dags/tutorial.py took 0.148 seconds
[2026-06-29T22:02:10.127+0000] {processor.py:186} INFO - Started process (PID=466) to work on /home/airflow/.local/lib/python3.12/site-packages/airflow/example_dags/tutorial.py
[2026-06-29T22:02:10.130+0000] {processor.py:914} INFO - Processing file /home/airflow/.local/lib/python3.12/site-packages/airflow/example_dags/tutorial.py for tasks to queue
[2026-06-29T22:02:10.140+0000] {logging_mixin.py:190} INFO - [2026-06-29T22:02:10.139+0000] {dagbag.py:588} INFO - Filling up the DagBag from /home/airflow/.local/lib/python3.12/site-packages/airflow/example_dags/tutorial.py
[2026-06-29T22:02:10.159+0000] {processor.py:925} INFO - DAG(s) 'tutorial' retrieved from /home/airflow/.local/lib/python3.12/site-packages/airflow/example_dags/tutorial.py
[2026-06-29T22:02:10.220+0000] {logging_mixin.py:190} INFO - [2026-06-29T22:02:10.219+0000] {dag.py:3239} INFO - Sync 1 DAGs
[2026-06-29T22:02:10.283+0000] {logging_mixin.py:190} INFO - [2026-06-29T22:02:10.282+0000] {dag.py:4180} INFO - Setting next_dagrun for tutorial to 2026-06-28 00:00:00+00:00, run_after=2026-06-29 00:00:00+00:00
[2026-06-29T22:02:10.333+0000] {processor.py:208} INFO - Processing /home/airflow/.local/lib/python3.12/site-packages/airflow/example_dags/tutorial.py took 0.218 seconds
[2026-06-29T22:02:44.047+0000] {processor.py:186} INFO - Started process (PID=529) to work on /home/airflow/.local/lib/python3.12/site-packages/airflow/example_dags/tutorial.py
[2026-06-29T22:02:44.051+0000] {processor.py:914} INFO - Processing file /home/airflow/.local/lib/python3.12/site-packages/airflow/example_dags/tutorial.py for tasks to queue
[2026-06-29T22:02:44.059+0000] {logging_mixin.py:190} INFO - [2026-06-29T22:02:44.059+0000] {dagbag.py:588} INFO - Filling up the DagBag from /home/airflow/.local/lib/python3.12/site-packages/airflow/example_dags/tutorial.py
[2026-06-29T22:02:44.088+0000] {processor.py:925} INFO - DAG(s) 'tutorial' retrieved from /home/airflow/.local/lib/python3.12/site-packages/airflow/example_dags/tutorial.py
[2026-06-29T22:02:44.154+0000] {logging_mixin.py:190} INFO - [2026-06-29T22:02:44.153+0000] {dag.py:3239} INFO - Sync 1 DAGs
[2026-06-29T22:02:44.232+0000] {logging_mixin.py:190} INFO - [2026-06-29T22:02:44.231+0000] {dag.py:4180} INFO - Setting next_dagrun for tutorial to 2026-06-28 00:00:00+00:00, run_after=2026-06-29 00:00:00+00:00
[2026-06-29T22:02:44.337+0000] {processor.py:208} INFO - Processing /home/airflow/.local/lib/python3.12/site-packages/airflow/example_dags/tutorial.py took 0.322 seconds
[2026-06-29T22:03:14.598+0000] {processor.py:186} INFO - Started process (PID=592) to work on /home/airflow/.local/lib/python3.12/site-packages/airflow/example_dags/tutorial.py
[2026-06-29T22:03:14.600+0000] {processor.py:914} INFO - Processing file /home/airflow/.local/lib/python3.12/site-packages/airflow/example_dags/tutorial.py for tasks to queue
[2026-06-29T22:03:14.603+0000] {logging_mixin.py:190} INFO - [2026-06-29T22:03:14.602+0000] {dagbag.py:588} INFO - Filling up the DagBag from /home/airflow/.local/lib/python3.12/site-packages/airflow/example_dags/tutorial.py
[2026-06-29T22:03:14.612+0000] {processor.py:925} INFO - DAG(s) 'tutorial' retrieved from /home/airflow/.local/lib/python3.12/site-packages/airflow/example_dags/tutorial.py
[2026-06-29T22:03:14.638+0000] {logging_mixin.py:190} INFO - [2026-06-29T22:03:14.637+0000] {dag.py:3239} INFO - Sync 1 DAGs
[2026-06-29T22:03:14.663+0000] {logging_mixin.py:190} INFO - [2026-06-29T22:03:14.662+0000] {dag.py:4180} INFO - Setting next_dagrun for tutorial to 2026-06-28 00:00:00+00:00, run_after=2026-06-29 00:00:00+00:00
[2026-06-29T22:03:14.687+0000] {processor.py:208} INFO - Processing /home/airflow/.local/lib/python3.12/site-packages/airflow/example_dags/tutorial.py took 0.096 seconds
[2026-06-29T22:03:44.886+0000] {processor.py:186} INFO - Started process (PID=654) to work on /home/airflow/.local/lib/python3.12/site-packages/airflow/example_dags/tutorial.py
[2026-06-29T22:03:44.888+0000] {processor.py:914} INFO - Processing file /home/airflow/.local/lib/python3.12/site-packages/airflow/example_dags/tutorial.py for tasks to queue
[2026-06-29T22:03:44.895+0000] {logging_mixin.py:190} INFO - [2026-06-29T22:03:44.894+0000] {dagbag.py:588} INFO - Filling up the DagBag from /home/airflow/.local/lib/python3.12/site-packages/airflow/example_dags/tutorial.py
[2026-06-29T22:03:44.914+0000] {processor.py:925} INFO - DAG(s) 'tutorial' retrieved from /home/airflow/.local/lib/python3.12/site-packages/airflow/example_dags/tutorial.py
[2026-06-29T22:03:44.968+0000] {logging_mixin.py:190} INFO - [2026-06-29T22:03:44.968+0000] {dag.py:3239} INFO - Sync 1 DAGs
[2026-06-29T22:03:45.002+0000] {logging_mixin.py:190} INFO - [2026-06-29T22:03:45.001+0000] {dag.py:4180} INFO - Setting next_dagrun for tutorial to 2026-06-28 00:00:00+00:00, run_after=2026-06-29 00:00:00+00:00
[2026-06-29T22:03:45.042+0000] {processor.py:208} INFO - Processing /home/airflow/.local/lib/python3.12/site-packages/airflow/example_dags/tutorial.py took 0.167 seconds
[2026-06-29T22:04:15.615+0000] {processor.py:186} INFO - Started process (PID=718) to work on /home/airflow/.local/lib/python3.12/site-packages/airflow/example_dags/tutorial.py
[2026-06-29T22:04:15.617+0000] {processor.py:914} INFO - Processing file /home/airflow/.local/lib/python3.12/site-packages/airflow/example_dags/tutorial.py for tasks to queue
[2026-06-29T22:04:15.625+0000] {logging_mixin.py:190} INFO - [2026-06-29T22:04:15.623+0000] {dagbag.py:588} INFO - Filling up the DagBag from /home/airflow/.local/lib/python3.12/site-packages/airflow/example_dags/tutorial.py
[2026-06-29T22:04:15.648+0000] {processor.py:925} INFO - DAG(s) 'tutorial' retrieved from /home/airflow/.local/lib/python3.12/site-packages/airflow/example_dags/tutorial.py
[2026-06-29T22:04:15.711+0000] {logging_mixin.py:190} INFO - [2026-06-29T22:04:15.708+0000] {dag.py:3239} INFO - Sync 1 DAGs
[2026-06-29T22:04:15.768+0000] {logging_mixin.py:190} INFO - [2026-06-29T22:04:15.768+0000] {dag.py:4180} INFO - Setting next_dagrun for tutorial to 2026-06-28 00:00:00+00:00, run_after=2026-06-29 00:00:00+00:00
[2026-06-29T22:04:15.824+0000] {processor.py:208} INFO - Processing /home/airflow/.local/lib/python3.12/site-packages/airflow/example_dags/tutorial.py took 0.219 seconds
[2026-06-29T22:04:50.198+0000] {processor.py:186} INFO - Started process (PID=780) to work on /home/airflow/.local/lib/python3.12/site-packages/airflow/example_dags/tutorial.py
[2026-06-29T22:04:50.207+0000] {processor.py:914} INFO - Processing file /home/airflow/.local/lib/python3.12/site-packages/airflow/example_dags/tutorial.py for tasks to queue
[2026-06-29T22:04:50.227+0000] {logging_mixin.py:190} INFO - [2026-06-29T22:04:50.226+0000] {dagbag.py:588} INFO - Filling up the DagBag from /home/airflow/.local/lib/python3.12/site-packages/airflow/example_dags/tutorial.py
[2026-06-29T22:04:50.246+0000] {processor.py:925} INFO - DAG(s) 'tutorial' retrieved from /home/airflow/.local/lib/python3.12/site-packages/airflow/example_dags/tutorial.py
[2026-06-29T22:04:50.361+0000] {logging_mixin.py:190} INFO - [2026-06-29T22:04:50.361+0000] {dag.py:3239} INFO - Sync 1 DAGs
[2026-06-29T22:04:50.450+0000] {logging_mixin.py:190} INFO - [2026-06-29T22:04:50.449+0000] {dag.py:4180} INFO - Setting next_dagrun for tutorial to 2026-06-28 00:00:00+00:00, run_after=2026-06-29 00:00:00+00:00
[2026-06-29T22:04:50.563+0000] {processor.py:208} INFO - Processing /home/airflow/.local/lib/python3.12/site-packages/airflow/example_dags/tutorial.py took 0.381 seconds
[2026-06-29T22:05:21.286+0000] {processor.py:186} INFO - Started process (PID=844) to work on /home/airflow/.local/lib/python3.12/site-packages/airflow/example_dags/tutorial.py
[2026-06-29T22:05:21.287+0000] {processor.py:914} INFO - Processing file /home/airflow/.local/lib/python3.12/site-packages/airflow/example_dags/tutorial.py for tasks to queue
[2026-06-29T22:05:21.290+0000] {logging_mixin.py:190} INFO - [2026-06-29T22:05:21.290+0000] {dagbag.py:588} INFO - Filling up the DagBag from /home/airflow/.local/lib/python3.12/site-packages/airflow/example_dags/tutorial.py
[2026-06-29T22:05:21.300+0000] {processor.py:925} INFO - DAG(s) 'tutorial' retrieved from /home/airflow/.local/lib/python3.12/site-packages/airflow/example_dags/tutorial.py
[2026-06-29T22:05:21.329+0000] {logging_mixin.py:190} INFO - [2026-06-29T22:05:21.328+0000] {dag.py:3239} INFO - Sync 1 DAGs
[2026-06-29T22:05:21.369+0000] {logging_mixin.py:190} INFO - [2026-06-29T22:05:21.369+0000] {dag.py:4180} INFO - Setting next_dagrun for tutorial to 2026-06-28 00:00:00+00:00, run_after=2026-06-29 00:00:00+00:00
[2026-06-29T22:05:21.399+0000] {processor.py:208} INFO - Processing /home/airflow/.local/lib/python3.12/site-packages/airflow/example_dags/tutorial.py took 0.120 seconds
[2026-06-29T22:05:51.984+0000] {processor.py:186} INFO - Started process (PID=909) to work on /home/airflow/.local/lib/python3.12/site-packages/airflow/example_dags/tutorial.py
[2026-06-29T22:05:51.986+0000] {processor.py:914} INFO - Processing file /home/airflow/.local/lib/python3.12/site-packages/airflow/example_dags/tutorial.py for tasks to queue
[2026-06-29T22:05:51.989+0000] {logging_mixin.py:190} INFO - [2026-06-29T22:05:51.988+0000] {dagbag.py:588} INFO - Filling up the DagBag from /home/airflow/.local/lib/python3.12/site-packages/airflow/example_dags/tutorial.py
[2026-06-29T22:05:51.998+0000] {processor.py:925} INFO - DAG(s) 'tutorial' retrieved from /home/airflow/.local/lib/python3.12/site-packages/airflow/example_dags/tutorial.py
[2026-06-29T22:05:52.022+0000] {logging_mixin.py:190} INFO - [2026-06-29T22:05:52.022+0000] {dag.py:3239} INFO - Sync 1 DAGs
[2026-06-29T22:05:52.048+0000] {logging_mixin.py:190} INFO - [2026-06-29T22:05:52.048+0000] {dag.py:4180} INFO - Setting next_dagrun for tutorial to 2026-06-28 00:00:00+00:00, run_after=2026-06-29 00:00:00+00:00
[2026-06-29T22:05:52.076+0000] {processor.py:208} INFO - Processing /home/airflow/.local/lib/python3.12/site-packages/airflow/example_dags/tutorial.py took 0.100 seconds
[2026-06-29T22:08:20.313+0000] {processor.py:186} INFO - Started process (PID=95) to work on /home/airflow/.local/lib/python3.12/site-packages/airflow/example_dags/tutorial.py
[2026-06-29T22:08:20.315+0000] {processor.py:914} INFO - Processing file /home/airflow/.local/lib/python3.12/site-packages/airflow/example_dags/tutorial.py for tasks to queue
[2026-06-29T22:08:20.321+0000] {logging_mixin.py:190} INFO - [2026-06-29T22:08:20.321+0000] {dagbag.py:588} INFO - Filling up the DagBag from /home/airflow/.local/lib/python3.12/site-packages/airflow/example_dags/tutorial.py
[2026-06-29T22:08:20.341+0000] {processor.py:925} INFO - DAG(s) 'tutorial' retrieved from /home/airflow/.local/lib/python3.12/site-packages/airflow/example_dags/tutorial.py
[2026-06-29T22:08:20.409+0000] {logging_mixin.py:190} INFO - [2026-06-29T22:08:20.409+0000] {dag.py:3239} INFO - Sync 1 DAGs
[2026-06-29T22:08:20.462+0000] {logging_mixin.py:190} INFO - [2026-06-29T22:08:20.462+0000] {dag.py:4180} INFO - Setting next_dagrun for tutorial to 2026-06-28 00:00:00+00:00, run_after=2026-06-29 00:00:00+00:00
[2026-06-29T22:08:20.515+0000] {processor.py:208} INFO - Processing /home/airflow/.local/lib/python3.12/site-packages/airflow/example_dags/tutorial.py took 0.219 seconds
[2026-06-29T22:08:54.394+0000] {processor.py:186} INFO - Started process (PID=158) to work on /home/airflow/.local/lib/python3.12/site-packages/airflow/example_dags/tutorial.py
[2026-06-29T22:08:54.410+0000] {processor.py:914} INFO - Processing file /home/airflow/.local/lib/python3.12/site-packages/airflow/example_dags/tutorial.py for tasks to queue
[2026-06-29T22:08:54.457+0000] {logging_mixin.py:190} INFO - [2026-06-29T22:08:54.445+0000] {dagbag.py:588} INFO - Filling up the DagBag from /home/airflow/.local/lib/python3.12/site-packages/airflow/example_dags/tutorial.py
[2026-06-29T22:08:54.556+0000] {processor.py:925} INFO - DAG(s) 'tutorial' retrieved from /home/airflow/.local/lib/python3.12/site-packages/airflow/example_dags/tutorial.py
[2026-06-29T22:08:54.722+0000] {logging_mixin.py:190} INFO - [2026-06-29T22:08:54.717+0000] {dag.py:3239} INFO - Sync 1 DAGs
[2026-06-29T22:08:55.035+0000] {logging_mixin.py:190} INFO - [2026-06-29T22:08:55.033+0000] {dag.py:4180} INFO - Setting next_dagrun for tutorial to 2026-06-28 00:00:00+00:00, run_after=2026-06-29 00:00:00+00:00
[2026-06-29T22:08:55.267+0000] {processor.py:208} INFO - Processing /home/airflow/.local/lib/python3.12/site-packages/airflow/example_dags/tutorial.py took 0.976 seconds
[2026-06-29T22:09:25.774+0000] {processor.py:186} INFO - Started process (PID=222) to work on /home/airflow/.local/lib/python3.12/site-packages/airflow/example_dags/tutorial.py
[2026-06-29T22:09:25.788+0000] {processor.py:914} INFO - Processing file /home/airflow/.local/lib/python3.12/site-packages/airflow/example_dags/tutorial.py for tasks to queue
[2026-06-29T22:09:25.818+0000] {logging_mixin.py:190} INFO - [2026-06-29T22:09:25.816+0000] {dagbag.py:588} INFO - Filling up the DagBag from /home/airflow/.local/lib/python3.12/site-packages/airflow/example_dags/tutorial.py
[2026-06-29T22:09:25.839+0000] {processor.py:925} INFO - DAG(s) 'tutorial' retrieved from /home/airflow/.local/lib/python3.12/site-packages/airflow/example_dags/tutorial.py
[2026-06-29T22:09:25.918+0000] {logging_mixin.py:190} INFO - [2026-06-29T22:09:25.917+0000] {dag.py:3239} INFO - Sync 1 DAGs
[2026-06-29T22:09:26.034+0000] {logging_mixin.py:190} INFO - [2026-06-29T22:09:26.033+0000] {dag.py:4180} INFO - Setting next_dagrun for tutorial to 2026-06-28 00:00:00+00:00, run_after=2026-06-29 00:00:00+00:00
[2026-06-29T22:09:26.136+0000] {processor.py:208} INFO - Processing /home/airflow/.local/lib/python3.12/site-packages/airflow/example_dags/tutorial.py took 0.456 seconds
[2026-06-29T22:09:56.739+0000] {processor.py:186} INFO - Started process (PID=286) to work on /home/airflow/.local/lib/python3.12/site-packages/airflow/example_dags/tutorial.py
[2026-06-29T22:09:56.744+0000] {processor.py:914} INFO - Processing file /home/airflow/.local/lib/python3.12/site-packages/airflow/example_dags/tutorial.py for tasks to queue
[2026-06-29T22:09:56.763+0000] {logging_mixin.py:190} INFO - [2026-06-29T22:09:56.761+0000] {dagbag.py:588} INFO - Filling up the DagBag from /home/airflow/.local/lib/python3.12/site-packages/airflow/example_dags/tutorial.py
[2026-06-29T22:09:56.805+0000] {processor.py:925} INFO - DAG(s) 'tutorial' retrieved from /home/airflow/.local/lib/python3.12/site-packages/airflow/example_dags/tutorial.py
[2026-06-29T22:09:56.848+0000] {logging_mixin.py:190} INFO - [2026-06-29T22:09:56.848+0000] {dag.py:3239} INFO - Sync 1 DAGs
[2026-06-29T22:09:56.884+0000] {logging_mixin.py:190} INFO - [2026-06-29T22:09:56.884+0000] {dag.py:4180} INFO - Setting next_dagrun for tutorial to 2026-06-28 00:00:00+00:00, run_after=2026-06-29 00:00:00+00:00
[2026-06-29T22:09:56.916+0000] {processor.py:208} INFO - Processing /home/airflow/.local/lib/python3.12/site-packages/airflow/example_dags/tutorial.py took 0.192 seconds
[2026-06-29T22:10:27.451+0000] {processor.py:186} INFO - Started process (PID=351) to work on /home/airflow/.local/lib/python3.12/site-packages/airflow/example_dags/tutorial.py
[2026-06-29T22:10:27.453+0000] {processor.py:914} INFO - Processing file /home/airflow/.local/lib/python3.12/site-packages/airflow/example_dags/tutorial.py for tasks to queue
[2026-06-29T22:10:27.461+0000] {logging_mixin.py:190} INFO - [2026-06-29T22:10:27.460+0000] {dagbag.py:588} INFO - Filling up the DagBag from /home/airflow/.local/lib/python3.12/site-packages/airflow/example_dags/tutorial.py
[2026-06-29T22:10:27.480+0000] {processor.py:925} INFO - DAG(s) 'tutorial' retrieved from /home/airflow/.local/lib/python3.12/site-packages/airflow/example_dags/tutorial.py
[2026-06-29T22:10:27.531+0000] {logging_mixin.py:190} INFO - [2026-06-29T22:10:27.530+0000] {dag.py:3239} INFO - Sync 1 DAGs
[2026-06-29T22:10:27.579+0000] {logging_mixin.py:190} INFO - [2026-06-29T22:10:27.579+0000] {dag.py:4180} INFO - Setting next_dagrun for tutorial to 2026-06-28 00:00:00+00:00, run_after=2026-06-29 00:00:00+00:00
[2026-06-29T22:10:27.624+0000] {processor.py:208} INFO - Processing /home/airflow/.local/lib/python3.12/site-packages/airflow/example_dags/tutorial.py took 0.183 seconds
[2026-06-29T22:10:58.002+0000] {processor.py:186} INFO - Started process (PID=415) to work on /home/airflow/.local/lib/python3.12/site-packages/airflow/example_dags/tutorial.py
[2026-06-29T22:10:58.018+0000] {processor.py:914} INFO - Processing file /home/airflow/.local/lib/python3.12/site-packages/airflow/example_dags/tutorial.py for tasks to queue
[2026-06-29T22:10:58.032+0000] {logging_mixin.py:190} INFO - [2026-06-29T22:10:58.032+0000] {dagbag.py:588} INFO - Filling up the DagBag from /home/airflow/.local/lib/python3.12/site-packages/airflow/example_dags/tutorial.py
[2026-06-29T22:10:58.052+0000] {processor.py:925} INFO - DAG(s) 'tutorial' retrieved from /home/airflow/.local/lib/python3.12/site-packages/airflow/example_dags/tutorial.py
[2026-06-29T22:10:58.128+0000] {logging_mixin.py:190} INFO - [2026-06-29T22:10:58.127+0000] {dag.py:3239} INFO - Sync 1 DAGs
[2026-06-29T22:10:58.198+0000] {logging_mixin.py:190} INFO - [2026-06-29T22:10:58.197+0000] {dag.py:4180} INFO - Setting next_dagrun for tutorial to 2026-06-28 00:00:00+00:00, run_after=2026-06-29 00:00:00+00:00
[2026-06-29T22:10:58.281+0000] {processor.py:208} INFO - Processing /home/airflow/.local/lib/python3.12/site-packages/airflow/example_dags/tutorial.py took 0.323 seconds
[2026-06-29T22:11:28.372+0000] {processor.py:186} INFO - Started process (PID=479) to work on /home/airflow/.local/lib/python3.12/site-packages/airflow/example_dags/tutorial.py
[2026-06-29T22:11:28.374+0000] {processor.py:914} INFO - Processing file /home/airflow/.local/lib/python3.12/site-packages/airflow/example_dags/tutorial.py for tasks to queue
[2026-06-29T22:11:28.377+0000] {logging_mixin.py:190} INFO - [2026-06-29T22:11:28.377+0000] {dagbag.py:588} INFO - Filling up the DagBag from /home/airflow/.local/lib/python3.12/site-packages/airflow/example_dags/tutorial.py
[2026-06-29T22:11:28.387+0000] {processor.py:925} INFO - DAG(s) 'tutorial' retrieved from /home/airflow/.local/lib/python3.12/site-packages/airflow/example_dags/tutorial.py
[2026-06-29T22:11:28.408+0000] {logging_mixin.py:190} INFO - [2026-06-29T22:11:28.407+0000] {dag.py:3239} INFO - Sync 1 DAGs
[2026-06-29T22:11:28.433+0000] {logging_mixin.py:190} INFO - [2026-06-29T22:11:28.433+0000] {dag.py:4180} INFO - Setting next_dagrun for tutorial to 2026-06-28 00:00:00+00:00, run_after=2026-06-29 00:00:00+00:00
[2026-06-29T22:11:28.454+0000] {processor.py:208} INFO - Processing /home/airflow/.local/lib/python3.12/site-packages/airflow/example_dags/tutorial.py took 0.090 seconds
[2026-06-29T22:11:58.982+0000] {processor.py:186} INFO - Started process (PID=543) to work on /home/airflow/.local/lib/python3.12/site-packages/airflow/example_dags/tutorial.py
[2026-06-29T22:11:58.989+0000] {processor.py:914} INFO - Processing file /home/airflow/.local/lib/python3.12/site-packages/airflow/example_dags/tutorial.py for tasks to queue
[2026-06-29T22:11:58.996+0000] {logging_mixin.py:190} INFO - [2026-06-29T22:11:58.995+0000] {dagbag.py:588} INFO - Filling up the DagBag from /home/airflow/.local/lib/python3.12/site-packages/airflow/example_dags/tutorial.py
[2026-06-29T22:11:59.033+0000] {processor.py:925} INFO - DAG(s) 'tutorial' retrieved from /home/airflow/.local/lib/python3.12/site-packages/airflow/example_dags/tutorial.py
[2026-06-29T22:11:59.099+0000] {logging_mixin.py:190} INFO - [2026-06-29T22:11:59.098+0000] {dag.py:3239} INFO - Sync 1 DAGs
[2026-06-29T22:11:59.153+0000] {logging_mixin.py:190} INFO - [2026-06-29T22:11:59.151+0000] {dag.py:4180} INFO - Setting next_dagrun for tutorial to 2026-06-28 00:00:00+00:00, run_after=2026-06-29 00:00:00+00:00
[2026-06-29T22:11:59.212+0000] {processor.py:208} INFO - Processing /home/airflow/.local/lib/python3.12/site-packages/airflow/example_dags/tutorial.py took 0.243 seconds
[2026-06-29T22:12:35.447+0000] {processor.py:186} INFO - Started process (PID=607) to work on /home/airflow/.local/lib/python3.12/site-packages/airflow/example_dags/tutorial.py
[2026-06-29T22:12:35.461+0000] {processor.py:914} INFO - Processing file /home/airflow/.local/lib/python3.12/site-packages/airflow/example_dags/tutorial.py for tasks to queue
[2026-06-29T22:12:35.488+0000] {logging_mixin.py:190} INFO - [2026-06-29T22:12:35.485+0000] {dagbag.py:588} INFO - Filling up the DagBag from /home/airflow/.local/lib/python3.12/site-packages/airflow/example_dags/tutorial.py
[2026-06-29T22:12:35.541+0000] {processor.py:925} INFO - DAG(s) 'tutorial' retrieved from /home/airflow/.local/lib/python3.12/site-packages/airflow/example_dags/tutorial.py
[2026-06-29T22:12:35.626+0000] {logging_mixin.py:190} INFO - [2026-06-29T22:12:35.626+0000] {dag.py:3239} INFO - Sync 1 DAGs
[2026-06-29T22:12:35.741+0000] {logging_mixin.py:190} INFO - [2026-06-29T22:12:35.740+0000] {dag.py:4180} INFO - Setting next_dagrun for tutorial to 2026-06-28 00:00:00+00:00, run_after=2026-06-29 00:00:00+00:00
[2026-06-29T22:12:35.871+0000] {processor.py:208} INFO - Processing /home/airflow/.local/lib/python3.12/site-packages/airflow/example_dags/tutorial.py took 0.444 seconds
[2026-06-29T22:13:06.500+0000] {processor.py:186} INFO - Started process (PID=671) to work on /home/airflow/.local/lib/python3.12/site-packages/airflow/example_dags/tutorial.py
[2026-06-29T22:13:06.502+0000] {processor.py:914} INFO - Processing file /home/airflow/.local/lib/python3.12/site-packages/airflow/example_dags/tutorial.py for tasks to queue
[2026-06-29T22:13:06.506+0000] {logging_mixin.py:190} INFO - [2026-06-29T22:13:06.505+0000] {dagbag.py:588} INFO - Filling up the DagBag from /home/airflow/.local/lib/python3.12/site-packages/airflow/example_dags/tutorial.py
[2026-06-29T22:13:06.518+0000] {processor.py:925} INFO - DAG(s) 'tutorial' retrieved from /home/airflow/.local/lib/python3.12/site-packages/airflow/example_dags/tutorial.py
[2026-06-29T22:13:06.545+0000] {logging_mixin.py:190} INFO - [2026-06-29T22:13:06.544+0000] {dag.py:3239} INFO - Sync 1 DAGs
[2026-06-29T22:13:06.568+0000] {logging_mixin.py:190} INFO - [2026-06-29T22:13:06.568+0000] {dag.py:4180} INFO - Setting next_dagrun for tutorial to 2026-06-28 00:00:00+00:00, run_after=2026-06-29 00:00:00+00:00
[2026-06-29T22:13:06.591+0000] {processor.py:208} INFO - Processing /home/airflow/.local/lib/python3.12/site-packages/airflow/example_dags/tutorial.py took 0.103 seconds
[2026-06-29T22:13:37.477+0000] {processor.py:186} INFO - Started process (PID=742) to work on /home/airflow/.local/lib/python3.12/site-packages/airflow/example_dags/tutorial.py
[2026-06-29T22:13:37.481+0000] {processor.py:914} INFO - Processing file /home/airflow/.local/lib/python3.12/site-packages/airflow/example_dags/tutorial.py for tasks to queue
[2026-06-29T22:13:37.490+0000] {logging_mixin.py:190} INFO - [2026-06-29T22:13:37.489+0000] {dagbag.py:588} INFO - Filling up the DagBag from /home/airflow/.local/lib/python3.12/site-packages/airflow/example_dags/tutorial.py
[2026-06-29T22:13:37.520+0000] {processor.py:925} INFO - DAG(s) 'tutorial' retrieved from /home/airflow/.local/lib/python3.12/site-packages/airflow/example_dags/tutorial.py
[2026-06-29T22:13:37.579+0000] {logging_mixin.py:190} INFO - [2026-06-29T22:13:37.578+0000] {dag.py:3239} INFO - Sync 1 DAGs
[2026-06-29T22:13:37.675+0000] {logging_mixin.py:190} INFO - [2026-06-29T22:13:37.675+0000] {dag.py:4180} INFO - Setting next_dagrun for tutorial to 2026-06-28 00:00:00+00:00, run_after=2026-06-29 00:00:00+00:00
[2026-06-29T22:13:37.783+0000] {processor.py:208} INFO - Processing /home/airflow/.local/lib/python3.12/site-packages/airflow/example_dags/tutorial.py took 0.321 seconds
[2026-06-29T22:14:07.988+0000] {processor.py:186} INFO - Started process (PID=805) to work on /home/airflow/.local/lib/python3.12/site-packages/airflow/example_dags/tutorial.py
[2026-06-29T22:14:07.991+0000] {processor.py:914} INFO - Processing file /home/airflow/.local/lib/python3.12/site-packages/airflow/example_dags/tutorial.py for tasks to queue
[2026-06-29T22:14:07.999+0000] {logging_mixin.py:190} INFO - [2026-06-29T22:14:07.998+0000] {dagbag.py:588} INFO - Filling up the DagBag from /home/airflow/.local/lib/python3.12/site-packages/airflow/example_dags/tutorial.py
[2026-06-29T22:14:08.034+0000] {processor.py:925} INFO - DAG(s) 'tutorial' retrieved from /home/airflow/.local/lib/python3.12/site-packages/airflow/example_dags/tutorial.py
[2026-06-29T22:14:08.087+0000] {logging_mixin.py:190} INFO - [2026-06-29T22:14:08.087+0000] {dag.py:3239} INFO - Sync 1 DAGs
[2026-06-29T22:14:08.140+0000] {logging_mixin.py:190} INFO - [2026-06-29T22:14:08.140+0000] {dag.py:4180} INFO - Setting next_dagrun for tutorial to 2026-06-28 00:00:00+00:00, run_after=2026-06-29 00:00:00+00:00
[2026-06-29T22:14:08.188+0000] {processor.py:208} INFO - Processing /home/airflow/.local/lib/python3.12/site-packages/airflow/example_dags/tutorial.py took 0.214 seconds
[2026-06-29T22:14:38.708+0000] {processor.py:186} INFO - Started process (PID=868) to work on /home/airflow/.local/lib/python3.12/site-packages/airflow/example_dags/tutorial.py
[2026-06-29T22:14:38.711+0000] {processor.py:914} INFO - Processing file /home/airflow/.local/lib/python3.12/site-packages/airflow/example_dags/tutorial.py for tasks to queue
[2026-06-29T22:14:38.717+0000] {logging_mixin.py:190} INFO - [2026-06-29T22:14:38.716+0000] {dagbag.py:588} INFO - Filling up the DagBag from /home/airflow/.local/lib/python3.12/site-packages/airflow/example_dags/tutorial.py
[2026-06-29T22:14:38.733+0000] {processor.py:925} INFO - DAG(s) 'tutorial' retrieved from /home/airflow/.local/lib/python3.12/site-packages/airflow/example_dags/tutorial.py
[2026-06-29T22:14:38.774+0000] {logging_mixin.py:190} INFO - [2026-06-29T22:14:38.774+0000] {dag.py:3239} INFO - Sync 1 DAGs
[2026-06-29T22:14:38.817+0000] {logging_mixin.py:190} INFO - [2026-06-29T22:14:38.817+0000] {dag.py:4180} INFO - Setting next_dagrun for tutorial to 2026-06-28 00:00:00+00:00, run_after=2026-06-29 00:00:00+00:00
[2026-06-29T22:14:38.856+0000] {processor.py:208} INFO - Processing /home/airflow/.local/lib/python3.12/site-packages/airflow/example_dags/tutorial.py took 0.156 seconds
[2026-06-29T22:15:09.519+0000] {processor.py:186} INFO - Started process (PID=931) to work on /home/airflow/.local/lib/python3.12/site-packages/airflow/example_dags/tutorial.py
[2026-06-29T22:15:09.521+0000] {processor.py:914} INFO - Processing file /home/airflow/.local/lib/python3.12/site-packages/airflow/example_dags/tutorial.py for tasks to queue
[2026-06-29T22:15:09.525+0000] {logging_mixin.py:190} INFO - [2026-06-29T22:15:09.525+0000] {dagbag.py:588} INFO - Filling up the DagBag from /home/airflow/.local/lib/python3.12/site-packages/airflow/example_dags/tutorial.py
[2026-06-29T22:15:09.537+0000] {processor.py:925} INFO - DAG(s) 'tutorial' retrieved from /home/airflow/.local/lib/python3.12/site-packages/airflow/example_dags/tutorial.py
[2026-06-29T22:15:09.565+0000] {logging_mixin.py:190} INFO - [2026-06-29T22:15:09.565+0000] {dag.py:3239} INFO - Sync 1 DAGs
[2026-06-29T22:15:09.592+0000] {logging_mixin.py:190} INFO - [2026-06-29T22:15:09.591+0000] {dag.py:4180} INFO - Setting next_dagrun for tutorial to 2026-06-28 00:00:00+00:00, run_after=2026-06-29 00:00:00+00:00
[2026-06-29T22:15:09.616+0000] {processor.py:208} INFO - Processing /home/airflow/.local/lib/python3.12/site-packages/airflow/example_dags/tutorial.py took 0.104 seconds
[2026-06-29T22:15:39.992+0000] {processor.py:186} INFO - Started process (PID=995) to work on /home/airflow/.local/lib/python3.12/site-packages/airflow/example_dags/tutorial.py
[2026-06-29T22:15:39.995+0000] {processor.py:914} INFO - Processing file /home/airflow/.local/lib/python3.12/site-packages/airflow/example_dags/tutorial.py for tasks to queue
[2026-06-29T22:15:40.002+0000] {logging_mixin.py:190} INFO - [2026-06-29T22:15:40.002+0000] {dagbag.py:588} INFO - Filling up the DagBag from /home/airflow/.local/lib/python3.12/site-packages/airflow/example_dags/tutorial.py
[2026-06-29T22:15:40.020+0000] {processor.py:925} INFO - DAG(s) 'tutorial' retrieved from /home/airflow/.local/lib/python3.12/site-packages/airflow/example_dags/tutorial.py
[2026-06-29T22:15:40.087+0000] {logging_mixin.py:190} INFO - [2026-06-29T22:15:40.087+0000] {dag.py:3239} INFO - Sync 1 DAGs
[2026-06-29T22:15:40.217+0000] {logging_mixin.py:190} INFO - [2026-06-29T22:15:40.216+0000] {dag.py:4180} INFO - Setting next_dagrun for tutorial to 2026-06-28 00:00:00+00:00, run_after=2026-06-29 00:00:00+00:00
[2026-06-29T22:15:40.281+0000] {processor.py:208} INFO - Processing /home/airflow/.local/lib/python3.12/site-packages/airflow/example_dags/tutorial.py took 0.301 seconds
[2026-06-29T22:16:10.949+0000] {processor.py:186} INFO - Started process (PID=1059) to work on /home/airflow/.local/lib/python3.12/site-packages/airflow/example_dags/tutorial.py
[2026-06-29T22:16:10.951+0000] {processor.py:914} INFO - Processing file /home/airflow/.local/lib/python3.12/site-packages/airflow/example_dags/tutorial.py for tasks to queue
[2026-06-29T22:16:10.963+0000] {logging_mixin.py:190} INFO - [2026-06-29T22:16:10.961+0000] {dagbag.py:588} INFO - Filling up the DagBag from /home/airflow/.local/lib/python3.12/site-packages/airflow/example_dags/tutorial.py
[2026-06-29T22:16:10.989+0000] {processor.py:925} INFO - DAG(s) 'tutorial' retrieved from /home/airflow/.local/lib/python3.12/site-packages/airflow/example_dags/tutorial.py
[2026-06-29T22:16:11.044+0000] {logging_mixin.py:190} INFO - [2026-06-29T22:16:11.043+0000] {dag.py:3239} INFO - Sync 1 DAGs
[2026-06-29T22:16:11.089+0000] {logging_mixin.py:190} INFO - [2026-06-29T22:16:11.089+0000] {dag.py:4180} INFO - Setting next_dagrun for tutorial to 2026-06-28 00:00:00+00:00, run_after=2026-06-29 00:00:00+00:00
[2026-06-29T22:16:11.136+0000] {processor.py:208} INFO - Processing /home/airflow/.local/lib/python3.12/site-packages/airflow/example_dags/tutorial.py took 0.204 seconds
[2026-06-29T22:16:42.664+0000] {processor.py:186} INFO - Started process (PID=1122) to work on /home/airflow/.local/lib/python3.12/site-packages/airflow/example_dags/tutorial.py
[2026-06-29T22:16:42.668+0000] {processor.py:914} INFO - Processing file /home/airflow/.local/lib/python3.12/site-packages/airflow/example_dags/tutorial.py for tasks to queue
[2026-06-29T22:16:42.675+0000] {logging_mixin.py:190} INFO - [2026-06-29T22:16:42.675+0000] {dagbag.py:588} INFO - Filling up the DagBag from /home/airflow/.local/lib/python3.12/site-packages/airflow/example_dags/tutorial.py
[2026-06-29T22:16:42.715+0000] {processor.py:925} INFO - DAG(s) 'tutorial' retrieved from /home/airflow/.local/lib/python3.12/site-packages/airflow/example_dags/tutorial.py
[2026-06-29T22:16:42.770+0000] {logging_mixin.py:190} INFO - [2026-06-29T22:16:42.770+0000] {dag.py:3239} INFO - Sync 1 DAGs
[2026-06-29T22:16:42.822+0000] {logging_mixin.py:190} INFO - [2026-06-29T22:16:42.821+0000] {dag.py:4180} INFO - Setting next_dagrun for tutorial to 2026-06-28 00:00:00+00:00, run_after=2026-06-29 00:00:00+00:00
[2026-06-29T22:16:42.888+0000] {processor.py:208} INFO - Processing /home/airflow/.local/lib/python3.12/site-packages/airflow/example_dags/tutorial.py took 0.253 seconds
[2026-06-29T22:17:13.404+0000] {processor.py:186} INFO - Started process (PID=1186) to work on /home/airflow/.local/lib/python3.12/site-packages/airflow/example_dags/tutorial.py
[2026-06-29T22:17:13.407+0000] {processor.py:914} INFO - Processing file /home/airflow/.local/lib/python3.12/site-packages/airflow/example_dags/tutorial.py for tasks to queue
[2026-06-29T22:17:13.414+0000] {logging_mixin.py:190} INFO - [2026-06-29T22:17:13.413+0000] {dagbag.py:588} INFO - Filling up the DagBag from /home/airflow/.local/lib/python3.12/site-packages/airflow/example_dags/tutorial.py
[2026-06-29T22:17:13.430+0000] {processor.py:925} INFO - DAG(s) 'tutorial' retrieved from /home/airflow/.local/lib/python3.12/site-packages/airflow/example_dags/tutorial.py
[2026-06-29T22:17:13.477+0000] {logging_mixin.py:190} INFO - [2026-06-29T22:17:13.476+0000] {dag.py:3239} INFO - Sync 1 DAGs
[2026-06-29T22:17:13.524+0000] {logging_mixin.py:190} INFO - [2026-06-29T22:17:13.523+0000] {dag.py:4180} INFO - Setting next_dagrun for tutorial to 2026-06-28 00:00:00+00:00, run_after=2026-06-29 00:00:00+00:00
[2026-06-29T22:17:13.556+0000] {processor.py:208} INFO - Processing /home/airflow/.local/lib/python3.12/site-packages/airflow/example_dags/tutorial.py took 0.163 seconds
[2026-06-29T22:17:43.924+0000] {processor.py:186} INFO - Started process (PID=1250) to work on /home/airflow/.local/lib/python3.12/site-packages/airflow/example_dags/tutorial.py
[2026-06-29T22:17:43.927+0000] {processor.py:914} INFO - Processing file /home/airflow/.local/lib/python3.12/site-packages/airflow/example_dags/tutorial.py for tasks to queue
[2026-06-29T22:17:43.932+0000] {logging_mixin.py:190} INFO - [2026-06-29T22:17:43.931+0000] {dagbag.py:588} INFO - Filling up the DagBag from /home/airflow/.local/lib/python3.12/site-packages/airflow/example_dags/tutorial.py
[2026-06-29T22:17:43.946+0000] {processor.py:925} INFO - DAG(s) 'tutorial' retrieved from /home/airflow/.local/lib/python3.12/site-packages/airflow/example_dags/tutorial.py
[2026-06-29T22:17:43.989+0000] {logging_mixin.py:190} INFO - [2026-06-29T22:17:43.989+0000] {dag.py:3239} INFO - Sync 1 DAGs
[2026-06-29T22:17:44.034+0000] {logging_mixin.py:190} INFO - [2026-06-29T22:17:44.034+0000] {dag.py:4180} INFO - Setting next_dagrun for tutorial to 2026-06-28 00:00:00+00:00, run_after=2026-06-29 00:00:00+00:00
[2026-06-29T22:17:44.073+0000] {processor.py:208} INFO - Processing /home/airflow/.local/lib/python3.12/site-packages/airflow/example_dags/tutorial.py took 0.160 seconds
[2026-06-29T22:18:14.599+0000] {processor.py:186} INFO - Started process (PID=1314) to work on /home/airflow/.local/lib/python3.12/site-packages/airflow/example_dags/tutorial.py
[2026-06-29T22:18:14.600+0000] {processor.py:914} INFO - Processing file /home/airflow/.local/lib/python3.12/site-packages/airflow/example_dags/tutorial.py for tasks to queue
[2026-06-29T22:18:14.605+0000] {logging_mixin.py:190} INFO - [2026-06-29T22:18:14.604+0000] {dagbag.py:588} INFO - Filling up the DagBag from /home/airflow/.local/lib/python3.12/site-packages/airflow/example_dags/tutorial.py
[2026-06-29T22:18:14.618+0000] {processor.py:925} INFO - DAG(s) 'tutorial' retrieved from /home/airflow/.local/lib/python3.12/site-packages/airflow/example_dags/tutorial.py
[2026-06-29T22:18:14.648+0000] {logging_mixin.py:190} INFO - [2026-06-29T22:18:14.648+0000] {dag.py:3239} INFO - Sync 1 DAGs
[2026-06-29T22:18:14.682+0000] {logging_mixin.py:190} INFO - [2026-06-29T22:18:14.681+0000] {dag.py:4180} INFO - Setting next_dagrun for tutorial to 2026-06-28 00:00:00+00:00, run_after=2026-06-29 00:00:00+00:00
[2026-06-29T22:18:14.714+0000] {processor.py:208} INFO - Processing /home/airflow/.local/lib/python3.12/site-packages/airflow/example_dags/tutorial.py took 0.127 seconds
[2026-06-29T22:18:44.959+0000] {processor.py:186} INFO - Started process (PID=1378) to work on /home/airflow/.local/lib/python3.12/site-packages/airflow/example_dags/tutorial.py
[2026-06-29T22:18:44.962+0000] {processor.py:914} INFO - Processing file /home/airflow/.local/lib/python3.12/site-packages/airflow/example_dags/tutorial.py for tasks to queue
[2026-06-29T22:18:44.969+0000] {logging_mixin.py:190} INFO - [2026-06-29T22:18:44.967+0000] {dagbag.py:588} INFO - Filling up the DagBag from /home/airflow/.local/lib/python3.12/site-packages/airflow/example_dags/tutorial.py
[2026-06-29T22:18:44.983+0000] {processor.py:925} INFO - DAG(s) 'tutorial' retrieved from /home/airflow/.local/lib/python3.12/site-packages/airflow/example_dags/tutorial.py
[2026-06-29T22:18:45.022+0000] {logging_mixin.py:190} INFO - [2026-06-29T22:18:45.022+0000] {dag.py:3239} INFO - Sync 1 DAGs
[2026-06-29T22:18:45.055+0000] {logging_mixin.py:190} INFO - [2026-06-29T22:18:45.055+0000] {dag.py:4180} INFO - Setting next_dagrun for tutorial to 2026-06-28 00:00:00+00:00, run_after=2026-06-29 00:00:00+00:00
[2026-06-29T22:18:45.090+0000] {processor.py:208} INFO - Processing /home/airflow/.local/lib/python3.12/site-packages/airflow/example_dags/tutorial.py took 0.141 seconds
[2026-06-29T22:19:15.513+0000] {processor.py:186} INFO - Started process (PID=1442) to work on /home/airflow/.local/lib/python3.12/site-packages/airflow/example_dags/tutorial.py
[2026-06-29T22:19:15.515+0000] {processor.py:914} INFO - Processing file /home/airflow/.local/lib/python3.12/site-packages/airflow/example_dags/tutorial.py for tasks to queue
[2026-06-29T22:19:15.520+0000] {logging_mixin.py:190} INFO - [2026-06-29T22:19:15.519+0000] {dagbag.py:588} INFO - Filling up the DagBag from /home/airflow/.local/lib/python3.12/site-packages/airflow/example_dags/tutorial.py
[2026-06-29T22:19:15.530+0000] {processor.py:925} INFO - DAG(s) 'tutorial' retrieved from /home/airflow/.local/lib/python3.12/site-packages/airflow/example_dags/tutorial.py
[2026-06-29T22:19:15.556+0000] {logging_mixin.py:190} INFO - [2026-06-29T22:19:15.556+0000] {dag.py:3239} INFO - Sync 1 DAGs
[2026-06-29T22:19:15.583+0000] {logging_mixin.py:190} INFO - [2026-06-29T22:19:15.583+0000] {dag.py:4180} INFO - Setting next_dagrun for tutorial to 2026-06-28 00:00:00+00:00, run_after=2026-06-29 00:00:00+00:00
[2026-06-29T22:19:15.607+0000] {processor.py:208} INFO - Processing /home/airflow/.local/lib/python3.12/site-packages/airflow/example_dags/tutorial.py took 0.100 seconds
[2026-06-29T22:19:45.846+0000] {processor.py:186} INFO - Started process (PID=1506) to work on /home/airflow/.local/lib/python3.12/site-packages/airflow/example_dags/tutorial.py
[2026-06-29T22:19:45.849+0000] {processor.py:914} INFO - Processing file /home/airflow/.local/lib/python3.12/site-packages/airflow/example_dags/tutorial.py for tasks to queue
[2026-06-29T22:19:45.854+0000] {logging_mixin.py:190} INFO - [2026-06-29T22:19:45.854+0000] {dagbag.py:588} INFO - Filling up the DagBag from /home/airflow/.local/lib/python3.12/site-packages/airflow/example_dags/tutorial.py
[2026-06-29T22:19:45.869+0000] {processor.py:925} INFO - DAG(s) 'tutorial' retrieved from /home/airflow/.local/lib/python3.12/site-packages/airflow/example_dags/tutorial.py
[2026-06-29T22:19:45.904+0000] {logging_mixin.py:190} INFO - [2026-06-29T22:19:45.903+0000] {dag.py:3239} INFO - Sync 1 DAGs
[2026-06-29T22:19:45.936+0000] {logging_mixin.py:190} INFO - [2026-06-29T22:19:45.936+0000] {dag.py:4180} INFO - Setting next_dagrun for tutorial to 2026-06-28 00:00:00+00:00, run_after=2026-06-29 00:00:00+00:00
[2026-06-29T22:19:45.965+0000] {processor.py:208} INFO - Processing /home/airflow/.local/lib/python3.12/site-packages/airflow/example_dags/tutorial.py took 0.127 seconds
[2026-06-29T22:20:18.140+0000] {processor.py:186} INFO - Started process (PID=1566) to work on /home/airflow/.local/lib/python3.12/site-packages/airflow/example_dags/tutorial.py
[2026-06-29T22:20:18.143+0000] {processor.py:914} INFO - Processing file /home/airflow/.local/lib/python3.12/site-packages/airflow/example_dags/tutorial.py for tasks to queue
[2026-06-29T22:20:18.154+0000] {logging_mixin.py:190} INFO - [2026-06-29T22:20:18.154+0000] {dagbag.py:588} INFO - Filling up the DagBag from /home/airflow/.local/lib/python3.12/site-packages/airflow/example_dags/tutorial.py
[2026-06-29T22:20:18.185+0000] {processor.py:925} INFO - DAG(s) 'tutorial' retrieved from /home/airflow/.local/lib/python3.12/site-packages/airflow/example_dags/tutorial.py
[2026-06-29T22:20:18.278+0000] {logging_mixin.py:190} INFO - [2026-06-29T22:20:18.277+0000] {dag.py:3239} INFO - Sync 1 DAGs
[2026-06-29T22:20:18.372+0000] {logging_mixin.py:190} INFO - [2026-06-29T22:20:18.371+0000] {dag.py:4180} INFO - Setting next_dagrun for tutorial to 2026-06-28 00:00:00+00:00, run_after=2026-06-29 00:00:00+00:00
[2026-06-29T22:20:18.438+0000] {processor.py:208} INFO - Processing /home/airflow/.local/lib/python3.12/site-packages/airflow/example_dags/tutorial.py took 0.321 seconds
[2026-06-29T22:20:52.483+0000] {processor.py:186} INFO - Started process (PID=1627) to work on /home/airflow/.local/lib/python3.12/site-packages/airflow/example_dags/tutorial.py
[2026-06-29T22:20:52.486+0000] {processor.py:914} INFO - Processing file /home/airflow/.local/lib/python3.12/site-packages/airflow/example_dags/tutorial.py for tasks to queue
[2026-06-29T22:20:52.492+0000] {logging_mixin.py:190} INFO - [2026-06-29T22:20:52.491+0000] {dagbag.py:588} INFO - Filling up the DagBag from /home/airflow/.local/lib/python3.12/site-packages/airflow/example_dags/tutorial.py
[2026-06-29T22:20:52.511+0000] {processor.py:925} INFO - DAG(s) 'tutorial' retrieved from /home/airflow/.local/lib/python3.12/site-packages/airflow/example_dags/tutorial.py
[2026-06-29T22:20:52.555+0000] {logging_mixin.py:190} INFO - [2026-06-29T22:20:52.554+0000] {dag.py:3239} INFO - Sync 1 DAGs
[2026-06-29T22:20:52.599+0000] {logging_mixin.py:190} INFO - [2026-06-29T22:20:52.598+0000] {dag.py:4180} INFO - Setting next_dagrun for tutorial to 2026-06-28 00:00:00+00:00, run_after=2026-06-29 00:00:00+00:00
[2026-06-29T22:20:52.648+0000] {processor.py:208} INFO - Processing /home/airflow/.local/lib/python3.12/site-packages/airflow/example_dags/tutorial.py took 0.176 seconds
[2026-06-29T22:21:22.772+0000] {processor.py:186} INFO - Started process (PID=1691) to work on /home/airflow/.local/lib/python3.12/site-packages/airflow/example_dags/tutorial.py
[2026-06-29T22:21:22.775+0000] {processor.py:914} INFO - Processing file /home/airflow/.local/lib/python3.12/site-packages/airflow/example_dags/tutorial.py for tasks to queue
[2026-06-29T22:21:22.783+0000] {logging_mixin.py:190} INFO - [2026-06-29T22:21:22.782+0000] {dagbag.py:588} INFO - Filling up the DagBag from /home/airflow/.local/lib/python3.12/site-packages/airflow/example_dags/tutorial.py
[2026-06-29T22:21:22.818+0000] {processor.py:925} INFO - DAG(s) 'tutorial' retrieved from /home/airflow/.local/lib/python3.12/site-packages/airflow/example_dags/tutorial.py
[2026-06-29T22:21:22.894+0000] {logging_mixin.py:190} INFO - [2026-06-29T22:21:22.894+0000] {dag.py:3239} INFO - Sync 1 DAGs
[2026-06-29T22:21:22.981+0000] {logging_mixin.py:190} INFO - [2026-06-29T22:21:22.981+0000] {dag.py:4180} INFO - Setting next_dagrun for tutorial to 2026-06-28 00:00:00+00:00, run_after=2026-06-29 00:00:00+00:00
[2026-06-29T22:21:23.074+0000] {processor.py:208} INFO - Processing /home/airflow/.local/lib/python3.12/site-packages/airflow/example_dags/tutorial.py took 0.327 seconds
[2026-06-29T22:21:53.839+0000] {processor.py:186} INFO - Started process (PID=1755) to work on /home/airflow/.local/lib/python3.12/site-packages/airflow/example_dags/tutorial.py
[2026-06-29T22:21:53.841+0000] {processor.py:914} INFO - Processing file /home/airflow/.local/lib/python3.12/site-packages/airflow/example_dags/tutorial.py for tasks to queue
[2026-06-29T22:21:53.845+0000] {logging_mixin.py:190} INFO - [2026-06-29T22:21:53.844+0000] {dagbag.py:588} INFO - Filling up the DagBag from /home/airflow/.local/lib/python3.12/site-packages/airflow/example_dags/tutorial.py
[2026-06-29T22:21:53.858+0000] {processor.py:925} INFO - DAG(s) 'tutorial' retrieved from /home/airflow/.local/lib/python3.12/site-packages/airflow/example_dags/tutorial.py
[2026-06-29T22:21:53.885+0000] {logging_mixin.py:190} INFO - [2026-06-29T22:21:53.885+0000] {dag.py:3239} INFO - Sync 1 DAGs
[2026-06-29T22:21:53.913+0000] {logging_mixin.py:190} INFO - [2026-06-29T22:21:53.913+0000] {dag.py:4180} INFO - Setting next_dagrun for tutorial to 2026-06-28 00:00:00+00:00, run_after=2026-06-29 00:00:00+00:00
[2026-06-29T22:21:53.937+0000] {processor.py:208} INFO - Processing /home/airflow/.local/lib/python3.12/site-packages/airflow/example_dags/tutorial.py took 0.106 seconds
[2026-06-29T22:22:24.854+0000] {processor.py:186} INFO - Started process (PID=1819) to work on /home/airflow/.local/lib/python3.12/site-packages/airflow/example_dags/tutorial.py
[2026-06-29T22:22:24.856+0000] {processor.py:914} INFO - Processing file /home/airflow/.local/lib/python3.12/site-packages/airflow/example_dags/tutorial.py for tasks to queue
[2026-06-29T22:22:24.861+0000] {logging_mixin.py:190} INFO - [2026-06-29T22:22:24.861+0000] {dagbag.py:588} INFO - Filling up the DagBag from /home/airflow/.local/lib/python3.12/site-packages/airflow/example_dags/tutorial.py
[2026-06-29T22:22:24.879+0000] {processor.py:925} INFO - DAG(s) 'tutorial' retrieved from /home/airflow/.local/lib/python3.12/site-packages/airflow/example_dags/tutorial.py
[2026-06-29T22:22:24.903+0000] {logging_mixin.py:190} INFO - [2026-06-29T22:22:24.903+0000] {dag.py:3239} INFO - Sync 1 DAGs
[2026-06-29T22:22:24.931+0000] {logging_mixin.py:190} INFO - [2026-06-29T22:22:24.931+0000] {dag.py:4180} INFO - Setting next_dagrun for tutorial to 2026-06-28 00:00:00+00:00, run_after=2026-06-29 00:00:00+00:00
[2026-06-29T22:22:24.960+0000] {processor.py:208} INFO - Processing /home/airflow/.local/lib/python3.12/site-packages/airflow/example_dags/tutorial.py took 0.113 seconds
[2026-06-29T22:22:55.093+0000] {processor.py:186} INFO - Started process (PID=1884) to work on /home/airflow/.local/lib/python3.12/site-packages/airflow/example_dags/tutorial.py
[2026-06-29T22:22:55.095+0000] {processor.py:914} INFO - Processing file /home/airflow/.local/lib/python3.12/site-packages/airflow/example_dags/tutorial.py for tasks to queue
[2026-06-29T22:22:55.100+0000] {logging_mixin.py:190} INFO - [2026-06-29T22:22:55.100+0000] {dagbag.py:588} INFO - Filling up the DagBag from /home/airflow/.local/lib/python3.12/site-packages/airflow/example_dags/tutorial.py
[2026-06-29T22:22:55.118+0000] {processor.py:925} INFO - DAG(s) 'tutorial' retrieved from /home/airflow/.local/lib/python3.12/site-packages/airflow/example_dags/tutorial.py
[2026-06-29T22:22:55.154+0000] {logging_mixin.py:190} INFO - [2026-06-29T22:22:55.154+0000] {dag.py:3239} INFO - Sync 1 DAGs
[2026-06-29T22:22:55.184+0000] {logging_mixin.py:190} INFO - [2026-06-29T22:22:55.183+0000] {dag.py:4180} INFO - Setting next_dagrun for tutorial to 2026-06-28 00:00:00+00:00, run_after=2026-06-29 00:00:00+00:00
[2026-06-29T22:22:55.213+0000] {processor.py:208} INFO - Processing /home/airflow/.local/lib/python3.12/site-packages/airflow/example_dags/tutorial.py took 0.128 seconds
[2026-06-29T22:23:25.564+0000] {processor.py:186} INFO - Started process (PID=1947) to work on /home/airflow/.local/lib/python3.12/site-packages/airflow/example_dags/tutorial.py
[2026-06-29T22:23:25.567+0000] {processor.py:914} INFO - Processing file /home/airflow/.local/lib/python3.12/site-packages/airflow/example_dags/tutorial.py for tasks to queue
[2026-06-29T22:23:25.571+0000] {logging_mixin.py:190} INFO - [2026-06-29T22:23:25.571+0000] {dagbag.py:588} INFO - Filling up the DagBag from /home/airflow/.local/lib/python3.12/site-packages/airflow/example_dags/tutorial.py
[2026-06-29T22:23:25.586+0000] {processor.py:925} INFO - DAG(s) 'tutorial' retrieved from /home/airflow/.local/lib/python3.12/site-packages/airflow/example_dags/tutorial.py
[2026-06-29T22:23:25.614+0000] {logging_mixin.py:190} INFO - [2026-06-29T22:23:25.614+0000] {dag.py:3239} INFO - Sync 1 DAGs
[2026-06-29T22:23:25.638+0000] {logging_mixin.py:190} INFO - [2026-06-29T22:23:25.637+0000] {dag.py:4180} INFO - Setting next_dagrun for tutorial to 2026-06-28 00:00:00+00:00, run_after=2026-06-29 00:00:00+00:00
[2026-06-29T22:23:25.661+0000] {processor.py:208} INFO - Processing /home/airflow/.local/lib/python3.12/site-packages/airflow/example_dags/tutorial.py took 0.105 seconds
[2026-06-29T22:23:56.472+0000] {processor.py:186} INFO - Started process (PID=2011) to work on /home/airflow/.local/lib/python3.12/site-packages/airflow/example_dags/tutorial.py
[2026-06-29T22:23:56.473+0000] {processor.py:914} INFO - Processing file /home/airflow/.local/lib/python3.12/site-packages/airflow/example_dags/tutorial.py for tasks to queue
[2026-06-29T22:23:56.476+0000] {logging_mixin.py:190} INFO - [2026-06-29T22:23:56.476+0000] {dagbag.py:588} INFO - Filling up the DagBag from /home/airflow/.local/lib/python3.12/site-packages/airflow/example_dags/tutorial.py
[2026-06-29T22:23:56.487+0000] {processor.py:925} INFO - DAG(s) 'tutorial' retrieved from /home/airflow/.local/lib/python3.12/site-packages/airflow/example_dags/tutorial.py
[2026-06-29T22:23:56.512+0000] {logging_mixin.py:190} INFO - [2026-06-29T22:23:56.512+0000] {dag.py:3239} INFO - Sync 1 DAGs
[2026-06-29T22:23:56.536+0000] {logging_mixin.py:190} INFO - [2026-06-29T22:23:56.536+0000] {dag.py:4180} INFO - Setting next_dagrun for tutorial to 2026-06-28 00:00:00+00:00, run_after=2026-06-29 00:00:00+00:00
[2026-06-29T22:23:56.561+0000] {processor.py:208} INFO - Processing /home/airflow/.local/lib/python3.12/site-packages/airflow/example_dags/tutorial.py took 0.098 seconds
[2026-06-29T22:24:26.801+0000] {processor.py:186} INFO - Started process (PID=2075) to work on /home/airflow/.local/lib/python3.12/site-packages/airflow/example_dags/tutorial.py
[2026-06-29T22:24:26.803+0000] {processor.py:914} INFO - Processing file /home/airflow/.local/lib/python3.12/site-packages/airflow/example_dags/tutorial.py for tasks to queue
[2026-06-29T22:24:26.806+0000] {logging_mixin.py:190} INFO - [2026-06-29T22:24:26.806+0000] {dagbag.py:588} INFO - Filling up the DagBag from /home/airflow/.local/lib/python3.12/site-packages/airflow/example_dags/tutorial.py
[2026-06-29T22:24:26.816+0000] {processor.py:925} INFO - DAG(s) 'tutorial' retrieved from /home/airflow/.local/lib/python3.12/site-packages/airflow/example_dags/tutorial.py
[2026-06-29T22:24:26.839+0000] {logging_mixin.py:190} INFO - [2026-06-29T22:24:26.838+0000] {dag.py:3239} INFO - Sync 1 DAGs
[2026-06-29T22:24:26.861+0000] {logging_mixin.py:190} INFO - [2026-06-29T22:24:26.861+0000] {dag.py:4180} INFO - Setting next_dagrun for tutorial to 2026-06-28 00:00:00+00:00, run_after=2026-06-29 00:00:00+00:00
[2026-06-29T22:24:26.880+0000] {processor.py:208} INFO - Processing /home/airflow/.local/lib/python3.12/site-packages/airflow/example_dags/tutorial.py took 0.085 seconds
[2026-06-29T22:24:57.446+0000] {processor.py:186} INFO - Started process (PID=2139) to work on /home/airflow/.local/lib/python3.12/site-packages/airflow/example_dags/tutorial.py
[2026-06-29T22:24:57.448+0000] {processor.py:914} INFO - Processing file /home/airflow/.local/lib/python3.12/site-packages/airflow/example_dags/tutorial.py for tasks to queue
[2026-06-29T22:24:57.452+0000] {logging_mixin.py:190} INFO - [2026-06-29T22:24:57.451+0000] {dagbag.py:588} INFO - Filling up the DagBag from /home/airflow/.local/lib/python3.12/site-packages/airflow/example_dags/tutorial.py
[2026-06-29T22:24:57.464+0000] {processor.py:925} INFO - DAG(s) 'tutorial' retrieved from /home/airflow/.local/lib/python3.12/site-packages/airflow/example_dags/tutorial.py
[2026-06-29T22:24:57.488+0000] {logging_mixin.py:190} INFO - [2026-06-29T22:24:57.488+0000] {dag.py:3239} INFO - Sync 1 DAGs
[2026-06-29T22:24:57.511+0000] {logging_mixin.py:190} INFO - [2026-06-29T22:24:57.511+0000] {dag.py:4180} INFO - Setting next_dagrun for tutorial to 2026-06-28 00:00:00+00:00, run_after=2026-06-29 00:00:00+00:00
[2026-06-29T22:24:57.534+0000] {processor.py:208} INFO - Processing /home/airflow/.local/lib/python3.12/site-packages/airflow/example_dags/tutorial.py took 0.097 seconds
[2026-06-29T22:25:28.189+0000] {processor.py:186} INFO - Started process (PID=2203) to work on /home/airflow/.local/lib/python3.12/site-packages/airflow/example_dags/tutorial.py
[2026-06-29T22:25:28.190+0000] {processor.py:914} INFO - Processing file /home/airflow/.local/lib/python3.12/site-packages/airflow/example_dags/tutorial.py for tasks to queue
[2026-06-29T22:25:28.196+0000] {logging_mixin.py:190} INFO - [2026-06-29T22:25:28.194+0000] {dagbag.py:588} INFO - Filling up the DagBag from /home/airflow/.local/lib/python3.12/site-packages/airflow/example_dags/tutorial.py
[2026-06-29T22:25:28.213+0000] {processor.py:925} INFO - DAG(s) 'tutorial' retrieved from /home/airflow/.local/lib/python3.12/site-packages/airflow/example_dags/tutorial.py
[2026-06-29T22:25:28.236+0000] {logging_mixin.py:190} INFO - [2026-06-29T22:25:28.236+0000] {dag.py:3239} INFO - Sync 1 DAGs
[2026-06-29T22:25:28.260+0000] {logging_mixin.py:190} INFO - [2026-06-29T22:25:28.260+0000] {dag.py:4180} INFO - Setting next_dagrun for tutorial to 2026-06-28 00:00:00+00:00, run_after=2026-06-29 00:00:00+00:00
[2026-06-29T22:25:28.282+0000] {processor.py:208} INFO - Processing /home/airflow/.local/lib/python3.12/site-packages/airflow/example_dags/tutorial.py took 0.103 seconds
[2026-06-29T22:25:58.642+0000] {processor.py:186} INFO - Started process (PID=2267) to work on /home/airflow/.local/lib/python3.12/site-packages/airflow/example_dags/tutorial.py
[2026-06-29T22:25:58.644+0000] {processor.py:914} INFO - Processing file /home/airflow/.local/lib/python3.12/site-packages/airflow/example_dags/tutorial.py for tasks to queue
[2026-06-29T22:25:58.648+0000] {logging_mixin.py:190} INFO - [2026-06-29T22:25:58.647+0000] {dagbag.py:588} INFO - Filling up the DagBag from /home/airflow/.local/lib/python3.12/site-packages/airflow/example_dags/tutorial.py
[2026-06-29T22:25:58.667+0000] {processor.py:925} INFO - DAG(s) 'tutorial' retrieved from /home/airflow/.local/lib/python3.12/site-packages/airflow/example_dags/tutorial.py
[2026-06-29T22:25:58.705+0000] {logging_mixin.py:190} INFO - [2026-06-29T22:25:58.705+0000] {dag.py:3239} INFO - Sync 1 DAGs
[2026-06-29T22:25:58.751+0000] {logging_mixin.py:190} INFO - [2026-06-29T22:25:58.750+0000] {dag.py:4180} INFO - Setting next_dagrun for tutorial to 2026-06-28 00:00:00+00:00, run_after=2026-06-29 00:00:00+00:00
[2026-06-29T22:25:58.788+0000] {processor.py:208} INFO - Processing /home/airflow/.local/lib/python3.12/site-packages/airflow/example_dags/tutorial.py took 0.158 seconds
[2026-06-29T22:26:29.461+0000] {processor.py:186} INFO - Started process (PID=2331) to work on /home/airflow/.local/lib/python3.12/site-packages/airflow/example_dags/tutorial.py
[2026-06-29T22:26:29.463+0000] {processor.py:914} INFO - Processing file /home/airflow/.local/lib/python3.12/site-packages/airflow/example_dags/tutorial.py for tasks to queue
[2026-06-29T22:26:29.467+0000] {logging_mixin.py:190} INFO - [2026-06-29T22:26:29.467+0000] {dagbag.py:588} INFO - Filling up the DagBag from /home/airflow/.local/lib/python3.12/site-packages/airflow/example_dags/tutorial.py
[2026-06-29T22:26:29.480+0000] {processor.py:925} INFO - DAG(s) 'tutorial' retrieved from /home/airflow/.local/lib/python3.12/site-packages/airflow/example_dags/tutorial.py
[2026-06-29T22:26:29.505+0000] {logging_mixin.py:190} INFO - [2026-06-29T22:26:29.505+0000] {dag.py:3239} INFO - Sync 1 DAGs
[2026-06-29T22:26:29.533+0000] {logging_mixin.py:190} INFO - [2026-06-29T22:26:29.533+0000] {dag.py:4180} INFO - Setting next_dagrun for tutorial to 2026-06-28 00:00:00+00:00, run_after=2026-06-29 00:00:00+00:00
[2026-06-29T22:26:29.560+0000] {processor.py:208} INFO - Processing /home/airflow/.local/lib/python3.12/site-packages/airflow/example_dags/tutorial.py took 0.108 seconds
[2026-06-29T22:26:59.727+0000] {processor.py:186} INFO - Started process (PID=2395) to work on /home/airflow/.local/lib/python3.12/site-packages/airflow/example_dags/tutorial.py
[2026-06-29T22:26:59.729+0000] {processor.py:914} INFO - Processing file /home/airflow/.local/lib/python3.12/site-packages/airflow/example_dags/tutorial.py for tasks to queue
[2026-06-29T22:26:59.733+0000] {logging_mixin.py:190} INFO - [2026-06-29T22:26:59.732+0000] {dagbag.py:588} INFO - Filling up the DagBag from /home/airflow/.local/lib/python3.12/site-packages/airflow/example_dags/tutorial.py
[2026-06-29T22:26:59.745+0000] {processor.py:925} INFO - DAG(s) 'tutorial' retrieved from /home/airflow/.local/lib/python3.12/site-packages/airflow/example_dags/tutorial.py
[2026-06-29T22:26:59.770+0000] {logging_mixin.py:190} INFO - [2026-06-29T22:26:59.770+0000] {dag.py:3239} INFO - Sync 1 DAGs
[2026-06-29T22:26:59.801+0000] {logging_mixin.py:190} INFO - [2026-06-29T22:26:59.800+0000] {dag.py:4180} INFO - Setting next_dagrun for tutorial to 2026-06-28 00:00:00+00:00, run_after=2026-06-29 00:00:00+00:00
[2026-06-29T22:26:59.825+0000] {processor.py:208} INFO - Processing /home/airflow/.local/lib/python3.12/site-packages/airflow/example_dags/tutorial.py took 0.106 seconds
[2026-06-29T22:27:30.165+0000] {processor.py:186} INFO - Started process (PID=2459) to work on /home/airflow/.local/lib/python3.12/site-packages/airflow/example_dags/tutorial.py
[2026-06-29T22:27:30.166+0000] {processor.py:914} INFO - Processing file /home/airflow/.local/lib/python3.12/site-packages/airflow/example_dags/tutorial.py for tasks to queue
[2026-06-29T22:27:30.169+0000] {logging_mixin.py:190} INFO - [2026-06-29T22:27:30.169+0000] {dagbag.py:588} INFO - Filling up the DagBag from /home/airflow/.local/lib/python3.12/site-packages/airflow/example_dags/tutorial.py
[2026-06-29T22:27:30.181+0000] {processor.py:925} INFO - DAG(s) 'tutorial' retrieved from /home/airflow/.local/lib/python3.12/site-packages/airflow/example_dags/tutorial.py
[2026-06-29T22:27:30.204+0000] {logging_mixin.py:190} INFO - [2026-06-29T22:27:30.204+0000] {dag.py:3239} INFO - Sync 1 DAGs
[2026-06-29T22:27:30.231+0000] {logging_mixin.py:190} INFO - [2026-06-29T22:27:30.231+0000] {dag.py:4180} INFO - Setting next_dagrun for tutorial to 2026-06-28 00:00:00+00:00, run_after=2026-06-29 00:00:00+00:00
[2026-06-29T22:27:30.251+0000] {processor.py:208} INFO - Processing /home/airflow/.local/lib/python3.12/site-packages/airflow/example_dags/tutorial.py took 0.094 seconds
[2026-06-29T22:28:01.283+0000] {processor.py:186} INFO - Started process (PID=2522) to work on /home/airflow/.local/lib/python3.12/site-packages/airflow/example_dags/tutorial.py
[2026-06-29T22:28:01.285+0000] {processor.py:914} INFO - Processing file /home/airflow/.local/lib/python3.12/site-packages/airflow/example_dags/tutorial.py for tasks to queue
[2026-06-29T22:28:01.290+0000] {logging_mixin.py:190} INFO - [2026-06-29T22:28:01.290+0000] {dagbag.py:588} INFO - Filling up the DagBag from /home/airflow/.local/lib/python3.12/site-packages/airflow/example_dags/tutorial.py
[2026-06-29T22:28:01.307+0000] {processor.py:925} INFO - DAG(s) 'tutorial' retrieved from /home/airflow/.local/lib/python3.12/site-packages/airflow/example_dags/tutorial.py
[2026-06-29T22:28:01.340+0000] {logging_mixin.py:190} INFO - [2026-06-29T22:28:01.339+0000] {dag.py:3239} INFO - Sync 1 DAGs
[2026-06-29T22:28:01.367+0000] {logging_mixin.py:190} INFO - [2026-06-29T22:28:01.367+0000] {dag.py:4180} INFO - Setting next_dagrun for tutorial to 2026-06-28 00:00:00+00:00, run_after=2026-06-29 00:00:00+00:00
[2026-06-29T22:28:01.391+0000] {processor.py:208} INFO - Processing /home/airflow/.local/lib/python3.12/site-packages/airflow/example_dags/tutorial.py took 0.117 seconds
[2026-06-29T22:28:32.689+0000] {processor.py:186} INFO - Started process (PID=2585) to work on /home/airflow/.local/lib/python3.12/site-packages/airflow/example_dags/tutorial.py
[2026-06-29T22:28:32.692+0000] {processor.py:914} INFO - Processing file /home/airflow/.local/lib/python3.12/site-packages/airflow/example_dags/tutorial.py for tasks to queue
[2026-06-29T22:28:32.699+0000] {logging_mixin.py:190} INFO - [2026-06-29T22:28:32.698+0000] {dagbag.py:588} INFO - Filling up the DagBag from /home/airflow/.local/lib/python3.12/site-packages/airflow/example_dags/tutorial.py
[2026-06-29T22:28:32.717+0000] {processor.py:925} INFO - DAG(s) 'tutorial' retrieved from /home/airflow/.local/lib/python3.12/site-packages/airflow/example_dags/tutorial.py
[2026-06-29T22:28:32.761+0000] {logging_mixin.py:190} INFO - [2026-06-29T22:28:32.761+0000] {dag.py:3239} INFO - Sync 1 DAGs
[2026-06-29T22:28:32.815+0000] {logging_mixin.py:190} INFO - [2026-06-29T22:28:32.815+0000] {dag.py:4180} INFO - Setting next_dagrun for tutorial to 2026-06-28 00:00:00+00:00, run_after=2026-06-29 00:00:00+00:00
[2026-06-29T22:28:32.856+0000] {processor.py:208} INFO - Processing /home/airflow/.local/lib/python3.12/site-packages/airflow/example_dags/tutorial.py took 0.184 seconds
[2026-06-29T22:29:04.170+0000] {processor.py:186} INFO - Started process (PID=2649) to work on /home/airflow/.local/lib/python3.12/site-packages/airflow/example_dags/tutorial.py
[2026-06-29T22:29:04.172+0000] {processor.py:914} INFO - Processing file /home/airflow/.local/lib/python3.12/site-packages/airflow/example_dags/tutorial.py for tasks to queue
[2026-06-29T22:29:04.175+0000] {logging_mixin.py:190} INFO - [2026-06-29T22:29:04.175+0000] {dagbag.py:588} INFO - Filling up the DagBag from /home/airflow/.local/lib/python3.12/site-packages/airflow/example_dags/tutorial.py
[2026-06-29T22:29:04.186+0000] {processor.py:925} INFO - DAG(s) 'tutorial' retrieved from /home/airflow/.local/lib/python3.12/site-packages/airflow/example_dags/tutorial.py
[2026-06-29T22:29:04.221+0000] {logging_mixin.py:190} INFO - [2026-06-29T22:29:04.220+0000] {dag.py:3239} INFO - Sync 1 DAGs
[2026-06-29T22:29:04.250+0000] {logging_mixin.py:190} INFO - [2026-06-29T22:29:04.250+0000] {dag.py:4180} INFO - Setting next_dagrun for tutorial to 2026-06-28 00:00:00+00:00, run_after=2026-06-29 00:00:00+00:00
[2026-06-29T22:29:04.276+0000] {processor.py:208} INFO - Processing /home/airflow/.local/lib/python3.12/site-packages/airflow/example_dags/tutorial.py took 0.114 seconds
[2026-06-29T22:29:34.403+0000] {processor.py:186} INFO - Started process (PID=2710) to work on /home/airflow/.local/lib/python3.12/site-packages/airflow/example_dags/tutorial.py
[2026-06-29T22:29:34.406+0000] {processor.py:914} INFO - Processing file /home/airflow/.local/lib/python3.12/site-packages/airflow/example_dags/tutorial.py for tasks to queue
[2026-06-29T22:29:34.411+0000] {logging_mixin.py:190} INFO - [2026-06-29T22:29:34.411+0000] {dagbag.py:588} INFO - Filling up the DagBag from /home/airflow/.local/lib/python3.12/site-packages/airflow/example_dags/tutorial.py
[2026-06-29T22:29:34.431+0000] {processor.py:925} INFO - DAG(s) 'tutorial' retrieved from /home/airflow/.local/lib/python3.12/site-packages/airflow/example_dags/tutorial.py
[2026-06-29T22:29:34.491+0000] {logging_mixin.py:190} INFO - [2026-06-29T22:29:34.491+0000] {dag.py:3239} INFO - Sync 1 DAGs
[2026-06-29T22:29:34.550+0000] {logging_mixin.py:190} INFO - [2026-06-29T22:29:34.550+0000] {dag.py:4180} INFO - Setting next_dagrun for tutorial to 2026-06-28 00:00:00+00:00, run_after=2026-06-29 00:00:00+00:00
[2026-06-29T22:29:34.604+0000] {processor.py:208} INFO - Processing /home/airflow/.local/lib/python3.12/site-packages/airflow/example_dags/tutorial.py took 0.214 seconds
[2026-06-29T22:30:05.202+0000] {processor.py:186} INFO - Started process (PID=2774) to work on /home/airflow/.local/lib/python3.12/site-packages/airflow/example_dags/tutorial.py
[2026-06-29T22:30:05.205+0000] {processor.py:914} INFO - Processing file /home/airflow/.local/lib/python3.12/site-packages/airflow/example_dags/tutorial.py for tasks to queue
[2026-06-29T22:30:05.210+0000] {logging_mixin.py:190} INFO - [2026-06-29T22:30:05.209+0000] {dagbag.py:588} INFO - Filling up the DagBag from /home/airflow/.local/lib/python3.12/site-packages/airflow/example_dags/tutorial.py
[2026-06-29T22:30:05.224+0000] {processor.py:925} INFO - DAG(s) 'tutorial' retrieved from /home/airflow/.local/lib/python3.12/site-packages/airflow/example_dags/tutorial.py
[2026-06-29T22:30:05.270+0000] {logging_mixin.py:190} INFO - [2026-06-29T22:30:05.269+0000] {dag.py:3239} INFO - Sync 1 DAGs
[2026-06-29T22:30:05.312+0000] {logging_mixin.py:190} INFO - [2026-06-29T22:30:05.311+0000] {dag.py:4180} INFO - Setting next_dagrun for tutorial to 2026-06-28 00:00:00+00:00, run_after=2026-06-29 00:00:00+00:00
[2026-06-29T22:30:05.343+0000] {processor.py:208} INFO - Processing /home/airflow/.local/lib/python3.12/site-packages/airflow/example_dags/tutorial.py took 0.156 seconds
[2026-06-29T22:30:36.680+0000] {processor.py:186} INFO - Started process (PID=2838) to work on /home/airflow/.local/lib/python3.12/site-packages/airflow/example_dags/tutorial.py
[2026-06-29T22:30:36.684+0000] {processor.py:914} INFO - Processing file /home/airflow/.local/lib/python3.12/site-packages/airflow/example_dags/tutorial.py for tasks to queue
[2026-06-29T22:30:36.696+0000] {logging_mixin.py:190} INFO - [2026-06-29T22:30:36.694+0000] {dagbag.py:588} INFO - Filling up the DagBag from /home/airflow/.local/lib/python3.12/site-packages/airflow/example_dags/tutorial.py
[2026-06-29T22:30:36.767+0000] {processor.py:925} INFO - DAG(s) 'tutorial' retrieved from /home/airflow/.local/lib/python3.12/site-packages/airflow/example_dags/tutorial.py
[2026-06-29T22:30:37.090+0000] {logging_mixin.py:190} INFO - [2026-06-29T22:30:37.089+0000] {dag.py:3239} INFO - Sync 1 DAGs
[2026-06-29T22:30:37.195+0000] {logging_mixin.py:190} INFO - [2026-06-29T22:30:37.193+0000] {dag.py:4180} INFO - Setting next_dagrun for tutorial to 2026-06-28 00:00:00+00:00, run_after=2026-06-29 00:00:00+00:00
[2026-06-29T22:30:37.321+0000] {processor.py:208} INFO - Processing /home/airflow/.local/lib/python3.12/site-packages/airflow/example_dags/tutorial.py took 0.671 seconds
[2026-06-29T22:31:07.703+0000] {processor.py:186} INFO - Started process (PID=2902) to work on /home/airflow/.local/lib/python3.12/site-packages/airflow/example_dags/tutorial.py
[2026-06-29T22:31:07.705+0000] {processor.py:914} INFO - Processing file /home/airflow/.local/lib/python3.12/site-packages/airflow/example_dags/tutorial.py for tasks to queue
[2026-06-29T22:31:07.709+0000] {logging_mixin.py:190} INFO - [2026-06-29T22:31:07.708+0000] {dagbag.py:588} INFO - Filling up the DagBag from /home/airflow/.local/lib/python3.12/site-packages/airflow/example_dags/tutorial.py
[2026-06-29T22:31:07.721+0000] {processor.py:925} INFO - DAG(s) 'tutorial' retrieved from /home/airflow/.local/lib/python3.12/site-packages/airflow/example_dags/tutorial.py
[2026-06-29T22:31:07.761+0000] {logging_mixin.py:190} INFO - [2026-06-29T22:31:07.761+0000] {dag.py:3239} INFO - Sync 1 DAGs
[2026-06-29T22:31:07.788+0000] {logging_mixin.py:190} INFO - [2026-06-29T22:31:07.787+0000] {dag.py:4180} INFO - Setting next_dagrun for tutorial to 2026-06-28 00:00:00+00:00, run_after=2026-06-29 00:00:00+00:00
[2026-06-29T22:31:07.810+0000] {processor.py:208} INFO - Processing /home/airflow/.local/lib/python3.12/site-packages/airflow/example_dags/tutorial.py took 0.117 seconds
[2026-06-29T22:31:38.555+0000] {processor.py:186} INFO - Started process (PID=2973) to work on /home/airflow/.local/lib/python3.12/site-packages/airflow/example_dags/tutorial.py
[2026-06-29T22:31:38.557+0000] {processor.py:914} INFO - Processing file /home/airflow/.local/lib/python3.12/site-packages/airflow/example_dags/tutorial.py for tasks to queue
[2026-06-29T22:31:38.560+0000] {logging_mixin.py:190} INFO - [2026-06-29T22:31:38.559+0000] {dagbag.py:588} INFO - Filling up the DagBag from /home/airflow/.local/lib/python3.12/site-packages/airflow/example_dags/tutorial.py
[2026-06-29T22:31:38.570+0000] {processor.py:925} INFO - DAG(s) 'tutorial' retrieved from /home/airflow/.local/lib/python3.12/site-packages/airflow/example_dags/tutorial.py
[2026-06-29T22:31:38.594+0000] {logging_mixin.py:190} INFO - [2026-06-29T22:31:38.593+0000] {dag.py:3239} INFO - Sync 1 DAGs
[2026-06-29T22:31:38.622+0000] {logging_mixin.py:190} INFO - [2026-06-29T22:31:38.622+0000] {dag.py:4180} INFO - Setting next_dagrun for tutorial to 2026-06-28 00:00:00+00:00, run_after=2026-06-29 00:00:00+00:00
[2026-06-29T22:31:38.643+0000] {processor.py:208} INFO - Processing /home/airflow/.local/lib/python3.12/site-packages/airflow/example_dags/tutorial.py took 0.095 seconds
[2026-06-29T22:32:08.963+0000] {processor.py:186} INFO - Started process (PID=3090) to work on /home/airflow/.local/lib/python3.12/site-packages/airflow/example_dags/tutorial.py
[2026-06-29T22:32:08.967+0000] {processor.py:914} INFO - Processing file /home/airflow/.local/lib/python3.12/site-packages/airflow/example_dags/tutorial.py for tasks to queue
[2026-06-29T22:32:08.984+0000] {logging_mixin.py:190} INFO - [2026-06-29T22:32:08.982+0000] {dagbag.py:588} INFO - Filling up the DagBag from /home/airflow/.local/lib/python3.12/site-packages/airflow/example_dags/tutorial.py
[2026-06-29T22:32:09.020+0000] {processor.py:925} INFO - DAG(s) 'tutorial' retrieved from /home/airflow/.local/lib/python3.12/site-packages/airflow/example_dags/tutorial.py
[2026-06-29T22:32:09.114+0000] {logging_mixin.py:190} INFO - [2026-06-29T22:32:09.113+0000] {dag.py:3239} INFO - Sync 1 DAGs
[2026-06-29T22:32:09.213+0000] {logging_mixin.py:190} INFO - [2026-06-29T22:32:09.213+0000] {dag.py:4180} INFO - Setting next_dagrun for tutorial to 2026-06-28 00:00:00+00:00, run_after=2026-06-29 00:00:00+00:00
[2026-06-29T22:32:09.280+0000] {processor.py:208} INFO - Processing /home/airflow/.local/lib/python3.12/site-packages/airflow/example_dags/tutorial.py took 0.340 seconds
[2026-06-29T22:32:40.168+0000] {processor.py:186} INFO - Started process (PID=3196) to work on /home/airflow/.local/lib/python3.12/site-packages/airflow/example_dags/tutorial.py
[2026-06-29T22:32:40.171+0000] {processor.py:914} INFO - Processing file /home/airflow/.local/lib/python3.12/site-packages/airflow/example_dags/tutorial.py for tasks to queue
[2026-06-29T22:32:40.183+0000] {logging_mixin.py:190} INFO - [2026-06-29T22:32:40.182+0000] {dagbag.py:588} INFO - Filling up the DagBag from /home/airflow/.local/lib/python3.12/site-packages/airflow/example_dags/tutorial.py
[2026-06-29T22:32:40.207+0000] {processor.py:925} INFO - DAG(s) 'tutorial' retrieved from /home/airflow/.local/lib/python3.12/site-packages/airflow/example_dags/tutorial.py
[2026-06-29T22:32:40.272+0000] {logging_mixin.py:190} INFO - [2026-06-29T22:32:40.271+0000] {dag.py:3239} INFO - Sync 1 DAGs
[2026-06-29T22:32:40.367+0000] {logging_mixin.py:190} INFO - [2026-06-29T22:32:40.366+0000] {dag.py:4180} INFO - Setting next_dagrun for tutorial to 2026-06-28 00:00:00+00:00, run_after=2026-06-29 00:00:00+00:00
[2026-06-29T22:32:40.456+0000] {processor.py:208} INFO - Processing /home/airflow/.local/lib/python3.12/site-packages/airflow/example_dags/tutorial.py took 0.305 seconds
[2026-06-29T22:33:11.028+0000] {processor.py:186} INFO - Started process (PID=3270) to work on /home/airflow/.local/lib/python3.12/site-packages/airflow/example_dags/tutorial.py
[2026-06-29T22:33:11.029+0000] {processor.py:914} INFO - Processing file /home/airflow/.local/lib/python3.12/site-packages/airflow/example_dags/tutorial.py for tasks to queue
[2026-06-29T22:33:11.033+0000] {logging_mixin.py:190} INFO - [2026-06-29T22:33:11.032+0000] {dagbag.py:588} INFO - Filling up the DagBag from /home/airflow/.local/lib/python3.12/site-packages/airflow/example_dags/tutorial.py
[2026-06-29T22:33:11.046+0000] {processor.py:925} INFO - DAG(s) 'tutorial' retrieved from /home/airflow/.local/lib/python3.12/site-packages/airflow/example_dags/tutorial.py
[2026-06-29T22:33:11.082+0000] {logging_mixin.py:190} INFO - [2026-06-29T22:33:11.082+0000] {dag.py:3239} INFO - Sync 1 DAGs
[2026-06-29T22:33:11.109+0000] {logging_mixin.py:190} INFO - [2026-06-29T22:33:11.108+0000] {dag.py:4180} INFO - Setting next_dagrun for tutorial to 2026-06-28 00:00:00+00:00, run_after=2026-06-29 00:00:00+00:00
[2026-06-29T22:33:11.134+0000] {processor.py:208} INFO - Processing /home/airflow/.local/lib/python3.12/site-packages/airflow/example_dags/tutorial.py took 0.121 seconds
[2026-06-29T22:33:41.295+0000] {processor.py:186} INFO - Started process (PID=3334) to work on /home/airflow/.local/lib/python3.12/site-packages/airflow/example_dags/tutorial.py
[2026-06-29T22:33:41.299+0000] {processor.py:914} INFO - Processing file /home/airflow/.local/lib/python3.12/site-packages/airflow/example_dags/tutorial.py for tasks to queue
[2026-06-29T22:33:41.307+0000] {logging_mixin.py:190} INFO - [2026-06-29T22:33:41.306+0000] {dagbag.py:588} INFO - Filling up the DagBag from /home/airflow/.local/lib/python3.12/site-packages/airflow/example_dags/tutorial.py
[2026-06-29T22:33:41.326+0000] {processor.py:925} INFO - DAG(s) 'tutorial' retrieved from /home/airflow/.local/lib/python3.12/site-packages/airflow/example_dags/tutorial.py
[2026-06-29T22:33:41.402+0000] {logging_mixin.py:190} INFO - [2026-06-29T22:33:41.401+0000] {dag.py:3239} INFO - Sync 1 DAGs
[2026-06-29T22:33:41.470+0000] {logging_mixin.py:190} INFO - [2026-06-29T22:33:41.470+0000] {dag.py:4180} INFO - Setting next_dagrun for tutorial to 2026-06-28 00:00:00+00:00, run_after=2026-06-29 00:00:00+00:00
[2026-06-29T22:33:41.524+0000] {processor.py:208} INFO - Processing /home/airflow/.local/lib/python3.12/site-packages/airflow/example_dags/tutorial.py took 0.257 seconds
[2026-06-29T22:34:12.551+0000] {processor.py:186} INFO - Started process (PID=3398) to work on /home/airflow/.local/lib/python3.12/site-packages/airflow/example_dags/tutorial.py
[2026-06-29T22:34:12.553+0000] {processor.py:914} INFO - Processing file /home/airflow/.local/lib/python3.12/site-packages/airflow/example_dags/tutorial.py for tasks to queue
[2026-06-29T22:34:12.557+0000] {logging_mixin.py:190} INFO - [2026-06-29T22:34:12.556+0000] {dagbag.py:588} INFO - Filling up the DagBag from /home/airflow/.local/lib/python3.12/site-packages/airflow/example_dags/tutorial.py
[2026-06-29T22:34:12.565+0000] {processor.py:925} INFO - DAG(s) 'tutorial' retrieved from /home/airflow/.local/lib/python3.12/site-packages/airflow/example_dags/tutorial.py
[2026-06-29T22:34:12.587+0000] {logging_mixin.py:190} INFO - [2026-06-29T22:34:12.587+0000] {dag.py:3239} INFO - Sync 1 DAGs
[2026-06-29T22:34:12.612+0000] {logging_mixin.py:190} INFO - [2026-06-29T22:34:12.611+0000] {dag.py:4180} INFO - Setting next_dagrun for tutorial to 2026-06-28 00:00:00+00:00, run_after=2026-06-29 00:00:00+00:00
[2026-06-29T22:34:12.633+0000] {processor.py:208} INFO - Processing /home/airflow/.local/lib/python3.12/site-packages/airflow/example_dags/tutorial.py took 0.090 seconds
[2026-06-29T22:34:43.408+0000] {processor.py:186} INFO - Started process (PID=3462) to work on /home/airflow/.local/lib/python3.12/site-packages/airflow/example_dags/tutorial.py
[2026-06-29T22:34:43.411+0000] {processor.py:914} INFO - Processing file /home/airflow/.local/lib/python3.12/site-packages/airflow/example_dags/tutorial.py for tasks to queue
[2026-06-29T22:34:43.425+0000] {logging_mixin.py:190} INFO - [2026-06-29T22:34:43.423+0000] {dagbag.py:588} INFO - Filling up the DagBag from /home/airflow/.local/lib/python3.12/site-packages/airflow/example_dags/tutorial.py
[2026-06-29T22:34:43.442+0000] {processor.py:925} INFO - DAG(s) 'tutorial' retrieved from /home/airflow/.local/lib/python3.12/site-packages/airflow/example_dags/tutorial.py
[2026-06-29T22:34:43.491+0000] {logging_mixin.py:190} INFO - [2026-06-29T22:34:43.490+0000] {dag.py:3239} INFO - Sync 1 DAGs
[2026-06-29T22:34:43.547+0000] {logging_mixin.py:190} INFO - [2026-06-29T22:34:43.547+0000] {dag.py:4180} INFO - Setting next_dagrun for tutorial to 2026-06-28 00:00:00+00:00, run_after=2026-06-29 00:00:00+00:00
[2026-06-29T22:34:43.594+0000] {processor.py:208} INFO - Processing /home/airflow/.local/lib/python3.12/site-packages/airflow/example_dags/tutorial.py took 0.204 seconds
[2026-06-29T22:35:14.204+0000] {processor.py:186} INFO - Started process (PID=3525) to work on /home/airflow/.local/lib/python3.12/site-packages/airflow/example_dags/tutorial.py
[2026-06-29T22:35:14.206+0000] {processor.py:914} INFO - Processing file /home/airflow/.local/lib/python3.12/site-packages/airflow/example_dags/tutorial.py for tasks to queue
[2026-06-29T22:35:14.209+0000] {logging_mixin.py:190} INFO - [2026-06-29T22:35:14.208+0000] {dagbag.py:588} INFO - Filling up the DagBag from /home/airflow/.local/lib/python3.12/site-packages/airflow/example_dags/tutorial.py
[2026-06-29T22:35:14.222+0000] {processor.py:925} INFO - DAG(s) 'tutorial' retrieved from /home/airflow/.local/lib/python3.12/site-packages/airflow/example_dags/tutorial.py
[2026-06-29T22:35:14.247+0000] {logging_mixin.py:190} INFO - [2026-06-29T22:35:14.247+0000] {dag.py:3239} INFO - Sync 1 DAGs
[2026-06-29T22:35:14.271+0000] {logging_mixin.py:190} INFO - [2026-06-29T22:35:14.270+0000] {dag.py:4180} INFO - Setting next_dagrun for tutorial to 2026-06-28 00:00:00+00:00, run_after=2026-06-29 00:00:00+00:00
[2026-06-29T22:35:14.291+0000] {processor.py:208} INFO - Processing /home/airflow/.local/lib/python3.12/site-packages/airflow/example_dags/tutorial.py took 0.098 seconds
[2026-06-29T22:35:45.102+0000] {processor.py:186} INFO - Started process (PID=3594) to work on /home/airflow/.local/lib/python3.12/site-packages/airflow/example_dags/tutorial.py
[2026-06-29T22:35:45.103+0000] {processor.py:914} INFO - Processing file /home/airflow/.local/lib/python3.12/site-packages/airflow/example_dags/tutorial.py for tasks to queue
[2026-06-29T22:35:45.108+0000] {logging_mixin.py:190} INFO - [2026-06-29T22:35:45.107+0000] {dagbag.py:588} INFO - Filling up the DagBag from /home/airflow/.local/lib/python3.12/site-packages/airflow/example_dags/tutorial.py
[2026-06-29T22:35:45.118+0000] {processor.py:925} INFO - DAG(s) 'tutorial' retrieved from /home/airflow/.local/lib/python3.12/site-packages/airflow/example_dags/tutorial.py
[2026-06-29T22:35:45.145+0000] {logging_mixin.py:190} INFO - [2026-06-29T22:35:45.144+0000] {dag.py:3239} INFO - Sync 1 DAGs
[2026-06-29T22:35:45.173+0000] {logging_mixin.py:190} INFO - [2026-06-29T22:35:45.172+0000] {dag.py:4180} INFO - Setting next_dagrun for tutorial to 2026-06-28 00:00:00+00:00, run_after=2026-06-29 00:00:00+00:00
[2026-06-29T22:35:45.198+0000] {processor.py:208} INFO - Processing /home/airflow/.local/lib/python3.12/site-packages/airflow/example_dags/tutorial.py took 0.106 seconds
[2026-06-29T22:36:15.676+0000] {processor.py:186} INFO - Started process (PID=3658) to work on /home/airflow/.local/lib/python3.12/site-packages/airflow/example_dags/tutorial.py
[2026-06-29T22:36:15.678+0000] {processor.py:914} INFO - Processing file /home/airflow/.local/lib/python3.12/site-packages/airflow/example_dags/tutorial.py for tasks to queue
[2026-06-29T22:36:15.682+0000] {logging_mixin.py:190} INFO - [2026-06-29T22:36:15.682+0000] {dagbag.py:588} INFO - Filling up the DagBag from /home/airflow/.local/lib/python3.12/site-packages/airflow/example_dags/tutorial.py
[2026-06-29T22:36:15.691+0000] {processor.py:925} INFO - DAG(s) 'tutorial' retrieved from /home/airflow/.local/lib/python3.12/site-packages/airflow/example_dags/tutorial.py
[2026-06-29T22:36:15.715+0000] {logging_mixin.py:190} INFO - [2026-06-29T22:36:15.714+0000] {dag.py:3239} INFO - Sync 1 DAGs
[2026-06-29T22:36:15.737+0000] {logging_mixin.py:190} INFO - [2026-06-29T22:36:15.737+0000] {dag.py:4180} INFO - Setting next_dagrun for tutorial to 2026-06-28 00:00:00+00:00, run_after=2026-06-29 00:00:00+00:00
[2026-06-29T22:36:15.757+0000] {processor.py:208} INFO - Processing /home/airflow/.local/lib/python3.12/site-packages/airflow/example_dags/tutorial.py took 0.089 seconds
[2026-06-29T22:36:45.999+0000] {processor.py:186} INFO - Started process (PID=3722) to work on /home/airflow/.local/lib/python3.12/site-packages/airflow/example_dags/tutorial.py
[2026-06-29T22:36:46.001+0000] {processor.py:914} INFO - Processing file /home/airflow/.local/lib/python3.12/site-packages/airflow/example_dags/tutorial.py for tasks to queue
[2026-06-29T22:36:46.009+0000] {logging_mixin.py:190} INFO - [2026-06-29T22:36:46.009+0000] {dagbag.py:588} INFO - Filling up the DagBag from /home/airflow/.local/lib/python3.12/site-packages/airflow/example_dags/tutorial.py
[2026-06-29T22:36:46.024+0000] {processor.py:925} INFO - DAG(s) 'tutorial' retrieved from /home/airflow/.local/lib/python3.12/site-packages/airflow/example_dags/tutorial.py
[2026-06-29T22:36:46.064+0000] {logging_mixin.py:190} INFO - [2026-06-29T22:36:46.064+0000] {dag.py:3239} INFO - Sync 1 DAGs
[2026-06-29T22:36:46.109+0000] {logging_mixin.py:190} INFO - [2026-06-29T22:36:46.109+0000] {dag.py:4180} INFO - Setting next_dagrun for tutorial to 2026-06-28 00:00:00+00:00, run_after=2026-06-29 00:00:00+00:00
[2026-06-29T22:36:46.418+0000] {processor.py:208} INFO - Processing /home/airflow/.local/lib/python3.12/site-packages/airflow/example_dags/tutorial.py took 0.434 seconds
[2026-06-29T22:37:16.804+0000] {processor.py:186} INFO - Started process (PID=3784) to work on /home/airflow/.local/lib/python3.12/site-packages/airflow/example_dags/tutorial.py
[2026-06-29T22:37:16.806+0000] {processor.py:914} INFO - Processing file /home/airflow/.local/lib/python3.12/site-packages/airflow/example_dags/tutorial.py for tasks to queue
[2026-06-29T22:37:16.809+0000] {logging_mixin.py:190} INFO - [2026-06-29T22:37:16.808+0000] {dagbag.py:588} INFO - Filling up the DagBag from /home/airflow/.local/lib/python3.12/site-packages/airflow/example_dags/tutorial.py
[2026-06-29T22:37:16.821+0000] {processor.py:925} INFO - DAG(s) 'tutorial' retrieved from /home/airflow/.local/lib/python3.12/site-packages/airflow/example_dags/tutorial.py
[2026-06-29T22:37:16.851+0000] {logging_mixin.py:190} INFO - [2026-06-29T22:37:16.850+0000] {dag.py:3239} INFO - Sync 1 DAGs
[2026-06-29T22:37:16.886+0000] {logging_mixin.py:190} INFO - [2026-06-29T22:37:16.886+0000] {dag.py:4180} INFO - Setting next_dagrun for tutorial to 2026-06-28 00:00:00+00:00, run_after=2026-06-29 00:00:00+00:00
[2026-06-29T22:37:17.175+0000] {processor.py:208} INFO - Processing /home/airflow/.local/lib/python3.12/site-packages/airflow/example_dags/tutorial.py took 0.380 seconds
[2026-06-29T22:37:47.982+0000] {processor.py:186} INFO - Started process (PID=3848) to work on /home/airflow/.local/lib/python3.12/site-packages/airflow/example_dags/tutorial.py
[2026-06-29T22:37:47.984+0000] {processor.py:914} INFO - Processing file /home/airflow/.local/lib/python3.12/site-packages/airflow/example_dags/tutorial.py for tasks to queue
[2026-06-29T22:37:47.989+0000] {logging_mixin.py:190} INFO - [2026-06-29T22:37:47.988+0000] {dagbag.py:588} INFO - Filling up the DagBag from /home/airflow/.local/lib/python3.12/site-packages/airflow/example_dags/tutorial.py
[2026-06-29T22:37:47.999+0000] {processor.py:925} INFO - DAG(s) 'tutorial' retrieved from /home/airflow/.local/lib/python3.12/site-packages/airflow/example_dags/tutorial.py
[2026-06-29T22:37:48.026+0000] {logging_mixin.py:190} INFO - [2026-06-29T22:37:48.026+0000] {dag.py:3239} INFO - Sync 1 DAGs
[2026-06-29T22:37:48.059+0000] {logging_mixin.py:190} INFO - [2026-06-29T22:37:48.058+0000] {dag.py:4180} INFO - Setting next_dagrun for tutorial to 2026-06-28 00:00:00+00:00, run_after=2026-06-29 00:00:00+00:00
[2026-06-29T22:37:48.087+0000] {processor.py:208} INFO - Processing /home/airflow/.local/lib/python3.12/site-packages/airflow/example_dags/tutorial.py took 0.114 seconds
[2026-06-29T22:38:18.755+0000] {processor.py:186} INFO - Started process (PID=3912) to work on /home/airflow/.local/lib/python3.12/site-packages/airflow/example_dags/tutorial.py
[2026-06-29T22:38:18.756+0000] {processor.py:914} INFO - Processing file /home/airflow/.local/lib/python3.12/site-packages/airflow/example_dags/tutorial.py for tasks to queue
[2026-06-29T22:38:18.760+0000] {logging_mixin.py:190} INFO - [2026-06-29T22:38:18.759+0000] {dagbag.py:588} INFO - Filling up the DagBag from /home/airflow/.local/lib/python3.12/site-packages/airflow/example_dags/tutorial.py
[2026-06-29T22:38:18.769+0000] {processor.py:925} INFO - DAG(s) 'tutorial' retrieved from /home/airflow/.local/lib/python3.12/site-packages/airflow/example_dags/tutorial.py
[2026-06-29T22:38:18.792+0000] {logging_mixin.py:190} INFO - [2026-06-29T22:38:18.791+0000] {dag.py:3239} INFO - Sync 1 DAGs
[2026-06-29T22:38:18.816+0000] {logging_mixin.py:190} INFO - [2026-06-29T22:38:18.816+0000] {dag.py:4180} INFO - Setting next_dagrun for tutorial to 2026-06-28 00:00:00+00:00, run_after=2026-06-29 00:00:00+00:00
[2026-06-29T22:38:18.835+0000] {processor.py:208} INFO - Processing /home/airflow/.local/lib/python3.12/site-packages/airflow/example_dags/tutorial.py took 0.090 seconds
[2026-06-29T22:38:49.659+0000] {processor.py:186} INFO - Started process (PID=3976) to work on /home/airflow/.local/lib/python3.12/site-packages/airflow/example_dags/tutorial.py
[2026-06-29T22:38:49.661+0000] {processor.py:914} INFO - Processing file /home/airflow/.local/lib/python3.12/site-packages/airflow/example_dags/tutorial.py for tasks to queue
[2026-06-29T22:38:49.665+0000] {logging_mixin.py:190} INFO - [2026-06-29T22:38:49.664+0000] {dagbag.py:588} INFO - Filling up the DagBag from /home/airflow/.local/lib/python3.12/site-packages/airflow/example_dags/tutorial.py
[2026-06-29T22:38:49.675+0000] {processor.py:925} INFO - DAG(s) 'tutorial' retrieved from /home/airflow/.local/lib/python3.12/site-packages/airflow/example_dags/tutorial.py
[2026-06-29T22:38:49.702+0000] {logging_mixin.py:190} INFO - [2026-06-29T22:38:49.702+0000] {dag.py:3239} INFO - Sync 1 DAGs
[2026-06-29T22:38:49.731+0000] {logging_mixin.py:190} INFO - [2026-06-29T22:38:49.731+0000] {dag.py:4180} INFO - Setting next_dagrun for tutorial to 2026-06-28 00:00:00+00:00, run_after=2026-06-29 00:00:00+00:00
[2026-06-29T22:38:49.754+0000] {processor.py:208} INFO - Processing /home/airflow/.local/lib/python3.12/site-packages/airflow/example_dags/tutorial.py took 0.108 seconds
[2026-06-29T22:39:20.303+0000] {processor.py:186} INFO - Started process (PID=4040) to work on /home/airflow/.local/lib/python3.12/site-packages/airflow/example_dags/tutorial.py
[2026-06-29T22:39:20.305+0000] {processor.py:914} INFO - Processing file /home/airflow/.local/lib/python3.12/site-packages/airflow/example_dags/tutorial.py for tasks to queue
[2026-06-29T22:39:20.309+0000] {logging_mixin.py:190} INFO - [2026-06-29T22:39:20.309+0000] {dagbag.py:588} INFO - Filling up the DagBag from /home/airflow/.local/lib/python3.12/site-packages/airflow/example_dags/tutorial.py
[2026-06-29T22:39:20.318+0000] {processor.py:925} INFO - DAG(s) 'tutorial' retrieved from /home/airflow/.local/lib/python3.12/site-packages/airflow/example_dags/tutorial.py
[2026-06-29T22:39:20.522+0000] {logging_mixin.py:190} INFO - [2026-06-29T22:39:20.522+0000] {dag.py:3239} INFO - Sync 1 DAGs
[2026-06-29T22:39:20.551+0000] {logging_mixin.py:190} INFO - [2026-06-29T22:39:20.550+0000] {dag.py:4180} INFO - Setting next_dagrun for tutorial to 2026-06-28 00:00:00+00:00, run_after=2026-06-29 00:00:00+00:00
[2026-06-29T22:39:20.575+0000] {processor.py:208} INFO - Processing /home/airflow/.local/lib/python3.12/site-packages/airflow/example_dags/tutorial.py took 0.281 seconds
[2026-06-29T22:39:50.992+0000] {processor.py:186} INFO - Started process (PID=4104) to work on /home/airflow/.local/lib/python3.12/site-packages/airflow/example_dags/tutorial.py
[2026-06-29T22:39:50.995+0000] {processor.py:914} INFO - Processing file /home/airflow/.local/lib/python3.12/site-packages/airflow/example_dags/tutorial.py for tasks to queue
[2026-06-29T22:39:51.005+0000] {logging_mixin.py:190} INFO - [2026-06-29T22:39:51.003+0000] {dagbag.py:588} INFO - Filling up the DagBag from /home/airflow/.local/lib/python3.12/site-packages/airflow/example_dags/tutorial.py
[2026-06-29T22:39:51.030+0000] {processor.py:925} INFO - DAG(s) 'tutorial' retrieved from /home/airflow/.local/lib/python3.12/site-packages/airflow/example_dags/tutorial.py
[2026-06-29T22:39:51.085+0000] {logging_mixin.py:190} INFO - [2026-06-29T22:39:51.085+0000] {dag.py:3239} INFO - Sync 1 DAGs
[2026-06-29T22:39:51.507+0000] {logging_mixin.py:190} INFO - [2026-06-29T22:39:51.507+0000] {dag.py:4180} INFO - Setting next_dagrun for tutorial to 2026-06-28 00:00:00+00:00, run_after=2026-06-29 00:00:00+00:00
[2026-06-29T22:39:51.581+0000] {processor.py:208} INFO - Processing /home/airflow/.local/lib/python3.12/site-packages/airflow/example_dags/tutorial.py took 0.616 seconds
[2026-06-29T22:41:23.224+0000] {processor.py:186} INFO - Started process (PID=95) to work on /home/airflow/.local/lib/python3.12/site-packages/airflow/example_dags/tutorial.py
[2026-06-29T22:41:23.228+0000] {processor.py:914} INFO - Processing file /home/airflow/.local/lib/python3.12/site-packages/airflow/example_dags/tutorial.py for tasks to queue
[2026-06-29T22:41:23.233+0000] {logging_mixin.py:190} INFO - [2026-06-29T22:41:23.233+0000] {dagbag.py:588} INFO - Filling up the DagBag from /home/airflow/.local/lib/python3.12/site-packages/airflow/example_dags/tutorial.py
[2026-06-29T22:41:23.249+0000] {processor.py:925} INFO - DAG(s) 'tutorial' retrieved from /home/airflow/.local/lib/python3.12/site-packages/airflow/example_dags/tutorial.py
[2026-06-29T22:41:23.333+0000] {logging_mixin.py:190} INFO - [2026-06-29T22:41:23.332+0000] {dag.py:3239} INFO - Sync 1 DAGs
[2026-06-29T22:41:23.395+0000] {logging_mixin.py:190} INFO - [2026-06-29T22:41:23.394+0000] {dag.py:4180} INFO - Setting next_dagrun for tutorial to 2026-06-28 00:00:00+00:00, run_after=2026-06-29 00:00:00+00:00
[2026-06-29T22:41:23.452+0000] {processor.py:208} INFO - Processing /home/airflow/.local/lib/python3.12/site-packages/airflow/example_dags/tutorial.py took 0.239 seconds
[2026-06-29T22:41:54.181+0000] {processor.py:186} INFO - Started process (PID=158) to work on /home/airflow/.local/lib/python3.12/site-packages/airflow/example_dags/tutorial.py
[2026-06-29T22:41:54.195+0000] {processor.py:914} INFO - Processing file /home/airflow/.local/lib/python3.12/site-packages/airflow/example_dags/tutorial.py for tasks to queue
[2026-06-29T22:41:54.206+0000] {logging_mixin.py:190} INFO - [2026-06-29T22:41:54.205+0000] {dagbag.py:588} INFO - Filling up the DagBag from /home/airflow/.local/lib/python3.12/site-packages/airflow/example_dags/tutorial.py
[2026-06-29T22:41:54.226+0000] {processor.py:925} INFO - DAG(s) 'tutorial' retrieved from /home/airflow/.local/lib/python3.12/site-packages/airflow/example_dags/tutorial.py
[2026-06-29T22:41:54.306+0000] {logging_mixin.py:190} INFO - [2026-06-29T22:41:54.305+0000] {dag.py:3239} INFO - Sync 1 DAGs
[2026-06-29T22:41:54.383+0000] {logging_mixin.py:190} INFO - [2026-06-29T22:41:54.381+0000] {dag.py:4180} INFO - Setting next_dagrun for tutorial to 2026-06-28 00:00:00+00:00, run_after=2026-06-29 00:00:00+00:00
[2026-06-29T22:41:54.478+0000] {processor.py:208} INFO - Processing /home/airflow/.local/lib/python3.12/site-packages/airflow/example_dags/tutorial.py took 0.309 seconds
[2026-06-29T22:42:25.177+0000] {processor.py:186} INFO - Started process (PID=222) to work on /home/airflow/.local/lib/python3.12/site-packages/airflow/example_dags/tutorial.py
[2026-06-29T22:42:25.180+0000] {processor.py:914} INFO - Processing file /home/airflow/.local/lib/python3.12/site-packages/airflow/example_dags/tutorial.py for tasks to queue
[2026-06-29T22:42:25.187+0000] {logging_mixin.py:190} INFO - [2026-06-29T22:42:25.187+0000] {dagbag.py:588} INFO - Filling up the DagBag from /home/airflow/.local/lib/python3.12/site-packages/airflow/example_dags/tutorial.py
[2026-06-29T22:42:25.210+0000] {processor.py:925} INFO - DAG(s) 'tutorial' retrieved from /home/airflow/.local/lib/python3.12/site-packages/airflow/example_dags/tutorial.py
[2026-06-29T22:42:25.271+0000] {logging_mixin.py:190} INFO - [2026-06-29T22:42:25.270+0000] {dag.py:3239} INFO - Sync 1 DAGs
[2026-06-29T22:42:25.329+0000] {logging_mixin.py:190} INFO - [2026-06-29T22:42:25.328+0000] {dag.py:4180} INFO - Setting next_dagrun for tutorial to 2026-06-28 00:00:00+00:00, run_after=2026-06-29 00:00:00+00:00
[2026-06-29T22:42:25.380+0000] {processor.py:208} INFO - Processing /home/airflow/.local/lib/python3.12/site-packages/airflow/example_dags/tutorial.py took 0.221 seconds
[2026-06-29T22:42:55.557+0000] {processor.py:186} INFO - Started process (PID=286) to work on /home/airflow/.local/lib/python3.12/site-packages/airflow/example_dags/tutorial.py
[2026-06-29T22:42:55.559+0000] {processor.py:914} INFO - Processing file /home/airflow/.local/lib/python3.12/site-packages/airflow/example_dags/tutorial.py for tasks to queue
[2026-06-29T22:42:55.563+0000] {logging_mixin.py:190} INFO - [2026-06-29T22:42:55.563+0000] {dagbag.py:588} INFO - Filling up the DagBag from /home/airflow/.local/lib/python3.12/site-packages/airflow/example_dags/tutorial.py
[2026-06-29T22:42:55.575+0000] {processor.py:925} INFO - DAG(s) 'tutorial' retrieved from /home/airflow/.local/lib/python3.12/site-packages/airflow/example_dags/tutorial.py
[2026-06-29T22:42:55.607+0000] {logging_mixin.py:190} INFO - [2026-06-29T22:42:55.607+0000] {dag.py:3239} INFO - Sync 1 DAGs
[2026-06-29T22:42:55.642+0000] {logging_mixin.py:190} INFO - [2026-06-29T22:42:55.642+0000] {dag.py:4180} INFO - Setting next_dagrun for tutorial to 2026-06-28 00:00:00+00:00, run_after=2026-06-29 00:00:00+00:00
[2026-06-29T22:42:55.671+0000] {processor.py:208} INFO - Processing /home/airflow/.local/lib/python3.12/site-packages/airflow/example_dags/tutorial.py took 0.122 seconds
[2026-06-29T22:43:25.814+0000] {processor.py:186} INFO - Started process (PID=350) to work on /home/airflow/.local/lib/python3.12/site-packages/airflow/example_dags/tutorial.py
[2026-06-29T22:43:25.816+0000] {processor.py:914} INFO - Processing file /home/airflow/.local/lib/python3.12/site-packages/airflow/example_dags/tutorial.py for tasks to queue
[2026-06-29T22:43:25.820+0000] {logging_mixin.py:190} INFO - [2026-06-29T22:43:25.819+0000] {dagbag.py:588} INFO - Filling up the DagBag from /home/airflow/.local/lib/python3.12/site-packages/airflow/example_dags/tutorial.py
[2026-06-29T22:43:25.829+0000] {processor.py:925} INFO - DAG(s) 'tutorial' retrieved from /home/airflow/.local/lib/python3.12/site-packages/airflow/example_dags/tutorial.py
[2026-06-29T22:43:25.857+0000] {logging_mixin.py:190} INFO - [2026-06-29T22:43:25.857+0000] {dag.py:3239} INFO - Sync 1 DAGs
[2026-06-29T22:43:25.886+0000] {logging_mixin.py:190} INFO - [2026-06-29T22:43:25.886+0000] {dag.py:4180} INFO - Setting next_dagrun for tutorial to 2026-06-28 00:00:00+00:00, run_after=2026-06-29 00:00:00+00:00
[2026-06-29T22:43:25.917+0000] {processor.py:208} INFO - Processing /home/airflow/.local/lib/python3.12/site-packages/airflow/example_dags/tutorial.py took 0.109 seconds
[2026-06-29T22:43:57.401+0000] {processor.py:186} INFO - Started process (PID=415) to work on /home/airflow/.local/lib/python3.12/site-packages/airflow/example_dags/tutorial.py
[2026-06-29T22:43:57.405+0000] {processor.py:914} INFO - Processing file /home/airflow/.local/lib/python3.12/site-packages/airflow/example_dags/tutorial.py for tasks to queue
[2026-06-29T22:43:57.410+0000] {logging_mixin.py:190} INFO - [2026-06-29T22:43:57.410+0000] {dagbag.py:588} INFO - Filling up the DagBag from /home/airflow/.local/lib/python3.12/site-packages/airflow/example_dags/tutorial.py
[2026-06-29T22:43:57.429+0000] {processor.py:925} INFO - DAG(s) 'tutorial' retrieved from /home/airflow/.local/lib/python3.12/site-packages/airflow/example_dags/tutorial.py
[2026-06-29T22:43:57.470+0000] {logging_mixin.py:190} INFO - [2026-06-29T22:43:57.470+0000] {dag.py:3239} INFO - Sync 1 DAGs
[2026-06-29T22:43:57.512+0000] {logging_mixin.py:190} INFO - [2026-06-29T22:43:57.512+0000] {dag.py:4180} INFO - Setting next_dagrun for tutorial to 2026-06-28 00:00:00+00:00, run_after=2026-06-29 00:00:00+00:00
[2026-06-29T22:43:57.544+0000] {processor.py:208} INFO - Processing /home/airflow/.local/lib/python3.12/site-packages/airflow/example_dags/tutorial.py took 0.160 seconds
[2026-06-29T22:44:27.892+0000] {processor.py:186} INFO - Started process (PID=479) to work on /home/airflow/.local/lib/python3.12/site-packages/airflow/example_dags/tutorial.py
[2026-06-29T22:44:27.896+0000] {processor.py:914} INFO - Processing file /home/airflow/.local/lib/python3.12/site-packages/airflow/example_dags/tutorial.py for tasks to queue
[2026-06-29T22:44:27.904+0000] {logging_mixin.py:190} INFO - [2026-06-29T22:44:27.903+0000] {dagbag.py:588} INFO - Filling up the DagBag from /home/airflow/.local/lib/python3.12/site-packages/airflow/example_dags/tutorial.py
[2026-06-29T22:44:27.925+0000] {processor.py:925} INFO - DAG(s) 'tutorial' retrieved from /home/airflow/.local/lib/python3.12/site-packages/airflow/example_dags/tutorial.py
[2026-06-29T22:44:27.967+0000] {logging_mixin.py:190} INFO - [2026-06-29T22:44:27.966+0000] {dag.py:3239} INFO - Sync 1 DAGs
[2026-06-29T22:44:28.015+0000] {logging_mixin.py:190} INFO - [2026-06-29T22:44:28.015+0000] {dag.py:4180} INFO - Setting next_dagrun for tutorial to 2026-06-28 00:00:00+00:00, run_after=2026-06-29 00:00:00+00:00
[2026-06-29T22:44:28.050+0000] {processor.py:208} INFO - Processing /home/airflow/.local/lib/python3.12/site-packages/airflow/example_dags/tutorial.py took 0.170 seconds
[2026-06-29T22:44:58.529+0000] {processor.py:186} INFO - Started process (PID=544) to work on /home/airflow/.local/lib/python3.12/site-packages/airflow/example_dags/tutorial.py
[2026-06-29T22:44:58.535+0000] {processor.py:914} INFO - Processing file /home/airflow/.local/lib/python3.12/site-packages/airflow/example_dags/tutorial.py for tasks to queue
[2026-06-29T22:44:58.553+0000] {logging_mixin.py:190} INFO - [2026-06-29T22:44:58.550+0000] {dagbag.py:588} INFO - Filling up the DagBag from /home/airflow/.local/lib/python3.12/site-packages/airflow/example_dags/tutorial.py
[2026-06-29T22:44:58.571+0000] {processor.py:925} INFO - DAG(s) 'tutorial' retrieved from /home/airflow/.local/lib/python3.12/site-packages/airflow/example_dags/tutorial.py
[2026-06-29T22:44:58.635+0000] {logging_mixin.py:190} INFO - [2026-06-29T22:44:58.634+0000] {dag.py:3239} INFO - Sync 1 DAGs
[2026-06-29T22:44:58.739+0000] {logging_mixin.py:190} INFO - [2026-06-29T22:44:58.737+0000] {dag.py:4180} INFO - Setting next_dagrun for tutorial to 2026-06-28 00:00:00+00:00, run_after=2026-06-29 00:00:00+00:00
[2026-06-29T22:44:58.828+0000] {processor.py:208} INFO - Processing /home/airflow/.local/lib/python3.12/site-packages/airflow/example_dags/tutorial.py took 0.315 seconds
[2026-06-29T22:45:29.662+0000] {processor.py:186} INFO - Started process (PID=607) to work on /home/airflow/.local/lib/python3.12/site-packages/airflow/example_dags/tutorial.py
[2026-06-29T22:45:29.664+0000] {processor.py:914} INFO - Processing file /home/airflow/.local/lib/python3.12/site-packages/airflow/example_dags/tutorial.py for tasks to queue
[2026-06-29T22:45:29.669+0000] {logging_mixin.py:190} INFO - [2026-06-29T22:45:29.668+0000] {dagbag.py:588} INFO - Filling up the DagBag from /home/airflow/.local/lib/python3.12/site-packages/airflow/example_dags/tutorial.py
[2026-06-29T22:45:29.683+0000] {processor.py:925} INFO - DAG(s) 'tutorial' retrieved from /home/airflow/.local/lib/python3.12/site-packages/airflow/example_dags/tutorial.py
[2026-06-29T22:45:29.716+0000] {logging_mixin.py:190} INFO - [2026-06-29T22:45:29.715+0000] {dag.py:3239} INFO - Sync 1 DAGs
[2026-06-29T22:45:29.758+0000] {logging_mixin.py:190} INFO - [2026-06-29T22:45:29.758+0000] {dag.py:4180} INFO - Setting next_dagrun for tutorial to 2026-06-28 00:00:00+00:00, run_after=2026-06-29 00:00:00+00:00
[2026-06-29T22:45:29.788+0000] {processor.py:208} INFO - Processing /home/airflow/.local/lib/python3.12/site-packages/airflow/example_dags/tutorial.py took 0.134 seconds
[2026-06-29T22:46:00.146+0000] {processor.py:186} INFO - Started process (PID=671) to work on /home/airflow/.local/lib/python3.12/site-packages/airflow/example_dags/tutorial.py
[2026-06-29T22:46:00.148+0000] {processor.py:914} INFO - Processing file /home/airflow/.local/lib/python3.12/site-packages/airflow/example_dags/tutorial.py for tasks to queue
[2026-06-29T22:46:00.153+0000] {logging_mixin.py:190} INFO - [2026-06-29T22:46:00.153+0000] {dagbag.py:588} INFO - Filling up the DagBag from /home/airflow/.local/lib/python3.12/site-packages/airflow/example_dags/tutorial.py
[2026-06-29T22:46:00.164+0000] {processor.py:925} INFO - DAG(s) 'tutorial' retrieved from /home/airflow/.local/lib/python3.12/site-packages/airflow/example_dags/tutorial.py
[2026-06-29T22:46:00.192+0000] {logging_mixin.py:190} INFO - [2026-06-29T22:46:00.191+0000] {dag.py:3239} INFO - Sync 1 DAGs
[2026-06-29T22:46:00.221+0000] {logging_mixin.py:190} INFO - [2026-06-29T22:46:00.220+0000] {dag.py:4180} INFO - Setting next_dagrun for tutorial to 2026-06-28 00:00:00+00:00, run_after=2026-06-29 00:00:00+00:00
[2026-06-29T22:46:00.243+0000] {processor.py:208} INFO - Processing /home/airflow/.local/lib/python3.12/site-packages/airflow/example_dags/tutorial.py took 0.105 seconds
[2026-06-29T22:46:30.780+0000] {processor.py:186} INFO - Started process (PID=735) to work on /home/airflow/.local/lib/python3.12/site-packages/airflow/example_dags/tutorial.py
[2026-06-29T22:46:30.782+0000] {processor.py:914} INFO - Processing file /home/airflow/.local/lib/python3.12/site-packages/airflow/example_dags/tutorial.py for tasks to queue
[2026-06-29T22:46:30.791+0000] {logging_mixin.py:190} INFO - [2026-06-29T22:46:30.790+0000] {dagbag.py:588} INFO - Filling up the DagBag from /home/airflow/.local/lib/python3.12/site-packages/airflow/example_dags/tutorial.py
[2026-06-29T22:46:30.829+0000] {processor.py:925} INFO - DAG(s) 'tutorial' retrieved from /home/airflow/.local/lib/python3.12/site-packages/airflow/example_dags/tutorial.py
[2026-06-29T22:46:30.904+0000] {logging_mixin.py:190} INFO - [2026-06-29T22:46:30.903+0000] {dag.py:3239} INFO - Sync 1 DAGs
[2026-06-29T22:46:30.959+0000] {logging_mixin.py:190} INFO - [2026-06-29T22:46:30.958+0000] {dag.py:4180} INFO - Setting next_dagrun for tutorial to 2026-06-28 00:00:00+00:00, run_after=2026-06-29 00:00:00+00:00
[2026-06-29T22:46:31.010+0000] {processor.py:208} INFO - Processing /home/airflow/.local/lib/python3.12/site-packages/airflow/example_dags/tutorial.py took 0.248 seconds
