[2026-06-29T21:59:24.108+0000] {processor.py:186} INFO - Started process (PID=118) to work on /home/airflow/.local/lib/python3.12/site-packages/airflow/example_dags/tutorial_objectstorage.py
[2026-06-29T21:59:24.111+0000] {processor.py:914} INFO - Processing file /home/airflow/.local/lib/python3.12/site-packages/airflow/example_dags/tutorial_objectstorage.py for tasks to queue
[2026-06-29T21:59:24.117+0000] {logging_mixin.py:190} INFO - [2026-06-29T21:59:24.116+0000] {dagbag.py:588} INFO - Filling up the DagBag from /home/airflow/.local/lib/python3.12/site-packages/airflow/example_dags/tutorial_objectstorage.py
[2026-06-29T21:59:24.141+0000] {processor.py:925} INFO - DAG(s) 'tutorial_objectstorage' retrieved from /home/airflow/.local/lib/python3.12/site-packages/airflow/example_dags/tutorial_objectstorage.py
[2026-06-29T21:59:24.370+0000] {logging_mixin.py:190} INFO - [2026-06-29T21:59:24.367+0000] {override.py:1912} INFO - Created Permission View: can read on DAG:tutorial_objectstorage
[2026-06-29T21:59:24.396+0000] {logging_mixin.py:190} INFO - [2026-06-29T21:59:24.395+0000] {override.py:1912} INFO - Created Permission View: can delete on DAG:tutorial_objectstorage
[2026-06-29T21:59:24.417+0000] {logging_mixin.py:190} INFO - [2026-06-29T21:59:24.417+0000] {override.py:1912} INFO - Created Permission View: can edit on DAG:tutorial_objectstorage
[2026-06-29T21:59:24.443+0000] {logging_mixin.py:190} INFO - [2026-06-29T21:59:24.441+0000] {override.py:1912} INFO - Created Permission View: menu access on DAG Run:tutorial_objectstorage
[2026-06-29T21:59:24.466+0000] {logging_mixin.py:190} INFO - [2026-06-29T21:59:24.466+0000] {override.py:1912} INFO - Created Permission View: can read on DAG Run:tutorial_objectstorage
[2026-06-29T21:59:24.486+0000] {logging_mixin.py:190} INFO - [2026-06-29T21:59:24.485+0000] {override.py:1912} INFO - Created Permission View: can delete on DAG Run:tutorial_objectstorage
[2026-06-29T21:59:24.517+0000] {logging_mixin.py:190} INFO - [2026-06-29T21:59:24.516+0000] {override.py:1912} INFO - Created Permission View: can create on DAG Run:tutorial_objectstorage
[2026-06-29T21:59:24.519+0000] {logging_mixin.py:190} INFO - [2026-06-29T21:59:24.518+0000] {dag.py:3239} INFO - Sync 1 DAGs
[2026-06-29T21:59:24.554+0000] {logging_mixin.py:190} INFO - [2026-06-29T21:59:24.554+0000] {dag.py:3262} INFO - Creating ORM DAG for tutorial_objectstorage
[2026-06-29T21:59:24.558+0000] {logging_mixin.py:190} INFO - [2026-06-29T21:59:24.557+0000] {dag.py:4180} INFO - Setting next_dagrun for tutorial_objectstorage to None, run_after=None
[2026-06-29T21:59:24.604+0000] {processor.py:208} INFO - Processing /home/airflow/.local/lib/python3.12/site-packages/airflow/example_dags/tutorial_objectstorage.py took 0.520 seconds
[2026-06-29T21:59:55.848+0000] {processor.py:186} INFO - Started process (PID=181) to work on /home/airflow/.local/lib/python3.12/site-packages/airflow/example_dags/tutorial_objectstorage.py
[2026-06-29T21:59:55.861+0000] {processor.py:914} INFO - Processing file /home/airflow/.local/lib/python3.12/site-packages/airflow/example_dags/tutorial_objectstorage.py for tasks to queue
[2026-06-29T21:59:55.873+0000] {logging_mixin.py:190} INFO - [2026-06-29T21:59:55.873+0000] {dagbag.py:588} INFO - Filling up the DagBag from /home/airflow/.local/lib/python3.12/site-packages/airflow/example_dags/tutorial_objectstorage.py
[2026-06-29T21:59:55.897+0000] {processor.py:925} INFO - DAG(s) 'tutorial_objectstorage' retrieved from /home/airflow/.local/lib/python3.12/site-packages/airflow/example_dags/tutorial_objectstorage.py
[2026-06-29T21:59:55.999+0000] {logging_mixin.py:190} INFO - [2026-06-29T21:59:55.999+0000] {dag.py:3239} INFO - Sync 1 DAGs
[2026-06-29T21:59:56.058+0000] {logging_mixin.py:190} INFO - [2026-06-29T21:59:56.057+0000] {dag.py:4180} INFO - Setting next_dagrun for tutorial_objectstorage to None, run_after=None
[2026-06-29T21:59:56.124+0000] {processor.py:208} INFO - Processing /home/airflow/.local/lib/python3.12/site-packages/airflow/example_dags/tutorial_objectstorage.py took 0.286 seconds
[2026-06-29T22:00:26.819+0000] {processor.py:186} INFO - Started process (PID=244) to work on /home/airflow/.local/lib/python3.12/site-packages/airflow/example_dags/tutorial_objectstorage.py
[2026-06-29T22:00:26.822+0000] {processor.py:914} INFO - Processing file /home/airflow/.local/lib/python3.12/site-packages/airflow/example_dags/tutorial_objectstorage.py for tasks to queue
[2026-06-29T22:00:26.826+0000] {logging_mixin.py:190} INFO - [2026-06-29T22:00:26.826+0000] {dagbag.py:588} INFO - Filling up the DagBag from /home/airflow/.local/lib/python3.12/site-packages/airflow/example_dags/tutorial_objectstorage.py
[2026-06-29T22:00:26.843+0000] {processor.py:925} INFO - DAG(s) 'tutorial_objectstorage' retrieved from /home/airflow/.local/lib/python3.12/site-packages/airflow/example_dags/tutorial_objectstorage.py
[2026-06-29T22:00:26.906+0000] {logging_mixin.py:190} INFO - [2026-06-29T22:00:26.906+0000] {dag.py:3239} INFO - Sync 1 DAGs
[2026-06-29T22:00:26.930+0000] {logging_mixin.py:190} INFO - [2026-06-29T22:00:26.929+0000] {dag.py:4180} INFO - Setting next_dagrun for tutorial_objectstorage to None, run_after=None
[2026-06-29T22:00:26.961+0000] {processor.py:208} INFO - Processing /home/airflow/.local/lib/python3.12/site-packages/airflow/example_dags/tutorial_objectstorage.py took 0.152 seconds
[2026-06-29T22:00:57.574+0000] {processor.py:186} INFO - Started process (PID=308) to work on /home/airflow/.local/lib/python3.12/site-packages/airflow/example_dags/tutorial_objectstorage.py
[2026-06-29T22:00:57.578+0000] {processor.py:914} INFO - Processing file /home/airflow/.local/lib/python3.12/site-packages/airflow/example_dags/tutorial_objectstorage.py for tasks to queue
[2026-06-29T22:00:57.592+0000] {logging_mixin.py:190} INFO - [2026-06-29T22:00:57.589+0000] {dagbag.py:588} INFO - Filling up the DagBag from /home/airflow/.local/lib/python3.12/site-packages/airflow/example_dags/tutorial_objectstorage.py
[2026-06-29T22:00:57.637+0000] {processor.py:925} INFO - DAG(s) 'tutorial_objectstorage' retrieved from /home/airflow/.local/lib/python3.12/site-packages/airflow/example_dags/tutorial_objectstorage.py
[2026-06-29T22:00:57.723+0000] {logging_mixin.py:190} INFO - [2026-06-29T22:00:57.722+0000] {dag.py:3239} INFO - Sync 1 DAGs
[2026-06-29T22:00:57.782+0000] {logging_mixin.py:190} INFO - [2026-06-29T22:00:57.781+0000] {dag.py:4180} INFO - Setting next_dagrun for tutorial_objectstorage to None, run_after=None
[2026-06-29T22:00:57.857+0000] {processor.py:208} INFO - Processing /home/airflow/.local/lib/python3.12/site-packages/airflow/example_dags/tutorial_objectstorage.py took 0.312 seconds
[2026-06-29T22:01:28.605+0000] {processor.py:186} INFO - Started process (PID=371) to work on /home/airflow/.local/lib/python3.12/site-packages/airflow/example_dags/tutorial_objectstorage.py
[2026-06-29T22:01:28.608+0000] {processor.py:914} INFO - Processing file /home/airflow/.local/lib/python3.12/site-packages/airflow/example_dags/tutorial_objectstorage.py for tasks to queue
[2026-06-29T22:01:28.620+0000] {logging_mixin.py:190} INFO - [2026-06-29T22:01:28.619+0000] {dagbag.py:588} INFO - Filling up the DagBag from /home/airflow/.local/lib/python3.12/site-packages/airflow/example_dags/tutorial_objectstorage.py
[2026-06-29T22:01:28.647+0000] {processor.py:925} INFO - DAG(s) 'tutorial_objectstorage' retrieved from /home/airflow/.local/lib/python3.12/site-packages/airflow/example_dags/tutorial_objectstorage.py
[2026-06-29T22:01:28.702+0000] {logging_mixin.py:190} INFO - [2026-06-29T22:01:28.701+0000] {dag.py:3239} INFO - Sync 1 DAGs
[2026-06-29T22:01:28.739+0000] {logging_mixin.py:190} INFO - [2026-06-29T22:01:28.739+0000] {dag.py:4180} INFO - Setting next_dagrun for tutorial_objectstorage to None, run_after=None
[2026-06-29T22:01:28.795+0000] {processor.py:208} INFO - Processing /home/airflow/.local/lib/python3.12/site-packages/airflow/example_dags/tutorial_objectstorage.py took 0.206 seconds
[2026-06-29T22:01:58.925+0000] {processor.py:186} INFO - Started process (PID=434) to work on /home/airflow/.local/lib/python3.12/site-packages/airflow/example_dags/tutorial_objectstorage.py
[2026-06-29T22:01:58.926+0000] {processor.py:914} INFO - Processing file /home/airflow/.local/lib/python3.12/site-packages/airflow/example_dags/tutorial_objectstorage.py for tasks to queue
[2026-06-29T22:01:58.929+0000] {logging_mixin.py:190} INFO - [2026-06-29T22:01:58.929+0000] {dagbag.py:588} INFO - Filling up the DagBag from /home/airflow/.local/lib/python3.12/site-packages/airflow/example_dags/tutorial_objectstorage.py
[2026-06-29T22:01:58.941+0000] {processor.py:925} INFO - DAG(s) 'tutorial_objectstorage' retrieved from /home/airflow/.local/lib/python3.12/site-packages/airflow/example_dags/tutorial_objectstorage.py
[2026-06-29T22:01:58.972+0000] {logging_mixin.py:190} INFO - [2026-06-29T22:01:58.972+0000] {dag.py:3239} INFO - Sync 1 DAGs
[2026-06-29T22:01:58.992+0000] {logging_mixin.py:190} INFO - [2026-06-29T22:01:58.992+0000] {dag.py:4180} INFO - Setting next_dagrun for tutorial_objectstorage to None, run_after=None
[2026-06-29T22:01:59.023+0000] {processor.py:208} INFO - Processing /home/airflow/.local/lib/python3.12/site-packages/airflow/example_dags/tutorial_objectstorage.py took 0.105 seconds
[2026-06-29T22:02:29.187+0000] {processor.py:186} INFO - Started process (PID=497) to work on /home/airflow/.local/lib/python3.12/site-packages/airflow/example_dags/tutorial_objectstorage.py
[2026-06-29T22:02:29.188+0000] {processor.py:914} INFO - Processing file /home/airflow/.local/lib/python3.12/site-packages/airflow/example_dags/tutorial_objectstorage.py for tasks to queue
[2026-06-29T22:02:29.193+0000] {logging_mixin.py:190} INFO - [2026-06-29T22:02:29.193+0000] {dagbag.py:588} INFO - Filling up the DagBag from /home/airflow/.local/lib/python3.12/site-packages/airflow/example_dags/tutorial_objectstorage.py
[2026-06-29T22:02:29.208+0000] {processor.py:925} INFO - DAG(s) 'tutorial_objectstorage' retrieved from /home/airflow/.local/lib/python3.12/site-packages/airflow/example_dags/tutorial_objectstorage.py
[2026-06-29T22:02:29.233+0000] {logging_mixin.py:190} INFO - [2026-06-29T22:02:29.233+0000] {dag.py:3239} INFO - Sync 1 DAGs
[2026-06-29T22:02:29.250+0000] {logging_mixin.py:190} INFO - [2026-06-29T22:02:29.250+0000] {dag.py:4180} INFO - Setting next_dagrun for tutorial_objectstorage to None, run_after=None
[2026-06-29T22:02:29.275+0000] {processor.py:208} INFO - Processing /home/airflow/.local/lib/python3.12/site-packages/airflow/example_dags/tutorial_objectstorage.py took 0.106 seconds
[2026-06-29T22:03:00.752+0000] {processor.py:186} INFO - Started process (PID=561) to work on /home/airflow/.local/lib/python3.12/site-packages/airflow/example_dags/tutorial_objectstorage.py
[2026-06-29T22:03:00.755+0000] {processor.py:914} INFO - Processing file /home/airflow/.local/lib/python3.12/site-packages/airflow/example_dags/tutorial_objectstorage.py for tasks to queue
[2026-06-29T22:03:00.761+0000] {logging_mixin.py:190} INFO - [2026-06-29T22:03:00.759+0000] {dagbag.py:588} INFO - Filling up the DagBag from /home/airflow/.local/lib/python3.12/site-packages/airflow/example_dags/tutorial_objectstorage.py
[2026-06-29T22:03:00.789+0000] {processor.py:925} INFO - DAG(s) 'tutorial_objectstorage' retrieved from /home/airflow/.local/lib/python3.12/site-packages/airflow/example_dags/tutorial_objectstorage.py
[2026-06-29T22:03:00.838+0000] {logging_mixin.py:190} INFO - [2026-06-29T22:03:00.837+0000] {dag.py:3239} INFO - Sync 1 DAGs
[2026-06-29T22:03:00.876+0000] {logging_mixin.py:190} INFO - [2026-06-29T22:03:00.875+0000] {dag.py:4180} INFO - Setting next_dagrun for tutorial_objectstorage to None, run_after=None
[2026-06-29T22:03:00.923+0000] {processor.py:208} INFO - Processing /home/airflow/.local/lib/python3.12/site-packages/airflow/example_dags/tutorial_objectstorage.py took 0.184 seconds
[2026-06-29T22:03:34.533+0000] {processor.py:186} INFO - Started process (PID=630) to work on /home/airflow/.local/lib/python3.12/site-packages/airflow/example_dags/tutorial_objectstorage.py
[2026-06-29T22:03:34.535+0000] {processor.py:914} INFO - Processing file /home/airflow/.local/lib/python3.12/site-packages/airflow/example_dags/tutorial_objectstorage.py for tasks to queue
[2026-06-29T22:03:34.545+0000] {logging_mixin.py:190} INFO - [2026-06-29T22:03:34.543+0000] {dagbag.py:588} INFO - Filling up the DagBag from /home/airflow/.local/lib/python3.12/site-packages/airflow/example_dags/tutorial_objectstorage.py
[2026-06-29T22:03:34.566+0000] {processor.py:925} INFO - DAG(s) 'tutorial_objectstorage' retrieved from /home/airflow/.local/lib/python3.12/site-packages/airflow/example_dags/tutorial_objectstorage.py
[2026-06-29T22:03:34.629+0000] {logging_mixin.py:190} INFO - [2026-06-29T22:03:34.629+0000] {dag.py:3239} INFO - Sync 1 DAGs
[2026-06-29T22:03:34.676+0000] {logging_mixin.py:190} INFO - [2026-06-29T22:03:34.675+0000] {dag.py:4180} INFO - Setting next_dagrun for tutorial_objectstorage to None, run_after=None
[2026-06-29T22:03:34.787+0000] {processor.py:208} INFO - Processing /home/airflow/.local/lib/python3.12/site-packages/airflow/example_dags/tutorial_objectstorage.py took 0.265 seconds
[2026-06-29T22:04:05.368+0000] {processor.py:186} INFO - Started process (PID=694) to work on /home/airflow/.local/lib/python3.12/site-packages/airflow/example_dags/tutorial_objectstorage.py
[2026-06-29T22:04:05.371+0000] {processor.py:914} INFO - Processing file /home/airflow/.local/lib/python3.12/site-packages/airflow/example_dags/tutorial_objectstorage.py for tasks to queue
[2026-06-29T22:04:05.376+0000] {logging_mixin.py:190} INFO - [2026-06-29T22:04:05.375+0000] {dagbag.py:588} INFO - Filling up the DagBag from /home/airflow/.local/lib/python3.12/site-packages/airflow/example_dags/tutorial_objectstorage.py
[2026-06-29T22:04:05.413+0000] {processor.py:925} INFO - DAG(s) 'tutorial_objectstorage' retrieved from /home/airflow/.local/lib/python3.12/site-packages/airflow/example_dags/tutorial_objectstorage.py
[2026-06-29T22:04:05.459+0000] {logging_mixin.py:190} INFO - [2026-06-29T22:04:05.459+0000] {dag.py:3239} INFO - Sync 1 DAGs
[2026-06-29T22:04:05.488+0000] {logging_mixin.py:190} INFO - [2026-06-29T22:04:05.488+0000] {dag.py:4180} INFO - Setting next_dagrun for tutorial_objectstorage to None, run_after=None
[2026-06-29T22:04:05.548+0000] {processor.py:208} INFO - Processing /home/airflow/.local/lib/python3.12/site-packages/airflow/example_dags/tutorial_objectstorage.py took 0.190 seconds
[2026-06-29T22:04:44.600+0000] {processor.py:186} INFO - Started process (PID=760) to work on /home/airflow/.local/lib/python3.12/site-packages/airflow/example_dags/tutorial_objectstorage.py
[2026-06-29T22:04:44.613+0000] {processor.py:914} INFO - Processing file /home/airflow/.local/lib/python3.12/site-packages/airflow/example_dags/tutorial_objectstorage.py for tasks to queue
[2026-06-29T22:04:44.635+0000] {logging_mixin.py:190} INFO - [2026-06-29T22:04:44.631+0000] {dagbag.py:588} INFO - Filling up the DagBag from /home/airflow/.local/lib/python3.12/site-packages/airflow/example_dags/tutorial_objectstorage.py
[2026-06-29T22:04:44.692+0000] {processor.py:925} INFO - DAG(s) 'tutorial_objectstorage' retrieved from /home/airflow/.local/lib/python3.12/site-packages/airflow/example_dags/tutorial_objectstorage.py
[2026-06-29T22:04:44.878+0000] {logging_mixin.py:190} INFO - [2026-06-29T22:04:44.878+0000] {dag.py:3239} INFO - Sync 1 DAGs
[2026-06-29T22:04:44.930+0000] {logging_mixin.py:190} INFO - [2026-06-29T22:04:44.928+0000] {dag.py:4180} INFO - Setting next_dagrun for tutorial_objectstorage to None, run_after=None
[2026-06-29T22:04:45.058+0000] {processor.py:208} INFO - Processing /home/airflow/.local/lib/python3.12/site-packages/airflow/example_dags/tutorial_objectstorage.py took 0.473 seconds
[2026-06-29T22:05:15.525+0000] {processor.py:186} INFO - Started process (PID=824) to work on /home/airflow/.local/lib/python3.12/site-packages/airflow/example_dags/tutorial_objectstorage.py
[2026-06-29T22:05:15.527+0000] {processor.py:914} INFO - Processing file /home/airflow/.local/lib/python3.12/site-packages/airflow/example_dags/tutorial_objectstorage.py for tasks to queue
[2026-06-29T22:05:15.531+0000] {logging_mixin.py:190} INFO - [2026-06-29T22:05:15.531+0000] {dagbag.py:588} INFO - Filling up the DagBag from /home/airflow/.local/lib/python3.12/site-packages/airflow/example_dags/tutorial_objectstorage.py
[2026-06-29T22:05:15.546+0000] {processor.py:925} INFO - DAG(s) 'tutorial_objectstorage' retrieved from /home/airflow/.local/lib/python3.12/site-packages/airflow/example_dags/tutorial_objectstorage.py
[2026-06-29T22:05:15.582+0000] {logging_mixin.py:190} INFO - [2026-06-29T22:05:15.581+0000] {dag.py:3239} INFO - Sync 1 DAGs
[2026-06-29T22:05:15.603+0000] {logging_mixin.py:190} INFO - [2026-06-29T22:05:15.603+0000] {dag.py:4180} INFO - Setting next_dagrun for tutorial_objectstorage to None, run_after=None
[2026-06-29T22:05:15.636+0000] {processor.py:208} INFO - Processing /home/airflow/.local/lib/python3.12/site-packages/airflow/example_dags/tutorial_objectstorage.py took 0.118 seconds
[2026-06-29T22:05:46.471+0000] {processor.py:186} INFO - Started process (PID=889) to work on /home/airflow/.local/lib/python3.12/site-packages/airflow/example_dags/tutorial_objectstorage.py
[2026-06-29T22:05:46.473+0000] {processor.py:914} INFO - Processing file /home/airflow/.local/lib/python3.12/site-packages/airflow/example_dags/tutorial_objectstorage.py for tasks to queue
[2026-06-29T22:05:46.478+0000] {logging_mixin.py:190} INFO - [2026-06-29T22:05:46.478+0000] {dagbag.py:588} INFO - Filling up the DagBag from /home/airflow/.local/lib/python3.12/site-packages/airflow/example_dags/tutorial_objectstorage.py
[2026-06-29T22:05:46.492+0000] {processor.py:925} INFO - DAG(s) 'tutorial_objectstorage' retrieved from /home/airflow/.local/lib/python3.12/site-packages/airflow/example_dags/tutorial_objectstorage.py
[2026-06-29T22:05:46.518+0000] {logging_mixin.py:190} INFO - [2026-06-29T22:05:46.518+0000] {dag.py:3239} INFO - Sync 1 DAGs
[2026-06-29T22:05:46.538+0000] {logging_mixin.py:190} INFO - [2026-06-29T22:05:46.538+0000] {dag.py:4180} INFO - Setting next_dagrun for tutorial_objectstorage to None, run_after=None
[2026-06-29T22:05:46.561+0000] {processor.py:208} INFO - Processing /home/airflow/.local/lib/python3.12/site-packages/airflow/example_dags/tutorial_objectstorage.py took 0.099 seconds
[2026-06-29T22:08:29.592+0000] {processor.py:186} INFO - Started process (PID=126) to work on /home/airflow/.local/lib/python3.12/site-packages/airflow/example_dags/tutorial_objectstorage.py
[2026-06-29T22:08:29.596+0000] {processor.py:914} INFO - Processing file /home/airflow/.local/lib/python3.12/site-packages/airflow/example_dags/tutorial_objectstorage.py for tasks to queue
[2026-06-29T22:08:29.604+0000] {logging_mixin.py:190} INFO - [2026-06-29T22:08:29.604+0000] {dagbag.py:588} INFO - Filling up the DagBag from /home/airflow/.local/lib/python3.12/site-packages/airflow/example_dags/tutorial_objectstorage.py
[2026-06-29T22:08:29.626+0000] {processor.py:925} INFO - DAG(s) 'tutorial_objectstorage' retrieved from /home/airflow/.local/lib/python3.12/site-packages/airflow/example_dags/tutorial_objectstorage.py
[2026-06-29T22:08:29.671+0000] {logging_mixin.py:190} INFO - [2026-06-29T22:08:29.670+0000] {dag.py:3239} INFO - Sync 1 DAGs
[2026-06-29T22:08:29.704+0000] {logging_mixin.py:190} INFO - [2026-06-29T22:08:29.703+0000] {dag.py:4180} INFO - Setting next_dagrun for tutorial_objectstorage to None, run_after=None
[2026-06-29T22:08:29.751+0000] {processor.py:208} INFO - Processing /home/airflow/.local/lib/python3.12/site-packages/airflow/example_dags/tutorial_objectstorage.py took 0.170 seconds
[2026-06-29T22:09:06.262+0000] {processor.py:186} INFO - Started process (PID=196) to work on /home/airflow/.local/lib/python3.12/site-packages/airflow/example_dags/tutorial_objectstorage.py
[2026-06-29T22:09:06.269+0000] {processor.py:914} INFO - Processing file /home/airflow/.local/lib/python3.12/site-packages/airflow/example_dags/tutorial_objectstorage.py for tasks to queue
[2026-06-29T22:09:06.282+0000] {logging_mixin.py:190} INFO - [2026-06-29T22:09:06.282+0000] {dagbag.py:588} INFO - Filling up the DagBag from /home/airflow/.local/lib/python3.12/site-packages/airflow/example_dags/tutorial_objectstorage.py
[2026-06-29T22:09:06.321+0000] {processor.py:925} INFO - DAG(s) 'tutorial_objectstorage' retrieved from /home/airflow/.local/lib/python3.12/site-packages/airflow/example_dags/tutorial_objectstorage.py
[2026-06-29T22:09:06.411+0000] {logging_mixin.py:190} INFO - [2026-06-29T22:09:06.411+0000] {dag.py:3239} INFO - Sync 1 DAGs
[2026-06-29T22:09:06.470+0000] {logging_mixin.py:190} INFO - [2026-06-29T22:09:06.470+0000] {dag.py:4180} INFO - Setting next_dagrun for tutorial_objectstorage to None, run_after=None
[2026-06-29T22:09:06.549+0000] {processor.py:208} INFO - Processing /home/airflow/.local/lib/python3.12/site-packages/airflow/example_dags/tutorial_objectstorage.py took 0.306 seconds
[2026-06-29T22:09:38.624+0000] {processor.py:186} INFO - Started process (PID=259) to work on /home/airflow/.local/lib/python3.12/site-packages/airflow/example_dags/tutorial_objectstorage.py
[2026-06-29T22:09:38.628+0000] {processor.py:914} INFO - Processing file /home/airflow/.local/lib/python3.12/site-packages/airflow/example_dags/tutorial_objectstorage.py for tasks to queue
[2026-06-29T22:09:38.633+0000] {logging_mixin.py:190} INFO - [2026-06-29T22:09:38.633+0000] {dagbag.py:588} INFO - Filling up the DagBag from /home/airflow/.local/lib/python3.12/site-packages/airflow/example_dags/tutorial_objectstorage.py
[2026-06-29T22:09:38.654+0000] {processor.py:925} INFO - DAG(s) 'tutorial_objectstorage' retrieved from /home/airflow/.local/lib/python3.12/site-packages/airflow/example_dags/tutorial_objectstorage.py
[2026-06-29T22:09:38.693+0000] {logging_mixin.py:190} INFO - [2026-06-29T22:09:38.693+0000] {dag.py:3239} INFO - Sync 1 DAGs
[2026-06-29T22:09:38.720+0000] {logging_mixin.py:190} INFO - [2026-06-29T22:09:38.719+0000] {dag.py:4180} INFO - Setting next_dagrun for tutorial_objectstorage to None, run_after=None
[2026-06-29T22:09:38.765+0000] {processor.py:208} INFO - Processing /home/airflow/.local/lib/python3.12/site-packages/airflow/example_dags/tutorial_objectstorage.py took 0.151 seconds
[2026-06-29T22:10:15.653+0000] {processor.py:186} INFO - Started process (PID=325) to work on /home/airflow/.local/lib/python3.12/site-packages/airflow/example_dags/tutorial_objectstorage.py
[2026-06-29T22:10:15.656+0000] {processor.py:914} INFO - Processing file /home/airflow/.local/lib/python3.12/site-packages/airflow/example_dags/tutorial_objectstorage.py for tasks to queue
[2026-06-29T22:10:15.663+0000] {logging_mixin.py:190} INFO - [2026-06-29T22:10:15.662+0000] {dagbag.py:588} INFO - Filling up the DagBag from /home/airflow/.local/lib/python3.12/site-packages/airflow/example_dags/tutorial_objectstorage.py
[2026-06-29T22:10:15.682+0000] {processor.py:925} INFO - DAG(s) 'tutorial_objectstorage' retrieved from /home/airflow/.local/lib/python3.12/site-packages/airflow/example_dags/tutorial_objectstorage.py
[2026-06-29T22:10:15.722+0000] {logging_mixin.py:190} INFO - [2026-06-29T22:10:15.721+0000] {dag.py:3239} INFO - Sync 1 DAGs
[2026-06-29T22:10:15.741+0000] {logging_mixin.py:190} INFO - [2026-06-29T22:10:15.740+0000] {dag.py:4180} INFO - Setting next_dagrun for tutorial_objectstorage to None, run_after=None
[2026-06-29T22:10:15.778+0000] {processor.py:208} INFO - Processing /home/airflow/.local/lib/python3.12/site-packages/airflow/example_dags/tutorial_objectstorage.py took 0.135 seconds
[2026-06-29T22:10:47.512+0000] {processor.py:186} INFO - Started process (PID=389) to work on /home/airflow/.local/lib/python3.12/site-packages/airflow/example_dags/tutorial_objectstorage.py
[2026-06-29T22:10:47.515+0000] {processor.py:914} INFO - Processing file /home/airflow/.local/lib/python3.12/site-packages/airflow/example_dags/tutorial_objectstorage.py for tasks to queue
[2026-06-29T22:10:47.521+0000] {logging_mixin.py:190} INFO - [2026-06-29T22:10:47.520+0000] {dagbag.py:588} INFO - Filling up the DagBag from /home/airflow/.local/lib/python3.12/site-packages/airflow/example_dags/tutorial_objectstorage.py
[2026-06-29T22:10:47.544+0000] {processor.py:925} INFO - DAG(s) 'tutorial_objectstorage' retrieved from /home/airflow/.local/lib/python3.12/site-packages/airflow/example_dags/tutorial_objectstorage.py
[2026-06-29T22:10:47.594+0000] {logging_mixin.py:190} INFO - [2026-06-29T22:10:47.594+0000] {dag.py:3239} INFO - Sync 1 DAGs
[2026-06-29T22:10:47.634+0000] {logging_mixin.py:190} INFO - [2026-06-29T22:10:47.634+0000] {dag.py:4180} INFO - Setting next_dagrun for tutorial_objectstorage to None, run_after=None
[2026-06-29T22:10:47.691+0000] {processor.py:208} INFO - Processing /home/airflow/.local/lib/python3.12/site-packages/airflow/example_dags/tutorial_objectstorage.py took 0.196 seconds
[2026-06-29T22:11:18.215+0000] {processor.py:186} INFO - Started process (PID=453) to work on /home/airflow/.local/lib/python3.12/site-packages/airflow/example_dags/tutorial_objectstorage.py
[2026-06-29T22:11:18.217+0000] {processor.py:914} INFO - Processing file /home/airflow/.local/lib/python3.12/site-packages/airflow/example_dags/tutorial_objectstorage.py for tasks to queue
[2026-06-29T22:11:18.220+0000] {logging_mixin.py:190} INFO - [2026-06-29T22:11:18.220+0000] {dagbag.py:588} INFO - Filling up the DagBag from /home/airflow/.local/lib/python3.12/site-packages/airflow/example_dags/tutorial_objectstorage.py
[2026-06-29T22:11:18.234+0000] {processor.py:925} INFO - DAG(s) 'tutorial_objectstorage' retrieved from /home/airflow/.local/lib/python3.12/site-packages/airflow/example_dags/tutorial_objectstorage.py
[2026-06-29T22:11:18.260+0000] {logging_mixin.py:190} INFO - [2026-06-29T22:11:18.260+0000] {dag.py:3239} INFO - Sync 1 DAGs
[2026-06-29T22:11:18.281+0000] {logging_mixin.py:190} INFO - [2026-06-29T22:11:18.281+0000] {dag.py:4180} INFO - Setting next_dagrun for tutorial_objectstorage to None, run_after=None
[2026-06-29T22:11:18.317+0000] {processor.py:208} INFO - Processing /home/airflow/.local/lib/python3.12/site-packages/airflow/example_dags/tutorial_objectstorage.py took 0.109 seconds
[2026-06-29T22:11:49.060+0000] {processor.py:186} INFO - Started process (PID=517) to work on /home/airflow/.local/lib/python3.12/site-packages/airflow/example_dags/tutorial_objectstorage.py
[2026-06-29T22:11:49.061+0000] {processor.py:914} INFO - Processing file /home/airflow/.local/lib/python3.12/site-packages/airflow/example_dags/tutorial_objectstorage.py for tasks to queue
[2026-06-29T22:11:49.065+0000] {logging_mixin.py:190} INFO - [2026-06-29T22:11:49.064+0000] {dagbag.py:588} INFO - Filling up the DagBag from /home/airflow/.local/lib/python3.12/site-packages/airflow/example_dags/tutorial_objectstorage.py
[2026-06-29T22:11:49.078+0000] {processor.py:925} INFO - DAG(s) 'tutorial_objectstorage' retrieved from /home/airflow/.local/lib/python3.12/site-packages/airflow/example_dags/tutorial_objectstorage.py
[2026-06-29T22:11:49.107+0000] {logging_mixin.py:190} INFO - [2026-06-29T22:11:49.106+0000] {dag.py:3239} INFO - Sync 1 DAGs
[2026-06-29T22:11:49.124+0000] {logging_mixin.py:190} INFO - [2026-06-29T22:11:49.124+0000] {dag.py:4180} INFO - Setting next_dagrun for tutorial_objectstorage to None, run_after=None
[2026-06-29T22:11:49.150+0000] {processor.py:208} INFO - Processing /home/airflow/.local/lib/python3.12/site-packages/airflow/example_dags/tutorial_objectstorage.py took 0.097 seconds
[2026-06-29T22:12:20.759+0000] {processor.py:186} INFO - Started process (PID=581) to work on /home/airflow/.local/lib/python3.12/site-packages/airflow/example_dags/tutorial_objectstorage.py
[2026-06-29T22:12:20.762+0000] {processor.py:914} INFO - Processing file /home/airflow/.local/lib/python3.12/site-packages/airflow/example_dags/tutorial_objectstorage.py for tasks to queue
[2026-06-29T22:12:20.767+0000] {logging_mixin.py:190} INFO - [2026-06-29T22:12:20.767+0000] {dagbag.py:588} INFO - Filling up the DagBag from /home/airflow/.local/lib/python3.12/site-packages/airflow/example_dags/tutorial_objectstorage.py
[2026-06-29T22:12:20.794+0000] {processor.py:925} INFO - DAG(s) 'tutorial_objectstorage' retrieved from /home/airflow/.local/lib/python3.12/site-packages/airflow/example_dags/tutorial_objectstorage.py
[2026-06-29T22:12:20.836+0000] {logging_mixin.py:190} INFO - [2026-06-29T22:12:20.836+0000] {dag.py:3239} INFO - Sync 1 DAGs
[2026-06-29T22:12:20.863+0000] {logging_mixin.py:190} INFO - [2026-06-29T22:12:20.863+0000] {dag.py:4180} INFO - Setting next_dagrun for tutorial_objectstorage to None, run_after=None
[2026-06-29T22:12:20.910+0000] {processor.py:208} INFO - Processing /home/airflow/.local/lib/python3.12/site-packages/airflow/example_dags/tutorial_objectstorage.py took 0.164 seconds
[2026-06-29T22:12:51.066+0000] {processor.py:186} INFO - Started process (PID=645) to work on /home/airflow/.local/lib/python3.12/site-packages/airflow/example_dags/tutorial_objectstorage.py
[2026-06-29T22:12:51.068+0000] {processor.py:914} INFO - Processing file /home/airflow/.local/lib/python3.12/site-packages/airflow/example_dags/tutorial_objectstorage.py for tasks to queue
[2026-06-29T22:12:51.075+0000] {logging_mixin.py:190} INFO - [2026-06-29T22:12:51.074+0000] {dagbag.py:588} INFO - Filling up the DagBag from /home/airflow/.local/lib/python3.12/site-packages/airflow/example_dags/tutorial_objectstorage.py
[2026-06-29T22:12:51.092+0000] {processor.py:925} INFO - DAG(s) 'tutorial_objectstorage' retrieved from /home/airflow/.local/lib/python3.12/site-packages/airflow/example_dags/tutorial_objectstorage.py
[2026-06-29T22:12:51.132+0000] {logging_mixin.py:190} INFO - [2026-06-29T22:12:51.131+0000] {dag.py:3239} INFO - Sync 1 DAGs
[2026-06-29T22:12:51.156+0000] {logging_mixin.py:190} INFO - [2026-06-29T22:12:51.156+0000] {dag.py:4180} INFO - Setting next_dagrun for tutorial_objectstorage to None, run_after=None
[2026-06-29T22:12:51.193+0000] {processor.py:208} INFO - Processing /home/airflow/.local/lib/python3.12/site-packages/airflow/example_dags/tutorial_objectstorage.py took 0.137 seconds
[2026-06-29T22:13:22.104+0000] {processor.py:186} INFO - Started process (PID=709) to work on /home/airflow/.local/lib/python3.12/site-packages/airflow/example_dags/tutorial_objectstorage.py
[2026-06-29T22:13:22.106+0000] {processor.py:914} INFO - Processing file /home/airflow/.local/lib/python3.12/site-packages/airflow/example_dags/tutorial_objectstorage.py for tasks to queue
[2026-06-29T22:13:22.110+0000] {logging_mixin.py:190} INFO - [2026-06-29T22:13:22.109+0000] {dagbag.py:588} INFO - Filling up the DagBag from /home/airflow/.local/lib/python3.12/site-packages/airflow/example_dags/tutorial_objectstorage.py
[2026-06-29T22:13:22.129+0000] {processor.py:925} INFO - DAG(s) 'tutorial_objectstorage' retrieved from /home/airflow/.local/lib/python3.12/site-packages/airflow/example_dags/tutorial_objectstorage.py
[2026-06-29T22:13:22.166+0000] {logging_mixin.py:190} INFO - [2026-06-29T22:13:22.166+0000] {dag.py:3239} INFO - Sync 1 DAGs
[2026-06-29T22:13:22.191+0000] {logging_mixin.py:190} INFO - [2026-06-29T22:13:22.190+0000] {dag.py:4180} INFO - Setting next_dagrun for tutorial_objectstorage to None, run_after=None
[2026-06-29T22:13:22.229+0000] {processor.py:208} INFO - Processing /home/airflow/.local/lib/python3.12/site-packages/airflow/example_dags/tutorial_objectstorage.py took 0.140 seconds
[2026-06-29T22:13:52.848+0000] {processor.py:186} INFO - Started process (PID=774) to work on /home/airflow/.local/lib/python3.12/site-packages/airflow/example_dags/tutorial_objectstorage.py
[2026-06-29T22:13:52.850+0000] {processor.py:914} INFO - Processing file /home/airflow/.local/lib/python3.12/site-packages/airflow/example_dags/tutorial_objectstorage.py for tasks to queue
[2026-06-29T22:13:52.854+0000] {logging_mixin.py:190} INFO - [2026-06-29T22:13:52.853+0000] {dagbag.py:588} INFO - Filling up the DagBag from /home/airflow/.local/lib/python3.12/site-packages/airflow/example_dags/tutorial_objectstorage.py
[2026-06-29T22:13:52.868+0000] {processor.py:925} INFO - DAG(s) 'tutorial_objectstorage' retrieved from /home/airflow/.local/lib/python3.12/site-packages/airflow/example_dags/tutorial_objectstorage.py
[2026-06-29T22:13:52.897+0000] {logging_mixin.py:190} INFO - [2026-06-29T22:13:52.897+0000] {dag.py:3239} INFO - Sync 1 DAGs
[2026-06-29T22:13:52.916+0000] {logging_mixin.py:190} INFO - [2026-06-29T22:13:52.916+0000] {dag.py:4180} INFO - Setting next_dagrun for tutorial_objectstorage to None, run_after=None
[2026-06-29T22:13:52.946+0000] {processor.py:208} INFO - Processing /home/airflow/.local/lib/python3.12/site-packages/airflow/example_dags/tutorial_objectstorage.py took 0.107 seconds
[2026-06-29T22:14:26.521+0000] {processor.py:186} INFO - Started process (PID=838) to work on /home/airflow/.local/lib/python3.12/site-packages/airflow/example_dags/tutorial_objectstorage.py
[2026-06-29T22:14:26.524+0000] {processor.py:914} INFO - Processing file /home/airflow/.local/lib/python3.12/site-packages/airflow/example_dags/tutorial_objectstorage.py for tasks to queue
[2026-06-29T22:14:26.532+0000] {logging_mixin.py:190} INFO - [2026-06-29T22:14:26.531+0000] {dagbag.py:588} INFO - Filling up the DagBag from /home/airflow/.local/lib/python3.12/site-packages/airflow/example_dags/tutorial_objectstorage.py
[2026-06-29T22:14:26.571+0000] {processor.py:925} INFO - DAG(s) 'tutorial_objectstorage' retrieved from /home/airflow/.local/lib/python3.12/site-packages/airflow/example_dags/tutorial_objectstorage.py
[2026-06-29T22:14:26.613+0000] {logging_mixin.py:190} INFO - [2026-06-29T22:14:26.612+0000] {dag.py:3239} INFO - Sync 1 DAGs
[2026-06-29T22:14:26.642+0000] {logging_mixin.py:190} INFO - [2026-06-29T22:14:26.642+0000] {dag.py:4180} INFO - Setting next_dagrun for tutorial_objectstorage to None, run_after=None
[2026-06-29T22:14:26.687+0000] {processor.py:208} INFO - Processing /home/airflow/.local/lib/python3.12/site-packages/airflow/example_dags/tutorial_objectstorage.py took 0.185 seconds
[2026-06-29T22:14:57.576+0000] {processor.py:186} INFO - Started process (PID=902) to work on /home/airflow/.local/lib/python3.12/site-packages/airflow/example_dags/tutorial_objectstorage.py
[2026-06-29T22:14:57.579+0000] {processor.py:914} INFO - Processing file /home/airflow/.local/lib/python3.12/site-packages/airflow/example_dags/tutorial_objectstorage.py for tasks to queue
[2026-06-29T22:14:57.584+0000] {logging_mixin.py:190} INFO - [2026-06-29T22:14:57.583+0000] {dagbag.py:588} INFO - Filling up the DagBag from /home/airflow/.local/lib/python3.12/site-packages/airflow/example_dags/tutorial_objectstorage.py
[2026-06-29T22:14:57.604+0000] {processor.py:925} INFO - DAG(s) 'tutorial_objectstorage' retrieved from /home/airflow/.local/lib/python3.12/site-packages/airflow/example_dags/tutorial_objectstorage.py
[2026-06-29T22:14:57.656+0000] {logging_mixin.py:190} INFO - [2026-06-29T22:14:57.655+0000] {dag.py:3239} INFO - Sync 1 DAGs
[2026-06-29T22:14:57.684+0000] {logging_mixin.py:190} INFO - [2026-06-29T22:14:57.683+0000] {dag.py:4180} INFO - Setting next_dagrun for tutorial_objectstorage to None, run_after=None
[2026-06-29T22:14:57.744+0000] {processor.py:208} INFO - Processing /home/airflow/.local/lib/python3.12/site-packages/airflow/example_dags/tutorial_objectstorage.py took 0.181 seconds
[2026-06-29T22:15:27.884+0000] {processor.py:186} INFO - Started process (PID=966) to work on /home/airflow/.local/lib/python3.12/site-packages/airflow/example_dags/tutorial_objectstorage.py
[2026-06-29T22:15:27.886+0000] {processor.py:914} INFO - Processing file /home/airflow/.local/lib/python3.12/site-packages/airflow/example_dags/tutorial_objectstorage.py for tasks to queue
[2026-06-29T22:15:27.892+0000] {logging_mixin.py:190} INFO - [2026-06-29T22:15:27.892+0000] {dagbag.py:588} INFO - Filling up the DagBag from /home/airflow/.local/lib/python3.12/site-packages/airflow/example_dags/tutorial_objectstorage.py
[2026-06-29T22:15:27.910+0000] {processor.py:925} INFO - DAG(s) 'tutorial_objectstorage' retrieved from /home/airflow/.local/lib/python3.12/site-packages/airflow/example_dags/tutorial_objectstorage.py
[2026-06-29T22:15:27.947+0000] {logging_mixin.py:190} INFO - [2026-06-29T22:15:27.947+0000] {dag.py:3239} INFO - Sync 1 DAGs
[2026-06-29T22:15:27.977+0000] {logging_mixin.py:190} INFO - [2026-06-29T22:15:27.977+0000] {dag.py:4180} INFO - Setting next_dagrun for tutorial_objectstorage to None, run_after=None
[2026-06-29T22:15:28.022+0000] {processor.py:208} INFO - Processing /home/airflow/.local/lib/python3.12/site-packages/airflow/example_dags/tutorial_objectstorage.py took 0.148 seconds
[2026-06-29T22:15:59.686+0000] {processor.py:186} INFO - Started process (PID=1030) to work on /home/airflow/.local/lib/python3.12/site-packages/airflow/example_dags/tutorial_objectstorage.py
[2026-06-29T22:15:59.690+0000] {processor.py:914} INFO - Processing file /home/airflow/.local/lib/python3.12/site-packages/airflow/example_dags/tutorial_objectstorage.py for tasks to queue
[2026-06-29T22:15:59.697+0000] {logging_mixin.py:190} INFO - [2026-06-29T22:15:59.696+0000] {dagbag.py:588} INFO - Filling up the DagBag from /home/airflow/.local/lib/python3.12/site-packages/airflow/example_dags/tutorial_objectstorage.py
[2026-06-29T22:15:59.723+0000] {processor.py:925} INFO - DAG(s) 'tutorial_objectstorage' retrieved from /home/airflow/.local/lib/python3.12/site-packages/airflow/example_dags/tutorial_objectstorage.py
[2026-06-29T22:15:59.770+0000] {logging_mixin.py:190} INFO - [2026-06-29T22:15:59.770+0000] {dag.py:3239} INFO - Sync 1 DAGs
[2026-06-29T22:15:59.804+0000] {logging_mixin.py:190} INFO - [2026-06-29T22:15:59.803+0000] {dag.py:4180} INFO - Setting next_dagrun for tutorial_objectstorage to None, run_after=None
[2026-06-29T22:15:59.846+0000] {processor.py:208} INFO - Processing /home/airflow/.local/lib/python3.12/site-packages/airflow/example_dags/tutorial_objectstorage.py took 0.173 seconds
[2026-06-29T22:16:30.834+0000] {processor.py:186} INFO - Started process (PID=1094) to work on /home/airflow/.local/lib/python3.12/site-packages/airflow/example_dags/tutorial_objectstorage.py
[2026-06-29T22:16:30.836+0000] {processor.py:914} INFO - Processing file /home/airflow/.local/lib/python3.12/site-packages/airflow/example_dags/tutorial_objectstorage.py for tasks to queue
[2026-06-29T22:16:30.844+0000] {logging_mixin.py:190} INFO - [2026-06-29T22:16:30.841+0000] {dagbag.py:588} INFO - Filling up the DagBag from /home/airflow/.local/lib/python3.12/site-packages/airflow/example_dags/tutorial_objectstorage.py
[2026-06-29T22:16:30.861+0000] {processor.py:925} INFO - DAG(s) 'tutorial_objectstorage' retrieved from /home/airflow/.local/lib/python3.12/site-packages/airflow/example_dags/tutorial_objectstorage.py
[2026-06-29T22:16:30.899+0000] {logging_mixin.py:190} INFO - [2026-06-29T22:16:30.899+0000] {dag.py:3239} INFO - Sync 1 DAGs
[2026-06-29T22:16:30.920+0000] {logging_mixin.py:190} INFO - [2026-06-29T22:16:30.919+0000] {dag.py:4180} INFO - Setting next_dagrun for tutorial_objectstorage to None, run_after=None
[2026-06-29T22:16:30.970+0000] {processor.py:208} INFO - Processing /home/airflow/.local/lib/python3.12/site-packages/airflow/example_dags/tutorial_objectstorage.py took 0.147 seconds
[2026-06-29T22:17:01.885+0000] {processor.py:186} INFO - Started process (PID=1158) to work on /home/airflow/.local/lib/python3.12/site-packages/airflow/example_dags/tutorial_objectstorage.py
[2026-06-29T22:17:01.888+0000] {processor.py:914} INFO - Processing file /home/airflow/.local/lib/python3.12/site-packages/airflow/example_dags/tutorial_objectstorage.py for tasks to queue
[2026-06-29T22:17:01.892+0000] {logging_mixin.py:190} INFO - [2026-06-29T22:17:01.891+0000] {dagbag.py:588} INFO - Filling up the DagBag from /home/airflow/.local/lib/python3.12/site-packages/airflow/example_dags/tutorial_objectstorage.py
[2026-06-29T22:17:01.907+0000] {processor.py:925} INFO - DAG(s) 'tutorial_objectstorage' retrieved from /home/airflow/.local/lib/python3.12/site-packages/airflow/example_dags/tutorial_objectstorage.py
[2026-06-29T22:17:01.939+0000] {logging_mixin.py:190} INFO - [2026-06-29T22:17:01.938+0000] {dag.py:3239} INFO - Sync 1 DAGs
[2026-06-29T22:17:01.961+0000] {logging_mixin.py:190} INFO - [2026-06-29T22:17:01.960+0000] {dag.py:4180} INFO - Setting next_dagrun for tutorial_objectstorage to None, run_after=None
[2026-06-29T22:17:01.991+0000] {processor.py:208} INFO - Processing /home/airflow/.local/lib/python3.12/site-packages/airflow/example_dags/tutorial_objectstorage.py took 0.114 seconds
[2026-06-29T22:17:35.603+0000] {processor.py:186} INFO - Started process (PID=1222) to work on /home/airflow/.local/lib/python3.12/site-packages/airflow/example_dags/tutorial_objectstorage.py
[2026-06-29T22:17:35.606+0000] {processor.py:914} INFO - Processing file /home/airflow/.local/lib/python3.12/site-packages/airflow/example_dags/tutorial_objectstorage.py for tasks to queue
[2026-06-29T22:17:35.615+0000] {logging_mixin.py:190} INFO - [2026-06-29T22:17:35.614+0000] {dagbag.py:588} INFO - Filling up the DagBag from /home/airflow/.local/lib/python3.12/site-packages/airflow/example_dags/tutorial_objectstorage.py
[2026-06-29T22:17:35.633+0000] {processor.py:925} INFO - DAG(s) 'tutorial_objectstorage' retrieved from /home/airflow/.local/lib/python3.12/site-packages/airflow/example_dags/tutorial_objectstorage.py
[2026-06-29T22:17:35.679+0000] {logging_mixin.py:190} INFO - [2026-06-29T22:17:35.678+0000] {dag.py:3239} INFO - Sync 1 DAGs
[2026-06-29T22:17:35.714+0000] {logging_mixin.py:190} INFO - [2026-06-29T22:17:35.713+0000] {dag.py:4180} INFO - Setting next_dagrun for tutorial_objectstorage to None, run_after=None
[2026-06-29T22:17:35.756+0000] {processor.py:208} INFO - Processing /home/airflow/.local/lib/python3.12/site-packages/airflow/example_dags/tutorial_objectstorage.py took 0.163 seconds
[2026-06-29T22:18:06.366+0000] {processor.py:186} INFO - Started process (PID=1286) to work on /home/airflow/.local/lib/python3.12/site-packages/airflow/example_dags/tutorial_objectstorage.py
[2026-06-29T22:18:06.368+0000] {processor.py:914} INFO - Processing file /home/airflow/.local/lib/python3.12/site-packages/airflow/example_dags/tutorial_objectstorage.py for tasks to queue
[2026-06-29T22:18:06.372+0000] {logging_mixin.py:190} INFO - [2026-06-29T22:18:06.371+0000] {dagbag.py:588} INFO - Filling up the DagBag from /home/airflow/.local/lib/python3.12/site-packages/airflow/example_dags/tutorial_objectstorage.py
[2026-06-29T22:18:06.381+0000] {processor.py:925} INFO - DAG(s) 'tutorial_objectstorage' retrieved from /home/airflow/.local/lib/python3.12/site-packages/airflow/example_dags/tutorial_objectstorage.py
[2026-06-29T22:18:06.402+0000] {logging_mixin.py:190} INFO - [2026-06-29T22:18:06.401+0000] {dag.py:3239} INFO - Sync 1 DAGs
[2026-06-29T22:18:06.416+0000] {logging_mixin.py:190} INFO - [2026-06-29T22:18:06.416+0000] {dag.py:4180} INFO - Setting next_dagrun for tutorial_objectstorage to None, run_after=None
[2026-06-29T22:18:06.439+0000] {processor.py:208} INFO - Processing /home/airflow/.local/lib/python3.12/site-packages/airflow/example_dags/tutorial_objectstorage.py took 0.078 seconds
[2026-06-29T22:18:38.933+0000] {processor.py:186} INFO - Started process (PID=1353) to work on /home/airflow/.local/lib/python3.12/site-packages/airflow/example_dags/tutorial_objectstorage.py
[2026-06-29T22:18:38.936+0000] {processor.py:914} INFO - Processing file /home/airflow/.local/lib/python3.12/site-packages/airflow/example_dags/tutorial_objectstorage.py for tasks to queue
[2026-06-29T22:18:38.946+0000] {logging_mixin.py:190} INFO - [2026-06-29T22:18:38.943+0000] {dagbag.py:588} INFO - Filling up the DagBag from /home/airflow/.local/lib/python3.12/site-packages/airflow/example_dags/tutorial_objectstorage.py
[2026-06-29T22:18:38.965+0000] {processor.py:925} INFO - DAG(s) 'tutorial_objectstorage' retrieved from /home/airflow/.local/lib/python3.12/site-packages/airflow/example_dags/tutorial_objectstorage.py
[2026-06-29T22:18:39.046+0000] {logging_mixin.py:190} INFO - [2026-06-29T22:18:39.045+0000] {dag.py:3239} INFO - Sync 1 DAGs
[2026-06-29T22:18:39.087+0000] {logging_mixin.py:190} INFO - [2026-06-29T22:18:39.087+0000] {dag.py:4180} INFO - Setting next_dagrun for tutorial_objectstorage to None, run_after=None
[2026-06-29T22:18:39.151+0000] {processor.py:208} INFO - Processing /home/airflow/.local/lib/python3.12/site-packages/airflow/example_dags/tutorial_objectstorage.py took 0.229 seconds
[2026-06-29T22:19:09.762+0000] {processor.py:186} INFO - Started process (PID=1423) to work on /home/airflow/.local/lib/python3.12/site-packages/airflow/example_dags/tutorial_objectstorage.py
[2026-06-29T22:19:09.765+0000] {processor.py:914} INFO - Processing file /home/airflow/.local/lib/python3.12/site-packages/airflow/example_dags/tutorial_objectstorage.py for tasks to queue
[2026-06-29T22:19:09.775+0000] {logging_mixin.py:190} INFO - [2026-06-29T22:19:09.774+0000] {dagbag.py:588} INFO - Filling up the DagBag from /home/airflow/.local/lib/python3.12/site-packages/airflow/example_dags/tutorial_objectstorage.py
[2026-06-29T22:19:09.804+0000] {processor.py:925} INFO - DAG(s) 'tutorial_objectstorage' retrieved from /home/airflow/.local/lib/python3.12/site-packages/airflow/example_dags/tutorial_objectstorage.py
[2026-06-29T22:19:09.857+0000] {logging_mixin.py:190} INFO - [2026-06-29T22:19:09.856+0000] {dag.py:3239} INFO - Sync 1 DAGs
[2026-06-29T22:19:09.887+0000] {logging_mixin.py:190} INFO - [2026-06-29T22:19:09.887+0000] {dag.py:4180} INFO - Setting next_dagrun for tutorial_objectstorage to None, run_after=None
[2026-06-29T22:19:09.932+0000] {processor.py:208} INFO - Processing /home/airflow/.local/lib/python3.12/site-packages/airflow/example_dags/tutorial_objectstorage.py took 0.183 seconds
[2026-06-29T22:19:43.021+0000] {processor.py:186} INFO - Started process (PID=1487) to work on /home/airflow/.local/lib/python3.12/site-packages/airflow/example_dags/tutorial_objectstorage.py
[2026-06-29T22:19:43.025+0000] {processor.py:914} INFO - Processing file /home/airflow/.local/lib/python3.12/site-packages/airflow/example_dags/tutorial_objectstorage.py for tasks to queue
[2026-06-29T22:19:43.035+0000] {logging_mixin.py:190} INFO - [2026-06-29T22:19:43.031+0000] {dagbag.py:588} INFO - Filling up the DagBag from /home/airflow/.local/lib/python3.12/site-packages/airflow/example_dags/tutorial_objectstorage.py
[2026-06-29T22:19:43.074+0000] {processor.py:925} INFO - DAG(s) 'tutorial_objectstorage' retrieved from /home/airflow/.local/lib/python3.12/site-packages/airflow/example_dags/tutorial_objectstorage.py
[2026-06-29T22:19:43.167+0000] {logging_mixin.py:190} INFO - [2026-06-29T22:19:43.164+0000] {dag.py:3239} INFO - Sync 1 DAGs
[2026-06-29T22:19:43.252+0000] {logging_mixin.py:190} INFO - [2026-06-29T22:19:43.252+0000] {dag.py:4180} INFO - Setting next_dagrun for tutorial_objectstorage to None, run_after=None
[2026-06-29T22:19:43.355+0000] {processor.py:208} INFO - Processing /home/airflow/.local/lib/python3.12/site-packages/airflow/example_dags/tutorial_objectstorage.py took 0.360 seconds
[2026-06-29T22:20:15.542+0000] {processor.py:186} INFO - Started process (PID=1552) to work on /home/airflow/.local/lib/python3.12/site-packages/airflow/example_dags/tutorial_objectstorage.py
[2026-06-29T22:20:15.545+0000] {processor.py:914} INFO - Processing file /home/airflow/.local/lib/python3.12/site-packages/airflow/example_dags/tutorial_objectstorage.py for tasks to queue
[2026-06-29T22:20:15.551+0000] {logging_mixin.py:190} INFO - [2026-06-29T22:20:15.550+0000] {dagbag.py:588} INFO - Filling up the DagBag from /home/airflow/.local/lib/python3.12/site-packages/airflow/example_dags/tutorial_objectstorage.py
[2026-06-29T22:20:15.577+0000] {processor.py:925} INFO - DAG(s) 'tutorial_objectstorage' retrieved from /home/airflow/.local/lib/python3.12/site-packages/airflow/example_dags/tutorial_objectstorage.py
[2026-06-29T22:20:15.632+0000] {logging_mixin.py:190} INFO - [2026-06-29T22:20:15.631+0000] {dag.py:3239} INFO - Sync 1 DAGs
[2026-06-29T22:20:15.666+0000] {logging_mixin.py:190} INFO - [2026-06-29T22:20:15.665+0000] {dag.py:4180} INFO - Setting next_dagrun for tutorial_objectstorage to None, run_after=None
[2026-06-29T22:20:15.712+0000] {processor.py:208} INFO - Processing /home/airflow/.local/lib/python3.12/site-packages/airflow/example_dags/tutorial_objectstorage.py took 0.185 seconds
[2026-06-29T22:20:48.531+0000] {processor.py:186} INFO - Started process (PID=1616) to work on /home/airflow/.local/lib/python3.12/site-packages/airflow/example_dags/tutorial_objectstorage.py
[2026-06-29T22:20:48.541+0000] {processor.py:914} INFO - Processing file /home/airflow/.local/lib/python3.12/site-packages/airflow/example_dags/tutorial_objectstorage.py for tasks to queue
[2026-06-29T22:20:48.555+0000] {logging_mixin.py:190} INFO - [2026-06-29T22:20:48.554+0000] {dagbag.py:588} INFO - Filling up the DagBag from /home/airflow/.local/lib/python3.12/site-packages/airflow/example_dags/tutorial_objectstorage.py
[2026-06-29T22:20:48.578+0000] {processor.py:925} INFO - DAG(s) 'tutorial_objectstorage' retrieved from /home/airflow/.local/lib/python3.12/site-packages/airflow/example_dags/tutorial_objectstorage.py
[2026-06-29T22:20:48.633+0000] {logging_mixin.py:190} INFO - [2026-06-29T22:20:48.632+0000] {dag.py:3239} INFO - Sync 1 DAGs
[2026-06-29T22:20:48.667+0000] {logging_mixin.py:190} INFO - [2026-06-29T22:20:48.667+0000] {dag.py:4180} INFO - Setting next_dagrun for tutorial_objectstorage to None, run_after=None
[2026-06-29T22:20:48.725+0000] {processor.py:208} INFO - Processing /home/airflow/.local/lib/python3.12/site-packages/airflow/example_dags/tutorial_objectstorage.py took 0.205 seconds
[2026-06-29T22:21:19.587+0000] {processor.py:186} INFO - Started process (PID=1680) to work on /home/airflow/.local/lib/python3.12/site-packages/airflow/example_dags/tutorial_objectstorage.py
[2026-06-29T22:21:19.591+0000] {processor.py:914} INFO - Processing file /home/airflow/.local/lib/python3.12/site-packages/airflow/example_dags/tutorial_objectstorage.py for tasks to queue
[2026-06-29T22:21:19.598+0000] {logging_mixin.py:190} INFO - [2026-06-29T22:21:19.597+0000] {dagbag.py:588} INFO - Filling up the DagBag from /home/airflow/.local/lib/python3.12/site-packages/airflow/example_dags/tutorial_objectstorage.py
[2026-06-29T22:21:19.628+0000] {processor.py:925} INFO - DAG(s) 'tutorial_objectstorage' retrieved from /home/airflow/.local/lib/python3.12/site-packages/airflow/example_dags/tutorial_objectstorage.py
[2026-06-29T22:21:19.740+0000] {logging_mixin.py:190} INFO - [2026-06-29T22:21:19.739+0000] {dag.py:3239} INFO - Sync 1 DAGs
[2026-06-29T22:21:19.809+0000] {logging_mixin.py:190} INFO - [2026-06-29T22:21:19.809+0000] {dag.py:4180} INFO - Setting next_dagrun for tutorial_objectstorage to None, run_after=None
[2026-06-29T22:21:19.895+0000] {processor.py:208} INFO - Processing /home/airflow/.local/lib/python3.12/site-packages/airflow/example_dags/tutorial_objectstorage.py took 0.325 seconds
[2026-06-29T22:21:50.976+0000] {processor.py:186} INFO - Started process (PID=1745) to work on /home/airflow/.local/lib/python3.12/site-packages/airflow/example_dags/tutorial_objectstorage.py
[2026-06-29T22:21:50.978+0000] {processor.py:914} INFO - Processing file /home/airflow/.local/lib/python3.12/site-packages/airflow/example_dags/tutorial_objectstorage.py for tasks to queue
[2026-06-29T22:21:50.980+0000] {logging_mixin.py:190} INFO - [2026-06-29T22:21:50.980+0000] {dagbag.py:588} INFO - Filling up the DagBag from /home/airflow/.local/lib/python3.12/site-packages/airflow/example_dags/tutorial_objectstorage.py
[2026-06-29T22:21:50.991+0000] {processor.py:925} INFO - DAG(s) 'tutorial_objectstorage' retrieved from /home/airflow/.local/lib/python3.12/site-packages/airflow/example_dags/tutorial_objectstorage.py
[2026-06-29T22:21:51.014+0000] {logging_mixin.py:190} INFO - [2026-06-29T22:21:51.013+0000] {dag.py:3239} INFO - Sync 1 DAGs
[2026-06-29T22:21:51.028+0000] {logging_mixin.py:190} INFO - [2026-06-29T22:21:51.028+0000] {dag.py:4180} INFO - Setting next_dagrun for tutorial_objectstorage to None, run_after=None
[2026-06-29T22:21:51.049+0000] {processor.py:208} INFO - Processing /home/airflow/.local/lib/python3.12/site-packages/airflow/example_dags/tutorial_objectstorage.py took 0.080 seconds
[2026-06-29T22:22:22.132+0000] {processor.py:186} INFO - Started process (PID=1810) to work on /home/airflow/.local/lib/python3.12/site-packages/airflow/example_dags/tutorial_objectstorage.py
[2026-06-29T22:22:22.133+0000] {processor.py:914} INFO - Processing file /home/airflow/.local/lib/python3.12/site-packages/airflow/example_dags/tutorial_objectstorage.py for tasks to queue
[2026-06-29T22:22:22.136+0000] {logging_mixin.py:190} INFO - [2026-06-29T22:22:22.135+0000] {dagbag.py:588} INFO - Filling up the DagBag from /home/airflow/.local/lib/python3.12/site-packages/airflow/example_dags/tutorial_objectstorage.py
[2026-06-29T22:22:22.147+0000] {processor.py:925} INFO - DAG(s) 'tutorial_objectstorage' retrieved from /home/airflow/.local/lib/python3.12/site-packages/airflow/example_dags/tutorial_objectstorage.py
[2026-06-29T22:22:22.166+0000] {logging_mixin.py:190} INFO - [2026-06-29T22:22:22.166+0000] {dag.py:3239} INFO - Sync 1 DAGs
[2026-06-29T22:22:22.181+0000] {logging_mixin.py:190} INFO - [2026-06-29T22:22:22.180+0000] {dag.py:4180} INFO - Setting next_dagrun for tutorial_objectstorage to None, run_after=None
[2026-06-29T22:22:22.200+0000] {processor.py:208} INFO - Processing /home/airflow/.local/lib/python3.12/site-packages/airflow/example_dags/tutorial_objectstorage.py took 0.075 seconds
[2026-06-29T22:22:52.329+0000] {processor.py:186} INFO - Started process (PID=1875) to work on /home/airflow/.local/lib/python3.12/site-packages/airflow/example_dags/tutorial_objectstorage.py
[2026-06-29T22:22:52.330+0000] {processor.py:914} INFO - Processing file /home/airflow/.local/lib/python3.12/site-packages/airflow/example_dags/tutorial_objectstorage.py for tasks to queue
[2026-06-29T22:22:52.334+0000] {logging_mixin.py:190} INFO - [2026-06-29T22:22:52.334+0000] {dagbag.py:588} INFO - Filling up the DagBag from /home/airflow/.local/lib/python3.12/site-packages/airflow/example_dags/tutorial_objectstorage.py
[2026-06-29T22:22:52.347+0000] {processor.py:925} INFO - DAG(s) 'tutorial_objectstorage' retrieved from /home/airflow/.local/lib/python3.12/site-packages/airflow/example_dags/tutorial_objectstorage.py
[2026-06-29T22:22:52.368+0000] {logging_mixin.py:190} INFO - [2026-06-29T22:22:52.368+0000] {dag.py:3239} INFO - Sync 1 DAGs
[2026-06-29T22:22:52.383+0000] {logging_mixin.py:190} INFO - [2026-06-29T22:22:52.383+0000] {dag.py:4180} INFO - Setting next_dagrun for tutorial_objectstorage to None, run_after=None
[2026-06-29T22:22:52.404+0000] {processor.py:208} INFO - Processing /home/airflow/.local/lib/python3.12/site-packages/airflow/example_dags/tutorial_objectstorage.py took 0.083 seconds
[2026-06-29T22:23:22.880+0000] {processor.py:186} INFO - Started process (PID=1938) to work on /home/airflow/.local/lib/python3.12/site-packages/airflow/example_dags/tutorial_objectstorage.py
[2026-06-29T22:23:22.881+0000] {processor.py:914} INFO - Processing file /home/airflow/.local/lib/python3.12/site-packages/airflow/example_dags/tutorial_objectstorage.py for tasks to queue
[2026-06-29T22:23:22.884+0000] {logging_mixin.py:190} INFO - [2026-06-29T22:23:22.883+0000] {dagbag.py:588} INFO - Filling up the DagBag from /home/airflow/.local/lib/python3.12/site-packages/airflow/example_dags/tutorial_objectstorage.py
[2026-06-29T22:23:22.896+0000] {processor.py:925} INFO - DAG(s) 'tutorial_objectstorage' retrieved from /home/airflow/.local/lib/python3.12/site-packages/airflow/example_dags/tutorial_objectstorage.py
[2026-06-29T22:23:22.918+0000] {logging_mixin.py:190} INFO - [2026-06-29T22:23:22.918+0000] {dag.py:3239} INFO - Sync 1 DAGs
[2026-06-29T22:23:22.933+0000] {logging_mixin.py:190} INFO - [2026-06-29T22:23:22.932+0000] {dag.py:4180} INFO - Setting next_dagrun for tutorial_objectstorage to None, run_after=None
[2026-06-29T22:23:22.957+0000] {processor.py:208} INFO - Processing /home/airflow/.local/lib/python3.12/site-packages/airflow/example_dags/tutorial_objectstorage.py took 0.083 seconds
[2026-06-29T22:23:53.653+0000] {processor.py:186} INFO - Started process (PID=2002) to work on /home/airflow/.local/lib/python3.12/site-packages/airflow/example_dags/tutorial_objectstorage.py
[2026-06-29T22:23:53.655+0000] {processor.py:914} INFO - Processing file /home/airflow/.local/lib/python3.12/site-packages/airflow/example_dags/tutorial_objectstorage.py for tasks to queue
[2026-06-29T22:23:53.660+0000] {logging_mixin.py:190} INFO - [2026-06-29T22:23:53.660+0000] {dagbag.py:588} INFO - Filling up the DagBag from /home/airflow/.local/lib/python3.12/site-packages/airflow/example_dags/tutorial_objectstorage.py
[2026-06-29T22:23:53.680+0000] {processor.py:925} INFO - DAG(s) 'tutorial_objectstorage' retrieved from /home/airflow/.local/lib/python3.12/site-packages/airflow/example_dags/tutorial_objectstorage.py
[2026-06-29T22:23:53.722+0000] {logging_mixin.py:190} INFO - [2026-06-29T22:23:53.722+0000] {dag.py:3239} INFO - Sync 1 DAGs
[2026-06-29T22:23:53.744+0000] {logging_mixin.py:190} INFO - [2026-06-29T22:23:53.743+0000] {dag.py:4180} INFO - Setting next_dagrun for tutorial_objectstorage to None, run_after=None
[2026-06-29T22:23:53.769+0000] {processor.py:208} INFO - Processing /home/airflow/.local/lib/python3.12/site-packages/airflow/example_dags/tutorial_objectstorage.py took 0.126 seconds
[2026-06-29T22:24:24.033+0000] {processor.py:186} INFO - Started process (PID=2066) to work on /home/airflow/.local/lib/python3.12/site-packages/airflow/example_dags/tutorial_objectstorage.py
[2026-06-29T22:24:24.035+0000] {processor.py:914} INFO - Processing file /home/airflow/.local/lib/python3.12/site-packages/airflow/example_dags/tutorial_objectstorage.py for tasks to queue
[2026-06-29T22:24:24.038+0000] {logging_mixin.py:190} INFO - [2026-06-29T22:24:24.038+0000] {dagbag.py:588} INFO - Filling up the DagBag from /home/airflow/.local/lib/python3.12/site-packages/airflow/example_dags/tutorial_objectstorage.py
[2026-06-29T22:24:24.048+0000] {processor.py:925} INFO - DAG(s) 'tutorial_objectstorage' retrieved from /home/airflow/.local/lib/python3.12/site-packages/airflow/example_dags/tutorial_objectstorage.py
[2026-06-29T22:24:24.072+0000] {logging_mixin.py:190} INFO - [2026-06-29T22:24:24.072+0000] {dag.py:3239} INFO - Sync 1 DAGs
[2026-06-29T22:24:24.087+0000] {logging_mixin.py:190} INFO - [2026-06-29T22:24:24.086+0000] {dag.py:4180} INFO - Setting next_dagrun for tutorial_objectstorage to None, run_after=None
[2026-06-29T22:24:24.108+0000] {processor.py:208} INFO - Processing /home/airflow/.local/lib/python3.12/site-packages/airflow/example_dags/tutorial_objectstorage.py took 0.081 seconds
[2026-06-29T22:24:54.692+0000] {processor.py:186} INFO - Started process (PID=2130) to work on /home/airflow/.local/lib/python3.12/site-packages/airflow/example_dags/tutorial_objectstorage.py
[2026-06-29T22:24:54.694+0000] {processor.py:914} INFO - Processing file /home/airflow/.local/lib/python3.12/site-packages/airflow/example_dags/tutorial_objectstorage.py for tasks to queue
[2026-06-29T22:24:54.697+0000] {logging_mixin.py:190} INFO - [2026-06-29T22:24:54.697+0000] {dagbag.py:588} INFO - Filling up the DagBag from /home/airflow/.local/lib/python3.12/site-packages/airflow/example_dags/tutorial_objectstorage.py
[2026-06-29T22:24:54.708+0000] {processor.py:925} INFO - DAG(s) 'tutorial_objectstorage' retrieved from /home/airflow/.local/lib/python3.12/site-packages/airflow/example_dags/tutorial_objectstorage.py
[2026-06-29T22:24:54.731+0000] {logging_mixin.py:190} INFO - [2026-06-29T22:24:54.731+0000] {dag.py:3239} INFO - Sync 1 DAGs
[2026-06-29T22:24:54.747+0000] {logging_mixin.py:190} INFO - [2026-06-29T22:24:54.747+0000] {dag.py:4180} INFO - Setting next_dagrun for tutorial_objectstorage to None, run_after=None
[2026-06-29T22:24:54.768+0000] {processor.py:208} INFO - Processing /home/airflow/.local/lib/python3.12/site-packages/airflow/example_dags/tutorial_objectstorage.py took 0.086 seconds
[2026-06-29T22:25:25.367+0000] {processor.py:186} INFO - Started process (PID=2194) to work on /home/airflow/.local/lib/python3.12/site-packages/airflow/example_dags/tutorial_objectstorage.py
[2026-06-29T22:25:25.369+0000] {processor.py:914} INFO - Processing file /home/airflow/.local/lib/python3.12/site-packages/airflow/example_dags/tutorial_objectstorage.py for tasks to queue
[2026-06-29T22:25:25.376+0000] {logging_mixin.py:190} INFO - [2026-06-29T22:25:25.375+0000] {dagbag.py:588} INFO - Filling up the DagBag from /home/airflow/.local/lib/python3.12/site-packages/airflow/example_dags/tutorial_objectstorage.py
[2026-06-29T22:25:25.390+0000] {processor.py:925} INFO - DAG(s) 'tutorial_objectstorage' retrieved from /home/airflow/.local/lib/python3.12/site-packages/airflow/example_dags/tutorial_objectstorage.py
[2026-06-29T22:25:25.429+0000] {logging_mixin.py:190} INFO - [2026-06-29T22:25:25.428+0000] {dag.py:3239} INFO - Sync 1 DAGs
[2026-06-29T22:25:25.452+0000] {logging_mixin.py:190} INFO - [2026-06-29T22:25:25.452+0000] {dag.py:4180} INFO - Setting next_dagrun for tutorial_objectstorage to None, run_after=None
[2026-06-29T22:25:25.484+0000] {processor.py:208} INFO - Processing /home/airflow/.local/lib/python3.12/site-packages/airflow/example_dags/tutorial_objectstorage.py took 0.126 seconds
[2026-06-29T22:25:55.538+0000] {processor.py:186} INFO - Started process (PID=2257) to work on /home/airflow/.local/lib/python3.12/site-packages/airflow/example_dags/tutorial_objectstorage.py
[2026-06-29T22:25:55.540+0000] {processor.py:914} INFO - Processing file /home/airflow/.local/lib/python3.12/site-packages/airflow/example_dags/tutorial_objectstorage.py for tasks to queue
[2026-06-29T22:25:55.544+0000] {logging_mixin.py:190} INFO - [2026-06-29T22:25:55.544+0000] {dagbag.py:588} INFO - Filling up the DagBag from /home/airflow/.local/lib/python3.12/site-packages/airflow/example_dags/tutorial_objectstorage.py
[2026-06-29T22:25:55.557+0000] {processor.py:925} INFO - DAG(s) 'tutorial_objectstorage' retrieved from /home/airflow/.local/lib/python3.12/site-packages/airflow/example_dags/tutorial_objectstorage.py
[2026-06-29T22:25:55.585+0000] {logging_mixin.py:190} INFO - [2026-06-29T22:25:55.584+0000] {dag.py:3239} INFO - Sync 1 DAGs
[2026-06-29T22:25:55.603+0000] {logging_mixin.py:190} INFO - [2026-06-29T22:25:55.603+0000] {dag.py:4180} INFO - Setting next_dagrun for tutorial_objectstorage to None, run_after=None
[2026-06-29T22:25:55.631+0000] {processor.py:208} INFO - Processing /home/airflow/.local/lib/python3.12/site-packages/airflow/example_dags/tutorial_objectstorage.py took 0.101 seconds
[2026-06-29T22:26:26.684+0000] {processor.py:186} INFO - Started process (PID=2321) to work on /home/airflow/.local/lib/python3.12/site-packages/airflow/example_dags/tutorial_objectstorage.py
[2026-06-29T22:26:26.685+0000] {processor.py:914} INFO - Processing file /home/airflow/.local/lib/python3.12/site-packages/airflow/example_dags/tutorial_objectstorage.py for tasks to queue
[2026-06-29T22:26:26.688+0000] {logging_mixin.py:190} INFO - [2026-06-29T22:26:26.688+0000] {dagbag.py:588} INFO - Filling up the DagBag from /home/airflow/.local/lib/python3.12/site-packages/airflow/example_dags/tutorial_objectstorage.py
[2026-06-29T22:26:26.701+0000] {processor.py:925} INFO - DAG(s) 'tutorial_objectstorage' retrieved from /home/airflow/.local/lib/python3.12/site-packages/airflow/example_dags/tutorial_objectstorage.py
[2026-06-29T22:26:26.723+0000] {logging_mixin.py:190} INFO - [2026-06-29T22:26:26.722+0000] {dag.py:3239} INFO - Sync 1 DAGs
[2026-06-29T22:26:26.737+0000] {logging_mixin.py:190} INFO - [2026-06-29T22:26:26.737+0000] {dag.py:4180} INFO - Setting next_dagrun for tutorial_objectstorage to None, run_after=None
[2026-06-29T22:26:26.757+0000] {processor.py:208} INFO - Processing /home/airflow/.local/lib/python3.12/site-packages/airflow/example_dags/tutorial_objectstorage.py took 0.079 seconds
[2026-06-29T22:26:57.893+0000] {processor.py:186} INFO - Started process (PID=2386) to work on /home/airflow/.local/lib/python3.12/site-packages/airflow/example_dags/tutorial_objectstorage.py
[2026-06-29T22:26:57.895+0000] {processor.py:914} INFO - Processing file /home/airflow/.local/lib/python3.12/site-packages/airflow/example_dags/tutorial_objectstorage.py for tasks to queue
[2026-06-29T22:26:57.897+0000] {logging_mixin.py:190} INFO - [2026-06-29T22:26:57.897+0000] {dagbag.py:588} INFO - Filling up the DagBag from /home/airflow/.local/lib/python3.12/site-packages/airflow/example_dags/tutorial_objectstorage.py
[2026-06-29T22:26:57.908+0000] {processor.py:925} INFO - DAG(s) 'tutorial_objectstorage' retrieved from /home/airflow/.local/lib/python3.12/site-packages/airflow/example_dags/tutorial_objectstorage.py
[2026-06-29T22:26:57.927+0000] {logging_mixin.py:190} INFO - [2026-06-29T22:26:57.927+0000] {dag.py:3239} INFO - Sync 1 DAGs
[2026-06-29T22:26:57.941+0000] {logging_mixin.py:190} INFO - [2026-06-29T22:26:57.941+0000] {dag.py:4180} INFO - Setting next_dagrun for tutorial_objectstorage to None, run_after=None
[2026-06-29T22:26:57.961+0000] {processor.py:208} INFO - Processing /home/airflow/.local/lib/python3.12/site-packages/airflow/example_dags/tutorial_objectstorage.py took 0.075 seconds
[2026-06-29T22:27:28.327+0000] {processor.py:186} INFO - Started process (PID=2450) to work on /home/airflow/.local/lib/python3.12/site-packages/airflow/example_dags/tutorial_objectstorage.py
[2026-06-29T22:27:28.329+0000] {processor.py:914} INFO - Processing file /home/airflow/.local/lib/python3.12/site-packages/airflow/example_dags/tutorial_objectstorage.py for tasks to queue
[2026-06-29T22:27:28.333+0000] {logging_mixin.py:190} INFO - [2026-06-29T22:27:28.332+0000] {dagbag.py:588} INFO - Filling up the DagBag from /home/airflow/.local/lib/python3.12/site-packages/airflow/example_dags/tutorial_objectstorage.py
[2026-06-29T22:27:28.346+0000] {processor.py:925} INFO - DAG(s) 'tutorial_objectstorage' retrieved from /home/airflow/.local/lib/python3.12/site-packages/airflow/example_dags/tutorial_objectstorage.py
[2026-06-29T22:27:28.367+0000] {logging_mixin.py:190} INFO - [2026-06-29T22:27:28.367+0000] {dag.py:3239} INFO - Sync 1 DAGs
[2026-06-29T22:27:28.381+0000] {logging_mixin.py:190} INFO - [2026-06-29T22:27:28.381+0000] {dag.py:4180} INFO - Setting next_dagrun for tutorial_objectstorage to None, run_after=None
[2026-06-29T22:27:28.402+0000] {processor.py:208} INFO - Processing /home/airflow/.local/lib/python3.12/site-packages/airflow/example_dags/tutorial_objectstorage.py took 0.084 seconds
[2026-06-29T22:27:59.554+0000] {processor.py:186} INFO - Started process (PID=2516) to work on /home/airflow/.local/lib/python3.12/site-packages/airflow/example_dags/tutorial_objectstorage.py
[2026-06-29T22:27:59.557+0000] {processor.py:914} INFO - Processing file /home/airflow/.local/lib/python3.12/site-packages/airflow/example_dags/tutorial_objectstorage.py for tasks to queue
[2026-06-29T22:27:59.561+0000] {logging_mixin.py:190} INFO - [2026-06-29T22:27:59.560+0000] {dagbag.py:588} INFO - Filling up the DagBag from /home/airflow/.local/lib/python3.12/site-packages/airflow/example_dags/tutorial_objectstorage.py
[2026-06-29T22:27:59.575+0000] {processor.py:925} INFO - DAG(s) 'tutorial_objectstorage' retrieved from /home/airflow/.local/lib/python3.12/site-packages/airflow/example_dags/tutorial_objectstorage.py
[2026-06-29T22:27:59.604+0000] {logging_mixin.py:190} INFO - [2026-06-29T22:27:59.604+0000] {dag.py:3239} INFO - Sync 1 DAGs
[2026-06-29T22:27:59.622+0000] {logging_mixin.py:190} INFO - [2026-06-29T22:27:59.622+0000] {dag.py:4180} INFO - Setting next_dagrun for tutorial_objectstorage to None, run_after=None
[2026-06-29T22:27:59.649+0000] {processor.py:208} INFO - Processing /home/airflow/.local/lib/python3.12/site-packages/airflow/example_dags/tutorial_objectstorage.py took 0.108 seconds
[2026-06-29T22:28:32.175+0000] {processor.py:186} INFO - Started process (PID=2582) to work on /home/airflow/.local/lib/python3.12/site-packages/airflow/example_dags/tutorial_objectstorage.py
[2026-06-29T22:28:32.178+0000] {processor.py:914} INFO - Processing file /home/airflow/.local/lib/python3.12/site-packages/airflow/example_dags/tutorial_objectstorage.py for tasks to queue
[2026-06-29T22:28:32.185+0000] {logging_mixin.py:190} INFO - [2026-06-29T22:28:32.184+0000] {dagbag.py:588} INFO - Filling up the DagBag from /home/airflow/.local/lib/python3.12/site-packages/airflow/example_dags/tutorial_objectstorage.py
[2026-06-29T22:28:32.212+0000] {processor.py:925} INFO - DAG(s) 'tutorial_objectstorage' retrieved from /home/airflow/.local/lib/python3.12/site-packages/airflow/example_dags/tutorial_objectstorage.py
[2026-06-29T22:28:32.259+0000] {logging_mixin.py:190} INFO - [2026-06-29T22:28:32.259+0000] {dag.py:3239} INFO - Sync 1 DAGs
[2026-06-29T22:28:32.294+0000] {logging_mixin.py:190} INFO - [2026-06-29T22:28:32.294+0000] {dag.py:4180} INFO - Setting next_dagrun for tutorial_objectstorage to None, run_after=None
[2026-06-29T22:28:32.345+0000] {processor.py:208} INFO - Processing /home/airflow/.local/lib/python3.12/site-packages/airflow/example_dags/tutorial_objectstorage.py took 0.182 seconds
[2026-06-29T22:29:03.839+0000] {processor.py:186} INFO - Started process (PID=2647) to work on /home/airflow/.local/lib/python3.12/site-packages/airflow/example_dags/tutorial_objectstorage.py
[2026-06-29T22:29:03.841+0000] {processor.py:914} INFO - Processing file /home/airflow/.local/lib/python3.12/site-packages/airflow/example_dags/tutorial_objectstorage.py for tasks to queue
[2026-06-29T22:29:03.844+0000] {logging_mixin.py:190} INFO - [2026-06-29T22:29:03.844+0000] {dagbag.py:588} INFO - Filling up the DagBag from /home/airflow/.local/lib/python3.12/site-packages/airflow/example_dags/tutorial_objectstorage.py
[2026-06-29T22:29:03.858+0000] {processor.py:925} INFO - DAG(s) 'tutorial_objectstorage' retrieved from /home/airflow/.local/lib/python3.12/site-packages/airflow/example_dags/tutorial_objectstorage.py
[2026-06-29T22:29:03.892+0000] {logging_mixin.py:190} INFO - [2026-06-29T22:29:03.891+0000] {dag.py:3239} INFO - Sync 1 DAGs
[2026-06-29T22:29:03.913+0000] {logging_mixin.py:190} INFO - [2026-06-29T22:29:03.913+0000] {dag.py:4180} INFO - Setting next_dagrun for tutorial_objectstorage to None, run_after=None
[2026-06-29T22:29:03.943+0000] {processor.py:208} INFO - Processing /home/airflow/.local/lib/python3.12/site-packages/airflow/example_dags/tutorial_objectstorage.py took 0.113 seconds
[2026-06-29T22:29:34.851+0000] {processor.py:186} INFO - Started process (PID=2713) to work on /home/airflow/.local/lib/python3.12/site-packages/airflow/example_dags/tutorial_objectstorage.py
[2026-06-29T22:29:34.852+0000] {processor.py:914} INFO - Processing file /home/airflow/.local/lib/python3.12/site-packages/airflow/example_dags/tutorial_objectstorage.py for tasks to queue
[2026-06-29T22:29:34.857+0000] {logging_mixin.py:190} INFO - [2026-06-29T22:29:34.856+0000] {dagbag.py:588} INFO - Filling up the DagBag from /home/airflow/.local/lib/python3.12/site-packages/airflow/example_dags/tutorial_objectstorage.py
[2026-06-29T22:29:34.875+0000] {processor.py:925} INFO - DAG(s) 'tutorial_objectstorage' retrieved from /home/airflow/.local/lib/python3.12/site-packages/airflow/example_dags/tutorial_objectstorage.py
[2026-06-29T22:29:34.917+0000] {logging_mixin.py:190} INFO - [2026-06-29T22:29:34.916+0000] {dag.py:3239} INFO - Sync 1 DAGs
[2026-06-29T22:29:34.943+0000] {logging_mixin.py:190} INFO - [2026-06-29T22:29:34.942+0000] {dag.py:4180} INFO - Setting next_dagrun for tutorial_objectstorage to None, run_after=None
[2026-06-29T22:29:34.983+0000] {processor.py:208} INFO - Processing /home/airflow/.local/lib/python3.12/site-packages/airflow/example_dags/tutorial_objectstorage.py took 0.142 seconds
[2026-06-29T22:30:05.439+0000] {processor.py:186} INFO - Started process (PID=2776) to work on /home/airflow/.local/lib/python3.12/site-packages/airflow/example_dags/tutorial_objectstorage.py
[2026-06-29T22:30:05.441+0000] {processor.py:914} INFO - Processing file /home/airflow/.local/lib/python3.12/site-packages/airflow/example_dags/tutorial_objectstorage.py for tasks to queue
[2026-06-29T22:30:05.450+0000] {logging_mixin.py:190} INFO - [2026-06-29T22:30:05.449+0000] {dagbag.py:588} INFO - Filling up the DagBag from /home/airflow/.local/lib/python3.12/site-packages/airflow/example_dags/tutorial_objectstorage.py
[2026-06-29T22:30:05.470+0000] {processor.py:925} INFO - DAG(s) 'tutorial_objectstorage' retrieved from /home/airflow/.local/lib/python3.12/site-packages/airflow/example_dags/tutorial_objectstorage.py
[2026-06-29T22:30:05.520+0000] {logging_mixin.py:190} INFO - [2026-06-29T22:30:05.520+0000] {dag.py:3239} INFO - Sync 1 DAGs
[2026-06-29T22:30:05.554+0000] {logging_mixin.py:190} INFO - [2026-06-29T22:30:05.554+0000] {dag.py:4180} INFO - Setting next_dagrun for tutorial_objectstorage to None, run_after=None
[2026-06-29T22:30:05.603+0000] {processor.py:208} INFO - Processing /home/airflow/.local/lib/python3.12/site-packages/airflow/example_dags/tutorial_objectstorage.py took 0.178 seconds
[2026-06-29T22:30:38.012+0000] {processor.py:186} INFO - Started process (PID=2841) to work on /home/airflow/.local/lib/python3.12/site-packages/airflow/example_dags/tutorial_objectstorage.py
[2026-06-29T22:30:38.018+0000] {processor.py:914} INFO - Processing file /home/airflow/.local/lib/python3.12/site-packages/airflow/example_dags/tutorial_objectstorage.py for tasks to queue
[2026-06-29T22:30:38.046+0000] {logging_mixin.py:190} INFO - [2026-06-29T22:30:38.044+0000] {dagbag.py:588} INFO - Filling up the DagBag from /home/airflow/.local/lib/python3.12/site-packages/airflow/example_dags/tutorial_objectstorage.py
[2026-06-29T22:30:38.092+0000] {processor.py:925} INFO - DAG(s) 'tutorial_objectstorage' retrieved from /home/airflow/.local/lib/python3.12/site-packages/airflow/example_dags/tutorial_objectstorage.py
[2026-06-29T22:30:38.201+0000] {logging_mixin.py:190} INFO - [2026-06-29T22:30:38.200+0000] {dag.py:3239} INFO - Sync 1 DAGs
[2026-06-29T22:30:38.265+0000] {logging_mixin.py:190} INFO - [2026-06-29T22:30:38.264+0000] {dag.py:4180} INFO - Setting next_dagrun for tutorial_objectstorage to None, run_after=None
[2026-06-29T22:30:38.367+0000] {processor.py:208} INFO - Processing /home/airflow/.local/lib/python3.12/site-packages/airflow/example_dags/tutorial_objectstorage.py took 0.395 seconds
[2026-06-29T22:31:08.902+0000] {processor.py:186} INFO - Started process (PID=2905) to work on /home/airflow/.local/lib/python3.12/site-packages/airflow/example_dags/tutorial_objectstorage.py
[2026-06-29T22:31:08.904+0000] {processor.py:914} INFO - Processing file /home/airflow/.local/lib/python3.12/site-packages/airflow/example_dags/tutorial_objectstorage.py for tasks to queue
[2026-06-29T22:31:08.907+0000] {logging_mixin.py:190} INFO - [2026-06-29T22:31:08.907+0000] {dagbag.py:588} INFO - Filling up the DagBag from /home/airflow/.local/lib/python3.12/site-packages/airflow/example_dags/tutorial_objectstorage.py
[2026-06-29T22:31:08.919+0000] {processor.py:925} INFO - DAG(s) 'tutorial_objectstorage' retrieved from /home/airflow/.local/lib/python3.12/site-packages/airflow/example_dags/tutorial_objectstorage.py
[2026-06-29T22:31:08.941+0000] {logging_mixin.py:190} INFO - [2026-06-29T22:31:08.940+0000] {dag.py:3239} INFO - Sync 1 DAGs
[2026-06-29T22:31:08.959+0000] {logging_mixin.py:190} INFO - [2026-06-29T22:31:08.959+0000] {dag.py:4180} INFO - Setting next_dagrun for tutorial_objectstorage to None, run_after=None
[2026-06-29T22:31:08.986+0000] {processor.py:208} INFO - Processing /home/airflow/.local/lib/python3.12/site-packages/airflow/example_dags/tutorial_objectstorage.py took 0.093 seconds
[2026-06-29T22:31:39.749+0000] {processor.py:186} INFO - Started process (PID=2977) to work on /home/airflow/.local/lib/python3.12/site-packages/airflow/example_dags/tutorial_objectstorage.py
[2026-06-29T22:31:39.750+0000] {processor.py:914} INFO - Processing file /home/airflow/.local/lib/python3.12/site-packages/airflow/example_dags/tutorial_objectstorage.py for tasks to queue
[2026-06-29T22:31:39.756+0000] {logging_mixin.py:190} INFO - [2026-06-29T22:31:39.755+0000] {dagbag.py:588} INFO - Filling up the DagBag from /home/airflow/.local/lib/python3.12/site-packages/airflow/example_dags/tutorial_objectstorage.py
[2026-06-29T22:31:39.773+0000] {processor.py:925} INFO - DAG(s) 'tutorial_objectstorage' retrieved from /home/airflow/.local/lib/python3.12/site-packages/airflow/example_dags/tutorial_objectstorage.py
[2026-06-29T22:31:39.805+0000] {logging_mixin.py:190} INFO - [2026-06-29T22:31:39.804+0000] {dag.py:3239} INFO - Sync 1 DAGs
[2026-06-29T22:31:39.827+0000] {logging_mixin.py:190} INFO - [2026-06-29T22:31:39.827+0000] {dag.py:4180} INFO - Setting next_dagrun for tutorial_objectstorage to None, run_after=None
[2026-06-29T22:31:39.860+0000] {processor.py:208} INFO - Processing /home/airflow/.local/lib/python3.12/site-packages/airflow/example_dags/tutorial_objectstorage.py took 0.119 seconds
[2026-06-29T22:32:11.148+0000] {processor.py:186} INFO - Started process (PID=3096) to work on /home/airflow/.local/lib/python3.12/site-packages/airflow/example_dags/tutorial_objectstorage.py
[2026-06-29T22:32:11.154+0000] {processor.py:914} INFO - Processing file /home/airflow/.local/lib/python3.12/site-packages/airflow/example_dags/tutorial_objectstorage.py for tasks to queue
[2026-06-29T22:32:11.167+0000] {logging_mixin.py:190} INFO - [2026-06-29T22:32:11.165+0000] {dagbag.py:588} INFO - Filling up the DagBag from /home/airflow/.local/lib/python3.12/site-packages/airflow/example_dags/tutorial_objectstorage.py
[2026-06-29T22:32:11.249+0000] {processor.py:925} INFO - DAG(s) 'tutorial_objectstorage' retrieved from /home/airflow/.local/lib/python3.12/site-packages/airflow/example_dags/tutorial_objectstorage.py
[2026-06-29T22:32:11.375+0000] {logging_mixin.py:190} INFO - [2026-06-29T22:32:11.374+0000] {dag.py:3239} INFO - Sync 1 DAGs
[2026-06-29T22:32:11.479+0000] {logging_mixin.py:190} INFO - [2026-06-29T22:32:11.479+0000] {dag.py:4180} INFO - Setting next_dagrun for tutorial_objectstorage to None, run_after=None
[2026-06-29T22:32:11.629+0000] {processor.py:208} INFO - Processing /home/airflow/.local/lib/python3.12/site-packages/airflow/example_dags/tutorial_objectstorage.py took 0.509 seconds
[2026-06-29T22:32:43.652+0000] {processor.py:186} INFO - Started process (PID=3203) to work on /home/airflow/.local/lib/python3.12/site-packages/airflow/example_dags/tutorial_objectstorage.py
[2026-06-29T22:32:43.658+0000] {processor.py:914} INFO - Processing file /home/airflow/.local/lib/python3.12/site-packages/airflow/example_dags/tutorial_objectstorage.py for tasks to queue
[2026-06-29T22:32:43.683+0000] {logging_mixin.py:190} INFO - [2026-06-29T22:32:43.676+0000] {dagbag.py:588} INFO - Filling up the DagBag from /home/airflow/.local/lib/python3.12/site-packages/airflow/example_dags/tutorial_objectstorage.py
[2026-06-29T22:32:43.762+0000] {processor.py:925} INFO - DAG(s) 'tutorial_objectstorage' retrieved from /home/airflow/.local/lib/python3.12/site-packages/airflow/example_dags/tutorial_objectstorage.py
[2026-06-29T22:32:43.870+0000] {logging_mixin.py:190} INFO - [2026-06-29T22:32:43.862+0000] {dag.py:3239} INFO - Sync 1 DAGs
[2026-06-29T22:32:43.934+0000] {logging_mixin.py:190} INFO - [2026-06-29T22:32:43.934+0000] {dag.py:4180} INFO - Setting next_dagrun for tutorial_objectstorage to None, run_after=None
[2026-06-29T22:32:44.036+0000] {processor.py:208} INFO - Processing /home/airflow/.local/lib/python3.12/site-packages/airflow/example_dags/tutorial_objectstorage.py took 0.410 seconds
[2026-06-29T22:33:14.469+0000] {processor.py:186} INFO - Started process (PID=3284) to work on /home/airflow/.local/lib/python3.12/site-packages/airflow/example_dags/tutorial_objectstorage.py
[2026-06-29T22:33:14.471+0000] {processor.py:914} INFO - Processing file /home/airflow/.local/lib/python3.12/site-packages/airflow/example_dags/tutorial_objectstorage.py for tasks to queue
[2026-06-29T22:33:14.475+0000] {logging_mixin.py:190} INFO - [2026-06-29T22:33:14.474+0000] {dagbag.py:588} INFO - Filling up the DagBag from /home/airflow/.local/lib/python3.12/site-packages/airflow/example_dags/tutorial_objectstorage.py
[2026-06-29T22:33:14.485+0000] {processor.py:925} INFO - DAG(s) 'tutorial_objectstorage' retrieved from /home/airflow/.local/lib/python3.12/site-packages/airflow/example_dags/tutorial_objectstorage.py
[2026-06-29T22:33:14.513+0000] {logging_mixin.py:190} INFO - [2026-06-29T22:33:14.512+0000] {dag.py:3239} INFO - Sync 1 DAGs
[2026-06-29T22:33:14.529+0000] {logging_mixin.py:190} INFO - [2026-06-29T22:33:14.529+0000] {dag.py:4180} INFO - Setting next_dagrun for tutorial_objectstorage to None, run_after=None
[2026-06-29T22:33:14.553+0000] {processor.py:208} INFO - Processing /home/airflow/.local/lib/python3.12/site-packages/airflow/example_dags/tutorial_objectstorage.py took 0.092 seconds
[2026-06-29T22:33:44.934+0000] {processor.py:186} INFO - Started process (PID=3349) to work on /home/airflow/.local/lib/python3.12/site-packages/airflow/example_dags/tutorial_objectstorage.py
[2026-06-29T22:33:44.935+0000] {processor.py:914} INFO - Processing file /home/airflow/.local/lib/python3.12/site-packages/airflow/example_dags/tutorial_objectstorage.py for tasks to queue
[2026-06-29T22:33:44.939+0000] {logging_mixin.py:190} INFO - [2026-06-29T22:33:44.939+0000] {dagbag.py:588} INFO - Filling up the DagBag from /home/airflow/.local/lib/python3.12/site-packages/airflow/example_dags/tutorial_objectstorage.py
[2026-06-29T22:33:44.953+0000] {processor.py:925} INFO - DAG(s) 'tutorial_objectstorage' retrieved from /home/airflow/.local/lib/python3.12/site-packages/airflow/example_dags/tutorial_objectstorage.py
[2026-06-29T22:33:44.980+0000] {logging_mixin.py:190} INFO - [2026-06-29T22:33:44.980+0000] {dag.py:3239} INFO - Sync 1 DAGs
[2026-06-29T22:33:44.997+0000] {logging_mixin.py:190} INFO - [2026-06-29T22:33:44.997+0000] {dag.py:4180} INFO - Setting next_dagrun for tutorial_objectstorage to None, run_after=None
[2026-06-29T22:33:45.023+0000] {processor.py:208} INFO - Processing /home/airflow/.local/lib/python3.12/site-packages/airflow/example_dags/tutorial_objectstorage.py took 0.099 seconds
[2026-06-29T22:34:15.219+0000] {processor.py:186} INFO - Started process (PID=3412) to work on /home/airflow/.local/lib/python3.12/site-packages/airflow/example_dags/tutorial_objectstorage.py
[2026-06-29T22:34:15.221+0000] {processor.py:914} INFO - Processing file /home/airflow/.local/lib/python3.12/site-packages/airflow/example_dags/tutorial_objectstorage.py for tasks to queue
[2026-06-29T22:34:15.224+0000] {logging_mixin.py:190} INFO - [2026-06-29T22:34:15.224+0000] {dagbag.py:588} INFO - Filling up the DagBag from /home/airflow/.local/lib/python3.12/site-packages/airflow/example_dags/tutorial_objectstorage.py
[2026-06-29T22:34:15.239+0000] {processor.py:925} INFO - DAG(s) 'tutorial_objectstorage' retrieved from /home/airflow/.local/lib/python3.12/site-packages/airflow/example_dags/tutorial_objectstorage.py
[2026-06-29T22:34:15.263+0000] {logging_mixin.py:190} INFO - [2026-06-29T22:34:15.263+0000] {dag.py:3239} INFO - Sync 1 DAGs
[2026-06-29T22:34:15.279+0000] {logging_mixin.py:190} INFO - [2026-06-29T22:34:15.279+0000] {dag.py:4180} INFO - Setting next_dagrun for tutorial_objectstorage to None, run_after=None
[2026-06-29T22:34:15.300+0000] {processor.py:208} INFO - Processing /home/airflow/.local/lib/python3.12/site-packages/airflow/example_dags/tutorial_objectstorage.py took 0.090 seconds
[2026-06-29T22:34:45.547+0000] {processor.py:186} INFO - Started process (PID=3475) to work on /home/airflow/.local/lib/python3.12/site-packages/airflow/example_dags/tutorial_objectstorage.py
[2026-06-29T22:34:45.550+0000] {processor.py:914} INFO - Processing file /home/airflow/.local/lib/python3.12/site-packages/airflow/example_dags/tutorial_objectstorage.py for tasks to queue
[2026-06-29T22:34:45.557+0000] {logging_mixin.py:190} INFO - [2026-06-29T22:34:45.556+0000] {dagbag.py:588} INFO - Filling up the DagBag from /home/airflow/.local/lib/python3.12/site-packages/airflow/example_dags/tutorial_objectstorage.py
[2026-06-29T22:34:45.574+0000] {processor.py:925} INFO - DAG(s) 'tutorial_objectstorage' retrieved from /home/airflow/.local/lib/python3.12/site-packages/airflow/example_dags/tutorial_objectstorage.py
[2026-06-29T22:34:45.618+0000] {logging_mixin.py:190} INFO - [2026-06-29T22:34:45.617+0000] {dag.py:3239} INFO - Sync 1 DAGs
[2026-06-29T22:34:45.654+0000] {logging_mixin.py:190} INFO - [2026-06-29T22:34:45.653+0000] {dag.py:4180} INFO - Setting next_dagrun for tutorial_objectstorage to None, run_after=None
[2026-06-29T22:34:45.722+0000] {processor.py:208} INFO - Processing /home/airflow/.local/lib/python3.12/site-packages/airflow/example_dags/tutorial_objectstorage.py took 0.194 seconds
[2026-06-29T22:35:15.846+0000] {processor.py:186} INFO - Started process (PID=3539) to work on /home/airflow/.local/lib/python3.12/site-packages/airflow/example_dags/tutorial_objectstorage.py
[2026-06-29T22:35:15.847+0000] {processor.py:914} INFO - Processing file /home/airflow/.local/lib/python3.12/site-packages/airflow/example_dags/tutorial_objectstorage.py for tasks to queue
[2026-06-29T22:35:15.851+0000] {logging_mixin.py:190} INFO - [2026-06-29T22:35:15.851+0000] {dagbag.py:588} INFO - Filling up the DagBag from /home/airflow/.local/lib/python3.12/site-packages/airflow/example_dags/tutorial_objectstorage.py
[2026-06-29T22:35:15.863+0000] {processor.py:925} INFO - DAG(s) 'tutorial_objectstorage' retrieved from /home/airflow/.local/lib/python3.12/site-packages/airflow/example_dags/tutorial_objectstorage.py
[2026-06-29T22:35:15.889+0000] {logging_mixin.py:190} INFO - [2026-06-29T22:35:15.889+0000] {dag.py:3239} INFO - Sync 1 DAGs
[2026-06-29T22:35:15.907+0000] {logging_mixin.py:190} INFO - [2026-06-29T22:35:15.907+0000] {dag.py:4180} INFO - Setting next_dagrun for tutorial_objectstorage to None, run_after=None
[2026-06-29T22:35:15.929+0000] {processor.py:208} INFO - Processing /home/airflow/.local/lib/python3.12/site-packages/airflow/example_dags/tutorial_objectstorage.py took 0.093 seconds
[2026-06-29T22:35:46.415+0000] {processor.py:186} INFO - Started process (PID=3603) to work on /home/airflow/.local/lib/python3.12/site-packages/airflow/example_dags/tutorial_objectstorage.py
[2026-06-29T22:35:46.418+0000] {processor.py:914} INFO - Processing file /home/airflow/.local/lib/python3.12/site-packages/airflow/example_dags/tutorial_objectstorage.py for tasks to queue
[2026-06-29T22:35:46.422+0000] {logging_mixin.py:190} INFO - [2026-06-29T22:35:46.422+0000] {dagbag.py:588} INFO - Filling up the DagBag from /home/airflow/.local/lib/python3.12/site-packages/airflow/example_dags/tutorial_objectstorage.py
[2026-06-29T22:35:46.436+0000] {processor.py:925} INFO - DAG(s) 'tutorial_objectstorage' retrieved from /home/airflow/.local/lib/python3.12/site-packages/airflow/example_dags/tutorial_objectstorage.py
[2026-06-29T22:35:46.459+0000] {logging_mixin.py:190} INFO - [2026-06-29T22:35:46.459+0000] {dag.py:3239} INFO - Sync 1 DAGs
[2026-06-29T22:35:46.474+0000] {logging_mixin.py:190} INFO - [2026-06-29T22:35:46.474+0000] {dag.py:4180} INFO - Setting next_dagrun for tutorial_objectstorage to None, run_after=None
[2026-06-29T22:35:46.495+0000] {processor.py:208} INFO - Processing /home/airflow/.local/lib/python3.12/site-packages/airflow/example_dags/tutorial_objectstorage.py took 0.091 seconds
[2026-06-29T22:36:17.220+0000] {processor.py:186} INFO - Started process (PID=3667) to work on /home/airflow/.local/lib/python3.12/site-packages/airflow/example_dags/tutorial_objectstorage.py
[2026-06-29T22:36:17.221+0000] {processor.py:914} INFO - Processing file /home/airflow/.local/lib/python3.12/site-packages/airflow/example_dags/tutorial_objectstorage.py for tasks to queue
[2026-06-29T22:36:17.225+0000] {logging_mixin.py:190} INFO - [2026-06-29T22:36:17.225+0000] {dagbag.py:588} INFO - Filling up the DagBag from /home/airflow/.local/lib/python3.12/site-packages/airflow/example_dags/tutorial_objectstorage.py
[2026-06-29T22:36:17.236+0000] {processor.py:925} INFO - DAG(s) 'tutorial_objectstorage' retrieved from /home/airflow/.local/lib/python3.12/site-packages/airflow/example_dags/tutorial_objectstorage.py
[2026-06-29T22:36:17.259+0000] {logging_mixin.py:190} INFO - [2026-06-29T22:36:17.259+0000] {dag.py:3239} INFO - Sync 1 DAGs
[2026-06-29T22:36:17.274+0000] {logging_mixin.py:190} INFO - [2026-06-29T22:36:17.273+0000] {dag.py:4180} INFO - Setting next_dagrun for tutorial_objectstorage to None, run_after=None
[2026-06-29T22:36:17.293+0000] {processor.py:208} INFO - Processing /home/airflow/.local/lib/python3.12/site-packages/airflow/example_dags/tutorial_objectstorage.py took 0.088 seconds
[2026-06-29T22:36:48.990+0000] {processor.py:186} INFO - Started process (PID=3731) to work on /home/airflow/.local/lib/python3.12/site-packages/airflow/example_dags/tutorial_objectstorage.py
[2026-06-29T22:36:48.992+0000] {processor.py:914} INFO - Processing file /home/airflow/.local/lib/python3.12/site-packages/airflow/example_dags/tutorial_objectstorage.py for tasks to queue
[2026-06-29T22:36:48.996+0000] {logging_mixin.py:190} INFO - [2026-06-29T22:36:48.995+0000] {dagbag.py:588} INFO - Filling up the DagBag from /home/airflow/.local/lib/python3.12/site-packages/airflow/example_dags/tutorial_objectstorage.py
[2026-06-29T22:36:49.011+0000] {processor.py:925} INFO - DAG(s) 'tutorial_objectstorage' retrieved from /home/airflow/.local/lib/python3.12/site-packages/airflow/example_dags/tutorial_objectstorage.py
[2026-06-29T22:36:49.044+0000] {logging_mixin.py:190} INFO - [2026-06-29T22:36:49.044+0000] {dag.py:3239} INFO - Sync 1 DAGs
[2026-06-29T22:36:49.071+0000] {logging_mixin.py:190} INFO - [2026-06-29T22:36:49.070+0000] {dag.py:4180} INFO - Setting next_dagrun for tutorial_objectstorage to None, run_after=None
[2026-06-29T22:36:49.104+0000] {processor.py:208} INFO - Processing /home/airflow/.local/lib/python3.12/site-packages/airflow/example_dags/tutorial_objectstorage.py took 0.131 seconds
[2026-06-29T22:37:20.365+0000] {processor.py:186} INFO - Started process (PID=3796) to work on /home/airflow/.local/lib/python3.12/site-packages/airflow/example_dags/tutorial_objectstorage.py
[2026-06-29T22:37:20.368+0000] {processor.py:914} INFO - Processing file /home/airflow/.local/lib/python3.12/site-packages/airflow/example_dags/tutorial_objectstorage.py for tasks to queue
[2026-06-29T22:37:20.374+0000] {logging_mixin.py:190} INFO - [2026-06-29T22:37:20.373+0000] {dagbag.py:588} INFO - Filling up the DagBag from /home/airflow/.local/lib/python3.12/site-packages/airflow/example_dags/tutorial_objectstorage.py
[2026-06-29T22:37:20.396+0000] {processor.py:925} INFO - DAG(s) 'tutorial_objectstorage' retrieved from /home/airflow/.local/lib/python3.12/site-packages/airflow/example_dags/tutorial_objectstorage.py
[2026-06-29T22:37:20.442+0000] {logging_mixin.py:190} INFO - [2026-06-29T22:37:20.441+0000] {dag.py:3239} INFO - Sync 1 DAGs
[2026-06-29T22:37:20.467+0000] {logging_mixin.py:190} INFO - [2026-06-29T22:37:20.467+0000] {dag.py:4180} INFO - Setting next_dagrun for tutorial_objectstorage to None, run_after=None
[2026-06-29T22:37:20.509+0000] {processor.py:208} INFO - Processing /home/airflow/.local/lib/python3.12/site-packages/airflow/example_dags/tutorial_objectstorage.py took 0.159 seconds
[2026-06-29T22:37:50.803+0000] {processor.py:186} INFO - Started process (PID=3860) to work on /home/airflow/.local/lib/python3.12/site-packages/airflow/example_dags/tutorial_objectstorage.py
[2026-06-29T22:37:50.806+0000] {processor.py:914} INFO - Processing file /home/airflow/.local/lib/python3.12/site-packages/airflow/example_dags/tutorial_objectstorage.py for tasks to queue
[2026-06-29T22:37:50.812+0000] {logging_mixin.py:190} INFO - [2026-06-29T22:37:50.811+0000] {dagbag.py:588} INFO - Filling up the DagBag from /home/airflow/.local/lib/python3.12/site-packages/airflow/example_dags/tutorial_objectstorage.py
[2026-06-29T22:37:50.838+0000] {processor.py:925} INFO - DAG(s) 'tutorial_objectstorage' retrieved from /home/airflow/.local/lib/python3.12/site-packages/airflow/example_dags/tutorial_objectstorage.py
[2026-06-29T22:37:50.877+0000] {logging_mixin.py:190} INFO - [2026-06-29T22:37:50.877+0000] {dag.py:3239} INFO - Sync 1 DAGs
[2026-06-29T22:37:50.902+0000] {logging_mixin.py:190} INFO - [2026-06-29T22:37:50.901+0000] {dag.py:4180} INFO - Setting next_dagrun for tutorial_objectstorage to None, run_after=None
[2026-06-29T22:37:50.933+0000] {processor.py:208} INFO - Processing /home/airflow/.local/lib/python3.12/site-packages/airflow/example_dags/tutorial_objectstorage.py took 0.150 seconds
[2026-06-29T22:38:22.211+0000] {processor.py:186} INFO - Started process (PID=3924) to work on /home/airflow/.local/lib/python3.12/site-packages/airflow/example_dags/tutorial_objectstorage.py
[2026-06-29T22:38:22.214+0000] {processor.py:914} INFO - Processing file /home/airflow/.local/lib/python3.12/site-packages/airflow/example_dags/tutorial_objectstorage.py for tasks to queue
[2026-06-29T22:38:22.221+0000] {logging_mixin.py:190} INFO - [2026-06-29T22:38:22.220+0000] {dagbag.py:588} INFO - Filling up the DagBag from /home/airflow/.local/lib/python3.12/site-packages/airflow/example_dags/tutorial_objectstorage.py
[2026-06-29T22:38:22.239+0000] {processor.py:925} INFO - DAG(s) 'tutorial_objectstorage' retrieved from /home/airflow/.local/lib/python3.12/site-packages/airflow/example_dags/tutorial_objectstorage.py
[2026-06-29T22:38:22.268+0000] {logging_mixin.py:190} INFO - [2026-06-29T22:38:22.268+0000] {dag.py:3239} INFO - Sync 1 DAGs
[2026-06-29T22:38:22.295+0000] {logging_mixin.py:190} INFO - [2026-06-29T22:38:22.294+0000] {dag.py:4180} INFO - Setting next_dagrun for tutorial_objectstorage to None, run_after=None
[2026-06-29T22:38:22.337+0000] {processor.py:208} INFO - Processing /home/airflow/.local/lib/python3.12/site-packages/airflow/example_dags/tutorial_objectstorage.py took 0.143 seconds
[2026-06-29T22:38:52.494+0000] {processor.py:186} INFO - Started process (PID=3988) to work on /home/airflow/.local/lib/python3.12/site-packages/airflow/example_dags/tutorial_objectstorage.py
[2026-06-29T22:38:52.496+0000] {processor.py:914} INFO - Processing file /home/airflow/.local/lib/python3.12/site-packages/airflow/example_dags/tutorial_objectstorage.py for tasks to queue
[2026-06-29T22:38:52.501+0000] {logging_mixin.py:190} INFO - [2026-06-29T22:38:52.501+0000] {dagbag.py:588} INFO - Filling up the DagBag from /home/airflow/.local/lib/python3.12/site-packages/airflow/example_dags/tutorial_objectstorage.py
[2026-06-29T22:38:52.513+0000] {processor.py:925} INFO - DAG(s) 'tutorial_objectstorage' retrieved from /home/airflow/.local/lib/python3.12/site-packages/airflow/example_dags/tutorial_objectstorage.py
[2026-06-29T22:38:52.541+0000] {logging_mixin.py:190} INFO - [2026-06-29T22:38:52.540+0000] {dag.py:3239} INFO - Sync 1 DAGs
[2026-06-29T22:38:52.565+0000] {logging_mixin.py:190} INFO - [2026-06-29T22:38:52.565+0000] {dag.py:4180} INFO - Setting next_dagrun for tutorial_objectstorage to None, run_after=None
[2026-06-29T22:38:52.591+0000] {processor.py:208} INFO - Processing /home/airflow/.local/lib/python3.12/site-packages/airflow/example_dags/tutorial_objectstorage.py took 0.107 seconds
[2026-06-29T22:39:22.930+0000] {processor.py:186} INFO - Started process (PID=4051) to work on /home/airflow/.local/lib/python3.12/site-packages/airflow/example_dags/tutorial_objectstorage.py
[2026-06-29T22:39:22.933+0000] {processor.py:914} INFO - Processing file /home/airflow/.local/lib/python3.12/site-packages/airflow/example_dags/tutorial_objectstorage.py for tasks to queue
[2026-06-29T22:39:22.936+0000] {logging_mixin.py:190} INFO - [2026-06-29T22:39:22.935+0000] {dagbag.py:588} INFO - Filling up the DagBag from /home/airflow/.local/lib/python3.12/site-packages/airflow/example_dags/tutorial_objectstorage.py
[2026-06-29T22:39:22.946+0000] {processor.py:925} INFO - DAG(s) 'tutorial_objectstorage' retrieved from /home/airflow/.local/lib/python3.12/site-packages/airflow/example_dags/tutorial_objectstorage.py
[2026-06-29T22:39:23.140+0000] {logging_mixin.py:190} INFO - [2026-06-29T22:39:23.140+0000] {dag.py:3239} INFO - Sync 1 DAGs
[2026-06-29T22:39:23.154+0000] {logging_mixin.py:190} INFO - [2026-06-29T22:39:23.154+0000] {dag.py:4180} INFO - Setting next_dagrun for tutorial_objectstorage to None, run_after=None
[2026-06-29T22:39:23.177+0000] {processor.py:208} INFO - Processing /home/airflow/.local/lib/python3.12/site-packages/airflow/example_dags/tutorial_objectstorage.py took 0.258 seconds
[2026-06-29T22:39:56.412+0000] {processor.py:186} INFO - Started process (PID=4116) to work on /home/airflow/.local/lib/python3.12/site-packages/airflow/example_dags/tutorial_objectstorage.py
[2026-06-29T22:39:56.414+0000] {processor.py:914} INFO - Processing file /home/airflow/.local/lib/python3.12/site-packages/airflow/example_dags/tutorial_objectstorage.py for tasks to queue
[2026-06-29T22:39:56.421+0000] {logging_mixin.py:190} INFO - [2026-06-29T22:39:56.420+0000] {dagbag.py:588} INFO - Filling up the DagBag from /home/airflow/.local/lib/python3.12/site-packages/airflow/example_dags/tutorial_objectstorage.py
[2026-06-29T22:39:56.454+0000] {processor.py:925} INFO - DAG(s) 'tutorial_objectstorage' retrieved from /home/airflow/.local/lib/python3.12/site-packages/airflow/example_dags/tutorial_objectstorage.py
[2026-06-29T22:39:56.520+0000] {logging_mixin.py:190} INFO - [2026-06-29T22:39:56.519+0000] {dag.py:3239} INFO - Sync 1 DAGs
[2026-06-29T22:39:56.896+0000] {logging_mixin.py:190} INFO - [2026-06-29T22:39:56.896+0000] {dag.py:4180} INFO - Setting next_dagrun for tutorial_objectstorage to None, run_after=None
[2026-06-29T22:39:56.931+0000] {processor.py:208} INFO - Processing /home/airflow/.local/lib/python3.12/site-packages/airflow/example_dags/tutorial_objectstorage.py took 0.534 seconds
[2026-06-29T22:41:32.623+0000] {processor.py:186} INFO - Started process (PID=126) to work on /home/airflow/.local/lib/python3.12/site-packages/airflow/example_dags/tutorial_objectstorage.py
[2026-06-29T22:41:32.626+0000] {processor.py:914} INFO - Processing file /home/airflow/.local/lib/python3.12/site-packages/airflow/example_dags/tutorial_objectstorage.py for tasks to queue
[2026-06-29T22:41:32.633+0000] {logging_mixin.py:190} INFO - [2026-06-29T22:41:32.632+0000] {dagbag.py:588} INFO - Filling up the DagBag from /home/airflow/.local/lib/python3.12/site-packages/airflow/example_dags/tutorial_objectstorage.py
[2026-06-29T22:41:32.653+0000] {processor.py:925} INFO - DAG(s) 'tutorial_objectstorage' retrieved from /home/airflow/.local/lib/python3.12/site-packages/airflow/example_dags/tutorial_objectstorage.py
[2026-06-29T22:41:32.720+0000] {logging_mixin.py:190} INFO - [2026-06-29T22:41:32.719+0000] {dag.py:3239} INFO - Sync 1 DAGs
[2026-06-29T22:41:32.752+0000] {logging_mixin.py:190} INFO - [2026-06-29T22:41:32.752+0000] {dag.py:4180} INFO - Setting next_dagrun for tutorial_objectstorage to None, run_after=None
[2026-06-29T22:41:32.816+0000] {processor.py:208} INFO - Processing /home/airflow/.local/lib/python3.12/site-packages/airflow/example_dags/tutorial_objectstorage.py took 0.209 seconds
[2026-06-29T22:42:03.403+0000] {processor.py:186} INFO - Started process (PID=190) to work on /home/airflow/.local/lib/python3.12/site-packages/airflow/example_dags/tutorial_objectstorage.py
[2026-06-29T22:42:03.406+0000] {processor.py:914} INFO - Processing file /home/airflow/.local/lib/python3.12/site-packages/airflow/example_dags/tutorial_objectstorage.py for tasks to queue
[2026-06-29T22:42:03.415+0000] {logging_mixin.py:190} INFO - [2026-06-29T22:42:03.414+0000] {dagbag.py:588} INFO - Filling up the DagBag from /home/airflow/.local/lib/python3.12/site-packages/airflow/example_dags/tutorial_objectstorage.py
[2026-06-29T22:42:03.434+0000] {processor.py:925} INFO - DAG(s) 'tutorial_objectstorage' retrieved from /home/airflow/.local/lib/python3.12/site-packages/airflow/example_dags/tutorial_objectstorage.py
[2026-06-29T22:42:03.486+0000] {logging_mixin.py:190} INFO - [2026-06-29T22:42:03.485+0000] {dag.py:3239} INFO - Sync 1 DAGs
[2026-06-29T22:42:03.518+0000] {logging_mixin.py:190} INFO - [2026-06-29T22:42:03.517+0000] {dag.py:4180} INFO - Setting next_dagrun for tutorial_objectstorage to None, run_after=None
[2026-06-29T22:42:03.566+0000] {processor.py:208} INFO - Processing /home/airflow/.local/lib/python3.12/site-packages/airflow/example_dags/tutorial_objectstorage.py took 0.176 seconds
[2026-06-29T22:42:36.020+0000] {processor.py:186} INFO - Started process (PID=254) to work on /home/airflow/.local/lib/python3.12/site-packages/airflow/example_dags/tutorial_objectstorage.py
[2026-06-29T22:42:36.022+0000] {processor.py:914} INFO - Processing file /home/airflow/.local/lib/python3.12/site-packages/airflow/example_dags/tutorial_objectstorage.py for tasks to queue
[2026-06-29T22:42:36.027+0000] {logging_mixin.py:190} INFO - [2026-06-29T22:42:36.027+0000] {dagbag.py:588} INFO - Filling up the DagBag from /home/airflow/.local/lib/python3.12/site-packages/airflow/example_dags/tutorial_objectstorage.py
[2026-06-29T22:42:36.049+0000] {processor.py:925} INFO - DAG(s) 'tutorial_objectstorage' retrieved from /home/airflow/.local/lib/python3.12/site-packages/airflow/example_dags/tutorial_objectstorage.py
[2026-06-29T22:42:36.098+0000] {logging_mixin.py:190} INFO - [2026-06-29T22:42:36.098+0000] {dag.py:3239} INFO - Sync 1 DAGs
[2026-06-29T22:42:36.130+0000] {logging_mixin.py:190} INFO - [2026-06-29T22:42:36.130+0000] {dag.py:4180} INFO - Setting next_dagrun for tutorial_objectstorage to None, run_after=None
[2026-06-29T22:42:36.176+0000] {processor.py:208} INFO - Processing /home/airflow/.local/lib/python3.12/site-packages/airflow/example_dags/tutorial_objectstorage.py took 0.168 seconds
[2026-06-29T22:43:10.238+0000] {processor.py:186} INFO - Started process (PID=317) to work on /home/airflow/.local/lib/python3.12/site-packages/airflow/example_dags/tutorial_objectstorage.py
[2026-06-29T22:43:10.241+0000] {processor.py:914} INFO - Processing file /home/airflow/.local/lib/python3.12/site-packages/airflow/example_dags/tutorial_objectstorage.py for tasks to queue
[2026-06-29T22:43:10.248+0000] {logging_mixin.py:190} INFO - [2026-06-29T22:43:10.247+0000] {dagbag.py:588} INFO - Filling up the DagBag from /home/airflow/.local/lib/python3.12/site-packages/airflow/example_dags/tutorial_objectstorage.py
[2026-06-29T22:43:10.269+0000] {processor.py:925} INFO - DAG(s) 'tutorial_objectstorage' retrieved from /home/airflow/.local/lib/python3.12/site-packages/airflow/example_dags/tutorial_objectstorage.py
[2026-06-29T22:43:10.330+0000] {logging_mixin.py:190} INFO - [2026-06-29T22:43:10.329+0000] {dag.py:3239} INFO - Sync 1 DAGs
[2026-06-29T22:43:10.372+0000] {logging_mixin.py:190} INFO - [2026-06-29T22:43:10.372+0000] {dag.py:4180} INFO - Setting next_dagrun for tutorial_objectstorage to None, run_after=None
[2026-06-29T22:43:10.447+0000] {processor.py:208} INFO - Processing /home/airflow/.local/lib/python3.12/site-packages/airflow/example_dags/tutorial_objectstorage.py took 0.222 seconds
[2026-06-29T22:43:40.726+0000] {processor.py:186} INFO - Started process (PID=382) to work on /home/airflow/.local/lib/python3.12/site-packages/airflow/example_dags/tutorial_objectstorage.py
[2026-06-29T22:43:40.729+0000] {processor.py:914} INFO - Processing file /home/airflow/.local/lib/python3.12/site-packages/airflow/example_dags/tutorial_objectstorage.py for tasks to queue
[2026-06-29T22:43:40.739+0000] {logging_mixin.py:190} INFO - [2026-06-29T22:43:40.737+0000] {dagbag.py:588} INFO - Filling up the DagBag from /home/airflow/.local/lib/python3.12/site-packages/airflow/example_dags/tutorial_objectstorage.py
[2026-06-29T22:43:40.757+0000] {processor.py:925} INFO - DAG(s) 'tutorial_objectstorage' retrieved from /home/airflow/.local/lib/python3.12/site-packages/airflow/example_dags/tutorial_objectstorage.py
[2026-06-29T22:43:40.839+0000] {logging_mixin.py:190} INFO - [2026-06-29T22:43:40.839+0000] {dag.py:3239} INFO - Sync 1 DAGs
[2026-06-29T22:43:40.875+0000] {logging_mixin.py:190} INFO - [2026-06-29T22:43:40.875+0000] {dag.py:4180} INFO - Setting next_dagrun for tutorial_objectstorage to None, run_after=None
[2026-06-29T22:43:40.926+0000] {processor.py:208} INFO - Processing /home/airflow/.local/lib/python3.12/site-packages/airflow/example_dags/tutorial_objectstorage.py took 0.213 seconds
[2026-06-29T22:44:11.113+0000] {processor.py:186} INFO - Started process (PID=452) to work on /home/airflow/.local/lib/python3.12/site-packages/airflow/example_dags/tutorial_objectstorage.py
[2026-06-29T22:44:11.115+0000] {processor.py:914} INFO - Processing file /home/airflow/.local/lib/python3.12/site-packages/airflow/example_dags/tutorial_objectstorage.py for tasks to queue
[2026-06-29T22:44:11.118+0000] {logging_mixin.py:190} INFO - [2026-06-29T22:44:11.118+0000] {dagbag.py:588} INFO - Filling up the DagBag from /home/airflow/.local/lib/python3.12/site-packages/airflow/example_dags/tutorial_objectstorage.py
[2026-06-29T22:44:11.131+0000] {processor.py:925} INFO - DAG(s) 'tutorial_objectstorage' retrieved from /home/airflow/.local/lib/python3.12/site-packages/airflow/example_dags/tutorial_objectstorage.py
[2026-06-29T22:44:11.155+0000] {logging_mixin.py:190} INFO - [2026-06-29T22:44:11.154+0000] {dag.py:3239} INFO - Sync 1 DAGs
[2026-06-29T22:44:11.171+0000] {logging_mixin.py:190} INFO - [2026-06-29T22:44:11.170+0000] {dag.py:4180} INFO - Setting next_dagrun for tutorial_objectstorage to None, run_after=None
[2026-06-29T22:44:11.192+0000] {processor.py:208} INFO - Processing /home/airflow/.local/lib/python3.12/site-packages/airflow/example_dags/tutorial_objectstorage.py took 0.088 seconds
[2026-06-29T22:44:41.961+0000] {processor.py:186} INFO - Started process (PID=517) to work on /home/airflow/.local/lib/python3.12/site-packages/airflow/example_dags/tutorial_objectstorage.py
[2026-06-29T22:44:41.964+0000] {processor.py:914} INFO - Processing file /home/airflow/.local/lib/python3.12/site-packages/airflow/example_dags/tutorial_objectstorage.py for tasks to queue
[2026-06-29T22:44:41.975+0000] {logging_mixin.py:190} INFO - [2026-06-29T22:44:41.974+0000] {dagbag.py:588} INFO - Filling up the DagBag from /home/airflow/.local/lib/python3.12/site-packages/airflow/example_dags/tutorial_objectstorage.py
[2026-06-29T22:44:41.999+0000] {processor.py:925} INFO - DAG(s) 'tutorial_objectstorage' retrieved from /home/airflow/.local/lib/python3.12/site-packages/airflow/example_dags/tutorial_objectstorage.py
[2026-06-29T22:44:42.065+0000] {logging_mixin.py:190} INFO - [2026-06-29T22:44:42.065+0000] {dag.py:3239} INFO - Sync 1 DAGs
[2026-06-29T22:44:42.099+0000] {logging_mixin.py:190} INFO - [2026-06-29T22:44:42.099+0000] {dag.py:4180} INFO - Setting next_dagrun for tutorial_objectstorage to None, run_after=None
[2026-06-29T22:44:42.155+0000] {processor.py:208} INFO - Processing /home/airflow/.local/lib/python3.12/site-packages/airflow/example_dags/tutorial_objectstorage.py took 0.207 seconds
[2026-06-29T22:45:13.116+0000] {processor.py:186} INFO - Started process (PID=580) to work on /home/airflow/.local/lib/python3.12/site-packages/airflow/example_dags/tutorial_objectstorage.py
[2026-06-29T22:45:13.120+0000] {processor.py:914} INFO - Processing file /home/airflow/.local/lib/python3.12/site-packages/airflow/example_dags/tutorial_objectstorage.py for tasks to queue
[2026-06-29T22:45:13.126+0000] {logging_mixin.py:190} INFO - [2026-06-29T22:45:13.126+0000] {dagbag.py:588} INFO - Filling up the DagBag from /home/airflow/.local/lib/python3.12/site-packages/airflow/example_dags/tutorial_objectstorage.py
[2026-06-29T22:45:13.143+0000] {processor.py:925} INFO - DAG(s) 'tutorial_objectstorage' retrieved from /home/airflow/.local/lib/python3.12/site-packages/airflow/example_dags/tutorial_objectstorage.py
[2026-06-29T22:45:13.177+0000] {logging_mixin.py:190} INFO - [2026-06-29T22:45:13.176+0000] {dag.py:3239} INFO - Sync 1 DAGs
[2026-06-29T22:45:13.205+0000] {logging_mixin.py:190} INFO - [2026-06-29T22:45:13.205+0000] {dag.py:4180} INFO - Setting next_dagrun for tutorial_objectstorage to None, run_after=None
[2026-06-29T22:45:13.260+0000] {processor.py:208} INFO - Processing /home/airflow/.local/lib/python3.12/site-packages/airflow/example_dags/tutorial_objectstorage.py took 0.154 seconds
[2026-06-29T22:45:43.998+0000] {processor.py:186} INFO - Started process (PID=644) to work on /home/airflow/.local/lib/python3.12/site-packages/airflow/example_dags/tutorial_objectstorage.py
[2026-06-29T22:45:44.000+0000] {processor.py:914} INFO - Processing file /home/airflow/.local/lib/python3.12/site-packages/airflow/example_dags/tutorial_objectstorage.py for tasks to queue
[2026-06-29T22:45:44.006+0000] {logging_mixin.py:190} INFO - [2026-06-29T22:45:44.005+0000] {dagbag.py:588} INFO - Filling up the DagBag from /home/airflow/.local/lib/python3.12/site-packages/airflow/example_dags/tutorial_objectstorage.py
[2026-06-29T22:45:44.019+0000] {processor.py:925} INFO - DAG(s) 'tutorial_objectstorage' retrieved from /home/airflow/.local/lib/python3.12/site-packages/airflow/example_dags/tutorial_objectstorage.py
[2026-06-29T22:45:44.045+0000] {logging_mixin.py:190} INFO - [2026-06-29T22:45:44.045+0000] {dag.py:3239} INFO - Sync 1 DAGs
[2026-06-29T22:45:44.063+0000] {logging_mixin.py:190} INFO - [2026-06-29T22:45:44.063+0000] {dag.py:4180} INFO - Setting next_dagrun for tutorial_objectstorage to None, run_after=None
[2026-06-29T22:45:44.092+0000] {processor.py:208} INFO - Processing /home/airflow/.local/lib/python3.12/site-packages/airflow/example_dags/tutorial_objectstorage.py took 0.102 seconds
[2026-06-29T22:46:14.839+0000] {processor.py:186} INFO - Started process (PID=708) to work on /home/airflow/.local/lib/python3.12/site-packages/airflow/example_dags/tutorial_objectstorage.py
[2026-06-29T22:46:14.841+0000] {processor.py:914} INFO - Processing file /home/airflow/.local/lib/python3.12/site-packages/airflow/example_dags/tutorial_objectstorage.py for tasks to queue
[2026-06-29T22:46:14.845+0000] {logging_mixin.py:190} INFO - [2026-06-29T22:46:14.845+0000] {dagbag.py:588} INFO - Filling up the DagBag from /home/airflow/.local/lib/python3.12/site-packages/airflow/example_dags/tutorial_objectstorage.py
[2026-06-29T22:46:14.859+0000] {processor.py:925} INFO - DAG(s) 'tutorial_objectstorage' retrieved from /home/airflow/.local/lib/python3.12/site-packages/airflow/example_dags/tutorial_objectstorage.py
[2026-06-29T22:46:14.888+0000] {logging_mixin.py:190} INFO - [2026-06-29T22:46:14.887+0000] {dag.py:3239} INFO - Sync 1 DAGs
[2026-06-29T22:46:14.910+0000] {logging_mixin.py:190} INFO - [2026-06-29T22:46:14.909+0000] {dag.py:4180} INFO - Setting next_dagrun for tutorial_objectstorage to None, run_after=None
[2026-06-29T22:46:14.942+0000] {processor.py:208} INFO - Processing /home/airflow/.local/lib/python3.12/site-packages/airflow/example_dags/tutorial_objectstorage.py took 0.112 seconds
[2026-06-29T22:46:47.175+0000] {processor.py:186} INFO - Started process (PID=772) to work on /home/airflow/.local/lib/python3.12/site-packages/airflow/example_dags/tutorial_objectstorage.py
[2026-06-29T22:46:47.179+0000] {processor.py:914} INFO - Processing file /home/airflow/.local/lib/python3.12/site-packages/airflow/example_dags/tutorial_objectstorage.py for tasks to queue
[2026-06-29T22:46:47.200+0000] {logging_mixin.py:190} INFO - [2026-06-29T22:46:47.198+0000] {dagbag.py:588} INFO - Filling up the DagBag from /home/airflow/.local/lib/python3.12/site-packages/airflow/example_dags/tutorial_objectstorage.py
[2026-06-29T22:46:47.237+0000] {processor.py:925} INFO - DAG(s) 'tutorial_objectstorage' retrieved from /home/airflow/.local/lib/python3.12/site-packages/airflow/example_dags/tutorial_objectstorage.py
[2026-06-29T22:46:47.314+0000] {logging_mixin.py:190} INFO - [2026-06-29T22:46:47.314+0000] {dag.py:3239} INFO - Sync 1 DAGs
[2026-06-29T22:46:47.364+0000] {logging_mixin.py:190} INFO - [2026-06-29T22:46:47.363+0000] {dag.py:4180} INFO - Setting next_dagrun for tutorial_objectstorage to None, run_after=None
[2026-06-29T22:46:47.439+0000] {processor.py:208} INFO - Processing /home/airflow/.local/lib/python3.12/site-packages/airflow/example_dags/tutorial_objectstorage.py took 0.290 seconds
