[2026-06-29T21:59:26.887+0000] {processor.py:186} INFO - Started process (PID=124) to work on /home/airflow/.local/lib/python3.12/site-packages/airflow/example_dags/tutorial_taskflow_api.py
[2026-06-29T21:59:26.890+0000] {processor.py:914} INFO - Processing file /home/airflow/.local/lib/python3.12/site-packages/airflow/example_dags/tutorial_taskflow_api.py for tasks to queue
[2026-06-29T21:59:26.896+0000] {logging_mixin.py:190} INFO - [2026-06-29T21:59:26.895+0000] {dagbag.py:588} INFO - Filling up the DagBag from /home/airflow/.local/lib/python3.12/site-packages/airflow/example_dags/tutorial_taskflow_api.py
[2026-06-29T21:59:26.912+0000] {processor.py:925} INFO - DAG(s) 'tutorial_taskflow_api' retrieved from /home/airflow/.local/lib/python3.12/site-packages/airflow/example_dags/tutorial_taskflow_api.py
[2026-06-29T21:59:27.119+0000] {logging_mixin.py:190} INFO - [2026-06-29T21:59:27.117+0000] {override.py:1912} INFO - Created Permission View: can read on DAG:tutorial_taskflow_api
[2026-06-29T21:59:27.149+0000] {logging_mixin.py:190} INFO - [2026-06-29T21:59:27.147+0000] {override.py:1912} INFO - Created Permission View: can delete on DAG:tutorial_taskflow_api
[2026-06-29T21:59:27.172+0000] {logging_mixin.py:190} INFO - [2026-06-29T21:59:27.171+0000] {override.py:1912} INFO - Created Permission View: can edit on DAG:tutorial_taskflow_api
[2026-06-29T21:59:27.201+0000] {logging_mixin.py:190} INFO - [2026-06-29T21:59:27.200+0000] {override.py:1912} INFO - Created Permission View: menu access on DAG Run:tutorial_taskflow_api
[2026-06-29T21:59:27.227+0000] {logging_mixin.py:190} INFO - [2026-06-29T21:59:27.226+0000] {override.py:1912} INFO - Created Permission View: can read on DAG Run:tutorial_taskflow_api
[2026-06-29T21:59:27.258+0000] {logging_mixin.py:190} INFO - [2026-06-29T21:59:27.256+0000] {override.py:1912} INFO - Created Permission View: can delete on DAG Run:tutorial_taskflow_api
[2026-06-29T21:59:27.283+0000] {logging_mixin.py:190} INFO - [2026-06-29T21:59:27.282+0000] {override.py:1912} INFO - Created Permission View: can create on DAG Run:tutorial_taskflow_api
[2026-06-29T21:59:27.286+0000] {logging_mixin.py:190} INFO - [2026-06-29T21:59:27.286+0000] {dag.py:3239} INFO - Sync 1 DAGs
[2026-06-29T21:59:27.323+0000] {logging_mixin.py:190} INFO - [2026-06-29T21:59:27.323+0000] {dag.py:3262} INFO - Creating ORM DAG for tutorial_taskflow_api
[2026-06-29T21:59:27.326+0000] {logging_mixin.py:190} INFO - [2026-06-29T21:59:27.325+0000] {dag.py:4180} INFO - Setting next_dagrun for tutorial_taskflow_api to None, run_after=None
[2026-06-29T21:59:27.373+0000] {processor.py:208} INFO - Processing /home/airflow/.local/lib/python3.12/site-packages/airflow/example_dags/tutorial_taskflow_api.py took 0.497 seconds
[2026-06-29T21:59:57.829+0000] {processor.py:186} INFO - Started process (PID=187) to work on /home/airflow/.local/lib/python3.12/site-packages/airflow/example_dags/tutorial_taskflow_api.py
[2026-06-29T21:59:57.839+0000] {processor.py:914} INFO - Processing file /home/airflow/.local/lib/python3.12/site-packages/airflow/example_dags/tutorial_taskflow_api.py for tasks to queue
[2026-06-29T21:59:57.849+0000] {logging_mixin.py:190} INFO - [2026-06-29T21:59:57.847+0000] {dagbag.py:588} INFO - Filling up the DagBag from /home/airflow/.local/lib/python3.12/site-packages/airflow/example_dags/tutorial_taskflow_api.py
[2026-06-29T21:59:57.872+0000] {processor.py:925} INFO - DAG(s) 'tutorial_taskflow_api' retrieved from /home/airflow/.local/lib/python3.12/site-packages/airflow/example_dags/tutorial_taskflow_api.py
[2026-06-29T21:59:57.922+0000] {logging_mixin.py:190} INFO - [2026-06-29T21:59:57.922+0000] {dag.py:3239} INFO - Sync 1 DAGs
[2026-06-29T21:59:57.954+0000] {logging_mixin.py:190} INFO - [2026-06-29T21:59:57.953+0000] {dag.py:4180} INFO - Setting next_dagrun for tutorial_taskflow_api to None, run_after=None
[2026-06-29T21:59:58.012+0000] {processor.py:208} INFO - Processing /home/airflow/.local/lib/python3.12/site-packages/airflow/example_dags/tutorial_taskflow_api.py took 0.198 seconds
[2026-06-29T22:00:29.139+0000] {processor.py:186} INFO - Started process (PID=249) to work on /home/airflow/.local/lib/python3.12/site-packages/airflow/example_dags/tutorial_taskflow_api.py
[2026-06-29T22:00:29.142+0000] {processor.py:914} INFO - Processing file /home/airflow/.local/lib/python3.12/site-packages/airflow/example_dags/tutorial_taskflow_api.py for tasks to queue
[2026-06-29T22:00:29.146+0000] {logging_mixin.py:190} INFO - [2026-06-29T22:00:29.145+0000] {dagbag.py:588} INFO - Filling up the DagBag from /home/airflow/.local/lib/python3.12/site-packages/airflow/example_dags/tutorial_taskflow_api.py
[2026-06-29T22:00:29.158+0000] {processor.py:925} INFO - DAG(s) 'tutorial_taskflow_api' retrieved from /home/airflow/.local/lib/python3.12/site-packages/airflow/example_dags/tutorial_taskflow_api.py
[2026-06-29T22:00:29.188+0000] {logging_mixin.py:190} INFO - [2026-06-29T22:00:29.188+0000] {dag.py:3239} INFO - Sync 1 DAGs
[2026-06-29T22:00:29.208+0000] {logging_mixin.py:190} INFO - [2026-06-29T22:00:29.207+0000] {dag.py:4180} INFO - Setting next_dagrun for tutorial_taskflow_api to None, run_after=None
[2026-06-29T22:00:29.235+0000] {processor.py:208} INFO - Processing /home/airflow/.local/lib/python3.12/site-packages/airflow/example_dags/tutorial_taskflow_api.py took 0.104 seconds
[2026-06-29T22:00:59.546+0000] {processor.py:186} INFO - Started process (PID=313) to work on /home/airflow/.local/lib/python3.12/site-packages/airflow/example_dags/tutorial_taskflow_api.py
[2026-06-29T22:00:59.551+0000] {processor.py:914} INFO - Processing file /home/airflow/.local/lib/python3.12/site-packages/airflow/example_dags/tutorial_taskflow_api.py for tasks to queue
[2026-06-29T22:00:59.560+0000] {logging_mixin.py:190} INFO - [2026-06-29T22:00:59.559+0000] {dagbag.py:588} INFO - Filling up the DagBag from /home/airflow/.local/lib/python3.12/site-packages/airflow/example_dags/tutorial_taskflow_api.py
[2026-06-29T22:00:59.604+0000] {processor.py:925} INFO - DAG(s) 'tutorial_taskflow_api' retrieved from /home/airflow/.local/lib/python3.12/site-packages/airflow/example_dags/tutorial_taskflow_api.py
[2026-06-29T22:00:59.931+0000] {logging_mixin.py:190} INFO - [2026-06-29T22:00:59.929+0000] {dag.py:3239} INFO - Sync 1 DAGs
[2026-06-29T22:01:00.045+0000] {logging_mixin.py:190} INFO - [2026-06-29T22:01:00.044+0000] {dag.py:4180} INFO - Setting next_dagrun for tutorial_taskflow_api to None, run_after=None
[2026-06-29T22:01:00.145+0000] {processor.py:208} INFO - Processing /home/airflow/.local/lib/python3.12/site-packages/airflow/example_dags/tutorial_taskflow_api.py took 0.637 seconds
[2026-06-29T22:01:30.583+0000] {processor.py:186} INFO - Started process (PID=378) to work on /home/airflow/.local/lib/python3.12/site-packages/airflow/example_dags/tutorial_taskflow_api.py
[2026-06-29T22:01:30.586+0000] {processor.py:914} INFO - Processing file /home/airflow/.local/lib/python3.12/site-packages/airflow/example_dags/tutorial_taskflow_api.py for tasks to queue
[2026-06-29T22:01:30.591+0000] {logging_mixin.py:190} INFO - [2026-06-29T22:01:30.590+0000] {dagbag.py:588} INFO - Filling up the DagBag from /home/airflow/.local/lib/python3.12/site-packages/airflow/example_dags/tutorial_taskflow_api.py
[2026-06-29T22:01:30.608+0000] {processor.py:925} INFO - DAG(s) 'tutorial_taskflow_api' retrieved from /home/airflow/.local/lib/python3.12/site-packages/airflow/example_dags/tutorial_taskflow_api.py
[2026-06-29T22:01:30.671+0000] {logging_mixin.py:190} INFO - [2026-06-29T22:01:30.671+0000] {dag.py:3239} INFO - Sync 1 DAGs
[2026-06-29T22:01:30.699+0000] {logging_mixin.py:190} INFO - [2026-06-29T22:01:30.699+0000] {dag.py:4180} INFO - Setting next_dagrun for tutorial_taskflow_api to None, run_after=None
[2026-06-29T22:01:30.759+0000] {processor.py:208} INFO - Processing /home/airflow/.local/lib/python3.12/site-packages/airflow/example_dags/tutorial_taskflow_api.py took 0.191 seconds
[2026-06-29T22:02:01.551+0000] {processor.py:186} INFO - Started process (PID=441) to work on /home/airflow/.local/lib/python3.12/site-packages/airflow/example_dags/tutorial_taskflow_api.py
[2026-06-29T22:02:01.553+0000] {processor.py:914} INFO - Processing file /home/airflow/.local/lib/python3.12/site-packages/airflow/example_dags/tutorial_taskflow_api.py for tasks to queue
[2026-06-29T22:02:01.556+0000] {logging_mixin.py:190} INFO - [2026-06-29T22:02:01.555+0000] {dagbag.py:588} INFO - Filling up the DagBag from /home/airflow/.local/lib/python3.12/site-packages/airflow/example_dags/tutorial_taskflow_api.py
[2026-06-29T22:02:01.564+0000] {processor.py:925} INFO - DAG(s) 'tutorial_taskflow_api' retrieved from /home/airflow/.local/lib/python3.12/site-packages/airflow/example_dags/tutorial_taskflow_api.py
[2026-06-29T22:02:01.591+0000] {logging_mixin.py:190} INFO - [2026-06-29T22:02:01.590+0000] {dag.py:3239} INFO - Sync 1 DAGs
[2026-06-29T22:02:01.608+0000] {logging_mixin.py:190} INFO - [2026-06-29T22:02:01.608+0000] {dag.py:4180} INFO - Setting next_dagrun for tutorial_taskflow_api to None, run_after=None
[2026-06-29T22:02:01.631+0000] {processor.py:208} INFO - Processing /home/airflow/.local/lib/python3.12/site-packages/airflow/example_dags/tutorial_taskflow_api.py took 0.086 seconds
[2026-06-29T22:02:32.214+0000] {processor.py:186} INFO - Started process (PID=511) to work on /home/airflow/.local/lib/python3.12/site-packages/airflow/example_dags/tutorial_taskflow_api.py
[2026-06-29T22:02:32.223+0000] {processor.py:914} INFO - Processing file /home/airflow/.local/lib/python3.12/site-packages/airflow/example_dags/tutorial_taskflow_api.py for tasks to queue
[2026-06-29T22:02:32.230+0000] {logging_mixin.py:190} INFO - [2026-06-29T22:02:32.229+0000] {dagbag.py:588} INFO - Filling up the DagBag from /home/airflow/.local/lib/python3.12/site-packages/airflow/example_dags/tutorial_taskflow_api.py
[2026-06-29T22:02:32.265+0000] {processor.py:925} INFO - DAG(s) 'tutorial_taskflow_api' retrieved from /home/airflow/.local/lib/python3.12/site-packages/airflow/example_dags/tutorial_taskflow_api.py
[2026-06-29T22:02:32.419+0000] {logging_mixin.py:190} INFO - [2026-06-29T22:02:32.417+0000] {dag.py:3239} INFO - Sync 1 DAGs
[2026-06-29T22:02:32.521+0000] {logging_mixin.py:190} INFO - [2026-06-29T22:02:32.521+0000] {dag.py:4180} INFO - Setting next_dagrun for tutorial_taskflow_api to None, run_after=None
[2026-06-29T22:02:32.668+0000] {processor.py:208} INFO - Processing /home/airflow/.local/lib/python3.12/site-packages/airflow/example_dags/tutorial_taskflow_api.py took 0.484 seconds
[2026-06-29T22:03:03.417+0000] {processor.py:186} INFO - Started process (PID=575) to work on /home/airflow/.local/lib/python3.12/site-packages/airflow/example_dags/tutorial_taskflow_api.py
[2026-06-29T22:03:03.423+0000] {processor.py:914} INFO - Processing file /home/airflow/.local/lib/python3.12/site-packages/airflow/example_dags/tutorial_taskflow_api.py for tasks to queue
[2026-06-29T22:03:03.430+0000] {logging_mixin.py:190} INFO - [2026-06-29T22:03:03.429+0000] {dagbag.py:588} INFO - Filling up the DagBag from /home/airflow/.local/lib/python3.12/site-packages/airflow/example_dags/tutorial_taskflow_api.py
[2026-06-29T22:03:03.453+0000] {processor.py:925} INFO - DAG(s) 'tutorial_taskflow_api' retrieved from /home/airflow/.local/lib/python3.12/site-packages/airflow/example_dags/tutorial_taskflow_api.py
[2026-06-29T22:03:03.512+0000] {logging_mixin.py:190} INFO - [2026-06-29T22:03:03.511+0000] {dag.py:3239} INFO - Sync 1 DAGs
[2026-06-29T22:03:03.572+0000] {logging_mixin.py:190} INFO - [2026-06-29T22:03:03.572+0000] {dag.py:4180} INFO - Setting next_dagrun for tutorial_taskflow_api to None, run_after=None
[2026-06-29T22:03:03.627+0000] {processor.py:208} INFO - Processing /home/airflow/.local/lib/python3.12/site-packages/airflow/example_dags/tutorial_taskflow_api.py took 0.222 seconds
[2026-06-29T22:03:36.601+0000] {processor.py:186} INFO - Started process (PID=635) to work on /home/airflow/.local/lib/python3.12/site-packages/airflow/example_dags/tutorial_taskflow_api.py
[2026-06-29T22:03:36.604+0000] {processor.py:914} INFO - Processing file /home/airflow/.local/lib/python3.12/site-packages/airflow/example_dags/tutorial_taskflow_api.py for tasks to queue
[2026-06-29T22:03:36.610+0000] {logging_mixin.py:190} INFO - [2026-06-29T22:03:36.609+0000] {dagbag.py:588} INFO - Filling up the DagBag from /home/airflow/.local/lib/python3.12/site-packages/airflow/example_dags/tutorial_taskflow_api.py
[2026-06-29T22:03:36.631+0000] {processor.py:925} INFO - DAG(s) 'tutorial_taskflow_api' retrieved from /home/airflow/.local/lib/python3.12/site-packages/airflow/example_dags/tutorial_taskflow_api.py
[2026-06-29T22:03:36.686+0000] {logging_mixin.py:190} INFO - [2026-06-29T22:03:36.685+0000] {dag.py:3239} INFO - Sync 1 DAGs
[2026-06-29T22:03:36.739+0000] {logging_mixin.py:190} INFO - [2026-06-29T22:03:36.739+0000] {dag.py:4180} INFO - Setting next_dagrun for tutorial_taskflow_api to None, run_after=None
[2026-06-29T22:03:36.838+0000] {processor.py:208} INFO - Processing /home/airflow/.local/lib/python3.12/site-packages/airflow/example_dags/tutorial_taskflow_api.py took 0.253 seconds
[2026-06-29T22:04:07.266+0000] {processor.py:186} INFO - Started process (PID=699) to work on /home/airflow/.local/lib/python3.12/site-packages/airflow/example_dags/tutorial_taskflow_api.py
[2026-06-29T22:04:07.269+0000] {processor.py:914} INFO - Processing file /home/airflow/.local/lib/python3.12/site-packages/airflow/example_dags/tutorial_taskflow_api.py for tasks to queue
[2026-06-29T22:04:07.275+0000] {logging_mixin.py:190} INFO - [2026-06-29T22:04:07.274+0000] {dagbag.py:588} INFO - Filling up the DagBag from /home/airflow/.local/lib/python3.12/site-packages/airflow/example_dags/tutorial_taskflow_api.py
[2026-06-29T22:04:07.293+0000] {processor.py:925} INFO - DAG(s) 'tutorial_taskflow_api' retrieved from /home/airflow/.local/lib/python3.12/site-packages/airflow/example_dags/tutorial_taskflow_api.py
[2026-06-29T22:04:07.354+0000] {logging_mixin.py:190} INFO - [2026-06-29T22:04:07.354+0000] {dag.py:3239} INFO - Sync 1 DAGs
[2026-06-29T22:04:07.382+0000] {logging_mixin.py:190} INFO - [2026-06-29T22:04:07.382+0000] {dag.py:4180} INFO - Setting next_dagrun for tutorial_taskflow_api to None, run_after=None
[2026-06-29T22:04:07.437+0000] {processor.py:208} INFO - Processing /home/airflow/.local/lib/python3.12/site-packages/airflow/example_dags/tutorial_taskflow_api.py took 0.189 seconds
[2026-06-29T22:04:46.524+0000] {processor.py:186} INFO - Started process (PID=765) to work on /home/airflow/.local/lib/python3.12/site-packages/airflow/example_dags/tutorial_taskflow_api.py
[2026-06-29T22:04:46.534+0000] {processor.py:914} INFO - Processing file /home/airflow/.local/lib/python3.12/site-packages/airflow/example_dags/tutorial_taskflow_api.py for tasks to queue
[2026-06-29T22:04:46.560+0000] {logging_mixin.py:190} INFO - [2026-06-29T22:04:46.555+0000] {dagbag.py:588} INFO - Filling up the DagBag from /home/airflow/.local/lib/python3.12/site-packages/airflow/example_dags/tutorial_taskflow_api.py
[2026-06-29T22:04:46.604+0000] {processor.py:925} INFO - DAG(s) 'tutorial_taskflow_api' retrieved from /home/airflow/.local/lib/python3.12/site-packages/airflow/example_dags/tutorial_taskflow_api.py
[2026-06-29T22:04:46.702+0000] {logging_mixin.py:190} INFO - [2026-06-29T22:04:46.701+0000] {dag.py:3239} INFO - Sync 1 DAGs
[2026-06-29T22:04:46.751+0000] {logging_mixin.py:190} INFO - [2026-06-29T22:04:46.751+0000] {dag.py:4180} INFO - Setting next_dagrun for tutorial_taskflow_api to None, run_after=None
[2026-06-29T22:04:46.811+0000] {processor.py:208} INFO - Processing /home/airflow/.local/lib/python3.12/site-packages/airflow/example_dags/tutorial_taskflow_api.py took 0.308 seconds
[2026-06-29T22:05:17.043+0000] {processor.py:186} INFO - Started process (PID=829) to work on /home/airflow/.local/lib/python3.12/site-packages/airflow/example_dags/tutorial_taskflow_api.py
[2026-06-29T22:05:17.047+0000] {processor.py:914} INFO - Processing file /home/airflow/.local/lib/python3.12/site-packages/airflow/example_dags/tutorial_taskflow_api.py for tasks to queue
[2026-06-29T22:05:17.056+0000] {logging_mixin.py:190} INFO - [2026-06-29T22:05:17.055+0000] {dagbag.py:588} INFO - Filling up the DagBag from /home/airflow/.local/lib/python3.12/site-packages/airflow/example_dags/tutorial_taskflow_api.py
[2026-06-29T22:05:17.072+0000] {processor.py:925} INFO - DAG(s) 'tutorial_taskflow_api' retrieved from /home/airflow/.local/lib/python3.12/site-packages/airflow/example_dags/tutorial_taskflow_api.py
[2026-06-29T22:05:17.099+0000] {logging_mixin.py:190} INFO - [2026-06-29T22:05:17.099+0000] {dag.py:3239} INFO - Sync 1 DAGs
[2026-06-29T22:05:17.114+0000] {logging_mixin.py:190} INFO - [2026-06-29T22:05:17.114+0000] {dag.py:4180} INFO - Setting next_dagrun for tutorial_taskflow_api to None, run_after=None
[2026-06-29T22:05:17.138+0000] {processor.py:208} INFO - Processing /home/airflow/.local/lib/python3.12/site-packages/airflow/example_dags/tutorial_taskflow_api.py took 0.114 seconds
[2026-06-29T22:05:47.985+0000] {processor.py:186} INFO - Started process (PID=894) to work on /home/airflow/.local/lib/python3.12/site-packages/airflow/example_dags/tutorial_taskflow_api.py
[2026-06-29T22:05:47.987+0000] {processor.py:914} INFO - Processing file /home/airflow/.local/lib/python3.12/site-packages/airflow/example_dags/tutorial_taskflow_api.py for tasks to queue
[2026-06-29T22:05:47.992+0000] {logging_mixin.py:190} INFO - [2026-06-29T22:05:47.991+0000] {dagbag.py:588} INFO - Filling up the DagBag from /home/airflow/.local/lib/python3.12/site-packages/airflow/example_dags/tutorial_taskflow_api.py
[2026-06-29T22:05:48.003+0000] {processor.py:925} INFO - DAG(s) 'tutorial_taskflow_api' retrieved from /home/airflow/.local/lib/python3.12/site-packages/airflow/example_dags/tutorial_taskflow_api.py
[2026-06-29T22:05:48.044+0000] {logging_mixin.py:190} INFO - [2026-06-29T22:05:48.044+0000] {dag.py:3239} INFO - Sync 1 DAGs
[2026-06-29T22:05:48.073+0000] {logging_mixin.py:190} INFO - [2026-06-29T22:05:48.072+0000] {dag.py:4180} INFO - Setting next_dagrun for tutorial_taskflow_api to None, run_after=None
[2026-06-29T22:05:48.106+0000] {processor.py:208} INFO - Processing /home/airflow/.local/lib/python3.12/site-packages/airflow/example_dags/tutorial_taskflow_api.py took 0.129 seconds
[2026-06-29T22:08:31.428+0000] {processor.py:186} INFO - Started process (PID=132) to work on /home/airflow/.local/lib/python3.12/site-packages/airflow/example_dags/tutorial_taskflow_api.py
[2026-06-29T22:08:31.435+0000] {processor.py:914} INFO - Processing file /home/airflow/.local/lib/python3.12/site-packages/airflow/example_dags/tutorial_taskflow_api.py for tasks to queue
[2026-06-29T22:08:31.456+0000] {logging_mixin.py:190} INFO - [2026-06-29T22:08:31.455+0000] {dagbag.py:588} INFO - Filling up the DagBag from /home/airflow/.local/lib/python3.12/site-packages/airflow/example_dags/tutorial_taskflow_api.py
[2026-06-29T22:08:31.556+0000] {processor.py:925} INFO - DAG(s) 'tutorial_taskflow_api' retrieved from /home/airflow/.local/lib/python3.12/site-packages/airflow/example_dags/tutorial_taskflow_api.py
[2026-06-29T22:08:31.613+0000] {logging_mixin.py:190} INFO - [2026-06-29T22:08:31.612+0000] {dag.py:3239} INFO - Sync 1 DAGs
[2026-06-29T22:08:31.638+0000] {logging_mixin.py:190} INFO - [2026-06-29T22:08:31.638+0000] {dag.py:4180} INFO - Setting next_dagrun for tutorial_taskflow_api to None, run_after=None
[2026-06-29T22:08:31.706+0000] {processor.py:208} INFO - Processing /home/airflow/.local/lib/python3.12/site-packages/airflow/example_dags/tutorial_taskflow_api.py took 0.336 seconds
[2026-06-29T22:09:08.509+0000] {processor.py:186} INFO - Started process (PID=202) to work on /home/airflow/.local/lib/python3.12/site-packages/airflow/example_dags/tutorial_taskflow_api.py
[2026-06-29T22:09:08.514+0000] {processor.py:914} INFO - Processing file /home/airflow/.local/lib/python3.12/site-packages/airflow/example_dags/tutorial_taskflow_api.py for tasks to queue
[2026-06-29T22:09:08.522+0000] {logging_mixin.py:190} INFO - [2026-06-29T22:09:08.521+0000] {dagbag.py:588} INFO - Filling up the DagBag from /home/airflow/.local/lib/python3.12/site-packages/airflow/example_dags/tutorial_taskflow_api.py
[2026-06-29T22:09:08.551+0000] {processor.py:925} INFO - DAG(s) 'tutorial_taskflow_api' retrieved from /home/airflow/.local/lib/python3.12/site-packages/airflow/example_dags/tutorial_taskflow_api.py
[2026-06-29T22:09:08.619+0000] {logging_mixin.py:190} INFO - [2026-06-29T22:09:08.619+0000] {dag.py:3239} INFO - Sync 1 DAGs
[2026-06-29T22:09:08.681+0000] {logging_mixin.py:190} INFO - [2026-06-29T22:09:08.680+0000] {dag.py:4180} INFO - Setting next_dagrun for tutorial_taskflow_api to None, run_after=None
[2026-06-29T22:09:08.753+0000] {processor.py:208} INFO - Processing /home/airflow/.local/lib/python3.12/site-packages/airflow/example_dags/tutorial_taskflow_api.py took 0.263 seconds
[2026-06-29T22:09:39.635+0000] {processor.py:186} INFO - Started process (PID=266) to work on /home/airflow/.local/lib/python3.12/site-packages/airflow/example_dags/tutorial_taskflow_api.py
[2026-06-29T22:09:39.637+0000] {processor.py:914} INFO - Processing file /home/airflow/.local/lib/python3.12/site-packages/airflow/example_dags/tutorial_taskflow_api.py for tasks to queue
[2026-06-29T22:09:39.645+0000] {logging_mixin.py:190} INFO - [2026-06-29T22:09:39.643+0000] {dagbag.py:588} INFO - Filling up the DagBag from /home/airflow/.local/lib/python3.12/site-packages/airflow/example_dags/tutorial_taskflow_api.py
[2026-06-29T22:09:39.670+0000] {processor.py:925} INFO - DAG(s) 'tutorial_taskflow_api' retrieved from /home/airflow/.local/lib/python3.12/site-packages/airflow/example_dags/tutorial_taskflow_api.py
[2026-06-29T22:09:39.748+0000] {logging_mixin.py:190} INFO - [2026-06-29T22:09:39.748+0000] {dag.py:3239} INFO - Sync 1 DAGs
[2026-06-29T22:09:39.823+0000] {logging_mixin.py:190} INFO - [2026-06-29T22:09:39.822+0000] {dag.py:4180} INFO - Setting next_dagrun for tutorial_taskflow_api to None, run_after=None
[2026-06-29T22:09:39.943+0000] {processor.py:208} INFO - Processing /home/airflow/.local/lib/python3.12/site-packages/airflow/example_dags/tutorial_taskflow_api.py took 0.330 seconds
[2026-06-29T22:10:16.131+0000] {processor.py:186} INFO - Started process (PID=330) to work on /home/airflow/.local/lib/python3.12/site-packages/airflow/example_dags/tutorial_taskflow_api.py
[2026-06-29T22:10:16.133+0000] {processor.py:914} INFO - Processing file /home/airflow/.local/lib/python3.12/site-packages/airflow/example_dags/tutorial_taskflow_api.py for tasks to queue
[2026-06-29T22:10:16.137+0000] {logging_mixin.py:190} INFO - [2026-06-29T22:10:16.136+0000] {dagbag.py:588} INFO - Filling up the DagBag from /home/airflow/.local/lib/python3.12/site-packages/airflow/example_dags/tutorial_taskflow_api.py
[2026-06-29T22:10:16.148+0000] {processor.py:925} INFO - DAG(s) 'tutorial_taskflow_api' retrieved from /home/airflow/.local/lib/python3.12/site-packages/airflow/example_dags/tutorial_taskflow_api.py
[2026-06-29T22:10:16.180+0000] {logging_mixin.py:190} INFO - [2026-06-29T22:10:16.179+0000] {dag.py:3239} INFO - Sync 1 DAGs
[2026-06-29T22:10:16.205+0000] {logging_mixin.py:190} INFO - [2026-06-29T22:10:16.205+0000] {dag.py:4180} INFO - Setting next_dagrun for tutorial_taskflow_api to None, run_after=None
[2026-06-29T22:10:16.237+0000] {processor.py:208} INFO - Processing /home/airflow/.local/lib/python3.12/site-packages/airflow/example_dags/tutorial_taskflow_api.py took 0.115 seconds
[2026-06-29T22:10:48.478+0000] {processor.py:186} INFO - Started process (PID=394) to work on /home/airflow/.local/lib/python3.12/site-packages/airflow/example_dags/tutorial_taskflow_api.py
[2026-06-29T22:10:48.482+0000] {processor.py:914} INFO - Processing file /home/airflow/.local/lib/python3.12/site-packages/airflow/example_dags/tutorial_taskflow_api.py for tasks to queue
[2026-06-29T22:10:48.491+0000] {logging_mixin.py:190} INFO - [2026-06-29T22:10:48.490+0000] {dagbag.py:588} INFO - Filling up the DagBag from /home/airflow/.local/lib/python3.12/site-packages/airflow/example_dags/tutorial_taskflow_api.py
[2026-06-29T22:10:48.516+0000] {processor.py:925} INFO - DAG(s) 'tutorial_taskflow_api' retrieved from /home/airflow/.local/lib/python3.12/site-packages/airflow/example_dags/tutorial_taskflow_api.py
[2026-06-29T22:10:48.574+0000] {logging_mixin.py:190} INFO - [2026-06-29T22:10:48.573+0000] {dag.py:3239} INFO - Sync 1 DAGs
[2026-06-29T22:10:48.628+0000] {logging_mixin.py:190} INFO - [2026-06-29T22:10:48.627+0000] {dag.py:4180} INFO - Setting next_dagrun for tutorial_taskflow_api to None, run_after=None
[2026-06-29T22:10:48.688+0000] {processor.py:208} INFO - Processing /home/airflow/.local/lib/python3.12/site-packages/airflow/example_dags/tutorial_taskflow_api.py took 0.230 seconds
[2026-06-29T22:11:19.608+0000] {processor.py:186} INFO - Started process (PID=458) to work on /home/airflow/.local/lib/python3.12/site-packages/airflow/example_dags/tutorial_taskflow_api.py
[2026-06-29T22:11:19.609+0000] {processor.py:914} INFO - Processing file /home/airflow/.local/lib/python3.12/site-packages/airflow/example_dags/tutorial_taskflow_api.py for tasks to queue
[2026-06-29T22:11:19.615+0000] {logging_mixin.py:190} INFO - [2026-06-29T22:11:19.614+0000] {dagbag.py:588} INFO - Filling up the DagBag from /home/airflow/.local/lib/python3.12/site-packages/airflow/example_dags/tutorial_taskflow_api.py
[2026-06-29T22:11:19.627+0000] {processor.py:925} INFO - DAG(s) 'tutorial_taskflow_api' retrieved from /home/airflow/.local/lib/python3.12/site-packages/airflow/example_dags/tutorial_taskflow_api.py
[2026-06-29T22:11:19.664+0000] {logging_mixin.py:190} INFO - [2026-06-29T22:11:19.663+0000] {dag.py:3239} INFO - Sync 1 DAGs
[2026-06-29T22:11:19.690+0000] {logging_mixin.py:190} INFO - [2026-06-29T22:11:19.690+0000] {dag.py:4180} INFO - Setting next_dagrun for tutorial_taskflow_api to None, run_after=None
[2026-06-29T22:11:19.737+0000] {processor.py:208} INFO - Processing /home/airflow/.local/lib/python3.12/site-packages/airflow/example_dags/tutorial_taskflow_api.py took 0.136 seconds
[2026-06-29T22:11:50.422+0000] {processor.py:186} INFO - Started process (PID=522) to work on /home/airflow/.local/lib/python3.12/site-packages/airflow/example_dags/tutorial_taskflow_api.py
[2026-06-29T22:11:50.424+0000] {processor.py:914} INFO - Processing file /home/airflow/.local/lib/python3.12/site-packages/airflow/example_dags/tutorial_taskflow_api.py for tasks to queue
[2026-06-29T22:11:50.427+0000] {logging_mixin.py:190} INFO - [2026-06-29T22:11:50.427+0000] {dagbag.py:588} INFO - Filling up the DagBag from /home/airflow/.local/lib/python3.12/site-packages/airflow/example_dags/tutorial_taskflow_api.py
[2026-06-29T22:11:50.437+0000] {processor.py:925} INFO - DAG(s) 'tutorial_taskflow_api' retrieved from /home/airflow/.local/lib/python3.12/site-packages/airflow/example_dags/tutorial_taskflow_api.py
[2026-06-29T22:11:50.462+0000] {logging_mixin.py:190} INFO - [2026-06-29T22:11:50.462+0000] {dag.py:3239} INFO - Sync 1 DAGs
[2026-06-29T22:11:50.479+0000] {logging_mixin.py:190} INFO - [2026-06-29T22:11:50.478+0000] {dag.py:4180} INFO - Setting next_dagrun for tutorial_taskflow_api to None, run_after=None
[2026-06-29T22:11:50.501+0000] {processor.py:208} INFO - Processing /home/airflow/.local/lib/python3.12/site-packages/airflow/example_dags/tutorial_taskflow_api.py took 0.086 seconds
[2026-06-29T22:12:21.397+0000] {processor.py:186} INFO - Started process (PID=586) to work on /home/airflow/.local/lib/python3.12/site-packages/airflow/example_dags/tutorial_taskflow_api.py
[2026-06-29T22:12:21.401+0000] {processor.py:914} INFO - Processing file /home/airflow/.local/lib/python3.12/site-packages/airflow/example_dags/tutorial_taskflow_api.py for tasks to queue
[2026-06-29T22:12:21.408+0000] {logging_mixin.py:190} INFO - [2026-06-29T22:12:21.407+0000] {dagbag.py:588} INFO - Filling up the DagBag from /home/airflow/.local/lib/python3.12/site-packages/airflow/example_dags/tutorial_taskflow_api.py
[2026-06-29T22:12:21.425+0000] {processor.py:925} INFO - DAG(s) 'tutorial_taskflow_api' retrieved from /home/airflow/.local/lib/python3.12/site-packages/airflow/example_dags/tutorial_taskflow_api.py
[2026-06-29T22:12:21.483+0000] {logging_mixin.py:190} INFO - [2026-06-29T22:12:21.482+0000] {dag.py:3239} INFO - Sync 1 DAGs
[2026-06-29T22:12:21.518+0000] {logging_mixin.py:190} INFO - [2026-06-29T22:12:21.517+0000] {dag.py:4180} INFO - Setting next_dagrun for tutorial_taskflow_api to None, run_after=None
[2026-06-29T22:12:21.567+0000] {processor.py:208} INFO - Processing /home/airflow/.local/lib/python3.12/site-packages/airflow/example_dags/tutorial_taskflow_api.py took 0.186 seconds
[2026-06-29T22:12:51.838+0000] {processor.py:186} INFO - Started process (PID=650) to work on /home/airflow/.local/lib/python3.12/site-packages/airflow/example_dags/tutorial_taskflow_api.py
[2026-06-29T22:12:51.841+0000] {processor.py:914} INFO - Processing file /home/airflow/.local/lib/python3.12/site-packages/airflow/example_dags/tutorial_taskflow_api.py for tasks to queue
[2026-06-29T22:12:51.846+0000] {logging_mixin.py:190} INFO - [2026-06-29T22:12:51.845+0000] {dagbag.py:588} INFO - Filling up the DagBag from /home/airflow/.local/lib/python3.12/site-packages/airflow/example_dags/tutorial_taskflow_api.py
[2026-06-29T22:12:51.863+0000] {processor.py:925} INFO - DAG(s) 'tutorial_taskflow_api' retrieved from /home/airflow/.local/lib/python3.12/site-packages/airflow/example_dags/tutorial_taskflow_api.py
[2026-06-29T22:12:51.912+0000] {logging_mixin.py:190} INFO - [2026-06-29T22:12:51.911+0000] {dag.py:3239} INFO - Sync 1 DAGs
[2026-06-29T22:12:51.940+0000] {logging_mixin.py:190} INFO - [2026-06-29T22:12:51.940+0000] {dag.py:4180} INFO - Setting next_dagrun for tutorial_taskflow_api to None, run_after=None
[2026-06-29T22:12:52.007+0000] {processor.py:208} INFO - Processing /home/airflow/.local/lib/python3.12/site-packages/airflow/example_dags/tutorial_taskflow_api.py took 0.179 seconds
[2026-06-29T22:13:22.594+0000] {processor.py:186} INFO - Started process (PID=714) to work on /home/airflow/.local/lib/python3.12/site-packages/airflow/example_dags/tutorial_taskflow_api.py
[2026-06-29T22:13:22.597+0000] {processor.py:914} INFO - Processing file /home/airflow/.local/lib/python3.12/site-packages/airflow/example_dags/tutorial_taskflow_api.py for tasks to queue
[2026-06-29T22:13:22.602+0000] {logging_mixin.py:190} INFO - [2026-06-29T22:13:22.600+0000] {dagbag.py:588} INFO - Filling up the DagBag from /home/airflow/.local/lib/python3.12/site-packages/airflow/example_dags/tutorial_taskflow_api.py
[2026-06-29T22:13:22.632+0000] {processor.py:925} INFO - DAG(s) 'tutorial_taskflow_api' retrieved from /home/airflow/.local/lib/python3.12/site-packages/airflow/example_dags/tutorial_taskflow_api.py
[2026-06-29T22:13:22.671+0000] {logging_mixin.py:190} INFO - [2026-06-29T22:13:22.671+0000] {dag.py:3239} INFO - Sync 1 DAGs
[2026-06-29T22:13:22.698+0000] {logging_mixin.py:190} INFO - [2026-06-29T22:13:22.698+0000] {dag.py:4180} INFO - Setting next_dagrun for tutorial_taskflow_api to None, run_after=None
[2026-06-29T22:13:22.730+0000] {processor.py:208} INFO - Processing /home/airflow/.local/lib/python3.12/site-packages/airflow/example_dags/tutorial_taskflow_api.py took 0.145 seconds
[2026-06-29T22:13:53.256+0000] {processor.py:186} INFO - Started process (PID=779) to work on /home/airflow/.local/lib/python3.12/site-packages/airflow/example_dags/tutorial_taskflow_api.py
[2026-06-29T22:13:53.258+0000] {processor.py:914} INFO - Processing file /home/airflow/.local/lib/python3.12/site-packages/airflow/example_dags/tutorial_taskflow_api.py for tasks to queue
[2026-06-29T22:13:53.263+0000] {logging_mixin.py:190} INFO - [2026-06-29T22:13:53.262+0000] {dagbag.py:588} INFO - Filling up the DagBag from /home/airflow/.local/lib/python3.12/site-packages/airflow/example_dags/tutorial_taskflow_api.py
[2026-06-29T22:13:53.276+0000] {processor.py:925} INFO - DAG(s) 'tutorial_taskflow_api' retrieved from /home/airflow/.local/lib/python3.12/site-packages/airflow/example_dags/tutorial_taskflow_api.py
[2026-06-29T22:13:53.305+0000] {logging_mixin.py:190} INFO - [2026-06-29T22:13:53.304+0000] {dag.py:3239} INFO - Sync 1 DAGs
[2026-06-29T22:13:53.323+0000] {logging_mixin.py:190} INFO - [2026-06-29T22:13:53.323+0000] {dag.py:4180} INFO - Setting next_dagrun for tutorial_taskflow_api to None, run_after=None
[2026-06-29T22:13:53.351+0000] {processor.py:208} INFO - Processing /home/airflow/.local/lib/python3.12/site-packages/airflow/example_dags/tutorial_taskflow_api.py took 0.105 seconds
[2026-06-29T22:14:27.051+0000] {processor.py:186} INFO - Started process (PID=843) to work on /home/airflow/.local/lib/python3.12/site-packages/airflow/example_dags/tutorial_taskflow_api.py
[2026-06-29T22:14:27.053+0000] {processor.py:914} INFO - Processing file /home/airflow/.local/lib/python3.12/site-packages/airflow/example_dags/tutorial_taskflow_api.py for tasks to queue
[2026-06-29T22:14:27.059+0000] {logging_mixin.py:190} INFO - [2026-06-29T22:14:27.058+0000] {dagbag.py:588} INFO - Filling up the DagBag from /home/airflow/.local/lib/python3.12/site-packages/airflow/example_dags/tutorial_taskflow_api.py
[2026-06-29T22:14:27.076+0000] {processor.py:925} INFO - DAG(s) 'tutorial_taskflow_api' retrieved from /home/airflow/.local/lib/python3.12/site-packages/airflow/example_dags/tutorial_taskflow_api.py
[2026-06-29T22:14:27.118+0000] {logging_mixin.py:190} INFO - [2026-06-29T22:14:27.117+0000] {dag.py:3239} INFO - Sync 1 DAGs
[2026-06-29T22:14:27.150+0000] {logging_mixin.py:190} INFO - [2026-06-29T22:14:27.149+0000] {dag.py:4180} INFO - Setting next_dagrun for tutorial_taskflow_api to None, run_after=None
[2026-06-29T22:14:27.189+0000] {processor.py:208} INFO - Processing /home/airflow/.local/lib/python3.12/site-packages/airflow/example_dags/tutorial_taskflow_api.py took 0.148 seconds
[2026-06-29T22:14:58.132+0000] {processor.py:186} INFO - Started process (PID=907) to work on /home/airflow/.local/lib/python3.12/site-packages/airflow/example_dags/tutorial_taskflow_api.py
[2026-06-29T22:14:58.134+0000] {processor.py:914} INFO - Processing file /home/airflow/.local/lib/python3.12/site-packages/airflow/example_dags/tutorial_taskflow_api.py for tasks to queue
[2026-06-29T22:14:58.140+0000] {logging_mixin.py:190} INFO - [2026-06-29T22:14:58.140+0000] {dagbag.py:588} INFO - Filling up the DagBag from /home/airflow/.local/lib/python3.12/site-packages/airflow/example_dags/tutorial_taskflow_api.py
[2026-06-29T22:14:58.161+0000] {processor.py:925} INFO - DAG(s) 'tutorial_taskflow_api' retrieved from /home/airflow/.local/lib/python3.12/site-packages/airflow/example_dags/tutorial_taskflow_api.py
[2026-06-29T22:14:58.211+0000] {logging_mixin.py:190} INFO - [2026-06-29T22:14:58.210+0000] {dag.py:3239} INFO - Sync 1 DAGs
[2026-06-29T22:14:58.239+0000] {logging_mixin.py:190} INFO - [2026-06-29T22:14:58.238+0000] {dag.py:4180} INFO - Setting next_dagrun for tutorial_taskflow_api to None, run_after=None
[2026-06-29T22:14:58.278+0000] {processor.py:208} INFO - Processing /home/airflow/.local/lib/python3.12/site-packages/airflow/example_dags/tutorial_taskflow_api.py took 0.156 seconds
[2026-06-29T22:15:28.362+0000] {processor.py:186} INFO - Started process (PID=971) to work on /home/airflow/.local/lib/python3.12/site-packages/airflow/example_dags/tutorial_taskflow_api.py
[2026-06-29T22:15:28.364+0000] {processor.py:914} INFO - Processing file /home/airflow/.local/lib/python3.12/site-packages/airflow/example_dags/tutorial_taskflow_api.py for tasks to queue
[2026-06-29T22:15:28.368+0000] {logging_mixin.py:190} INFO - [2026-06-29T22:15:28.368+0000] {dagbag.py:588} INFO - Filling up the DagBag from /home/airflow/.local/lib/python3.12/site-packages/airflow/example_dags/tutorial_taskflow_api.py
[2026-06-29T22:15:28.381+0000] {processor.py:925} INFO - DAG(s) 'tutorial_taskflow_api' retrieved from /home/airflow/.local/lib/python3.12/site-packages/airflow/example_dags/tutorial_taskflow_api.py
[2026-06-29T22:15:28.423+0000] {logging_mixin.py:190} INFO - [2026-06-29T22:15:28.422+0000] {dag.py:3239} INFO - Sync 1 DAGs
[2026-06-29T22:15:28.446+0000] {logging_mixin.py:190} INFO - [2026-06-29T22:15:28.445+0000] {dag.py:4180} INFO - Setting next_dagrun for tutorial_taskflow_api to None, run_after=None
[2026-06-29T22:15:28.486+0000] {processor.py:208} INFO - Processing /home/airflow/.local/lib/python3.12/site-packages/airflow/example_dags/tutorial_taskflow_api.py took 0.134 seconds
[2026-06-29T22:16:00.756+0000] {processor.py:186} INFO - Started process (PID=1035) to work on /home/airflow/.local/lib/python3.12/site-packages/airflow/example_dags/tutorial_taskflow_api.py
[2026-06-29T22:16:00.760+0000] {processor.py:914} INFO - Processing file /home/airflow/.local/lib/python3.12/site-packages/airflow/example_dags/tutorial_taskflow_api.py for tasks to queue
[2026-06-29T22:16:00.765+0000] {logging_mixin.py:190} INFO - [2026-06-29T22:16:00.764+0000] {dagbag.py:588} INFO - Filling up the DagBag from /home/airflow/.local/lib/python3.12/site-packages/airflow/example_dags/tutorial_taskflow_api.py
[2026-06-29T22:16:00.794+0000] {processor.py:925} INFO - DAG(s) 'tutorial_taskflow_api' retrieved from /home/airflow/.local/lib/python3.12/site-packages/airflow/example_dags/tutorial_taskflow_api.py
[2026-06-29T22:16:00.846+0000] {logging_mixin.py:190} INFO - [2026-06-29T22:16:00.845+0000] {dag.py:3239} INFO - Sync 1 DAGs
[2026-06-29T22:16:00.901+0000] {logging_mixin.py:190} INFO - [2026-06-29T22:16:00.901+0000] {dag.py:4180} INFO - Setting next_dagrun for tutorial_taskflow_api to None, run_after=None
[2026-06-29T22:16:00.956+0000] {processor.py:208} INFO - Processing /home/airflow/.local/lib/python3.12/site-packages/airflow/example_dags/tutorial_taskflow_api.py took 0.220 seconds
[2026-06-29T22:16:31.387+0000] {processor.py:186} INFO - Started process (PID=1099) to work on /home/airflow/.local/lib/python3.12/site-packages/airflow/example_dags/tutorial_taskflow_api.py
[2026-06-29T22:16:31.389+0000] {processor.py:914} INFO - Processing file /home/airflow/.local/lib/python3.12/site-packages/airflow/example_dags/tutorial_taskflow_api.py for tasks to queue
[2026-06-29T22:16:31.396+0000] {logging_mixin.py:190} INFO - [2026-06-29T22:16:31.396+0000] {dagbag.py:588} INFO - Filling up the DagBag from /home/airflow/.local/lib/python3.12/site-packages/airflow/example_dags/tutorial_taskflow_api.py
[2026-06-29T22:16:31.421+0000] {processor.py:925} INFO - DAG(s) 'tutorial_taskflow_api' retrieved from /home/airflow/.local/lib/python3.12/site-packages/airflow/example_dags/tutorial_taskflow_api.py
[2026-06-29T22:16:31.485+0000] {logging_mixin.py:190} INFO - [2026-06-29T22:16:31.484+0000] {dag.py:3239} INFO - Sync 1 DAGs
[2026-06-29T22:16:31.514+0000] {logging_mixin.py:190} INFO - [2026-06-29T22:16:31.513+0000] {dag.py:4180} INFO - Setting next_dagrun for tutorial_taskflow_api to None, run_after=None
[2026-06-29T22:16:31.555+0000] {processor.py:208} INFO - Processing /home/airflow/.local/lib/python3.12/site-packages/airflow/example_dags/tutorial_taskflow_api.py took 0.180 seconds
[2026-06-29T22:17:02.330+0000] {processor.py:186} INFO - Started process (PID=1163) to work on /home/airflow/.local/lib/python3.12/site-packages/airflow/example_dags/tutorial_taskflow_api.py
[2026-06-29T22:17:02.332+0000] {processor.py:914} INFO - Processing file /home/airflow/.local/lib/python3.12/site-packages/airflow/example_dags/tutorial_taskflow_api.py for tasks to queue
[2026-06-29T22:17:02.336+0000] {logging_mixin.py:190} INFO - [2026-06-29T22:17:02.335+0000] {dagbag.py:588} INFO - Filling up the DagBag from /home/airflow/.local/lib/python3.12/site-packages/airflow/example_dags/tutorial_taskflow_api.py
[2026-06-29T22:17:02.350+0000] {processor.py:925} INFO - DAG(s) 'tutorial_taskflow_api' retrieved from /home/airflow/.local/lib/python3.12/site-packages/airflow/example_dags/tutorial_taskflow_api.py
[2026-06-29T22:17:02.380+0000] {logging_mixin.py:190} INFO - [2026-06-29T22:17:02.379+0000] {dag.py:3239} INFO - Sync 1 DAGs
[2026-06-29T22:17:02.398+0000] {logging_mixin.py:190} INFO - [2026-06-29T22:17:02.398+0000] {dag.py:4180} INFO - Setting next_dagrun for tutorial_taskflow_api to None, run_after=None
[2026-06-29T22:17:02.425+0000] {processor.py:208} INFO - Processing /home/airflow/.local/lib/python3.12/site-packages/airflow/example_dags/tutorial_taskflow_api.py took 0.104 seconds
[2026-06-29T22:17:36.558+0000] {processor.py:186} INFO - Started process (PID=1230) to work on /home/airflow/.local/lib/python3.12/site-packages/airflow/example_dags/tutorial_taskflow_api.py
[2026-06-29T22:17:36.561+0000] {processor.py:914} INFO - Processing file /home/airflow/.local/lib/python3.12/site-packages/airflow/example_dags/tutorial_taskflow_api.py for tasks to queue
[2026-06-29T22:17:36.566+0000] {logging_mixin.py:190} INFO - [2026-06-29T22:17:36.566+0000] {dagbag.py:588} INFO - Filling up the DagBag from /home/airflow/.local/lib/python3.12/site-packages/airflow/example_dags/tutorial_taskflow_api.py
[2026-06-29T22:17:36.586+0000] {processor.py:925} INFO - DAG(s) 'tutorial_taskflow_api' retrieved from /home/airflow/.local/lib/python3.12/site-packages/airflow/example_dags/tutorial_taskflow_api.py
[2026-06-29T22:17:36.636+0000] {logging_mixin.py:190} INFO - [2026-06-29T22:17:36.635+0000] {dag.py:3239} INFO - Sync 1 DAGs
[2026-06-29T22:17:36.677+0000] {logging_mixin.py:190} INFO - [2026-06-29T22:17:36.677+0000] {dag.py:4180} INFO - Setting next_dagrun for tutorial_taskflow_api to None, run_after=None
[2026-06-29T22:17:36.722+0000] {processor.py:208} INFO - Processing /home/airflow/.local/lib/python3.12/site-packages/airflow/example_dags/tutorial_taskflow_api.py took 0.177 seconds
[2026-06-29T22:18:06.928+0000] {processor.py:186} INFO - Started process (PID=1294) to work on /home/airflow/.local/lib/python3.12/site-packages/airflow/example_dags/tutorial_taskflow_api.py
[2026-06-29T22:18:06.930+0000] {processor.py:914} INFO - Processing file /home/airflow/.local/lib/python3.12/site-packages/airflow/example_dags/tutorial_taskflow_api.py for tasks to queue
[2026-06-29T22:18:06.937+0000] {logging_mixin.py:190} INFO - [2026-06-29T22:18:06.936+0000] {dagbag.py:588} INFO - Filling up the DagBag from /home/airflow/.local/lib/python3.12/site-packages/airflow/example_dags/tutorial_taskflow_api.py
[2026-06-29T22:18:06.955+0000] {processor.py:925} INFO - DAG(s) 'tutorial_taskflow_api' retrieved from /home/airflow/.local/lib/python3.12/site-packages/airflow/example_dags/tutorial_taskflow_api.py
[2026-06-29T22:18:07.017+0000] {logging_mixin.py:190} INFO - [2026-06-29T22:18:07.017+0000] {dag.py:3239} INFO - Sync 1 DAGs
[2026-06-29T22:18:07.048+0000] {logging_mixin.py:190} INFO - [2026-06-29T22:18:07.047+0000] {dag.py:4180} INFO - Setting next_dagrun for tutorial_taskflow_api to None, run_after=None
[2026-06-29T22:18:07.092+0000] {processor.py:208} INFO - Processing /home/airflow/.local/lib/python3.12/site-packages/airflow/example_dags/tutorial_taskflow_api.py took 0.180 seconds
[2026-06-29T22:18:41.464+0000] {processor.py:186} INFO - Started process (PID=1364) to work on /home/airflow/.local/lib/python3.12/site-packages/airflow/example_dags/tutorial_taskflow_api.py
[2026-06-29T22:18:41.474+0000] {processor.py:914} INFO - Processing file /home/airflow/.local/lib/python3.12/site-packages/airflow/example_dags/tutorial_taskflow_api.py for tasks to queue
[2026-06-29T22:18:41.486+0000] {logging_mixin.py:190} INFO - [2026-06-29T22:18:41.485+0000] {dagbag.py:588} INFO - Filling up the DagBag from /home/airflow/.local/lib/python3.12/site-packages/airflow/example_dags/tutorial_taskflow_api.py
[2026-06-29T22:18:41.510+0000] {processor.py:925} INFO - DAG(s) 'tutorial_taskflow_api' retrieved from /home/airflow/.local/lib/python3.12/site-packages/airflow/example_dags/tutorial_taskflow_api.py
[2026-06-29T22:18:41.597+0000] {logging_mixin.py:190} INFO - [2026-06-29T22:18:41.596+0000] {dag.py:3239} INFO - Sync 1 DAGs
[2026-06-29T22:18:41.648+0000] {logging_mixin.py:190} INFO - [2026-06-29T22:18:41.647+0000] {dag.py:4180} INFO - Setting next_dagrun for tutorial_taskflow_api to None, run_after=None
[2026-06-29T22:18:41.715+0000] {processor.py:208} INFO - Processing /home/airflow/.local/lib/python3.12/site-packages/airflow/example_dags/tutorial_taskflow_api.py took 0.262 seconds
[2026-06-29T22:19:12.480+0000] {processor.py:186} INFO - Started process (PID=1429) to work on /home/airflow/.local/lib/python3.12/site-packages/airflow/example_dags/tutorial_taskflow_api.py
[2026-06-29T22:19:12.483+0000] {processor.py:914} INFO - Processing file /home/airflow/.local/lib/python3.12/site-packages/airflow/example_dags/tutorial_taskflow_api.py for tasks to queue
[2026-06-29T22:19:12.488+0000] {logging_mixin.py:190} INFO - [2026-06-29T22:19:12.488+0000] {dagbag.py:588} INFO - Filling up the DagBag from /home/airflow/.local/lib/python3.12/site-packages/airflow/example_dags/tutorial_taskflow_api.py
[2026-06-29T22:19:12.502+0000] {processor.py:925} INFO - DAG(s) 'tutorial_taskflow_api' retrieved from /home/airflow/.local/lib/python3.12/site-packages/airflow/example_dags/tutorial_taskflow_api.py
[2026-06-29T22:19:12.527+0000] {logging_mixin.py:190} INFO - [2026-06-29T22:19:12.527+0000] {dag.py:3239} INFO - Sync 1 DAGs
[2026-06-29T22:19:12.544+0000] {logging_mixin.py:190} INFO - [2026-06-29T22:19:12.544+0000] {dag.py:4180} INFO - Setting next_dagrun for tutorial_taskflow_api to None, run_after=None
[2026-06-29T22:19:12.570+0000] {processor.py:208} INFO - Processing /home/airflow/.local/lib/python3.12/site-packages/airflow/example_dags/tutorial_taskflow_api.py took 0.098 seconds
[2026-06-29T22:19:44.415+0000] {processor.py:186} INFO - Started process (PID=1493) to work on /home/airflow/.local/lib/python3.12/site-packages/airflow/example_dags/tutorial_taskflow_api.py
[2026-06-29T22:19:44.418+0000] {processor.py:914} INFO - Processing file /home/airflow/.local/lib/python3.12/site-packages/airflow/example_dags/tutorial_taskflow_api.py for tasks to queue
[2026-06-29T22:19:44.428+0000] {logging_mixin.py:190} INFO - [2026-06-29T22:19:44.426+0000] {dagbag.py:588} INFO - Filling up the DagBag from /home/airflow/.local/lib/python3.12/site-packages/airflow/example_dags/tutorial_taskflow_api.py
[2026-06-29T22:19:44.453+0000] {processor.py:925} INFO - DAG(s) 'tutorial_taskflow_api' retrieved from /home/airflow/.local/lib/python3.12/site-packages/airflow/example_dags/tutorial_taskflow_api.py
[2026-06-29T22:19:44.615+0000] {logging_mixin.py:190} INFO - [2026-06-29T22:19:44.614+0000] {dag.py:3239} INFO - Sync 1 DAGs
[2026-06-29T22:19:44.659+0000] {logging_mixin.py:190} INFO - [2026-06-29T22:19:44.659+0000] {dag.py:4180} INFO - Setting next_dagrun for tutorial_taskflow_api to None, run_after=None
[2026-06-29T22:19:44.689+0000] {processor.py:208} INFO - Processing /home/airflow/.local/lib/python3.12/site-packages/airflow/example_dags/tutorial_taskflow_api.py took 0.282 seconds
[2026-06-29T22:20:18.682+0000] {processor.py:186} INFO - Started process (PID=1569) to work on /home/airflow/.local/lib/python3.12/site-packages/airflow/example_dags/tutorial_taskflow_api.py
[2026-06-29T22:20:18.685+0000] {processor.py:914} INFO - Processing file /home/airflow/.local/lib/python3.12/site-packages/airflow/example_dags/tutorial_taskflow_api.py for tasks to queue
[2026-06-29T22:20:18.694+0000] {logging_mixin.py:190} INFO - [2026-06-29T22:20:18.692+0000] {dagbag.py:588} INFO - Filling up the DagBag from /home/airflow/.local/lib/python3.12/site-packages/airflow/example_dags/tutorial_taskflow_api.py
[2026-06-29T22:20:18.718+0000] {processor.py:925} INFO - DAG(s) 'tutorial_taskflow_api' retrieved from /home/airflow/.local/lib/python3.12/site-packages/airflow/example_dags/tutorial_taskflow_api.py
[2026-06-29T22:20:18.785+0000] {logging_mixin.py:190} INFO - [2026-06-29T22:20:18.784+0000] {dag.py:3239} INFO - Sync 1 DAGs
[2026-06-29T22:20:18.826+0000] {logging_mixin.py:190} INFO - [2026-06-29T22:20:18.825+0000] {dag.py:4180} INFO - Setting next_dagrun for tutorial_taskflow_api to None, run_after=None
[2026-06-29T22:20:18.888+0000] {processor.py:208} INFO - Processing /home/airflow/.local/lib/python3.12/site-packages/airflow/example_dags/tutorial_taskflow_api.py took 0.230 seconds
[2026-06-29T22:20:55.651+0000] {processor.py:186} INFO - Started process (PID=1641) to work on /home/airflow/.local/lib/python3.12/site-packages/airflow/example_dags/tutorial_taskflow_api.py
[2026-06-29T22:20:55.654+0000] {processor.py:914} INFO - Processing file /home/airflow/.local/lib/python3.12/site-packages/airflow/example_dags/tutorial_taskflow_api.py for tasks to queue
[2026-06-29T22:20:55.659+0000] {logging_mixin.py:190} INFO - [2026-06-29T22:20:55.658+0000] {dagbag.py:588} INFO - Filling up the DagBag from /home/airflow/.local/lib/python3.12/site-packages/airflow/example_dags/tutorial_taskflow_api.py
[2026-06-29T22:20:55.676+0000] {processor.py:925} INFO - DAG(s) 'tutorial_taskflow_api' retrieved from /home/airflow/.local/lib/python3.12/site-packages/airflow/example_dags/tutorial_taskflow_api.py
[2026-06-29T22:20:55.705+0000] {logging_mixin.py:190} INFO - [2026-06-29T22:20:55.705+0000] {dag.py:3239} INFO - Sync 1 DAGs
[2026-06-29T22:20:55.728+0000] {logging_mixin.py:190} INFO - [2026-06-29T22:20:55.727+0000] {dag.py:4180} INFO - Setting next_dagrun for tutorial_taskflow_api to None, run_after=None
[2026-06-29T22:20:55.761+0000] {processor.py:208} INFO - Processing /home/airflow/.local/lib/python3.12/site-packages/airflow/example_dags/tutorial_taskflow_api.py took 0.128 seconds
[2026-06-29T22:21:26.210+0000] {processor.py:186} INFO - Started process (PID=1705) to work on /home/airflow/.local/lib/python3.12/site-packages/airflow/example_dags/tutorial_taskflow_api.py
[2026-06-29T22:21:26.213+0000] {processor.py:914} INFO - Processing file /home/airflow/.local/lib/python3.12/site-packages/airflow/example_dags/tutorial_taskflow_api.py for tasks to queue
[2026-06-29T22:21:26.217+0000] {logging_mixin.py:190} INFO - [2026-06-29T22:21:26.217+0000] {dagbag.py:588} INFO - Filling up the DagBag from /home/airflow/.local/lib/python3.12/site-packages/airflow/example_dags/tutorial_taskflow_api.py
[2026-06-29T22:21:26.234+0000] {processor.py:925} INFO - DAG(s) 'tutorial_taskflow_api' retrieved from /home/airflow/.local/lib/python3.12/site-packages/airflow/example_dags/tutorial_taskflow_api.py
[2026-06-29T22:21:26.276+0000] {logging_mixin.py:190} INFO - [2026-06-29T22:21:26.275+0000] {dag.py:3239} INFO - Sync 1 DAGs
[2026-06-29T22:21:26.302+0000] {logging_mixin.py:190} INFO - [2026-06-29T22:21:26.302+0000] {dag.py:4180} INFO - Setting next_dagrun for tutorial_taskflow_api to None, run_after=None
[2026-06-29T22:21:26.350+0000] {processor.py:208} INFO - Processing /home/airflow/.local/lib/python3.12/site-packages/airflow/example_dags/tutorial_taskflow_api.py took 0.152 seconds
[2026-06-29T22:21:57.110+0000] {processor.py:186} INFO - Started process (PID=1769) to work on /home/airflow/.local/lib/python3.12/site-packages/airflow/example_dags/tutorial_taskflow_api.py
[2026-06-29T22:21:57.112+0000] {processor.py:914} INFO - Processing file /home/airflow/.local/lib/python3.12/site-packages/airflow/example_dags/tutorial_taskflow_api.py for tasks to queue
[2026-06-29T22:21:57.116+0000] {logging_mixin.py:190} INFO - [2026-06-29T22:21:57.115+0000] {dagbag.py:588} INFO - Filling up the DagBag from /home/airflow/.local/lib/python3.12/site-packages/airflow/example_dags/tutorial_taskflow_api.py
[2026-06-29T22:21:57.132+0000] {processor.py:925} INFO - DAG(s) 'tutorial_taskflow_api' retrieved from /home/airflow/.local/lib/python3.12/site-packages/airflow/example_dags/tutorial_taskflow_api.py
[2026-06-29T22:21:57.162+0000] {logging_mixin.py:190} INFO - [2026-06-29T22:21:57.162+0000] {dag.py:3239} INFO - Sync 1 DAGs
[2026-06-29T22:21:57.179+0000] {logging_mixin.py:190} INFO - [2026-06-29T22:21:57.178+0000] {dag.py:4180} INFO - Setting next_dagrun for tutorial_taskflow_api to None, run_after=None
[2026-06-29T22:21:57.200+0000] {processor.py:208} INFO - Processing /home/airflow/.local/lib/python3.12/site-packages/airflow/example_dags/tutorial_taskflow_api.py took 0.102 seconds
[2026-06-29T22:22:27.956+0000] {processor.py:186} INFO - Started process (PID=1833) to work on /home/airflow/.local/lib/python3.12/site-packages/airflow/example_dags/tutorial_taskflow_api.py
[2026-06-29T22:22:27.958+0000] {processor.py:914} INFO - Processing file /home/airflow/.local/lib/python3.12/site-packages/airflow/example_dags/tutorial_taskflow_api.py for tasks to queue
[2026-06-29T22:22:27.963+0000] {logging_mixin.py:190} INFO - [2026-06-29T22:22:27.962+0000] {dagbag.py:588} INFO - Filling up the DagBag from /home/airflow/.local/lib/python3.12/site-packages/airflow/example_dags/tutorial_taskflow_api.py
[2026-06-29T22:22:27.976+0000] {processor.py:925} INFO - DAG(s) 'tutorial_taskflow_api' retrieved from /home/airflow/.local/lib/python3.12/site-packages/airflow/example_dags/tutorial_taskflow_api.py
[2026-06-29T22:22:28.012+0000] {logging_mixin.py:190} INFO - [2026-06-29T22:22:28.012+0000] {dag.py:3239} INFO - Sync 1 DAGs
[2026-06-29T22:22:28.036+0000] {logging_mixin.py:190} INFO - [2026-06-29T22:22:28.036+0000] {dag.py:4180} INFO - Setting next_dagrun for tutorial_taskflow_api to None, run_after=None
[2026-06-29T22:22:28.072+0000] {processor.py:208} INFO - Processing /home/airflow/.local/lib/python3.12/site-packages/airflow/example_dags/tutorial_taskflow_api.py took 0.124 seconds
[2026-06-29T22:22:58.645+0000] {processor.py:186} INFO - Started process (PID=1899) to work on /home/airflow/.local/lib/python3.12/site-packages/airflow/example_dags/tutorial_taskflow_api.py
[2026-06-29T22:22:58.647+0000] {processor.py:914} INFO - Processing file /home/airflow/.local/lib/python3.12/site-packages/airflow/example_dags/tutorial_taskflow_api.py for tasks to queue
[2026-06-29T22:22:58.650+0000] {logging_mixin.py:190} INFO - [2026-06-29T22:22:58.649+0000] {dagbag.py:588} INFO - Filling up the DagBag from /home/airflow/.local/lib/python3.12/site-packages/airflow/example_dags/tutorial_taskflow_api.py
[2026-06-29T22:22:58.661+0000] {processor.py:925} INFO - DAG(s) 'tutorial_taskflow_api' retrieved from /home/airflow/.local/lib/python3.12/site-packages/airflow/example_dags/tutorial_taskflow_api.py
[2026-06-29T22:22:58.683+0000] {logging_mixin.py:190} INFO - [2026-06-29T22:22:58.683+0000] {dag.py:3239} INFO - Sync 1 DAGs
[2026-06-29T22:22:58.700+0000] {logging_mixin.py:190} INFO - [2026-06-29T22:22:58.699+0000] {dag.py:4180} INFO - Setting next_dagrun for tutorial_taskflow_api to None, run_after=None
[2026-06-29T22:22:58.725+0000] {processor.py:208} INFO - Processing /home/airflow/.local/lib/python3.12/site-packages/airflow/example_dags/tutorial_taskflow_api.py took 0.086 seconds
[2026-06-29T22:23:28.857+0000] {processor.py:186} INFO - Started process (PID=1962) to work on /home/airflow/.local/lib/python3.12/site-packages/airflow/example_dags/tutorial_taskflow_api.py
[2026-06-29T22:23:28.859+0000] {processor.py:914} INFO - Processing file /home/airflow/.local/lib/python3.12/site-packages/airflow/example_dags/tutorial_taskflow_api.py for tasks to queue
[2026-06-29T22:23:28.863+0000] {logging_mixin.py:190} INFO - [2026-06-29T22:23:28.862+0000] {dagbag.py:588} INFO - Filling up the DagBag from /home/airflow/.local/lib/python3.12/site-packages/airflow/example_dags/tutorial_taskflow_api.py
[2026-06-29T22:23:28.879+0000] {processor.py:925} INFO - DAG(s) 'tutorial_taskflow_api' retrieved from /home/airflow/.local/lib/python3.12/site-packages/airflow/example_dags/tutorial_taskflow_api.py
[2026-06-29T22:23:28.903+0000] {logging_mixin.py:190} INFO - [2026-06-29T22:23:28.903+0000] {dag.py:3239} INFO - Sync 1 DAGs
[2026-06-29T22:23:28.917+0000] {logging_mixin.py:190} INFO - [2026-06-29T22:23:28.917+0000] {dag.py:4180} INFO - Setting next_dagrun for tutorial_taskflow_api to None, run_after=None
[2026-06-29T22:23:28.939+0000] {processor.py:208} INFO - Processing /home/airflow/.local/lib/python3.12/site-packages/airflow/example_dags/tutorial_taskflow_api.py took 0.094 seconds
[2026-06-29T22:23:59.768+0000] {processor.py:186} INFO - Started process (PID=2026) to work on /home/airflow/.local/lib/python3.12/site-packages/airflow/example_dags/tutorial_taskflow_api.py
[2026-06-29T22:23:59.769+0000] {processor.py:914} INFO - Processing file /home/airflow/.local/lib/python3.12/site-packages/airflow/example_dags/tutorial_taskflow_api.py for tasks to queue
[2026-06-29T22:23:59.772+0000] {logging_mixin.py:190} INFO - [2026-06-29T22:23:59.772+0000] {dagbag.py:588} INFO - Filling up the DagBag from /home/airflow/.local/lib/python3.12/site-packages/airflow/example_dags/tutorial_taskflow_api.py
[2026-06-29T22:23:59.783+0000] {processor.py:925} INFO - DAG(s) 'tutorial_taskflow_api' retrieved from /home/airflow/.local/lib/python3.12/site-packages/airflow/example_dags/tutorial_taskflow_api.py
[2026-06-29T22:23:59.806+0000] {logging_mixin.py:190} INFO - [2026-06-29T22:23:59.806+0000] {dag.py:3239} INFO - Sync 1 DAGs
[2026-06-29T22:23:59.823+0000] {logging_mixin.py:190} INFO - [2026-06-29T22:23:59.822+0000] {dag.py:4180} INFO - Setting next_dagrun for tutorial_taskflow_api to None, run_after=None
[2026-06-29T22:23:59.846+0000] {processor.py:208} INFO - Processing /home/airflow/.local/lib/python3.12/site-packages/airflow/example_dags/tutorial_taskflow_api.py took 0.085 seconds
[2026-06-29T22:24:30.126+0000] {processor.py:186} INFO - Started process (PID=2090) to work on /home/airflow/.local/lib/python3.12/site-packages/airflow/example_dags/tutorial_taskflow_api.py
[2026-06-29T22:24:30.128+0000] {processor.py:914} INFO - Processing file /home/airflow/.local/lib/python3.12/site-packages/airflow/example_dags/tutorial_taskflow_api.py for tasks to queue
[2026-06-29T22:24:30.133+0000] {logging_mixin.py:190} INFO - [2026-06-29T22:24:30.133+0000] {dagbag.py:588} INFO - Filling up the DagBag from /home/airflow/.local/lib/python3.12/site-packages/airflow/example_dags/tutorial_taskflow_api.py
[2026-06-29T22:24:30.144+0000] {processor.py:925} INFO - DAG(s) 'tutorial_taskflow_api' retrieved from /home/airflow/.local/lib/python3.12/site-packages/airflow/example_dags/tutorial_taskflow_api.py
[2026-06-29T22:24:30.166+0000] {logging_mixin.py:190} INFO - [2026-06-29T22:24:30.166+0000] {dag.py:3239} INFO - Sync 1 DAGs
[2026-06-29T22:24:30.182+0000] {logging_mixin.py:190} INFO - [2026-06-29T22:24:30.181+0000] {dag.py:4180} INFO - Setting next_dagrun for tutorial_taskflow_api to None, run_after=None
[2026-06-29T22:24:30.204+0000] {processor.py:208} INFO - Processing /home/airflow/.local/lib/python3.12/site-packages/airflow/example_dags/tutorial_taskflow_api.py took 0.084 seconds
[2026-06-29T22:25:00.775+0000] {processor.py:186} INFO - Started process (PID=2154) to work on /home/airflow/.local/lib/python3.12/site-packages/airflow/example_dags/tutorial_taskflow_api.py
[2026-06-29T22:25:00.780+0000] {processor.py:914} INFO - Processing file /home/airflow/.local/lib/python3.12/site-packages/airflow/example_dags/tutorial_taskflow_api.py for tasks to queue
[2026-06-29T22:25:00.787+0000] {logging_mixin.py:190} INFO - [2026-06-29T22:25:00.787+0000] {dagbag.py:588} INFO - Filling up the DagBag from /home/airflow/.local/lib/python3.12/site-packages/airflow/example_dags/tutorial_taskflow_api.py
[2026-06-29T22:25:00.817+0000] {processor.py:925} INFO - DAG(s) 'tutorial_taskflow_api' retrieved from /home/airflow/.local/lib/python3.12/site-packages/airflow/example_dags/tutorial_taskflow_api.py
[2026-06-29T22:25:00.880+0000] {logging_mixin.py:190} INFO - [2026-06-29T22:25:00.879+0000] {dag.py:3239} INFO - Sync 1 DAGs
[2026-06-29T22:25:00.922+0000] {logging_mixin.py:190} INFO - [2026-06-29T22:25:00.922+0000] {dag.py:4180} INFO - Setting next_dagrun for tutorial_taskflow_api to None, run_after=None
[2026-06-29T22:25:00.974+0000] {processor.py:208} INFO - Processing /home/airflow/.local/lib/python3.12/site-packages/airflow/example_dags/tutorial_taskflow_api.py took 0.214 seconds
[2026-06-29T22:25:31.378+0000] {processor.py:186} INFO - Started process (PID=2218) to work on /home/airflow/.local/lib/python3.12/site-packages/airflow/example_dags/tutorial_taskflow_api.py
[2026-06-29T22:25:31.380+0000] {processor.py:914} INFO - Processing file /home/airflow/.local/lib/python3.12/site-packages/airflow/example_dags/tutorial_taskflow_api.py for tasks to queue
[2026-06-29T22:25:31.383+0000] {logging_mixin.py:190} INFO - [2026-06-29T22:25:31.383+0000] {dagbag.py:588} INFO - Filling up the DagBag from /home/airflow/.local/lib/python3.12/site-packages/airflow/example_dags/tutorial_taskflow_api.py
[2026-06-29T22:25:31.397+0000] {processor.py:925} INFO - DAG(s) 'tutorial_taskflow_api' retrieved from /home/airflow/.local/lib/python3.12/site-packages/airflow/example_dags/tutorial_taskflow_api.py
[2026-06-29T22:25:31.422+0000] {logging_mixin.py:190} INFO - [2026-06-29T22:25:31.422+0000] {dag.py:3239} INFO - Sync 1 DAGs
[2026-06-29T22:25:31.440+0000] {logging_mixin.py:190} INFO - [2026-06-29T22:25:31.439+0000] {dag.py:4180} INFO - Setting next_dagrun for tutorial_taskflow_api to None, run_after=None
[2026-06-29T22:25:31.464+0000] {processor.py:208} INFO - Processing /home/airflow/.local/lib/python3.12/site-packages/airflow/example_dags/tutorial_taskflow_api.py took 0.094 seconds
[2026-06-29T22:26:02.070+0000] {processor.py:186} INFO - Started process (PID=2282) to work on /home/airflow/.local/lib/python3.12/site-packages/airflow/example_dags/tutorial_taskflow_api.py
[2026-06-29T22:26:02.071+0000] {processor.py:914} INFO - Processing file /home/airflow/.local/lib/python3.12/site-packages/airflow/example_dags/tutorial_taskflow_api.py for tasks to queue
[2026-06-29T22:26:02.074+0000] {logging_mixin.py:190} INFO - [2026-06-29T22:26:02.073+0000] {dagbag.py:588} INFO - Filling up the DagBag from /home/airflow/.local/lib/python3.12/site-packages/airflow/example_dags/tutorial_taskflow_api.py
[2026-06-29T22:26:02.083+0000] {processor.py:925} INFO - DAG(s) 'tutorial_taskflow_api' retrieved from /home/airflow/.local/lib/python3.12/site-packages/airflow/example_dags/tutorial_taskflow_api.py
[2026-06-29T22:26:02.105+0000] {logging_mixin.py:190} INFO - [2026-06-29T22:26:02.104+0000] {dag.py:3239} INFO - Sync 1 DAGs
[2026-06-29T22:26:02.124+0000] {logging_mixin.py:190} INFO - [2026-06-29T22:26:02.124+0000] {dag.py:4180} INFO - Setting next_dagrun for tutorial_taskflow_api to None, run_after=None
[2026-06-29T22:26:02.148+0000] {processor.py:208} INFO - Processing /home/airflow/.local/lib/python3.12/site-packages/airflow/example_dags/tutorial_taskflow_api.py took 0.085 seconds
[2026-06-29T22:26:33.094+0000] {processor.py:186} INFO - Started process (PID=2346) to work on /home/airflow/.local/lib/python3.12/site-packages/airflow/example_dags/tutorial_taskflow_api.py
[2026-06-29T22:26:33.097+0000] {processor.py:914} INFO - Processing file /home/airflow/.local/lib/python3.12/site-packages/airflow/example_dags/tutorial_taskflow_api.py for tasks to queue
[2026-06-29T22:26:33.103+0000] {logging_mixin.py:190} INFO - [2026-06-29T22:26:33.102+0000] {dagbag.py:588} INFO - Filling up the DagBag from /home/airflow/.local/lib/python3.12/site-packages/airflow/example_dags/tutorial_taskflow_api.py
[2026-06-29T22:26:33.120+0000] {processor.py:925} INFO - DAG(s) 'tutorial_taskflow_api' retrieved from /home/airflow/.local/lib/python3.12/site-packages/airflow/example_dags/tutorial_taskflow_api.py
[2026-06-29T22:26:33.171+0000] {logging_mixin.py:190} INFO - [2026-06-29T22:26:33.170+0000] {dag.py:3239} INFO - Sync 1 DAGs
[2026-06-29T22:26:33.202+0000] {logging_mixin.py:190} INFO - [2026-06-29T22:26:33.202+0000] {dag.py:4180} INFO - Setting next_dagrun for tutorial_taskflow_api to None, run_after=None
[2026-06-29T22:26:33.259+0000] {processor.py:208} INFO - Processing /home/airflow/.local/lib/python3.12/site-packages/airflow/example_dags/tutorial_taskflow_api.py took 0.181 seconds
[2026-06-29T22:27:03.980+0000] {processor.py:186} INFO - Started process (PID=2410) to work on /home/airflow/.local/lib/python3.12/site-packages/airflow/example_dags/tutorial_taskflow_api.py
[2026-06-29T22:27:03.981+0000] {processor.py:914} INFO - Processing file /home/airflow/.local/lib/python3.12/site-packages/airflow/example_dags/tutorial_taskflow_api.py for tasks to queue
[2026-06-29T22:27:03.985+0000] {logging_mixin.py:190} INFO - [2026-06-29T22:27:03.985+0000] {dagbag.py:588} INFO - Filling up the DagBag from /home/airflow/.local/lib/python3.12/site-packages/airflow/example_dags/tutorial_taskflow_api.py
[2026-06-29T22:27:03.996+0000] {processor.py:925} INFO - DAG(s) 'tutorial_taskflow_api' retrieved from /home/airflow/.local/lib/python3.12/site-packages/airflow/example_dags/tutorial_taskflow_api.py
[2026-06-29T22:27:04.022+0000] {logging_mixin.py:190} INFO - [2026-06-29T22:27:04.022+0000] {dag.py:3239} INFO - Sync 1 DAGs
[2026-06-29T22:27:04.039+0000] {logging_mixin.py:190} INFO - [2026-06-29T22:27:04.039+0000] {dag.py:4180} INFO - Setting next_dagrun for tutorial_taskflow_api to None, run_after=None
[2026-06-29T22:27:04.065+0000] {processor.py:208} INFO - Processing /home/airflow/.local/lib/python3.12/site-packages/airflow/example_dags/tutorial_taskflow_api.py took 0.091 seconds
[2026-06-29T22:27:34.365+0000] {processor.py:186} INFO - Started process (PID=2474) to work on /home/airflow/.local/lib/python3.12/site-packages/airflow/example_dags/tutorial_taskflow_api.py
[2026-06-29T22:27:34.367+0000] {processor.py:914} INFO - Processing file /home/airflow/.local/lib/python3.12/site-packages/airflow/example_dags/tutorial_taskflow_api.py for tasks to queue
[2026-06-29T22:27:34.370+0000] {logging_mixin.py:190} INFO - [2026-06-29T22:27:34.370+0000] {dagbag.py:588} INFO - Filling up the DagBag from /home/airflow/.local/lib/python3.12/site-packages/airflow/example_dags/tutorial_taskflow_api.py
[2026-06-29T22:27:34.385+0000] {processor.py:925} INFO - DAG(s) 'tutorial_taskflow_api' retrieved from /home/airflow/.local/lib/python3.12/site-packages/airflow/example_dags/tutorial_taskflow_api.py
[2026-06-29T22:27:34.409+0000] {logging_mixin.py:190} INFO - [2026-06-29T22:27:34.408+0000] {dag.py:3239} INFO - Sync 1 DAGs
[2026-06-29T22:27:34.428+0000] {logging_mixin.py:190} INFO - [2026-06-29T22:27:34.427+0000] {dag.py:4180} INFO - Setting next_dagrun for tutorial_taskflow_api to None, run_after=None
[2026-06-29T22:27:34.451+0000] {processor.py:208} INFO - Processing /home/airflow/.local/lib/python3.12/site-packages/airflow/example_dags/tutorial_taskflow_api.py took 0.092 seconds
[2026-06-29T22:28:04.944+0000] {processor.py:186} INFO - Started process (PID=2537) to work on /home/airflow/.local/lib/python3.12/site-packages/airflow/example_dags/tutorial_taskflow_api.py
[2026-06-29T22:28:04.946+0000] {processor.py:914} INFO - Processing file /home/airflow/.local/lib/python3.12/site-packages/airflow/example_dags/tutorial_taskflow_api.py for tasks to queue
[2026-06-29T22:28:04.953+0000] {logging_mixin.py:190} INFO - [2026-06-29T22:28:04.952+0000] {dagbag.py:588} INFO - Filling up the DagBag from /home/airflow/.local/lib/python3.12/site-packages/airflow/example_dags/tutorial_taskflow_api.py
[2026-06-29T22:28:04.971+0000] {processor.py:925} INFO - DAG(s) 'tutorial_taskflow_api' retrieved from /home/airflow/.local/lib/python3.12/site-packages/airflow/example_dags/tutorial_taskflow_api.py
[2026-06-29T22:28:05.008+0000] {logging_mixin.py:190} INFO - [2026-06-29T22:28:05.008+0000] {dag.py:3239} INFO - Sync 1 DAGs
[2026-06-29T22:28:05.032+0000] {logging_mixin.py:190} INFO - [2026-06-29T22:28:05.032+0000] {dag.py:4180} INFO - Setting next_dagrun for tutorial_taskflow_api to None, run_after=None
[2026-06-29T22:28:05.065+0000] {processor.py:208} INFO - Processing /home/airflow/.local/lib/python3.12/site-packages/airflow/example_dags/tutorial_taskflow_api.py took 0.132 seconds
[2026-06-29T22:28:35.876+0000] {processor.py:186} INFO - Started process (PID=2601) to work on /home/airflow/.local/lib/python3.12/site-packages/airflow/example_dags/tutorial_taskflow_api.py
[2026-06-29T22:28:35.880+0000] {processor.py:914} INFO - Processing file /home/airflow/.local/lib/python3.12/site-packages/airflow/example_dags/tutorial_taskflow_api.py for tasks to queue
[2026-06-29T22:28:35.886+0000] {logging_mixin.py:190} INFO - [2026-06-29T22:28:35.885+0000] {dagbag.py:588} INFO - Filling up the DagBag from /home/airflow/.local/lib/python3.12/site-packages/airflow/example_dags/tutorial_taskflow_api.py
[2026-06-29T22:28:35.902+0000] {processor.py:925} INFO - DAG(s) 'tutorial_taskflow_api' retrieved from /home/airflow/.local/lib/python3.12/site-packages/airflow/example_dags/tutorial_taskflow_api.py
[2026-06-29T22:28:35.958+0000] {logging_mixin.py:190} INFO - [2026-06-29T22:28:35.957+0000] {dag.py:3239} INFO - Sync 1 DAGs
[2026-06-29T22:28:35.979+0000] {logging_mixin.py:190} INFO - [2026-06-29T22:28:35.978+0000] {dag.py:4180} INFO - Setting next_dagrun for tutorial_taskflow_api to None, run_after=None
[2026-06-29T22:28:36.017+0000] {processor.py:208} INFO - Processing /home/airflow/.local/lib/python3.12/site-packages/airflow/example_dags/tutorial_taskflow_api.py took 0.151 seconds
[2026-06-29T22:29:07.977+0000] {processor.py:186} INFO - Started process (PID=2665) to work on /home/airflow/.local/lib/python3.12/site-packages/airflow/example_dags/tutorial_taskflow_api.py
[2026-06-29T22:29:07.980+0000] {processor.py:914} INFO - Processing file /home/airflow/.local/lib/python3.12/site-packages/airflow/example_dags/tutorial_taskflow_api.py for tasks to queue
[2026-06-29T22:29:07.989+0000] {logging_mixin.py:190} INFO - [2026-06-29T22:29:07.988+0000] {dagbag.py:588} INFO - Filling up the DagBag from /home/airflow/.local/lib/python3.12/site-packages/airflow/example_dags/tutorial_taskflow_api.py
[2026-06-29T22:29:08.005+0000] {processor.py:925} INFO - DAG(s) 'tutorial_taskflow_api' retrieved from /home/airflow/.local/lib/python3.12/site-packages/airflow/example_dags/tutorial_taskflow_api.py
[2026-06-29T22:29:08.064+0000] {logging_mixin.py:190} INFO - [2026-06-29T22:29:08.063+0000] {dag.py:3239} INFO - Sync 1 DAGs
[2026-06-29T22:29:08.107+0000] {logging_mixin.py:190} INFO - [2026-06-29T22:29:08.107+0000] {dag.py:4180} INFO - Setting next_dagrun for tutorial_taskflow_api to None, run_after=None
[2026-06-29T22:29:08.171+0000] {processor.py:208} INFO - Processing /home/airflow/.local/lib/python3.12/site-packages/airflow/example_dags/tutorial_taskflow_api.py took 0.211 seconds
[2026-06-29T22:29:38.680+0000] {processor.py:186} INFO - Started process (PID=2729) to work on /home/airflow/.local/lib/python3.12/site-packages/airflow/example_dags/tutorial_taskflow_api.py
[2026-06-29T22:29:38.683+0000] {processor.py:914} INFO - Processing file /home/airflow/.local/lib/python3.12/site-packages/airflow/example_dags/tutorial_taskflow_api.py for tasks to queue
[2026-06-29T22:29:38.688+0000] {logging_mixin.py:190} INFO - [2026-06-29T22:29:38.687+0000] {dagbag.py:588} INFO - Filling up the DagBag from /home/airflow/.local/lib/python3.12/site-packages/airflow/example_dags/tutorial_taskflow_api.py
[2026-06-29T22:29:38.701+0000] {processor.py:925} INFO - DAG(s) 'tutorial_taskflow_api' retrieved from /home/airflow/.local/lib/python3.12/site-packages/airflow/example_dags/tutorial_taskflow_api.py
[2026-06-29T22:29:38.739+0000] {logging_mixin.py:190} INFO - [2026-06-29T22:29:38.739+0000] {dag.py:3239} INFO - Sync 1 DAGs
[2026-06-29T22:29:38.761+0000] {logging_mixin.py:190} INFO - [2026-06-29T22:29:38.761+0000] {dag.py:4180} INFO - Setting next_dagrun for tutorial_taskflow_api to None, run_after=None
[2026-06-29T22:29:38.818+0000] {processor.py:208} INFO - Processing /home/airflow/.local/lib/python3.12/site-packages/airflow/example_dags/tutorial_taskflow_api.py took 0.146 seconds
[2026-06-29T22:30:08.912+0000] {processor.py:186} INFO - Started process (PID=2792) to work on /home/airflow/.local/lib/python3.12/site-packages/airflow/example_dags/tutorial_taskflow_api.py
[2026-06-29T22:30:08.914+0000] {processor.py:914} INFO - Processing file /home/airflow/.local/lib/python3.12/site-packages/airflow/example_dags/tutorial_taskflow_api.py for tasks to queue
[2026-06-29T22:30:08.920+0000] {logging_mixin.py:190} INFO - [2026-06-29T22:30:08.920+0000] {dagbag.py:588} INFO - Filling up the DagBag from /home/airflow/.local/lib/python3.12/site-packages/airflow/example_dags/tutorial_taskflow_api.py
[2026-06-29T22:30:08.936+0000] {processor.py:925} INFO - DAG(s) 'tutorial_taskflow_api' retrieved from /home/airflow/.local/lib/python3.12/site-packages/airflow/example_dags/tutorial_taskflow_api.py
[2026-06-29T22:30:08.972+0000] {logging_mixin.py:190} INFO - [2026-06-29T22:30:08.972+0000] {dag.py:3239} INFO - Sync 1 DAGs
[2026-06-29T22:30:08.997+0000] {logging_mixin.py:190} INFO - [2026-06-29T22:30:08.996+0000] {dag.py:4180} INFO - Setting next_dagrun for tutorial_taskflow_api to None, run_after=None
[2026-06-29T22:30:09.026+0000] {processor.py:208} INFO - Processing /home/airflow/.local/lib/python3.12/site-packages/airflow/example_dags/tutorial_taskflow_api.py took 0.126 seconds
[2026-06-29T22:30:45.572+0000] {processor.py:186} INFO - Started process (PID=2862) to work on /home/airflow/.local/lib/python3.12/site-packages/airflow/example_dags/tutorial_taskflow_api.py
[2026-06-29T22:30:45.585+0000] {processor.py:914} INFO - Processing file /home/airflow/.local/lib/python3.12/site-packages/airflow/example_dags/tutorial_taskflow_api.py for tasks to queue
[2026-06-29T22:30:45.595+0000] {logging_mixin.py:190} INFO - [2026-06-29T22:30:45.595+0000] {dagbag.py:588} INFO - Filling up the DagBag from /home/airflow/.local/lib/python3.12/site-packages/airflow/example_dags/tutorial_taskflow_api.py
[2026-06-29T22:30:45.668+0000] {processor.py:925} INFO - DAG(s) 'tutorial_taskflow_api' retrieved from /home/airflow/.local/lib/python3.12/site-packages/airflow/example_dags/tutorial_taskflow_api.py
[2026-06-29T22:30:45.765+0000] {logging_mixin.py:190} INFO - [2026-06-29T22:30:45.764+0000] {dag.py:3239} INFO - Sync 1 DAGs
[2026-06-29T22:30:45.816+0000] {logging_mixin.py:190} INFO - [2026-06-29T22:30:45.816+0000] {dag.py:4180} INFO - Setting next_dagrun for tutorial_taskflow_api to None, run_after=None
[2026-06-29T22:30:45.880+0000] {processor.py:208} INFO - Processing /home/airflow/.local/lib/python3.12/site-packages/airflow/example_dags/tutorial_taskflow_api.py took 0.324 seconds
[2026-06-29T22:31:16.105+0000] {processor.py:186} INFO - Started process (PID=2926) to work on /home/airflow/.local/lib/python3.12/site-packages/airflow/example_dags/tutorial_taskflow_api.py
[2026-06-29T22:31:16.108+0000] {processor.py:914} INFO - Processing file /home/airflow/.local/lib/python3.12/site-packages/airflow/example_dags/tutorial_taskflow_api.py for tasks to queue
[2026-06-29T22:31:16.116+0000] {logging_mixin.py:190} INFO - [2026-06-29T22:31:16.116+0000] {dagbag.py:588} INFO - Filling up the DagBag from /home/airflow/.local/lib/python3.12/site-packages/airflow/example_dags/tutorial_taskflow_api.py
[2026-06-29T22:31:16.142+0000] {processor.py:925} INFO - DAG(s) 'tutorial_taskflow_api' retrieved from /home/airflow/.local/lib/python3.12/site-packages/airflow/example_dags/tutorial_taskflow_api.py
[2026-06-29T22:31:16.195+0000] {logging_mixin.py:190} INFO - [2026-06-29T22:31:16.194+0000] {dag.py:3239} INFO - Sync 1 DAGs
[2026-06-29T22:31:16.249+0000] {logging_mixin.py:190} INFO - [2026-06-29T22:31:16.248+0000] {dag.py:4180} INFO - Setting next_dagrun for tutorial_taskflow_api to None, run_after=None
[2026-06-29T22:31:16.296+0000] {processor.py:208} INFO - Processing /home/airflow/.local/lib/python3.12/site-packages/airflow/example_dags/tutorial_taskflow_api.py took 0.199 seconds
[2026-06-29T22:31:46.865+0000] {processor.py:186} INFO - Started process (PID=2997) to work on /home/airflow/.local/lib/python3.12/site-packages/airflow/example_dags/tutorial_taskflow_api.py
[2026-06-29T22:31:46.866+0000] {processor.py:914} INFO - Processing file /home/airflow/.local/lib/python3.12/site-packages/airflow/example_dags/tutorial_taskflow_api.py for tasks to queue
[2026-06-29T22:31:46.869+0000] {logging_mixin.py:190} INFO - [2026-06-29T22:31:46.869+0000] {dagbag.py:588} INFO - Filling up the DagBag from /home/airflow/.local/lib/python3.12/site-packages/airflow/example_dags/tutorial_taskflow_api.py
[2026-06-29T22:31:46.880+0000] {processor.py:925} INFO - DAG(s) 'tutorial_taskflow_api' retrieved from /home/airflow/.local/lib/python3.12/site-packages/airflow/example_dags/tutorial_taskflow_api.py
[2026-06-29T22:31:46.909+0000] {logging_mixin.py:190} INFO - [2026-06-29T22:31:46.909+0000] {dag.py:3239} INFO - Sync 1 DAGs
[2026-06-29T22:31:46.932+0000] {logging_mixin.py:190} INFO - [2026-06-29T22:31:46.932+0000] {dag.py:4180} INFO - Setting next_dagrun for tutorial_taskflow_api to None, run_after=None
[2026-06-29T22:31:46.959+0000] {processor.py:208} INFO - Processing /home/airflow/.local/lib/python3.12/site-packages/airflow/example_dags/tutorial_taskflow_api.py took 0.102 seconds
[2026-06-29T22:32:18.406+0000] {processor.py:186} INFO - Started process (PID=3134) to work on /home/airflow/.local/lib/python3.12/site-packages/airflow/example_dags/tutorial_taskflow_api.py
[2026-06-29T22:32:18.408+0000] {processor.py:914} INFO - Processing file /home/airflow/.local/lib/python3.12/site-packages/airflow/example_dags/tutorial_taskflow_api.py for tasks to queue
[2026-06-29T22:32:18.414+0000] {logging_mixin.py:190} INFO - [2026-06-29T22:32:18.413+0000] {dagbag.py:588} INFO - Filling up the DagBag from /home/airflow/.local/lib/python3.12/site-packages/airflow/example_dags/tutorial_taskflow_api.py
[2026-06-29T22:32:18.426+0000] {processor.py:925} INFO - DAG(s) 'tutorial_taskflow_api' retrieved from /home/airflow/.local/lib/python3.12/site-packages/airflow/example_dags/tutorial_taskflow_api.py
[2026-06-29T22:32:18.460+0000] {logging_mixin.py:190} INFO - [2026-06-29T22:32:18.460+0000] {dag.py:3239} INFO - Sync 1 DAGs
[2026-06-29T22:32:18.483+0000] {logging_mixin.py:190} INFO - [2026-06-29T22:32:18.483+0000] {dag.py:4180} INFO - Setting next_dagrun for tutorial_taskflow_api to None, run_after=None
[2026-06-29T22:32:18.522+0000] {processor.py:208} INFO - Processing /home/airflow/.local/lib/python3.12/site-packages/airflow/example_dags/tutorial_taskflow_api.py took 0.122 seconds
[2026-06-29T22:32:49.278+0000] {processor.py:186} INFO - Started process (PID=3228) to work on /home/airflow/.local/lib/python3.12/site-packages/airflow/example_dags/tutorial_taskflow_api.py
[2026-06-29T22:32:49.282+0000] {processor.py:914} INFO - Processing file /home/airflow/.local/lib/python3.12/site-packages/airflow/example_dags/tutorial_taskflow_api.py for tasks to queue
[2026-06-29T22:32:49.298+0000] {logging_mixin.py:190} INFO - [2026-06-29T22:32:49.297+0000] {dagbag.py:588} INFO - Filling up the DagBag from /home/airflow/.local/lib/python3.12/site-packages/airflow/example_dags/tutorial_taskflow_api.py
[2026-06-29T22:32:49.333+0000] {processor.py:925} INFO - DAG(s) 'tutorial_taskflow_api' retrieved from /home/airflow/.local/lib/python3.12/site-packages/airflow/example_dags/tutorial_taskflow_api.py
[2026-06-29T22:32:49.415+0000] {logging_mixin.py:190} INFO - [2026-06-29T22:32:49.414+0000] {dag.py:3239} INFO - Sync 1 DAGs
[2026-06-29T22:32:49.467+0000] {logging_mixin.py:190} INFO - [2026-06-29T22:32:49.466+0000] {dag.py:4180} INFO - Setting next_dagrun for tutorial_taskflow_api to None, run_after=None
[2026-06-29T22:32:49.527+0000] {processor.py:208} INFO - Processing /home/airflow/.local/lib/python3.12/site-packages/airflow/example_dags/tutorial_taskflow_api.py took 0.273 seconds
[2026-06-29T22:33:20.423+0000] {processor.py:186} INFO - Started process (PID=3295) to work on /home/airflow/.local/lib/python3.12/site-packages/airflow/example_dags/tutorial_taskflow_api.py
[2026-06-29T22:33:20.426+0000] {processor.py:914} INFO - Processing file /home/airflow/.local/lib/python3.12/site-packages/airflow/example_dags/tutorial_taskflow_api.py for tasks to queue
[2026-06-29T22:33:20.430+0000] {logging_mixin.py:190} INFO - [2026-06-29T22:33:20.429+0000] {dagbag.py:588} INFO - Filling up the DagBag from /home/airflow/.local/lib/python3.12/site-packages/airflow/example_dags/tutorial_taskflow_api.py
[2026-06-29T22:33:20.439+0000] {processor.py:925} INFO - DAG(s) 'tutorial_taskflow_api' retrieved from /home/airflow/.local/lib/python3.12/site-packages/airflow/example_dags/tutorial_taskflow_api.py
[2026-06-29T22:33:20.463+0000] {logging_mixin.py:190} INFO - [2026-06-29T22:33:20.463+0000] {dag.py:3239} INFO - Sync 1 DAGs
[2026-06-29T22:33:20.479+0000] {logging_mixin.py:190} INFO - [2026-06-29T22:33:20.478+0000] {dag.py:4180} INFO - Setting next_dagrun for tutorial_taskflow_api to None, run_after=None
[2026-06-29T22:33:20.503+0000] {processor.py:208} INFO - Processing /home/airflow/.local/lib/python3.12/site-packages/airflow/example_dags/tutorial_taskflow_api.py took 0.090 seconds
[2026-06-29T22:33:51.033+0000] {processor.py:186} INFO - Started process (PID=3359) to work on /home/airflow/.local/lib/python3.12/site-packages/airflow/example_dags/tutorial_taskflow_api.py
[2026-06-29T22:33:51.035+0000] {processor.py:914} INFO - Processing file /home/airflow/.local/lib/python3.12/site-packages/airflow/example_dags/tutorial_taskflow_api.py for tasks to queue
[2026-06-29T22:33:51.040+0000] {logging_mixin.py:190} INFO - [2026-06-29T22:33:51.039+0000] {dagbag.py:588} INFO - Filling up the DagBag from /home/airflow/.local/lib/python3.12/site-packages/airflow/example_dags/tutorial_taskflow_api.py
[2026-06-29T22:33:51.051+0000] {processor.py:925} INFO - DAG(s) 'tutorial_taskflow_api' retrieved from /home/airflow/.local/lib/python3.12/site-packages/airflow/example_dags/tutorial_taskflow_api.py
[2026-06-29T22:33:51.091+0000] {logging_mixin.py:190} INFO - [2026-06-29T22:33:51.090+0000] {dag.py:3239} INFO - Sync 1 DAGs
[2026-06-29T22:33:51.115+0000] {logging_mixin.py:190} INFO - [2026-06-29T22:33:51.115+0000] {dag.py:4180} INFO - Setting next_dagrun for tutorial_taskflow_api to None, run_after=None
[2026-06-29T22:33:51.146+0000] {processor.py:208} INFO - Processing /home/airflow/.local/lib/python3.12/site-packages/airflow/example_dags/tutorial_taskflow_api.py took 0.131 seconds
[2026-06-29T22:34:21.835+0000] {processor.py:186} INFO - Started process (PID=3423) to work on /home/airflow/.local/lib/python3.12/site-packages/airflow/example_dags/tutorial_taskflow_api.py
[2026-06-29T22:34:21.836+0000] {processor.py:914} INFO - Processing file /home/airflow/.local/lib/python3.12/site-packages/airflow/example_dags/tutorial_taskflow_api.py for tasks to queue
[2026-06-29T22:34:21.840+0000] {logging_mixin.py:190} INFO - [2026-06-29T22:34:21.839+0000] {dagbag.py:588} INFO - Filling up the DagBag from /home/airflow/.local/lib/python3.12/site-packages/airflow/example_dags/tutorial_taskflow_api.py
[2026-06-29T22:34:21.849+0000] {processor.py:925} INFO - DAG(s) 'tutorial_taskflow_api' retrieved from /home/airflow/.local/lib/python3.12/site-packages/airflow/example_dags/tutorial_taskflow_api.py
[2026-06-29T22:34:21.872+0000] {logging_mixin.py:190} INFO - [2026-06-29T22:34:21.872+0000] {dag.py:3239} INFO - Sync 1 DAGs
[2026-06-29T22:34:21.888+0000] {logging_mixin.py:190} INFO - [2026-06-29T22:34:21.888+0000] {dag.py:4180} INFO - Setting next_dagrun for tutorial_taskflow_api to None, run_after=None
[2026-06-29T22:34:21.913+0000] {processor.py:208} INFO - Processing /home/airflow/.local/lib/python3.12/site-packages/airflow/example_dags/tutorial_taskflow_api.py took 0.087 seconds
[2026-06-29T22:34:52.542+0000] {processor.py:186} INFO - Started process (PID=3487) to work on /home/airflow/.local/lib/python3.12/site-packages/airflow/example_dags/tutorial_taskflow_api.py
[2026-06-29T22:34:52.544+0000] {processor.py:914} INFO - Processing file /home/airflow/.local/lib/python3.12/site-packages/airflow/example_dags/tutorial_taskflow_api.py for tasks to queue
[2026-06-29T22:34:52.548+0000] {logging_mixin.py:190} INFO - [2026-06-29T22:34:52.548+0000] {dagbag.py:588} INFO - Filling up the DagBag from /home/airflow/.local/lib/python3.12/site-packages/airflow/example_dags/tutorial_taskflow_api.py
[2026-06-29T22:34:52.560+0000] {processor.py:925} INFO - DAG(s) 'tutorial_taskflow_api' retrieved from /home/airflow/.local/lib/python3.12/site-packages/airflow/example_dags/tutorial_taskflow_api.py
[2026-06-29T22:34:52.584+0000] {logging_mixin.py:190} INFO - [2026-06-29T22:34:52.584+0000] {dag.py:3239} INFO - Sync 1 DAGs
[2026-06-29T22:34:52.603+0000] {logging_mixin.py:190} INFO - [2026-06-29T22:34:52.603+0000] {dag.py:4180} INFO - Setting next_dagrun for tutorial_taskflow_api to None, run_after=None
[2026-06-29T22:34:52.623+0000] {processor.py:208} INFO - Processing /home/airflow/.local/lib/python3.12/site-packages/airflow/example_dags/tutorial_taskflow_api.py took 0.094 seconds
[2026-06-29T22:35:22.687+0000] {processor.py:186} INFO - Started process (PID=3551) to work on /home/airflow/.local/lib/python3.12/site-packages/airflow/example_dags/tutorial_taskflow_api.py
[2026-06-29T22:35:22.689+0000] {processor.py:914} INFO - Processing file /home/airflow/.local/lib/python3.12/site-packages/airflow/example_dags/tutorial_taskflow_api.py for tasks to queue
[2026-06-29T22:35:22.692+0000] {logging_mixin.py:190} INFO - [2026-06-29T22:35:22.692+0000] {dagbag.py:588} INFO - Filling up the DagBag from /home/airflow/.local/lib/python3.12/site-packages/airflow/example_dags/tutorial_taskflow_api.py
[2026-06-29T22:35:22.702+0000] {processor.py:925} INFO - DAG(s) 'tutorial_taskflow_api' retrieved from /home/airflow/.local/lib/python3.12/site-packages/airflow/example_dags/tutorial_taskflow_api.py
[2026-06-29T22:35:22.726+0000] {logging_mixin.py:190} INFO - [2026-06-29T22:35:22.726+0000] {dag.py:3239} INFO - Sync 1 DAGs
[2026-06-29T22:35:22.743+0000] {logging_mixin.py:190} INFO - [2026-06-29T22:35:22.742+0000] {dag.py:4180} INFO - Setting next_dagrun for tutorial_taskflow_api to None, run_after=None
[2026-06-29T22:35:22.764+0000] {processor.py:208} INFO - Processing /home/airflow/.local/lib/python3.12/site-packages/airflow/example_dags/tutorial_taskflow_api.py took 0.087 seconds
[2026-06-29T22:35:53.089+0000] {processor.py:186} INFO - Started process (PID=3615) to work on /home/airflow/.local/lib/python3.12/site-packages/airflow/example_dags/tutorial_taskflow_api.py
[2026-06-29T22:35:53.090+0000] {processor.py:914} INFO - Processing file /home/airflow/.local/lib/python3.12/site-packages/airflow/example_dags/tutorial_taskflow_api.py for tasks to queue
[2026-06-29T22:35:53.093+0000] {logging_mixin.py:190} INFO - [2026-06-29T22:35:53.093+0000] {dagbag.py:588} INFO - Filling up the DagBag from /home/airflow/.local/lib/python3.12/site-packages/airflow/example_dags/tutorial_taskflow_api.py
[2026-06-29T22:35:53.103+0000] {processor.py:925} INFO - DAG(s) 'tutorial_taskflow_api' retrieved from /home/airflow/.local/lib/python3.12/site-packages/airflow/example_dags/tutorial_taskflow_api.py
[2026-06-29T22:35:53.127+0000] {logging_mixin.py:190} INFO - [2026-06-29T22:35:53.126+0000] {dag.py:3239} INFO - Sync 1 DAGs
[2026-06-29T22:35:53.142+0000] {logging_mixin.py:190} INFO - [2026-06-29T22:35:53.142+0000] {dag.py:4180} INFO - Setting next_dagrun for tutorial_taskflow_api to None, run_after=None
[2026-06-29T22:35:53.163+0000] {processor.py:208} INFO - Processing /home/airflow/.local/lib/python3.12/site-packages/airflow/example_dags/tutorial_taskflow_api.py took 0.087 seconds
[2026-06-29T22:36:23.960+0000] {processor.py:186} INFO - Started process (PID=3679) to work on /home/airflow/.local/lib/python3.12/site-packages/airflow/example_dags/tutorial_taskflow_api.py
[2026-06-29T22:36:23.962+0000] {processor.py:914} INFO - Processing file /home/airflow/.local/lib/python3.12/site-packages/airflow/example_dags/tutorial_taskflow_api.py for tasks to queue
[2026-06-29T22:36:23.969+0000] {logging_mixin.py:190} INFO - [2026-06-29T22:36:23.968+0000] {dagbag.py:588} INFO - Filling up the DagBag from /home/airflow/.local/lib/python3.12/site-packages/airflow/example_dags/tutorial_taskflow_api.py
[2026-06-29T22:36:23.983+0000] {processor.py:925} INFO - DAG(s) 'tutorial_taskflow_api' retrieved from /home/airflow/.local/lib/python3.12/site-packages/airflow/example_dags/tutorial_taskflow_api.py
[2026-06-29T22:36:24.017+0000] {logging_mixin.py:190} INFO - [2026-06-29T22:36:24.017+0000] {dag.py:3239} INFO - Sync 1 DAGs
[2026-06-29T22:36:24.041+0000] {logging_mixin.py:190} INFO - [2026-06-29T22:36:24.041+0000] {dag.py:4180} INFO - Setting next_dagrun for tutorial_taskflow_api to None, run_after=None
[2026-06-29T22:36:24.082+0000] {processor.py:208} INFO - Processing /home/airflow/.local/lib/python3.12/site-packages/airflow/example_dags/tutorial_taskflow_api.py took 0.133 seconds
[2026-06-29T22:36:54.482+0000] {processor.py:186} INFO - Started process (PID=3743) to work on /home/airflow/.local/lib/python3.12/site-packages/airflow/example_dags/tutorial_taskflow_api.py
[2026-06-29T22:36:54.484+0000] {processor.py:914} INFO - Processing file /home/airflow/.local/lib/python3.12/site-packages/airflow/example_dags/tutorial_taskflow_api.py for tasks to queue
[2026-06-29T22:36:54.487+0000] {logging_mixin.py:190} INFO - [2026-06-29T22:36:54.487+0000] {dagbag.py:588} INFO - Filling up the DagBag from /home/airflow/.local/lib/python3.12/site-packages/airflow/example_dags/tutorial_taskflow_api.py
[2026-06-29T22:36:54.499+0000] {processor.py:925} INFO - DAG(s) 'tutorial_taskflow_api' retrieved from /home/airflow/.local/lib/python3.12/site-packages/airflow/example_dags/tutorial_taskflow_api.py
[2026-06-29T22:36:54.520+0000] {logging_mixin.py:190} INFO - [2026-06-29T22:36:54.520+0000] {dag.py:3239} INFO - Sync 1 DAGs
[2026-06-29T22:36:54.535+0000] {logging_mixin.py:190} INFO - [2026-06-29T22:36:54.535+0000] {dag.py:4180} INFO - Setting next_dagrun for tutorial_taskflow_api to None, run_after=None
[2026-06-29T22:36:54.556+0000] {processor.py:208} INFO - Processing /home/airflow/.local/lib/python3.12/site-packages/airflow/example_dags/tutorial_taskflow_api.py took 0.086 seconds
[2026-06-29T22:37:25.122+0000] {processor.py:186} INFO - Started process (PID=3807) to work on /home/airflow/.local/lib/python3.12/site-packages/airflow/example_dags/tutorial_taskflow_api.py
[2026-06-29T22:37:25.124+0000] {processor.py:914} INFO - Processing file /home/airflow/.local/lib/python3.12/site-packages/airflow/example_dags/tutorial_taskflow_api.py for tasks to queue
[2026-06-29T22:37:25.129+0000] {logging_mixin.py:190} INFO - [2026-06-29T22:37:25.128+0000] {dagbag.py:588} INFO - Filling up the DagBag from /home/airflow/.local/lib/python3.12/site-packages/airflow/example_dags/tutorial_taskflow_api.py
[2026-06-29T22:37:25.138+0000] {processor.py:925} INFO - DAG(s) 'tutorial_taskflow_api' retrieved from /home/airflow/.local/lib/python3.12/site-packages/airflow/example_dags/tutorial_taskflow_api.py
[2026-06-29T22:37:25.162+0000] {logging_mixin.py:190} INFO - [2026-06-29T22:37:25.161+0000] {dag.py:3239} INFO - Sync 1 DAGs
[2026-06-29T22:37:25.178+0000] {logging_mixin.py:190} INFO - [2026-06-29T22:37:25.178+0000] {dag.py:4180} INFO - Setting next_dagrun for tutorial_taskflow_api to None, run_after=None
[2026-06-29T22:37:25.366+0000] {processor.py:208} INFO - Processing /home/airflow/.local/lib/python3.12/site-packages/airflow/example_dags/tutorial_taskflow_api.py took 0.253 seconds
[2026-06-29T22:37:55.587+0000] {processor.py:186} INFO - Started process (PID=3874) to work on /home/airflow/.local/lib/python3.12/site-packages/airflow/example_dags/tutorial_taskflow_api.py
[2026-06-29T22:37:55.588+0000] {processor.py:914} INFO - Processing file /home/airflow/.local/lib/python3.12/site-packages/airflow/example_dags/tutorial_taskflow_api.py for tasks to queue
[2026-06-29T22:37:55.591+0000] {logging_mixin.py:190} INFO - [2026-06-29T22:37:55.591+0000] {dagbag.py:588} INFO - Filling up the DagBag from /home/airflow/.local/lib/python3.12/site-packages/airflow/example_dags/tutorial_taskflow_api.py
[2026-06-29T22:37:55.603+0000] {processor.py:925} INFO - DAG(s) 'tutorial_taskflow_api' retrieved from /home/airflow/.local/lib/python3.12/site-packages/airflow/example_dags/tutorial_taskflow_api.py
[2026-06-29T22:37:55.626+0000] {logging_mixin.py:190} INFO - [2026-06-29T22:37:55.626+0000] {dag.py:3239} INFO - Sync 1 DAGs
[2026-06-29T22:37:55.642+0000] {logging_mixin.py:190} INFO - [2026-06-29T22:37:55.642+0000] {dag.py:4180} INFO - Setting next_dagrun for tutorial_taskflow_api to None, run_after=None
[2026-06-29T22:37:55.666+0000] {processor.py:208} INFO - Processing /home/airflow/.local/lib/python3.12/site-packages/airflow/example_dags/tutorial_taskflow_api.py took 0.090 seconds
[2026-06-29T22:38:26.469+0000] {processor.py:186} INFO - Started process (PID=3937) to work on /home/airflow/.local/lib/python3.12/site-packages/airflow/example_dags/tutorial_taskflow_api.py
[2026-06-29T22:38:26.470+0000] {processor.py:914} INFO - Processing file /home/airflow/.local/lib/python3.12/site-packages/airflow/example_dags/tutorial_taskflow_api.py for tasks to queue
[2026-06-29T22:38:26.474+0000] {logging_mixin.py:190} INFO - [2026-06-29T22:38:26.474+0000] {dagbag.py:588} INFO - Filling up the DagBag from /home/airflow/.local/lib/python3.12/site-packages/airflow/example_dags/tutorial_taskflow_api.py
[2026-06-29T22:38:26.485+0000] {processor.py:925} INFO - DAG(s) 'tutorial_taskflow_api' retrieved from /home/airflow/.local/lib/python3.12/site-packages/airflow/example_dags/tutorial_taskflow_api.py
[2026-06-29T22:38:26.510+0000] {logging_mixin.py:190} INFO - [2026-06-29T22:38:26.510+0000] {dag.py:3239} INFO - Sync 1 DAGs
[2026-06-29T22:38:26.526+0000] {logging_mixin.py:190} INFO - [2026-06-29T22:38:26.526+0000] {dag.py:4180} INFO - Setting next_dagrun for tutorial_taskflow_api to None, run_after=None
[2026-06-29T22:38:26.547+0000] {processor.py:208} INFO - Processing /home/airflow/.local/lib/python3.12/site-packages/airflow/example_dags/tutorial_taskflow_api.py took 0.089 seconds
[2026-06-29T22:38:57.169+0000] {processor.py:186} INFO - Started process (PID=4001) to work on /home/airflow/.local/lib/python3.12/site-packages/airflow/example_dags/tutorial_taskflow_api.py
[2026-06-29T22:38:57.172+0000] {processor.py:914} INFO - Processing file /home/airflow/.local/lib/python3.12/site-packages/airflow/example_dags/tutorial_taskflow_api.py for tasks to queue
[2026-06-29T22:38:57.176+0000] {logging_mixin.py:190} INFO - [2026-06-29T22:38:57.176+0000] {dagbag.py:588} INFO - Filling up the DagBag from /home/airflow/.local/lib/python3.12/site-packages/airflow/example_dags/tutorial_taskflow_api.py
[2026-06-29T22:38:57.198+0000] {processor.py:925} INFO - DAG(s) 'tutorial_taskflow_api' retrieved from /home/airflow/.local/lib/python3.12/site-packages/airflow/example_dags/tutorial_taskflow_api.py
[2026-06-29T22:38:57.231+0000] {logging_mixin.py:190} INFO - [2026-06-29T22:38:57.230+0000] {dag.py:3239} INFO - Sync 1 DAGs
[2026-06-29T22:38:57.269+0000] {logging_mixin.py:190} INFO - [2026-06-29T22:38:57.268+0000] {dag.py:4180} INFO - Setting next_dagrun for tutorial_taskflow_api to None, run_after=None
[2026-06-29T22:38:57.311+0000] {processor.py:208} INFO - Processing /home/airflow/.local/lib/python3.12/site-packages/airflow/example_dags/tutorial_taskflow_api.py took 0.155 seconds
[2026-06-29T22:39:28.239+0000] {processor.py:186} INFO - Started process (PID=4063) to work on /home/airflow/.local/lib/python3.12/site-packages/airflow/example_dags/tutorial_taskflow_api.py
[2026-06-29T22:39:28.241+0000] {processor.py:914} INFO - Processing file /home/airflow/.local/lib/python3.12/site-packages/airflow/example_dags/tutorial_taskflow_api.py for tasks to queue
[2026-06-29T22:39:28.246+0000] {logging_mixin.py:190} INFO - [2026-06-29T22:39:28.245+0000] {dagbag.py:588} INFO - Filling up the DagBag from /home/airflow/.local/lib/python3.12/site-packages/airflow/example_dags/tutorial_taskflow_api.py
[2026-06-29T22:39:28.265+0000] {processor.py:925} INFO - DAG(s) 'tutorial_taskflow_api' retrieved from /home/airflow/.local/lib/python3.12/site-packages/airflow/example_dags/tutorial_taskflow_api.py
[2026-06-29T22:39:28.305+0000] {logging_mixin.py:190} INFO - [2026-06-29T22:39:28.304+0000] {dag.py:3239} INFO - Sync 1 DAGs
[2026-06-29T22:39:28.345+0000] {logging_mixin.py:190} INFO - [2026-06-29T22:39:28.345+0000] {dag.py:4180} INFO - Setting next_dagrun for tutorial_taskflow_api to None, run_after=None
[2026-06-29T22:39:28.384+0000] {processor.py:208} INFO - Processing /home/airflow/.local/lib/python3.12/site-packages/airflow/example_dags/tutorial_taskflow_api.py took 0.161 seconds
[2026-06-29T22:39:59.906+0000] {processor.py:186} INFO - Started process (PID=4127) to work on /home/airflow/.local/lib/python3.12/site-packages/airflow/example_dags/tutorial_taskflow_api.py
[2026-06-29T22:39:59.909+0000] {processor.py:914} INFO - Processing file /home/airflow/.local/lib/python3.12/site-packages/airflow/example_dags/tutorial_taskflow_api.py for tasks to queue
[2026-06-29T22:39:59.913+0000] {logging_mixin.py:190} INFO - [2026-06-29T22:39:59.913+0000] {dagbag.py:588} INFO - Filling up the DagBag from /home/airflow/.local/lib/python3.12/site-packages/airflow/example_dags/tutorial_taskflow_api.py
[2026-06-29T22:39:59.930+0000] {processor.py:925} INFO - DAG(s) 'tutorial_taskflow_api' retrieved from /home/airflow/.local/lib/python3.12/site-packages/airflow/example_dags/tutorial_taskflow_api.py
[2026-06-29T22:39:59.969+0000] {logging_mixin.py:190} INFO - [2026-06-29T22:39:59.968+0000] {dag.py:3239} INFO - Sync 1 DAGs
[2026-06-29T22:40:00.210+0000] {logging_mixin.py:190} INFO - [2026-06-29T22:40:00.210+0000] {dag.py:4180} INFO - Setting next_dagrun for tutorial_taskflow_api to None, run_after=None
[2026-06-29T22:40:00.237+0000] {processor.py:208} INFO - Processing /home/airflow/.local/lib/python3.12/site-packages/airflow/example_dags/tutorial_taskflow_api.py took 0.342 seconds
[2026-06-29T22:41:34.392+0000] {processor.py:186} INFO - Started process (PID=132) to work on /home/airflow/.local/lib/python3.12/site-packages/airflow/example_dags/tutorial_taskflow_api.py
[2026-06-29T22:41:34.395+0000] {processor.py:914} INFO - Processing file /home/airflow/.local/lib/python3.12/site-packages/airflow/example_dags/tutorial_taskflow_api.py for tasks to queue
[2026-06-29T22:41:34.402+0000] {logging_mixin.py:190} INFO - [2026-06-29T22:41:34.401+0000] {dagbag.py:588} INFO - Filling up the DagBag from /home/airflow/.local/lib/python3.12/site-packages/airflow/example_dags/tutorial_taskflow_api.py
[2026-06-29T22:41:34.422+0000] {processor.py:925} INFO - DAG(s) 'tutorial_taskflow_api' retrieved from /home/airflow/.local/lib/python3.12/site-packages/airflow/example_dags/tutorial_taskflow_api.py
[2026-06-29T22:41:34.482+0000] {logging_mixin.py:190} INFO - [2026-06-29T22:41:34.481+0000] {dag.py:3239} INFO - Sync 1 DAGs
[2026-06-29T22:41:34.518+0000] {logging_mixin.py:190} INFO - [2026-06-29T22:41:34.518+0000] {dag.py:4180} INFO - Setting next_dagrun for tutorial_taskflow_api to None, run_after=None
[2026-06-29T22:41:34.570+0000] {processor.py:208} INFO - Processing /home/airflow/.local/lib/python3.12/site-packages/airflow/example_dags/tutorial_taskflow_api.py took 0.193 seconds
[2026-06-29T22:42:05.486+0000] {processor.py:186} INFO - Started process (PID=196) to work on /home/airflow/.local/lib/python3.12/site-packages/airflow/example_dags/tutorial_taskflow_api.py
[2026-06-29T22:42:05.489+0000] {processor.py:914} INFO - Processing file /home/airflow/.local/lib/python3.12/site-packages/airflow/example_dags/tutorial_taskflow_api.py for tasks to queue
[2026-06-29T22:42:05.494+0000] {logging_mixin.py:190} INFO - [2026-06-29T22:42:05.493+0000] {dagbag.py:588} INFO - Filling up the DagBag from /home/airflow/.local/lib/python3.12/site-packages/airflow/example_dags/tutorial_taskflow_api.py
[2026-06-29T22:42:05.522+0000] {processor.py:925} INFO - DAG(s) 'tutorial_taskflow_api' retrieved from /home/airflow/.local/lib/python3.12/site-packages/airflow/example_dags/tutorial_taskflow_api.py
[2026-06-29T22:42:05.580+0000] {logging_mixin.py:190} INFO - [2026-06-29T22:42:05.579+0000] {dag.py:3239} INFO - Sync 1 DAGs
[2026-06-29T22:42:05.627+0000] {logging_mixin.py:190} INFO - [2026-06-29T22:42:05.626+0000] {dag.py:4180} INFO - Setting next_dagrun for tutorial_taskflow_api to None, run_after=None
[2026-06-29T22:42:05.691+0000] {processor.py:208} INFO - Processing /home/airflow/.local/lib/python3.12/site-packages/airflow/example_dags/tutorial_taskflow_api.py took 0.221 seconds
[2026-06-29T22:42:37.219+0000] {processor.py:186} INFO - Started process (PID=259) to work on /home/airflow/.local/lib/python3.12/site-packages/airflow/example_dags/tutorial_taskflow_api.py
[2026-06-29T22:42:37.223+0000] {processor.py:914} INFO - Processing file /home/airflow/.local/lib/python3.12/site-packages/airflow/example_dags/tutorial_taskflow_api.py for tasks to queue
[2026-06-29T22:42:37.236+0000] {logging_mixin.py:190} INFO - [2026-06-29T22:42:37.234+0000] {dagbag.py:588} INFO - Filling up the DagBag from /home/airflow/.local/lib/python3.12/site-packages/airflow/example_dags/tutorial_taskflow_api.py
[2026-06-29T22:42:37.264+0000] {processor.py:925} INFO - DAG(s) 'tutorial_taskflow_api' retrieved from /home/airflow/.local/lib/python3.12/site-packages/airflow/example_dags/tutorial_taskflow_api.py
[2026-06-29T22:42:37.343+0000] {logging_mixin.py:190} INFO - [2026-06-29T22:42:37.342+0000] {dag.py:3239} INFO - Sync 1 DAGs
[2026-06-29T22:42:37.394+0000] {logging_mixin.py:190} INFO - [2026-06-29T22:42:37.393+0000] {dag.py:4180} INFO - Setting next_dagrun for tutorial_taskflow_api to None, run_after=None
[2026-06-29T22:42:37.461+0000] {processor.py:208} INFO - Processing /home/airflow/.local/lib/python3.12/site-packages/airflow/example_dags/tutorial_taskflow_api.py took 0.262 seconds
[2026-06-29T22:43:13.261+0000] {processor.py:186} INFO - Started process (PID=330) to work on /home/airflow/.local/lib/python3.12/site-packages/airflow/example_dags/tutorial_taskflow_api.py
[2026-06-29T22:43:13.265+0000] {processor.py:914} INFO - Processing file /home/airflow/.local/lib/python3.12/site-packages/airflow/example_dags/tutorial_taskflow_api.py for tasks to queue
[2026-06-29T22:43:13.273+0000] {logging_mixin.py:190} INFO - [2026-06-29T22:43:13.272+0000] {dagbag.py:588} INFO - Filling up the DagBag from /home/airflow/.local/lib/python3.12/site-packages/airflow/example_dags/tutorial_taskflow_api.py
[2026-06-29T22:43:13.293+0000] {processor.py:925} INFO - DAG(s) 'tutorial_taskflow_api' retrieved from /home/airflow/.local/lib/python3.12/site-packages/airflow/example_dags/tutorial_taskflow_api.py
[2026-06-29T22:43:13.359+0000] {logging_mixin.py:190} INFO - [2026-06-29T22:43:13.358+0000] {dag.py:3239} INFO - Sync 1 DAGs
[2026-06-29T22:43:13.405+0000] {logging_mixin.py:190} INFO - [2026-06-29T22:43:13.405+0000] {dag.py:4180} INFO - Setting next_dagrun for tutorial_taskflow_api to None, run_after=None
[2026-06-29T22:43:13.467+0000] {processor.py:208} INFO - Processing /home/airflow/.local/lib/python3.12/site-packages/airflow/example_dags/tutorial_taskflow_api.py took 0.224 seconds
[2026-06-29T22:43:44.861+0000] {processor.py:186} INFO - Started process (PID=395) to work on /home/airflow/.local/lib/python3.12/site-packages/airflow/example_dags/tutorial_taskflow_api.py
[2026-06-29T22:43:44.864+0000] {processor.py:914} INFO - Processing file /home/airflow/.local/lib/python3.12/site-packages/airflow/example_dags/tutorial_taskflow_api.py for tasks to queue
[2026-06-29T22:43:44.872+0000] {logging_mixin.py:190} INFO - [2026-06-29T22:43:44.870+0000] {dagbag.py:588} INFO - Filling up the DagBag from /home/airflow/.local/lib/python3.12/site-packages/airflow/example_dags/tutorial_taskflow_api.py
[2026-06-29T22:43:44.901+0000] {processor.py:925} INFO - DAG(s) 'tutorial_taskflow_api' retrieved from /home/airflow/.local/lib/python3.12/site-packages/airflow/example_dags/tutorial_taskflow_api.py
[2026-06-29T22:43:45.015+0000] {logging_mixin.py:190} INFO - [2026-06-29T22:43:45.006+0000] {dag.py:3239} INFO - Sync 1 DAGs
[2026-06-29T22:43:45.144+0000] {logging_mixin.py:190} INFO - [2026-06-29T22:43:45.144+0000] {dag.py:4180} INFO - Setting next_dagrun for tutorial_taskflow_api to None, run_after=None
[2026-06-29T22:43:45.342+0000] {processor.py:208} INFO - Processing /home/airflow/.local/lib/python3.12/site-packages/airflow/example_dags/tutorial_taskflow_api.py took 0.494 seconds
[2026-06-29T22:44:15.694+0000] {processor.py:186} INFO - Started process (PID=459) to work on /home/airflow/.local/lib/python3.12/site-packages/airflow/example_dags/tutorial_taskflow_api.py
[2026-06-29T22:44:15.696+0000] {processor.py:914} INFO - Processing file /home/airflow/.local/lib/python3.12/site-packages/airflow/example_dags/tutorial_taskflow_api.py for tasks to queue
[2026-06-29T22:44:15.700+0000] {logging_mixin.py:190} INFO - [2026-06-29T22:44:15.699+0000] {dagbag.py:588} INFO - Filling up the DagBag from /home/airflow/.local/lib/python3.12/site-packages/airflow/example_dags/tutorial_taskflow_api.py
[2026-06-29T22:44:15.711+0000] {processor.py:925} INFO - DAG(s) 'tutorial_taskflow_api' retrieved from /home/airflow/.local/lib/python3.12/site-packages/airflow/example_dags/tutorial_taskflow_api.py
[2026-06-29T22:44:15.746+0000] {logging_mixin.py:190} INFO - [2026-06-29T22:44:15.745+0000] {dag.py:3239} INFO - Sync 1 DAGs
[2026-06-29T22:44:15.773+0000] {logging_mixin.py:190} INFO - [2026-06-29T22:44:15.772+0000] {dag.py:4180} INFO - Setting next_dagrun for tutorial_taskflow_api to None, run_after=None
[2026-06-29T22:44:15.803+0000] {processor.py:208} INFO - Processing /home/airflow/.local/lib/python3.12/site-packages/airflow/example_dags/tutorial_taskflow_api.py took 0.117 seconds
[2026-06-29T22:44:46.143+0000] {processor.py:186} INFO - Started process (PID=523) to work on /home/airflow/.local/lib/python3.12/site-packages/airflow/example_dags/tutorial_taskflow_api.py
[2026-06-29T22:44:46.146+0000] {processor.py:914} INFO - Processing file /home/airflow/.local/lib/python3.12/site-packages/airflow/example_dags/tutorial_taskflow_api.py for tasks to queue
[2026-06-29T22:44:46.153+0000] {logging_mixin.py:190} INFO - [2026-06-29T22:44:46.152+0000] {dagbag.py:588} INFO - Filling up the DagBag from /home/airflow/.local/lib/python3.12/site-packages/airflow/example_dags/tutorial_taskflow_api.py
[2026-06-29T22:44:46.177+0000] {processor.py:925} INFO - DAG(s) 'tutorial_taskflow_api' retrieved from /home/airflow/.local/lib/python3.12/site-packages/airflow/example_dags/tutorial_taskflow_api.py
[2026-06-29T22:44:46.240+0000] {logging_mixin.py:190} INFO - [2026-06-29T22:44:46.239+0000] {dag.py:3239} INFO - Sync 1 DAGs
[2026-06-29T22:44:46.275+0000] {logging_mixin.py:190} INFO - [2026-06-29T22:44:46.275+0000] {dag.py:4180} INFO - Setting next_dagrun for tutorial_taskflow_api to None, run_after=None
[2026-06-29T22:44:46.336+0000] {processor.py:208} INFO - Processing /home/airflow/.local/lib/python3.12/site-packages/airflow/example_dags/tutorial_taskflow_api.py took 0.203 seconds
[2026-06-29T22:45:16.810+0000] {processor.py:186} INFO - Started process (PID=586) to work on /home/airflow/.local/lib/python3.12/site-packages/airflow/example_dags/tutorial_taskflow_api.py
[2026-06-29T22:45:16.814+0000] {processor.py:914} INFO - Processing file /home/airflow/.local/lib/python3.12/site-packages/airflow/example_dags/tutorial_taskflow_api.py for tasks to queue
[2026-06-29T22:45:16.823+0000] {logging_mixin.py:190} INFO - [2026-06-29T22:45:16.822+0000] {dagbag.py:588} INFO - Filling up the DagBag from /home/airflow/.local/lib/python3.12/site-packages/airflow/example_dags/tutorial_taskflow_api.py
[2026-06-29T22:45:16.852+0000] {processor.py:925} INFO - DAG(s) 'tutorial_taskflow_api' retrieved from /home/airflow/.local/lib/python3.12/site-packages/airflow/example_dags/tutorial_taskflow_api.py
[2026-06-29T22:45:16.904+0000] {logging_mixin.py:190} INFO - [2026-06-29T22:45:16.902+0000] {dag.py:3239} INFO - Sync 1 DAGs
[2026-06-29T22:45:16.946+0000] {logging_mixin.py:190} INFO - [2026-06-29T22:45:16.945+0000] {dag.py:4180} INFO - Setting next_dagrun for tutorial_taskflow_api to None, run_after=None
[2026-06-29T22:45:17.000+0000] {processor.py:208} INFO - Processing /home/airflow/.local/lib/python3.12/site-packages/airflow/example_dags/tutorial_taskflow_api.py took 0.203 seconds
[2026-06-29T22:45:48.006+0000] {processor.py:186} INFO - Started process (PID=650) to work on /home/airflow/.local/lib/python3.12/site-packages/airflow/example_dags/tutorial_taskflow_api.py
[2026-06-29T22:45:48.013+0000] {processor.py:914} INFO - Processing file /home/airflow/.local/lib/python3.12/site-packages/airflow/example_dags/tutorial_taskflow_api.py for tasks to queue
[2026-06-29T22:45:48.022+0000] {logging_mixin.py:190} INFO - [2026-06-29T22:45:48.021+0000] {dagbag.py:588} INFO - Filling up the DagBag from /home/airflow/.local/lib/python3.12/site-packages/airflow/example_dags/tutorial_taskflow_api.py
[2026-06-29T22:45:48.041+0000] {processor.py:925} INFO - DAG(s) 'tutorial_taskflow_api' retrieved from /home/airflow/.local/lib/python3.12/site-packages/airflow/example_dags/tutorial_taskflow_api.py
[2026-06-29T22:45:48.094+0000] {logging_mixin.py:190} INFO - [2026-06-29T22:45:48.094+0000] {dag.py:3239} INFO - Sync 1 DAGs
[2026-06-29T22:45:48.118+0000] {logging_mixin.py:190} INFO - [2026-06-29T22:45:48.117+0000] {dag.py:4180} INFO - Setting next_dagrun for tutorial_taskflow_api to None, run_after=None
[2026-06-29T22:45:48.165+0000] {processor.py:208} INFO - Processing /home/airflow/.local/lib/python3.12/site-packages/airflow/example_dags/tutorial_taskflow_api.py took 0.168 seconds
[2026-06-29T22:46:18.369+0000] {processor.py:186} INFO - Started process (PID=714) to work on /home/airflow/.local/lib/python3.12/site-packages/airflow/example_dags/tutorial_taskflow_api.py
[2026-06-29T22:46:18.372+0000] {processor.py:914} INFO - Processing file /home/airflow/.local/lib/python3.12/site-packages/airflow/example_dags/tutorial_taskflow_api.py for tasks to queue
[2026-06-29T22:46:18.375+0000] {logging_mixin.py:190} INFO - [2026-06-29T22:46:18.375+0000] {dagbag.py:588} INFO - Filling up the DagBag from /home/airflow/.local/lib/python3.12/site-packages/airflow/example_dags/tutorial_taskflow_api.py
[2026-06-29T22:46:18.385+0000] {processor.py:925} INFO - DAG(s) 'tutorial_taskflow_api' retrieved from /home/airflow/.local/lib/python3.12/site-packages/airflow/example_dags/tutorial_taskflow_api.py
[2026-06-29T22:46:18.411+0000] {logging_mixin.py:190} INFO - [2026-06-29T22:46:18.411+0000] {dag.py:3239} INFO - Sync 1 DAGs
[2026-06-29T22:46:18.427+0000] {logging_mixin.py:190} INFO - [2026-06-29T22:46:18.427+0000] {dag.py:4180} INFO - Setting next_dagrun for tutorial_taskflow_api to None, run_after=None
[2026-06-29T22:46:18.448+0000] {processor.py:208} INFO - Processing /home/airflow/.local/lib/python3.12/site-packages/airflow/example_dags/tutorial_taskflow_api.py took 0.085 seconds
[2026-06-29T22:46:49.040+0000] {processor.py:186} INFO - Started process (PID=778) to work on /home/airflow/.local/lib/python3.12/site-packages/airflow/example_dags/tutorial_taskflow_api.py
[2026-06-29T22:46:49.045+0000] {processor.py:914} INFO - Processing file /home/airflow/.local/lib/python3.12/site-packages/airflow/example_dags/tutorial_taskflow_api.py for tasks to queue
[2026-06-29T22:46:49.052+0000] {logging_mixin.py:190} INFO - [2026-06-29T22:46:49.051+0000] {dagbag.py:588} INFO - Filling up the DagBag from /home/airflow/.local/lib/python3.12/site-packages/airflow/example_dags/tutorial_taskflow_api.py
[2026-06-29T22:46:49.073+0000] {processor.py:925} INFO - DAG(s) 'tutorial_taskflow_api' retrieved from /home/airflow/.local/lib/python3.12/site-packages/airflow/example_dags/tutorial_taskflow_api.py
[2026-06-29T22:46:49.142+0000] {logging_mixin.py:190} INFO - [2026-06-29T22:46:49.142+0000] {dag.py:3239} INFO - Sync 1 DAGs
[2026-06-29T22:46:49.183+0000] {logging_mixin.py:190} INFO - [2026-06-29T22:46:49.182+0000] {dag.py:4180} INFO - Setting next_dagrun for tutorial_taskflow_api to None, run_after=None
[2026-06-29T22:46:49.249+0000] {processor.py:208} INFO - Processing /home/airflow/.local/lib/python3.12/site-packages/airflow/example_dags/tutorial_taskflow_api.py took 0.235 seconds
